object_id,Others_tenders_awarded_value
136.0,19764000.0
139.0,17624902.17
145.0,6112265.06296819.366616749.9
157.0,6521463.0
185.0,6830000.0
226.0,4313388.049710132.0
249.0,0
262.0,10071599.5110071599.51
