object_id,Others_tenders_awarded_value
130.0,0
132.0,45424800.0
134.0,21402151.0
139.0,0
157.0,119725000.0
162.0,0
177.0,51691000.0
185.0,4381365.0
186.0,0
192.0,36751770.0
194.0,44954500.0
195.0,45889200.0
219.0,2748753.1219926924.017996407.688996085.1240123099.017999802.019797960.0
249.0,201802135.0
281.0,36003600.0
