object_id,Others_tenders_awarded_value
104.0,13430733.014208953.0
128.0,17549851.0
134.0,17999826.0
146.0,76491000.0
150.0,42008228.0
166.0,23284170.033491700.0
184.0,22950000.016200000.0
197.0,18400770.0
206.0,7236373.5
208.0,0
212.0,79410000.0
219.0,39661882.0
226.0,27104850.055660500.020415600.0
227.0,1330.0
246.0,67248000.0
251.0,136332000.0
268.0,22221777.6
269.0,0
