object_id,Others_tenders_awarded_value
18-300-00104,24035800.0
18-301-00112,71532154.97999999
18-302-00115,28068400.0
18-303-00122,131302624.0
18-320-00207,27080000.0
18-322-00219,27372431.4
18-324-00262,128839105.19999999
18-325-00269,16197156.0
18-326-00246,23198529.77
