object_id,Others_tenders_awarded_value
104.0,2997359.03494095.52997217.582996874.852488208.13492198.24982553.12971504.723486130.02950036.542990996.832983646.03995794.873495865.02473348.52481194.082982997.542969000.422499268.53971410.932995459.762474423.092979893.423972326.849900000.493492198.22977115.37
122.0,18110444.89
205.0,3959926.813465362.093958433.782473348.5
206.0,3956522.0
207.0,0
221.0,4020442.2
262.0,6997078.75
