object_id,Others_tenders_awarded_value
122.0,53380346.0
157.0,44375000.0
177.0,21295000.061450000.0
197.0,43597800.0
198.0,11959785.0
219.0,19977888.026514763.0
276.0,54990900.0
281.0,76626900.0
