object_id,Others_tenders_awarded_value
112.0,15394964.76
115.0,16123585.3213374172.34
128.0,0
139.0,0
219.0,14672564.4117926084.9846583330.7617642715.2227717558.3919297246.6317810010.95
246.0,4247067.0
