object_id,Others_tenders_awarded_value
117.0,23821600.0
150.0,443620211.0
152.0,9111437.0
165.0,6041701.0
219.0,36790037.0
281.0,8987900.08935541.017871461.06288367.0
