object_id,Others_tenders_awarded_value
119.0,53761642.0
128.0,79098376.01
150.0,4559548.0111289481.03999800.0
185.0,31447941.0
189.0,96515763.487766358.07
281.0,26820792.0
