object_id,Others_tenders_awarded_value
104.0,6494208.04955029.0
150.0,6612000.0
172.0,137501980.5130805752.0
