object_id,Others_tenders_awarded_value
115.0,102158539.0
157.0,67085200.0
166.0,18997159.9317993700.0
174.0,0
185.0,0
190.0,33113250.0
194.0,36450000.013500000.0
219.0,13949940.018959996.0
262.0,5000000.0
266.0,0
