object_id,Others_tenders_awarded_value
112.0,18286886.85
119.0,0
122.0,21974164.391884943.0122133766.89
128.0,15915057.83
134.0,34056141.35
154.0,38850000.0
175.0,8092105.7
185.0,8728893.7418362419.0
189.0,9374617.28
207.0,9849398.0
219.0,24070686.22
261.0,6344213.0
272.0,4735387.93
