object_id,Others_tenders_awarded_value
18-301-00112,18286886.85
18-302-00119,0.0
18-303-00122,45992874.29000001
18-304-00128,15915057.83
18-305-00134,34056141.35
18-309-00154,38850000.0
18-313-00175,8092105.7
18-316-00185,27091312.740000002
18-317-00189,9374617.28
18-321-00272,4735387.93
18-322-00219,24070686.22
18-816-00261,6344213.0
