object_id,Others_tenders_awarded_value
104.0,5580713.0
185.0,6490075.79
190.0,6492726.245332456.58
195.0,6499675.78
262.0,5039548.08959846.0
269.0,12717074.81
