object_id,Others_tenders_awarded_value
104.0,7268427.46709206.8
115.0,12076121.75
122.0,30980593.9328909331.29
128.0,16396162.32
134.0,71975207.27
246.0,9560508.05045371.09833991.0
