object_id,Others_tenders_awarded_value
104.0,4895950.944998816.75
121.0,22448300.0
122.0,22183800.0
128.0,88447445.0
132.0,54280350.0
134.0,16901912.0
145.0,136364866.0
162.0,10762300.0
166.0,32601800.0
167.0,56910870.0
172.0,41551800.0
195.0,34796340.0
198.0,41074800.0
211.0,14669400.0
224.0,106353000.0
247.0,25906500.0
257.0,29762700.0
262.0,3999000.03998018.03308783.0
269.0,41785300.0
276.0,37332450.0
