object_id,Others_tenders_awarded_value
104.0,14765833.0
122.0,29647449.0
139.0,102831334.0608733.049928488.0
150.0,40121843.09447456.010441346.010873679.0
152.0,4882790.34
158.0,166525900.0
208.0,44999550.0
219.0,43883752.043071920.0895319171.4320017841.0
221.0,3381125.0
246.0,5730659.914180829.03727821.03
262.0,5441779.5
281.0,31230424.0
