object_id,Others_tenders_awarded_value
175.0,0
190.0,19848898.56
210.0,30585600.0
226.0,15408623.0
251.0,30874000.028002000.0
262.0,13910000.05847464.0
269.0,8213583.51
