object_id,Others_tenders_awarded_value
104.0,3999558.852997270.03999900.04000000.04999984.0
134.0,103169566.044921496.3813455879.0
147.0,10980000.0
167.0,78315300.0
185.0,29225571.028317574.044746894.0
189.0,44728009.0
195.0,54731199.042565386.0
207.0,4964057.0
216.0,3325000.0
219.0,0
226.0,72749220.0
246.0,7999900.0
276.0,27151263.0
281.0,9650700.0
