object_id,Others_tenders_awarded_value
104.0,14751054.0
112.0,17735011.0
121.0,14365800.0
142.0,38661353.0
152.0,36889156.0
154.0,4155958.0
169.0,33646050.0
175.0,14456687.0
185.0,11692673.0
192.0,0
195.0,84236123.0
206.0,3366786.02499840.0
211.0,9902000.0
219.0,19944877.54421700.017980739.0417974682.8817992673.14421700.043890723.9411555000.017986617.019928025.017998729.2
226.0,7059724.1
239.0,49817100.0
