object_id,Others_tenders_awarded_value
104.0,8252638.36
134.0,4973636.83
150.0,5364520.0
178.0,2698734.712035016.210524302.0410488985.35
185.0,0
195.0,31081944.36
