object_id,Others_tenders_awarded_value
104.0,26605000.02999996.0
206.0,3139222.0
220.0,149818460.0
246.0,2243197.0
262.0,6099201.02421122.02999586.0
