object_id,Others_tenders_awarded_value
234.0,5887922.76
245.0,2480285.0
246.0,3964999.02499532.03976189.02343417.71
262.0,2489086.02186520.0
269.0,2496840.0
