object_id,SDRF_tenders_awarded_value
122.0,8419996.019122208.0
146.0,2428032.010535175.08030131.04853287.09439730.0
150.0,200848.851771723.54148383.481955374.895781614.36631749.211406849.74
195.0,11196636.459469709.7817193067.21
216.0,12283000.0
219.0,13500000.068822030.0
246.0,2947694.337536639.431799267.041146319.515931656.5
262.0,8838853.872002267.21338536.56
