object_id,SDRF_tenders_awarded_value
116.0,22499828.0
122.0,13499727.0
139.0,35999825.022499949.0
150.0,9837193.274352347.445919740.53088174.46023757.158527834.64735703.967749766.554846938.759190285.758344643.252705895.13
163.0,23399870.0
198.0,11913000.0
219.0,16199956.0
269.0,5507523.0
