object_id,SDRF_tenders_awarded_value
112.0,25851952.41
134.0,19032392.5421669579.0
141.0,15788362.0
161.0,13870279.7
166.0,7793606.04992178.0
185.0,21827278.06
195.0,12306365.18
269.0,15433750.09
