object_id,SDRF_tenders_awarded_value
112.0,0
122.0,20699989.0
134.0,17994600.0
150.0,4997773.155068310.754540662.97
152.0,3813300.04899062.064796310.04934800.3
190.0,44999663.0
198.0,11925900.0
213.0,4984985.18
256.0,7599597.425219861.73
