object_id,SDRF_tenders_awarded_value
111.0,4873815.592958778.91
122.0,11250000.020154153.1
134.0,17999869.0
139.0,13499869.0
219.0,2834544.0
