object_id,SDRF_tenders_awarded_value
139.0,14399971.3711499435.0
150.0,15593354.0
166.0,19797007.518999492.768999396.3417998666.42
173.0,7249302.57249235.6
189.0,13517094.03
281.0,8000495.019798609.0
