object_id,SDRF_tenders_awarded_value
18-300-00104,10013735.190000001
18-303-00122,34932014.699999996
18-304-00128,4999976.4
18-305-00134,17999816.99
18-306-00139,77199980.6
18-307-00145,2999368.0
18-308-00150,166008.62
18-312-00276,0.0
18-316-00185,89592925.94
18-317-00189,108695694.57
18-317-00190,24249622.869999997
18-318-00195,51812230.650000006
18-321-00214,3155248.51
18-322-00219,25990046.67
18-323-00226,4654797.13
18-760-00281,5034835.159999999
