object_id,SDRF_tenders_awarded_value
112.0,8356198.07416103.597731389.38
139.0,21998118.57
145.0,13048940.015439398.07136509.010838902.010874850.0
160.0,98237034.56
190.0,10493090.7
219.0,14420222.818099478.09808684.21
226.0,11916752.4
281.0,28612136.8215598952.0
