object_id,SDRF_tenders_awarded_value
139.0,9339319.66
145.0,9536685.45
150.0,13891623.2316767160.7715893820.6
163.0,11616068.99
166.0,13259692.8111341435.14
178.0,10439724.1614692601.04
198.0,16499800.036000000.0
219.0,17070767.41
269.0,6225736.03383421.03548421.28
276.0,11599181.0
281.0,6249199.015599210.0
