object_id,SDRF_tenders_awarded_value
122.0,11596615.013500000.0
134.0,19994537.0114994510.09
166.0,13049242.01
169.0,7732676.0
189.0,10576828.82
196.0,9917247.19
198.0,9295200.011542500.0
