object_id,SDRF_tenders_awarded_value
150.0,87794.090870.01307980.0
166.0,2250817.02492164.0164104.0
246.0,3142241.0
