object_id,SDRF_tenders_awarded_value
121.0,9490083.08488251.0
134.0,9090000.0
139.0,3154000.0
160.0,67499654.39
162.0,2502300.0
190.0,17999778.0
198.0,2520000.04533000.0
202.0,9986507.0
