object_id,SDRF_tenders_awarded_value
112.0,10799235.6619541294.9419970227.25
116.0,98994450.25
118.0,13498985.84
122.0,17998645.0218989685.9211989426.41
134.0,71995846.9
139.0,14080019.09677699.34
145.0,13499233.0
160.0,57776784.21
166.0,17998859.0611698648.2617098415.5510619139.99
219.0,8999452.7715299137.928999467.788107424.358999415.03
226.0,19802540.5117913504.68925284.09801410.82
246.0,10113220.0
262.0,4856993.0
269.0,26998498.7913499199.72
276.0,49497245.02
