object_id,SDRF_tenders_awarded_value
116.0,22245945.5911924913.95
122.0,16201988.846005168.615410171.0418950546.7720728633.99
128.0,27872527.96
134.0,26069342.5826231403.4
139.0,25961023.91
160.0,74389405.04
161.0,8300080.452711801.03252342.0
166.0,3670046.0
219.0,4499340.022218776.55110638.0
226.0,16605201.33
