object_id,SDRF_tenders_awarded_value
18-301-00112,0.0
18-302-00119,4985833.31
18-303-00122,20699989.0
18-305-00134,17994600.0
18-308-00150,14606746.870000001
18-308-00151,4992983.91
18-308-00152,21493804.259999998
18-317-00190,44999663.0
18-321-00213,4984985.18
18-321-00273,0.0
18-758-00256,12819459.15
