object_id,Immediate Measures_tenders_awarded_value
150.0,87794.090870.01307980.0
166.0,4498443.01354774.02250817.02492164.0164104.0
169.0,0
185.0,7100000.0
246.0,3142241.0
