object_id,Immediate Measures_tenders_awarded_value
145.0,7623986.0
150.0,15389515.17
161.0,4095887.014843574.678393941.09231353.75
178.0,11855956.29
219.0,6358000.0
276.0,3499240.32
281.0,7240590.02749612.0
