object_id,Immediate Measures_tenders_awarded_value
128.0,27872527.96
134.0,37868118.6333602304.07
160.0,74389405.04
161.0,8300080.452711801.03252342.0
219.0,12289110.04499340.0110638.07639248.0
