object_id,Immediate Measures_tenders_awarded_value
166.0,1787351.0
184.0,6120000.06381000.0
205.0,268411825.0297256244.0
206.0,0
219.0,58311470.0976680.0
