object_id,Immediate Measures_tenders_awarded_value
18-303-00122,186680360.66
18-305-00134,151443319.07999998
18-310-00160,26874847.59
18-310-00162,60527901.0
18-310-00163,63234893.74
18-312-00276,154683183.74
18-317-00189,33038351.47
18-321-00211,98823079.01
18-322-00219,375350501.45
18-323-00226,213959215.41
18-324-00262,112688153.61
18-325-00239,132483521.05000001
18-326-00247,5285943.0
