object_id,Immediate Measures_tenders_awarded_value
178.0,10439724.1614692601.0438323782.7535394929.82
251.0,6144826.02
281.0,6249199.015599210.0
