object_id,Immediate Measures_tenders_awarded_value
18-300-00104,4078735.0
18-302-00116,8687654.76
18-304-00128,34489865.160000004
18-305-00134,17324034.2
18-306-00139,24121131.75
18-310-00161,0.0
18-310-00164,3489724.0
18-312-00169,3801628.16
18-312-00276,0.0
18-316-00185,89592925.94
18-317-00189,39294414.589999996
18-317-00190,8977085.43
18-318-00195,34209112.64
18-320-00205,0.0
18-322-00219,15033219.64
18-323-00226,29779163.62
