object_id,Immediate Measures_tenders_awarded_value
146.0,4853287.0
150.0,5781614.36
195.0,17193067.21
205.0,7078000.42
207.0,1487748.49
216.0,12283000.0
246.0,1929513.582841792.525982434.952947694.333032396.07536639.439798672.641799267.042870864.39225487.181248931.08
262.0,8838853.87
