object_id,Immediate Measures_tenders_awarded_value
128.0,143597732.088301722.11113535365.0
205.0,4720570.0
219.0,880384.0828100.01644971.01391386.01033709.03209239.01036890.02004993.02840445.0938683.0866319.0883699.0737183.01834626.01527898.01401385.02051894.01966458.0780507.0536675.02012582.01966034.01174029.04671479.0729585.01584596.0785207.01252024.0944385.0
