object_id,Immediate Measures_tenders_awarded_value
18-302-00116,98994450.25
18-302-00118,13498985.84
18-303-00122,30979112.330000002
18-306-00139,0.0
18-310-00160,57776784.21
18-312-00276,49497245.02
18-322-00219,33298020.729999997
18-323-00226,9801410.82
18-325-00269,40497698.51
18-326-00246,10113220.0
