object_id,Immediate Measures_tenders_awarded_value
128.0,173008113.0
134.0,23592642.0
205.0,5917427.1
219.0,26060651.327689869.8832430815.0235101129.9656881000.08609418.017661600.031534833.46
281.0,134413473.0134415606.0
