object_id,Immediate Measures_tenders_awarded_value
101.0,26778780.029097400.0
104.0,29480000.028532900.0
175.0,9448204.0
192.0,38316000.0
