object_id,Immediate Measures_tenders_awarded_value
116.0,98994450.25
118.0,13498985.84
122.0,18989685.9211989426.41
139.0,0
160.0,57776784.21
219.0,15299137.928999467.788999415.03
226.0,9801410.82
246.0,10113220.0
269.0,26998498.7913499199.72
276.0,49497245.02
