object_id,Immediate Measures_tenders_awarded_value
219.0,16990000.09626045.08746160.04721400.034192152.039546992.0
