object_id,SOPD_tenders_awarded_value
104.0,4804187.07342695.09398577.539896313.09889000.0
128.0,418189.02494089.66
