object_id,SOPD_tenders_awarded_value
112.0,0
134.0,9188995.0177666232.0
145.0,89761247.0
150.0,163006515.0
219.0,22339619.017999802.012370883.017999928.017999568.9
