object_id,SOPD_tenders_awarded_value
219.0,18959996.0
268.0,12856680.017260920.02302300.08472227.08017376.0
269.0,11966650.0
