object_id,SOPD_tenders_awarded_value
134.0,21402151.0
189.0,22925566.0
219.0,19926924.017996407.688996085.1222876058.017999802.019797960.0
226.0,44501118.0
