object_id,SOPD_tenders_awarded_value
185.0,29225571.028317574.0
195.0,54731199.042565386.0
216.0,3325000.0
219.0,105489000.0
