object_id,SOPD_tenders_awarded_value
112.0,17624858.014699081.011354873.0
122.0,22079700.010902600.0
134.0,9214200.0
150.0,4980849.9
152.0,7038707.53
170.0,9423600.0
186.0,5699905.05225000.06747800.0
195.0,95220407.84
226.0,29596500.017188200.0
246.0,10971450.011368800.014988000.014423400.0
281.0,30543951.67
