object_id,SOPD_tenders_awarded_value
104.0,5580713.0
122.0,79398008.04
128.0,120031712.19
134.0,78890324.0244423374.17
152.0,4396153.07940361.8
185.0,90940279.8594835437.71
189.0,48149789.6
214.0,0
219.0,36599666.1743772468.2379492564.0
267.0,15637665.4211686382.01
269.0,12717074.8166430391.8389532221.9563368862.83
