object_id,SOPD_tenders_awarded_value
104.0,25982273.2
175.0,0
185.0,15971623.0
190.0,19848898.5619797266.43
210.0,30585600.0
226.0,9604566.0
251.0,30874000.028002000.0
272.0,7895813.0
