object_id,SOPD_tenders_awarded_value
104.0,25179541.4917214536.2215045540.9717919964.14
112.0,15394964.76
115.0,13374172.34
128.0,0
219.0,14672564.4117894577.3817926084.9846583330.7617810010.95
246.0,4247067.0
