object_id,SOPD_tenders_awarded_value
189.0,145026209.0
208.0,10034100.011294100.0
210.0,12168000.0
211.0,5759824.012239319.0
