object_id,SOPD_tenders_awarded_value
195.0,84236123.0
206.0,3366786.0
219.0,19944877.517980739.0417974682.8817992673.143890723.9411555000.017986617.019928025.017998729.2
