object_id,SOPD_tenders_awarded_value
101.0,8544502.0
104.0,39526348.64362306270.41
219.0,18500500.019761000.017722800.0
226.0,36528208.71
262.0,11761532.881015950.0
