object_id,SOPD_tenders_awarded_value
117.0,23821600.0
150.0,443620211.043867369.0
152.0,9111437.0
219.0,31689779.0
226.0,5631676.0
273.0,8060280.0
281.0,8987900.08935541.017871461.06288367.0
