object_id,SOPD_tenders_awarded_value
122.0,29647449.0
139.0,102831334.049928488.0
145.0,0
150.0,40121843.09447456.0
158.0,166525900.0
163.0,59148310.0
219.0,12619601.043883752.043071920.020017841.0
246.0,5730659.914180829.0
262.0,5441779.5
269.0,98826773.0
281.0,31230424.0
