object_id,SOPD_tenders_awarded_value
122.0,40152284.145519064.26
208.0,197195922.6
226.0,5125637.07137000.0
