object_id,SOPD_tenders_awarded_value
112.0,63580973.84
122.0,158055796.4125458300.0
130.0,10961711.0
134.0,37868118.6333602304.07
139.0,33339054.08
145.0,3405385.99
146.0,32189640.15
189.0,59515889.3851184439.3494857432.9289407511.8831551767.7325775902.3434523918.8624457447.7154197284.3977248716.65
190.0,92555013.7717550270.16
195.0,74710241.99
219.0,19660231.0
226.0,16368302.048235252.639149400.0
269.0,26784679.17
276.0,74723367.06172199885.9
281.0,47147160.65
