object_id,CIDF_tenders_awarded_value
156.0,6030497.25238821.026486881.5530047793.855442787.552935880.0420100559.2149624072.544087938.5918977633.747435650.16
