object_id,CIDF_tenders_awarded_value
156.0,5367402.14752697.7520207378.14874900.011951399.8849765409.155459794.265270795.12
