object_id,total_tender_awarded_value
104.0,2763395.99
121.0,6494926.0
122.0,19799983.0
128.0,24604470.021307320.0
190.0,26992020.018841982.0
210.0,61299000.0
211.0,0
219.0,178929000.0
257.0,0
