object_id,total_tender_awarded_value
104.0,6494208.04955029.0
150.0,6612000.0
172.0,137501980.5130805752.0
219.0,0
