object_id,total_tender_awarded_value
104.0,4335808.854496976.623122741.08
111.0,3750594.954653091.134658739.864500141.834735746.374730995.164741446.97
115.0,10567918.0
122.0,13500000.0
139.0,89998738.0
150.0,10593822.0
152.0,2835078.034994620.22
166.0,13499820.0
175.0,19970965.0
184.0,7998029.0
185.0,17999965.0
187.0,0
189.0,3149683.019221176.0
219.0,9999486.03093706.0
226.0,12116130.0
246.0,4653920.01
256.0,7870615.07
257.0,0
269.0,3728700.0
279.0,4518122.03
