object_id,total_tender_awarded_value
18-300-00104,24035800.0
18-301-00112,71532154.97999999
18-302-00115,28068400.0
18-302-00116,16780500.0
18-303-00122,134419818.0
18-308-00150,97560000.1
18-310-00163,749552154.05
18-320-00207,27080000.0
18-322-00219,247245480.22
18-324-00262,128839105.19999999
18-325-00269,16197156.0
18-326-00246,23198529.77
18-756-00249,102643793.87
18-799-00124,14939735.0
