object_id,total_tender_awarded_value
104.0,9789540.05295343.0
126.0,7996508.0
134.0,18945817.4915644260.88
150.0,11755100.0
160.0,62996404.13
251.0,7399770.02985941.0
