object_id,total_tender_awarded_value
112.0,17624858.025851952.4114699081.011354873.0
122.0,22079700.010902600.0
134.0,19032392.5421669579.09214200.0
141.0,15788362.0
150.0,4980849.9
152.0,7038707.53
161.0,13870279.7
166.0,7793606.04992178.0
170.0,9423600.0
185.0,21827278.06
186.0,5699905.05225000.06747800.0
195.0,95220407.8412306365.18
226.0,29596500.017188200.0
246.0,10971450.011368800.014988000.014423400.0
269.0,15433750.09
281.0,30543951.67
