object_id,total_tender_awarded_value
128.0,214586528.0315646735.05
134.0,21119860.73
139.0,119440825.0
145.0,149848627.3917099951.0
166.0,68114332.2
219.0,25184245.27
276.0,3303873.017054493.0
