object_id,total_tender_awarded_value
104.0,2207917.02206707.03304177.0
116.0,3287263.02234519.0
219.0,0
262.0,2324939.0
