object_id,total_tender_awarded_value
119.0,53761642.0
122.0,5491376.0
128.0,79098376.01
134.0,9630000.0
145.0,23654895.0
150.0,8310636.04559548.0111289481.03999800.0
167.0,12599885.0
185.0,31447941.0
187.0,17888464.0
189.0,96515763.487766358.0729932629.0
219.0,17987080.0
281.0,26820792.0
