object_id,total_tender_awarded_value
150.0,6252168.07064676.54
276.0,8383152.288396116.14
