object_id,total_tender_awarded_value
128.0,7621162.09145394.015243749.07621162.0
219.0,393780.0
262.0,4439984.02469490.0
