object_id,total_tender_awarded_value
122.0,11596615.013500000.0
134.0,19994537.0114994510.09
156.0,5558319.75
166.0,13049242.01
169.0,7732676.0
189.0,10576828.82
196.0,9917247.19
198.0,9295200.011542500.0
205.0,7276370.0
207.0,18684276.0
208.0,2671369.0
246.0,36677995.0
262.0,6199877.0
276.0,17064653.57
