object_id,total_tender_awarded_value
104.0,7420215.01
117.0,23821600.0
122.0,3979000.0
145.0,27594617.11
150.0,443620211.043867369.0
152.0,9111437.0
165.0,6041701.0
189.0,3599848.0
190.0,3599984.0
198.0,13036500.0
219.0,36790037.031689779.0
226.0,5631676.0
269.0,17199090.0
273.0,8060280.0
281.0,8987900.08935541.017871461.06288367.0
