object_id,total_tender_awarded_value
104.0,14885088.0
122.0,6912004.02100000.0
128.0,143795991.0
139.0,119879436.0
145.0,0
147.0,84910058.0
150.0,144366984.77
163.0,7610532.0
189.0,46280080.020936120.02
219.0,13613301.033805135.022274595.0
226.0,3625200.02120400.0
262.0,2866500.04400000.02247500.02686950.04229598.0
269.0,44794076.0
281.0,26953846.035676371.0
