object_id,total_tender_awarded_value
121.0,9490083.08488251.0
122.0,53380346.0
134.0,9090000.0
139.0,3154000.014849755.0
157.0,44375000.0
160.0,67499654.39
162.0,2502300.0
172.0,0
177.0,21295000.061450000.0
185.0,13433761.13
190.0,17999778.0
197.0,43597800.0
198.0,11959785.02520000.04533000.0
202.0,9986507.0
219.0,19977888.026514763.010997886.0
276.0,54990900.0
281.0,76626900.0
