object_id,total_tender_awarded_value
101.0,13104450.0
104.0,15928633.016199831.06247932.75
115.0,102158539.0
122.0,21522002.0
145.0,17549832.0
157.0,67085200.0
166.0,18997159.9317993700.0
174.0,0
185.0,0
190.0,33113250.0
194.0,36450000.013500000.0
206.0,4832661.6
219.0,13949940.018959996.031949626.04521921.67
262.0,5000000.0
266.0,0
268.0,12856680.017260920.02302300.08472227.08017376.0
269.0,11966650.0
