object_id,total_tender_awarded_value
104.0,8686000.012297021.149992178.56
111.0,4873815.592958778.91
122.0,11250000.020154153.1
130.0,2216601.0
134.0,413324.017999869.0
139.0,13499869.0
175.0,15560182.018190887.0
206.0,2210582.0
207.0,12296516.45
219.0,25141467.02834544.0
246.0,3899900.0
262.0,12297934.92
276.0,12143000.0482450.37
