object_id,total_tender_awarded_value
101.0,26778780.029097400.0
104.0,29480000.028532900.013484651.0
115.0,22102222.0
128.0,21506000.0
134.0,60597146.0
154.0,121197821.0
164.0,83325000.0
166.0,19277190.0
172.0,54000000.0
175.0,9448204.0
187.0,24543000.0
189.0,14695222.0
190.0,4319462.0
192.0,38316000.0
210.0,136330000.0
211.0,30743910.0
219.0,11670550.019972935.013622002.019395807.6
239.0,30867300.0
249.0,59992200.0
270.0,0
276.0,17549952.017997975.01
