object_id,total_tender_awarded_value
104.0,23694617.0
116.0,11966706.0710699345.48
122.0,11801095.811953824.36
130.0,21500000.0
139.0,167158080.07899198.51
156.0,6030497.25238821.026486881.5530047793.855442787.555323050.02935880.0420100559.2149624072.544087938.5918977633.747435650.16
175.0,13806747.14
178.0,92270644.0
185.0,19800167.01
187.0,10810615.2714499137.0
206.0,9647878.52
219.0,3498700.09492354.0
226.0,0
246.0,13407595.6
252.0,11685352.0
262.0,10380846.0
