object_id,total_tender_awarded_value
122.0,10770124.13
139.0,15999947.15
145.0,8406373.093853072.5511640722.5
185.0,15275054.6177707272.45
189.0,19308910.06
195.0,16006500.0
219.0,9382770.03929082.018990035.0
226.0,15949823.49
