object_id,total_tender_awarded_value
18-300-00104,25982273.2
18-303-00122,18947146.0
18-306-00139,25899406.369999997
18-308-00150,15593354.0
18-309-00156,107649776.36
18-313-00173,14498538.1
18-313-00175,0.0
18-316-00185,15971623.0
18-317-00189,13517094.03
18-317-00190,39646164.989999995
18-321-00210,30585600.0
18-321-00272,7895813.0
18-322-00219,8572012.0
18-323-00226,25013189.0
18-324-00262,19757464.0
18-756-00251,58876000.0
18-760-00281,57612132.0
