object_id,total_tender_awarded_value
104.0,9685069.09790809.4610900961.35
160.0,30469083.83
163.0,38221550.11
219.0,13499158.48
251.0,19851602.0
261.0,35037970.0
269.0,12496117.49
281.0,35907795.5923103996.22
