object_id,total_tender_awarded_value
122.0,40152284.145519064.26
128.0,16422566.51
139.0,15599128.74
150.0,0
161.0,0
166.0,18722148.56
185.0,11566675.6916952540.53
189.0,14582135.79
191.0,18944190.23
195.0,14409625.3316250571.3423519924.7517219698.85
208.0,197195922.6
226.0,7072740.35125637.011045088.67137000.0
281.0,14762658.0
