object_id,total_tender_awarded_value
101.0,8544502.0
104.0,39526348.6421833344.21362306270.41
112.0,34105304.44
122.0,22498324.8
128.0,19777948.5
134.0,66827564.2871995868.43
139.0,8999139.0
150.0,17958510.016963088.85
166.0,13525195.73
169.0,17098889.0
190.0,10344693.3513498761.47
202.0,9963104.07
207.0,19523963.0
219.0,18500500.019761000.017722800.0
226.0,36528208.718172920.61
262.0,84991160.4511761532.881015950.0
276.0,4592400.0
281.0,14848827.0
