object_id,total_tender_awarded_value
101.0,5992012.0
104.0,26605000.03560677.08433503.02999996.0
206.0,3139222.0
220.0,149818460.0
246.0,3895618.02243197.0
262.0,3999792.06099201.02421122.02999586.0
