object_id,total_tender_awarded_value
112.0,89999836.0
139.0,12599978.0
169.0,15299761.0
185.0,23321016.016531000.0
190.0,40499644.0
205.0,5000000.0
206.0,7999000.0
219.0,6665000.042127045.0
246.0,4099993.027999500.0
