object_id,total_tender_awarded_value
104.0,14765833.0
122.0,29647449.0
139.0,102831334.0608733.049928488.0
145.0,0
150.0,40121843.09447456.010441346.010873679.0
152.0,4882790.34
153.0,6998176.83
158.0,166525900.0
160.0,72044291.0289366625.41
163.0,59148310.0
185.0,3600000.0
208.0,44999550.0
219.0,12619601.043883752.03150000.043071920.0895319171.4320017841.0
221.0,3381125.0
246.0,5730659.914180829.03727821.03
262.0,5441779.5
269.0,98826773.0
281.0,31230424.0
