object_id,total_tender_awarded_value
104.0,6920676.548252638.36
134.0,4973636.83
139.0,35630908.32
150.0,5364520.0
166.0,14432051.48
178.0,2698734.712035016.210524302.0410488985.35
185.0,0
195.0,31081944.36
219.0,16990000.09626045.08746160.04721400.034192152.039546992.0
226.0,9221476.06534900.0
