object_id,total_tender_awarded_value
104.0,4499990.0
166.0,1787351.0
184.0,6120000.06381000.0
195.0,10589082.0
205.0,319147533.0268411825.0297256244.0
206.0,0
219.0,58311470.0976680.017500653.0
262.0,11908900.056298621.78
