object_id,total_tender_awarded_value
104.0,2970340.24
145.0,9054449.05
150.0,87794.090870.0420931.065846.0298240.063162.01307980.0
166.0,4498443.01354774.02250817.02492164.0164104.02213185.0
169.0,0
185.0,7100000.0
219.0,10474524.0
246.0,3595254.07315966.03142241.0
262.0,5539952.0
