object_id,total_tender_awarded_value
104.0,123100000.0
122.0,0
127.0,9896795.08972981.0
132.0,5103935.0
178.0,8981536.34
191.0,5486552.45320309.92
207.0,0
226.0,7772400.0
281.0,20430872.26
