object_id,RIDF_tenders_awarded_value
112.0,5205378.1218286886.858676491.0
122.0,21974164.3922133766.89
128.0,15915057.83
134.0,34056141.35
189.0,9374617.28
207.0,9849398.0
219.0,24070686.22
261.0,6344213.0
