object_id,RIDF_tenders_awarded_value
150.0,5364520.0
166.0,14432051.48
178.0,2698734.712035016.210524302.0410488985.35
195.0,31081944.36
