object_id,RIDF_tenders_awarded_value
122.0,2006877.08490892.63
128.0,1127228.832613681.0588388.63
134.0,67219251.136511726.96
150.0,709993.01501026.0
161.0,2494834.0591784.0
169.0,2876922.52308234.07342484.91273986.66
185.0,8480708.476299336.12
195.0,33711633.17
219.0,392431.524619722.05784863.0259004.79392431.54303236.48266853.42338643.24
226.0,5560124.01113838.03712695.019680732.04508991.0
268.0,9914055.0
276.0,0
