object_id,RIDF_tenders_awarded_value
150.0,420931.065846.0298240.063162.0
166.0,2213185.0
169.0,0
