object_id,RIDF_tenders_awarded_value
150.0,2878136.05
205.0,7078000.42
246.0,1929513.582841792.525982434.953032396.09798672.642870864.39225487.181248931.08
