object_id,RIDF_tenders_awarded_value
104.0,0
134.0,17999826.0
146.0,76491000.0
162.0,36813600.0
166.0,23284170.033491700.0
184.0,22950000.016200000.0
197.0,18400770.0
208.0,0
212.0,79410000.0
226.0,27104850.055660500.020415600.0
246.0,67248000.0
251.0,136332000.0
257.0,52134300.0
269.0,0
