object_id,RIDF_tenders_awarded_value
104.0,4412561.014123453.03150993.013393661.06687293.0
122.0,18110444.89
