object_id,RIDF_tenders_awarded_value
116.0,11966706.0710699345.48
122.0,11801095.811953824.36
156.0,5323050.0
206.0,9647878.52
226.0,0
246.0,13407595.6
262.0,10380846.0
