object_id,RIDF_tenders_awarded_value
112.0,44523526.0111599969.0
128.0,173008113.0
134.0,129693087.76103169566.044921496.3823592642.013455879.0
150.0,143636913.0
167.0,78315300.0
185.0,44746894.0
189.0,44728009.0
190.0,158635215.0
219.0,271424883.0191052613.0
226.0,44693834.072749220.0
262.0,48097550.0
276.0,27151263.0
281.0,134413473.0134415606.0
