object_id,Crop_Area
18-300-00105,454.53999999999996
18-310-00160,0.0
18-301-00114,712.0
18-300-00103,15.600000000000001
18-300-00101,4.0
18-756-00250,19.5
18-300-00104,6.0
18-307-00141,0.0
18-317-00192,0.0
18-319-00200,35.0
