Tender ID,tender_externalreference,tender_title,Work Description,Tender Category,Tender Type,Form of contract,Product Category,Is Multi Currency Allowed For BOQ,Allow Two Stage Bidding,Independent External Monitor/Remarks,Published Date,Pre Bid Meeting Date,Bid Validity(Days),Should Allow NDA Tender,Allow Preferential Bidder,Payment Mode,Bid Opening Date,Organisation Chain,location,Pincode,No of Bids Received,Tender Value in ₹,Bidder Name,Awarded Value,Status,Contract Date :,Department
2025_PWD_48060_2,CE/MAINT/SOPDG/01/2025-26/40,MAINT/SOPD-G/2025-26/95,"MAINT/SOPD-G/2025-26/95_1_ Improvement of GWC Road Kulhati Power House to Milanpur New Bridge and 2_ Improvement of GWC Road Bhellamari bridge to Rajat Das House Milanpur under SOPD_G_for the year 2025-26, Hajo Sualkuchi LAC",Works,Open Tender,Item Rate,Civil Works – Roads,No,No,NA ,16-Oct-2025 02:00 PM,17-Oct-2025 12:00 PM ,180.0,No ,No,Online,31-Oct-2025 04:00 PM,Public Works Roads Department,Kamrup Rural,781102.0,2.0,"1,11,98,000",Deepjyoti Das,"11,198,000",Accepted-AOC,18-Dec-2025,Public Works Roads Department
2025_PWD_47948_4,CE/DEV/TB/116/2025-26/22 Dtd- 11.09.2025,ASOM_MALA_3.0_25_26_36 Improvement and Upgradation of Moran Nitai Road from NH-37 at Moran Traffic Point (Ch.00Km) to Gazpuria Lukumari (Ch.9.30Km) in Tingkhong and Khowang LAC under Asom Mala 3.0 for the year 2025-26,ASOM_MALA_3.0_25_26_36 Improvement and Upgradation of Moran Nitai Road from NH-37 at Moran Traffic Point (Ch.00Km) to Gazpuria Lukumari (Ch.9.30Km) in Tingkhong and Khowang LAC under Asom Mala 3.0 for the year 2025-26,Works,Open Tender,Item Rate,Civil Works – Roads,No,No,NA ,13-Oct-2025 05:00 PM,14-Oct-2025 12:00 PM ,180.0,No ,No,Online,30-Oct-2025 02:30 PM,Public Works Roads Department,Dibrugarh,786001.0,2.0,"29,22,48,000",ABHIJIT PATOWARY,"291,264,500.44",Accepted-AOC,24-Dec-2025,Public Works Roads Department
2025_PWD_47252_1,SOPD(G)CDTRD/SONARI/2025-26/04,SOPD(G)CDTRD/SONARI/2025-26/04,Construction of GWC road Balijan to Bogoriguri Kasturba School Road Ch.0 m to Ch.1000m and Bahboria Hazarika Chuk to Hulal Chuk Connecting Road Ch.0 m to Ch.1000 m (Total Length 2KM) under SOPD-G for the year 2025-26 District Charaideo in Sonari LAC,Works,Open Tender,Item Rate,Civil Works – Roads,No,No,NA ,10-Sep-2025 02:00 PM,17-Sep-2025 01:00 PM ,180.0,No ,No,Online,26-Sep-2025 02:00 PM,Public Works Roads Department,SONARI LAC,785690.0,2.0,,SHYAMALAKSHI GOGOI CHETRY,"2,629,191",Rejected-Finance,10-Dec-2025,Public Works Roads Department
2025_KAAC_48530_1,ACEH/CS/SSA/03/2025-26/59RE,Construction of 50 bedded hostel separately for boys and girls at Sildubi HS School under the scheme Dharti Aaba Janjatiya Gram Utkarsh Abhiyan,Construction of 50 bedded hostel separately for boys and girls at Sildubi HS School under the scheme Dharti Aaba Janjatiya Gram Utkarsh Abhiyan,Works,Open Tender,Item Rate,Civil Works - Building,No,No,NA ,12-Nov-2025 11:00 AM,14-Nov-2025 12:00 PM ,180.0,No ,No,Online,20-Nov-2025 11:00 AM,Karbi Anglong Autonomous Council||PWD||Addl. Chief Engineer Diphu,Rongkhang,782486.0,2.0,"3,78,75,000",SRI PRANAB KUMAR DAS,"38,946,667.6",Accepted-AOC,08-Dec-2025,Karbi Anglong Autonomous Council||PWD||Addl. Chief Engineer Diphu
2025_APDCL_46343_1,CGMDS/ APDCL/LAR/ITBP/2025-26/02,CGM(DnS)/ APDCL/LAR/ ITBP-Sonapur/2025-26/02,"Construction of 33KV line and installation of 33/0.433KV, 2X500 KVA SS for providing power supply to ITBP, Sonapur under Sonapur ESD of GEC-I under Deposit Work Scheme on Full Turnkey Mode.",Works,Open Tender,Turn-key,Electrical Works,No,No,NA ,12-Aug-2025 06:00 PM,18-Aug-2025 02:00 PM ,120.0,No ,No,Online,04-Sep-2025 02:00 PM,Assam Power Distribution Company Ltd||CGM(D) Lower Assam Region - APDCL,Guwahati,781001.0,2.0,"1,57,62,629",M/S Saturn Electricals,"12,947,531.12",Rejected-Technical,10-Dec-2025,Assam Power Distribution Company Ltd||CGM(D) Lower Assam Region - APDCL
2025_BTC_48588_1,No.ACE-31/EDN/IFB/2025-26/15,"Construction of 50 bedded hostel separately for boys and girls at Bodosa H.S School, Sidli Chirang. TN_61_5","Construction of 50 bedded hostel separately for boys and girls at Bodosa H.S School, Sidli Chirang. TN_61_5",Works,Open Tender,Item Rate,Civil Works - Building,No,No,NA ,13-Nov-2025 12:00 PM,NA ,180.0,No ,No,Online,05-Dec-2025 02:00 PM,Bodoland Territorial Council-PWD||Director Cum CHD - PWD BTC,Chirang,783390.0,2.0,"3,82,67,142",MAHESWAR BRAHMA,"38,266,000",Accepted-AOC,20-Dec-2025,Bodoland Territorial Council-PWD||Director Cum CHD - PWD BTC
2025_DoWR_42101_1,WRD(HIU)/33/2025/EQ-BA,Supply installation and commissioning of Bathymetrical Equipment for HIU WRD under AIRBMP.,Supply installation and commissioning of Bathymetrical Equipment for HIU WRD under AIRBMP.,Goods,Open Tender,Supply,Laboratory and scientific equipment,No,No,NA ,14-Jan-2025 04:00 PM,22-Jan-2025 02:00 PM ,120.0,No ,No,Online,17-May-2025 03:00 PM,Department of Water Resources||Chief Engineer - DoWR,GUWAHATI,781029.0,2.0,"10,53,00,000",M/s AllTerra Solutions LLP,"104,588,500",Accepted-AOC,09-Dec-2025,Department of Water Resources||Chief Engineer - DoWR
2025_PCCF_47884_1,BWLD-580/2025,Construction of Barrack,Construction of Barrack for AFPF Battalion,Works,Open Tender,Works,Civil Works - Building,No,No,NA ,10-Oct-2025 05:00 PM,22-Oct-2025 11:00 AM ,90.0,No ,No,Online,04-Nov-2025 03:30 PM,Pr. Chief Conservator of Forest and Head of Forest Force||Principal Chief Conservator of Forests(Wildlife and Ch. Wildlife Warden)||Kaziranga National Park Bokakhat||Biswanath Wildlife Division,Eastern Range,784168.0,2.0,"30,00,000",RITUPON BARUAH,"2,700,000",Rejected-AOC,22-Dec-2025,Pr. Chief Conservator of Forest and Head of Forest Force||Principal Chief Conservator of Forests(Wildlife and Ch. Wildlife Warden)||Kaziranga National Park Bokakhat||Biswanath Wildlife Division
2025_BoTC_45614_1,DOE/BTC/SSA/DAJGUA/Hostel/01,Construction of 50 bedded hostel separately for boys and girls under the scheme Dharti Aaba Janjatiya Gram Utkarsh Abhiyan at Ramfalbil HSS School in Kokrajhar District,Construction of 50 bedded hostel separately for boys and girls under the scheme Dharti Aaba Janjatiya Gram Utkarsh Abhiyan at Ramfalbil HSS School in Kokrajhar District,Works,Open Tender,Works,Civil Works,No,No,NA ,16-Jul-2025 09:00 AM,NA ,180.0,No ,No,Online,12-Aug-2025 03:00 PM,Bodoland Territorial Council||Education-BTC,BTR,783370.0,2.0,"3,59,88,860",ANANDA CHANDRA DAS,"35,988,820",Accepted-AOC,08-Dec-2025,Bodoland Territorial Council||Education-BTC
2025_ID_47925_1,EE/HLBD/TECH/NIT/03/1149,SSTW Scheme at Thaisu Valley Agro Farmer PVT. LTD at Lumding LAC under SOPD-G 2025-26,INSTALLATION OF 6 (SIX) POINTS STW SCHEME AT THAISU VALLEY AGRO FARMER PRODUCER CO. LTD PADDY FIELD IN LUMDING LAC UNDER SOPD-G FOR THE YEAR 2025-26.,Works,Open Tender,Item Wise,Civil Works,No,No,NA ,09-Oct-2025 06:00 PM,NA ,180.0,No ,No,Online,31-Oct-2025 11:00 AM,Irrigation Department||Chief Engineer(Major)-Irrigation Dept||Hojai Circle||Jamunamukh-Hojai-Lumding Division,Lumding LAC Hojai,782435.0,2.0,"40,08,187",Hiranya Bora,"1,823,730",Accepted-AOC,19-Nov-2025,Irrigation Department||Chief Engineer(Major)-Irrigation Dept||Hojai Circle||Jamunamukh-Hojai-Lumding Division
2025_PWD_45119_1,TB/268/DNTRD/2025-26/482/6,Construction of Random Rubble Masonry Retaining Wall with Synthetic Geogerids on Kekuri Pamua to Nayabazar Road from Ch. 0 M to ch. 352 M under SDMF for the year 2024-25 in Lakhimpur District.,Construction of Random Rubble Masonry Retaining Wall with Synthetic Geogerids on Kekuri Pamua to Nayabazar Road from Ch. 0 M to ch. 352 M under SDMF for the year 2024-25 in Lakhimpur District.,Works,Open Tender,Works,Civil Works – Roads,No,No,NA ,27-Jun-2025 10:00 AM,28-Jun-2025 04:00 PM ,90.0,No ,No,Online,18-Jul-2025 10:00 AM,Public Works Roads Department,Dhakuakhana,787053.0,2.0,"1,98,39,126",MADHAB SAIKIA,"19,835,904",Rejected-AOC,22-Dec-2025,Public Works Roads Department
2025_PWD_45827_83,CE/MAINT/SOPDG/01/2025-26/02,MAINT/SOPD-G/2025-26/98,"MAINT/SOPD-G/2025-26/98_1_Improvement of road from Medhipara to Udaynagar Goalpara Border,2_Improvement of Road from Sagunbari Main Road to Medhipara Road, 3_Improvement of Road from Nagarbera Mandalpara to Gagolmari Road,4_ Improvement of Road from",Works,Open Tender,Item Rate,Civil Works – Roads,No,No,NA ,24-Jul-2025 12:00 PM,24-Jul-2025 12:00 PM ,180.0,No ,No,Online,14-Aug-2025 11:00 AM,Public Works Roads Department,Kamrup Rural,781123.0,2.0,"1,97,60,000",Manik Kalita,"19,760,000",Accepted-AOC,12-Dec-2025,Public Works Roads Department
2025_KAAC_47191_1,ACEH/CS/SSA/O3/2025-26/Re63,Construction of 50 bedded hostel separately for boys and girls at Menmeji High School under the scheme Dharti Aaba Janjatiya Gram Utkarsh Abhiyan,Construction of 50 bedded hostel separately for boys and girls at Menmeji High School under the scheme Dharti Aaba Janjatiya Gram Utkarsh Abhiyan,Works,Open Tender,Item Rate,Civil Works - Building,No,No,NA ,03-Sep-2025 11:00 AM,05-Sep-2025 12:00 PM ,180.0,No ,No,Online,15-Sep-2025 11:00 AM,Karbi Anglong Autonomous Council||PWD||Addl. Chief Engineer Diphu,Rongkhang,782486.0,2.0,"3,78,75,000",M/S SWAPNA ENTEREPRISE,"37,795,380.3",Rejected-Technical,01-Dec-2025,Karbi Anglong Autonomous Council||PWD||Addl. Chief Engineer Diphu
2025_ID_48507_1,BVCI/IRRI/TB/04/2024/271 DATED 10/11/2025,Installation of 5 Points STW Scheme (54 M boring depth) under Patharkandi LAC under SOPD-G for the year 2025-26.,Installation of 5 Points STW Scheme (54 M boring depth) under Patharkandi LAC under SOPD-G for the year 2025-26,Works,Open Tender,Item Rate,Composite Works,No,No,NA ,10-Nov-2025 04:00 PM,NA ,180.0,No ,No,Online,01-Dec-2025 01:00 PM,Irrigation Department||Chief Engineer(Major)-Irrigation Dept||Cachar Karimganj Circle,Patharkandi,788724.0,2.0,"36,06,205",BIHUL UPADHYAY,"3,604,232.5",Accepted-AOC,25-Dec-2025,Irrigation Department||Chief Engineer(Major)-Irrigation Dept||Cachar Karimganj Circle
2025_DoWR_47296_1,KAMRUP METRO/2025-26/FFM/XIII,Procurement of flood fighting materials (PSC Porcupine) for Water Resources Department for the year 2025-26 (Lower Assam Zone).,Procurement of flood fighting materials (PSC Porcupine) for Water Resources Department for the year 2025-26 (Lower Assam Zone).,Goods,Open Tender,Supply,Supply of Materials,No,No,NA ,04-Sep-2025 06:55 PM,NA ,180.0,No ,No,Online,24-Sep-2025 03:00 PM,Department of Water Resources||Chief Engineer - DoWR,KAMRUP METRO,781008.0,2.0,"4,50,35,600",Ashit Roy,"40,532,400",Accepted-AOC,21-Dec-2025,Department of Water Resources||Chief Engineer - DoWR
2025_PWD_45827_54,CE/MAINT/SOPDG/01/2025-26/02,MAINT/SOPD-G/2025-26/64,"MAINT/SOPD-G/2025-26/64_1Reconstruction of SPT Br No1/1 on Rampur Sawrachara Road,2 SPT Br no 1/1 on Kalgachia IB approach Road,3Reconstruction of SPT Br no 1/1 with approaches and protection work on Dabandia to Nadiapara Road,4Reconstruction of SPT",Works,Open Tender,Item Rate,Civil Works – Roads,No,No,NA ,23-Jul-2025 06:00 PM,24-Jul-2025 12:00 PM ,180.0,No ,No,Online,14-Aug-2025 11:00 AM,Public Works Roads Department,Barpeta,781301.0,2.0,"1,80,00,000",M/s A.B. ENTERPRISE,"17,999,000",Rejected-Finance,24-Dec-2025,Public Works Roads Department
2025_PWBNH_47253_1,SBC/CS/2025-26/03/Gr-II,Jagannath Community and Skill Centre at Thailoo TE in Lakhipur LAC of Cachar District GrII,"Civil, Sanitary and Water supply and Electrical Work",Works,Open Tender,Item Rate,Civil Works - Building,No,No,NA ,04-Sep-2025 09:00 AM,11-Sep-2025 12:00 PM ,180.0,No ,No,Online,24-Sep-2025 04:00 PM,Public Works Building and NH Department||Chief Engineer-Building - PWBNH||SE-Silchar Circle - PWBNH,Thailoo in Lakhipur of Cachar District,788103.0,2.0,"1,40,73,143",TITU KUMAR DAS,"14,073,000",Rejected-AOC,28-Nov-2025,Public Works Building and NH Department||Chief Engineer-Building - PWBNH||SE-Silchar Circle - PWBNH
2025_PWD_45827_55,CE/MAINT/SOPDG/01/2025-26/02,MAINT/SOPD-G/2025-26/127,"MAINT/SOPD-G/2025-26/127 1_Reconstruction of road from Matia Simlitola Road (Palpara) PWD Road to Sidhabari Karipara Road via Kheropara Chessapani from Ch. 2_200 to Ch. 5_200, 2_Reconstruction of Road from Camp Bazar to Mornoi (From Ch 0.00m to Ch 16",Works,Open Tender,Item Rate,Civil Works – Roads,No,No,NA ,24-Jul-2025 09:00 AM,24-Jul-2025 12:00 PM ,180.0,No ,No,Online,14-Aug-2025 11:00 AM,Public Works Roads Department,Goalpara,783101.0,2.0,"1,61,00,000",Mahmudul Amin Sarkar,"16,084,532",Rejected-Finance,22-Dec-2025,Public Works Roads Department
2025_PWD_45827_69,CE/MAINT/SOPDG/01/2025-26/02,MAINT/SOPD-G/2025-26/78,"MAINT/SOPD-G/2025-26/78_1Improvement of (GWC) road from BT Road to Burir Bhitha via Gomafulbari High School,2 Improvement of (GWC) road from Damaljar Bhuyapara to Suhabildoloni Damaljar Road, 3Improvement of (GWC) road from Haripur 5 no Ward Road,4Im",Works,Open Tender,Item Rate,Civil Works – Roads,No,No,NA ,24-Jul-2025 09:00 AM,24-Jul-2025 12:00 PM ,180.0,No ,No,Online,14-Aug-2025 11:00 AM,Public Works Roads Department,Barpeta,781301.0,2.0,"1,22,84,000",Harun Ali,"10,005,318",Rejected-Finance,24-Dec-2025,Public Works Roads Department
2025_WPTBC_48538_1,SCDCDarrangCB,Construction of Chilarai Bhawan at Darrang Additional Works Phase II,Construction of Chilarai Bhawan at Darrang Additional Works Phase II,Works,Open Tender,Item Rate,Civil Works,No,No,NA ,11-Nov-2025 06:00 PM,NA ,180.0,No ,No,Online,17-Nov-2025 03:00 PM,Welfare of Plain Tribes and Backward Classes||Directorate of Welfare of Scheduled Caste||Assam State Development Corporation for SC,"DISPUR, GHY-06",781006.0,2.0,"2,00,00,000",M/S. Sanjib Dutta,"20,000,000",Rejected-AOC,05-Dec-2025,Welfare of Plain Tribes and Backward Classes||Directorate of Welfare of Scheduled Caste||Assam State Development Corporation for SC
2025_UDD_48686_1,TBM286/2025-26/4548,"Construction / Improvement of Boundary Wall, Approach Road and Electrification at MRF and SLF Site at Habi Gaon near Late Lalit Chandra Rajkhuwa Memorial indoor Stadium, Jagduar, Teok","Construction / Improvement of Boundary Wall, Approach Road and Electrification at MRF and SLF Site at Habi Gaon near Late Lalit Chandra Rajkhuwa Memorial indoor Stadium, Jagduar, Teok",Works,Open Tender,Works,Civil Works,No,No,NA ,19-Nov-2025 04:30 PM,25-Nov-2025 02:00 PM ,180.0,No ,No,Online,10-Dec-2025 11:30 AM,Urban Development Department||Directorate of Municipality Administration - UDD||Teok Municipal Board,Teok Municipal Board,785112.0,2.0,"46,50,000",Radiant Engineering Company,"4,650,000",Accepted-AOC,16-Dec-2025,Urban Development Department||Directorate of Municipality Administration - UDD||Teok Municipal Board
2025_PWD_47667_1,CE/DEV/TB/116/2025-26/24 Dtd- 16.09.2025,ASOM_MALA_3.0_25_26_31 Improvement and Upgradation of Road from Na Ali to Kalitagaon Chariali from Ch. 0.00km (Na Ali) to Ch. 12.210 Km (Kalitagaon Chariali) under Asom Mala 3.0 for the year 2025-26.,ASOM_MALA_3.0_25_26_31 Improvement and Upgradation of Road from Na Ali to Kalitagaon Chariali from Ch. 0.00km (Na Ali) to Ch. 12.210 Km (Kalitagaon Chariali) under Asom Mala 3.0 for the year 2025-26.,Works,Open Tender,Item Rate,Civil Works – Roads,No,No,NA ,24-Sep-2025 09:00 AM,29-Sep-2025 12:00 PM ,180.0,No ,No,Online,27-Oct-2025 02:30 PM,Public Works Roads Department,Lakhimpur,787001.0,2.0,"40,40,00,000",ABHIJIT PATOWARY,"402,092,722.65",Accepted-AOC,24-Dec-2025,Public Works Roads Department
2024_PWD_39820_188,"CE/DEV/TB/213/2024-25/04 Dtd. Guwahati, 20th September, 2024","TE_RIDF_XXX_24_25_363 Construction of (1) Bosabari T.E. Road, (2) Bosabari T.E. Line No-1, (3) Bosabari T.E. Line No-2, (4) Bosabari T.E. Line No-3, under RIDF-XXX of NABARD for the year 2024-25","TE_RIDF_XXX_24_25_363 Construction of (1) Bosabari T.E. Road, (2) Bosabari T.E. Line No-1, (3) Bosabari T.E. Line No-2, (4) Bosabari T.E. Line No-3, under RIDF-XXX of NABARD for the year 2024-25",Works,Open Tender,Item Rate,Civil Works – Roads,No,No,NA ,19-Oct-2024 02:00 PM,22-Oct-2024 12:00 PM ,180.0,No ,No,Online,30-Oct-2024 02:30 PM,Public Works Roads Department,Jorhat,785630.0,2.0,"1,55,17,000",SRI PRAGYA JYOTI MAHANTA,"13,965,300",Rejected-Finance,18-Dec-2025,Public Works Roads Department
2025_DHUA_47457_1,CE/H and UA/ULB/CS-09/23-24/10,Construction of 2 nos of R.C.C Drains at Biswanath Chariali Municipal Board under the scheme of Infrastructure Development in ULBs,Construction of 2 nos of R.C.C Drains at Biswanath Chariali Municipal Board under the scheme of Infrastructure Development in ULBs,Works,Open Tender,Item Wise,Civil Works,No,No,NA ,11-Sep-2025 09:30 AM,NA ,180.0,No ,No,Online,20-Sep-2025 03:00 PM,Department of Housing and Urban Affairs||Chief Engineer Technical Cell,Biswanath Charali,784176.0,2.0,"2,00,00,000",SAMIRAN INFRASTRUCTURE PVT. LTD,"19,999,986",Rejected-AOC,09-Dec-2025,Department of Housing and Urban Affairs||Chief Engineer Technical Cell
2025_APDCL_44937_1,CAR/TSAT/ABT Metering at TATA Semiconductor Assembly and Test Pvt Ltd,"Supply and Installation of receiving end (TSAT Campus) and sending end (132 KV Baghjap GSS) end 132 KV CT and PT and other required materials for ABT metering at TATA Semiconductor Assembly and Test Pvt Ltd, Jagiroad, Morigaon under Jagiroad ESD","Supply and Installation of receiving end (TSAT Campus) and sending end (132 KV Baghjap GSS) end 132 KV CT and PT and other required materials for ABT metering at TATA Semiconductor Assembly and Test Pvt Ltd, Jagiroad, Morigaon under Jagiroad ESD",Works,Open Tender,Turn-key,Electrical Works,No,No,NA ,17-Jun-2025 06:00 PM,19-Jun-2025 02:00 PM ,180.0,No ,No,Online,09-Jul-2025 02:00 PM,Assam Power Distribution Company Ltd||CGM(D) Central Assam Region - APDCL,Jagiroad,782410.0,2.0,"63,83,947",ASSAM ELECTRIC STORE,"5,745,420",Accepted-AOC,05-Dec-2025,Assam Power Distribution Company Ltd||CGM(D) Central Assam Region - APDCL
2025_PWD_45554_22,CE/STBR/09/NIT/RIDF-XXXI/2025 26/1 Dated 24-06-2025,STBR/RIDF-XXXI/BISWANATH-03/22 Construction of RCC Bridge No 2/1 of 1 X18.75 m at Karbiblock Sub-Centre to Ronghang Chuburi Road under Mukhya Mantrir Unnata Paki Path Nirman Achani (MMUPPNA) under RIDF-XXXI of NABARD for the year 2025-26 In the Dis,STBR/RIDF-XXXI/BISWANATH-03/22 Construction of RCC Bridge No 2/1 of 1 X18.75 m at Karbiblock Sub-Centre to Ronghang Chuburi Road under Mukhya Mantrir Unnata Paki Path Nirman Achani (MMUPPNA) under RIDF-XXXI of NABARD for the year 2025-26 In the Dis,Works,Open Tender,Item Rate,Civil Works – Roads,No,No,NA ,17-Jul-2025 12:00 PM,18-Jul-2025 11:00 AM ,180.0,No ,No,Online,01-Aug-2025 11:00 AM,Public Works Roads Department,Biswanath,784176.0,2.0,"1,80,00,000",Biswaranjan Borah,"17,998,000",Accepted-AOC,11-Dec-2025,Public Works Roads Department
2024_DHUA_38269_1,CE/H and UA/Tech/17/PT-III/22-23/98(1),Construction of 17 Nos of Drain at Rangapara MB under the scheme of Infrastructure Development in ULBs for the year 2023-24 (Gr-I),Construction of 17 Nos of Drain at Rangapara MB under the scheme of Infrastructure Development in ULBs for the year 2023-24 (Gr-I),Works,Open Tender,Item Rate,Civil Works,No,No,NA ,01-Aug-2024 10:00 AM,NA ,180.0,No ,No,Online,20-Aug-2024 03:00 PM,Department of Housing and Urban Affairs||Chief Engineer Technical Cell,Rangapara,784505.0,2.0,"50,09,100",ANIMESH BARMAN,"5,009,100",Accepted-AOC,09-Dec-2025,Department of Housing and Urban Affairs||Chief Engineer Technical Cell
2025_DHTS_44363_1,"SDT.37/2023/11/6190, dt.15/05/2025","supply of rearing equipment, disinfectant and prophylactic measure to Assistance to Existing Muga Seed Rearer of the project-Augmentation of Muga Silk Production through Muga farmers of Kamrup and Lakhimpur District of Assam under Silk Samagra-2","supply of rearing equipment, disinfectant and prophylactic measure to Assistance to Existing Muga Seed Rearer of the project of Muga Silk Production through Muga farmers of Kamrup and Lakhimpur District of Assam under Silk Samagr",Goods,Open Tender,Supply,Supply of Materials,No,No,NA ,19-May-2025 05:00 PM,NA ,360.0,No ,No,Online,16-Jun-2025 04:00 PM,Department of Handloom Textile and Sericulture||Directorate of Sericulture,Kamrup and Dhakuakhana,781022.0,2.0,"28,60,000",THARAD TRADING CO.,"2,803,476",Rejected-Finance,19-Dec-2025,Department of Handloom Textile and Sericulture||Directorate of Sericulture
2025_WPTBC_47378_1,PTDC/Engg/2024-25/388,"Construction of Chilarai Bhawan at Jhargaon, Bhergaon","Construction of Chilarai Bhawan at Jhargaon, Bhergaon",Works,Open Tender,Item Rate,Civil Works,No,No,NA ,09-Sep-2025 02:30 PM,17-Sep-2025 11:00 AM ,180.0,No ,No,Online,26-Sep-2025 02:00 PM,Welfare of Plain Tribes and Backward Classes||Director - WPT and BC||Assam Plains Tribes Development Corporation Ltd.,Bhergaon,784176.0,2.0,"30,00,000",UTI RAM MUSHAHARY,"3,000,000",Rejected-AOC,08-Dec-2025,Welfare of Plain Tribes and Backward Classes||Director - WPT and BC||Assam Plains Tribes Development Corporation Ltd.
2025_PWRDW_43912_3,CE/EAP/ARRBP/BR/01/2024/13,CE/EAP/ARRBP/OCB/Bridges2/Dima Hasao/05 Nablaidisa Simthuilong Road,CE/EAP/ARRBP/OCB/Bridges2/ Dima Hasao/05 Replacement of Bridges in Dima Hasao district i) Br.No. 13/1 on Nablaidisa Simthuilong Road ii) Br.No. 14/1 on Nablaidisa Simthuilong Road,Works,Open Tender,Item Rate,Civil Works - Bridges,No,No,NA ,02-Apr-2025 10:40 AM,10-Apr-2025 11:00 AM ,90.0,No ,No,Online,24-Apr-2025 02:30 PM,Public Works Roads Department-Externally Aided Project||Public Works Road Department- World Bank Funded Tenders||Assam State Bridge Infrastructure Program,Dima Hasao district,788819.0,2.0,"2,35,35,000",SRI MONA KEMPRAI,"24,544,600",Accepted-AOC,30-Dec-2025,Public Works Roads Department-Externally Aided Project||Public Works Road Department- World Bank Funded Tenders||Assam State Bridge Infrastructure Program
2025_DOT_45132_1,ATDC/CS/673/2025/537 dt. 11.06.2025,"Construction of Community Hall at Durga Mandir, Chandkuchi, Nalbari (balance work)","Construction of Community Hall at Durga Mandir, Chandkuchi, Nalbari (balance work)",Works,Open Tender,Item Rate,Civil Works - Others,No,No,NA ,24-Jun-2025 03:35 PM,25-Jun-2025 12:00 PM ,180.0,No ,No,Online,08-Jul-2025 01:00 PM,Department of Tourism||Assam Tourism Development Corporation Ltd. - DOT||HO-Guwahati-ATDCL - DOT,Nalbari,781335.0,2.0,"49,50,569",DIGANTA BURAGOHAIN,"4,455,512.1",Accepted-AOC,08-Dec-2025,Department of Tourism||Assam Tourism Development Corporation Ltd. - DOT||HO-Guwahati-ATDCL - DOT
2025_APDCL_45487_1,APDCL/CGMRE/Jonai/TRLine/PKG_C,"Electrification of the Ujonimiri village of Jonai under N. Lakhimpur El. Circle, APDCL (PKG-C)","Construction of 11 KV single circuit line with 132 KV, D6 type tower for crossing over tributaries of Brahmaputra River as a part of extension of existing 11 KV feeder for electrification of the Ujonimiri village of Jonai under N. Lakhimpur EC",Works,Open Tender,Turn-key,Electrical Works,No,No,NA ,10-Jul-2025 03:00 PM,14-Jul-2025 12:00 PM ,180.0,No ,No,Online,29-Jul-2025 12:00 PM,Assam Power Distribution Company Ltd||CGM(Rural Electrification) - APDCL,Jonai,787060.0,2.0,"2,40,23,178",M/s ASMI UDYOG,"23,678,580.1",Rejected-AOC,10-Dec-2025,Assam Power Distribution Company Ltd||CGM(Rural Electrification) - APDCL
2025_PHED_48293_1,SEPH/GC/TB-152/Vol-34/25-26,Construction of overhead water reservoir with bore well at SAI NCOE Guwahati under SAI RC Guwahati,Construction of overhead water reservoir with bore well at SAI NCOE Guwahati under SAI RC Guwahati under Guwahati Division No. I under Capital Block Grant,Works,Open Tender,Item Rate,Civil Works,No,No,NA ,30-Oct-2025 04:00 PM,06-Nov-2025 02:00 PM ,90.0,No ,No,Online,25-Nov-2025 03:00 PM,Public Health Engineering Department||Chief Engineer PHE(P)-Assam-PHED||Lower Assam Zone-Guwahati-PHED||Guwahati Circle-Guwahati-PHED,Paltanbazaar,781008.0,2.0,"38,17,000",KULAJIT BAYAN,"3,816,000",Rejected-Finance,11-Dec-2025,Public Health Engineering Department||Chief Engineer PHE(P)-Assam-PHED||Lower Assam Zone-Guwahati-PHED||Guwahati Circle-Guwahati-PHED
2025_ICD_46571_1,APL/CnP/Admin/2025-26/503,CLEANING / SWEEPING OF ROADS AND COLLECTION AND REMOVAL/ DISPOSAL OF GARBAGE CONTRACT GROUP A (FACTORY AREA),CLEANING / SWEEPING OF ROADS AND COLLECTION AND REMOVAL/ DISPOSAL OF GARBAGE CONTRACT GROUP A (FACTORY AREA),Services,Open Tender,Item Rate,Housekeeping/ Cleaning,No,No,NA ,16-Aug-2025 01:00 PM,NA ,180.0,No ,No,Online,09-Sep-2025 03:00 PM,Industries and Commerce Department||Assam Petro-Chemicals Ltd.||Head office Namrup||Materials Management Department,ASSAM PETROCHEMICALS LIMITED NAMRUP,786623.0,2.0,,AJIT CHANGMAI,"5,911,392.89",Accepted-AOC,05-Dec-2025,Industries and Commerce Department||Assam Petro-Chemicals Ltd.||Head office Namrup||Materials Management Department
2025_WPTBC_48252_1,PTDC/Engg/2024-25/441,"Additional requirement of works for EMRS, Dalbari, Baska sanctioned under Article 275(I) of the constitution of India during the year 2024-25","Additional requirement of works for EMRS, Dalbari, Baska sanctioned under Article 275(I) of the constitution of India during the year 2024-25",Works,Open Tender,Item Rate,Civil Works,No,No,NA ,27-Oct-2025 10:30 AM,30-Oct-2025 11:30 AM ,180.0,No ,No,Online,07-Nov-2025 03:00 PM,Welfare of Plain Tribes and Backward Classes||Director - WPT and BC,"EMRS, Dalbari, Baska",784166.0,2.0,"13,31,50,000",ASM BROTHERS,"133,134,133.52",Rejected-AOC,08-Dec-2025,Welfare of Plain Tribes and Backward Classes||Director - WPT and BC
2025_BoTC_45632_1,DOE/BTC/SSA/DAJGUA/Hostel/01,Construction of 50 bedded hostel separately for boys and girls under the scheme Dharti Aaba Janjatiya Gram Utkarsh Abhiyan at BHERGAON UCHHA VIDYAPITH HIGHER SECONDARY in Udalguri District.,Construction of 50 bedded hostel separately for boys and girls under the scheme Dharti Aaba Janjatiya Gram Utkarsh Abhiyan at BHERGAON UCHHA VIDYAPITH HIGHER SECONDARY in Udalguri District.,Works,Open Tender,Works,Civil Works,No,No,NA ,16-Jul-2025 09:00 AM,NA ,180.0,No ,No,Online,12-Aug-2025 03:00 PM,Bodoland Territorial Council||Education-BTC,BTR,784521.0,2.0,"3,59,88,860",Mosaddik Hussain,"35,988,820",Not Admitted-Fee/PreQual/Technical,09-Dec-2025,Bodoland Territorial Council||Education-BTC
2025_BTC_48593_1,No.ACE-31/EDN/IFB/2025-26/15,"Construction of 50 bedded hostel separately for boys and girls at Makra H.S School, Borobazar, Chirang. TN_61_9","Construction of 50 bedded hostel separately for boys and girls at Makra H.S School, Borobazar, Chirang. TN_61_9",Works,Open Tender,Item Rate,Civil Works - Building,No,No,NA ,13-Nov-2025 12:00 PM,NA ,180.0,No ,No,Online,05-Dec-2025 02:00 PM,Bodoland Territorial Council-PWD||Director Cum CHD - PWD BTC,Chirang,783390.0,2.0,"3,82,67,142",Nabaraj Narzary,"38,265,000",Rejected-AOC,26-Dec-2025,Bodoland Territorial Council-PWD||Director Cum CHD - PWD BTC
2025_ICD_47261_1,APL/CnP/089/PPE/Pro/25-26/1406,Ringspann Clutch Box,Maintenance Spares for Ringspann Clutch Box in CPP Unit,Goods,Single,Item Rate,Supply of Materials,No,No,NA ,04-Sep-2025 10:00 AM,NA ,120.0,No ,No,Online,19-Sep-2025 10:00 AM,Industries and Commerce Department||Assam Petro-Chemicals Ltd.||Head office Namrup||Materials Management Department,"APL, Namrup",786623.0,1.0,"23,66,034",Ringspann Power Transimission India Pvt Ltd,"2,708,163",Accepted-AOC,26-Dec-2025,Industries and Commerce Department||Assam Petro-Chemicals Ltd.||Head office Namrup||Materials Management Department
2024_WPTBC_40902_1,TKAC/07/2024-25/73 dated 07.12.2024,SUPPLY OF ITEMS FOR THE YEAR 2024-25 Power Tiller,SUPPLY OF ITEMS FOR THE YEAR 2024-25 Power Tiller,Goods,Open Tender,Item Rate,Machineries,No,No,NA ,07-Dec-2024 06:00 PM,11-Dec-2024 03:00 PM ,180.0,No ,No,Online,24-Dec-2024 02:00 PM,Welfare of Plain Tribes and Backward Classes||Director - WPT and BC||Thengal Kachari Autonomous Council,Jorhat,785630.0,2.0,,KAZIRANGA AGRO SERVICE,"213,000",Accepted-AOC,12-Dec-2025,Welfare of Plain Tribes and Backward Classes||Director - WPT and BC||Thengal Kachari Autonomous Council
2025_PWD_47667_3,CE/DEV/TB/116/2025-26/24 Dtd- 16.09.2025,ASOM_MALA_3.0_25_26_30 Improvement and Upgradation of Jayantipur Andherighat Road (From Haldha Chowk) in the district of Darrang under Asom Mala 3.0 for the year 2025-26.,ASOM_MALA_3.0_25_26_30 Improvement and Upgradation of Jayantipur Andherighat Road (From Haldha Chowk) in the district of Darrang under Asom Mala 3.0 for the year 2025-26.,Works,Open Tender,Item Rate,Civil Works – Roads,No,No,NA ,24-Sep-2025 06:30 PM,29-Sep-2025 12:00 PM ,180.0,No ,No,Online,13-Oct-2025 02:30 PM,Public Works Roads Department,Darrang,784125.0,2.0,"48,13,30,000",SRI BIKASH SARMA,"396,607,398",Rejected-Finance,24-Dec-2025,Public Works Roads Department
2024_APDCL_37861_1,ABT Meter Rly TSS,ABT Meter RLY TSS,ABT metering equipment installation at the receiving ends of 132 KV Traction Sub-Stations of N.F. Railways at (1) Sirbar TSS (2) Badarpurghat TSS and (3) Baroigram TSS under deposit work under Cachar and Badarpur Electrical Circle.,Works,Open Tender,Works,Electrical Works,No,No,NA ,03-Jul-2024 06:00 PM,NA ,360.0,No ,No,Online,01-Aug-2024 02:00 PM,Assam Power Distribution Company Ltd||CGM(D) Central Assam Region - APDCL,Cachar and Badarpur,788001.0,2.0,,Kamal Singh Dugar,"4,784,841",Rejected-Technical,05-Dec-2025,Assam Power Distribution Company Ltd||CGM(D) Central Assam Region - APDCL
2025_PWD_47133_19,SKTRD/Tech/106/2025-26,SKTRD/SOPD-G/25-26/19,SKTRD/SOPD-G/25-26/19_Improvement of 1. Dhangergaon to Pathelipara 2. Road from Parchakhuwa to Cremation Ground by providing Gravel Wearing Course (GWC) under SOPD_G_ for the year 2025-26_Palashbari LAC,Works,Open Tender,Item Rate,Civil Works – Roads,No,No,NA ,30-Aug-2025 06:00 PM,06-Sep-2025 12:00 PM ,180.0,No ,No,Online,24-Sep-2025 02:30 PM,Public Works Roads Department,Kamrup Rural,781125.0,2.0,"46,29,000",MANTU KALITA,"4,628,000",Rejected-Finance,18-Dec-2025,Public Works Roads Department
2025_PWRDW_42372_3,CE/EAP/ARRBP02TENDERS2024/36,Construction of Bridge in Dhubri district i.Br. On Hatipota Pt- II to Fauzdarchar Road,Construction of Bridge in Dhubri district i.Br. On Hatipota Pt- II to Fauzdarchar Road CE/EAP/ARRBP/OCB/Bridge-1/Dhubri/15,Works,Open Tender,Item Rate,Civil Works,No,No,NA ,29-Jan-2025 06:55 PM,06-Feb-2025 11:00 AM ,90.0,No ,No,Online,18-Feb-2025 02:30 PM,Public Works Roads Department-Externally Aided Project||Public Works Road Department- World Bank Funded Tenders||Assam State Bridge Infrastructure Program,Dhubri,783301.0,2.0,"3,79,19,000",Foyzal Hoque,"41,710,900",Rejected-Technical,24-Dec-2025,Public Works Roads Department-Externally Aided Project||Public Works Road Department- World Bank Funded Tenders||Assam State Bridge Infrastructure Program
2025_ICD_46568_1,APL/CnP/Admin/2025-26/506,CLEANING / SWEEPING OF ROADS AND COLLECTION AND REMOVAL DISPOSAL OF GARBAGE CONTRACT GROUP C (NEW PLANT AREA),CLEANING / SWEEPING OF ROADS AND COLLECTION AND REMOVAL/ DISPOSAL OF GARBAGE CONTRACT GROUP C (NEW PLANT AREA),Services,Open Tender,Item Rate,Housekeeping/ Cleaning,No,No,NA ,16-Aug-2025 12:00 PM,NA ,180.0,No ,No,Online,09-Sep-2025 03:00 PM,Industries and Commerce Department||Assam Petro-Chemicals Ltd.||Head office Namrup||Materials Management Department,ASSAM PETROCHEMICALS LIMITED NAMRUP,786623.0,2.0,,SATYANANDA CHETIA,"7,318,685",Rejected-AOC,05-Dec-2025,Industries and Commerce Department||Assam Petro-Chemicals Ltd.||Head office Namrup||Materials Management Department
2025_HAD_48685_1,KANCH/Acctt/203/GlA/20-21/125,"CONSTRUCTION OF GODOWN-cum-SHOW ROOM AT DILAJEE COMPLEX, DIPHU-MANJA ROAD,DIPHU,KARBI ANGLONG","CONSTRUCTION OF GODOWN-cum-SHOW ROOM AT DILAJEE COMPLEX, DIPHU-MANJA ROAD,DIPHU,KARBI ANGLONG",Works,Open Tender,Percentage,Civil Works,No,No,NA ,18-Nov-2025 01:00 PM,NA ,180.0,No ,No,Online,08-Dec-2025 03:00 PM,Hill Areas Department||Assam Hills Small Industries Development Corporation Ltd.,"Manja, Diphu",782461.0,2.0,"48,60,000",CHANDRA SING ENGLENG,"4,349,700",Accepted-AOC,12-Dec-2025,Hill Areas Department||Assam Hills Small Industries Development Corporation Ltd.
2025_PWRDW_42372_2,CE/EAP/ARRBP02TENDERS2024/36,Construction of Bridge in Dhubri district i.Br. On Falimari Pt.-II to Dhingirchar Bazar(Moukhowakhat) Road,Construction of Bridge in Dhubri district i.Br. On Falimari Pt.-II to Dhingirchar Bazar(Moukhowakhat) Road CE/EAP/ARRBP/OCB/Bridge-1/Dhubri/12,Works,Open Tender,Item Rate,Civil Works,No,No,NA ,29-Jan-2025 06:55 PM,06-Feb-2025 11:00 AM ,90.0,No ,No,Online,18-Feb-2025 02:30 PM,Public Works Roads Department-Externally Aided Project||Public Works Road Department- World Bank Funded Tenders||Assam State Bridge Infrastructure Program,Dhubri,783301.0,2.0,"7,19,62,000",Foyzal Hoque,"82,756,300",Accepted-AOC,24-Dec-2025,Public Works Roads Department-Externally Aided Project||Public Works Road Department- World Bank Funded Tenders||Assam State Bridge Infrastructure Program
2025_PWD_47133_24,SKTRD/Tech/106/2025-26,SKTRD/SOPD-G/25-26/24,SKTRD/SOPD-G/25-26/24_Improvement of Bholagaon no.3 Road by providing Gravel Wearing Course _GWC_ under SOPD_G_ for the year 2025-26 _Palashbari LAC_,Works,Open Tender,Item Rate,Civil Works – Roads,No,No,NA ,30-Aug-2025 06:00 PM,06-Sep-2025 12:00 PM ,180.0,No ,No,Online,24-Sep-2025 02:30 PM,Public Works Roads Department,Kamrup Rural,781125.0,2.0,"27,29,000",J.P ENTERPRISE,"2,728,168",Not Admitted-Fee/PreQual/Technical,18-Dec-2025,Public Works Roads Department
2025_DOT_45129_1,ATDC/CS/673/2025/537 dt. 11.06.2025,"Tourist facilities for Durga Mandir Gopalthan, Jagyabhumi, Nalbari","Tourist facilities for Durga Mandir Gopalthan, Jagyabhumi, Nalbari",Works,Open Tender,Item Rate,Civil Works - Others,No,No,NA ,24-Jun-2025 03:00 PM,25-Jun-2025 12:00 PM ,180.0,No ,No,Online,08-Jul-2025 01:00 PM,Department of Tourism||Assam Tourism Development Corporation Ltd. - DOT||HO-Guwahati-ATDCL - DOT,Nalbari,781335.0,2.0,"49,50,458",K S ENTERPRISE,"4,455,412.2",Rejected-AOC,08-Dec-2025,Department of Tourism||Assam Tourism Development Corporation Ltd. - DOT||HO-Guwahati-ATDCL - DOT
2025_APDCL_45849_1,APDCL/CGM_RE/RDSS_Addl_HH-40,"Electrification of UE households in Bongaigaon Dist. (Addl. Pkg.) of Assam under RDSS, Addl. HH","Electrification of additional un-electrified households in the State of Assam under Revamped Reforms Linked Results Based Distribution Sector Scheme (RDSS, Addl. HH) for additional Package of Bongaigaon District",Works,Open Tender,Turn-key,Electrical Works,No,No,NA ,24-Jul-2025 03:00 PM,28-Jul-2025 02:00 PM ,180.0,No ,No,Online,07-Aug-2025 03:00 PM,Assam Power Distribution Company Ltd||CGM(Rural Electrification) - APDCL,Bongaigaon,783380.0,2.0,"1,21,41,610",OK Enterprise,"10,564,418.36",Accepted-AOC,10-Dec-2025,Assam Power Distribution Company Ltd||CGM(Rural Electrification) - APDCL
2025_PWBNH_47251_1,SBC/CS/2025-26/03/Gr-I,Jagannath Community and Skill Centre at Labac TE in Lakhipur LAC of Cachar District GrI,"Civil, Sanitary and Water supply and Electrical Work",Works,Open Tender,Item Rate,Civil Works - Building,No,No,NA ,04-Sep-2025 09:00 AM,11-Sep-2025 12:00 PM ,180.0,No ,No,Online,24-Sep-2025 04:00 PM,Public Works Building and NH Department||Chief Engineer-Building - PWBNH||SE-Silchar Circle - PWBNH,Labac in Lakhipur of Cachar District,788103.0,2.0,"1,40,73,143",TITU KUMAR DAS,"14,073,000",Rejected-AOC,28-Nov-2025,Public Works Building and NH Department||Chief Engineer-Building - PWBNH||SE-Silchar Circle - PWBNH
2025_PWD_47641_1,SOPD(G)CDTRD/MAHMORA/2025-26/7,SOPD(G)CDTRD/MAHMORA/2025-26/7,"Construction of 1)Naphuk Sasapara Path (Ch.0m to Ch. 1200m,Length 1.20 km) and 2)Khetrapal Chuk (from Ch.800m to Ch.1800m,LENGTH 1000m) under SOPD-G for the year 2025-26 in PWRD Charaideo DTRD,Sonari.(Mah LAC). Pkg. No. SOPD(G)CDTRD/MAHMORA/2025-26/7",Works,Open Tender,Item Rate,Civil Works – Roads,No,No,NA ,22-Sep-2025 02:00 PM,03-Oct-2025 01:00 PM ,180.0,No ,No,Online,08-Oct-2025 02:00 PM,Public Works Roads Department,MAHMORA LAC,785690.0,2.0,,CHANDAN SONAR,"2,880,678",Accepted-AOC,05-Dec-2025,Public Works Roads Department
2025_ID_46021_4,10 (SOPD-G) 2025-26 Dtd_ 28_07_2025,"Installation of 7 Nos. of MDTW I/S under Bokakhat LAC under SOPD- G for the year 2025-26 under Bokakhat-Khumtai-Dergaon Division(I), Bokakhat (Package No.04).","Installation of 7 Nos. of MDTW I/S under Bokakhat LAC under SOPD- G for the year 2025-26 under Bokakhat-Khumtai-Dergaon Division(I), Bokakhat (Package No.04).",Works,Open Tender,Item Rate,Civil Works,No,No,NA ,29-Jul-2025 06:00 PM,08-Aug-2025 02:00 PM ,180.0,No ,No,Online,22-Aug-2025 03:00 PM,Irrigation Department||Chief Engineer(Major)-Irrigation Dept,Bokakhat,785612.0,2.0,"2,01,60,010",MANNAN AKHTER AHMED,"10,368,005",Accepted-AOC,08-Dec-2025,Irrigation Department||Chief Engineer(Major)-Irrigation Dept
2025_PWD_45554_21,CE/STBR/09/NIT/RIDF-XXXI/2025 26/1 Dated 24-06-2025,STBR/RIDF-XXXI/BISWANATH-02/21 Construction of RCC Bridge No.1/1 of 1 X14.5 m on Mukhargarh Road under Mukhya Mantrir Unnata Paki Path Nirman Achani (MMUPPNA) under RIDF-XXXI of NABARD for the year 2025-26 In the District Biswanath,STBR/RIDF-XXXI/BISWANATH-02/21 Construction of RCC Bridge No.1/1 of 1 X14.5 m on Mukhargarh Road under Mukhya Mantrir Unnata Paki Path Nirman Achani (MMUPPNA) under RIDF-XXXI of NABARD for the year 2025-26 In the District Biswanath,Works,Open Tender,Item Rate,Civil Works – Roads,No,No,NA ,17-Jul-2025 12:00 PM,18-Jul-2025 11:00 AM ,180.0,No ,No,Online,01-Aug-2025 11:00 AM,Public Works Roads Department,Biswanath,784176.0,2.0,"1,00,00,000",HANUMAN INFRA WORKS,"9,999,500",Accepted-AOC,11-Dec-2025,Public Works Roads Department
2025_NHM_42368_1,NHM/1/909085/2025,"CONSTRUCTION OF INTEGRATED PUBLIC HEALTH LABORATORY AT SADIYA SDCH IN TINSUKIA DISTRICT UNDER PM ABHIM FOR FY 2024-25 UNDER NHM, ASSAM","CONSTRUCTION OF INTEGRATED PUBLIC HEALTH LABORATORY AT SADIYA SDCH IN TINSUKIA DISTRICT UNDER PM ABHIM FOR FY 2024-25 UNDER NHM, ASSAM",Works,Open Tender,Turn-key,Civil Works - Building,No,No,NA ,27-Jan-2025 06:00 PM,NA ,180.0,No ,No,Online,19-Feb-2025 03:30 PM,National Health Mission||State Programme Management Unit - NHM,Tinsukia,786125.0,2.0,"1,24,99,840",MS SB ENTERPRISES,"12,299,839.79",Rejected-Technical,03-Dec-2025,National Health Mission||State Programme Management Unit - NHM
2025_PWBNH_43552_1,CE/TB-VII/109/2024/7 Dated Guwahati the 1st March 2025,"Construction of 800 Capacity Auditorium at Udalguri, Assam","Construction of 800 Capacity Auditorium at Udalguri, Assam",Works,Open Tender,Item Rate,Civil Works - Building,No,No,NA ,18-Mar-2025 12:00 PM,21-Mar-2025 11:00 AM ,180.0,No ,No,Online,03-Apr-2025 03:00 PM,Public Works Building and NH Department||Chief Engineer-Building - PWBNH,Udalguri,784509.0,2.0,"12,65,55,478",M/S J. G. Associatates,"126,555,000",Rejected-AOC,01-Dec-2025,Public Works Building and NH Department||Chief Engineer-Building - PWBNH
2025_APDCL_46803_1,APDCL_CGMPPD_Central_civil,Renovation of Store,Renovation of Store,Works,Open Tender,Turn-key,Civil Works,No,No,NA ,21-Aug-2025 05:00 PM,27-Aug-2025 03:00 PM ,60.0,No ,No,Online,05-Sep-2025 02:00 PM,Assam Power Distribution Company Ltd||CGM(PP and D) - APDCL,Kahilipara,781019.0,2.0,"29,33,772",RAJU DAS,"2,793,905.35",Rejected-Finance,11-Dec-2025,Assam Power Distribution Company Ltd||CGM(PP and D) - APDCL
2025_FEAP_48221_1,ARIAS/ 80 /2025-SWIFT/NCS-07,"Undertaking Detailed Engineering Survey and Preparation of Layout, Design, Estimation, BOQ, etc. for Conservation, Restoration and Rejuvenation of Phase-II Wetlands/Beels under Package-NCS-07 of the Assam SWIFT Project","Undertaking Detailed Engineering Survey and Preparation of Layout, Design, Estimation, BOQ, etc. for Conservation, Restoration and Rejuvenation of Phase-II Wetlands/Beels under Package-NCS-07 of the Assam SWIFT Project",Services,Open Tender,Lump-sum,Miscellaneous Services,No,No,NA ,25-Oct-2025 09:00 AM,NA ,60.0,No ,No,Not Applicable,10-Nov-2025 02:15 PM,Department of Fisheries-Externally Aided Projects||ARIAS Society-Externally Aided Projects,12 districts of Assam,781031.0,1.0,,BASIC CONSULTANT,"7,864",Rejected-Technical,17-Dec-2025,Department of Fisheries-Externally Aided Projects||ARIAS Society-Externally Aided Projects
2025_ID_46530_1,EE/BBD(I)BC/NIT 2/2025 26/282 Dtd 14/08/25,Improvement of Bharalijuli FIS under SOPD-G for the year 2025-26,Improvement of Bharalijuli FIS under SOPD-G for the year 2025-26,Works,Open Tender,Works,Civil Works,No,No,N/A ,14-Aug-2025 06:00 PM,NA ,180.0,No ,No,Online,04-Sep-2025 03:00 PM,Irrigation Department||Chief Engineer(Major)-Irrigation Dept||Tezpur Circle||Biswanath Behali Division,Bharalijuli,784176.0,2.0,"40,00,000",ABHIJIT DAS,"1,398,476",Accepted-AOC,06-Dec-2025,Irrigation Department||Chief Engineer(Major)-Irrigation Dept||Tezpur Circle||Biswanath Behali Division
2025_ICD_48405_1,MB/DNPL/2015/117/Pt.III/132,Group Mediclaim Policy for DNPL employees and their dependents,Group Mediclaim Policy for DNPL employees and their dependents.,Services,Open Tender,Works,Miscellaneous Services,No,No,NA ,04-Nov-2025 01:00 PM,NA ,90.0,No ,No,Not Applicable,19-Nov-2025 11:00 AM,Industries and Commerce Department||DNP Limited,Duliajan,786602.0,2.0,,THE NEW INDIA ASSURANCE CO.LTD,"1,026,088",Rejected-Finance,04-Dec-2025,Industries and Commerce Department||DNP Limited
2025_WPTBC_47385_2,PTDC/Engg/2024-25/389,Erection of Fibre Glass Statue of Arun Ray at Chirang.,Erection of Fibre Glass Statue of Arun Ray at Chirang.,Works,Open Tender,Item Rate,Civil Works,No,No,NA ,16-Sep-2025 04:30 PM,17-Sep-2025 11:00 AM ,180.0,No ,No,Online,26-Sep-2025 03:00 PM,Welfare of Plain Tribes and Backward Classes||Director - WPT and BC,Chirang,783385.0,2.0,"20,00,000",M/S. Sanjib Dutta,"2,000,000",Accepted-AOC,26-Nov-2025,Welfare of Plain Tribes and Backward Classes||Director - WPT and BC
2025_DHTS_42449_1,"SDM.756/2024-25/82/1202, dt.30/01/2025",Establishment of Nurseries in the Govt. Farms/ Centres under SOPD-G 2024-25(Biswanath),Establishment of Nurseries in the Govt. Farms/ Centres under SOPD-G 2024-25(Biswanath),Works,Open Tender,Works,Miscellaneous Works,No,No,NA ,01-Feb-2025 05:00 PM,NA ,180.0,No ,No,Online,21-Feb-2025 03:00 PM,Department of Handloom Textile and Sericulture||Directorate of Sericulture,Biswanath,784176.0,2.0,"4,95,000",M/S GREENTECH ENTERPRISE,"363,000",Rejected-AOC,05-Jun-2025,Department of Handloom Textile and Sericulture||Directorate of Sericulture
2024_ED_37322_2,CXL-169/2023-24/175,"Grant of IMFL Retail OFF Shop No. CHG6 at Dhaligaon Town, P.S.- Dhaligaon at District CHIRANG","Grant of IMFL Retail OFF Shop No. CHG6 at Dhaligaon Town, P.S.- Dhaligaon at District CHIRANG",Services,Open Tender,Item Rate,Miscellaneous Services,No,No,NA ,15-Mar-2024 06:00 PM,NA ,180.0,No ,No,Online,07-Jun-2024 11:00 AM,Excise Department||Commissioner of Excise - ED||O/o SE-Chirang - ED,Chirang,783380.0,2.0,,SANDHYA RANI GOYARI,"351,000",Accepted-AOC,09-Dec-2025,Excise Department||Commissioner of Excise - ED||O/o SE-Chirang - ED
2025_ID_47886_1,NITNo.GDI/NIT/I/TB/I/25-26/449 Dt 08.10.2025,Renovation of Deonabari MDTWS (1point) at Pub- Chaiduar Block under SOPD-G for the year 2025-26,Renovation Of Deonabari MDTWS 1 point at Pub Chaiduar Block under SOPD-G for the year 2025-26.,Works,Open Tender,Works,Civil Works,No,No,NA ,08-Oct-2025 06:00 PM,NA ,180.0,No ,No,Online,30-Oct-2025 03:00 PM,Irrigation Department||Chief Engineer(Major)-Irrigation Dept||Tezpur Circle||Gohpur Division,Gohpur,784168.0,2.0,"22,96,336",Khandelwal Construction,"2,296,336",Accepted-AOC,18-Dec-2025,Irrigation Department||Chief Engineer(Major)-Irrigation Dept||Tezpur Circle||Gohpur Division
2025_UDD_48701_1,TBM286/2025-26/4548,"Request for Proposal to Select an Agency for Establishment And Commissioning of Material Recovery Facility (MRF) and Waste to Compost Plant at TEOK MUNICIPAL BOARD, Assam.","Request for Proposal to Select an Agency for Establishment and Commissioning of Material Recovery Facility (MRF) and Waste to Compost Plant at TEOK MUNICIPAL BOARD, Assam.",Works,Open Tender,Works,Civil Works,No,No,NA ,19-Nov-2025 04:30 PM,NA ,180.0,No ,No,Online,10-Dec-2025 11:30 AM,Urban Development Department||Directorate of Municipality Administration - UDD||Teok Municipal Board,Teok Municipal Board,785112.0,2.0,"22,28,000",Radiant Engineering Company,"2,228,000",Accepted-AOC,16-Dec-2025,Urban Development Department||Directorate of Municipality Administration - UDD||Teok Municipal Board
2025_PHED_46657_1,SEPHE/GC/TB-152/Vol-XXVI/25-26,"Installation of Deep Tube Well By DTH Rig Boring Including Necessary Accessories For Water Supply Arrangement at Rangagara Village and Bandhab Nagar, North Guwahati","Installation of Deep Tube Well By DTH Rig Boring Including Necessary Accessories For Water Supply Arrangement at Rangagara Village and Bandhab Nagar, North Guwahati Under Guwahati Division No-I under SOPD-G For The Year 2024-25",Works,Open Tender,Item Rate,Civil Works,No,No,NA ,19-Aug-2025 04:00 PM,26-Aug-2025 02:00 PM ,90.0,No ,No,Online,17-Sep-2025 03:00 PM,Public Health Engineering Department||Chief Engineer PHE(P)-Assam-PHED||Lower Assam Zone-Guwahati-PHED||Guwahati Circle-Guwahati-PHED,"Rangagara Village,North Guwahati",781030.0,2.0,"50,50,000",AAR GEE ENTERPRISE,"5,049,000",Accepted-AOC,10-Nov-2025,Public Health Engineering Department||Chief Engineer PHE(P)-Assam-PHED||Lower Assam Zone-Guwahati-PHED||Guwahati Circle-Guwahati-PHED
2025_PCCF_48370_1,2/AVD/2025-26,Erection of Fencing at Chokapara in Nakkati RF under CAMPA Scheme of Aie Valley Division Bongaigaon,Erection of Fencing at Chokapara in Nakkati RF under CAMPA Scheme of Aie Valley Division Bongaigaon,Goods,Open Tender,Works,Civil Construction Goods,No,No,NA ,01-Nov-2025 05:00 PM,21-Nov-2025 11:30 AM ,180.0,No ,No,Online,25-Nov-2025 01:00 PM,Pr. Chief Conservator of Forest and Head of Forest Force||Chief Conservator of Forests Social Forestry||Lower Assam Social Forestry Circle||Aie Valley Division,Chokapara,783384.0,2.0,"24,33,365",ASM BROTHERS,"2,190,028.5",Rejected-AOC,26-Dec-2025,Pr. Chief Conservator of Forest and Head of Forest Force||Chief Conservator of Forests Social Forestry||Lower Assam Social Forestry Circle||Aie Valley Division
2025_WPTBC_47367_1,PTDC/Engg/2024-25/372,Administrative Approval for an amount of Rs. 186.14600 Lakh only for Construction of 6 nos classroom at 1st and 2nd floor of the RUSA constructed building at Jorhat Engineering College under SOPD-ODS during the year 2023-24,Administrative Approval for an amount of Rs. 186.14600 Lakh only for Construction of 6 nos classroom at 1st and 2nd floor of the RUSA constructed building at Jorhat Engineering College under SOPD-ODS during the year 2023-24,Works,Open Tender,Item Rate,Civil Works,No,No,NA ,08-Sep-2025 04:30 PM,15-Sep-2025 11:00 AM ,180.0,No ,No,Online,29-Sep-2025 02:00 PM,Welfare of Plain Tribes and Backward Classes||Director - WPT and BC,Jorhat Engineering College,785007.0,2.0,"1,86,14,600",SHREE ANANT UDYOG,"18,610,000",Rejected-Technical,03-Dec-2025,Welfare of Plain Tribes and Backward Classes||Director - WPT and BC
2025_ID_48088_1,17 (SOPD-G) 2025-26 Date_16.10.2025,"Construction and upgradation of canal structure at Chirakhati FIS under SOPD-G for the year 2025-26 under Titabor Mariani Division (I), Titabor.","Construction and upgradation of canal structure at Chirakhati FIS under SOPD-G for the year 2025-26 under Titabor Mariani Division (I), Titabor.",Works,Open Tender,Item Rate,Civil Works,No,No,NA ,16-Oct-2025 06:00 PM,27-Oct-2025 02:00 PM ,180.0,No ,No,Online,07-Nov-2025 03:00 PM,Irrigation Department||Chief Engineer(Major)-Irrigation Dept,Titabor,785630.0,2.0,"2,97,37,465",ABDUL HAMID CHOUDHURY,"29,727,461",Rejected-AOC,03-Dec-2025,Irrigation Department||Chief Engineer(Major)-Irrigation Dept
2025_ID_47509_1,MD(I)-06/2025,INSTALLATION OF SOLAR POWERED SHALLOW TUBE WELL SCHEMES IN MAJULI LAC (5 POINTS) FOR THE YEAR 2025-26 UNDER SOPD-G (Package-II),INSTALLATION OF SOLAR POWERED SHALLOW TUBE WELL SCHEMES IN MAJULI LAC (5 POINTS) FOR THE YEAR 2025-26 UNDER SOPD-G (Package-II),Works,Open Tender,Item Rate,Composite Works,No,No,NA ,15-Sep-2025 06:00 PM,NA ,180.0,No ,No,Online,08-Oct-2025 03:00 PM,Irrigation Department||Chief Engineer(Major)-Irrigation Dept||Jorhat Circle||Majuli Division,Majuli,785106.0,3.0,"13,35,298",SARAT GAM,"1,335,289",Accepted-AOC,27-Nov-2025,Irrigation Department||Chief Engineer(Major)-Irrigation Dept||Jorhat Circle||Majuli Division
2025_ID_46051_9,NIT/TCI/3/2025/507,Renovation of Ovatabeel LIS under SOPD-G for the year 2025-26,Renovation of Ovatabeel LIS under SOPD-G for the year 2025-26,Works,Open Tender,Percentage,Civil Works,No,No,NA ,01-Aug-2025 10:00 AM,NA ,180.0,No ,No,Online,22-Aug-2025 03:00 PM,Irrigation Department||Chief Engineer(Major)-Irrigation Dept||Tezpur Circle,Biswanath,784177.0,2.0,"1,00,00,000",MADHURJYA BORAH,"9,900,878",Accepted-AOC,09-Dec-2025,Irrigation Department||Chief Engineer(Major)-Irrigation Dept||Tezpur Circle
2025_GMC_48678_1,GNZ/GE_14/2022_23/498 DATE_17/11/25,"Empanelment (Re- registration as per Rule 19of APPR 2020) of agencies for IEC,Outreach,Events and allied activities","Empanelment (Re- registration as per Rule 19of APPR 2020) of agencies for IEC,Outreach,Events and allied activities",Services,Open Tender,EOI,Miscellaneous Services,No,No,NA ,17-Nov-2025 06:50 PM,NA ,180.0,No ,No,Online,12-Dec-2025 03:00 PM,Guwahati Municipal Corporation,Guwahati,781006.0,1.0,,RB Group,0.0,Accepted-AOC,24-Dec-2025,Guwahati Municipal Corporation
2025_ITFCD_48427_2,699448/Charaideo-II/T/25-26/03,Maintenance of Archaeological Sites and Monuments of Assam under SOPD-G for the year 2025-26,"Maintenance of Charaideo Moidams Archaeological Site (World Heritage Site)-Phase-II, Charaideo District, Assam",Works,Open Tender,Percentage,Civil Works,No,No,NA ,02-Dec-2025 10:00 AM,NA ,180.0,No ,No,Online,12-Dec-2025 10:00 AM,Indigenous and Tribal Faith and Culture Department||Directorate of Archaeology,Charaideo,785686.0,2.0,"30,00,000",UTPAL GOGOI,"2,699,714.38",Accepted-AOC,20-Dec-2025,Indigenous and Tribal Faith and Culture Department||Directorate of Archaeology
2025_PWD_45827_52,CE/MAINT/SOPDG/01/2025-26/02,MAINT/SOPD-G/2025-26/62,"MAINT/SOPD-G/2025-26/62_1Reconstruction of SPT Bridge no 1/1 on Kawaimari 11 no block over River Kaldia, 2Reconstruction of SPT Bridge No 1/1 on BB road to DK road via Madhya Chakirbhitha 3Reconstruction of SPT Bridge No 2/1 on BB road to DK road via",Works,Open Tender,Item Rate,Civil Works – Roads,No,No,NA ,23-Jul-2025 06:00 PM,24-Jul-2025 12:00 PM ,180.0,No ,No,Online,14-Aug-2025 11:00 AM,Public Works Roads Department,Barpeta,781301.0,2.0,"1,15,84,000",Durjan Ali,"11,583,000",Rejected-Finance,24-Dec-2025,Public Works Roads Department
2025_PWD_47133_20,SKTRD/Tech/106/2025-26,SKTRD/SOPD-G/25-26/20,SKTRD/SOPD-G/25-26/20_Improvement of 1. Bakarapara Road 2. Road from Merghar tiniali to PWD Road 3. Mekurikuchi Smachan Road by providing Gravel Wearing Course _GWC_ under SOPD_G_ for the year 2025-26. _Palashbari LAC_,Works,Open Tender,Item Rate,Civil Works – Roads,No,No,NA ,30-Aug-2025 06:00 PM,06-Sep-2025 12:00 PM ,180.0,No ,No,Online,24-Sep-2025 02:30 PM,Public Works Roads Department,Kamrup Rural,781125.0,2.0,"19,56,000",MANTU KALITA,"1,955,000",Rejected-Finance,18-Dec-2025,Public Works Roads Department
2025_PWBNH_48569_1,SE/BII/ASEC/GHY,"Construction of boundary wall in the new boundary of Assam State Election Commission at western front side of the office building along with development of the additional plot at ASEC at Panjabari, Guwahati, District-Kamrup(Metro)","Construction of boundary wall in the new boundary of Assam State Election Commission at western front side of the office building along with development of the additional plot at ASEC at Panjabari, Guwahati, District-Kamrup(Metro)",Works,Open Tender,Item Wise,Civil Works - Building,No,No,NA ,13-Nov-2025 12:00 PM,17-Nov-2025 12:00 PM ,180.0,No ,No,Online,06-Dec-2025 11:30 AM,Public Works Building and NH Department||Chief Engineer-Building - PWBNH||SE-Guwahati Circle-2 - PWBNH,GUWAHATI,781022.0,2.0,"58,16,350",JYOTIRMOY BHATTACHARJYA,"6,106,864",Rejected-AOC,24-Dec-2025,Public Works Building and NH Department||Chief Engineer-Building - PWBNH||SE-Guwahati Circle-2 - PWBNH
2025_PWD_47133_21,SKTRD/Tech/106/2025-26,SKTRD/SOPD-G/25-26/21,SKTRD/SOPD-G/25-26/21_Improvement of 1. Road from NEC Road to Manikpur 2. Haligaon Eidgah Maidan to Huzuripara by providing Gravel Wearing Course _GWC_ under SOPD_G_ for the year 2025-26. _Palashbari LAC_,Works,Open Tender,Item Rate,Civil Works – Roads,No,No,NA ,30-Aug-2025 06:00 PM,06-Sep-2025 12:00 PM ,180.0,No ,No,Online,24-Sep-2025 02:30 PM,Public Works Roads Department,Kamrup Rural,781125.0,2.0,"49,36,000",MANTU KALITA,"4,935,000",Rejected-Finance,18-Dec-2025,Public Works Roads Department
2025_PWD_45827_53,CE/MAINT/SOPDG/01/2025-26/02,MAINT/SOPD-G/2025-26/63,"MAINT/SOPD-G/2025-26/63_1Reconstruction of Road from Joypur Bazar to Bhaluki North Side, 2Reconstruction of Road from DK Road to Betbari road, 3Reconstruction of Road from Bilpar to Uttar Supa Road and 4Reconstruction of Road from Nagaon Sarthebari r",Works,Open Tender,Item Rate,Civil Works – Roads,No,No,NA ,23-Jul-2025 06:00 PM,24-Jul-2025 12:00 PM ,180.0,No ,No,Online,14-Aug-2025 11:00 AM,Public Works Roads Department,Barpeta,781301.0,2.0,"1,68,32,000",Durjan Ali,"16,830,000",Rejected-Finance,24-Dec-2025,Public Works Roads Department
2025_ID_47510_1,MD(I)-06/2025,INSTALLATION OF SOLAR POWERED SHALLOW TUBE WELL SCHEMES IN MAJULI LAC (5 POINTS) FOR THE YEAR 2025-26 UNDER SOPD-G (Package-III),INSTALLATION OF SOLAR POWERED SHALLOW TUBE WELL SCHEMES IN MAJULI LAC (5 POINTS) FOR THE YEAR 2025-26 UNDER SOPD-G (Package-III),Works,Open Tender,Item Rate,Composite Works,No,No,NA ,15-Sep-2025 06:00 PM,NA ,180.0,No ,No,Online,08-Oct-2025 03:00 PM,Irrigation Department||Chief Engineer(Major)-Irrigation Dept||Jorhat Circle||Majuli Division,Majuli,785106.0,3.0,"6,67,649",BIMAL KUMAR MATH,"667,613",Accepted-AOC,27-Nov-2025,Irrigation Department||Chief Engineer(Major)-Irrigation Dept||Jorhat Circle||Majuli Division
2024_PWD_39143_90,"CE/DEV/TB/213/2024-25/01 Dtd. Guwahati, 05th September, 2024",TE_RIDF_XXX_24_25_119 Construction of Tea Garden Line Roads of Satyanarayan TE under RIDF-XXX of NABARD for the year 2024-25,TE_RIDF_XXX_24_25_119 Construction of Tea Garden Line Roads of Satyanarayan TE under RIDF-XXX of NABARD for the year 2024-25,Works,Open Tender,Item Rate,Civil Works – Roads,No,No,NA ,25-Sep-2024 02:00 PM,30-Sep-2024 12:00 PM ,180.0,No ,No,Online,09-Oct-2024 02:30 PM,Public Works Roads Department,Dibrugarh,786001.0,2.0,"1,00,00,000",PG CONSTRUCTION,"10,000,000",Accepted-AOC,17-Dec-2025,Public Works Roads Department
2025_PCCF_46514_1,FS/Tender/SOPD/2025-26,"Construction of RCC Ladies Barrack 1 No with 3 storied provision at Assam Forest Protection Force, Basistha, Guwahati-29","Construction of RCC Ladies Barrack 1 No with 3 storied provision at Assam Forest Protection Force, Basistha, Guwahati-29",Works,Open Tender,Percentage,Civil Works,No,No,NA ,14-Aug-2025 05:00 PM,21-Aug-2025 01:00 PM ,180.0,No ,No,Online,08-Sep-2025 05:30 PM,Pr. Chief Conservator of Forest and Head of Forest Force||1st Assam Forest Protection Force,"Basistha, Guwahati",781029.0,2.0,"24,50,000",NABAJIT DEKA,"2,449,755",Rejected-Technical,24-Dec-2025,Pr. Chief Conservator of Forest and Head of Forest Force||1st Assam Forest Protection Force
2025_DHTS_44365_1,"SDT39/2023/13/6200, dt.15/05/2025",Supply of rearing equipment and disinfectant and prophylactic measure to Assistance to Existing Commercial Muga Rearer of the project Augmentation of Muga Silk Production through Muga farmers of Kamrup and Lakhimpur District of Assam,Supply of rearing equipment and disinfectant and prophylactic measure to Assistance to Existing Commercial Muga Rearer of the project Augmentation of Muga Silk Production through Muga farmers of Kamrup and Lakhimpur District of Assam,Goods,Open Tender,Supply,Supply of Materials,No,No,NA ,19-May-2025 04:00 PM,NA ,365.0,No ,No,Online,16-Jun-2025 04:00 PM,Department of Handloom Textile and Sericulture||Directorate of Sericulture,Kamrup and Dhakuakhana,781022.0,2.0,"1,10,00,000",DISHA ENTERPRISE,"10,818,000",Not Admitted-Fee/PreQual/Technical,06-Dec-2025,Department of Handloom Textile and Sericulture||Directorate of Sericulture
2025_ID_46051_8,NIT/TCI/3/2025/507,Installation of Solar Shallow Tube Well Scheme (08 Points) at Dhekiajuli Development Block in Sonitpur District under SOPD-G for the year 2025-26,Installation of Solar Shallow Tube Well Scheme (08 Points) at Dhekiajuli Development Block in Sonitpur District under SOPD-G for the year 2025-26,Works,Open Tender,Percentage,Civil Works,No,No,NA ,01-Aug-2025 10:00 AM,NA ,180.0,No ,No,Online,22-Aug-2025 03:00 PM,Irrigation Department||Chief Engineer(Major)-Irrigation Dept||Tezpur Circle,Dhekiajuli,784110.0,2.0,"53,96,800",JAYANTA PATHAK,"5,338,692",Accepted-AOC,19-Nov-2025,Irrigation Department||Chief Engineer(Major)-Irrigation Dept||Tezpur Circle
2025_CD_47087_1,HF/ENGG-3679/25-26/46,Construction of 50 bedded hostel separately for boys and girls under the scheme Dharti Aaba Janjatiya Gram Utkarsh Abhiyan at Garmari Anchalik HS in Morigaon district,Construction of 50 bedded hostel separately for boys and girls under the scheme Dharti Aaba Janjatiya Gram Utkarsh Abhiyan at Garmari Anchalik HS in Morigaon district,Works,Open Tender,Item Rate,Civil Works,No,No,NA ,29-Aug-2025 11:00 AM,01-Sep-2025 12:00 PM ,180.0,No ,No,Online,17-Sep-2025 11:00 AM,Cooperation Department||Assam State Co-operative Housing Federation Ltd.(HOUSEFED),"Garmari, Morigaon",782105.0,2.0,"3,56,20,240",Dinamani Haloi,"35,620,219",Rejected-AOC,04-Dec-2025,Cooperation Department||Assam State Co-operative Housing Federation Ltd.(HOUSEFED)
2025_DHUA_48294_1,GUCL/AUKH/93/24/15,Beautification of VIP Road from Six Mile to Patharquarry prioritising Pedestrian Infrastructure and Enhancing Safety,Beautification of VIP Road from Six Mile to Patharquarry prioritising Pedestrian Infrastructure and Enhancing Safety,Works,Open Tender,Works,Civil Works - Others,No,No,NA ,29-Oct-2025 05:45 PM,NA ,180.0,No ,No,Online,21-Nov-2025 02:30 PM,Department of Housing and Urban Affairs||Guwahati Utilities Company Limited,Vip Road,781036.0,2.0,"14,30,34,385",MEETEI CONSTRUCTION PRIVATE LIMITED,"142,076,055.5",Accepted-AOC,03-Dec-2025,Department of Housing and Urban Affairs||Guwahati Utilities Company Limited
2025_BoTC_47877_1,BTC/Dhansiri/01/2025 Pkg 02,10 Ha Artificial Regeneration (AR) Plantation (Erection of Fencing Work) under Mazbat Range,10 Ha Artificial Regeneration (AR) Plantation (Erection of Fencing Work) under Mazbat Range,Works,Open Tender,Works,Civil Works,No,No,NA ,08-Oct-2025 03:00 PM,NA ,180.0,No ,No,Online,29-Oct-2025 03:30 PM,Bodoland Territorial Council||Forests-BTC,DHANSIRI,782470.0,2.0,"29,38,816",HITESWAR BASUMATARY,"3,181,348.8",Rejected-Technical,12-Dec-2025,Bodoland Territorial Council||Forests-BTC
2024_APDCL_39133_1,CGM_D/APDCL_CAR/Dalmia Cement under KANCH EC/T33,"Installation of CT, CVT and 3Ph 4W ABT Meter at the sending and receiving end of Dalmia Cement North East Limited, Umrangso, Clinker Unit II under deposit scheme under KANCH Electrical Circle","Installation of CT, CVT and 3Ph 4W ABT Meter at the sending and receiving end of Dalmia Cement North East Limited, Umrangso, Clinker Unit II under deposit scheme under KANCH Electrical Circle",Works,Open Tender,Turn-key,Electrical Works,No,No,NA ,23-Sep-2024 10:00 AM,24-Sep-2024 10:00 AM ,180.0,No ,No,Online,30-Sep-2024 03:00 PM,Assam Power Distribution Company Ltd||CGM(D) Central Assam Region - APDCL,Kanch,788931.0,2.0,,Mudit Kumar Borah,"2,715,458",Rejected-Finance,05-Dec-2025,Assam Power Distribution Company Ltd||CGM(D) Central Assam Region - APDCL
2025_BTC_48597_1,No.ACE-31/EDN/IFB/2025-26/15,"Construction of 50 bedded hostel separately for boys and girls at Banargaon Anchalik H.S. School, Borobazar, Chirang. TN_61_12","Construction of 50 bedded hostel separately for boys and girls at Banargaon Anchalik H.S. School, Borobazar, Chirang. TN_61_12",Works,Open Tender,Item Rate,Civil Works - Building,No,No,NA ,13-Nov-2025 01:00 PM,NA ,180.0,No ,No,Online,10-Dec-2025 02:00 PM,Bodoland Territorial Council-PWD||Director Cum CHD - PWD BTC,Chirang,783390.0,2.0,"3,82,67,142",Sri Satho Basumatary,"38,256,470",Rejected-AOC,29-Dec-2025,Bodoland Territorial Council-PWD||Director Cum CHD - PWD BTC
2025_ICD_48830_1,EE-G/402/2007/Pt-I/42/900-903 dated 20/11/2025,Modification and upgradation including office furniture and fixtures of DICC Bongaigaon,Modification and upgradation including office furniture and fixtures of DICC Bongaigaon,Works,Open Tender,Item Rate,Civil Works,No,No,NA ,22-Nov-2025 02:00 PM,NA ,180.0,No ,No,Online,05-Dec-2025 02:30 PM,Industries and Commerce Department||Commissioner Industries and Commerce Assam||Office of the Ex Engineer,New Bongaigaon,783381.0,2.0,"49,87,188",MS UNIQUE CONSTRUCTION AND SUPPLY,"4,987,188",Rejected-Finance,08-Dec-2025,Industries and Commerce Department||Commissioner Industries and Commerce Assam||Office of the Ex Engineer
2025_UDD_47303_1,NHK_MB/15THFC/2025/26/7216,"Construction of Boundary wall around Material Recovery Facility and Waste to compost plant, Earth filling in dump site, for construction of Material recovery facility and Waste to compost plant, Construction of RETAINING wall around Material Recovery","Construction of Boundary wall around Material Recovery Facility and Waste to compost plant, Earth filling in dump site, for construction of Material recovery facility and Waste to compost plant, Construction of RETAINING wall around Material Recovery",Works,Open Tender,Item Rate,Civil Works - Others,No,No,NA ,05-Sep-2025 11:00 AM,16-Sep-2025 12:00 PM ,180.0,No ,No,Online,25-Sep-2025 03:00 PM,Urban Development Department||Directorate of Municipality Administration - UDD||Naharkatia Municipal Board,NAHARKATIA,786610.0,2.0,"1,33,17,798",M/S MINTU SAIKIA,"13,316,725.2",Accepted-AOC,23-Dec-2025,Urban Development Department||Directorate of Municipality Administration - UDD||Naharkatia Municipal Board
2025_WPTBC_48211_1,PTDC/Engg/2024-25/381(B),"Construction of ST Boys Hostel for 10 district of Assam under Article 275(1) of the Constitution of India during the year 2024-25 (North Lakhimpur College, North Lakhimpur)","Construction of ST Boys Hostel for 10 district of Assam under Article 275(1) of the Constitution of India during the year 2024-25 (North Lakhimpur College, North Lakhimpur)",Works,Open Tender,Item Rate,Civil Works,No,No,NA ,22-Oct-2025 05:30 PM,27-Oct-2025 11:30 AM ,180.0,No ,No,Online,06-Nov-2025 03:00 PM,Welfare of Plain Tribes and Backward Classes||Director - WPT and BC,"North Lakhimpur College, North Lakhimpur",787031.0,2.0,"1,00,00,000",GP ENTERPRISE,"9,000,000",Accepted-AOC,09-Dec-2025,Welfare of Plain Tribes and Backward Classes||Director - WPT and BC
2023_NHM_31179_1,32023/11/2022-Const-NHM/148,Construction of Buildingless Sub Health Centre at SINGIA SC in Nagaon District under PM ABHIM for the FY 2022 23 under NHM Assam on Turn Key Basis,Construction of Buildingless Sub Health Centre at SINGIA SC in Nagaon District under PM ABHIM for the FY 2022 23 under NHM Assam on Turn Key Basis,Works,Open Tender,Turn-key,Civil Works - Building,No,No,NA ,13-Jun-2023 02:00 PM,NA ,180.0,No ,No,Online,27-Jun-2023 03:30 PM,National Health Mission||State Programme Management Unit - NHM,Nagaon District,782001.0,2.0,"52,03,000",MS Unique Construction,"4,940,000",Rejected-Finance,04-Dec-2025,National Health Mission||State Programme Management Unit - NHM
2025_ASPIR_43723_1,AS-CFMS/FMIS/RFP/297940,Technical support service including Helpdesk and Operation and Maintenance for Financial Management Information System (FMIS) under Finance Department Government of Assam,RFP for Technical support service including Helpdesk and Operation and Maintenance for Financial Management Information System (FMIS) under Finance Department Government of Assam,Services,Limited,Item Rate,Consultancy,No,No,NA ,24-Mar-2025 04:00 PM,02-Apr-2025 03:00 PM ,180.0,No ,No,Online,07-May-2025 04:00 PM,Finance Department - World Bank Tenders||Assam State Public Finance Institutional Reforms,F Block Janata Bhawan Dispur Guwahati Assam,781005.0,2.0,"43,41,00,000",SRIT India Private Limited,"422,222,790.32",Rejected-Finance,26-Dec-2025,Finance Department - World Bank Tenders||Assam State Public Finance Institutional Reforms
2025_WPTBC_45889_1,TKAC/07 /2024-25- Part-II Dated 24th July 25,SUPPLY OF ITEMS FOR THE YEAR 2024-25,SUPPLY OF ITEMS FOR THE YEAR 2024-25,Goods,Open Tender,Item Rate,Miscellaneous Goods,No,No,NA ,24-Jul-2025 06:00 PM,28-Jul-2025 03:00 PM ,180.0,No ,No,Online,16-Aug-2025 02:00 PM,Welfare of Plain Tribes and Backward Classes||Director - WPT and BC||Thengal Kachari Autonomous Council,Jorhat,785630.0,2.0,,SELECTION,"2,800",Rejected-AOC,12-Dec-2025,Welfare of Plain Tribes and Backward Classes||Director - WPT and BC||Thengal Kachari Autonomous Council
2025_ITFCD_47532_1,E-694612,Facade lighting at Assam State Museum,Facade lighting at Assam State Museum,Services,Open Tender,Works,Miscellaneous Services,No,No,NA ,17-Sep-2025 12:00 PM,25-Sep-2025 12:30 PM ,270.0,No ,No,Online,09-Oct-2025 02:00 PM,Indigenous and Tribal Faith and Culture Department||Directorate of Museums,Assam State Muuseum,781001.0,2.0,"39,10,953",VERSHA TECHNOTRADE PVT LTD,"3,908,453",Rejected-AOC,10-Dec-2025,Indigenous and Tribal Faith and Culture Department||Directorate of Museums
2025_DOT_45136_1,ATDC/CS/673/2025/537 dt. 11.06.2025,"Development of Howly Smashan, Howly, Barpeta","Development of Howly Smashan, Howly, Barpeta",Works,Open Tender,Item Rate,Civil Works - Others,No,No,NA ,24-Jun-2025 04:00 PM,25-Jun-2025 12:00 PM ,180.0,No ,No,Online,08-Jul-2025 01:00 PM,Department of Tourism||Assam Tourism Development Corporation Ltd. - DOT||HO-Guwahati-ATDCL - DOT,"Howly, Barpeta",781316.0,2.0,"39,61,355",Uttam Karmakar,"3,565,219.5",Rejected-AOC,08-Dec-2025,Department of Tourism||Assam Tourism Development Corporation Ltd. - DOT||HO-Guwahati-ATDCL - DOT
2025_UDD_48642_1,DMB/15th FC/TG/2025/768,Extension of water pipeline at Don Bosco Road and Bye Lanes at Ward No.-03 and 04 of Dergaon Municipal Board for Dergaon Town Water Supply Schemes under 15th FC Tied Grant 1st Installment for the FY 2023 24,Extension of water pipeline at Don Bosco Road and Bye Lanes at Ward No.-03 and 04 of Dergaon Municipal Board for Dergaon Town Water Supply Schemes under 15th FC Tied Grant 1st Installment for the FY 2023- 24,Works,Open Tender,Item Rate,Civil Works - Others,No,No,NA ,15-Nov-2025 03:00 PM,26-Nov-2025 11:00 AM ,180.0,No ,No,Online,05-Dec-2025 02:30 PM,Urban Development Department||Directorate of Municipality Administration - UDD||Dergaon Municipal Board,"Dergaon Town, Ward No.-03 and 04",785614.0,2.0,"1,17,13,350",TUTU UPADHAYA,"11,700,000",Rejected-Technical,23-Dec-2025,Urban Development Department||Directorate of Municipality Administration - UDD||Dergaon Municipal Board
2025_APDCL_46363_1,APDCL/CGMRE/Ahotguri/TWR/1A_RT,"Electrification of Subidha Chapori village of Ahotguri GP under Jorhat El. Circle, APDCL (Pkg-A) (Re-Tender)","Construction of 11 KV single circuit line with 132 KV, D6 type tower for crossing over tributaries of Brahmaputra River as a part of extension of existing 11 KV feeder for electrification of Subidha Chapori village of Ahotguri GP under Majuli LAC",Works,Open Tender,Turn-key,Electrical Works,No,No,NA ,13-Aug-2025 03:00 PM,14-Aug-2025 03:00 PM ,180.0,No ,No,Online,27-Aug-2025 03:00 PM,Assam Power Distribution Company Ltd||CGM(Rural Electrification) - APDCL,Ahotguri,785614.0,2.0,"4,01,96,474",M/s Habibar Rahman,"40,032,774",Rejected-AOC,05-Dec-2025,Assam Power Distribution Company Ltd||CGM(Rural Electrification) - APDCL
2024_APDCL_41198_1,APDCL_11kV_VCB_panel,APDCL_11kV VCB_Panel,Supply of 4 Nos 11kV VCB Panel,Goods,Open Tender,Supply,Supply of Materials,No,No,NA ,13-Dec-2024 05:00 PM,20-Dec-2024 12:00 PM ,180.0,No ,No,Online,18-Feb-2025 02:00 PM,Assam Power Distribution Company Ltd||CGM(PP and D) - APDCL,Sivsagar and Golaghat,785696.0,2.0,"1,99,39,640",Stelmec Limited,"21,657,422.64",Rejected-Technical,04-Dec-2025,Assam Power Distribution Company Ltd||CGM(PP and D) - APDCL
2025_PWD_45554_5,CE/STBR/09/NIT/RIDF-XXXI/2025 26/1 Dated 24-06-2025,STBR/RIDF-XXXI/BAJALI-02/05 Construction of RCC Br. No.1/1 on Tengapakritol to Bhotanta Mohitara village Road to Chatemari Shiva Mandir Including Bridge Approach under Mukhya Mantrir Unnata Paki Path Nirman Achani (MMUPPNA) under RIDF-XXXI for the ye,STBR/RIDF-XXXI/BAJALI-02/05 Construction of RCC Br. No.1/1 on Tengapakritol to Bhotanta Mohitara village Road to Chatemari Shiva Mandir Including Bridge Approach under Mukhya Mantrir Unnata Paki Path Nirman Achani (MMUPPNA) under RIDF-XXXI for the ye,Works,Open Tender,Item Rate,Civil Works – Roads,No,No,NA ,14-Jul-2025 04:00 PM,17-Jul-2025 11:00 AM ,180.0,No ,No,Online,01-Aug-2025 11:00 AM,Public Works Roads Department,Bajali,781325.0,2.0,"1,59,38,000",MS TRIRANV ASSOCIATES,"15,938,000",Rejected-AOC,19-Dec-2025,Public Works Roads Department
2025_UDD_47456_1,DM/15th FC(Untied fund)/2025-26/469,Construction of RCC G 4 Multi Storied Building at the place of Old Staff Quarter Ward No 1 Dhubri under 15th FC UnTied basic Grant 1st Installment for the 2022-23 during the year 2023-24,Construction of RCC G 4 Multi Storied Building at the place of Old Staff Quarter Ward No 1 Dhubri under 15th FC UnTied basic Grant 1st Installment for the 2022-23 during the year 2023-24,Works,Open Tender,Item Rate,Civil Works,No,No,NA ,12-Sep-2025 05:00 PM,23-Sep-2025 12:00 PM ,180.0,No ,No,Online,06-Oct-2025 02:00 PM,Urban Development Department||Directorate of Municipality Administration - UDD||Dhubri Municipal Board,"Old Staff Quarter, Ward No. 1, Dhubri",783301.0,2.0,"94,28,567",NIRMALYA MITRA,"8,485,710.3",Rejected-AOC,04-Dec-2025,Urban Development Department||Directorate of Municipality Administration - UDD||Dhubri Municipal Board
2025_APDCL_44439_1,"CGM(D)/APDCL/LAR/NRL DHEKIJHARA, SIPAJHAR/2025-26/02","Construction of 33 KV line to provide power supply to Numaligarh Refinery Limited, CO Lakhyadhar Kalita, Vill Patgirichuba, P.O. Dhekipara, Sipajhar, Dist Darrang Assam under Sipajhar ESD under deposit work on Full Turnkey Mode","Construction of 33 KV line to provide power supply to Numaligarh Refinery Limited, CO Lakhyadhar Kalita, Vill Patgirichuba, P.O. Dhekipara, Sipajhar, Dist Darrang Assam under Sipajhar ESD under deposit work on Full Turnkey Mode",Works,Open Tender,Turn-key,Electrical Works,No,No,NA ,22-May-2025 09:00 AM,27-May-2025 02:00 PM ,460.0,No ,No,Online,10-Jun-2025 02:00 PM,Assam Power Distribution Company Ltd||CGM(D) Lower Assam Region - APDCL,sipajhar,784145.0,2.0,"11,17,52,967",HARSH JYOTI BAISHYA,"75,700,746.5",Accepted-AOC,31-Oct-2025,Assam Power Distribution Company Ltd||CGM(D) Lower Assam Region - APDCL
2025_PWD_46706_1,CE/DEV/TB/120/2025-26/01 Dtd- 31.07.2025,"SOPD_G_25_26_27 Improvement of (1) Massata Village Road, (2) Daspara Road, (3) Lampara to IGC Road, (4) NEC Uparpara Road, (5) Road from Bidyanagar to Hareswar Path, (6) Bye No. 1, 2 and 3 of Nowapara to Narayanpur Road, (7) Nowagaon Road, (8) Lampar","SOPD_G_25_26_27 Improvement of (1) Massata Village Road, (2) Daspara Road, (3) Lampara to IGC Road, (4) NEC Uparpara Road, (5) Road from Bidyanagar to Hareswar Path, (6) Bye No. 1, 2 and 3 of Nowapara to Narayanpur Road, (7) Nowagaon Road, (8) Lampar",Works,Open Tender,Item Rate,Civil Works – Roads,No,No,NA ,20-Aug-2025 09:00 AM,21-Aug-2025 12:00 PM ,180.0,No ,No,Online,04-Sep-2025 02:30 PM,Public Works Roads Department,Kamrup,781001.0,2.0,"59,42,36,000",ANIL DAS CONSTRUCTION PVT LTD,"594,236,000",Accepted-AOC,01-Dec-2025,Public Works Roads Department
2025_MDRDE_45830_1,IN-AHIDMS-500375-CW-RFB,Repair and Renovation works of Civil Hospital of Goalpara,Repair and Renovation works of Civil Hospital of Goalpara,Works,Open Tender,Item Rate,Civil Works - Building,No,No,NA ,22-Jul-2025 06:00 PM,12-Aug-2025 03:00 PM ,90.0,No ,No,Online,05-Sep-2025 03:00 PM,Medical Education and Research Department- Externally Aided Project||Assam Health Infrastructure Development and Management Society,Goalpara,783101.0,2.0,"22,34,00,000",M/S MAQ INFRA PROJECTS,"326,696,213",Rejected-Finance,14-Nov-2025,Medical Education and Research Department- Externally Aided Project||Assam Health Infrastructure Development and Management Society
2025_ID_46023_1,11 (SOPD-G) 2025-26 Dated_28_07_2025,"Fabrication, Supply and Installation of Solar Powered cart Mounted Multifunctional I/S, Mobile LIS under SOPD-G (Innovative Schemes) for the year 2025-26 under Biswanath-Behali Div(I). Package_1","Fabrication, Supply and Installation of Solar Powered cart Mounted Multifunctional I/S, Mobile LIS under SOPD-G (Innovative Schemes) for the year 2025-26 under Biswanath-Behali Div(I). Package_1",Works,Open Tender,Item Rate,Civil Works,No,No,NA ,29-Jul-2025 06:00 PM,08-Aug-2025 02:00 PM ,180.0,No ,No,Online,22-Aug-2025 03:00 PM,Irrigation Department||Chief Engineer(Major)-Irrigation Dept,Biswanath,784176.0,2.0,"2,09,43,770",Bubul Gogoi,"20,938,774.54",Rejected-Finance,18-Dec-2025,Irrigation Department||Chief Engineer(Major)-Irrigation Dept
2025_BoTC_44450_1,DA/BTC/K/e-Tender/2025-26/06,"Supply of Sesamum Seeds against the scheme Crop Diversification (Cultivation of Sesamum) under Horticulture and Vegetable Crops, SOPD for the year 2025-26.","Supply of Sesamum Seeds against the scheme Crop Diversification (Cultivation of Sesamum) under Horticulture and Vegetable Crops, SOPD for the year 2025-26.",Goods,Open Tender,Supply,Crop Products,No,No,NA ,22-May-2025 02:00 PM,NA ,90.0,No ,No,Online,11-Jun-2025 03:00 PM,Bodoland Territorial Council||Agriculture-BTC,"O/o the Director of Agriculture, BTC, Kokrajhar",783370.0,2.0,"40,00,000",J.A. ENTERPRISE,230.0,Rejected-Finance,14-Jul-2025,Bodoland Territorial Council||Agriculture-BTC
2025_PWRDW_42372_5,CE/EAP/ARRBP02TENDERS2024/36,Construction of Bridge in Dhubri district Br. No. 1/1 on Alomganj Fulkatari Road to Boro Chirakhowa,CE/EAP/ARRBP/OCB/Bridge-1/Dhubri/16 Construction of Bridge in Dhubri district Br. No. 1/1 on Alomganj Fulkatari Road to Boro Chirakhowa,Works,Open Tender,Item Rate,Civil Works,No,No,NA ,29-Jan-2025 06:55 PM,06-Feb-2025 11:00 AM ,90.0,No ,No,Online,18-Feb-2025 02:30 PM,Public Works Roads Department-Externally Aided Project||Public Works Road Department- World Bank Funded Tenders||Assam State Bridge Infrastructure Program,Dhubri,783301.0,2.0,"5,13,40,000",Foyzal Hoque,"56,474,000",Accepted-AOC,24-Dec-2025,Public Works Roads Department-Externally Aided Project||Public Works Road Department- World Bank Funded Tenders||Assam State Bridge Infrastructure Program
2025_PWD_46237_1,CE/BR/2/2024-25/26,Cachar/CRIF (Setu Bandhan)/2024-25/01,"Construction of RCC Bridge No. 1 by1 over river Barak at Gandhighat near Rice Mill connecting Madhuramukh with Silchar Town including approach and protection works under Central Road Infrastructure Fund (CRIF) for the year 2024-25, Bridge Length 340m",Works,Open Tender,Item Rate,Civil Works – Roads,No,No,NA ,07-Aug-2025 04:55 PM,18-Aug-2025 02:00 PM ,180.0,No ,No,Online,04-Sep-2025 11:00 AM,Public Works Roads Department,Cachar,788001.0,2.0,"97,68,59,880",D2S Infrastructures Pvt. Ltd,"799,148,133",Accepted-AOC,23-Dec-2025,Public Works Roads Department
2022_PWBNH_24137_9,CE/TB-III/83/2021/17 Dtd 27th January 2022,"GMCH/ PICU-40 Establishment of Paediatric centre unit (ii) 10 Bedded/ 30 Bedded ICU at GMCH (at 3rd Floor Emergency Block), Guwahati, Assam (Under ECRP-II)","GMCH/ PICU-40 Establishment of Paediatric centre unit (ii) 10 Bedded/ 30 Bedded ICU at GMCH (at 3rd Floor Emergency Block), Guwahati, Assam (Under ECRP-II)",Works,Open Tender,Item Rate,Civil Works - Building,No,No,NA ,28-Jan-2022 06:55 PM,29-Jan-2022 11:00 AM ,180.0,No ,No,Offline,02-Feb-2022 02:30 PM,Public Works Building and NH Department||Chief Engineer-Building - PWBNH,Guwahati,781032.0,2.0,"99,72,000",Shree Gautam Construction Co Ltd,"10,548,627",Rejected-AOC,03-Dec-2025,Public Works Building and NH Department||Chief Engineer-Building - PWBNH
2022_PWBNH_24137_8,CE/TB-III/83/2021/17 Dtd 27th January 2022,"GMCH/ COE-12 Establishment of Paediatric centre of Excellences(COE) at Gauhati Medical College and Hospital step-down (at 3rd floor of Emergency BLDG) (8 Plus 4) ICU in Guwahati, Assam","GMCH/ COE-12 Establishment of Paediatric centre of Excellences(COE) at Gauhati Medical College and Hospital step-down (at 3rd floor of Emergency BLDG) (8 Plus 4) ICU in Guwahati, Assam",Works,Open Tender,Item Rate,Civil Works - Building,No,No,NA ,28-Jan-2022 06:55 PM,29-Jan-2022 11:00 AM ,180.0,No ,No,Offline,02-Feb-2022 02:30 PM,Public Works Building and NH Department||Chief Engineer-Building - PWBNH,Guwahati,781032.0,2.0,"48,67,000",Shree Gautam Construction Co Ltd,"5,319,098",Rejected-AOC,03-Dec-2025,Public Works Building and NH Department||Chief Engineer-Building - PWBNH
2025_GMDA_48376_1,GMDA/DEV/53 /2025/04,"Construction of Public Plaza Cum Commercial Space at Jagiroad, Assam","Construction of Public Plaza Cum Commercial Space at Jagiroad, Assam",Works,Open Tender,Lump-sum,Civil Works,No,No,NA ,03-Nov-2025 02:00 PM,14-Nov-2025 11:30 AM ,120.0,No ,No,Online,25-Nov-2025 03:15 PM,Guwahati Metropolitan Development Authority||Guwahati Development Department - GMDA,JAGIROAD,782410.0,2.0,"13,84,75,780",THE MM ASSOCIATES,"137,783,000",Rejected-AOC,16-Dec-2025,Guwahati Metropolitan Development Authority||Guwahati Development Department - GMDA
2025_PWD_47256_1,SOPD(G)CDTRD/SONARI/2025-26/07,SOPD(G)CDTRD/SONARI/2025-26/07,Construction of GWC road (i)Tokolimua Ouguri Than Ali (Ch.0 m to Ch. 1000m) and (ii)Garukhuwa Habisuburi to Teakporiya Road (Ch.0 m to Ch. 1000m) (Total Length 2Km) under SOPD-G for the year 2025-26 District Charaideo in Sonari LAC,Works,Open Tender,Item Rate,Civil Works – Roads,No,No,NA ,10-Sep-2025 02:00 PM,17-Sep-2025 01:00 PM ,180.0,No ,No,Online,26-Sep-2025 02:00 PM,Public Works Roads Department,SONARI LAC,785690.0,2.0,,DEBEN GOGOI,"2,553,662",Accepted-AOC,12-Dec-2025,Public Works Roads Department
2025_DHTS_44493_1,"SDT.3/2025/13/6866, dt.21/05/2025",Supply of Rearing and Mounting equipment to Eri Rearers of the project Upliftment of Socio Economic Status of Womenfolk of Dhekiajuli LAC under Sonitpur District Assam through Development of Ericulture under Silk Samagra2,Supply of Rearing and Mounting equipment to Eri Rearers of the project Upliftment of Socio Economic Status of Womenfolk of Dhekiajuli LAC under Sonitpur District Assam through Development of Ericulture under Silk Samagra2,Goods,Open Tender,Supply,Supply of Materials,No,No,NA ,23-May-2025 05:30 PM,02-Jun-2025 03:00 PM ,360.0,No ,No,Online,20-Jun-2025 03:00 PM,Department of Handloom Textile and Sericulture||Directorate of Sericulture,Dhekiajuli,784110.0,2.0,"78,10,000",D FASHION,"6,482,300",Accepted-AOC,19-Dec-2025,Department of Handloom Textile and Sericulture||Directorate of Sericulture
2025_PWD_45554_4,CE/STBR/09/NIT/RIDF-XXXI/2025 26/1 Dated 24-06-2025,STBR/RIDF-XXXI/BAJALI-01/04 Construction of Bridge no.1/1 on NH127A to Halgirighat Roy Supa Road including Approach road under Mukhya Mantrir Unnata Paki Path Nirman Achani (MMUPPNA) under RIDF-XXXI for the year 2025-26,STBR/RIDF-XXXI/BAJALI-01/04 Construction of Bridge no.1/1 on NH127A to Halgirighat Roy Supa Road including Approach road under Mukhya Mantrir Unnata Paki Path Nirman Achani (MMUPPNA) under RIDF-XXXI for the year 2025-26,Works,Open Tender,Item Rate,Civil Works – Roads,No,No,NA ,14-Jul-2025 04:00 PM,17-Jul-2025 11:00 AM ,180.0,No ,No,Online,01-Aug-2025 11:00 AM,Public Works Roads Department,Bajali,781325.0,2.0,"1,51,29,000",BHASKAR BARMAN,"15,124,000",Accepted-AOC,04-Dec-2025,Public Works Roads Department
2025_PHED_47906_1,SEPH/TEZ/TC-196/2025-26/ 905-911 Dated 08/10/2025,"Utility Shifting of Bahumari Pipe Water Supply Scheme under SOPD for the year 2025-26 under Tezpur Division No-I, Tezpur, Sonitpur","Utility Shifting of Bahumari Pipe Water Supply Scheme under SOPD for the year 2025-26 under Tezpur Division No-I, Tezpur, Sonitpur",Works,Open Tender,Item Rate,Civil Works - Water Works,No,No,NA ,09-Oct-2025 10:00 AM,15-Oct-2025 11:00 AM ,90.0,No ,No,Online,07-Nov-2025 02:00 PM,Public Health Engineering Department||Chief Engineer PHE(P)-Assam-PHED||North Assam Zone-Tezpur-PHED||Tezpur Circle-Tezpur-PHED,"Rangapara, Sonitpur",784505.0,2.0,"20,51,942",SRI BIPUL MECH,"1,991,417",Rejected-AOC,19-Dec-2025,Public Health Engineering Department||Chief Engineer PHE(P)-Assam-PHED||North Assam Zone-Tezpur-PHED||Tezpur Circle-Tezpur-PHED
2025_PCCF_48372_1,2/AVD/2025-26,Construction of Erection of Fencing at Kashibari in Kakoijana RF under CAMPA Scheme of Aie Valley Division Bongaigaon,Construction of Erection of Fencing at Kashibari in Kakoijana RF under CAMPA Scheme of Aie Valley Division Bongaigaon,Goods,Open Tender,Works,Civil Construction Goods,No,No,NA ,01-Nov-2025 05:00 PM,21-Nov-2025 11:30 AM ,180.0,No ,No,Online,25-Nov-2025 01:00 PM,Pr. Chief Conservator of Forest and Head of Forest Force||Chief Conservator of Forests Social Forestry||Lower Assam Social Forestry Circle||Aie Valley Division,Kashibari,783384.0,2.0,"17,73,948",ASM BROTHERS,"1,596,553.2",Rejected-AOC,26-Dec-2025,Pr. Chief Conservator of Forest and Head of Forest Force||Chief Conservator of Forests Social Forestry||Lower Assam Social Forestry Circle||Aie Valley Division
2025_WPTBC_49440_1,SCDCTaburamTaid2,"Construction of Library, Museum, Community Hall and Gate at Taburam Taid Memorial Complex at Gogamukh","Construction of Library, Museum, Community Hall and Gate at Taburam Taid Memorial Complex at Gogamukh",Works,Open Tender,Item Rate,Civil Works,No,No,NA ,17-Dec-2025 06:30 PM,NA ,180.0,No ,No,Online,23-Dec-2025 03:00 PM,Welfare of Plain Tribes and Backward Classes||Directorate of Welfare of Scheduled Caste||Assam State Development Corporation for SC,"DISPUR, GHY-06",781006.0,2.0,"1,65,00,000",S S ENTERPRISE,"16,499,985",Rejected-AOC,31-Dec-2025,Welfare of Plain Tribes and Backward Classes||Directorate of Welfare of Scheduled Caste||Assam State Development Corporation for SC
2025_WPTBC_43077_1,PTDC/Engg/2023-24/278,Repairing and Renovation of Rest House cum Cultural Centre and Museum Building at Rupnagar for the year 2024-25,Repairing and Renovation of Rest House cum Cultural Centre and Museum Building at Rupnagar for the year 2024-25,Works,Open Tender,Item Rate,Civil Works,No,No,NA ,25-Feb-2025 11:00 AM,03-Mar-2025 11:00 AM ,120.0,No ,No,Online,18-Mar-2025 03:30 PM,Welfare of Plain Tribes and Backward Classes||Director - WPT and BC,Rupnagar,781032.0,2.0,"53,73,700",BIMAL TANTI,"4,836,330",Rejected-Technical,08-Dec-2025,Welfare of Plain Tribes and Backward Classes||Director - WPT and BC
2024_PWRDW_39033_1,CEEAPARRBP111TENDERS2024Pt-I25,Construction of Bridge in Tinsukia district i) Br. No. 2/1 on Phillobari to Chikara Jan via Phillibari TE Road,CE/EAP/ARRBP/OCB/Bridge-1/Tinsukia/08 Construction of Bridge in Tinsukia district i) Br. No. 2/1 on Phillobari to Chikara Jan via Phillibari TE Road,Works,Open Tender,Item Rate,Civil Works - Bridges,No,No,NA ,16-Sep-2024 05:55 PM,23-Sep-2024 11:00 AM ,90.0,No ,No,Online,30-Sep-2024 02:30 PM,Public Works Roads Department-Externally Aided Project||Public Works Road Department- World Bank Funded Tenders||Assam State Bridge Infrastructure Program,Tinsukia,786125.0,2.0,"1,60,19,000",Umbrey Trade Agency,"16,558,261",Rejected-Technical,09-Dec-2025,Public Works Roads Department-Externally Aided Project||Public Works Road Department- World Bank Funded Tenders||Assam State Bridge Infrastructure Program
2024_HFWD_40171_1,Homeo Medicines 534 items,Homoeopathic Medicines 534 items,Homoeopathic Medicines,Goods,Open Tender,Item Wise,Medicines,No,No,NA ,02-Nov-2024 02:00 PM,08-Nov-2024 03:00 PM ,180.0,No ,No,Online,16-Dec-2024 04:00 PM,Health and Family Welfare Department||Assam Medical Services Corporation Limited,AMSCL,781026.0,2.0,"1,10,00,000",THE PUNJAB HOMOEOPATHIC PHARMACY AND OTHERS CO OPERATIVE INDUSTRIAL SOCIETY LTD,100.0,Accepted-AOC,23-Dec-2025,Health and Family Welfare Department||Assam Medical Services Corporation Limited
2025_KAAC_48261_1,ACEH/CS/SSA/03/2025-26/RE43,Construction of 50 bedded hostel separately for boys and girls at Baithalangso HS School(Upgraded to Secondary School) under the scheme Dharti Aaba Janjatiya Gram Utkarsh Abhiyan,Construction of 50 bedded hostel separately for boys and girls at Baithalangso HS School(Upgraded to Secondary School) under the scheme Dharti Aaba Janjatiya Gram Utkarsh Abhiyan,Works,Open Tender,Item Rate,Civil Works - Building,No,No,NA ,28-Oct-2025 11:00 AM,29-Oct-2025 12:00 PM ,180.0,No ,No,Online,01-Nov-2025 11:00 AM,Karbi Anglong Autonomous Council||PWD||Addl. Chief Engineer Diphu,Chinthong,782441.0,2.0,"3,78,75,000",MENSING KRO,"37,874,999.55",Accepted-AOC,30-Dec-2025,Karbi Anglong Autonomous Council||PWD||Addl. Chief Engineer Diphu
2025_ICD_46142_1,DNPL/PL/MIT/IP2RS/63/2025/03,PROCUREMENT OF WORKS FOR 16 INCH DIA PIPELINE INSTALLATION ACROSS DHANSIRI RIVER BY HDD METHOD HOOKUP WITH EXISTING PIPELINE 5 JOINTS AND DEWATERING AND SWABBING AND EGP OF 55 KM REPLACED PIPELINE DRYING AND NITROGEN PURGING AND COMMISSIONING,PROCUREMENT OF WORKS FOR 16 INCH DIA PIPELINE INSTALLATION ACROSS DHANSIRI RIVER BY HDD METHOD HOOKUP WITH EXISTING PIPELINE 5 JOINTS AND DEWATERING AND SWABBING AND EGP OF 55 KM REPLACED PIPELINE DRYING AND NITROGEN PURGING AND COMMISSIONING,Works,Limited,Works,Oil/Gas,No,No,NA ,05-Aug-2025 11:30 AM,08-Aug-2025 11:30 AM ,180.0,No ,No,Online,11-Aug-2025 03:00 PM,Industries and Commerce Department||DNP Limited,"DNP LIMTED, Madhuban",786602.0,1.0,,TOLANI PROJECTS PRIVATE LIMTIED,"31,915,000",Rejected-Technical,16-Dec-2025,Industries and Commerce Department||DNP Limited
2025_PWBNH_45246_1,TECH/U_BDTD/BLDG/IFB/2025-26,Construction of Staff Qtr. Of Bhakatpara State Dispensary under HFW Deptt. BTC under Udalguri District,Construction of Staff Qtr. Of Bhakatpara State Dispensary under HFW Deptt. BTC under Udalguri District,Works,Open Tender,Item Rate,Civil Works - Building,No,No,NA ,01-Jul-2025 10:00 AM,07-Jul-2025 11:00 AM ,180.0,No ,No,Online,10-Jul-2025 04:00 PM,Public Works Building and NH Department||Chief Engineer-Building - PWBNH,Udalguri,784509.0,2.0,"36,07,140",PIONEER ENTERPRISE,"3,606,914",Rejected-Technical,08-Dec-2025,Public Works Building and NH Department||Chief Engineer-Building - PWBNH
2025_ID_46019_1,09 (SOPD-G) 2025-26 Date_28 _07_2025,"Installation of 7 Nos of MDTW Scheme at Demow LAC under SOPD-G for the year 2025-26 under Sivasagar-Demow Division, (I) Sivasagar (Package No.01)","Installation of 7 Nos of MDTW Scheme at Demow LAC under SOPD-G for the year 2025-26 under Sivasagar-Demow Division, (I) Sivasagar (Package No.01)",Works,Open Tender,Item Rate,Civil Works,No,No,NA ,29-Jul-2025 06:00 PM,08-Aug-2025 02:00 PM ,180.0,No ,No,Online,22-Aug-2025 03:00 PM,Irrigation Department||Chief Engineer(Major)-Irrigation Dept,Demow,785662.0,2.0,"2,01,60,010",Sanjeev Baruah,"20,160,009",Rejected-Finance,25-Dec-2025,Irrigation Department||Chief Engineer(Major)-Irrigation Dept
2025_PWD_43804_1,"CE/DEV/MMNPPNA/714/2024-25/07 Dtd Guwahati 24th March,2025","i) Improvement of Maibang Troper Town road (Gaurab path), (ii) Construction of RCC Drain at Horichandrapur (Ch 0.00m to 109.5m), (iii) Construction of RCC Drain at Horichandrapur (Ch 250.00m to 359.5m), (iv) Construction of CC Drain at Khasmaipur Vil","i) Improvement of Maibang Troper Town road (Gaurab path), (ii) Construction of RCC Drain at Horichandrapur (Ch 0.00m to 109.5m), (iii) Construction of RCC Drain at Horichandrapur (Ch 250.00m to 359.5m), (iv) Construction of CC Drain at Khasmaipur Vil",Works,Open Tender,Item Rate,Civil Works – Roads,No,No,NA ,26-Mar-2025 06:30 PM,NA ,180.0,No ,No,Online,02-Apr-2025 02:30 PM,Public Works Roads Department,Maibang,788831.0,2.0,"2,00,00,000",SRI RUPANJIT LANGTHASA,"20,000,000",Accepted-AOC,17-Dec-2025,Public Works Roads Department
2025_PWD_46723_6,CE/MAINT/SOPDG/01/2025-26/16,MAINT/SOPD-G/2025-26/130,"MAINT/SOPD-G/2025-26/130_1_Construction of Road from Kalapani Garopara to Bengden (Ch. 0.00m to Ch. 500m), 2_Improvement of NH_37 Ashudubi Chariali to Krishnai Almirah Factory via Sankar Dev Shishu Vidya Niketan Road (from ch. 0.35 km to 1.00 km) and",Works,Open Tender,Item Rate,Civil Works – Roads,No,No,NA ,20-Aug-2025 05:00 PM,20-Aug-2025 05:00 PM ,180.0,No ,No,Online,04-Sep-2025 03:00 PM,Public Works Roads Department,Goalpara,783101.0,2.0,"90,89,000",Ebrahim Ali Shah,"9,085,970",Not Admitted-Fee/PreQual/Technical,19-Dec-2025,Public Works Roads Department
2025_DoWR_42655_2,CACHAR/2024-25/RIDF-II/I,Anti-erosion measures to protect Shivastan area from the erosion of river chiri on its R/B.,Anti-erosion measures to protect Shivastan area from the erosion of river chiri on its R/B.,Works,Open Tender,Works,Civil Works,No,No,NA ,12-Sep-2025 06:55 PM,NA ,180.0,No ,No,Online,07-Oct-2025 03:00 PM,Department of Water Resources||Chief Engineer - DoWR,Cachar,788001.0,2.0,"3,47,06,832",TITU KUMAR DAS,"34,656,347",Rejected-AOC,31-Dec-2025,Department of Water Resources||Chief Engineer - DoWR
2025_APDCL_45851_1,APDCL/CGM_RE/RDSS_Addl_HH-41,"Electrification of UE households in Cachar Dist. (Addl. Pkg.) of Assam under RDSS, Addl. HH","Electrification of additional un-electrified households in the State of Assam under Revamped Reforms Linked Results Based Distribution Sector Scheme (RDSS, Addl. HH) for additional Package of Cachar District",Works,Open Tender,Turn-key,Electrical Works,No,No,NA ,24-Jul-2025 03:00 PM,28-Jul-2025 02:00 PM ,180.0,No ,No,Online,07-Aug-2025 03:00 PM,Assam Power Distribution Company Ltd||CGM(Rural Electrification) - APDCL,Cachar,788001.0,2.0,"17,21,51,754",Ennaar Poles,"175,657,293.12",Accepted-AOC,10-Dec-2025,Assam Power Distribution Company Ltd||CGM(Rural Electrification) - APDCL
2025_DoIT_45449_1,AEDC/HRD/RFP/Mediclaim/25-26/1,Group Mediclaim Policy For working and retired employees of AMTRON and Group Accidental Policy For working employees of AMTRON,Group Mediclaim Policy For working and retired employees of AMTRON and Group Accidental Policy For working employees of AMTRON,Services,Open Tender,Item Rate,Miscellaneous Services,No,No,NA ,08-Jul-2025 04:35 PM,NA ,180.0,No ,No,Online,02-Aug-2025 03:00 PM,Principal Secretary-Department of Information Technology||Assam Electronics Development Corporation Ltd-DoIT,Guwahati,781021.0,2.0,,NATIONAL INSURANCE COMPANY LIMITED,"6,385,098",Accepted-AOC,19-Dec-2025,Principal Secretary-Department of Information Technology||Assam Electronics Development Corporation Ltd-DoIT
2025_WPTBC_48994_1,PTDC/Engg/2024-25/448,"Establishment of Tribal Multipurpose Marketing centre at Dhemaji, Gaparagaon map under Goamukh Revenue Circle under the scheme Dharti Aaba Janajatiya Gram Utkarsh Abhiyan (DAJGUA) during the year 2025-26","Establishment of Tribal Multipurpose Marketing centre at Dhemaji, Gaparagaon map under Goamukh Revenue Circle under the scheme Dharti Aaba Janajatiya Gram Utkarsh Abhiyan (DAJGUA) during the year 2025-26",Works,Open Tender,Item Rate,Civil Works,No,No,NA ,03-Dec-2025 06:00 PM,05-Dec-2025 11:00 AM ,180.0,No ,No,Online,18-Dec-2025 03:00 PM,Welfare of Plain Tribes and Backward Classes||Director - WPT and BC,"Dhemaji, Gaparagaon, Gogamukh",787034.0,2.0,"1,00,00,000",M/S BASUDEV ENTERPRISE,"9,999,500",Rejected-AOC,29-Dec-2025,Welfare of Plain Tribes and Backward Classes||Director - WPT and BC
2025_PWBNH_44022_1,CE/TB-VII/03/2025/05,"Conservation and reuse as City Museum Hwa Khana, Mati Baugh, Dhubri, Gauripur, Assam","Conservation and reuse as City Museum Hwa Khana, Mati Baugh, Dhubri, Gauripur, Assam",Works,Open Tender,Item Rate,Civil Works - Building,No,No,NA ,07-Apr-2025 03:00 PM,09-Apr-2025 11:00 AM ,180.0,No ,No,Online,24-Apr-2025 03:00 PM,Public Works Building and NH Department||Chief Engineer-Building - PWBNH,Dhubri,783331.0,2.0,"17,38,08,026",HIGH-TECH ECOGREEN CONTRACTORS LLP,"181,400,000",Accepted-AOC,03-Dec-2025,Public Works Building and NH Department||Chief Engineer-Building - PWBNH
2025_PWBNH_44824_1,CS/BC_PTBD/44/2024-25/227-A Dated-04.06.2025,"Repairing of Technical Building at RSRS, CSB, Boko in Kamrup District, Assam","Repairing of Technical Building at RSRS, CSB, Boko in Kamrup District, Assam",Works,Open Tender,Item Rate,Civil Works - Building,No,No,NA ,10-Jun-2025 05:00 PM,20-Jun-2025 12:00 PM ,180.0,No ,No,Online,30-Jun-2025 02:30 PM,Public Works Building and NH Department||Chief Engineer-Building - PWBNH,Boko,781123.0,2.0,"23,50,261",Swaraj Infrastructure,"2,923,900",Not Admitted-Fee/PreQual/Technical,20-Dec-2025,Public Works Building and NH Department||Chief Engineer-Building - PWBNH
2025_PHED_47960_1,SEPH/TEZ/TC-196/2025-26/ 982-88 Dated 09/10/2025,"Utility Shifting of Bortol Pipe Water Supply Scheme under SOPD for the year 2025-26 under Tezpur Division No-I, Tezpur, Sonitpur","Utility Shifting of Bortol Pipe Water Supply Scheme under SOPD for the year 2025-26 under Tezpur Division No-I, Tezpur, Sonitpur",Works,Open Tender,Item Rate,Civil Works - Water Works,No,No,NA ,11-Oct-2025 10:00 AM,17-Oct-2025 11:00 AM ,90.0,No ,No,Online,07-Nov-2025 02:00 PM,Public Health Engineering Department||Chief Engineer PHE(P)-Assam-PHED||North Assam Zone-Tezpur-PHED||Tezpur Circle-Tezpur-PHED,"Dekargaon, Sonitpur",784154.0,2.0,"24,55,924",Ranjit Kumar Deka,"2,438,711",Rejected-Finance,23-Dec-2025,Public Health Engineering Department||Chief Engineer PHE(P)-Assam-PHED||North Assam Zone-Tezpur-PHED||Tezpur Circle-Tezpur-PHED
2025_PCCF_47340_1,B/WAWL/TENDER/CAMPA/2025/1755,CONSTRUCTION OF ANTI-POACHING CAMP AT MYNA,"CONSTRUCTION OF ANTI-POACHING CAMP AT MYNA, NAMERI NATIONAL PARK UNDER WESTERN ASSAM WILDLIFE DIVISION, DOLABARI, TEZPUR",Works,Open Tender,Works,Civil Works,No,No,NA ,08-Sep-2025 09:00 AM,15-Sep-2025 12:00 PM ,120.0,No ,No,Online,10-Oct-2025 02:00 PM,Pr. Chief Conservator of Forest and Head of Forest Force||Principal Chief Conservator of Forests(Wildlife and Ch. Wildlife Warden)||Western Assam Wildlife Division,Nameri National Park,784102.0,2.0,"36,85,874",M/S MAHAABALA CONSTRUCTION PVT. LTD.,"3,317,286.6",Accepted-AOC,04-Dec-2025,Pr. Chief Conservator of Forest and Head of Forest Force||Principal Chief Conservator of Forests(Wildlife and Ch. Wildlife Warden)||Western Assam Wildlife Division
2025_PCCF_48255_1,BWLD-650/2025,Construction of Wireless towers and Procurement of Wireless handsets with batteries Base Station etc.,"Construction of Wireless towers and Procurement of Wireless handsets with batteries, Base Stations, Repeaters and accessories for Biswanath Wildlife Division, Biswanath Chariali",Works,Open Tender,Works,Construction Works,No,No,NA ,27-Oct-2025 01:00 PM,06-Nov-2025 11:00 AM ,60.0,No ,No,Online,18-Nov-2025 03:30 PM,Pr. Chief Conservator of Forest and Head of Forest Force||Principal Chief Conservator of Forests(Wildlife and Ch. Wildlife Warden)||Kaziranga National Park Bokakhat||Biswanath Wildlife Division,Biswanath,784176.0,2.0,"25,00,000",TECH SAVVY,"2,375,000",Rejected-AOC,17-Dec-2025,Pr. Chief Conservator of Forest and Head of Forest Force||Principal Chief Conservator of Forests(Wildlife and Ch. Wildlife Warden)||Kaziranga National Park Bokakhat||Biswanath Wildlife Division
2025_FEAP_48220_1,ARIAS/ 80 /2025-SWIFT/NCS-06,"Undertaking Detailed Engineering Survey and Preparation of Layout, Design, Estimation, BOQ, etc. for Conservation, Restoration and Rejuvenation of Phase-II Wetlands/Beels under Package-NCS-06 of the Assam SWIFT Project","Undertaking Detailed Engineering Survey and Preparation of Layout, Design, Estimation, BOQ, etc. for Conservation, Restoration and Rejuvenation of Phase-II Wetlands/Beels under Package-NCS-06 of the Assam SWIFT Project",Services,Open Tender,Lump-sum,Miscellaneous Services,No,No,NA ,25-Oct-2025 09:00 AM,NA ,60.0,No ,No,Not Applicable,10-Nov-2025 02:15 PM,Department of Fisheries-Externally Aided Projects||ARIAS Society-Externally Aided Projects,11 districts of Assam,781022.0,1.0,,Sumato Globaltech Pvt. Ltd.,"6,000",Rejected-Technical,16-Dec-2025,Department of Fisheries-Externally Aided Projects||ARIAS Society-Externally Aided Projects
2025_GMC_44871_1,GER/CE/2481/2025/16 Date_11/06/2025,"Improvement of Bardoisila Path, Narbam Lakhi Mandir Path, Lalmati in Ward No 43",Various Works under Guwahati Municipal Corporation,Works,Open Tender,Lump-sum,Civil Works,No,No,NA ,14-Jun-2025 09:00 AM,17-Jun-2025 12:00 PM ,120.0,No ,No,Online,04-Jul-2025 02:30 PM,Guwahati Municipal Corporation,Guwahati,781006.0,2.0,"20,00,000",BISWAJIT SARMA,"1,458,000",Rejected-Technical,06-Dec-2025,Guwahati Municipal Corporation
2025_KAAC_48533_1,ACEH/CS/SSA/03/2025-26/66RE,Construction of 50 bedded hostel separately for boys and girls at Kolonga High School under the scheme Dharti Aaba Janjatiya Gram Utkarsh Abhiyan,Construction of 50 bedded hostel separately for boys and girls at Kolonga High School under the scheme Dharti Aaba Janjatiya Gram Utkarsh Abhiyan,Works,Open Tender,Item Rate,Civil Works - Building,No,No,NA ,12-Nov-2025 11:00 AM,14-Nov-2025 12:00 PM ,195.0,No ,No,Online,20-Nov-2025 11:00 AM,Karbi Anglong Autonomous Council||PWD||Addl. Chief Engineer Diphu,Rongkhang,782486.0,2.0,"3,78,75,000",M/S SWAPNA ENTEREPRISE,"37,865,000.3",Accepted-AOC,08-Dec-2025,Karbi Anglong Autonomous Council||PWD||Addl. Chief Engineer Diphu
2025_PCCF_47729_1,FLKT/B/SOPD/Building/2025/02,Construction of Lakhimpur Territorial Divisional Forest Office Building at North Lakhimpur 2024-25,"Construction of Lakhimpur Territorial Divisional Forest Office Building at North Lakhimpur, Assam under SOPD Scheme for the year 2024-25",Works,Open Tender,Works,Civil Works - Building,No,No,NA ,27-Sep-2025 10:00 AM,06-Oct-2025 02:00 PM ,120.0,No ,No,Online,23-Oct-2025 11:00 AM,"Pr. Chief Conservator of Forest and Head of Forest Force||Chief Conservator of Forests (Upper Assam Zone)||Northern Assam Circle, Tezpur||Lakhimpur Division",North Lakhimpur,787031.0,2.0,"1,75,62,530",M/S Khushi Constructions,"17,559,017",Accepted-AOC,10-Dec-2025,"Pr. Chief Conservator of Forest and Head of Forest Force||Chief Conservator of Forests (Upper Assam Zone)||Northern Assam Circle, Tezpur||Lakhimpur Division"
2025_HFWD_48225_1,Supply of Medicine at DMCH,Supply of Medicine,Supply of Medicine,Goods,Open Tender,Item Wise,Medicines,No,No,NA ,24-Oct-2025 05:00 PM,NA ,60.0,No ,No,Online,10-Nov-2025 12:00 PM,Health and Family Welfare Department||Directorate of Medical Education-HFWD||Dhubri Medical College and Hospital-HFWD,Dhubri Medical College and Hospital,783325.0,2.0,"7,00,000",Abhay Enterprises,"700,000",Accepted-AOC,22-Dec-2025,Health and Family Welfare Department||Directorate of Medical Education-HFWD||Dhubri Medical College and Hospital-HFWD
2025_APDCL_44217_1,CGM(D)/UAR/APDCL/T-105/4,CGM(D)/UAR/APDCL/T-105/4,"Construction of 11 KV Dedicated Feeder with MVCC from 33/11KV Naharkatia Sub-Station to OIL Production Installations at South Bank and Sassoni Area in respect of The GM Electrical, M/S Oil India Limited under Naharkatia ESD, APDCL",Works,Open Tender,Turn-key,Electrical Works,No,No,NA ,05-May-2025 09:00 AM,NA ,365.0,No ,No,Online,30-May-2025 12:00 PM,Assam Power Distribution Company Ltd||CGM(D) Upper Assam Region - APDCL,Dibrugarh,786001.0,2.0,"5,04,46,041",SINGHI INFRAPOWER PROJECTS PRIVATE LIMITED,"49,988,694",Accepted-AOC,06-Nov-2025,Assam Power Distribution Company Ltd||CGM(D) Upper Assam Region - APDCL
2025_ID_48504_1,BVCI/IRRI/TB/04/2024/271 DATED 10/11/2025,Installation of 2 Nos of MDTW Points under Patharkandi LAC under SOPD-G for the year 2025-26.,Installation of 2 Nos of MDTW Points under Patharkandi LAC under SOPD-G for the year 2025-26.,Works,Open Tender,Item Rate,Composite Works,No,No,NA ,10-Nov-2025 04:00 PM,NA ,180.0,No ,No,Online,01-Dec-2025 01:00 PM,Irrigation Department||Chief Engineer(Major)-Irrigation Dept||Cachar Karimganj Circle,Patherkandi,788724.0,2.0,"57,59,956",BIHUL UPADHYAY,"5,759,362",Rejected-Finance,25-Dec-2025,Irrigation Department||Chief Engineer(Major)-Irrigation Dept||Cachar Karimganj Circle
2025_ICD_47569_1,APL/CnP/EDP/2025-26/513,INSTALLATION OF LOCAL AREA NETWORKING FOR BOITAMARI,INSTALLATION OF LOCAL AREA NETWORKING FOR BOITAMARI,Services,Open Tender,Item Rate,Information Technology,No,No,NA ,18-Sep-2025 03:00 PM,NA ,180.0,No ,No,Online,15-Oct-2025 03:00 PM,Industries and Commerce Department||Assam Petro-Chemicals Ltd.||Head office Namrup||Materials Management Department,"ASSAM PETROCHEMICALS LIMITED, BOITAMARI",786623.0,2.0,,GORIB DEVELOPMENT SERVICE,"152,000",Accepted-AOC,05-Dec-2025,Industries and Commerce Department||Assam Petro-Chemicals Ltd.||Head office Namrup||Materials Management Department
2025_DOT_45128_1,ATDC/CS/673/2025/537 dt. 11.06.2025,"Tourist facilities and boundary wall at Sri Sri Gobinda Ashram Gita Mandir, Chandkuchi, Nalbari","Tourist facilities and boundary wall at Sri Sri Gobinda Ashram Gita Mandir, Chandkuchi, Nalbari",Works,Open Tender,Item Rate,Civil Works - Others,No,No,NA ,24-Jun-2025 03:00 PM,25-Jun-2025 12:00 PM ,180.0,No ,No,Online,08-Jul-2025 01:00 PM,Department of Tourism||Assam Tourism Development Corporation Ltd. - DOT||HO-Guwahati-ATDCL - DOT,Nalbari,781334.0,2.0,"49,50,395",KAZIMUDDIN AHMED,"4,455,355.5",Rejected-AOC,16-Dec-2025,Department of Tourism||Assam Tourism Development Corporation Ltd. - DOT||HO-Guwahati-ATDCL - DOT
2025_BoTC_45617_1,DOE/BTC/SSA/DAJGUA/Hostel/01,Construction of 50 bedded hostel separately for boys and girls under the scheme Dharti Aaba Janjatiya Gram Utkarsh Abhiyan at Bhawraguri Binnakhata HSS School in Kokrajhar District,Construction of 50 bedded hostel separately for boys and girls under the scheme Dharti Aaba Janjatiya Gram Utkarsh Abhiyan at Bhawraguri Binnakhata HSS School in Kokrajhar District,Works,Open Tender,Works,Civil Works,No,No,NA ,16-Jul-2025 09:00 AM,NA ,180.0,No ,No,Online,12-Aug-2025 03:00 PM,Bodoland Territorial Council||Education-BTC,BTR,783370.0,2.0,"3,59,88,860",SOGANI COMMERCIAL,"35,988,820",Rejected-AOC,23-Dec-2025,Bodoland Territorial Council||Education-BTC
2025_PWBNH_45878_1,"CE/TB-VI/ RIDF- XXX/23/2025/13 Dated Guwahati the 23rd July, 2025","Construction of 126 Secondary Schools in 35 Districts of Assam under RIDF-XXX (2024-25) for (i) Chatia Higher Secondary School, Naduar Under Sonitpur DTBD Gr-41","Construction of 126 Secondary Schools in 35 Districts of Assam under RIDF-XXX (2024-25) for (i) Chatia Higher Secondary School, Naduar Under Sonitpur DTBD Gr-41",Works,Open Tender,Item Rate,Civil Works - Building,No,No,NA ,24-Jul-2025 11:00 AM,28-Jul-2025 11:30 AM ,180.0,No ,No,Online,02-Aug-2025 03:00 PM,Public Works Building and NH Department||Chief Engineer-Building - PWBNH,Sonitpur,782123.0,2.0,"7,21,85,000",Sri Babul Nath,"74,200,000",Rejected-Technical,16-Dec-2025,Public Works Building and NH Department||Chief Engineer-Building - PWBNH
2025_PWBNH_45753_1,CE/TB-III (H_E)/30/2024/9 Dated Guwahati the 08/07/2025,"Construction Of 50 Bedded Critical Care Hospital Block (CCB) Under PM-ABHIM at Biswanath Medical College and Hospital, Biswanath District, Assam","Construction Of 50 Bedded Critical Care Hospital Block (CCB) Under PM-ABHIM at Biswanath Medical College and Hospital, Biswanath District, Assam",Works,Open Tender,Item Rate,Civil Works - Building,No,No,NA ,18-Jul-2025 06:45 PM,24-Jul-2025 11:30 AM ,180.0,No ,No,Online,30-Aug-2025 03:30 PM,Public Works Building and NH Department||Chief Engineer-Building - PWBNH,Biswanath,784176.0,2.0,"18,11,61,170",M/S BIMAL KUMAR AGARWALA,"200,125,480",Accepted-AOC,11-Dec-2025,Public Works Building and NH Department||Chief Engineer-Building - PWBNH
2025_PWBNH_45246_2,TECH/U_BDTD/BLDG/IFB/2025-26,"Construction of Boundary wall with Iron Gate of Bhakatpara State Dispensary under H and FW Department, BTC under Udalguri District","Construction of Boundary wall with Iron Gate of Bhakatpara State Dispensary under H and FW Department, BTC under Udalguri District",Works,Open Tender,Item Rate,Civil Works - Building,No,No,NA ,01-Jul-2025 10:00 AM,07-Jul-2025 11:00 AM ,180.0,No ,No,Online,10-Jul-2025 04:00 PM,Public Works Building and NH Department||Chief Engineer-Building - PWBNH,Udalguri,784509.0,2.0,"21,70,177",Kamrup Enterprise,"2,170,131",Rejected-Technical,08-Dec-2025,Public Works Building and NH Department||Chief Engineer-Building - PWBNH
2025_ID_48506_1,BVCI/IRRI/TB/04/2024/271 DATED 10/11/2025,Installation of 2 Nos of MDTW Points under Ramkrishna Nagar LAC under SOPD-G for the year 2025-26.,Installation of 2 Nos of MDTW Points under Ramkrishna Nagar LAC under SOPD-G for the year 2025-26.,Works,Open Tender,Item Rate,Composite Works,No,No,NA ,10-Nov-2025 04:00 PM,NA ,180.0,No ,No,Online,01-Dec-2025 01:00 PM,Irrigation Department||Chief Engineer(Major)-Irrigation Dept||Cachar Karimganj Circle,Ramkrishna Nagar,788166.0,2.0,"57,59,956",NANDITA NATH,"5,759,435.2",Accepted-AOC,29-Dec-2025,Irrigation Department||Chief Engineer(Major)-Irrigation Dept||Cachar Karimganj Circle
2025_DoWR_47297_1,KAMRUP METRO/2025-26/FFM/XIV,Procurement of flood fighting materials (PSC Porcupine) for Water Resources Department for the year 2025-26 (Lower Assam Zone) (Ph-II).,Procurement of flood fighting materials (PSC Porcupine) for Water Resources Department for the year 2025-26 (Lower Assam Zone) (Ph-II).,Goods,Open Tender,Supply,Supply of Materials,No,No,NA ,04-Sep-2025 06:55 PM,NA ,180.0,No ,No,Online,24-Sep-2025 03:00 PM,Department of Water Resources||Chief Engineer - DoWR,KAMRUP METRO,781008.0,2.0,"1,12,58,900",Ashit Roy,"10,133,100",Accepted-AOC,19-Dec-2025,Department of Water Resources||Chief Engineer - DoWR
2025_ID_46019_2,09 (SOPD-G) 2025-26 Date_28 _07_2025,"Installation of 7 Nos. of MDTW Scheme at Sivasagar LAC under SOPD-G for the year 2025-26 under Sivasagar-Demow Division, (I), Sivasagar (Package No.02).","Installation of 7 Nos. of MDTW Scheme at Sivasagar LAC under SOPD-G for the year 2025-26 under Sivasagar-Demow Division, (I), Sivasagar (Package No.02).",Works,Open Tender,Item Rate,Civil Works,No,No,NA ,29-Jul-2025 06:00 PM,08-Aug-2025 02:00 PM ,180.0,No ,No,Online,22-Aug-2025 03:00 PM,Irrigation Department||Chief Engineer(Major)-Irrigation Dept,Sivsagar,785640.0,2.0,"2,01,60,010",Bubul Gogoi,"10,368,005",Accepted-AOC,25-Dec-2025,Irrigation Department||Chief Engineer(Major)-Irrigation Dept
2025_HFWD_42279_1,4 Nos Diagnostic Kits 21-01-2025,4 Nos Diagnostic Kits,4 Diagnostic Kits (RTPCR kits DNA/RNA extraction kits),Goods,Open Tender,Supply,Medicines,No,No,NA ,21-Jan-2025 12:05 PM,24-Jan-2025 03:00 PM ,180.0,No ,No,Online,01-Feb-2025 04:00 PM,Health and Family Welfare Department||Assam Medical Services Corporation Limited,AMSCL,781026.0,2.0,"1,08,00,000",J.M. DISTRIBUTORS,100.0,Accepted-AOC,23-Dec-2025,Health and Family Welfare Department||Assam Medical Services Corporation Limited
2025_ICD_46102_1,510578/288,"Construction of Brick boundary wall and land filling at IE Malinibeel, Silchar in the Dist- Cachar, Assam","Construction of Brick boundary wall and land filling at IE Malinibeel, Silchar in the Dist- Cachar, Assam",Works,Open Tender,Item Rate,Civil Works,No,No,NA ,02-Aug-2025 01:00 PM,NA ,180.0,No ,No,Online,28-Aug-2025 03:00 PM,Industries and Commerce Department||Assam Industrial Development Corporation Ltd - ICD,"IE Malinibeel, Silchar in the Dist- Cachar, Assam",788003.0,2.0,"46,94,269",A2 CONSTRUCTION & CONSULTANCY,"3,802,476",Rejected-Technical,12-Dec-2025,Industries and Commerce Department||Assam Industrial Development Corporation Ltd - ICD
2025_PWBNH_45163_3,Tech-II/30/2025/3 dtd 19th June 2025,"Infrastructure Development of Moirabari College, Moirabari, Morigaonon","Infrastructure Development of Moirabari College, Moirabari, Morigaonon",Works,Open Tender,Item Rate,Civil Works - Building,No,No,NA ,25-Jun-2025 05:15 PM,02-Jul-2025 11:30 AM ,180.0,No ,No,Online,16-Jul-2025 03:30 PM,Public Works Building and NH Department||Chief Engineer-Building - PWBNH,Morigaon,782105.0,2.0,"4,66,82,589",S D BAJAJ,"49,435,968",Rejected-Technical,11-Dec-2025,Public Works Building and NH Department||Chief Engineer-Building - PWBNH
2025_APDCL_45071_1,CGMPPD_APDCL_33 kV Line_Leku DSS to Jonai DSS_TEC,Construction of 33KV line from no 11 Tarajan ROB to Jonai DSS,Construction of 33KV line from no 11 Tarajan ROB to Jonai DSS APDCL via Lakhi Napali Village under Jonai ESD 4.5 CKM along with construction of 33KV Terminal Bay at Jonai DSS of APDCL and construction of 33KV UG Highway Crossing at No 2 Torajan,Works,Open Tender,Lump-sum,Electrical Works,No,No,NA ,21-Jun-2025 05:00 PM,30-Jun-2025 12:30 PM ,180.0,No ,No,Online,22-Jul-2025 04:00 PM,Assam Power Distribution Company Ltd||CGM(PP and D) - APDCL,North Lakhimpur,787060.0,2.0,"2,63,60,220",RAJEEB ELECTRICALS,"23,724,198.11",Accepted-AOC,22-Dec-2025,Assam Power Distribution Company Ltd||CGM(PP and D) - APDCL
2025_ICD_41840_1,532917/76 dated 31.12.2024,"Construction of new 33KV bay, 33KV and 11KV dedicated lines and 33/11KV 1x2.5MVA AIDC Sub-station at Industrial Park Tamulpur Kumarikata, Dist Tamulpur, Assam","Construction of new 33KV bay, 33KV and 11KV dedicated lines and 33/11KV 1x2.5MVA AIDC Sub-station at Industrial Park Tamulpur Kumarikata, Dist Tamulpur, Assam",Works,Open Tender,Item Rate,Electrical Works,No,No,NA ,04-Jan-2025 02:00 PM,NA ,180.0,No ,No,Online,29-Jan-2025 04:00 PM,Industries and Commerce Department||Assam Industrial Development Corporation Ltd - ICD,"Industrial Park Tamulpur Kumarikata, Dist Tamulpu",781360.0,2.0,"4,16,70,151",TATRARI ELECTRICALS & TRADERS (JV) SINGHI INFRAPOWER PROJECTS PVT. LTD.,"41,572,000",Rejected-AOC,09-Dec-2025,Industries and Commerce Department||Assam Industrial Development Corporation Ltd - ICD
2025_FEAP_48222_1,ARIAS/ 80 /2025-SWIFT/NCS-08,"Undertaking Detailed Engineering Survey and Preparation of Layout, Design, Estimation, BOQ, etc. for Conservation, Restoration and Rejuvenation of Phase-II Wetlands/Beels under Package-NCS-08 of the Assam SWIFT Project","Undertaking Detailed Engineering Survey and Preparation of Layout, Design, Estimation, BOQ, etc. for Conservation, Restoration and Rejuvenation of Phase-II Wetlands/Beels under Package-NCS-08 of the Assam SWIFT Project",Services,Open Tender,Lump-sum,Miscellaneous Services,No,No,NA ,25-Oct-2025 09:00 AM,NA ,60.0,No ,No,Not Applicable,10-Nov-2025 02:15 PM,Department of Fisheries-Externally Aided Projects||ARIAS Society-Externally Aided Projects,9 districts of Assam,785001.0,1.0,,BASIC CONSULTANT,"7,864",Rejected-Technical,17-Dec-2025,Department of Fisheries-Externally Aided Projects||ARIAS Society-Externally Aided Projects
2025_GU_48523_1,Instr USIC/AssamTenders/2025/886 Date 10.11.2025,"Supply of Workshop Material for the Dept. of Instrumentation and USIC, Gauhati University","Supply of Workshop Material for the Dept. of Instrumentation and USIC, Gauhati University",Goods,Open Tender,Item Rate,Supply of Materials,No,No,NA ,11-Nov-2025 04:00 PM,NA ,90.0,No ,No,Online,03-Dec-2025 03:00 PM,Gauhati University,Gauhati University,781014.0,2.0,,DS Associates,"142,000",Accepted-AOC,24-Dec-2025,Gauhati University
2025_PWBNH_45041_1,"CE/TB-VII/39/2025/09 Dated, Guwahati the 11th June 2025",Transformation of Historic Sootea Thana and its surroundings into a place of Tourist attraction,Transformation of Historic Sootea Thana and its surroundings into a place of Tourist attraction,Works,Open Tender,Item Rate,Civil Works - Building,No,No,NA ,20-Jun-2025 05:00 PM,25-Jun-2025 11:00 AM ,180.0,No ,No,Online,08-Jul-2025 03:00 PM,Public Works Building and NH Department||Chief Engineer-Building - PWBNH,Sootea,784175.0,2.0,"4,77,55,262",Sri Babul Nath,"48,067,979",Rejected-AOC,03-Dec-2025,Public Works Building and NH Department||Chief Engineer-Building - PWBNH
2025_ICD_45521_1,APL/CnP/Admin/2025-26/470,CLEANING / SWEEPING OF ROADS AND COLLECTION AND REMOVAL/ DISPOSAL OF GARBAGE CONTRACT GROUP B (TOWNSHIP AREA),CLEANING / SWEEPING OF ROADS AND COLLECTION AND REMOVAL/ DISPOSAL OF GARBAGE CONTRACT GROUP B (TOWNSHIP AREA),Services,Open Tender,Item Rate,Housekeeping/ Cleaning,No,No,NA ,12-Jul-2025 10:00 AM,NA ,180.0,No ,No,Online,02-Aug-2025 03:00 PM,Industries and Commerce Department||Assam Petro-Chemicals Ltd.||Head office Namrup||Materials Management Department,ASSAM PETROCHEMICALS LIMITED NAMRUP,786623.0,2.0,,CHETIA INFRACON PVT. LTD,"9,963,285.59",Rejected-Technical,05-Dec-2025,Industries and Commerce Department||Assam Petro-Chemicals Ltd.||Head office Namrup||Materials Management Department
2025_PWBNH_44074_8,"CE/TB-VI/RIDF-XXX/1/2024/15 Dated Guwahati the 17th March, 2025","Construction of 126 Secondary Schools in 35 Districts of Assam under RIDF-XXX (2024-25) for (i) Makhibaha Higher Secondary School, Pub Nalbari (ii) Milan Higher Secondary School, Banekuchi, Pub Nalbari under Nalbari DTBD (Gr-24)","Construction of 126 Secondary Schools in 35 Districts of Assam under RIDF-XXX (2024-25) for (i) Makhibaha Higher Secondary School, Pub Nalbari (ii) Milan Higher Secondary School, Banekuchi, Pub Nalbari under Nalbari DTBD (Gr-24)",Works,Open Tender,Item Rate,Civil Works - Building,No,No,NA ,11-Apr-2025 05:00 PM,21-Apr-2025 11:30 AM ,180.0,No ,No,Online,13-May-2025 03:00 PM,Public Works Building and NH Department||Chief Engineer-Building - PWBNH,Nalbari,781335.0,2.0,"14,43,70,000",M/s Macrocosm Builders,"134,800,000",Rejected-AOC,11-Dec-2025,Public Works Building and NH Department||Chief Engineer-Building - PWBNH
2024_ED_38607_1,EXCI-12/1114/2023-EXC-BNG,GRANT OF IMFL OFF SHOP NO. BGN1 AT BOC GATE BONGAIGAON TOWN URBAN,GRANT OF IMFL OFF SHOP NO. BGN1 AT BOC GATE BONGAIGAON TOWN URBAN,Services,Open Tender,Item Wise,Miscellaneous Services,No,No,NA ,23-Aug-2024 11:00 AM,31-Aug-2024 11:30 AM ,180.0,No ,No,Online,16-Sep-2024 11:00 AM,Excise Department||Commissioner of Excise - ED||O/o SE-Bongaigaon - ED,BONGAIGAON,783380.0,2.0,,Daijee Rani Das,"510,001",Accepted-AOC,31-Dec-2025,Excise Department||Commissioner of Excise - ED||O/o SE-Bongaigaon - ED
2025_DOT_46715_1,ATDC/CS/674/2025/1072 dt. 13.08.2025,"Tourist facilities for Naherbari Durga Mandir, Nalbari","Tourist facilities for Naherbari Durga Mandir, Nalbari",Works,Open Tender,Item Rate,Civil Works - Others,No,No,NA ,20-Aug-2025 11:50 AM,22-Aug-2025 09:00 AM ,180.0,No ,No,Online,02-Sep-2025 01:00 PM,Department of Tourism||Assam Tourism Development Corporation Ltd. - DOT||HO-Guwahati-ATDCL - DOT,Nalbari,781349.0,2.0,"24,75,590",HEMEN DEKA,"2,228,031",Rejected-AOC,09-Dec-2025,Department of Tourism||Assam Tourism Development Corporation Ltd. - DOT||HO-Guwahati-ATDCL - DOT
2025_PWBNH_42055_8,CE/TB-VII/86/2024/6 Dated Guwahati the 6th Jan 2025,"Construction of Co-District Office (RCC G Plus 4) at Laharighat, Morigaon District, Assam","Construction of Co-District Office (RCC G Plus 4) at Laharighat, Morigaon District, Assam",Works,Open Tender,Item Rate,Civil Works - Building,No,No,NA ,11-Jan-2025 09:00 AM,13-Jan-2025 11:00 AM ,180.0,No ,No,Online,27-Jan-2025 03:00 PM,Public Works Building and NH Department||Chief Engineer-Building - PWBNH,Morigaon,782127.0,2.0,"17,39,21,368",MS ZED ENGINEERS,"156,400,000",Rejected-Technical,09-Dec-2025,Public Works Building and NH Department||Chief Engineer-Building - PWBNH
2025_PWD_43648_1,DRC.XIII/16/98/NIT/DIB/Pt-I,Construction of Dighalibari Ka Khanda to Udalguri T.E. via Dighalibari Beelpara Road from Ch 00 m to Ch 1680 m Total length 1.68 Km under SOPD G for the year 2024 25,Construction of Dighalibari Ka Khanda to Udalguri,Works,Open Tender,Item Rate,Civil Works – Roads,No,No,NA ,21-Mar-2025 02:00 PM,NA ,180.0,No ,No,Online,02-Apr-2025 01:00 PM,Public Works Roads Department,Dibrugarh,786001.0,2.0,"1,53,03,931",ARUP CHETIA,"15,304,000",Accepted-AOC,09-Dec-2025,Public Works Roads Department
2025_GMC_44871_2,GER/CE/2481/2025/16 Date_11/06/2025,"Improvement of Kuhiram Mikir Path, Beharbari in Ward No 43",Various Works under Guwahati Municipal Corporation,Works,Open Tender,Lump-sum,Civil Works,No,No,NA ,14-Jun-2025 09:00 AM,17-Jun-2025 12:00 PM ,120.0,No ,No,Online,04-Jul-2025 02:30 PM,Guwahati Municipal Corporation,Guwahati,781006.0,2.0,"20,00,000",BISWAJIT SARMA,"1,458,000",Rejected-Technical,06-Dec-2025,Guwahati Municipal Corporation
2025_APDCL_45853_1,APDCL/CGM_RE/RDSS_Addl_HH-43,"Electrification of UE households in Nagaon Dist. (Addl. Pkg.) of Assam under RDSS, Addl. HH","Electrification of additional un-electrified households in the State of Assam under Revamped Reforms Linked Results Based Distribution Sector Scheme (RDSS, Addl. HH) for additional Package of Nagaon District",Works,Open Tender,Turn-key,Electrical Works,No,No,NA ,24-Jul-2025 03:00 PM,28-Jul-2025 02:00 PM ,180.0,No ,No,Online,07-Aug-2025 03:00 PM,Assam Power Distribution Company Ltd||CGM(Rural Electrification) - APDCL,Nagaon,782001.0,2.0,"7,28,30,753",Purbanchal Synergies Private Limites,"73,554,810",Rejected-AOC,04-Dec-2025,Assam Power Distribution Company Ltd||CGM(Rural Electrification) - APDCL
2025_HFWD_46869_1,LMC/Lab/79/2025/1660,"Supply of Laboratory reagents,chemicals and consumables Items","Supply of Laboratory reagents,chemicals and consumables at Lakhimpur Medical College and Hospital",Goods,Open Tender,Item Wise,Consumables (Hospital / Lab),No,No,NA ,23-Aug-2025 06:00 PM,02-Sep-2025 12:00 PM ,90.0,No ,No,Online,15-Sep-2025 01:00 PM,Health and Family Welfare Department||Directorate of Medical Education-HFWD||Lakhimpur Medical College and Hospital-HFWD,Lakhimpur Medical College,787051.0,2.0,"1,00,00,000",ASSAM CHEMICALS & INSTRUMENTS CORPORATION,"1,029,295",Accepted-AOC,17-Dec-2025,Health and Family Welfare Department||Directorate of Medical Education-HFWD||Lakhimpur Medical College and Hospital-HFWD
2025_PCCF_46513_1,FS/Tender/SOPD/2025-26,Construction of Constable barrack annexe building 2nd floor,Construction of Constable barrack annexe building 2nd floor,Works,Open Tender,Percentage,Civil Works,No,No,NA ,14-Aug-2025 05:00 PM,21-Aug-2025 01:00 PM ,180.0,No ,No,Online,08-Sep-2025 05:30 PM,Pr. Chief Conservator of Forest and Head of Forest Force||1st Assam Forest Protection Force,"Basistha, Guwahati",781029.0,2.0,"35,00,000",SUKUMAR ENTERPRISE,"3,499,650",Rejected-Technical,24-Dec-2025,Pr. Chief Conservator of Forest and Head of Forest Force||1st Assam Forest Protection Force
2025_PCCF_47732_1,O.O/TREE TRIMMING-RAILWAY/2025-78,Tree polarading sectioning and transportation,Tree polarading sectioning and transportation,Works,Open Tender,Item Rate,Civil Works,No,No,NA ,04-Oct-2025 02:00 PM,NA ,180.0,No ,No,Online,15-Oct-2025 02:30 PM,"Pr. Chief Conservator of Forest and Head of Forest Force||Chief Conservator of Forests (Upper Assam Zone)||Eastern Assam Circle, Jorhat||Doomdooma Division",doomdooma-dangori,786153.0,2.0,,Tikandrajit Moran,"6,507.7",Rejected-Finance,29-Dec-2025,"Pr. Chief Conservator of Forest and Head of Forest Force||Chief Conservator of Forests (Upper Assam Zone)||Eastern Assam Circle, Jorhat||Doomdooma Division"
2025_PHED_46300_1,SEPH/GC/TB-152/Vol-XX/25-26,Utility shifting and repairing of (Water distribution pipeline of PWSS) damaged during PWD road widening for retrofitting of Dinkar PWSS under Rangia (PHE) Division,Utility shifting and repairing of (Water distribution pipeline of PWSS) damaged during PWD road widening for retrofitting of Dinkar PWSS under Rangia (PHE) Division under SOPD-G for the year 2025-26,Works,Open Tender,Item Rate,Civil Works,No,No,NA ,12-Aug-2025 04:00 PM,19-Aug-2025 01:00 PM ,90.0,No ,No,Online,10-Sep-2025 03:00 PM,Public Health Engineering Department||Chief Engineer PHE(P)-Assam-PHED||Lower Assam Zone-Guwahati-PHED||Guwahati Circle-Guwahati-PHED,Dinkar Village,781381.0,2.0,"20,71,734",KAMAL ENTERPRISE,"2,071,730",Rejected-Technical,21-Nov-2025,Public Health Engineering Department||Chief Engineer PHE(P)-Assam-PHED||Lower Assam Zone-Guwahati-PHED||Guwahati Circle-Guwahati-PHED
2025_PWBNH_44092_16,"CE/TB-VI/RIDF-XXX/1/2024/17 Dated Guwahati the 17th March, 2025","Construction of 126 Secondary Schools in 35 Districts of Assam under RIDF-XXX (2024-25) for (i) Muwamari High School, Rupahi. , Nagaon (ii) Puranigudam RKB H.S. , Nagaon, Assam (Gr-35)","Construction of 126 Secondary Schools in 35 Districts of Assam under RIDF-XXX (2024-25) for (i) Muwamari High School, Rupahi. , Nagaon (ii) Puranigudam RKB H.S. , Nagaon, Assam (Gr-35)",Works,Open Tender,Item Rate,Civil Works - Building,No,No,NA ,19-Apr-2025 11:00 AM,21-Apr-2025 11:30 AM ,180.0,No ,No,Online,15-May-2025 03:00 PM,Public Works Building and NH Department||Chief Engineer-Building - PWBNH,Nagaon,782001.0,2.0,"14,43,70,000",Ms Ragia Ku Enterprises,"154,475,900",Accepted-AOC,06-Dec-2025,Public Works Building and NH Department||Chief Engineer-Building - PWBNH
2025_PWBNH_44010_15,"CE/TB-VI/ RIDF- XXX/ 1 /2024/ 13 Dated Guwahati the 4th March, 2025","Construction of 126 Secondary Schools in 35 Districts of Assam under RIDF-XXX (2024-25) for (i) Haflong Govt. Boys Higher Secondary School, Harangajao under Haflong DTBD (Gr-68)","Construction of 126 Secondary Schools in 35 Districts of Assam under RIDF-XXX (2024-25) for (i) Haflong Govt. Boys Higher Secondary School, Harangajao under Haflong DTBD (Gr-68)",Works,Open Tender,Item Rate,Civil Works - Building,No,No,NA ,08-Apr-2025 03:00 PM,09-Apr-2025 11:00 AM ,180.0,No ,No,Online,09-May-2025 03:00 PM,Public Works Building and NH Department||Chief Engineer-Building - PWBNH,Haflong,788819.0,2.0,"7,21,85,000",M/S ELITE AGENCY,"66,234,000",Rejected-AOC,01-Dec-2025,Public Works Building and NH Department||Chief Engineer-Building - PWBNH
2025_DoWC_48872_1,DWCD(G)/21/2025/30,"Supply of Dietary and Non-Dietary Goods/Items/Services in State Home for Women/Destitute Home/TCPC, Jalukbari, Guwahati-14, Assam.","Supply of Dietary and Non-Dietary Goods/Items/Services in State Home for Women/Destitute Home/TCPC, Jalukbari,Guwahati-14, Assam.",Goods,Open Tender,Supply,Miscellaneous Goods,No,No,NA ,27-Nov-2025 04:00 PM,NA ,180.0,No ,No,Online,22-Dec-2025 11:30 AM,"Department of Women and Child Development||Directorate of Women and Child Development||State Home for Women, Jalukbari, Guwahati-14","Jalukbari, Guwahati-14",781014.0,2.0,,BEHLIM ENTERPRISES ASSAM,"10,748,580",Accepted-AOC,01-Dec-2026,"Department of Women and Child Development||Directorate of Women and Child Development||State Home for Women, Jalukbari, Guwahati-14"
2025_HFWD_44488_1,No.MCH/2025/13576 dtd. 20/05/2025,Non-schedule Tender,Supply of patients investigation report forms Registers etc,Goods,Open Tender,Supply,Publishing/Printing,No,No,NA ,23-May-2025 04:30 PM,29-May-2025 12:30 PM ,365.0,No ,No,Online,16-Jun-2025 01:30 PM,Health and Family Welfare Department||Directorate of Medical Education-HFWD||Assam Medical College Hospital-Dibrugarh-HFWD,Assam Medical College Hospial Dibrugarh,786002.0,2.0,,Quick Offsets,"251,798",Not Admitted-Fee/PreQual/Technical,05-Dec-2025,Health and Family Welfare Department||Directorate of Medical Education-HFWD||Assam Medical College Hospital-Dibrugarh-HFWD
2025_PWBNH_45550_1,CE/TB-VII/74/2025/4 Dated Guwahati the 3rd July 2025,Jagannath Community and Skill Centre at Dooria T.E.under Khumtai LAC (Pkg. No.145),Jagannath Community and Skill Centre at Dooria T.E.under Khumtai LAC (Pkg. No.145),Works,Open Tender,Item Rate,Civil Works - Building,No,No,NA ,14-Jul-2025 11:00 AM,15-Jul-2025 11:00 AM ,180.0,No ,No,Online,28-Jul-2025 03:00 PM,Public Works Building and NH Department||Chief Engineer-Building - PWBNH,Khumtai,785619.0,2.0,"1,40,73,143",GOBIND KUMAR CHOUDHARY,"12,299,926",Rejected-Technical,20-Dec-2025,Public Works Building and NH Department||Chief Engineer-Building - PWBNH
2025_PWD_47236_1,SOPD(G)CDTRD/SONARI/2025-26/01,SOPD(G)CDTRD/SONARI/2025-26/01,"Construction of Road side RCC covered Drain of D.C. office Approach Road (DC Office to Kanaklata Nursing Home , LENGTH 400.00m LHS under Mukhya Mantrir Paki Path Nirman Achani MMNPPNA under SOPD G for the year2025 26 under Charaideo District Sonari",Works,Open Tender,Item Rate,Civil Works – Roads,No,No,NA ,10-Sep-2025 02:00 PM,17-Sep-2025 01:00 PM ,180.0,No ,No,Online,26-Sep-2025 02:00 PM,Public Works Roads Department,SONARI LAC,785690.0,2.0,,Chinmoy Handique,"4,607,984",Accepted-AOC,06-Dec-2025,Public Works Roads Department
2025_ID_48092_1,SEI/T-27/ET-5/2025-26/899,Installation of 2 nos of MDTW Scheme under Nagaon_Batadrava LAC under SOPD_G for the year 2025_26,Construction of underground PVC distribution system spout chamber boundary Fencing sign board Boring and installation of TW Installation and commissioning Solar PV Module including mounting structures Construction of Control room,Works,Open Tender,Item Rate,Civil Works,No,No,NA ,16-Oct-2025 04:30 PM,NA ,180.0,No ,No,Online,07-Nov-2025 03:00 PM,Irrigation Department||Chief Engineer(Major)-Irrigation Dept||Nagaon Circle,Nagaon,782001.0,2.0,"58,08,101",BISWAJIT BORA,"2,816,929",Accepted-AOC,18-Nov-2025,Irrigation Department||Chief Engineer(Major)-Irrigation Dept||Nagaon Circle
2025_DoWR_47447_1,TAMULPUR/2025-26/RIDF/III,Construction of Puthimari L/B embankment from Chenigaon to Niz-Kachula (Jogot Suburi).,Construction of Puthimari L/B embankment from Chenigaon to Niz-Kachula (Jogot Suburi).,Works,Open Tender,Works,Civil Works,No,No,NA ,10-Sep-2025 06:55 PM,NA ,180.0,No ,No,Online,04-Oct-2025 03:00 PM,Department of Water Resources||Chief Engineer - DoWR,TAMULPUR,781367.0,2.0,"5,59,23,016",RWIRUP MUSHAHARY,"55,870,573.3",Rejected-AOC,06-Dec-2025,Department of Water Resources||Chief Engineer - DoWR
2025_NHM_43953_3,NHM/32023/67/Cons-NHM,"Construction of Buildingless Sub Health Centre in Satrakandi in Cachar District under PM ABHIM for FY 2022-23 under NHM, Assam on Turnkey Basis","Construction of Buildingless Sub Health Centre in Satrakandi in Cachar District under PM ABHIM for FY 2022-23 under NHM, Assam on Turnkey Basis",Works,Open Tender,Turn-key,Civil Works - Building,No,No,NA ,03-Apr-2025 06:00 PM,NA ,180.0,No ,No,Online,24-Apr-2025 03:30 PM,National Health Mission||State Programme Management Unit - NHM,CACHAR,788101.0,2.0,"52,03,000",BHARAT TRADERS,"4,864,805",Rejected-Finance,26-Dec-2025,National Health Mission||State Programme Management Unit - NHM
2025_PWBNH_45163_6,Tech-II/30/2025/3 dtd 19th June 2025,"Infrastructure Development of Jagiroad College (Construction Of RCC G Plus 1 Academic Building with future provision for RCC 2nd Floor and Assam Type 3rd Floor), at Jagiroad, Morigaon District","Infrastructure Development of Jagiroad College (Construction Of RCC G Plus 1 Academic Building with future provision for RCC 2nd Floor and Assam Type 3rd Floor), at Jagiroad, Morigaon District",Works,Open Tender,Item Rate,Civil Works - Building,No,No,NA ,27-Jun-2025 05:00 PM,02-Jul-2025 11:30 AM ,180.0,No ,No,Online,16-Jul-2025 03:30 PM,Public Works Building and NH Department||Chief Engineer-Building - PWBNH,Morigaon,782105.0,2.0,"4,67,90,709",S D BAJAJ,"49,546,822",Rejected-AOC,12-Dec-2025,Public Works Building and NH Department||Chief Engineer-Building - PWBNH
2025_HFWD_42085_1,AMSC-EQUI0PROC/77/2024-EQUP PRO-AMSC/1,SUPPLY OF CELL COUNTER 3 PART,SUPPLY OF CELL COUNTER 3 PART,Goods,Open Tender,Buy,Medical Equipments/Waste,No,No,NA ,16-Jan-2025 05:00 PM,21-Jan-2025 03:00 PM ,180.0,No ,No,Online,03-Mar-2025 04:30 PM,Health and Family Welfare Department||Assam Medical Services Corporation Limited,Guwahati,781026.0,2.0,"1,25,87,276",DEEP MEDITECH PRIVATE LIMITED,1.0,Rejected-Technical,01-Aug-2025,Health and Family Welfare Department||Assam Medical Services Corporation Limited
2025_WPTBC_47041_1,PTDC/Engg/2024-25/395,"Construction of New Tea Tribes and Adivasi Girls Hostel at ACMS Campus, Dibrugarh.","Construction of New Tea Tribes and Adivasi Girls Hostel at ACMS Campus, Dibrugarh.",Works,Open Tender,Item Rate,Civil Works,No,No,NA ,27-Aug-2025 06:45 PM,28-Aug-2025 11:00 AM ,180.0,No ,No,Online,04-Sep-2025 03:00 PM,Welfare of Plain Tribes and Backward Classes||Director - WPT and BC,"ACMS Campus, Dibrugarh.",786003.0,2.0,"1,00,00,000",GYANDEEP DEHINGIA,"9,999,998.37",Accepted-AOC,08-Dec-2025,Welfare of Plain Tribes and Backward Classes||Director - WPT and BC
2025_UDD_47805_1,LMB.363/15th FC/Tied/2025-26/368,Construction of Boundary Wall for the proposed MRF Centre at Pongswang Luwang Near Sahid Nandachand Bridge,Construction of Boundary Wall for the proposed MRF Centre at Pongswang Luwang Near Sahid Nandachand Bridge,Works,Open Tender,Works,Civil Works,No,No,NA ,04-Oct-2025 10:30 AM,NA ,180.0,No ,No,Online,24-Oct-2025 01:10 PM,Urban Development Department||Directorate of Municipality Administration - UDD||Lakhipur Municipal Board,LAKHIPUR CACHAR ASSAM,788103.0,2.0,"21,51,840",ASHUTOSH DAS,"2,151,840",Rejected-AOC,10-Dec-2025,Urban Development Department||Directorate of Municipality Administration - UDD||Lakhipur Municipal Board
2025_PWBNH_42055_12,CE/TB-VII/86/2024/6 Dated Guwahati the 6th Jan 2025,"Construction of Co-District Office (RCC G Plus 4) at Naharkatia, Dibrugarh District, Assam","Construction of Co-District Office (RCC G Plus 4) at Naharkatia, Dibrugarh District, Assam",Works,Open Tender,Item Rate,Civil Works - Building,No,No,NA ,13-Jan-2025 05:00 PM,16-Jan-2025 11:00 AM ,180.0,No ,No,Online,05-Feb-2025 03:00 PM,Public Works Building and NH Department||Chief Engineer-Building - PWBNH,Dibrugarh,786610.0,2.0,"17,39,21,368",GANPATI CONSTRUCTION COMPANY,"193,934,000",Rejected-AOC,05-Dec-2025,Public Works Building and NH Department||Chief Engineer-Building - PWBNH
2025_PWD_45820_11,CE/STBR/SOPD-G/NIT/07/2025 26/1 Dated 26-06-2025,STBR/SOPD-G/Sribhumi -04/124 (i) Reconstruction of Tukerbazar to Barigram Pecharpar Road via Katargool/Telipara under SOPD-G for the year 2025-26 (ii) Reconstruction of Barigram PWD Road to Badejama under SOPD-G for the year 2025-26,STBR/SOPD-G/Sribhumi -04/124 (i) Reconstruction of Tukerbazar to Barigram Pecharpar Road via Katargool/Telipara under SOPD-G for the year 2025-26 (ii) Reconstruction of Barigram PWD Road to Badejama under SOPD-G for the year 2025-26,Works,Open Tender,Item Rate,Civil Works – Roads,No,No,NA ,22-Jul-2025 12:30 PM,30-Jul-2025 11:00 AM ,180.0,No ,No,Online,11-Aug-2025 11:00 AM,Public Works Roads Department,Sribhumi,788701.0,2.0,"1,12,37,000",REZAUL KARIM,"11,236,000",Rejected-AOC,11-Dec-2025,Public Works Roads Department
2025_KAAC_46375_1,NoACEH/CS/SSA/03/2025-26/SL10,Construction of 50 bedded hostel separately for boys and girls under Dharti Aaba Janjatiya Gram Utkarsh Abhiyan at Shildharamapur Cherahani High School.,Construction of 50 bedded hostel separately for boys and girls under Dharti Aaba Janjatiya Gram Utkarsh Abhiyan at Shildharamapur Cherahani High School.,Works,Open Tender,Item Rate,Civil Works - Building,No,No,NA ,18-Aug-2025 11:00 AM,20-Aug-2025 12:00 PM ,180.0,No ,No,Online,30-Aug-2025 11:00 AM,Karbi Anglong Autonomous Council||PWD||Addl. Chief Engineer Diphu,Bokajan,782481.0,2.0,"3,78,75,000",SRI KAMAL SING TERON,"37,492,528.43",Rejected-Technical,09-Dec-2025,Karbi Anglong Autonomous Council||PWD||Addl. Chief Engineer Diphu
2025_PWD_45827_30,CE/MAINT/SOPDG/01/2025-26/02,MAINT/SOPD-G/2025-26/40,"MAINT/SOPD-G/2025-26/40_1_Construction of R.C.C. Box Cell Culvert on Road from Singimari L.P.School to Singimari Pt_II Road (from Ch.0.00m to 800.00m), 2_Improvement of Road from Tistarpar Bazar to Tistarpar BOP Road (From Ch 00.00 m to Ch 1900.00 m)",Works,Open Tender,Item Rate,Civil Works – Roads,No,No,NA ,23-Jul-2025 02:00 PM,24-Jul-2025 12:00 PM ,180.0,No ,No,Online,14-Aug-2025 11:00 AM,Public Works Roads Department,Dhubri,783301.0,2.0,"1,53,38,000",M/S S.M. CONSTRUCTION,"15,338,000",Accepted-AOC,06-Dec-2025,Public Works Roads Department
2025_BoTC_45611_1,DOE/BTC/SSA/DAJGUA/Hostel/01,Construction of 50 bedded hostel separately for boys and girls under the scheme Dharti Aaba Janjatiya Gram Utkarsh Abhiyan at BANGSHIGAON HIGH SCHOOL in Kokrajhar District,Construction of 50 bedded hostel separately for boys and girls under the scheme Dharti Aaba Janjatiya Gram Utkarsh Abhiyan at BANGSHIGAON HIGH SCHOOL in Kokrajhar District,Works,Open Tender,Works,Civil Works,No,No,NA ,16-Jul-2025 09:00 AM,NA ,180.0,No ,No,Online,12-Aug-2025 03:00 PM,Bodoland Territorial Council||Education-BTC,BTR,783370.0,2.0,"3,59,88,860",DIKUM BASUMATARY,"35,988,820",Rejected-AOC,11-Dec-2025,Bodoland Territorial Council||Education-BTC
2025_PWD_47928_1,CE/DEV/TB/116/2025-26/34 Dtd- 25.09.2025,ASOM_MALA_3.0_25_26_37 Improvement and Upgradation of Gohpur-Kamdewal-Hawajan Road under Asom Mala 3.0 for the year of 2025-26,ASOM_MALA_3.0_25_26_37 Improvement and Upgradation of Gohpur-Kamdewal-Hawajan Road under Asom Mala 3.0 for the year of 2025-26,Works,Open Tender,Item Rate,Civil Works – Roads,No,No,NA ,09-Oct-2025 06:30 PM,15-Oct-2025 12:00 PM ,180.0,No ,No,Online,29-Oct-2025 02:30 PM,Public Works Roads Department,Biswanath,784176.0,2.0,"79,60,79,000",ABHIJIT PATOWARY - KTAD JV,"794,465,633",Accepted-AOC,24-Dec-2025,Public Works Roads Department
2025_PCCF_47961_1,NIT No. 016,Construction of new Anti Poaching Camp under Pobitora Wildlife Sanctuary,Construction of new Anti Poaching Camp under Pobitora Wildlife Sanctuary,Works,Open Tender,Works,Civil Works - Building,No,No,NA ,10-Oct-2025 05:30 PM,14-Oct-2025 02:30 PM ,180.0,No ,No,Online,03-Nov-2025 11:30 AM,Pr. Chief Conservator of Forest and Head of Forest Force||Principal Chief Conservator of Forests(Wildlife and Ch. Wildlife Warden)||Guwahati Wildlife Division,Pobitora Wildlife Sanctuary,781029.0,2.0,"20,00,000",SD Enterprise,"1,900,000",Rejected-Technical,22-Dec-2025,Pr. Chief Conservator of Forest and Head of Forest Force||Principal Chief Conservator of Forests(Wildlife and Ch. Wildlife Warden)||Guwahati Wildlife Division
2025_PWBNH_45163_7,Tech-II/30/2025/3 dtd 19th June 2025,"Infrastructure Development of Morigaon College (Construction Of RCC G Plus 1 Academic Building with future provision for RCC 2nd Floor and Assam Type 3rd Floor), at Morigaon","Infrastructure Development of Morigaon College (Construction Of RCC G Plus 1 Academic Building with future provision for RCC 2nd Floor and Assam Type 3rd Floor), at Morigaon",Works,Open Tender,Item Rate,Civil Works - Building,No,No,NA ,27-Jun-2025 06:00 PM,02-Jul-2025 11:30 AM ,180.0,No ,No,Online,16-Jul-2025 03:30 PM,Public Works Building and NH Department||Chief Engineer-Building - PWBNH,Morigaon,782105.0,2.0,"4,68,86,049",Biren Deka,"49,560,928",Accepted-AOC,12-Dec-2025,Public Works Building and NH Department||Chief Engineer-Building - PWBNH
2025_PWD_48342_1,CE/DEV/TB/20/2025-26/09 Dtd- 30.10.2025,SOPD_G_25_26_10 Restoration (Land slide Clearance etc.) of Haflong Jatinga Road SOPD-G for the year 2024-25.,SOPD_G_25_26_10 Restoration (Land slide Clearance etc.) of Haflong Jatinga Road SOPD-G for the year 2024-25.,Works,Open Tender,Item Rate,Civil Works – Roads,No,No,NA ,01-Nov-2025 02:00 PM,04-Nov-2025 12:00 PM ,180.0,No ,No,Online,10-Nov-2025 02:30 PM,Public Works Roads Department,Dima Hasao,788819.0,2.0,"49,77,000",AMIN KARIGAPSA,"4,975,056.91",Not Admitted-Fee/PreQual/Technical,18-Dec-2025,Public Works Roads Department
2025_PWBNH_46197_1,"CE/TB-IV(H_E) T/RIDF-XXX/14/2025/14 Dated Guwahati the, 30th July 2025","Construction of 126 Secondary Schools in 35 districts of Assam under RIDF XXX (2024-25) for (i) D.P.M. Higher Secondary School, Srijongram, (ii) Abhayeswari H.S. and M.P. School Srijongram under Bongaigaon DTBD (Gr-9)","Construction of 126 Secondary Schools in 35 districts of Assam under RIDF XXX (2024-25) for (i) D.P.M. Higher Secondary School, Srijongram, (ii) Abhayeswari H.S. and M.P. School Srijongram under Bongaigaon DTBD (Gr-9)",Works,Open Tender,Item Rate,Civil Works - Building,No,No,NA ,06-Aug-2025 03:00 PM,11-Aug-2025 11:30 AM ,180.0,No ,No,Online,16-Aug-2025 03:00 PM,Public Works Building and NH Department||Chief Engineer-Building - PWBNH,Bongaigaon,783380.0,2.0,"14,43,70,000",KUSHAN CHOUDHURY,"129,700,000",Accepted-AOC,03-Dec-2025,Public Works Building and NH Department||Chief Engineer-Building - PWBNH
2025_APDCL_45195_1,APDCL/CGMRE/Kachugaon/Tower/25,"Electrification of the 6 villages of Gossaigaon LAC under Kokarjhar El. Circle, APDCL","Construction of 11 KV single circuit line with five nos. of 132 KV, D6 type tower for crossing over Sankosh River as a part of extension of existing single circuit 11 KV feeder for electrification of six nos. villages of Gossaigaon LAC",Works,Open Tender,Turn-key,Electrical Works,No,No,NA ,27-Jun-2025 03:00 PM,01-Jul-2025 12:00 PM ,180.0,No ,No,Online,22-Jul-2025 03:00 PM,Assam Power Distribution Company Ltd||CGM(Rural Electrification) - APDCL,Gossaigaon,783360.0,2.0,"3,66,54,446",RATNA BIKASH DEKA-LILI ENTERPRISE (JV),"36,592,710.66",Rejected-Finance,10-Dec-2025,Assam Power Distribution Company Ltd||CGM(Rural Electrification) - APDCL
2025_APDCL_45197_1,APDCL/CGMRE/Tengapani/TRLine/1,"Electrification of the villages of Himanto Tengapani areas under Tinsukia El. Circle, APDCL","Construction of 11KV single circuit line with Two Nos. of 132 KV, D15 type tower for crossing at Noadihang River as a part of extension of single circuit 11 KV line for electrification of the villages of Himanto Tengapani under Tinsukia District",Works,Open Tender,Turn-key,Electrical Works,No,No,NA ,27-Jun-2025 03:00 PM,01-Jul-2025 12:00 PM ,180.0,No ,No,Online,15-Jul-2025 12:00 PM,Assam Power Distribution Company Ltd||CGM(Rural Electrification) - APDCL,Tengapani,786171.0,2.0,"2,01,14,575",ANEE BAISHYA,"18,901,704.92",Accepted-AOC,10-Dec-2025,Assam Power Distribution Company Ltd||CGM(Rural Electrification) - APDCL
2025_ID_48154_1,NIT No 2/2025-26,Solar Powered MDTW Scheme at Hatigadhoi Area (1 Point) under SOPD-G for the year 2025-26,Construction of Solar Powered MDTW Scheme at Hatigadhoi Area (1 Point) under SOPD-G for the year 2025-26,Works,Open Tender,Works,Civil Works,No,No,NA ,17-Oct-2025 06:30 PM,NA ,180.0,No ,No,Online,08-Nov-2025 02:30 PM,Irrigation Department||Chief Engineer(Minor Irrigation)-Irrigation Dept||Dibrugarh Circle||Dibrugarh Lahowal Chabua Division,Chabua,786184.0,2.0,"28,79,884",G.S. CONSTRUCTION,"2,876,816.41",Rejected-Finance,19-Nov-2025,Irrigation Department||Chief Engineer(Minor Irrigation)-Irrigation Dept||Dibrugarh Circle||Dibrugarh Lahowal Chabua Division
2025_PWD_46111_1,CEM/03/2025/4,Procurement of 5 (five) Nos. of Bailey Bridge,Procurement of 5(five) units(one unit each) of (i) 140 ft TSR (ii)130 ft TSR (iii) 80 ft DSR (iv) 100 ft DSR and (v) 100 ft DSR 2 Transom per bay Standard Width Steel Deck Bailey bridge (Galvanised),Goods,Open Tender,Item Rate,Miscellaneous Goods,No,No,NA ,04-Aug-2025 02:00 PM,09-Aug-2025 11:00 AM ,180.0,No ,No,Online,02-Sep-2025 03:00 PM,Public Works Roads Department,ASSAM,785612.0,2.0,"6,60,69,500",ESSEN FABRICATORS PRIVATE LIMITED,"41,477,836",Accepted-AOC,08-Dec-2025,Public Works Roads Department
2025_PWD_47255_1,SOPD(G)CDTRD/SONARI/2025-26/06,SOPD(G)CDTRD/SONARI/2025-26/06,Construction of (i)Balu Konwar Play Ground Connecting road by GWC(From Ch 0 M to Ch 1000M and (ii)Rohan Nepali Bari LP School Road by GWC (From Ch 0 M to Ch 1000M (Total Length 2 Km) under SOPD-G for the year 2025-26 in PWRD Charaideo DTRD SONARI LAC,Works,Open Tender,Item Rate,Civil Works – Roads,No,No,NA ,10-Sep-2025 02:00 PM,17-Sep-2025 01:00 PM ,180.0,No ,No,Online,26-Sep-2025 02:00 PM,Public Works Roads Department,SONARI LAC,785690.0,2.0,,DEBEN GOGOI,"2,499,643",Accepted-AOC,12-Dec-2025,Public Works Roads Department
2025_WPTBC_44559_1,PTDC/Engg/2024-25/335,"Infrastructure Development at Sukutiputa Habi LPS, Jagiroad LAC, under SCSP Scheme for the financial year 2024-25","Proposal for Administrative Approval for the works of infrastructure at 40 (Forty) different LP/UP Schools of dominated area of amount of Rs. 1000.00 Lakh under DEE, Assam during the Financial Year 2024. ( Infrastructure Development at Sukutiputa Hab",Works,Open Tender,Item Rate,Civil Works,No,No,NA ,27-May-2025 03:30 PM,02-Jun-2025 02:00 PM ,180.0,No ,No,Online,16-Jun-2025 02:00 PM,Welfare of Plain Tribes and Backward Classes||Director - WPT and BC,Morigaon,782411.0,2.0,"25,00,000",AKSHAY KUMAR DEKA,"2,495,000",Accepted-AOC,29-Dec-2025,Welfare of Plain Tribes and Backward Classes||Director - WPT and BC
2025_ID_48406_2,19 (SOPD-G) 2025-26 Date_03_11_2025,"Construction of Sonai LIS under SOPD-G for the Year 2025-26 under Dholai Sonai Division Irrigation, Dholai Package no. 02","Construction of Sonai LIS under SOPD-G for the Year 2025-26 under Dholai Sonai Division Irrigation, Dholai Package no. 02",Works,Open Tender,Item Rate,Civil Works,No,No,NA ,04-Nov-2025 06:00 PM,10-Nov-2025 02:00 PM ,180.0,No ,No,Online,26-Nov-2025 03:00 PM,Irrigation Department||Chief Engineer(Major)-Irrigation Dept,Silchar,788001.0,2.0,"2,26,35,113",ABDUL HAMID CHOUDHURY,"22,634,113",Accepted-AOC,25-Dec-2025,Irrigation Department||Chief Engineer(Major)-Irrigation Dept
2025_ICD_47238_1,APL/CnP/097/PPE/Pro/2526/1572,SPARES FOR MP COLUMN REBOILER,U Tube Bundle with Channel Head Assembly and Supervision of Erection and Installation at site,Goods,Open Limited,Item Rate,Supply of Materials,No,No,NA ,03-Sep-2025 11:00 AM,NA ,120.0,No ,No,Online,25-Sep-2025 03:00 PM,Industries and Commerce Department||Assam Petro-Chemicals Ltd.||Head office Namrup||Materials Management Department,"APL, Namrup",786623.0,2.0,"52,40,000",DEBNATH ENTERPRISE,"5,755,450",Rejected-Finance,04-Dec-2025,Industries and Commerce Department||Assam Petro-Chemicals Ltd.||Head office Namrup||Materials Management Department
2025_PWBNH_45163_5,Tech-II/30/2025/3 dtd 19th June 2025,"Infrastructure Development of Ghanakanta Baruah College, (Construction Of RCC Second Floor over existing G Plus 1 Administrative Building and Horizonal Extension (RCC G Plus 2) of existing Ground Floor Library Building) at Morigaon District","Infrastructure Development of Ghanakanta Baruah College, (Construction Of RCC Second Floor over existing G Plus 1 Administrative Building and Horizonal Extension (RCC G Plus 2) of existing Ground Floor Library Building) at Morigaon District",Works,Open Tender,Item Rate,Civil Works - Building,No,No,NA ,27-Jun-2025 04:00 PM,02-Jul-2025 11:30 AM ,180.0,No ,No,Online,16-Jul-2025 03:30 PM,Public Works Building and NH Department||Chief Engineer-Building - PWBNH,Morigaon,782105.0,2.0,"4,67,72,306",SAURAV PHUKAN,"49,561,176",Rejected-AOC,11-Dec-2025,Public Works Building and NH Department||Chief Engineer-Building - PWBNH
2025_APDCL_45423_1,CGM(D)/APDCL/LAR/EV Charging Station/ASTC Workshop/2023-24/12,"Construction of new 33KV OH, UG line for providing power supply to EV Charging station at ASTC Workshop, Rupnagar along with 11KV composite line from 33/11 KV Rupnagar GIS Sub-Station, Rupnagar under Ulubari Electrical Sub-Division under Deposit Wor","Construction of new 33KV OH, UG line for providing power supply to EV Charging station at ASTC Workshop, Rupnagar along with 11KV composite line from 33/11 KV Rupnagar GIS Sub-Station, Rupnagar under Ulubari Electrical Sub-Division under Deposit Wor",Works,Open Tender,Turn-key,Electrical Works,No,No,NA ,07-Jul-2025 06:00 PM,11-Jul-2025 03:00 PM ,240.0,No ,No,Online,08-Aug-2025 02:00 PM,Assam Power Distribution Company Ltd||CGM(D) Lower Assam Region - APDCL,Guwahati,781001.0,2.0,"2,98,18,568",U K ENTERPRISE,"28,750,615.82",Rejected-Finance,10-Dec-2025,Assam Power Distribution Company Ltd||CGM(D) Lower Assam Region - APDCL
2025_ID_47941_2,2 (SOPD-G) 2025-26 Date_09.10.2025,Renovation of I.I.S from KRB and SRB under Raha LAC under SOPD-G for the year 2025-26 of Nagaon Batadrava Raha Barhampur Div (I) Nagaon Pkg_2,Renovation of I.I.S from KRB and SRB under Raha LAC under SOPD-G for the year 2025-26 of Nagaon Batadrava Raha Barhampur Div (I) Nagaon Pkg_2,Works,Open Tender,Item Rate,Civil Works,No,No,NA ,10-Oct-2025 06:00 PM,16-Oct-2025 02:00 PM ,180.0,No ,No,Online,03-Nov-2025 10:00 AM,Irrigation Department||Chief Engineer(Major)-Irrigation Dept,Raha,782103.0,2.0,"2,17,94,313",M/S MOUSUMI ENTERPRISE AND JV,"21,793,613",Accepted-AOC,18-Dec-2025,Irrigation Department||Chief Engineer(Major)-Irrigation Dept
2025_UDD_48175_1,TMB.II-8/2025-26/199,Construction of Idol Immersion Ghat at Jyotinagar under Makum Municipal Board (MMB),Construction of Idol Immersion Ghat at Jyotinagar under Makum Municipal Board (MMB),Works,Open Tender,Works,Civil Works,No,No,NA ,21-Oct-2025 02:00 PM,NA ,180.0,No ,No,Online,17-Nov-2025 11:00 AM,Urban Development Department||Directorate of Municipality Administration - UDD||Makum Municipal Board,"Jyotinagar, Makum",786170.0,2.0,"23,64,400",Kalyan Chetia,"2,009,740",Rejected-Finance,06-Dec-2025,Urban Development Department||Directorate of Municipality Administration - UDD||Makum Municipal Board
2025_PWD_44840_1,CE/DEV/TB/42/2025-26 Dated 03-06-2025,SOPD_G_25_26_12 Construction of road from Hemphu Lokhimon English High School to Sok Phe Eh Lokhimon Dovan (from Ch. 0.00 km to Ch. 1.60 km) (Length 1.60 km) under SOPD-G for the year 2023-24 of District Karbi Anglong (Bokajan LAC),SOPD_G_25_26_12 Construction of road from Hemphu Lokhimon English High School to Sok Phe Eh Lokhimon Dovan (from Ch. 0.00 km to Ch. 1.60 km) (Length 1.60 km) under SOPD-G for the year 2023-24 of District Karbi Anglong (Bokajan LAC),Works,Open Tender,Item Rate,Civil Works – Roads,No,No,NA ,11-Jun-2025 05:00 PM,12-Jun-2025 12:00 PM ,180.0,No ,No,Online,01-Jul-2025 02:00 PM,Public Works Roads Department,Bokajan,782480.0,2.0,"2,29,89,000",DIPEN GOGOI,"22,960,822",Not Admitted-Fee/PreQual/Technical,01-Dec-2025,Public Works Roads Department
2025_PWBNH_44087_1,"Tech-VI/ RIDF- XXX/ 1 /2024/ 2 Dated Guwahati the 19th December, 2024","Construction of 126 secondary schools in 35 districts of assam under RIDF-XXX (2024-25) for (i) Tamulichiga High School, East Jorhat (ii) Mohimabari High School, Titabor under Jorhat DTBD (Gr-62)","Construction of 126 secondary schools in 35 districts of assam under RIDF-XXX (2024-25) for (i) Tamulichiga High School, East Jorhat (ii) Mohimabari High School, Titabor under Jorhat DTBD (Gr-62)",Works,Open Tender,Item Rate,Civil Works - Building,No,No,NA ,12-Apr-2025 06:00 PM,17-Apr-2025 11:30 AM ,180.0,No ,No,Online,09-May-2025 03:00 PM,Public Works Building and NH Department||Chief Engineer-Building - PWBNH,JORHAT,785001.0,2.0,"14,43,70,000",Ms Ragia Ku Enterprises,"154,288,125",Rejected-AOC,06-Dec-2025,Public Works Building and NH Department||Chief Engineer-Building - PWBNH
2025_KAAC_46377_1,ACEH/CS/SSA/03/2025-26/NSL35,Construction of 50 bedded hostel separately for boys and girls at Anjokpani High School under the scheme Dharti Aaba Janjatiya Gram Utkarsh Abhiyan,Construction of 50 bedded hostel separately for boys and girls at Anjokpani High School under the scheme Dharti Aaba Janjatiya Gram Utkarsh Abhiyan,Works,Open Tender,Item Rate,Civil Works - Building,No,No,NA ,18-Aug-2025 11:00 AM,20-Aug-2025 12:00 PM ,180.0,No ,No,Online,30-Aug-2025 11:00 AM,Karbi Anglong Autonomous Council||PWD||Addl. Chief Engineer Diphu,Rongmongwe,782461.0,2.0,"3,78,75,000",Power Tools and Engineering,"37,858,695.23",Rejected-AOC,31-Dec-2025,Karbi Anglong Autonomous Council||PWD||Addl. Chief Engineer Diphu
2025_PWBNH_45167_1,"CE/TECH-V/59/2025/2 Dated Guwahati the, 21st June, 2025",Additional Estimate for Annexe I Building with Ancillary Works and Additional outside work of New Assam Legislative Assembly Complex at Dispur as per Revised Design Proposal,Additional Estimate for Annexe I Building with Ancillary Works and Additional outside work of New Assam Legislative Assembly Complex at Dispur as per Revised Design Proposal,Works,Open Tender,Item Rate,Civil Works - Building,No,No,NA ,25-Jun-2025 12:15 PM,02-Jul-2025 11:00 AM ,180.0,No ,No,Online,16-Jul-2025 04:00 PM,Public Works Building and NH Department||Chief Engineer-Building - PWBNH,Dispur,781006.0,2.0,"28,97,78,891",UCN CONSTRUCTION COMPANY PRIVATE LIMITED,"314,560,692",Rejected-AOC,03-Dec-2025,Public Works Building and NH Department||Chief Engineer-Building - PWBNH
2025_PWD_45820_12,CE/STBR/SOPD-G/NIT/07/2025 26/1 Dated 26-06-2025,STBR/SOPD-G/Sribhumi -05/125 (i)Construction Of Isamoti Nabipur PWD Road at PHE to Isamoti under SOPD-G for the year 2025-26 (ii)Construction of road from Bahadurpur Thamua PWD Road to North Deriabari under SOPD-G for the year 2025-26 of Sribhumi Di,STBR/SOPD-G/Sribhumi -05/125 (i)Construction Of Isamoti Nabipur PWD Road at PHE to Isamoti under SOPD-G for the year 2025-26 (ii)Construction of road from Bahadurpur Thamua PWD Road to North Deriabari under SOPD-G for the year 2025-26 of Sribhumi Di,Works,Open Tender,Item Rate,Civil Works – Roads,No,No,NA ,22-Jul-2025 12:30 PM,30-Jul-2025 11:00 AM ,180.0,No ,No,Online,11-Aug-2025 11:00 AM,Public Works Roads Department,Sribhumi,788701.0,2.0,"1,91,88,000",RABIJUL ISLAM,"19,187,417",Rejected-AOC,10-Dec-2025,Public Works Roads Department
2025_DHUA_48644_1,CE/H and UA/CS-131/25-26/01,Revitalization of Water body inside Dibrugarh Core City Area,Revitalization of Water body inside Dibrugarh Core City Area,Works,Open Tender,Percentage,Civil Works,No,No,NA ,15-Nov-2025 11:40 AM,NA ,180.0,No ,No,Online,18-Nov-2025 03:00 PM,Department of Housing and Urban Affairs||Chief Engineer Technical Cell,Dibrugarah,786002.0,2.0,"4,71,25,600",NUMAL SAIKIA,"47,125,600",Rejected-AOC,03-Dec-2025,Department of Housing and Urban Affairs||Chief Engineer Technical Cell
2025_PWD_45827_134,CE/MAINT/SOPDG/01/2025-26/02,MAINT/SOPD-G/2025-26/119,"MAINT/SOPD-G/2025-26/119_1_ Construction of road from Athiaboi Dongamukh Bezubari connecting road, 2_ Left byelane of Dhopatari Baidyapara road and 3_ Mollong Graijing Reserve Road and Smashan road under SOPD-G for the year 2025-26, Kamalpur LAC, Nor",Works,Open Tender,Item Rate,Civil Works – Roads,No,No,NA ,28-Jul-2025 04:00 PM,28-Jul-2025 04:00 PM ,180.0,No ,No,Online,19-Aug-2025 11:00 AM,Public Works Roads Department,Kamrup Rural,781354.0,2.0,"95,00,000",Bubul Bharali,"9,498,900",Accepted-AOC,24-Dec-2025,Public Works Roads Department
2025_PWD_45827_120,CE/MAINT/SOPDG/01/2025-26/02,MAINT/SOPD-G/2025-26/108,"MAINT/SOPD-G/2025-26/108_Improvement of (GWC) Road from 1_ Shyam Rai Namghar to Dumunichowki L.P. School Road , 2_ Improvement of (GWC) Road from Malibari Aurjuntol to Hindumaijali Nadipar Road , 3_ Improvement of (GWC) Road from Rajat Rajbongshi Ho",Works,Open Tender,Item Rate,Civil Works – Roads,No,No,NA ,25-Jul-2025 06:00 PM,26-Jul-2025 02:00 PM ,180.0,No ,No,Online,19-Aug-2025 11:00 AM,Public Works Roads Department,Kamrup Rural,781354.0,2.0,"86,36,000",Bubul Bharali,"8,634,931",Accepted-AOC,24-Dec-2025,Public Works Roads Department
2025_BoTC_47876_1,BTC/Dhansiri/01/2025 Pkg 01,25 Ha Artificial Regeneration (AR) Plantation (Erection of Fencing Work) at Bongurum under Nunoi Range,25 Ha Artificial Regeneration (AR) Plantation (Erection of Fencing Work) at Bongurum under Nunoi Range,Works,Open Tender,Works,Civil Works,No,No,NA ,08-Oct-2025 03:00 PM,NA ,180.0,No ,No,Online,29-Oct-2025 03:30 PM,Bodoland Territorial Council||Forests-BTC,Dhansiri,782470.0,2.0,"35,34,832",NELSON BASUMATARY,"3,181,348.8",Rejected-Technical,12-Dec-2025,Bodoland Territorial Council||Forests-BTC
2025_PHED_47959_1,SEPH/TEZ/TC-196/2025-26/ 971-77 Dated 09/10/2025,"Utility Shifting of Bhuyan Gaon Pipe Water Supply Scheme under SOPD for the year 2025-26 under Tezpur Division No-I, Tezpur, Sonitpur","Utility Shifting of Bhuyan Gaon Pipe Water Supply Scheme under SOPD for the year 2025-26 under Tezpur Division No-I, Tezpur, Sonitpur",Works,Open Tender,Item Rate,Civil Works - Water Works,No,No,NA ,11-Oct-2025 10:00 AM,17-Oct-2025 11:00 AM ,90.0,No ,No,Online,08-Nov-2025 02:00 PM,Public Health Engineering Department||Chief Engineer PHE(P)-Assam-PHED||North Assam Zone-Tezpur-PHED||Tezpur Circle-Tezpur-PHED,"Bhuyan Gaon, Sonitpur",784504.0,2.0,"28,61,740",Jai Dadi Associate,"2,840,534",Accepted-AOC,19-Dec-2025,Public Health Engineering Department||Chief Engineer PHE(P)-Assam-PHED||North Assam Zone-Tezpur-PHED||Tezpur Circle-Tezpur-PHED
2025_PWBNH_48488_1,TECH/U_BDTD/BLDG/IFB/2025-26,Construction of three Assam Type room on the First Floor of the existing Building at Govt. ITI Suklai,Construction of three Assam Type room on the First Floor of the existing Building at Govt. ITI Suklai,Works,Open Tender,Item Rate,Civil Works - Building,No,No,NA ,10-Nov-2025 10:00 AM,26-Nov-2025 11:00 AM ,180.0,No ,No,Online,03-Dec-2025 04:00 PM,Public Works Building and NH Department||Chief Engineer-Building - PWBNH,Suklai,784527.0,2.0,"49,91,000",SHIV CONSTRUCTION CO,"4,991,000",Rejected-AOC,31-Dec-2025,Public Works Building and NH Department||Chief Engineer-Building - PWBNH
2025_HFWD_43924_1,634146.0,"Printing, Supply and delivery of PVC cards","Printing, Supply and delivery of PVC cards to Government employees and Government pensioners under Ayushman Asom-Mukhya Mantri Lok Sevak Arogya Yojana (AA MMLSAY).",Goods,Open Tender,Item Rate,Supply of Materials,No,No,NA ,02-Apr-2025 04:00 PM,09-Apr-2025 12:00 PM ,180.0,No ,No,Online,23-Apr-2025 03:00 PM,Health and Family Welfare Department||Atal Amrit Abhiyan Society,Guwahati,781022.0,2.0,,Alankit Limited,"1,970,500",Accepted-AOC,15-Jan-2026,Health and Family Welfare Department||Atal Amrit Abhiyan Society
2025_DOT_47436_1,ATDC/CS/691/2025/3115 dt. 28.08.2025,"Beautification of Dighalipukhuri Premises, Guwahati","Beautification of Dighalipukhuri Premises, Guwahati",Works,Open Tender,Item Rate,Civil Works - Others,No,No,NA ,10-Sep-2025 05:05 PM,15-Sep-2025 12:00 PM ,180.0,No ,No,Online,19-Sep-2025 01:00 PM,Department of Tourism||Assam Tourism Development Corporation Ltd. - DOT||HO-Guwahati-ATDCL - DOT,Guwahati,781001.0,2.0,"1,78,00,000",M/S I.S. Trading Co,"17,799,629",Rejected-AOC,17-Dec-2025,Department of Tourism||Assam Tourism Development Corporation Ltd. - DOT||HO-Guwahati-ATDCL - DOT
2025_PWD_48321_1,SE/MRC/TB/NIT/01/2023-24/74,"Construction and Improvement of Sewerage System around TATA Semiconductor Plant at Jagiroad including Construction of cross drainage to the outlet point at Taranga Beel, including Routine Maintenance for 1 year.","Construction and Improvement of Sewerage System around TATA Semiconductor Plant at Jagiroad including Construction of cross drainage to the outlet point at Taranga Beel, including Routine Maintenance for 1 year.",Works,Open Tender,Item Rate,Civil Works – Roads,No,No,NA ,31-Oct-2025 11:00 AM,NA ,180.0,No ,No,Online,21-Nov-2025 11:00 AM,Public Works Roads Department||CE PWD(R) - PWD,Jagiroad,782410.0,2.0,"1,97,99,000",Dharmajyoti Bordoloi,"19,798,800",Rejected-Finance,05-Dec-2025,Public Works Roads Department||CE PWD(R) - PWD
2025_PWBNH_45163_4,Tech-II/30/2025/3 dtd 19th June 2025,"Infrastructure Development of Charaibahi College, (Construction Of RCC G Plus 2 Academic Building) at Charaibahi, Morigaon District","Infrastructure Development of Charaibahi College, (Construction Of RCC G Plus 2 Academic Building) at Charaibahi, Morigaon District",Works,Open Tender,Item Rate,Civil Works - Building,No,No,NA ,25-Jun-2025 06:00 PM,02-Jul-2025 11:30 AM ,180.0,No ,No,Online,16-Jul-2025 03:30 PM,Public Works Building and NH Department||Chief Engineer-Building - PWBNH,Morigaon,782105.0,2.0,"4,69,55,026",SAURAV PHUKAN,"49,560,928",Rejected-AOC,11-Dec-2025,Public Works Building and NH Department||Chief Engineer-Building - PWBNH
2025_ICD_44333_1,C AND P/HAZOP/RB/25-26/01,ANNUAL RATE CONTRACT FOR CONDUCTING HAZOP AND QRA,ANNUAL RATE CONTRACT FOR CONDUCTING HAZOP AND QRA,Services,Open Tender,Works,Consultancy,No,No,NA ,21-May-2025 04:20 PM,03-Jun-2025 11:00 AM ,120.0,No ,No,Online,20-Jun-2025 03:00 PM,Industries and Commerce Department||Assam Gas Company Ltd - ICD,AGCL Operational area,786602.0,2.0,,Amrita Shah,"283,200",Rejected-Finance,16-Dec-2025,Industries and Commerce Department||Assam Gas Company Ltd - ICD
2025_WPTBC_48990_1,PTDC/Engg/2024-25/450,"Establishment of Tribal Multipurpose Marketing centre at Karbi Anglong, Donka No. 1 under Hamren Mouza under the scheme Dharti Aaba Janajatiya Gram Utkarsh Abhiyan (DAJGUA) during the year 2025-26","Establishment of Tribal Multipurpose Marketing centre at Karbi Anglong, Donka No. 1 under Hamren Mouza under the scheme Dharti Aaba Janajatiya Gram Utkarsh Abhiyan (DAJGUA) during the year 2025-26",Works,Open Tender,Item Rate,Civil Works,No,No,NA ,02-Dec-2025 09:00 AM,05-Dec-2025 11:00 AM ,180.0,No ,No,Online,18-Dec-2025 03:00 PM,Welfare of Plain Tribes and Backward Classes||Director - WPT and BC,Karbi Anglong Donka,782480.0,2.0,"1,00,00,000",Devajit Kutum,"10,000,000",Accepted-AOC,20-Dec-2025,Welfare of Plain Tribes and Backward Classes||Director - WPT and BC
2024_HFWD_38476_1,Auto Disable Syringe 0.5 ml_2024,Auto Disable Syringe 0.5 ml,Supply of Auto Disable Syringe 0.5 ml,Goods,Open Tender,Item Rate,Medicines,No,No,NA ,13-Aug-2024 03:00 PM,20-Aug-2024 03:00 PM ,180.0,No ,No,Online,03-Sep-2024 04:00 PM,Health and Family Welfare Department||Assam Medical Services Corporation Limited,AMSCL,781026.0,2.0,,R R Medical Enterprises Private Limited,100.0,Rejected-Finance,01-Nov-2025,Health and Family Welfare Department||Assam Medical Services Corporation Limited
2025_APDCL_45482_1,APDCL/CGMRE/Jonai/TRLine/PKG_A,"Electrification of Borong Krishnapur village of Jonai under N. Lakhimpur Elect. Circle, APDCL Package A",Construction of 11 KV single circuit line and type tower for crossing over tributaries of Brahmaputra River as a part of extension of single circuit 11 KV feeder Last DP for electrification of Borong Krishnapur village,Works,Open Tender,Turn-key,Electrical Works,No,No,NA ,10-Jul-2025 03:00 PM,14-Jul-2025 12:00 PM ,180.0,No ,No,Online,29-Jul-2025 12:00 PM,Assam Power Distribution Company Ltd||CGM(Rural Electrification) - APDCL,Jonai,787060.0,2.0,"3,19,65,878",Mudit Kumar Borah,"31,500,000",Rejected-AOC,10-Dec-2025,Assam Power Distribution Company Ltd||CGM(Rural Electrification) - APDCL
2025_PWD_47651_1,CE/DEV/TB/116/2025-26/10 Dtd- 28.08.2025,"ASOM_MALA_3.0_25_26_11 Improvement and Upgradation of Road from Tahpat to Mukroh (Priority-3, sl no 588-Umwang-Khanduli Tahpat-Zirikinding Amreng- Kheroni (portion from Tahpat Ch. 42850 km to Mukroh Ch 42.850 km to Mukroh Ch.42.850 km to Mukroh Ch. 5","ASOM_MALA_3.0_25_26_11 Improvement and Upgradation of Road from Tahpat to Mukroh (Priority-3, sl no 588-Umwang-Khanduli Tahpat-Zirikinding Amreng- Kheroni (portion from Tahpat Ch. 42850 km to Mukroh Ch 42.850 km to Mukroh Ch.42.850 km to Mukroh Ch. 5",Works,Open Tender,Item Rate,Civil Works – Roads,No,No,NA ,22-Sep-2025 09:00 AM,22-Sep-2025 12:00 PM ,180.0,No ,No,Online,07-Oct-2025 02:30 PM,Public Works Roads Department,West Karbi Anglong,782413.0,2.0,"61,14,70,000",M/S N.N. CONSTRUCTION,"611,470,000",Rejected-Finance,31-Dec-2025,Public Works Roads Department
2025_HFWD_48271_1,MCH/HMS/2022/279/PART1/106,"Providing Picture Archiving and Communication System PACS required under Radiology Department, Gauhati Medical College Hospital, Guwahati","Providing Picture Archiving and Communication System PACS required under Radiology Department, Gauhati Medical College Hospital, Guwahati",Goods,Open Tender,Item Rate,Computer- S/W,No,No,NA ,27-Oct-2025 06:55 PM,30-Oct-2025 12:00 PM ,365.0,No ,No,Online,10-Nov-2025 04:00 PM,Health and Family Welfare Department||Directorate of Medical Education-HFWD||Guwahati Medical College Hospital-HFWD,"GMCH, Bhangagarh, Guwahati",781032.0,2.0,,MEDSYNAPTIC PRIVATE LIMITED,"10,600,000",Accepted-AOC,10-Dec-2025,Health and Family Welfare Department||Directorate of Medical Education-HFWD||Guwahati Medical College Hospital-HFWD
2025_UDD_47195_1,DMB/Tender/2025/1106 Dated 30/08/2025,"Extension of Distribution Pipe Network of Bharalichuk PWSS, No.2 Bharalichuk PWSS and Hiloidary PWSS","Extension of Distribution Pipe Network of Bharalichuk PWSS, No.2 Bharalichuk PWSS and Hiloidary PWSS",Works,Open Tender,Works,Civil Works,No,No,NA ,02-Sep-2025 02:00 PM,NA ,180.0,No ,No,Online,23-Sep-2025 10:00 AM,Urban Development Department||Directorate of Municipality Administration - UDD||Dhemaji Municipal Board,Dhemaji,787057.0,2.0,"1,18,22,000",REBAT SONOWAL,"11,230,900",Accepted-AOC,04-Dec-2025,Urban Development Department||Directorate of Municipality Administration - UDD||Dhemaji Municipal Board
2025_SEEDE_46108_1,GS02/ASU/MTC/037/(Lot 1),Lot 1 Equipment for Microprocessor and Microcontrollers Lab,"Lot 1 Equipment for Microprocessor and Microcontrollers Lab, Equipment for PLC and Automation.",Goods,Open Tender,Item Rate,Electronics Equipment,No,No,NA ,04-Aug-2025 10:00 AM,11-Aug-2025 02:30 PM ,150.0,No ,No,Online,18-Sep-2025 03:00 PM,Skill Employment and Entrepreneurship Department- Externally Aided Project||Assam Skill University Project- ADB Funded Tenders,ASU Campus,784125.0,1.0,,ANSHUMAN Tech Pvt. Ltd.,"16,799,999",Accepted-AOC,10-Dec-2025,Skill Employment and Entrepreneurship Department- Externally Aided Project||Assam Skill University Project- ADB Funded Tenders
2025_WPTBC_47037_1,PTDC/Engg/2024-25/394,Construction of New Tea Tribes and Adivasi Girls Hostel at Duliajan.,Construction of New Tea Tribes and Adivasi Girls Hostel at Duliajan.,Works,Open Tender,Item Rate,Civil Works,No,No,NA ,27-Aug-2025 05:30 PM,28-Aug-2025 11:00 AM ,180.0,No ,No,Online,04-Sep-2025 03:00 PM,Welfare of Plain Tribes and Backward Classes||Director - WPT and BC,Duliajan,786602.0,2.0,"1,00,00,000",GYANDEEP DEHINGIA,"9,999,998.37",Accepted-AOC,08-Dec-2025,Welfare of Plain Tribes and Backward Classes||Director - WPT and BC
2025_PCCF_46209_1,Z/RATION TENDER/A.S.ZOO/03,Supplying of Ration Feed Materials under the Group D Fish for zoo captives of the Assam State Zoo for a period of one year,Supplying of Ration Feed Materials under the Group D Fish for zoo captives of the Assam State Zoo for a period of one year,Goods,Open Tender,Supply,Food Products,No,No,NA ,07-Aug-2025 10:00 AM,18-Aug-2025 02:00 PM ,180.0,No ,No,Online,29-Aug-2025 02:00 PM,Pr. Chief Conservator of Forest and Head of Forest Force||Principal Chief Conservator of Forests(Wildlife and Ch. Wildlife Warden)||Divisional Forest Officer - Assam Sate Zoo,Assasm State Zoo,781005.0,2.0,"92,49,780",AFTAB HUSSAIN,"10,056,930",Rejected-Technical,06-Dec-2025,Pr. Chief Conservator of Forest and Head of Forest Force||Principal Chief Conservator of Forests(Wildlife and Ch. Wildlife Warden)||Divisional Forest Officer - Assam Sate Zoo
2024_DoWR_41533_1,KAMRUP METRO/2024-25/FFM/IV,Procurement of flood fighting materials (E.C Bag) for Water Resources Department for the year 2024-25 (Zone-B),Procurement of flood fighting materials (E.C Bag) for Water Resources Department for the year 2024-25 (Zone-B),Goods,Open Tender,Supply,Supply of Materials,No,No,NA ,20-Dec-2024 06:30 PM,NA ,180.0,No ,No,Online,09-Jan-2025 03:00 PM,Department of Water Resources||Chief Engineer - DoWR,Guwahati,781029.0,2.0,"99,64,260",NORTH EAST ENTERPRISE,"8,971,380",Accepted-AOC,21-Dec-2025,Department of Water Resources||Chief Engineer - DoWR
2024_PWRDW_37599_1,RFB No. CEEAPARRBP02TENDERS2024/1,Construction of Bridge in Bajali district i. Br. No. 1/1 on Bongaon Kashkuri Road,CE/EAP/ARRBP/OCB/Bridge-1/Balaji/01 Construction of Bridge in Bajali district i. Br. No. 1/1 on Bongaon Kashkuri Road,Works,Open Tender,Item Rate,Civil Works,No,No,NA ,14-Jun-2024 05:00 PM,28-Jun-2024 11:00 AM ,90.0,No ,No,Online,15-Jul-2024 02:30 PM,Public Works Roads Department-Externally Aided Project||Public Works Road Department- World Bank Funded Tenders||Assam State Bridge Infrastructure Program,Bajali,781325.0,2.0,"1,53,23,000",MODERN CONSTRUCTION CO,"15,102,617.86",Accepted-AOC,10-Dec-2025,Public Works Roads Department-Externally Aided Project||Public Works Road Department- World Bank Funded Tenders||Assam State Bridge Infrastructure Program
2025_PWBNH_42055_3,CE/TB-VII/86/2024/6 Dated Guwahati the 6th Jan 2025,"Construction of Co-District Office (RCC G Plus 4) at Dhekiajuli, Sonitpur District, Assam","Construction of Co-District Office (RCC G Plus 4) at Dhekiajuli, Sonitpur District, Assam",Works,Open Tender,Item Rate,Civil Works - Building,No,No,NA ,11-Jan-2025 09:00 AM,13-Jan-2025 11:00 AM ,180.0,No ,No,Online,05-Feb-2025 03:00 PM,Public Works Building and NH Department||Chief Engineer-Building - PWBNH,Sonitpur,784110.0,2.0,"17,39,21,368",golden traders,"190,700,000",Rejected-AOC,03-Dec-2025,Public Works Building and NH Department||Chief Engineer-Building - PWBNH
2025_DoWR_42172_1,FREMAA_GOODS 4_DESKTOP COMPUTERS,"Supply, installation and commissioning of Desktop Computers for Water Resources Department, Govt of Assam","Supply, installation and commissioning of Desktop Computers for Water Resources Department, Govt of Assam",Goods,Open Tender,Lump-sum,Computer- H/W,No,No,NA ,16-Jan-2025 06:55 PM,27-Jan-2025 03:00 PM ,120.0,No ,No,Online,24-Mar-2025 04:00 PM,Department of Water Resources||Flood and River Erosion Management Agency of Assam,Assam,781029.0,2.0,"5,85,20,000",Computer World Services,"53,344,560",Accepted-AOC,18-Sep-2025,Department of Water Resources||Flood and River Erosion Management Agency of Assam
2025_UDD_49278_1,AMB/08/2025-2026/4914 DTD11/12/2025,"Construction / Development of Amguri Town (Shanti Bon), Ward No-02 of Amguri MB against the Schemes of Cremation and Burial Ground under 6th ASFC.","Construction / Development of Amguri Town (Shanti Bon), Ward No-02 of Amguri MB against the Schemes of Cremation and Burial Ground under 6th ASFC.",Works,Open Tender,Works,Civil Works,No,No,NA ,12-Dec-2025 02:00 PM,NA ,90.0,No ,No,Online,19-Dec-2025 02:00 PM,Urban Development Department||Directorate of Municipality Administration - UDD||Amguri Municipal Board,AMGURI,785680.0,2.0,"22,50,000",pulakesh gogoi,"2,250,000",Rejected-AOC,26-Dec-2025,Urban Development Department||Directorate of Municipality Administration - UDD||Amguri Municipal Board
2025_ID_47504_1,MD(I)-06/2025,INSTALLATION OF SOLAR POWERED SHALLOW TUBE WELL SCHEMES IN MAJULI LAC (5 POINTS) FOR THE YEAR 2025-26 UNDER SOPD-G (Package-I),INSTALLATION OF SOLAR POWERED SHALLOW TUBE WELL SCHEMES IN MAJULI LAC (5 POINTS) FOR THE YEAR 2025-26 UNDER SOPD-G_PACKAGE-I,Works,Open Tender,Item Wise,Composite Works,No,No,NA ,15-Sep-2025 06:00 PM,NA ,180.0,No ,No,Online,08-Oct-2025 03:00 PM,Irrigation Department||Chief Engineer(Major)-Irrigation Dept||Jorhat Circle||Majuli Division,Majuli,785106.0,3.0,"13,35,298",RANJAN KUTUM,"1,335,298",Accepted-AOC,27-Nov-2025,Irrigation Department||Chief Engineer(Major)-Irrigation Dept||Jorhat Circle||Majuli Division
2025_PWBNH_47674_1,CS/137/2025-26,"Modification and up gradation works of the office chamber E-101 of the HM,FPD and CA, M and M and BVD Department at First Floor of Block-E, Janata Bhawan, Dispur, Ghy-6","Modification and up gradation works of the office chamber E-101 of the HM,FPD and CA, M and M and BVD Department at First Floor of Block-E, Janata Bhawan, Dispur, Ghy-6",Works,Open Tender,Item Rate,Civil Works - Building,No,No,NA ,25-Sep-2025 11:00 AM,03-Oct-2025 12:00 PM ,180.0,No ,No,Online,16-Oct-2025 02:00 PM,Public Works Building and NH Department||Chief Engineer-Building - PWBNH||SE-Guwahati Circle-1 - PWBNH||EE- PCC Division-Dispur - PWBNH,Dispur,781006.0,2.0,"39,50,386",M/S AK ENTERPRISE,"4,196,873",Accepted-AOC,22-Dec-2025,Public Works Building and NH Department||Chief Engineer-Building - PWBNH||SE-Guwahati Circle-1 - PWBNH||EE- PCC Division-Dispur - PWBNH
2025_UDD_46235_1,TM/PWD/SWM/2024-25/26/490,Supply of Industrial Vaccum Loader or Super Sucker Machine along with O and M at Tezpur Municipal Board,Supply of Industrial Vaccum Loader or Super Sucker Machine along with O and M at Tezpur Municipal Board,Goods,Open Tender,Supply,Vehicles/Vehicle Spares,No,No,NA ,07-Aug-2025 04:30 PM,NA ,180.0,No ,No,Online,28-Aug-2025 03:00 PM,Urban Development Department||Directorate of Municipality Administration - UDD||Tezpur Municipal Board,"Chairman/Executive Officer, Tezpur Municipal Board",784001.0,2.0,0.0,AXOM ENVIRO,"37,200,000",Rejected-AOC,24-Dec-2025,Urban Development Department||Directorate of Municipality Administration - UDD||Tezpur Municipal Board
2025_WPTBC_45595_1,PTDC/Engg/2024-25/375,"Administrative Approval for an amount of Rs. 24,92,876.00 only for the work upgradation of workshop building, Sick room and Principal room at Dhemaji Polytechnic, Simenchapori under SOPD-ODS during the year 2023-24","Administrative Approval for an amount of Rs. 24,92,876.00 only for the work upgradation of workshop building, Sick room and Principal room at Dhemaji Polytechnic, Simenchapori under SOPD-ODS during the year 2023-24",Works,Open Tender,Item Rate,Civil Works,No,No,NA ,15-Jul-2025 06:00 PM,15-Jul-2025 06:30 PM ,120.0,No ,No,Online,05-Aug-2025 03:00 PM,Welfare of Plain Tribes and Backward Classes||Director - WPT and BC,Dhemaji Simenchapori,787058.0,2.0,"24,92,876",ARUN JYOTI KUTUM,"2,243,588.4",Accepted-AOC,08-Dec-2025,Welfare of Plain Tribes and Backward Classes||Director - WPT and BC
2025_CD_47016_1,HF/ENGG-3657/25-26/18,"Construction of A-Type 40 bedded Girls Hostel under PM-USHA at Mandia Anchalik College, Barpeta, Assam","Construction of A-Type 40 bedded Girls Hostel under PM-USHA at Mandia Anchalik College, Barpeta, Assam",Works,Open Tender,Item Rate,Civil Works,No,No,NA ,27-Aug-2025 02:00 PM,29-Aug-2025 12:00 PM ,180.0,No ,No,Online,12-Sep-2025 11:00 AM,Cooperation Department||Assam State Co-operative Housing Federation Ltd.(HOUSEFED),"Mandia, Barpeta",781308.0,2.0,"91,38,035",Kaniska Hazarika,"9,137,900",Rejected-AOC,04-Dec-2025,Cooperation Department||Assam State Co-operative Housing Federation Ltd.(HOUSEFED)
2025_PHED_47909_1,SEPH/TEZ/TC-196/2025-26/ 915-921 Dated 08/10/2025,"Utility Shifting of Dekargaon Pipe Water Supply Scheme under SOPD for the year 2025-26 under Tezpur Division No-I, Tezpur, Sonitpur","Utility Shifting of Dekargaon Pipe Water Supply Scheme under SOPD for the year 2025-26 under Tezpur Division No-I, Tezpur, Sonitpur",Works,Open Tender,Item Rate,Civil Works - Water Works,No,No,NA ,10-Oct-2025 10:00 AM,16-Oct-2025 11:00 AM ,90.0,No ,No,Online,29-Oct-2025 02:00 PM,Public Health Engineering Department||Chief Engineer PHE(P)-Assam-PHED||North Assam Zone-Tezpur-PHED||Tezpur Circle-Tezpur-PHED,"Dekargaon, Sonitpur",784501.0,2.0,"20,78,886",MD MOFIZUL ISLAM,"1,870,997",Rejected-Finance,16-Dec-2025,Public Health Engineering Department||Chief Engineer PHE(P)-Assam-PHED||North Assam Zone-Tezpur-PHED||Tezpur Circle-Tezpur-PHED
2025_PWBNH_47711_1,CS/161/2025-26,"Modification of Office chamber for Commissioner of Police (Guwahati ) at North East Regional Institute of Parliamentary Studies Training and Research (NERIPSTER) Building , Jawahar Nagar, Guwahati-22","Modification of Office chamber for Commissioner of Police (Guwahati ) at North East Regional Institute of Parliamentary Studies Training and Research (NERIPSTER) Building , Jawahar Nagar, Guwahati-22",Works,Open Tender,Item Rate,Civil Works - Building,No,No,NA ,03-Oct-2025 11:00 AM,07-Oct-2025 12:00 PM ,180.0,No ,No,Online,27-Oct-2025 02:00 PM,Public Works Building and NH Department||Chief Engineer-Building - PWBNH||SE-Guwahati Circle-1 - PWBNH||EE- PCC Division-Dispur - PWBNH,Khanapara,781022.0,2.0,"18,82,935",M/S AK ENTERPRISE,"2,001,351",Accepted-AOC,22-Dec-2025,Public Works Building and NH Department||Chief Engineer-Building - PWBNH||SE-Guwahati Circle-1 - PWBNH||EE- PCC Division-Dispur - PWBNH
2024_ED_36605_1,EXCI/679/2023-EXCISE-LKPR/94 dtd 23 02 24,IMFL OFF shop license at Khelmati Ward NO 14 North Lakhimpur Town Lakhimpur District,IMFL OFF shop license at Khelmati Ward NO 14 North Lakhimpur Town Lakhimpur District,Services,Open Tender,Item Wise,Miscellaneous Services,No,No,NA ,27-Feb-2024 01:00 PM,NA ,180.0,No ,No,Online,05-Mar-2024 11:00 AM,Excise Department||Commissioner of Excise - ED||O/o SE-Lakhimpur-North Lakhimpur - ED,Lakhimpur,787001.0,2.0,"5,00,000",HEMANTA GOGOI,"2,071,546",Accepted-AOC,01-Aug-2025,Excise Department||Commissioner of Excise - ED||O/o SE-Lakhimpur-North Lakhimpur - ED
2025_UDD_44238_1,SMB/584/1435-40,IMPROVEMENT OF M I BORA ROAD BY WIDENING OF ROAD SIDE WITH INTERLOCKING CONCRETE BLOCK PAVEMENT FROM THE JUNCTION OF TANK SIDE ROAD UP TO JENGONIKOTIA CHARIALI AT WARD NO II AND XII OF SIBSAGAR MUNICIPAL BOARD UNDER NCAP 2023-2024,IMPROVEMENT OF M I BORA ROAD BY WIDENING OF ROAD SIDE WITH INTERLOCKING CONCRETE BLOCK PAVEMENT FROM THE JUNCTION OF TANK SIDE ROAD UP TO JENGONIKOTIA CHARIALI AT WARD NO II AND XII OF SIBSAGAR MUNICIPAL BOARD UNDER NCAP 2023-2024,Works,Open Tender,Works,Civil Works,No,No,NA ,08-May-2025 11:15 AM,NA ,180.0,No ,No,Online,21-May-2025 03:00 PM,Urban Development Department||Directorate of Municipality Administration - UDD||Sibsagar Municipal Board,SIBSAGAR,785640.0,2.0,"1,17,81,644",BIPIN BORUAH,"10,603,479.6",Accepted-AOC,01-Dec-2025,Urban Development Department||Directorate of Municipality Administration - UDD||Sibsagar Municipal Board
2025_GMDA_48386_1,GMDA/DEV/49/2025/2,Creation of Urban Forest in the legacy Dumpsite at Paschim Boragaon-(Package-I),Creation of Urban Forest in the legacy Dumpsite at Paschim Boragaon-(Package-I),Works,Open Tender,Item Rate,Composite Works,No,No,NA ,03-Nov-2025 02:30 PM,NA ,180.0,No ,No,Online,25-Nov-2025 03:00 PM,Guwahati Metropolitan Development Authority||Guwahati Development Department - GMDA,Paschim Boragaon,781035.0,2.0,"2,95,13,237",Bhaba Kanta Nath,"29,507,140",Rejected-AOC,18-Dec-2025,Guwahati Metropolitan Development Authority||Guwahati Development Department - GMDA
2025_UDD_47352_1,865.0,Cleaning and Desilting of Tocklai channel from Ram Krishna Sewashram Ward No. 18 to the connecting point of Tarajan and Tocklai channel at Gowalgaon to be executed by Jorhat Municipal Board for the year 2025,Cleaning and Desilting of Tocklai channel from Ram Krishna Sewashram Ward No. 18 to the connecting point of Tarajan and Tocklai channel at Gowalgaon to be executed by Jorhat Municipal Board for the year 2025,Works,Open Tender,Percentage,Civil Works - Others,No,No,NA ,08-Sep-2025 11:00 AM,15-Sep-2025 01:00 PM ,180.0,No ,No,Online,14-Oct-2025 02:00 PM,Urban Development Department||Directorate of Municipality Administration - UDD||Jorhat Municipal Board,JORHAT,785001.0,2.0,"5,26,00,000",D KUMAR AND COMPANY,"52,557,920",Accepted-AOC,15-Nov-2025,Urban Development Department||Directorate of Municipality Administration - UDD||Jorhat Municipal Board
2025_ID_48413_1,GWDI/W-223/e-tender/2019/12 Date-03-11-2025,Repairing and renovation works of inspection bunglow and SO quarter of Kopili flow irrigation scheme at Rani,Repairing and renovation works of inspection bunglow and SO quarter of Kopili flow irrigation scheme,Works,Open Tender,Item Rate,Civil Works,No,No,NA ,05-Nov-2025 06:00 PM,NA ,180.0,No ,No,Online,28-Nov-2025 12:00 PM,Irrigation Department||Chief Engineer(Minor Irrigation)-Irrigation Dept||Kamrup Circle||Guwahati West Palashbari Division,Ulubari,781008.0,2.0,"45,73,688",ASSAM SOLAR TECHNOLOGIES,"4,548,688",Accepted-AOC,15-Dec-2025,Irrigation Department||Chief Engineer(Minor Irrigation)-Irrigation Dept||Kamrup Circle||Guwahati West Palashbari Division
2025_PWD_47133_9,SKTRD/Tech/106/2025-26,SKTRD/SOPD-G/25-26/09,SKTRD/SOPD-G/25-26/09_Improvement of Road_GWC_ from Hahchori Village Road under SOPD _G_ for the year 2025-26.,Works,Open Tender,Item Rate,Civil Works – Roads,No,No,NA ,30-Aug-2025 06:00 PM,06-Sep-2025 12:00 PM ,180.0,No ,No,Online,24-Sep-2025 02:30 PM,Public Works Roads Department,Kamrup Rural,781125.0,2.0,"13,67,000",MANTU KALITA,"1,367,000",Rejected-Finance,19-Dec-2025,Public Works Roads Department
2025_DoIT_49151_1,AEDC/IT/PWD/2025,Design and Development of GIS and AI based Mobile Application and Web Dashboard for Pothole Repairing and Maintenance of Roads,Design and Development of GIS and AI based Mobile Application and Web Dashboard for Pothole Repairing and Maintenance of Roads,Services,Limited,Item Rate,Information Technology,No,No,NA ,10-Dec-2025 01:30 PM,12-Dec-2025 12:00 PM ,365.0,No ,No,Online,18-Dec-2025 12:30 PM,Principal Secretary-Department of Information Technology||Assam Electronics Development Corporation Ltd-DoIT,Guwahati,781021.0,2.0,,Bloom Electronics (P) Ltd,"2,903,826",Rejected-Finance,29-Dec-2025,Principal Secretary-Department of Information Technology||Assam Electronics Development Corporation Ltd-DoIT
2025_PWD_45827_29,CE/MAINT/SOPDG/01/2025-26/02,MAINT/SOPD-G/2025-26/39,"MAINT/SOPD-G/2025-26/39_1_Improvement of Road from NH_127 to 40 No. Anganwadi Centre Road, 2_Improvement of Road from Gaspara High School to Kumarkathi, 3_Improvement of Road from K.D Road at Berbhangi to Balabari(Tally) (Ch.0.00m to 1000.00m), 4_Imp",Works,Open Tender,Item Rate,Civil Works – Roads,No,No,NA ,23-Jul-2025 02:00 PM,24-Jul-2025 12:00 PM ,180.0,No ,No,Online,14-Aug-2025 11:00 AM,Public Works Roads Department,Dhubri,783301.0,2.0,"1,02,00,000",M/S S.M. CONSTRUCTION,"10,200,000",Accepted-AOC,11-Dec-2025,Public Works Roads Department
2025_PWBNH_47676_1,CS/138/2025-26,"Strengthening and up gradation works of the office chamber of the HM, Rev. and DM,HAD M and M Department at 1st Floor of Block-D, Janata Bhawan, Dispur, Ghy-6.(Phase-II)","Strengthening and up gradation works of the office chamber of the HM, Rev. and DM,HAD M and M Department at 1st Floor of Block-D, Janata Bhawan, Dispur, Ghy-6.(Phase-II)",Works,Open Tender,Item Rate,Civil Works - Building,No,No,NA ,25-Sep-2025 11:00 AM,03-Oct-2025 12:00 PM ,180.0,No ,No,Online,16-Oct-2025 02:00 PM,Public Works Building and NH Department||Chief Engineer-Building - PWBNH||SE-Guwahati Circle-1 - PWBNH||EE- PCC Division-Dispur - PWBNH,Dispur,781006.0,2.0,"20,85,565",M/S AK ENTERPRISE,"2,084,161",Accepted-AOC,22-Dec-2025,Public Works Building and NH Department||Chief Engineer-Building - PWBNH||SE-Guwahati Circle-1 - PWBNH||EE- PCC Division-Dispur - PWBNH
2025_PWD_48889_1,NIT/JTTRD/2024-25/001/1473,Periodic Renewal to Lichubari Majgaon Road and Raidung Komar gaon Road (PMGSY Pkg no. AS 10 01) under Mukhya Mantrir Path Nabikaran Aachani for the year 2023_24,Periodic Renewal to Lichubari Majgaon Road and Raidung Komar gaon Road (PMGSY Pkg no. AS 10 01) under Mukhya Mantrir Path Nabikaran Aachani for the year 2023_24,Works,Open Tender,Item Rate,Civil Works – Roads,No,No,NA ,29-Nov-2025 11:00 AM,NA ,180.0,No ,No,Online,05-Dec-2025 03:00 PM,Public Works Roads Department,Titabor LAC,785001.0,2.0,"77,46,000",DHRUBAJYOTI BAROOAH,"7,745,673",Accepted-AOC,23-Dec-2025,Public Works Roads Department
2025_DAASC_47317_1,692713.0,"Construction of Pesticide Laboratory Building at Ulubari , Guwahati-7 under SOPD, 2025-26","Construction of Pesticide Laboratory Building at Ulubari , Guwahati-7 under SOPD, 2025-26",Works,Open Tender,Works,Civil Works,No,No,NA ,05-Sep-2025 04:15 PM,11-Sep-2025 02:30 PM ,90.0,No ,No,Online,26-Sep-2025 02:30 PM,Directorate of Agriculture and Assam Seed Corporation,Kamrup,781007.0,2.0,"47,00,000",DILIP MAZUMDAR,"3,633,312",Rejected-AOC,12-Dec-2025,Directorate of Agriculture and Assam Seed Corporation
2025_PWD_45827_28,CE/MAINT/SOPDG/01/2025-26/02,MAINT/SOPD-G/2025-26/38,"MAINT/SOPD-G/2025-26/38_1_Improvement of road from 3rd km Dhubri Binnachara Road to Dhubri Patamari Road, 2_Improvement of Road from Dharmasala PWD Road to Dharmasala College, 3_Improvement of 12th KM of D.B Road to Velakobavia S.C Village under GWC",Works,Open Tender,Item Rate,Civil Works – Roads,No,No,NA ,23-Jul-2025 02:00 PM,24-Jul-2025 12:00 PM ,180.0,No ,No,Online,14-Aug-2025 11:00 AM,Public Works Roads Department,Dhubri,783301.0,2.0,"1,38,31,000",M/S S.M. CONSTRUCTION,"13,831,000",Accepted-AOC,06-Dec-2025,Public Works Roads Department
2025_GMDA_48362_1,GMDA/DEV/09/2025/PT-I/04,Development of Old Commissioner of Police Bungalow Campus as an Extension of Mahabahu Brahmaputra River Heritage Centre Phase 3 and 4 Supplying and Installation of a Musical Fountain,Development of Old Commissioner of Police Bungalow Campus as an Extension of Mahabahu Brahmaputra River Heritage Centre Phase 3 and 4 Supplying and Installation of a Musical Fountain,Works,Open Tender,Item Rate,Miscellaneous Works,No,No,NA ,03-Nov-2025 11:00 AM,15-Nov-2025 11:30 AM ,120.0,No ,No,Online,25-Nov-2025 03:00 PM,Guwahati Metropolitan Development Authority||Guwahati Development Department - GMDA,GUWAHATI,781005.0,2.0,"2,75,98,905",ACME EVENTS & EXPO,"26,912,393.19",Rejected-AOC,30-Dec-2025,Guwahati Metropolitan Development Authority||Guwahati Development Department - GMDA
2025_BTC_48598_1,No.ACE-31/EDN/IFB/2025-26/15,"Construction of 50 bedded hostel separately for boys and girls at PM Tangla H.S. School, Udalguri. TN_61_13","Construction of 50 bedded hostel separately for boys and girls at PM Tangla H.S. School, Udalguri. TN_61_13",Works,Open Tender,Item Rate,Civil Works - Building,No,No,NA ,13-Nov-2025 01:00 PM,NA ,180.0,No ,No,Online,05-Dec-2025 02:00 PM,Bodoland Territorial Council-PWD||Director Cum CHD - PWD BTC,udalguri,784509.0,2.0,"3,82,67,142",MAHESWAR BRAHMA,"38,266,000",Accepted-AOC,20-Dec-2025,Bodoland Territorial Council-PWD||Director Cum CHD - PWD BTC
2025_DOT_45143_1,ATDC/CS/673/2025/537 dt. 11.06.2025,"Srimanta Sankardev Sanskritik Prakalpa, Nalbari (Balance work)","Srimanta Sankardev Sanskritik Prakalpa, Nalbari (Balance work)",Works,Open Tender,Item Rate,Civil Works - Others,No,No,NA ,24-Jun-2025 04:30 PM,25-Jun-2025 12:00 PM ,180.0,No ,No,Online,15-Jul-2025 01:00 PM,Department of Tourism||Assam Tourism Development Corporation Ltd. - DOT||HO-Guwahati-ATDCL - DOT,Nalbari,781335.0,2.0,"49,50,498",K S ENTERPRISE,"4,950,498",Accepted-AOC,08-Dec-2025,Department of Tourism||Assam Tourism Development Corporation Ltd. - DOT||HO-Guwahati-ATDCL - DOT
2025_PWD_45704_1,CE/Commn/09/RIDF-XXX/2024-25/4,TG/Makum/09,"1 Const of roads in Limbuguri TE (Limbuguri factory road, 7 no, 10 no, 14 no, 17 no and 18 no line) (2) Construction of Dhelakhat TE Factory to Makum Dhelaghat Road, Hospital Road and 14 No Ganesh Mandir Road under SOPD-G for the yr 2024 25",Works,Open Tender,Item Rate,Civil Works – Roads,No,No,NA ,18-Jul-2025 03:00 PM,23-Jul-2025 04:00 PM ,180.0,No ,No,Online,25-Jul-2025 02:30 PM,Public Works Roads Department,Makum,786170.0,2.0,"1,99,17,600",RAJANISAIKIA,"19,917,600",Accepted-AOC,30-Dec-2025,Public Works Roads Department
2025_PWD_45827_113,CE/MAINT/SOPDG/01/2025-26/02,MAINT/SOPD-G/2025-26/86,"MAINT/SOPD-G/2025-26/86_Construction of Roads cum RCC drain from Old NT Road via Diptinagar Agamananda Doloi path under SOPD-G for the year 2025-26 under NKTRD, Rangia LAC.",Works,Open Tender,Item Rate,Civil Works – Roads,No,No,NA ,25-Jul-2025 12:00 PM,26-Jul-2025 02:00 PM ,180.0,No ,No,Online,14-Aug-2025 11:00 AM,Public Works Roads Department,Kamrup Rural,781354.0,2.0,"1,31,21,000",M/S Manoj Kumar Deka,"13,120,478",Rejected-AOC,31-Dec-2025,Public Works Roads Department
2025_PWBNH_46182_1,CE/TB-VI/T/RIDF- XXX/27/2025/17 Dated Guwahati the 1st August 2025,"Construction of 126 Secondary Schools in 35 Districts of Assam under RIDF-XXX (2024-25) for (i)Konwerpur Higher Secondary School, Sivasagar under Sivasagar DTBD (Gr 57 B)","Construction of 126 Secondary Schools in 35 Districts of Assam under RIDF-XXX (2024-25) for (i)Konwerpur Higher Secondary School, Sivasagar under Sivasagar DTBD (Gr 57 B)",Works,Open Tender,Item Rate,Civil Works - Building,No,No,NA ,06-Aug-2025 11:00 AM,11-Aug-2025 11:30 AM ,180.0,No ,No,Online,14-Aug-2025 03:00 PM,Public Works Building and NH Department||Chief Engineer-Building - PWBNH,Sivasagar,785640.0,2.0,"7,21,85,000",Harunur Rashid,"74,300,000",Rejected-AOC,05-Dec-2025,Public Works Building and NH Department||Chief Engineer-Building - PWBNH
2025_BTC_49310_1,No. 11/ACE/PWD/BTC/2025-26/14,"Construction of 100 Capacity 3 storied RCC Girls Hostel for Bineswar Brahma Engineering College, Kokrajhar, Assam under NEC for the financial year 2025-26.","Construction of 100 Capacity 3 storied RCC Girls Hostel for Bineswar Brahma Engineering College, Kokrajhar, Assam under NEC for the financial year 2025-26.",Works,Open Tender,Item Rate,Civil Works - Building,No,No,NA ,15-Dec-2025 10:30 AM,NA ,180.0,No ,No,Online,22-Dec-2025 02:00 PM,Bodoland Territorial Council-PWD||Director Cum CHD - PWD BTC,Kokrajhar,783370.0,2.0,"7,81,72,660",Manoj Kumar Machahary,"79,672,270",Accepted-AOC,26-Dec-2025,Bodoland Territorial Council-PWD||Director Cum CHD - PWD BTC
2025_PWD_47435_3,CE/DEV/TB/116/2025-26/03 Dtd- 11.08.2025,ASOM_MALA_3.0_25_26_07 Widening and Improvement of existing Road from Dibrugarh-Tinsukia Bye-Pass to Nadua Saiding via Dibrugarh Airport (L-9.00 KM) under ASOM MALA 3.0 for the year 2025-26.,ASOM_MALA_3.0_25_26_07 Widening and Improvement of existing Road from Dibrugarh-Tinsukia Bye-Pass to Nadua Saiding via Dibrugarh Airport (L-9.00 KM) under ASOM MALA 3.0 for the year 2025-26.,Works,Open Tender,Item Rate,Civil Works – Roads,No,No,NA ,16-Sep-2025 06:00 PM,17-Sep-2025 12:00 PM ,180.0,No ,No,Online,04-Oct-2025 02:30 PM,Public Works Roads Department,Dibrugarh,786001.0,2.0,"28,75,16,000",Ranjan Dutta,"287,516,000",Rejected-Finance,23-Dec-2025,Public Works Roads Department
2024_PWRDW_38064_7,CE/EAPARRBP111TENDERS2024PtI12,Construction of Bridge in Baksa district i) Br. No. 13/1 on TihuDoomni Road ii) Br. No. 3/1 on BheblaBoropara to Naochali Road,CE/EAP/ARRBP/OCB /Bridges-2/Baksa/03 Construction of Bridge in Baksa district i) Br. No. 13/1 on TihuDoomni Road ii) Br. No. 3/1 on BheblaBoropara to Naochali Road,Works,Open Tender,Item Rate,Civil Works - Bridges,No,No,NA ,17-Jul-2024 03:55 PM,19-Jul-2024 11:00 AM ,90.0,No ,No,Online,24-Jul-2024 02:30 PM,Public Works Roads Department-Externally Aided Project||Public Works Road Department- World Bank Funded Tenders||Assam State Bridge Infrastructure Program,Baksa,781346.0,2.0,"5,01,75,000",M/S FOREVER,"54,674,800",Rejected-Technical,30-Dec-2025,Public Works Roads Department-Externally Aided Project||Public Works Road Department- World Bank Funded Tenders||Assam State Bridge Infrastructure Program
2025_PCCF_48366_1,2/AVD/2025-26,Erection of Fencing at Pahartoli in Nakkati RF under CAMPA Scheme of Aie Valley Division Bongaigaon,Erection of Fencing at Pahartoli in Nakkati RF under CAMPA Scheme of Aie Valley Division Bongaigaon,Goods,Open Tender,Works,Civil Construction Goods,No,No,NA ,01-Nov-2025 05:00 PM,21-Nov-2025 11:30 AM ,180.0,No ,No,Online,25-Nov-2025 01:00 PM,Pr. Chief Conservator of Forest and Head of Forest Force||Chief Conservator of Forests Social Forestry||Lower Assam Social Forestry Circle||Aie Valley Division,Pahartoli,783384.0,2.0,"37,27,284",Alokesh Bhuyan,"3,354,555.6",Rejected-AOC,26-Dec-2025,Pr. Chief Conservator of Forest and Head of Forest Force||Chief Conservator of Forests Social Forestry||Lower Assam Social Forestry Circle||Aie Valley Division
2025_WPTBC_49085_1,SCDCVertExtDakhingaon,"Vertical Extension of Tribal Rest House at Dakhingaon, West Guwahati LAC, Dist. Kamrup M","Vertical Extension of Tribal Rest House at Dakhingaon, West Guwahati LAC, Dist. Kamrup M",Works,Open Tender,Item Rate,Civil Works,No,No,NA ,05-Dec-2025 06:55 PM,NA ,180.0,No ,No,Online,11-Dec-2025 03:00 PM,Welfare of Plain Tribes and Backward Classes||Directorate of Welfare of Scheduled Caste||Assam State Development Corporation for SC,"DISPUR, GHY-06",781006.0,2.0,"2,50,00,000",M/S P.D. ENTERPRISE,"24,998,000",Accepted-AOC,30-Dec-2025,Welfare of Plain Tribes and Backward Classes||Directorate of Welfare of Scheduled Caste||Assam State Development Corporation for SC
2025_ID_48517_1,HKAD/IRRI/TSOPD/PT V/2025-26/530 dt.11-11-25,Installation of solar Shallow Tube well scheme under Hailakandi LAC (5 points)in hailakandi District under SOPD for the year 2025-26,Installation of solar Shallow Tube well scheme under Hailakandi LAC (5 points)in hailakandi District under SOPD for the year 2025-26,Works,Open Tender,Item Rate,Composite Works,No,No,NA ,11-Nov-2025 02:00 PM,NA ,180.0,No ,No,Online,09-Dec-2025 03:00 PM,Irrigation Department||Chief Engineer(Minor Irrigation)-Irrigation Dept||Cachar-karimganj Circle||Hailakandi Katlicherra Algapur Division,HAILAKANDI,788151.0,2.0,"36,06,205",FARID AHMED BARBHUIYA,"3,606,145.5",Rejected-Technical,29-Dec-2025,Irrigation Department||Chief Engineer(Minor Irrigation)-Irrigation Dept||Cachar-karimganj Circle||Hailakandi Katlicherra Algapur Division
2025_ICD_47212_1,INSURANCE/DNPL/11/47/PT-IV/02,Engagement of Insurer for Bharat Griha Raksha policy for Building and facilities of DNP Ltd,Engagement of Insurer for Bharat Griha Raksha policy for Building and facilities of DNP Ltd,Services,Open Tender,Works,Miscellaneous Services,No,No,NA ,02-Sep-2025 03:15 PM,NA ,60.0,No ,No,Not Applicable,08-Sep-2025 03:30 PM,Industries and Commerce Department||DNP Limited,Duliajan,786602.0,2.0,,Universal Sompo General Insurance Company Limited,"108,622.24",Rejected-Finance,08-Dec-2025,Industries and Commerce Department||DNP Limited
2025_PWD_47172_8,CE/STBR/SOPD G/NIT/07/2025-26/16 Dated 18-08-2025,"STBR/SOPD-G/Amri-02/08 (I) Construction by ICBP of a Road from District Jail to Don Bosco School under SOPD-G for the year 2025-26, (II) Construction by ICBP of a Road from Umchera Sar-im Village Road and Umchera Hanse Village Road under SOPD-G for t","STBR/SOPD-G/Amri-02/08 (I) Construction by ICBP of a Road from District Jail to Don Bosco School under SOPD-G for the year 2025-26, (II) Construction by ICBP of a Road from Umchera Sar-im Village Road and Umchera Hanse Village Road under SOPD-G for t",Works,Open Tender,Item Rate,Civil Works – Roads,No,No,NA ,03-Sep-2025 09:00 AM,08-Sep-2025 11:00 AM ,180.0,No ,No,Online,19-Sep-2025 11:00 AM,Public Works Roads Department,Hamren,782486.0,2.0,"2,20,56,000",KUL BAHADUR CHETRY,"22,056,000",Rejected-AOC,18-Dec-2025,Public Works Roads Department
2025_APDCL_45285_1,APDCL/CGM_RE/RDSS_Addl_HH-39,Electrification of UE households in Majuli Dist. (Part-II) of Assam under RDSS,"Electrification of additional un-electrified households in the State of Assam under RDSS (Addl. HH) Scheme for electrification of twenty seven nos. villages of Majuli District (Majuli LAC) under Jorhat Electrical Circle, APDCL",Works,Open Tender,Turn-key,Electrical Works,No,No,NA ,03-Jul-2025 03:00 PM,04-Jul-2025 12:00 PM ,180.0,No ,No,Online,16-Jul-2025 03:00 PM,Assam Power Distribution Company Ltd||CGM(Rural Electrification) - APDCL,Ahotguri,785614.0,2.0,"5,74,02,835",Everlite Engineering Industries,"61,568,814.4",Accepted-AOC,10-Dec-2025,Assam Power Distribution Company Ltd||CGM(Rural Electrification) - APDCL
2025_PWD_46022_1,CE/CW/14/2025-26/2,CE/CW/14/2025-26/2,"Improvement and upgradation of link road from Gurukul Grammer School to Krishna Nagar, Japorigog and MT Road, VIP Road etc. under SOPD(G) for the year 2025-26.",Works,Open Tender,Item Rate,Civil Works – Roads,No,No,NA ,29-Jul-2025 06:00 PM,NA ,180.0,No ,No,Online,06-Aug-2025 02:30 PM,Public Works Roads Department,Guwahati,781001.0,2.0,"61,61,98,000",HIGH-TECH ECOGREEN CONTRACTORS LLP,"616,167,393",Accepted-AOC,04-Dec-2025,Public Works Roads Department
2025_PWD_43169_1,CE/EAP/ADRHARDP/PMC/2025/01,Project Management Consultancy (PMC) services for implementation of ADRHARDP,Project Management Consultancy (PMC) services for implementation of Assam Disaster Resilient Hill Area Roads Development Project (ADRHARDP),Services,Limited,EOI,Consultancy,No,No,NA ,28-Feb-2025 09:00 AM,13-Mar-2025 11:30 AM ,120.0,No ,No,Not Applicable,11-Apr-2025 02:30 PM,Public Works Roads Department,Guawahti,781025.0,2.0,,LEA Associates South Asia Pvt. Ltd.,"248,641,930",Rejected-Finance,15-Dec-2025,Public Works Roads Department
2024_ED_40547_1,KA/EX-338/2023-24-51,GRANT OF IMFL OFF LICENSE AT PIRBI MARKET DIPHUH (URBAN) KA10,GRANT OF IMFL OFF LICENSE AT PIRBI MARKET DIPHUH (URBAN) KA10,Services,Open Tender,Item Wise,Miscellaneous Services,No,No,NA ,27-Nov-2024 10:00 AM,NA ,180.0,No ,No,Online,27-Dec-2024 11:00 AM,Excise Department||Commissioner of Excise - ED||O/o SE-Karbi-Anglong- Diphu - ED,PIRBI MARKET DIPHU (URBAN),782460.0,2.0,,MANEEM TERONPI,"335,000",Accepted-AOC,30-Dec-2025,Excise Department||Commissioner of Excise - ED||O/o SE-Karbi-Anglong- Diphu - ED
2025_APDCL_45488_1,APDCL/CGMRE/Jonai/TRLine/PKG_D,"Electrification of the Mudoi village of Jonai under N. Lakhimpur El. Circle, APDCL (PKG-D))","Construction of 11 KV single circuit line with 132 KV, D6 type tower for crossing over tributaries of Brahmaputra River as a part of extension of existing 11 KV feeder for electrification of the Ujonimiri village of Jonai under N. Lakhimpur EC.",Works,Open Tender,Turn-key,Electrical Works,No,No,NA ,10-Jul-2025 03:00 PM,14-Jul-2025 12:00 PM ,180.0,No ,No,Online,29-Jul-2025 12:00 PM,Assam Power Distribution Company Ltd||CGM(Rural Electrification) - APDCL,Jonai,787060.0,2.0,"2,32,67,600",GANAPATI ENTERPRISE,"23,003,804.25",Rejected-AOC,10-Dec-2025,Assam Power Distribution Company Ltd||CGM(Rural Electrification) - APDCL
2022_NHM_28018_154,NHM 32031 4 2021 Construction NHM Part 34 62,Establishment of Proposed 6 bedded ward at various SHCs n PHCs of Assam under ECRP II NHM Assam Group 158 4 nos scheme in Karimganj district,Establishment of Proposed 6 bedded ward at various SHCs n PHCs of Assam under ECRP II NHM Assam Group 158 4 nos scheme in Karimganj district,Works,Open Tender,Turn-key,Civil Works - Building,No,No,NA ,08-Dec-2022 05:00 PM,NA ,180.0,No ,No,Online,23-Dec-2022 03:30 PM,National Health Mission||State Programme Management Unit - NHM,Karimganj District,788710.0,2.0,"46,39,828",AHKAR HUSSAIN,"4,175,845",Not Admitted-Fee/PreQual/Technical,01-Dec-2025,National Health Mission||State Programme Management Unit - NHM
2025_PWBNH_44074_4,"CE/TB-VI/RIDF-XXX/1/2024/15 Dated Guwahati the 17th March, 2025","Construction of 126 Secondary Schools in 35 Districts of Assam under RIDF-XXX (2024-25) for (i) BarpetaBidyapith Higher Secondary School, Barpeta (ii) Barbala Higher Secondary School, Bhawanipur under Barpeta DTBD (Gr-14)","Construction of 126 Secondary Schools in 35 Districts of Assam under RIDF-XXX (2024-25) for (i) BarpetaBidyapith Higher Secondary School, Barpeta (ii) Barbala Higher Secondary School, Bhawanipur under Barpeta DTBD (Gr-14)",Works,Open Tender,Item Rate,Civil Works - Building,No,No,NA ,11-Apr-2025 05:00 PM,21-Apr-2025 11:30 AM ,180.0,No ,No,Online,19-May-2025 03:00 PM,Public Works Building and NH Department||Chief Engineer-Building - PWBNH,Barpeta,781301.0,2.0,"14,43,70,000",KUSHAN CHOUDHURY,"134,800,000",Rejected-AOC,11-Dec-2025,Public Works Building and NH Department||Chief Engineer-Building - PWBNH
2025_PHED_47993_1,EE/PHE/G-II/TC218/25-26/3098,Supplying installation fitting and fixing of 100HP pump motor set at Barge under Dispur WSS under SOPDG for the year 24-25,Supplying installation fitting and fixing of 100HP pump motor set at Barge under Dispur WSS under SOPDG for the year 24-25,Works,Open Tender,Item Rate,Civil Works,No,No,NA ,13-Oct-2025 04:00 PM,24-Oct-2025 01:00 PM ,90.0,No ,No,Online,03-Nov-2025 04:00 PM,Public Health Engineering Department||Chief Engineer PHE(P)-Assam-PHED||Lower Assam Zone-Guwahati-PHED||Guwahati Circle-Guwahati-PHED,Dispur WSS,781001.0,2.0,"45,47,000",GLOBAL ASSOCIATES,"4,546,851",Rejected-Finance,12-Dec-2025,Public Health Engineering Department||Chief Engineer PHE(P)-Assam-PHED||Lower Assam Zone-Guwahati-PHED||Guwahati Circle-Guwahati-PHED
2025_PWBNH_46247_1,"CE/TB-IV(H_E)/RIDF- XXX/19/2025/16 Dated Guwahati the 5th Aug, 2025","126 Secondary Schools in 35 Districts of Assam under RIDF-XXX (2024-25) for (i) Dakshin Bijni Adarsha High School, Jalah (Pt) under Udalguri and Baksa DTBD (Gr-25)","126 Secondary Schools in 35 Districts of Assam under RIDF-XXX (2024-25) for (i) Dakshin Bijni Adarsha High School, Jalah (Pt) under Udalguri and Baksa DTBD (Gr-25)",Works,Open Tender,Item Rate,Civil Works - Building,No,No,NA ,08-Aug-2025 09:00 AM,11-Aug-2025 11:30 AM ,180.0,No ,No,Online,18-Aug-2025 03:00 PM,Public Works Building and NH Department||Chief Engineer-Building - PWBNH,Baksa,781315.0,2.0,"7,21,85,000",KUSHAN CHOUDHURY,"72,178,000",Accepted-AOC,03-Dec-2025,Public Works Building and NH Department||Chief Engineer-Building - PWBNH
2025_PWD_47636_1,SOPD(G)CDTRD/MAHMORA/2025-26/5,SOPD(G)CDTRD/MAHMORA/2025-26/5,"Construction of Doba to samua Chuk road (From Ch 0.00m to Ch 1800.00m,LENGTH 1.80 Km) under SOPD-G for the year 2025-26 in PWRD Charaideo District Territorial Road Division, Sonari. (Mahmora LAC). Package No. SOPD(G)/CDTRD/MAHMORA/2025-26/05",Works,Open Tender,Item Rate,Civil Works – Roads,No,No,NA ,22-Sep-2025 02:00 PM,03-Oct-2025 01:00 PM ,180.0,No ,No,Online,08-Oct-2025 02:00 PM,Public Works Roads Department,MAHMORA LAC,785690.0,2.0,,SANTANU BURAGOHAIN,"2,398,964",Rejected-Finance,04-Dec-2025,Public Works Roads Department
2025_UDD_47934_1,NHK_MB/15THFC/2025-26/7275,Construction of SWM Vehicle Garage at Gandhi Bazar in Ward No.1,Construction of SWM Vehicle Garage at Gandhi Bazar in Ward No.1,Works,Open Tender,Item Rate,Civil Works - Building,No,No,NA ,10-Oct-2025 11:00 AM,NA ,180.0,No ,No,Online,31-Oct-2025 03:00 PM,Urban Development Department||Directorate of Municipality Administration - UDD||Naharkatia Municipal Board,NAHARKATIA,786610.0,2.0,,MECH TRADERS,"3,505,665.21",Accepted-AOC,23-Dec-2025,Urban Development Department||Directorate of Municipality Administration - UDD||Naharkatia Municipal Board
2025_PWD_48502_1,CEM/12/2025/5 Dated 07-11-2025,"De-Launching of 190 ft. Span, Standard Width, TDR Steel Deck, 4 Transom per Bay Bailey Bridge over River Morabhorali at Panchmile, Tezpur including transportation of components from the bridge site to the store yard of PWRD Tezpur Mechanical Division","De-Launching of 190 ft. Span, Standard Width, TDR Steel Deck, 4 Transom per Bay Bailey Bridge over River Morabhorali at Panchmile, Tezpur including transportation of components from the bridge site to the store yard of PWRD Tezpur Mechanical Division",Works,Open Tender,Item Rate,Miscellaneous Works,No,No,NA ,11-Nov-2025 02:00 PM,19-Nov-2025 11:00 AM ,180.0,No ,No,Online,03-Dec-2025 03:00 PM,Public Works Roads Department,Tezpur,784001.0,2.0,"49,71,000",Sri Parimal Saikia,"4,968,887",Rejected-AOC,26-Dec-2025,Public Works Roads Department
2025_WPTBC_45473_1,PTDC/Engg/2024-25/371,"Administrative Approval for an amount of Rs. 24,79,575.00 only for the work Development of Playground and along with glow sign board at Dhemaji Ploytechnic, Simenchapori under SOPD-G during the year 2023-24","Administrative Approval for an amount of Rs. 24,79,575.00 only for the work Development of Playground and along with glow sign board at Dhemaji Ploytechnic, Simenchapori under SOPD-G during the year 2023-24",Works,Open Tender,Item Rate,Civil Works,No,No,NA ,09-Jul-2025 06:30 PM,15-Jul-2025 02:00 PM ,120.0,No ,No,Online,05-Aug-2025 03:00 PM,Welfare of Plain Tribes and Backward Classes||Director - WPT and BC,"Dhemaji Ploytechnic, Simenchapori",787061.0,2.0,"24,79,575",JUNTI RAIDINGIA,"2,237,960.3",Rejected-Technical,01-Dec-2025,Welfare of Plain Tribes and Backward Classes||Director - WPT and BC
2025_UDD_47274_1,NMB/LGY-10/2025-26 dated Nazira the 1st September/2025,"NMB/LGY-10/2025-26, dated Nazira the 1st September/2025","REQUEST FOR PROPOSAL (RFPs) FOR REMOVAL OF LEGACY WASTE THROUGH BIOREMEDIATION AND BIO-MINING PROCESS LOCATED AT THE DUMP SITE IN NAZIRA, VIA MANAGEMENT CONTRACT",Works,Open Tender,Works,Miscellaneous Works,No,No,NA ,04-Sep-2025 05:30 PM,11-Sep-2025 02:00 PM ,240.0,No ,No,Online,24-Sep-2025 02:00 PM,Urban Development Department||Directorate of Municipality Administration - UDD||Nazira Municipal Board,NAZIRA TOWN WARD NO 6,785685.0,2.0,,IMPACT SOLUTIONS,"7,500,000",Accepted-AOC,29-Dec-2025,Urban Development Department||Directorate of Municipality Administration - UDD||Nazira Municipal Board
2025_PWBNH_48349_1,TECH/U_BDTD/BLDG/IFB/2025-26,"Infrastructure Development at Foreigners Tribunal Office, Udalguri","Infrastructure Development at Foreigners Tribunal Office, Udalguri",Works,Open Tender,Item Rate,Civil Works - Building,No,No,NA ,01-Nov-2025 11:00 AM,17-Nov-2025 11:00 AM ,180.0,No ,No,Online,21-Nov-2025 04:00 PM,Public Works Building and NH Department||Chief Engineer-Building - PWBNH,Udalguri,784509.0,2.0,"24,10,088",IQBAL QURESHI,"1,867,818",Accepted-AOC,31-Dec-2025,Public Works Building and NH Department||Chief Engineer-Building - PWBNH
2025_UDD_46231_1,TM/PWD/SWM/2024-25/26/492,Supply of 1 No. of Cesspool Machines at Tezpur Municipal Board,Supply of 1 No. (1200.0 Lit.) of Cesspool Machines at Tezpur Municipal Board,Goods,Open Tender,Supply,Vehicles/Vehicle Spares,No,No,NA ,07-Aug-2025 03:30 PM,NA ,30.0,No ,No,Online,28-Aug-2025 03:00 PM,Urban Development Department||Directorate of Municipality Administration - UDD||Tezpur Municipal Board,"Chairman/Executive Officer, Tezpur Municipal Board",784001.0,2.0,0.0,QUALITY HYDRAULICS PVT LTD,"1,890,360",Rejected-AOC,24-Dec-2025,Urban Development Department||Directorate of Municipality Administration - UDD||Tezpur Municipal Board
2025_PWD_48074_1,TB/278/DNTRD/2025-26,"Repairing of the Office of Executive Engineer and Office of Assistant Executive Engineer, Dhakuakhana and Naoboicha Territorial Road Division","Construction of road in Brahmaputra Dyke from Tekeliphuta (Takarchuk) to Lutachur (Ch.71.39K.M. to 90.89K.M.) under RIDF XXVII of NABARD for the year 2021-22 in Lakhimpur District, Assam (112 Dhakuakhana LAC) (Repairing of the Office of Executive Eng",Works,Open Tender,Works,Civil Works – Roads,No,No,NA ,17-Oct-2025 10:00 AM,21-Oct-2025 04:00 PM ,180.0,No ,No,Online,06-Nov-2025 10:00 AM,Public Works Roads Department,Dhakuakhana,787053.0,2.0,"34,15,641",Shree Ganesh Enterprises,"3,415,541",Rejected-AOC,11-Dec-2025,Public Works Roads Department
2025_GMDA_47799_1,GMDA/DEV/188/2022/98,"Horticulture works and Annual maintenance contract for Jorpukhuri and Park at Uzanbazar, Guwahati","Horticulture works and Annual maintenance contract for Jorpukhuri and Park at Uzanbazar, Guwahati",Services,Open Tender,Item Rate,Manpower Supply,No,No,NA ,04-Oct-2025 10:00 AM,NA ,90.0,No ,No,Online,16-Oct-2025 03:00 PM,Guwahati Metropolitan Development Authority||Guwahati Development Department - GMDA,Uzanbazar,781001.0,1.0,0.0,JUPITER INFRACON ASSOCIATES ENTERPRISE,"227,084.42",Not Admitted-Fee/PreQual/Technical/Finance,10-Dec-2025,Guwahati Metropolitan Development Authority||Guwahati Development Department - GMDA
2024_NHM_40376_1,NHM-32026/13/2022-Const-NHM,Construction of District Drug Warehouse at Sriram Chapori in Majuli District under NHM Assam,Construction of District Drug Warehouse at Sriram Chapori in Majuli District under NHM Assam,Works,Open Tender,Turn-key,Civil Works - Building,No,No,NA ,14-Nov-2024 04:50 PM,NA ,180.0,No ,No,Online,04-Dec-2024 03:30 PM,National Health Mission||State Programme Management Unit - NHM,Majuli,785105.0,2.0,"7,33,61,982",Shri Jayanta Hazarika,"73,360,000",Rejected-Technical,19-Dec-2025,National Health Mission||State Programme Management Unit - NHM
2025_PWBNH_43663_1,CE/TB-III/New/17/2024/7 Dated Guwahati the 5th March/ 2025,"Construction of RCC covered Drain (1.5m wide) at Madhupur, Biswanath Chariali, Biswanath District, Assam","Construction of RCC covered Drain (1.5m wide) at Madhupur, Biswanath Chariali, Biswanath District, Assam",Works,Open Tender,Item Rate,Civil Works - Building,No,No,NA ,20-Mar-2025 06:00 PM,21-Mar-2025 02:00 PM ,180.0,No ,No,Online,09-Apr-2025 03:30 PM,Public Works Building and NH Department||Chief Engineer-Building - PWBNH,Biswanath District,784166.0,2.0,"10,52,38,096",HIGH-TECH ECOGREEN CONTRACTORS LLP,"101,407,495",Rejected-AOC,20-Dec-2025,Public Works Building and NH Department||Chief Engineer-Building - PWBNH
2025_PHED_47868_1,SEPHE/GC/TB-152/Vol-32/25-26,RENOVATION OF DAKHIN GANESH NAGAR PWSS,RENOVATION OF DAKHIN GANESH NAGAR PWSS UNDER GUWAHATI DIVISION NO-I UNDER SOPD-G FOR THE YEAR 2024-25,Works,Open Tender,Item Rate,Civil Works,No,No,NA ,07-Oct-2025 04:00 PM,14-Oct-2025 02:00 PM ,180.0,No ,No,Online,07-Nov-2025 03:00 PM,Public Health Engineering Department||Chief Engineer PHE(P)-Assam-PHED||Lower Assam Zone-Guwahati-PHED||Guwahati Circle-Guwahati-PHED,DAKHIN GANESH NAGAR,781034.0,2.0,"52,22,000",BISWAJIT SARMA,"5,149,845",Accepted-AOC,21-Dec-2025,Public Health Engineering Department||Chief Engineer PHE(P)-Assam-PHED||Lower Assam Zone-Guwahati-PHED||Guwahati Circle-Guwahati-PHED
2025_PWBNH_44074_12,"CE/TB-VI/RIDF-XXX/1/2024/15 Dated Guwahati the 17th March, 2025","Construction of 126 Secondary Schools in 35 Districts of Assam under RIDF-XXX (2024-25) for (i) Chapakhowa Town High School, Sadia under Tinisukia DTBD (Gr-50)","Construction of 126 Secondary Schools in 35 Districts of Assam under RIDF-XXX (2024-25) for (i) Chapakhowa Town High School, Sadia under Tinisukia DTBD (Gr-50)",Works,Open Tender,Item Rate,Civil Works - Building,No,No,NA ,12-Apr-2025 09:00 AM,21-Apr-2025 11:30 AM ,180.0,No ,No,Online,13-May-2025 03:00 PM,Public Works Building and NH Department||Chief Engineer-Building - PWBNH,Tinisukia,786125.0,2.0,"7,21,85,000",M/S ELITE AGENCY,"73,980,250",Rejected-AOC,03-Dec-2025,Public Works Building and NH Department||Chief Engineer-Building - PWBNH
2024_PWRDW_35522_9,CEEAPARRBP111TENDERS2023PtII72,Construction of Bridge in Sivasagar district i.Br. No. 1/1 on Mukoloni Missing Gaon Road,CE/EAP/ARRBP/OCB/Bridge-1/Sivasagar/02 Construction of Bridge in Sivasagar district i.Br. No. 1/1 on Mukoloni Missing Gaon Road,Works,Open Tender,Item Rate,Civil Works,No,No,NA ,19-Jan-2024 06:00 PM,24-Jan-2024 11:00 AM ,90.0,No ,No,Online,08-Feb-2024 02:30 PM,Public Works Roads Department-Externally Aided Project||Public Works Road Department- World Bank Funded Tenders||Assam State Bridge Infrastructure Program,Sivasagar,785640.0,2.0,"5,37,08,000",Sri Jintu Dutta,"56,359,355.51",Rejected-Technical,10-Dec-2025,Public Works Roads Department-Externally Aided Project||Public Works Road Department- World Bank Funded Tenders||Assam State Bridge Infrastructure Program
2024_PWD_39143_13,"CE/DEV/TB/213/2024-25/01 Dtd. Guwahati, 05th September, 2024",TE_RIDF_XXX_24_25_94 Construction of Road from Balacherra Bagan Gate Sabashpur Bridge at Jatinga Valley T.E under RIDF-XXX of NABARD for the year 2024-25,TE_RIDF_XXX_24_25_94 Construction of Road from Balacherra Bagan Gate Sabashpur Bridge at Jatinga Valley T.E under RIDF-XXX of NABARD for the year 2024-25,Works,Open Tender,Item Rate,Civil Works – Roads,No,No,NA ,23-Sep-2024 03:00 PM,30-Sep-2024 12:00 PM ,180.0,No ,No,Online,09-Oct-2024 02:30 PM,Public Works Roads Department,Cachar,788001.0,2.0,"1,00,00,000",MODHAN MOHAN PAUL,"9,000,000",Rejected-Finance,12-Dec-2025,Public Works Roads Department
2025_ICD_44103_1,C AND P/GI FITTINGS/2025-26/05,SUPPLY OF G.I. FITTINGS,SUPPLY OF G.I. FITTINGS,Goods,Open Tender,Buy,Supply of Materials,No,No,NA ,22-Apr-2025 02:00 PM,NA ,120.0,No ,No,Online,16-May-2025 02:30 PM,Industries and Commerce Department||Assam Gas Company Ltd - ICD,Duliajan,786602.0,2.0,,JUPITER METAL INDUSTRIES (JALANDHAR),"6,708,300",Accepted-AOC,01-Dec-2025,Industries and Commerce Department||Assam Gas Company Ltd - ICD
2025_PWBNH_44074_7,"CE/TB-VI/RIDF-XXX/1/2024/15 Dated Guwahati the 17th March, 2025","Construction of 126 Secondary Schools in 35 Districts of Assam under RIDF-XXX (2024-25) for (i) Paschim Banbhag Higher Secondary School, BorigogBanbhag (ii) DebiramPathsala Higher Secondary School, Pub Nalbari under Nalbari DTBD (Gr-23)","Construction of 126 Secondary Schools in 35 Districts of Assam under RIDF-XXX (2024-25) for (i) Paschim Banbhag Higher Secondary School, BorigogBanbhag (ii) DebiramPathsala Higher Secondary School, Pub Nalbari under Nalbari DTBD (Gr-23)",Works,Open Tender,Item Rate,Civil Works - Building,No,No,NA ,11-Apr-2025 05:00 PM,21-Apr-2025 11:30 AM ,180.0,No ,No,Online,13-May-2025 03:00 PM,Public Works Building and NH Department||Chief Engineer-Building - PWBNH,Nalbari,781335.0,2.0,"14,43,70,000",golden traders,"134,800,000",Rejected-AOC,11-Dec-2025,Public Works Building and NH Department||Chief Engineer-Building - PWBNH
2024_HFWD_39547_1,AMSC-EQUI0PROC/49/2024-EQUP PRO-AMSC/ECF 541840,SUPPLY OF EQUIPMENT/INSTRUMENT/TOOLS FOR DEIC,SUPPLY OF EQUIPMENT/INSTRUMENT/TOOLS FOR DEIC,Goods,Open Tender,Buy,Medical Equipments/Waste,No,No,NA ,04-Oct-2024 11:00 AM,15-Oct-2024 03:00 PM ,180.0,No ,No,Online,04-Nov-2024 04:30 PM,Health and Family Welfare Department||Assam Medical Services Corporation Limited,Guwahati,781026.0,2.0,"1,67,40,000",Auditivo Hearing Services Pvt Ltd.,1.0,Accepted-AOC,01-Jul-2025,Health and Family Welfare Department||Assam Medical Services Corporation Limited
2025_PWD_47634_1,SOPD(G)CDTRD/MAHMORA/2025-26/3,SOPD(G)CDTRD/MAHMORA/2025-26/3,"Construction of Sepon Sunpura road from Sepon to Patsaku Tiniali (Ch 0.00m to Ch 10900.00m),Total Length 10.90 km (in stretches) under SOPD-G for the year 2025-26 in PWRD Charaideo DTRD, Sonari.(Mahmora LAC). PKG. No. SOPD(G)/CDTRD/MAHMORA/2025-26/3",Works,Open Tender,Item Rate,Civil Works – Roads,No,No,NA ,22-Sep-2025 02:00 PM,03-Oct-2025 01:00 PM ,180.0,No ,No,Online,08-Oct-2025 02:00 PM,Public Works Roads Department,MAHMORA LAC,785690.0,2.0,,MR NIKHILESH GOGOI,"2,857,000",Accepted-AOC,11-Dec-2025,Public Works Roads Department
2025_DHUA_47684_1,GUCL/Elect/381/25/828 Dtd. 22/09/2025,"Supply, Installation, Testing and Commissioning (SITC) of Smart LED Street Lighting system and Smart Decorative LED Street Lighting system with Decorative pole and CCMS System along with Operation and Maintenance at Various Cities in Assam","Supply, Installation, Testing and Commissioning (SITC) of Smart LED Street Lighting system and Smart Decorative LED Street Lighting system with Decorative pole and CCMS System along with Operation and Maintenance at Various Cities in Assam",Works,Open Tender,Item Rate,Electrical Works,No,No,NA ,25-Sep-2025 09:00 AM,08-Oct-2025 04:00 PM ,180.0,No ,No,Online,22-Oct-2025 02:30 PM,Department of Housing and Urban Affairs||Guwahati Utilities Company Limited,"Nalbari, Nagaon, Golaghat, North Lakhimpur Silchar",782001.0,2.0,"24,71,70,674",Acecorp Power Ventures India LLP,"245,396,365",Rejected-Technical,29-Nov-2025,Department of Housing and Urban Affairs||Guwahati Utilities Company Limited
2025_PWBNH_45096_1,W-24/2009-10/Pt-1/2479 Dtd.23-05-2025,"Repair and renovation of Sale Tax Office, Sivasagar (First Floor- Assam Type) Occupied by Deputy Commissioner of Taxes, Sivasagar","Repair and renovation of Sale Tax Office, Sivasagar (First Floor- Assam Type) Occupied by Deputy Commissioner of Taxes, Sivasagar",Works,Open Tender,Works,Civil Works - Building,No,No,NA ,23-Jun-2025 01:30 PM,25-Jun-2025 11:00 AM ,90.0,No ,No,Online,09-Jul-2025 02:30 PM,Public Works Building and NH Department||Chief Engineer-Building - PWBNH||SE-Jorhat Circle - PWBNH||EE-Sivsagar Building Division - PWBNH,Sivasagar,785640.0,2.0,"19,08,106",AMITABH TAMULI,"1,526,484.8028",Rejected-Technical,08-Dec-2025,Public Works Building and NH Department||Chief Engineer-Building - PWBNH||SE-Jorhat Circle - PWBNH||EE-Sivsagar Building Division - PWBNH
2025_WPTBC_44588_1,PTDC/Engg/2024-25/344,"Infrastructure Development at Amingaon Bengali LPS, Jalukbari LAC, under SCSP Scheme for the financial year 2024-25","Proposal for Administrative Approval for the works of infrastructure at 40 (Forty) different LP/UP Schools of dominated area of amount of Rs. 1000.00 Lakh under DEE, Assam during the Financial Year 2024. (Infrastructure Development at Amingaon Bengal",Works,Open Tender,Item Rate,Civil Works,No,No,NA ,28-May-2025 03:00 PM,02-Jun-2025 02:00 PM ,180.0,No ,No,Online,16-Jun-2025 02:00 PM,Welfare of Plain Tribes and Backward Classes||Director - WPT and BC,Kamrup Metro,781031.0,2.0,"25,00,000",DOYWAL DEKA,"2,500,000",Rejected-AOC,18-Dec-2025,Welfare of Plain Tribes and Backward Classes||Director - WPT and BC
2025_ID_48610_1,HKAD/IRRI/TSOPD/PT V/2025-26/540 dt.13-11-25,Fabrication Supply and Installation of Solar Powered Cart Mounted Multifunctional I S 2 HP with two Nos of Manual Boring under 121 Hailakandi LAC under Innovative schemes 5 points for the year 2025 26,Fabrication Supply and Installation of Solar Powered Cart Mounted Multifunctional I S 2 HP with two Nos of Manual Boring under 121 Hailakandi LAC under Innovative schemes 5 points for the year 2025 26,Works,Open Tender,Item Rate,Composite Works,No,No,NA ,13-Nov-2025 05:00 PM,NA ,180.0,No ,No,Online,12-Dec-2025 03:00 PM,Irrigation Department||Chief Engineer(Minor Irrigation)-Irrigation Dept||Cachar-karimganj Circle||Hailakandi Katlicherra Algapur Division,HAILAKANDI,788151.0,2.0,"21,69,394",MOHITOSH SINGHA,"2,169,394",Rejected-Technical,29-Dec-2025,Irrigation Department||Chief Engineer(Minor Irrigation)-Irrigation Dept||Cachar-karimganj Circle||Hailakandi Katlicherra Algapur Division
2025_WPTBC_49083_1,SCDCTribalSanghaUdalguri,"Construction of Tribal Hostel at Udalguri Tribal Sangha Office, Dist Udalguri","Construction of Tribal Hostel at Udalguri Tribal Sangha Office, Dist Udalguri",Works,Open Tender,Item Rate,Civil Works,No,No,NA ,05-Dec-2025 06:50 PM,NA ,180.0,No ,No,Online,11-Dec-2025 03:00 PM,Welfare of Plain Tribes and Backward Classes||Directorate of Welfare of Scheduled Caste||Assam State Development Corporation for SC,"DISPUR, GHY",781006.0,2.0,"1,00,00,000",JAHANGIR ALAM,"9,999,000",Rejected-Technical,30-Dec-2025,Welfare of Plain Tribes and Backward Classes||Directorate of Welfare of Scheduled Caste||Assam State Development Corporation for SC
2025_PWBNH_46245_1,"CE/TB-VI/T/RIDF-XXX/47/2025/14 Dated Guwahati the, 5th Aug 2025","Construction of 126 Secondary Schools in 35 Districts of Assam under RIDF-XXX (2024-25) for (i) Barsali Hatkhola High School, Hajo under North Kamrup TBD (Gr-18A)","Construction of 126 Secondary Schools in 35 Districts of Assam under RIDF-XXX (2024-25) for (i) Barsali Hatkhola High School, Hajo under North Kamrup TBD (Gr-18A)",Works,Open Tender,Item Rate,Civil Works - Building,No,No,NA ,08-Aug-2025 09:00 AM,11-Aug-2025 11:30 AM ,180.0,No ,No,Online,18-Aug-2025 03:00 PM,Public Works Building and NH Department||Chief Engineer-Building - PWBNH,North Kamrup,781102.0,2.0,"7,21,85,000",Progressive Enterprises,"74,296,075",Accepted-AOC,03-Dec-2025,Public Works Building and NH Department||Chief Engineer-Building - PWBNH
2025_HFWD_48174_1,FAAMCH/MRU/11524,"supply of laboratory reagents, chemicals and consumables for MRU of FAAMCH, Barpeta","Rate Contract for supply of laboratory reagents, chemicals and consumables for MRU of FAAMCH, Barpeta",Goods,Open Tender,Item Wise,Miscellaneous Goods,No,No,NA ,21-Oct-2025 01:30 PM,27-Oct-2025 11:00 AM ,180.0,No ,No,Online,10-Nov-2025 02:30 PM,Health and Family Welfare Department||Directorate of Medical Education-HFWD||FAA Medical College and Hospital-Barpeta-HFWD,"FAAMCH, BARPETA, ASSAM",781301.0,2.0,,Becton Dickinson India Private Limited,0.0,Rejected-Technical,26-Dec-2025,Health and Family Welfare Department||Directorate of Medical Education-HFWD||FAA Medical College and Hospital-Barpeta-HFWD
2025_PHED_47951_1,SEPH/TEZ/TC-196/2025-26/ 960-66 Dated 09/10/2025,"Utility Shifting of Udmari Pipe Water Supply Scheme under SOPD for the year 2025-26 under Tezpur Division No-I, Tezpur, Sonitpur","Utility Shifting of Udmari Pipe Water Supply Scheme under SOPD for the year 2025-26 under Tezpur Division No-I, Tezpur, Sonitpur",Works,Open Tender,Item Rate,Civil Works - Water Works,No,No,NA ,11-Oct-2025 10:00 AM,17-Oct-2025 11:00 AM ,90.0,No ,No,Online,31-Oct-2025 02:00 PM,Public Health Engineering Department||Chief Engineer PHE(P)-Assam-PHED||North Assam Zone-Tezpur-PHED||Tezpur Circle-Tezpur-PHED,"Balipara, Sonitpur",784101.0,2.0,"23,51,752",JIBAN ROY,"2,329,826",Accepted-AOC,23-Dec-2025,Public Health Engineering Department||Chief Engineer PHE(P)-Assam-PHED||North Assam Zone-Tezpur-PHED||Tezpur Circle-Tezpur-PHED
2025_PWBNH_47654_1,CS/150/2025-26,"Replacement of the existing water supply distribution system including new GRP Water tank with iron staging for Block A,B,C,D and Chief Secretarys Residence along with the Duplex and Twin Type Qtrs. and transit camp Bldg. campus at Sr. Officers Colon","Replacement of the existing water supply distribution system including new GRP Water tank with iron staging for Block A,B,C,D and Chief Secretarys Residence along with the Duplex and Twin Type Qtrs. and transit camp Bldg. campus at Sr. Officers Colon",Works,Open Tender,Item Rate,Civil Works - Building,No,No,NA ,23-Sep-2025 12:00 PM,26-Sep-2025 12:00 PM ,180.0,No ,No,Online,14-Oct-2025 03:00 PM,Public Works Building and NH Department||Chief Engineer-Building - PWBNH||SE-Guwahati Circle-1 - PWBNH||EE- PCC Division-Dispur - PWBNH,Khanapara,781022.0,2.0,"38,91,939",Mriganka Das,"4,133,445",Accepted-AOC,04-Dec-2025,Public Works Building and NH Department||Chief Engineer-Building - PWBNH||SE-Guwahati Circle-1 - PWBNH||EE- PCC Division-Dispur - PWBNH
2025_PWBNH_48619_1,SBC/CS/2025-26/05,Extension of Library Building and Renovation of Hostel Buildings Roof at RK Nagar College Sribhumi,"Civil, Sanitary and Water supply and Electrical Work",Works,Open Tender,Item Rate,Civil Works - Building,No,No,NA ,15-Nov-2025 09:00 AM,28-Nov-2025 12:00 PM ,180.0,No ,No,Online,05-Dec-2025 04:00 PM,Public Works Building and NH Department||Chief Engineer-Building - PWBNH||SE-Silchar Circle - PWBNH,"RK Nagar College, Ramkrishna Nagar",788166.0,2.0,"45,00,647",AJOY PAUL,"4,784,943",Rejected-AOC,12-Dec-2025,Public Works Building and NH Department||Chief Engineer-Building - PWBNH||SE-Silchar Circle - PWBNH
2025_ID_47209_1,NIT No.13/LCI/NL/SOPD-G/2025-26 dt.02/09/2025,Installation of STW Irrigation Scheme Powered by Solar Energy 4 pts under SOPD-G under Naoboicha LAC for the year 2025-26.,Installation of STW Irrigation Scheme Powered by Solar Energy 4 pts under SOPD-G under Naoboicha LAC for the year 2025-26,Works,Open Tender,Item Rate,Miscellaneous Works,No,No,NA ,04-Sep-2025 11:00 AM,NA ,180.0,No ,No,Online,24-Sep-2025 03:00 PM,Irrigation Department||Chief Engineer(Major)-Irrigation Dept||Lakhimpur Circle,Naoboicha,787023.0,2.0,"26,62,247",Bubul Gogoi,"2,396,022",Accepted-AOC,11-Dec-2025,Irrigation Department||Chief Engineer(Major)-Irrigation Dept||Lakhimpur Circle
2025_PHED_48325_1,SEPH/TEZ/TC-196/2025-26/ 1154-60 Dated 31/10/2025,Utility Shifting of Daipampara PWSS under Mangaldai (PHE) Division under SOPD-G for the year 2025-26,Utility Shifting of Daipampara PWSS under Mangaldai (PHE) Division under SOPD-G for the year 2025-26,Works,Open Tender,Item Rate,Civil Works - Water Works,No,No,NA ,01-Nov-2025 10:00 AM,06-Nov-2025 11:00 AM ,90.0,No ,No,Online,11-Nov-2025 03:00 PM,Public Health Engineering Department||Chief Engineer PHE(P)-Assam-PHED||North Assam Zone-Tezpur-PHED||Tezpur Circle-Tezpur-PHED,"Daipam, Darrang, Assam",784514.0,2.0,"31,52,022",JAHANGIR ALOM,"2,986,750",Rejected-Finance,11-Dec-2025,Public Health Engineering Department||Chief Engineer PHE(P)-Assam-PHED||North Assam Zone-Tezpur-PHED||Tezpur Circle-Tezpur-PHED
2025_BoTC_45094_1,02/2025-26,Supply of Improved Tools and Machineries,Supply of Improved Tools and Machineries,Goods,Open Tender,Supply,Machineries,No,No,NA ,24-Jun-2025 12:30 PM,09-Jul-2025 11:00 AM ,180.0,No ,No,Online,14-Jul-2025 02:00 PM,Bodoland Territorial Council||Small Cottage and Rural Industry-BTC,O/o the Addl Director and CHD Ind and Commerce,783370.0,2.0,"2,00,00,000",J N TRADING,"19,976,540",Rejected-Finance,08-Dec-2025,Bodoland Territorial Council||Small Cottage and Rural Industry-BTC
2025_WPTBC_45476_1,PTDC/Engg/2024-25/379,"Administrative Approval for an amount of Rs. 24,95,404.00 only for construction of protection wall of boys and girls Hostel at Dhemaji Engineering College, Dhemaji under SOPD-ODS during the year 2023-24","Administrative Approval for an amount of Rs. 24,95,404.00 only for construction of protection wall of boys and girls Hostel at Dhemaji Engineering College, Dhemaji under SOPD-ODS during the year 2023-24",Works,Open Tender,Item Rate,Civil Works,No,No,NA ,09-Jul-2025 06:45 PM,15-Jul-2025 02:00 PM ,120.0,No ,No,Online,05-Aug-2025 03:00 PM,Welfare of Plain Tribes and Backward Classes||Director - WPT and BC,Dhemaji Engineering College,787057.0,2.0,"24,95,404",PRADIP GOGOI,"2,495,402.5",Rejected-AOC,08-Dec-2025,Welfare of Plain Tribes and Backward Classes||Director - WPT and BC
2025_PWD_47611_6,CE/MAINT/SOPDG/01/2025-26/29,MAINT/SOPD-G/2025-26/138,MAINT/SOPD-G/2025-26/138_1_Construction of road from Pub Bamakhata Namghar to Khutarguri Namghar 2_Construction of Road from NH 127A to Kundapara Satra Connecting Road under SOPD_G_ for the year 2025-26,Works,Open Tender,Item Rate,Civil Works – Roads,No,No,NA ,19-Sep-2025 06:00 PM,22-Sep-2025 12:00 PM ,180.0,No ,No,Online,04-Oct-2025 03:00 PM,Public Works Roads Department,Bajali,781325.0,2.0,"1,04,95,000",RAJIB KUMAR CHOUDHURY,"10,494,000",Accepted-AOC,29-Dec-2025,Public Works Roads Department
2025_PWBNH_44048_1,CE/TB-VII/14/2025/7,"Construction of Co-District Office (RCC G Plus 4) at Lumding, Hojai District, Assam","Construction of Co-District Office (RCC G Plus 4) at Lumding, Hojai District, Assam",Works,Open Tender,Item Rate,Civil Works - Building,No,No,NA ,09-Apr-2025 06:00 PM,10-Apr-2025 11:00 AM ,180.0,No ,No,Online,19-Apr-2025 03:00 PM,Public Works Building and NH Department||Chief Engineer-Building - PWBNH,Hojai,782447.0,2.0,"17,39,21,368",Chiranjiv Agarwal,"184,293,350",Rejected-Technical,03-Dec-2025,Public Works Building and NH Department||Chief Engineer-Building - PWBNH
2025_BoTC_45621_1,DOE/BTC/SSA/DAJGUA/Hostel/01,Construction of 50 bedded hostel separately for boys and girls under the scheme Dharti Aaba Janjatiya Gram Utkarsh Abhiyan at KASHIABARI HIGH SCHOOL in Kokrajhar District,Construction of 50 bedded hostel separately for boys and girls under the scheme Dharti Aaba Janjatiya Gram Utkarsh Abhiyan at KASHIABARI HIGH SCHOOL in Kokrajhar District,Works,Open Tender,Works,Civil Works,No,No,NA ,16-Jul-2025 09:00 AM,NA ,180.0,No ,No,Online,12-Aug-2025 03:00 PM,Bodoland Territorial Council||Education-BTC,BTR,783370.0,2.0,"3,59,88,860",KHAMPHA NARZARY,"35,988,820",Not Admitted-Fee/PreQual/Technical,23-Dec-2025,Bodoland Territorial Council||Education-BTC
2025_WPTBC_48204_1,PTDC/Engg/2024-25/382(J),"Construction of ST Girls Hostel for 10 district of Assam under Article 275(1) of the Constitution of India during the year 2024-25 (Biswanath College, Biswanath)","Construction of ST Girls Hostel for 10 district of Assam under Article 275(1) of the Constitution of India during the year 2024-25 (Biswanath College, Biswanath)",Works,Open Tender,Item Rate,Civil Works,No,No,NA ,22-Oct-2025 04:00 PM,27-Oct-2025 11:30 AM ,180.0,No ,No,Online,06-Nov-2025 03:00 PM,Welfare of Plain Tribes and Backward Classes||Director - WPT and BC||Assam Plains Tribes Development Corporation Ltd.,"Biswanath College, Biswanath",784176.0,2.0,"1,00,00,000",M/S DEBABRAT DAS,"9,000,000",Rejected-Technical,20-Dec-2025,Welfare of Plain Tribes and Backward Classes||Director - WPT and BC||Assam Plains Tribes Development Corporation Ltd.
2025_CD_47625_1,HF/ENGG-3685/25-26/44,"Construction of remaining work of Common Service Centre at Biswanath, Sonitpur","Construction of remaining work of Common Service Centre at Biswanath, Sonitpur",Works,Open Tender,Item Rate,Civil Works,No,No,NA ,20-Sep-2025 12:30 PM,22-Sep-2025 12:00 PM ,120.0,No ,No,Online,10-Oct-2025 11:00 AM,Cooperation Department||Assam State Co-operative Housing Federation Ltd.(HOUSEFED),Biswanath,784176.0,2.0,"54,72,500",PUNYA SARMA,"5,854,500",Rejected-AOC,04-Dec-2025,Cooperation Department||Assam State Co-operative Housing Federation Ltd.(HOUSEFED)
2025_WPTBC_47148_1,SCDCPackage12SSA,SSA Hostel Package 12 Barpathar Pragotisil HS at Kathiatoli,Construction of 50 bedded hostel separately for Boys and Girls under the scheme Dharti Aaba Janjatiya Gram Utkarsh Abhiyan at Barpathar Pragatisil HS at Kathiatoli,Works,Open Tender,Item Wise,Civil Works,No,No,NA ,01-Sep-2025 02:00 PM,NA ,180.0,No ,No,Online,15-Sep-2025 04:00 PM,Welfare of Plain Tribes and Backward Classes||Directorate of Welfare of Scheduled Caste||Assam State Development Corporation for SC,"DISPUR, GHY-06",781006.0,2.0,"3,90,00,000",HUSSAIN AHMED MAZUMDER,"38,995,000",Accepted-AOC,15-Dec-2025,Welfare of Plain Tribes and Backward Classes||Directorate of Welfare of Scheduled Caste||Assam State Development Corporation for SC
2025_PCCF_48007_1,BWLD-589/2025,Construction of Assam Type Forester Barrack House,"Construction of Assam Type Forester Barrack House at Eastern Range, Gamiri",Works,Open Tender,Works,Civil Works - Building,No,No,NA ,13-Oct-2025 05:10 PM,22-Oct-2025 11:00 AM ,90.0,No ,No,Online,07-Nov-2025 03:30 PM,Pr. Chief Conservator of Forest and Head of Forest Force||Principal Chief Conservator of Forests(Wildlife and Ch. Wildlife Warden)||Kaziranga National Park Bokakhat||Biswanath Wildlife Division,"EAstern Range, Gamiri",784168.0,2.0,"45,06,238",ABHIJIT DAS,"4,055,614.2",Rejected-AOC,12-Dec-2025,Pr. Chief Conservator of Forest and Head of Forest Force||Principal Chief Conservator of Forests(Wildlife and Ch. Wildlife Warden)||Kaziranga National Park Bokakhat||Biswanath Wildlife Division
2025_ICD_48512_1,CIVILWORK/DNPL/10/18/P-VI/41,"Construction of Road in the Process Area and development of the compressor station area of DNP Limited at Madhuban, Duliajan","Construction of Road in the Process Area and development of the compressor station area of DNP Limited at Madhuban, Duliajan",Works,Open Tender,Works,Civil Works,No,No,NA ,11-Nov-2025 12:00 PM,NA ,180.0,No ,No,Online,18-Nov-2025 10:00 AM,Industries and Commerce Department||DNP Limited,"DNP Ltd, Duliajan",786602.0,2.0,,Himangshu Deka,"657,645",Rejected-Finance,22-Dec-2025,Industries and Commerce Department||DNP Limited
2025_PWD_47133_12,SKTRD/Tech/106/2025-26,SKTRD/SOPD-G/25-26/12,SKTRD/SOPD-G/25-26/12_Improvement of Road _GWC_ from Paver Block road to Choudhurypam Road under SOPD _G_ for the year 2025-26.,Works,Open Tender,Item Rate,Civil Works – Roads,No,No,NA ,30-Aug-2025 06:00 PM,06-Sep-2025 12:00 PM ,180.0,No ,No,Online,24-Sep-2025 02:30 PM,Public Works Roads Department,Kamrup Rural,781125.0,2.0,"22,10,000",BISWAJIT RABHA,"2,210,000",Rejected-Finance,18-Dec-2025,Public Works Roads Department
2025_SCD_47668_1,Tender/NIT/Pt-I/2025-26/4034,Soil Water Conservation Project cum Water Distribution Project at Udaipur (Jonai) under SOPD-G 2025-26,Soil Water Conservation Project cum Water Distribution Project at Udaipur (Jonai) under SOPD-G 2025-26,Works,Open Tender,Item Rate,Civil Works,No,No,NA ,24-Sep-2025 02:00 PM,03-Oct-2025 02:00 PM ,180.0,No ,No,Online,15-Oct-2025 10:00 AM,Soil Conservation Department||Director - SCD,"Udaipur, Jonai",787060.0,2.0,"40,00,000",GHANASHYAM KUTUM,"3,998,800",Accepted-AOC,24-Dec-2025,Soil Conservation Department||Director - SCD
2025_PWRDW_42372_8,CE/EAP/ARRBP02TENDERS2024/36,Construction of Bridge in Jorhat district i. Br. No. 2/1 on Chutiakari BOP to Leporsy Village,Construction of Bridge in Jorhat district i. Br. No. 2/1 on Chutiakari BOP to Leporsy Village Package No CE/EAP/ARRBP/OCB/Bridge-1/Jorhat/08,Works,Open Tender,Item Rate,Civil Works,No,No,NA ,29-Jan-2025 06:55 PM,06-Feb-2025 11:00 AM ,90.0,No ,No,Online,18-Feb-2025 02:30 PM,Public Works Roads Department-Externally Aided Project||Public Works Road Department- World Bank Funded Tenders||Assam State Bridge Infrastructure Program,Jorhat,785001.0,2.0,"4,35,95,000",Tejkaran Jain,"44,430,014",Accepted-AOC,11-Dec-2025,Public Works Roads Department-Externally Aided Project||Public Works Road Department- World Bank Funded Tenders||Assam State Bridge Infrastructure Program
2024_PWRDW_37627_5,CE/EAP/ARRBP/1/TENDERS/2024/51,Construction of Bridge in Barpeta district i) Br. No. 1/1 on Jadavpur HS to Salimpur Road,CE/EAP/ARRBP/OCB/Bridge-1/Barpeta/11C Construction of Bridge in Barpeta district i) Br. No. 1/1 on Jadavpur HS to Salimpur Road,Works,Open Tender,Item Rate,Civil Works,No,No,NA ,15-Jun-2024 02:20 PM,20-Jun-2024 11:00 AM ,90.0,No ,No,Online,05-Jul-2024 02:30 PM,Public Works Roads Department-Externally Aided Project||Public Works Road Department- World Bank Funded Tenders||Assam State Bridge Infrastructure Program,Barpeta,781301.0,2.0,"4,34,67,000",ABDUR REZZAK,"45,376,873",Rejected-Finance,09-Sep-2025,Public Works Roads Department-Externally Aided Project||Public Works Road Department- World Bank Funded Tenders||Assam State Bridge Infrastructure Program
2025_PHED_47419_1,SEPH/TEZ/TC-196/2025-26/616-22 Dated 09/09/2025,Utility Shifting of No. 4 Baruajhar PWSS under Mangaldai (PHE) Division under SOPD-G for the year 2025-26,Utility Shifting of No. 4 Baruajhar PWSS under Mangaldai (PHE) Division under SOPD-G for the year 2025-26,Works,Open Tender,Item Rate,Civil Works - Water Works,No,No,NA ,11-Sep-2025 10:00 AM,18-Sep-2025 11:00 AM ,90.0,No ,No,Online,17-Oct-2025 03:00 PM,Public Health Engineering Department||Chief Engineer PHE(P)-Assam-PHED||North Assam Zone-Tezpur-PHED||Tezpur Circle-Tezpur-PHED,"No.4 Baruajhar, Darrang, Assam",784514.0,2.0,"23,11,950",IMTIAZ AHMED,"2,080,692",Rejected-AOC,03-Dec-2025,Public Health Engineering Department||Chief Engineer PHE(P)-Assam-PHED||North Assam Zone-Tezpur-PHED||Tezpur Circle-Tezpur-PHED
2025_PWBNH_48567_1,TECH/U_BDTD/BLDG/IFB/2025-26,"Construction of Remaining Works of School Building at Ba-Raja Bathou Ashram Residential School, at Jamuguri, Hajargaon, Tamulpur","Construction of Remaining Works of School Building at Ba-Raja Bathou Ashram Residential School, at Jamuguri, Hajargaon, Tamulpur",Works,Open Tender,Item Rate,Civil Works - Building,No,No,NA ,12-Nov-2025 04:00 PM,26-Nov-2025 11:00 AM ,180.0,No ,No,Online,03-Dec-2025 04:00 PM,Public Works Building and NH Department||Chief Engineer-Building - PWBNH,Tamulpur,781367.0,2.0,"94,33,449",DIPAK DAS,"9,420,400",Rejected-AOC,31-Dec-2025,Public Works Building and NH Department||Chief Engineer-Building - PWBNH
2025_UDD_48201_2,LMB.363/15th FC/Tied/2025-26/393,Construction of Stair With Ramp And Improvement Of Walkway PWD Road To Fulertal Ghat Under Lakhipur Municipal Board at Lakhipur Cachar Assam,Construction of Stair With Ramp And Improvement Of Walkway PWD Road To Fulertal Ghat Under Lakhipur Municipal Board at Lakhipur Cachar Assam under 15th FC Untied grants for the year 2024- 2025- during 2025-26,Works,Open Tender,Works,Civil Works,No,No,NA ,22-Oct-2025 04:00 PM,NA ,180.0,No ,No,Online,13-Nov-2025 01:10 PM,Urban Development Department||Directorate of Municipality Administration - UDD||Lakhipur Municipal Board,LAKHIPUR CACHAR ASSAM,788103.0,2.0,"50,01,785",SRI RAJAT GHOSH,"5,001,785",Rejected-AOC,17-Dec-2025,Urban Development Department||Directorate of Municipality Administration - UDD||Lakhipur Municipal Board
2023_PWRDW_32940_6,CE/EAP/ARRBP/111TENDERS2023/44,Construction of Bridges in Kamrup district i.Br2/1 Lochana Sathikarpa Rd ii.Br 1/1 Tapor Pathar Village Rd,CE/EAP/ARRBP/OCB/Bridges 2/Kamrup/11 Construction of Bridges in Kamrup district i.Br2/1 Lochana Sathikarpa Rd ii.Br 1/1 Tapor Pathar Village Rd,Works,Open Tender,Item Rate,Civil Works - Bridges,No,No,NA ,10-Oct-2023 06:30 PM,17-Oct-2023 11:00 AM ,90.0,No ,No,Online,10-Nov-2023 02:30 PM,Public Works Roads Department-Externally Aided Project||Public Works Road Department- World Bank Funded Tenders||Assam State Bridge Infrastructure Program,kamrup,781125.0,2.0,"5,68,25,000",Tech.Point Engineers,"59,665,310.03",Accepted-AOC,30-Dec-2025,Public Works Roads Department-Externally Aided Project||Public Works Road Department- World Bank Funded Tenders||Assam State Bridge Infrastructure Program
2025_WPTBC_48882_1,SCDCTECHDIET,Construction of District Institutes of Education and Training at Goalpara,Construction of District Institutes of Education and Training at Goalpara,Works,Open Tender,Item Rate,Civil Works,No,No,NA ,27-Nov-2025 02:00 PM,NA ,180.0,No ,No,Online,03-Dec-2025 04:00 PM,Welfare of Plain Tribes and Backward Classes||Directorate of Welfare of Scheduled Caste||Assam State Development Corporation for SC,"Dispur,Ghy",781006.0,2.0,"10,39,23,000",M/s Bhola Drugs and Surgicals,"98,207,235",Accepted-AOC,31-Dec-2025,Welfare of Plain Tribes and Backward Classes||Directorate of Welfare of Scheduled Caste||Assam State Development Corporation for SC
2025_HFWD_43269_1,AMSC-EQUI0PROC/77/2024-EQUP PRO-AMSC/37a ECF 571174,SUPPLY OF ELECTRIC NEEDLE DESTROYER,SUPPLY OF ELECTRIC NEEDLE DESTROYER,Goods,Open Tender,Buy,Medical Equipments/Waste,No,No,NA ,06-Mar-2025 05:00 PM,10-Mar-2025 03:00 PM ,180.0,No ,No,Online,04-Apr-2025 04:30 PM,Health and Family Welfare Department||Assam Medical Services Corporation Limited,Guwahati,780126.0,2.0,"9,90,000",Cecon Pollutech Systems Pvt Ltd,1.0,Rejected-Technical,01-Jul-2025,Health and Family Welfare Department||Assam Medical Services Corporation Limited
2023_NHM_31602_12,NHM-32023/469/2022-CONS-NHM/92,Construction of Buildingless Sub Health Centre in Sangatipur SC in Karimganj District for FY 2022 23 under PM AHBIM on Turnkey Basis,Construction of Buildingless Sub Health Centre in Sangatipur SC in Karimganj District for FY 2022 23 under PM AHBIM on Turnkey Basis,Works,Open Tender,Turn-key,Civil Works - Building,No,No,NA ,10-Jul-2023 05:00 PM,NA ,180.0,No ,No,Online,29-Jul-2023 03:30 PM,National Health Mission||State Programme Management Unit - NHM,Karimganj,788710.0,2.0,"52,03,000",BUDDHA DAS,"5,197,797",Rejected-Finance,01-Dec-2025,National Health Mission||State Programme Management Unit - NHM
2025_WPTBC_49079_1,SCDCBordoloiHall,"Construction of proposed Rajanikanta Bordoloi Hall at Gogamukh, Dhemaji","Construction of proposed Rajanikanta Bordoloi Hall at Gogamukh, Dhemaji",Works,Open Tender,Item Rate,Civil Works,No,No,NA ,05-Dec-2025 06:30 PM,NA ,180.0,No ,No,Online,11-Dec-2025 03:00 PM,Welfare of Plain Tribes and Backward Classes||Directorate of Welfare of Scheduled Caste||Assam State Development Corporation for SC,"DISPUR, GHY",781006.0,2.0,"2,22,23,000",M/S P.D. ENTERPRISE,"22,222,000",Rejected-AOC,30-Dec-2025,Welfare of Plain Tribes and Backward Classes||Directorate of Welfare of Scheduled Caste||Assam State Development Corporation for SC
2024_APDCL_38594_1,APDCL_CAR/3rd APCB at Doldoli under KANCH EC/T-27,Construction of 33 KV incoming Bay terminals including DTR (receiving end) at 3rd Assam Police Commado Battalian at Doldoli under deposit scheme under KANCH Electrical Circle,Construction of 33 KV incoming Bay terminals including DTR receiving end at 3rd Assam Police Commado Battalian at Doldoli under deposit scheme under KANCH Electrical Circle,Works,Open Tender,Turn-key,Electrical Works,No,No,NA ,22-Aug-2024 11:30 AM,23-Aug-2024 10:00 AM ,90.0,No ,No,Online,27-Aug-2024 04:00 PM,Assam Power Distribution Company Ltd||CGM(D) Central Assam Region - APDCL,Doldoli Kanch,782470.0,2.0,,OK Enterprise,"8,130,466.66",Rejected-Technical,05-Dec-2025,Assam Power Distribution Company Ltd||CGM(D) Central Assam Region - APDCL
2024_PWD_39143_100,"CE/DEV/TB/213/2024-25/01 Dtd. Guwahati, 05th September, 2024",TE_RIDF_XXX_24_25_108 Construction of Tea Garden Line Roads of Desam TE under RIDF-XXX of NABARD for the year 2024-25,TE_RIDF_XXX_24_25_108 Construction of Tea Garden Line Roads of Desam TE under RIDF-XXX of NABARD for the year 2024-25,Works,Open Tender,Item Rate,Civil Works – Roads,No,No,NA ,25-Sep-2024 02:00 PM,30-Sep-2024 12:00 PM ,180.0,No ,No,Online,09-Oct-2024 02:30 PM,Public Works Roads Department,Dibrugarh,786610.0,2.0,"99,74,000",PG CONSTRUCTION,"9,974,000",Accepted-AOC,17-Dec-2025,Public Works Roads Department
2025_PWD_48057_1,CE/DEV/TB/171/2025-26/04 Dtd- 09.10.2025,SOPD_G_25_26_40 Construction of SPT Bridge including Approaches at Tamargaon over Mora Subansiri under SOPD-G for the year 2024-25,SOPD_G_25_26_40 Construction of SPT Bridge including Approaches at Tamargaon over Mora Subansiri under SOPD-G for the year 2024-25,Works,Open Tender,Item Rate,Civil Works – Roads,No,No,NA ,15-Oct-2025 02:00 PM,22-Oct-2025 02:00 PM ,180.0,No ,No,Online,13-Nov-2025 02:30 PM,Public Works Roads Department,Lakhimpur,787001.0,2.0,"3,95,79,000",JITU TAPAN GOGOI,"39,528,910",Rejected-Finance,19-Dec-2025,Public Works Roads Department
2025_ID_48737_1,SEI/T-27/ET-6/2025-26/1087,Installation of 2 nos of MDTW Scheme under Barhampur LAC under SOPD_G for the year 2025_26,Construction of underground PVC distribution system spout chamber boundary Fencing sign board Boring and installation of TW Installation commissioning Solar PV Module including mounting structures Construction of Control room,Works,Open Tender,Item Rate,Civil Works - Others,No,No,NA ,20-Nov-2025 02:00 PM,NA ,180.0,No ,No,Online,11-Dec-2025 03:00 PM,Irrigation Department||Chief Engineer(Major)-Irrigation Dept||Nagaon Circle,Barhampur,782102.0,2.0,"58,08,101",Mazibur Rahman,"5,633,857",Rejected-AOC,18-Dec-2025,Irrigation Department||Chief Engineer(Major)-Irrigation Dept||Nagaon Circle
2025_HFWD_42112_1,AMSC-EQUI0PROC/77/2024-EQUP PRO-AMSC/3 ECF 571174,SUPPLY OF Deep Freezer minus 80 C,SUPPLY OF Deep Freezer minus 80 C,Goods,Open Tender,Buy,Medical Equipments/Waste,No,No,NA ,16-Jan-2025 05:00 PM,21-Jan-2025 03:00 PM ,180.0,No ,No,Online,10-Mar-2025 04:30 PM,Health and Family Welfare Department||Assam Medical Services Corporation Limited,GUWAHATI,781026.0,2.0,"1,88,57,460",Computer World Services,1.0,Rejected-Technical,01-Jul-2025,Health and Family Welfare Department||Assam Medical Services Corporation Limited
2025_APDCL_45282_1,APDCL/CGM_RE/RDSS_Addl_HH-38,Electrification of UE households in Kokrajhar Dist. (Part-II) of Assam under RDSS,"Electrification of additional un-electrified households in the State of Assam under RDSS (Addl. HH) Scheme for electrification of six nos. villages of Kokrajhar District (Gossaigaon LAC) under Kokrajhar Electrical Circle, APDCL",Works,Open Tender,Turn-key,Electrical Works,No,No,NA ,03-Jul-2025 03:00 PM,04-Jul-2025 12:00 PM ,180.0,No ,No,Online,16-Jul-2025 03:00 PM,Assam Power Distribution Company Ltd||CGM(Rural Electrification) - APDCL,Gossaigaon,783360.0,2.0,"2,43,87,385",Sankalpa Associates,"21,948,649.12",Accepted-AOC,10-Dec-2025,Assam Power Distribution Company Ltd||CGM(Rural Electrification) - APDCL
2025_KAAC_46473_1,ACEH/CS/SSA/03/2025-26/NSL37,Construction of 50 bedded hostel separately for boys and girls at Rongagora High School under the scheme Dharti Aaba Janjatiya Gram Utkarsh Abhiyan,Construction of 50 bedded hostel separately for boys and girls at Rongagora High School under the scheme Dharti Aaba Janjatiya Gram Utkarsh Abhiyan,Works,Open Tender,Item Rate,Civil Works - Building,No,No,NA ,18-Aug-2025 11:00 AM,20-Aug-2025 12:00 PM ,180.0,No ,No,Online,30-Aug-2025 11:00 AM,Karbi Anglong Autonomous Council||PWD||Addl. Chief Engineer Diphu,Rongmongwe,782461.0,2.0,"3,78,75,000",golden traders,"37,870,000.06",Rejected-AOC,02-Dec-2025,Karbi Anglong Autonomous Council||PWD||Addl. Chief Engineer Diphu
2024_PWD_39143_102,"CE/DEV/TB/213/2024-25/01 Dtd. Guwahati, 05th September, 2024",TE_RIDF_XXX_24_25_110 Construction of Tea Garden Line Roads of Umatara TE under RIDF-XXX of NABARD for the year 2024-25,TE_RIDF_XXX_24_25_110 Construction of Tea Garden Line Roads of Umatara TE under RIDF-XXX of NABARD for the year 2024-25,Works,Open Tender,Item Rate,Civil Works – Roads,No,No,NA ,25-Sep-2024 02:00 PM,30-Sep-2024 12:00 PM ,180.0,No ,No,Online,09-Oct-2024 02:30 PM,Public Works Roads Department,Dibrugarh,786610.0,2.0,"99,98,000",PG CONSTRUCTION,"9,998,000",Accepted-AOC,18-Dec-2025,Public Works Roads Department
2025_ID_46051_5,NIT/TCI/3/2025/507,Solar Powered MDTW (4 Points) Scheme in Tezpur LAC under SOPD-G for the year 2025-26,Solar Powered MDTW (4 Points) Scheme in Tezpur LAC under SOPD-G for the year 2025-26,Works,Open Tender,Percentage,Civil Works,No,No,NA ,01-Aug-2025 10:00 AM,NA ,180.0,No ,No,Online,22-Aug-2025 03:00 PM,Irrigation Department||Chief Engineer(Major)-Irrigation Dept||Tezpur Circle,Tezpur,784001.0,2.0,"1,16,34,000",TRIDIP KALITA,"5,184,002",Rejected-Finance,09-Dec-2025,Irrigation Department||Chief Engineer(Major)-Irrigation Dept||Tezpur Circle
2025_UDD_47458_1,MMB/1188/2025/1052 date 10/09/2025,Procurement of Backhoe Excavator loader and compatible appurtenances,Procurement of Backhoe Excavator loader and compatible appurtenances,Goods,Open Tender,Item Rate,Machineries,No,No,NA ,11-Sep-2025 01:00 PM,NA ,180.0,No ,No,Online,19-Sep-2025 03:30 PM,Urban Development Department||Directorate of Municipality Administration - UDD||Mangaldai Municipal Board,"Mangaldai, Ward No. 1",784125.0,2.0,0.0,UNITER INFRACON,"3,689,860",Accepted-AOC,22-Dec-2025,Urban Development Department||Directorate of Municipality Administration - UDD||Mangaldai Municipal Board
2025_PWD_48658_1,CE/MAINT/SOPDG/01/2025-26/48,MAINT/SOPD-G/2025-26/65,"MAINT/SOPD-G/2025-26/65_1_Improvement of Mouripam to Mourigaon road and 2_Improvement of SPT Br no 1/1 on Kismat Moinbari to Eusufpur via Dhakaliapara Road Pkg. AS_01_337 under SOPD_G for the year 2025_26, Mandia LAC",Works,Open Tender,Item Rate,Civil Works – Roads,No,No,NA ,17-Nov-2025 02:00 PM,18-Nov-2025 12:00 PM ,180.0,No ,No,Online,08-Dec-2025 04:00 PM,Public Works Roads Department,Barpeta,781308.0,2.0,"1,80,13,000",Harun Ali,"18,012,155",Accepted-AOC,24-Dec-2025,Public Works Roads Department
2024_ED_36698_1,EXCI/679/2023-EXCISE-LKPR/99 dtd 27 02 24,IMFL OFF shop license at KB Road North Lakhimpur Town Lakhimpur District,IMFL OFF shop license at KB Road North Lakhimpur Town Lakhimpur District,Services,Open Tender,Item Wise,Miscellaneous Services,No,No,NA ,28-Feb-2024 12:00 PM,NA ,180.0,No ,No,Online,05-Mar-2024 10:00 AM,Excise Department||Commissioner of Excise - ED||O/o SE-Lakhimpur-North Lakhimpur - ED,Lakhimpur,787001.0,2.0,"5,00,000",DEEPAK CHETRY,"2,399,990",Accepted-AOC,01-Aug-2025,Excise Department||Commissioner of Excise - ED||O/o SE-Lakhimpur-North Lakhimpur - ED
2024_PWRDW_41734_9,CEEAPARRBP02TENDERS2024/33,Construction of Bridge in Kokrajhar district i.Br on Lamapara to Dhepdhepi Road over longa river,CE/EAP/ARRBP/OCB/Bridge-1/Kokrajhar/10 Construction of Bridge in Kokrajhar district i.Br on Lamapara to Dhepdhepi Road over longa river,Works,Open Tender,Item Rate,Civil Works,No,No,NA ,27-Dec-2024 06:55 PM,08-Jan-2025 11:00 AM ,90.0,No ,No,Online,24-Jan-2025 02:30 PM,Public Works Roads Department-Externally Aided Project||Public Works Road Department- World Bank Funded Tenders||Assam State Bridge Infrastructure Program,Kokrajhar,783370.0,2.0,"4,87,69,000",SUKUMAR DEBNATH,"48,755,600",Accepted-AOC,11-Dec-2025,Public Works Roads Department-Externally Aided Project||Public Works Road Department- World Bank Funded Tenders||Assam State Bridge Infrastructure Program
2025_PWBNH_46205_1,"CE/TB-II(Bldg.)/58/2025/7 Dated Guwahati the, 30th July, 2025","Construction of the Annexe-II Building with Extended Floors and Including Interior and Furnishing Works at Dispur, Guwahati-06. (Additional Estimate for Providing Furniture and Work Stations)","Construction of the Annexe-II Building with Extended Floors and Including Interior and Furnishing Works at Dispur, Guwahati-06. (Additional Estimate for Providing Furniture and Work Stations)",Works,Open Tender,Item Rate,Civil Works - Building,No,No,NA ,06-Aug-2025 05:00 PM,14-Aug-2025 11:00 AM ,180.0,No ,No,Online,06-Sep-2025 04:00 PM,Public Works Building and NH Department||Chief Engineer-Building - PWBNH,Guwahati,781006.0,2.0,"6,92,33,368",Globalzone Sanitory Infrastructure Pvt.,"69,716,170",Accepted-AOC,03-Dec-2025,Public Works Building and NH Department||Chief Engineer-Building - PWBNH
2025_PWBNH_48355_1,EE/NBRDRSTBD/Judicial/Nagaon Dated. 30.10.2025,"Creation of toilet facilities for the persons with disabilities and transgender and improvement of existing toilet at Judicial Court complex, Nagaon.","Creation of toilet facilities for the persons with disabilities and transgender and improvement of existing toilet at Judicial Court complex, Nagaon.",Works,Open Tender,Item Wise,Civil Works - Building,No,No,NA ,03-Nov-2025 11:00 AM,05-Nov-2025 11:00 AM ,180.0,No ,No,Online,21-Nov-2025 02:30 PM,Public Works Building and NH Department||Chief Engineer-Building - PWBNH||SE-Guwahati Circle-2 - PWBNH,"Judicial Court, Nagaon",782001.0,2.0,"27,88,077",Chabin Das,"2,899,551",Rejected-AOC,15-Dec-2025,Public Works Building and NH Department||Chief Engineer-Building - PWBNH||SE-Guwahati Circle-2 - PWBNH
2025_PWD_47133_11,SKTRD/Tech/106/2025-26,SKTRD/SOPD-G/25-26/11,SKTRD/SOPD-G/25-26/11_Improvement of Road _GWC_ from Nibir Hussain house to Tiniali Via Tomej Uddin House Road under SOPD _G_ for the year 2025-26.,Works,Open Tender,Item Rate,Civil Works – Roads,No,No,NA ,30-Aug-2025 06:00 PM,06-Sep-2025 12:00 PM ,180.0,No ,No,Online,24-Sep-2025 02:30 PM,Public Works Roads Department,Kamrup Rural,781125.0,2.0,"10,00,000",MD NASIR KHAN,"998,915",Rejected-Finance,18-Dec-2025,Public Works Roads Department
2025_BTC_48955_1,No. 21/ACE/PWD/BTC/2025-26/04,"Painting of BTCLA Building, BTC Secretariat Block-A and B and Surrounding Boundary Wall under Grant No.21 for the financial year 2025-26. TN_63_01.","Painting of BTCLA Building, BTC Secretariat Block-A and B and Surrounding Boundary Wall under Grant No.21 for the financial year 2025-26. TN_63_01.",Works,Open Tender,Item Rate,Civil Works - Building,No,No,NA ,01-Dec-2025 10:30 AM,NA ,180.0,No ,No,Online,22-Dec-2025 02:00 PM,Bodoland Territorial Council-PWD||Director Cum CHD - PWD BTC,Kokrajhar,783370.0,2.0,"6,06,10,986",Indrajit Basumatary,"60,609,740.28",Not Admitted-Fee/PreQual/Technical,26-Dec-2025,Bodoland Territorial Council-PWD||Director Cum CHD - PWD BTC
2025_ICD_42884_1,No 581243/46 dated 22.01.2025,"Construction of New 33 KV Bay, 33 KV Dedicated Line And 33/11 KV, 1x2.5 MVA AIDC Sub-Station at Industrial Estate Chenga, Dhing and Bhomoraguri, Assam","Construction of New 33 KV Bay, 33 KV Dedicated Line And 33/11 KV, 1x2.5 MVA AIDC Sub-Station at Industrial Estate Chenga, Dhing and Bhomoraguri, Assam",Works,Open Tender,Item Wise,Electrical Works,No,No,NA ,18-Feb-2025 03:00 PM,NA ,180.0,No ,No,Online,11-Mar-2025 04:00 PM,Industries and Commerce Department||Assam Industrial Development Corporation Ltd - ICD,"Chenga, Dhing and Bhomoraguri",782143.0,2.0,"13,73,68,664",HABI INFRASTRUCTURE,"137,208,140",Rejected-Technical,09-Dec-2025,Industries and Commerce Department||Assam Industrial Development Corporation Ltd - ICD
2025_PWBNH_48640_1,TECH/U_BDTD/BLDG/IFB/2025-26,"Construction of Welcome Gate and Cultural Exhibition Centre with amenities at Sikaridanga, Mazbat, under Border Development Activities in the Inter-State Border for the year 2024-25","Construction of Welcome Gate and Cultural Exhibition Centre with amenities at Sikaridanga, Mazbat, under Border Development Activities in the Inter-State Border for the year 2024-25",Works,Open Tender,Item Rate,Civil Works - Building,No,No,NA ,17-Nov-2025 10:00 AM,29-Nov-2025 11:00 AM ,180.0,No ,No,Online,09-Dec-2025 04:00 PM,Public Works Building and NH Department||Chief Engineer-Building - PWBNH,Mazbat,784507.0,2.0,"49,43,682",ABONG BRAHMA,"4,943,000",Accepted-AOC,26-Dec-2025,Public Works Building and NH Department||Chief Engineer-Building - PWBNH
2025_SE_47727_1,ASSEBD1STORESALES02202512,Sale of Used Answer Scripts and Waste Paper 2025,"Sale of Used Answer Scripts and Waste Paper, 2025",Goods,Open Tender,Works,Stationery,No,No,NA ,26-Sep-2025 05:00 PM,NA ,90.0,No ,No,Online,08-Oct-2025 12:00 PM,SECONDARY EDUCATION DEPARTMENT ASSAM||Board of Secondary Education Assam,Bamumimaidam Guwahati,781021.0,2.0,"19,00,000",TARA & RATNAMOULI,"188,000",Rejected-AOC,05-Dec-2025,SECONDARY EDUCATION DEPARTMENT ASSAM||Board of Secondary Education Assam
2025_APDCL_45223_1,APDCL/CGMRE/Ahotguri/TRLine/1B,"Electrification of Huttar village of Ahotguri GP under Jorhat El. Circle, APDCL (Pkg-B)","Construction of 11 KV single circuit line with 132 KV, D6 type tower for crossing over tributaries of Brahmaputra River as a part of extension of existing 11 KV feeder for electrification of Huttar village of Ahotguri GP under Majuli LAC",Works,Open Tender,Turn-key,Electrical Works,No,No,NA ,27-Jun-2025 03:00 PM,01-Jul-2025 12:00 PM ,180.0,No ,No,Online,22-Jul-2025 03:00 PM,Assam Power Distribution Company Ltd||CGM(Rural Electrification) - APDCL,"Ahotguri, Huttar",785614.0,2.0,"4,39,56,289",Mudit Kumar Borah,"43,500,000",Rejected-AOC,05-Dec-2025,Assam Power Distribution Company Ltd||CGM(Rural Electrification) - APDCL
2025_PWD_47631_1,SOPD(G)CDTRD/MAHMORA/2025-26/2,SOPD(G)CDTRD/MAHMORA/2025-26/2,"Construction of Doba Chariali to Beltol Nizkhaloighuwa (Ch 0.00m to Ch 2800.00m),Total Length 2.80 km under SOPD-G for the year 2025-26 in PWRD Charaideo District TRD, Sonari. (Mahmora LAC). Package No. SOPD(G)/CDTRD/MAHMORA/2025-26/2",Works,Open Tender,Item Rate,Civil Works – Roads,No,No,NA ,22-Sep-2025 02:00 PM,03-Oct-2025 01:00 PM ,180.0,No ,No,Online,08-Oct-2025 02:00 PM,Public Works Roads Department,MAHMORA LAC,785690.0,2.0,,MR NIKHILESH GOGOI,"3,050,000",Accepted-AOC,11-Dec-2025,Public Works Roads Department
2025_FCS_45286_1,KFPD. 72/TENDER/2024/2025/19 dated 01-07-2025,Handling and Transport Contractor and Fixation of Rate for NFSA rice in both the District Karbi Anglong and West Karbi Anglong for the year 2025-26,Handling and Transport Contractor and Fixation of Rate of Foodgrains under NFSA 2013 in 2 Tier system in both the District of Karbi Anglong and West Karbi Anglong for the year 2025-26.,Goods,Open Tender,Supply,Miscellaneous Goods,No,No,NA ,02-Jul-2025 02:15 PM,NA ,365.0,No ,No,Online,31-Jul-2025 11:00 AM,Food Civil Supplies and Consumer Affairs Department||Directorate of Food Civil Supplies and Consumer Affairs||Office of the FCS and CA Karbi Anglong,Karbi Anglong,782460.0,2.0,,AAMAR DUKAN CONSUMERS WELFARE CO-OPERATIVE SOCIETY LIMITED,"11,277,132",Rejected-Technical,06-Dec-2025,Food Civil Supplies and Consumer Affairs Department||Directorate of Food Civil Supplies and Consumer Affairs||Office of the FCS and CA Karbi Anglong
2025_PWD_47689_1,No.ACEH/TECH/CS/13/2025-26/26,"Construction of 50 Bedded Assam Type Hostel separately for Boys and Girls at Diyungbra HSS under Dharti Aaba Janjatiya Gram Utkarsh Ahiyan (DAJGUA) under Samagra Shiksha, Assam for the year 2025-26","Construction of 50 Bedded Assam Type Hostel separately for Boys and Girls at Diyungbra HSS under Dharti Aaba Janjatiya Gram Utkarsh Ahiyan (DAJGUA) under Samagra Shiksha, Assam for the year 2025-26",Works,Open Tender,Item Rate,Civil Works,No,No,NA ,26-Sep-2025 04:00 PM,NA ,180.0,No ,No,Online,06-Oct-2025 04:00 PM,Public Works Roads Department,Dima Hasao,788819.0,2.0,"3,48,80,504",Sri Jackson Hagjer,"37,007,600",Accepted-AOC,09-Dec-2025,Public Works Roads Department
2025_PNRD_45535_1,E-326077I/1162983/2025,Request for Proposal for Selection and Empanelment of Training Providers for providing Rural Mason Training under Pradhan Mantri Awaas Yojana-Gramin in Assam,Request for Proposal for Selection and Empanelment of Training Providers for providing Rural Mason Training under Pradhan Mantri Awaas Yojana-Gramin in Assam,Services,Open Tender,Empanelment,Miscellaneous Services,No,No,NA ,17-Jul-2025 03:00 PM,22-Jul-2025 03:00 PM ,180.0,No ,No,Online,02-Sep-2025 01:00 PM,Principal Secretary- P and RD- Assam Secretariat||Commissioner- P and RD- PNRD,Assam,781037.0,1.0,,ADARSH SARASWATI MAHILA SHIKSHA EVAM GRAMIN VIKAS SAMITI,53.9,Rejected-Technical,30-Dec-2025,Principal Secretary- P and RD- Assam Secretariat||Commissioner- P and RD- PNRD
2025_UDD_48748_1,MMB/SWM/56/2024-25/35-A,Request for proposal to select an Agency for Setting up of Waste to Compost facility of Capacity at Maibang Municipal Board,Request for proposal to select an Agency for Setting up of Waste to Compost facility of Capacity at Maibang Municipal Board,Works,Open Tender,Item Rate,Civil Works,No,No,NA ,20-Nov-2025 04:00 PM,NA ,90.0,No ,No,Online,09-Dec-2025 11:00 AM,Urban Development Department||Directorate of Municipality Administration - UDD||Maibang Municipal Board,Dima Hasao,788831.0,2.0,"15,36,151",BORDIP LANGTHASA,"1,536,151",Accepted-AOC,30-Dec-2025,Urban Development Department||Directorate of Municipality Administration - UDD||Maibang Municipal Board
2025_PWD_45113_1,TB/268/DNTRD/2025-26/482/4,Contruction of road from Baparam Dutta PWD to Laukuth Tiniali via Leluwani from Ch. 0 M to Ch. 2000 M by Panelled Concrete Technology under SDMF for the year 2024-25 in Lakhimpur District.,Contruction of road from Baparam Dutta PWD to Laukuth Tiniali via Leluwani from Ch. 0 M to Ch. 2000 M by Panelled Concrete Technology under SDMF for the year 2024-25 in Lakhimpur District.,Works,Open Tender,Works,Civil Works – Roads,No,No,NA ,27-Jun-2025 10:00 AM,28-Jun-2025 04:00 PM ,90.0,No ,No,Online,18-Jul-2025 10:00 AM,Public Works Roads Department,Dhakuakhana,787053.0,2.0,"1,98,99,105",MADHAB SAIKIA,"19,899,087",Rejected-AOC,24-Dec-2025,Public Works Roads Department
2024_NHM_40293_1,NHM-32049/14/2023-Cons-NHM,"Construction of BPHU at Birshing Pt-1 RPHC and Fakirganj Model Hospital in Dhubri District under PM ABHIM for the FY 2025-26 under NHM, Assam on Turnkey Basis Group no-1 (2 nos. of Scheme in Dhubri District)","Construction of BPHU at Birshing Pt-1 RPHC and Fakirganj Model Hospital in Dhubri District under PM ABHIM for the FY 2025-26 under NHM, Assam on Turnkey Basis Group no-1 (2 nos. of Scheme in Dhubri District)",Works,Open Tender,Turn-key,Civil Works - Building,No,No,NA ,11-Nov-2024 06:30 PM,NA ,180.0,No ,No,Online,27-Nov-2024 03:30 PM,National Health Mission||State Programme Management Unit - NHM,Dhubri,783301.0,2.0,"1,00,00,000",ANISUR RAHMAN,"8,380,000.01",Accepted-AOC,03-Dec-2025,National Health Mission||State Programme Management Unit - NHM
2025_GMDA_48300_1,GMDA/DEV/50/2025/3,"Waterbody development at 10th APBn, Kahilipara","Waterbody development at 10th APBn,Kahilipara",Works,Open Tender,Item Rate,Civil Works,No,No,NA ,30-Oct-2025 03:00 PM,NA ,180.0,No ,No,Online,20-Nov-2025 03:00 PM,Guwahati Metropolitan Development Authority||Guwahati Development Department - GMDA,Kahilipara,781019.0,2.0,"7,19,68,770",Bhaba Kanta Nath,"71,855,054",Rejected-AOC,12-Dec-2025,Guwahati Metropolitan Development Authority||Guwahati Development Department - GMDA
2025_PCCF_47030_1,B/WAWL/TENDER/CSS-PT/2025/1684,"REPAIR AND EXTENSION OF KALAMATI RANGE OFFICE AND RENOVATION OF 8 STAFF QUARTERS AT RANGE CAMPUS, KALAMATI","Repair and Extension of Kalamati Range Office and Renovation of 8 Staff Quarters at Range Campus, Kalamati under CSS-Project Tiger scheme under Western Assam Wildlife Division, Dolabari, Tezpur.",Works,Open Tender,Works,Civil Works,No,No,NA ,28-Aug-2025 09:00 AM,04-Sep-2025 11:30 AM ,120.0,No ,No,Online,24-Sep-2025 03:30 PM,Pr. Chief Conservator of Forest and Head of Forest Force||Principal Chief Conservator of Forests(Wildlife and Ch. Wildlife Warden)||Western Assam Wildlife Division,"Kalmati Range, Kalamati",784506.0,2.0,"28,00,000",Axom Infratech and project PVT.LTD,"2,520,000",Rejected-Finance,04-Dec-2025,Pr. Chief Conservator of Forest and Head of Forest Force||Principal Chief Conservator of Forests(Wildlife and Ch. Wildlife Warden)||Western Assam Wildlife Division
2024_PWBNH_37306_1,BB/Bd/30kld/DPP/64/202324/2676,Establishment of 30 KLD Dairy Processing Plant at Galia Bhabanipur in Pathsala Bajali Assam on Engineering Procurement and Construction EPC mode,Establishment of 30 KLD Dairy Processing Plant at Galia Bhabanipur in Pathsala Bajali Assam on Engineering Procurement and Construction EPC mode,Works,Open Tender,Item Wise,Civil Works - Building,No,No,NA ,15-Mar-2024 03:00 PM,03-Apr-2024 05:00 PM ,180.0,No ,No,Online,20-Apr-2024 03:00 PM,Public Works Building and NH Department||Chief Engineer-Building - PWBNH,"Galia, Bhabanipur",781352.0,2.0,"3,88,64,900",FILLPACK TECHNOLOGY,"38,595,000",Rejected-Finance,29-Dec-2025,Public Works Building and NH Department||Chief Engineer-Building - PWBNH
2025_PWD_45820_9,CE/STBR/SOPD-G/NIT/07/2025 26/1 Dated 26-06-2025,STBR/SOPD-G/Sribhumi -02/122 Reconstruction of Lalpool to Thamua Road under SOPD-G for the year 2025-26,STBR/SOPD-G/Sribhumi -02/122 Reconstruction of Lalpool to Thamua Road under SOPD-G for the year 2025-26,Works,Open Tender,Item Rate,Civil Works – Roads,No,No,NA ,22-Jul-2025 12:00 PM,30-Jul-2025 11:00 AM ,180.0,No ,No,Online,11-Aug-2025 11:00 AM,Public Works Roads Department,Sribhumi,788701.0,2.0,"1,24,00,000",KABIR AHMED,"12,397,000",Accepted-AOC,11-Dec-2025,Public Works Roads Department
2025_PWD_47635_1,SOPD(G)CDTRD/MAHMORA/2025-26/4,SOPD(G)CDTRD/MAHMORA/2025-26/4,"Construction of Hatimuria Nepali Gaon from Ch.0.00mto Ch.1850.00m,LENGTH1850.00m under SOPD-G for the year 2025-26 in PWRD Charaideo District Territorial Road Division, Sonari. (Mahmora LAC). Package No. SOPD(G)/CDTRD/MAHMORA/2025-26/04",Works,Open Tender,Item Rate,Civil Works – Roads,No,No,NA ,22-Sep-2025 02:00 PM,03-Oct-2025 01:00 PM ,180.0,No ,No,Online,08-Oct-2025 02:00 PM,Public Works Roads Department,MAHMORA LAC,785690.0,2.0,,BISWAJIT DAS,"2,465,993",Rejected-Finance,04-Dec-2025,Public Works Roads Department
2025_DHUA_48285_1,GUCL/AUKH/93/24/16,Beautification of ASEB Rd Rupnagar Rd Kali Mandir Rd and RK Mission prioritising Pedestrian Infrastructure and Enhancing Safety,Beautification of ASEB Rd Rupnagar Rd Kali Mandir Rd and RK Mission prioritising Pedestrian Infrastructure and Enhancing Safety,Works,Open Tender,Works,Civil Works - Others,No,No,NA ,29-Oct-2025 03:00 PM,NA ,180.0,No ,No,Online,21-Nov-2025 02:00 PM,Department of Housing and Urban Affairs||Guwahati Utilities Company Limited,guwahati,781016.0,2.0,"7,06,42,041",Global Enterprise,"62,871,417.5",Rejected-Technical,03-Dec-2025,Department of Housing and Urban Affairs||Guwahati Utilities Company Limited
2025_UDD_47355_1,SMGR(NCAP).12/2025-26/ 2328 dtd 06-09-2025,"Improvement of Golden Park Lane, End -to -End paving of roads along with Road side Plantation Ward no-14, Silchar Municipal Corporation under (NCAP) 2024-2025.","Improvement of Golden Park Lane, End -to -End paving of roads along with Road side Plantation Ward no-14, Silchar Municipal Corporation under (NCAP) 2024-2025.",Works,Open Tender,Works,Civil Works,No,No,NA ,08-Sep-2025 12:00 PM,15-Sep-2025 12:00 PM ,60.0,No ,No,Online,18-Sep-2025 11:00 AM,Urban Development Department||Directorate of Municipality Administration - UDD||Silchar Municipal Board,Silchar Municipal Corporation,788001.0,2.0,"65,00,000",DILIP DAS,"6,500,000",Accepted-AOC,06-Dec-2025,Urban Development Department||Directorate of Municipality Administration - UDD||Silchar Municipal Board
2025_ID_48451_1,"01(SOPD-G)2025-26, Dated 06/11/2025",FABRICATION AND SUPPLY OF SOLAR POWERED CART MOUNTED MULTIFUNCTIONAL IRRIGATION SCHEME _2 H_P__ WITH TWO NOS OF MANUAL BORING,"Fabrication, Supply and Installation of Mobile Cart, Supply and Installation of Solar Panels and Surface 2 HP BL DC Pumpset along with Hybrid Controller, Pipes and Accessories, IoT based Monitoring System, Manual Boring and Distribution System",Works,Open Tender,Item Rate,Civil Works - Others,No,No,NA ,07-Nov-2025 02:00 PM,20-Nov-2025 11:00 AM ,180.0,No ,No,Online,28-Nov-2025 03:00 PM,Irrigation Department||Chief Engineer(Major)-Irrigation Dept||Mangaldoi Circle||Mangaldoi Dalgaon Sipajhar Division,Mangaldai,784125.0,2.0,"21,69,394",A D CONSTRUCTION,"390,490.92",Accepted-AOC,10-Jan-2026,Irrigation Department||Chief Engineer(Major)-Irrigation Dept||Mangaldoi Circle||Mangaldoi Dalgaon Sipajhar Division
2024_HFWD_38767_1,537141/4767 Diagnostic Kits 2024,Different type of Diagnostic Kits.,Tender for supply of Different type of Diagnostic Kits.,Goods,Open Tender,Item Rate,Medicines,No,No,NA ,03-Sep-2024 11:55 AM,10-Sep-2024 03:00 PM ,180.0,No ,No,Online,09-Oct-2024 04:00 PM,Health and Family Welfare Department||Assam Medical Services Corporation Limited,AMSCL,781026.0,2.0,"16,00,00,000",Abbott Diagnostics Medical Pvt. Ltd.,100.0,Accepted-AOC,29-Dec-2025,Health and Family Welfare Department||Assam Medical Services Corporation Limited
2025_KAAC_46383_1,ACEH/CS/SSA/03/2025-26/NSL36,Construction of 50 bedded hostel separately for boys and girls at Bagori High School under the scheme Dharti Aaba Janjatiya Gram Utkarsh Abhiyan,Construction of 50 bedded hostel separately for boys and girls at Bagori High School under the scheme Dharti Aaba Janjatiya Gram Utkarsh Abhiyan,Works,Open Tender,Item Rate,Civil Works - Building,No,No,NA ,18-Aug-2025 11:00 AM,NA ,180.0,No ,No,Online,30-Aug-2025 11:00 AM,Karbi Anglong Autonomous Council||PWD||Addl. Chief Engineer Diphu,Rongmongwe,782461.0,2.0,"3,78,75,000",golden traders,"37,858,695.23",Rejected-AOC,31-Dec-2025,Karbi Anglong Autonomous Council||PWD||Addl. Chief Engineer Diphu
2025_UDD_46230_1,TM/PWD/SWM/2024-25/26/493,Supply of 6 Nos. Box Type Tippers at Tezpur Municipal Board,Supply of 6 Nos. Box Type Tippers at Tezpur Municipal Board,Goods,Open Tender,Supply,Vehicles/Vehicle Spares,No,No,NA ,07-Aug-2025 03:30 PM,NA ,30.0,No ,No,Online,28-Aug-2025 03:00 PM,Urban Development Department||Directorate of Municipality Administration - UDD||Tezpur Municipal Board,"Chairman/Executive Officer, Tezpur Municipal Board",784001.0,2.0,0.0,Allied Engineering Developers,"6,912,000",Rejected-AOC,24-Dec-2025,Urban Development Department||Directorate of Municipality Administration - UDD||Tezpur Municipal Board
2025_ID_48966_1,JC(I)/Tech/E-Tender/2025/93 Date 03/12/2025,"Proposal of Cost-Estimate and Concept Note for Feasibility Study and Preparation of Preliminary Project Report (PPR) for Mega Irrigation Project in Titabar Area Under Titabar LAC, Jorhat District, Assam","Proposal of Cost-Estimate and Concept Note for Feasibility Study and Preparation of Preliminary Project Report (PPR) for Mega Irrigation Project in Titabar Area Under Titabar LAC, Jorhat District, Assam",Services,Limited,Item Rate,Consultancy,No,No,NA ,03-Dec-2025 06:00 PM,NA ,180.0,No ,No,Online,18-Dec-2025 10:00 AM,Irrigation Department||Chief Engineer(Major)-Irrigation Dept||Jorhat Circle,Titabor,785630.0,2.0,"79,65,000",GarudaUAV Soft Solutions Pvt Ltd,"5,400,000",Accepted-AOC,30-Dec-2025,Irrigation Department||Chief Engineer(Major)-Irrigation Dept||Jorhat Circle
2025_PWD_47608_1,CE/MAINT/SOPDG/01/2025-26/27,MAINT/SOPD-G/2025-26/151,"MAINT/SOPD-G/2025-26/151_Improvement of SPT Bridge _ i_ Repair to SPT Bridge No. 1/1 on Bhehuwa Sisapeeth Road, ii_ Repair to SPT Bridge No. 1/1 on Ghilabari Khalifapara Road and iii_ Repair to SPT Bridge No. 1/1 on Neuldoba Kahibari Road) under SOP",Works,Open Tender,Item Rate,Civil Works – Roads,No,No,NA ,19-Sep-2025 04:00 PM,22-Sep-2025 12:00 PM ,180.0,No ,No,Online,13-Oct-2025 04:00 PM,Public Works Roads Department,Kamrup Rural,781123.0,2.0,"47,00,000",M.S. J.M.Enterprise,"4,699,719",Accepted-AOC,18-Dec-2025,Public Works Roads Department
2025_PCCF_48410_1,B/153/Tender/2025-26/1244 dated 04.11.2025,Construction of Wireless Control Room with Store Room inside Orang National Park,Construction of Wireless Control Room with Store Room inside Orang National Park under CSS-PTE 2025-26,Works,Open Tender,Percentage,Civil Works,No,No,NA ,05-Nov-2025 10:00 AM,NA ,120.0,No ,No,Online,27-Nov-2025 11:00 AM,"Pr. Chief Conservator of Forest and Head of Forest Force||Principal Chief Conservator of Forests(Wildlife and Ch. Wildlife Warden)||Mangaldai Wildlife Division, Darrang","Orang National Park, Silbori, Darrang, Assam",784114.0,2.0,"35,16,411",Airsense,"3,164,769.9",Rejected-AOC,12-Dec-2025,"Pr. Chief Conservator of Forest and Head of Forest Force||Principal Chief Conservator of Forests(Wildlife and Ch. Wildlife Warden)||Mangaldai Wildlife Division, Darrang"
2025_PWD_45827_73,CE/MAINT/SOPDG/01/2025-26/02,MAINT/SOPD-G/2025-26/126,"MAINT/SOPD-G/2025-26/126_1_Reconstruction of Road from Lela to Majakhali, 2_Reconstruction of Road from Dudhnoi Babupara PMGSY Road to Khelaram Mandir Road, 3_Reconstruction of Road from Dudhnoi Girls High School to NH_17 to Udaypur Road and 4_Recons",Works,Open Tender,Item Rate,Civil Works – Roads,No,No,NA ,24-Jul-2025 09:00 AM,24-Jul-2025 12:00 PM ,180.0,No ,No,Online,14-Aug-2025 11:00 AM,Public Works Roads Department,Goalpara,783101.0,2.0,"99,74,000",GOLAP CH. DEKA,"9,970,000",Accepted-AOC,24-Dec-2025,Public Works Roads Department
2025_PWD_45117_1,TB/268/DNTRD/2025-26/482/5,Construction of road from Batomari Tiniali to Chiring Gaon from Ch. 0 M to Ch. 1670 M by Cell Filled Concrete Technology under SDMF for the year 2024-25 in Lakhimpur District.,Construction of road from Batomari Tiniali to Chiring Gaon from Ch. 0 M to Ch. 1670 M by Cell Filled Concrete Technology under SDMF for the year 2024-25 in Lakhimpur District.,Works,Open Tender,Works,Civil Works – Roads,No,No,NA ,27-Jun-2025 10:00 AM,NA ,90.0,No ,No,Online,18-Jul-2025 10:00 AM,Public Works Roads Department,Dhakuakhana,787053.0,2.0,"1,98,21,430",Bharat Borah,"19,821,199",Rejected-AOC,24-Dec-2025,Public Works Roads Department
2024_PWRDW_37627_2,CE/EAP/ARRBP/1/TENDERS/2024/51,Construction of Bridge in Sivasagar district i) Br. No. 1/1 on Laguabari to Chiguadubi connecting Road,CE/EAP/ARRBP/OCB/Bridge-1/Sivasagar/10B Construction of Bridge in Sivasagar district i) Br. No. 1/1 on Laguabari to Chiguadubi connecting Road,Works,Open Tender,Item Rate,Civil Works,No,No,NA ,15-Jun-2024 01:00 PM,20-Jun-2024 11:00 AM ,90.0,No ,No,Online,05-Jul-2024 02:30 PM,Public Works Roads Department-Externally Aided Project||Public Works Road Department- World Bank Funded Tenders||Assam State Bridge Infrastructure Program,Sivasagar,785640.0,2.0,"3,47,29,000",Sri Rintu Borgohain,"36,465,450",Accepted-AOC,10-Dec-2025,Public Works Roads Department-Externally Aided Project||Public Works Road Department- World Bank Funded Tenders||Assam State Bridge Infrastructure Program
2025_UDD_48688_1,TBM286/2025-26/4548,"Establishment of Waste to Compost Plant and Material Recovery Facility at Teok MB, Teok.","Establishment of Waste to Compost Plant and Material Recovery Facility at Teok MB, Teok.",Works,Open Tender,Works,Civil Works,No,No,NA ,19-Nov-2025 04:30 PM,25-Nov-2025 02:00 PM ,180.0,No ,No,Online,10-Dec-2025 11:30 AM,Urban Development Department||Directorate of Municipality Administration - UDD||Teok Municipal Board,Teok Municipal Board,785112.0,2.0,"5,34,000",Radiant Engineering Company,"534,000",Accepted-AOC,16-Dec-2025,Urban Development Department||Directorate of Municipality Administration - UDD||Teok Municipal Board
2025_PWBNH_47384_4,CE/TB-III/(H_E)/21/2024/6 Dated 19/085/2025,"Construction of 50 bedded Critical Care Hospital Block (CCB) at Bongaigaon Civil Hospital at Medical College campus, Bongaigaon district under PM-ABHIM","Construction of 50 bedded Critical Care Hospital Block (CCB) at Bongaigaon Civil Hospital at Medical College campus, Bongaigaon district under PM-ABHIM",Works,Open Tender,Item Rate,Civil Works - Building,No,No,NA ,10-Sep-2025 02:00 PM,15-Sep-2025 11:30 AM ,180.0,No ,No,Online,10-Oct-2025 03:30 PM,Public Works Building and NH Department||Chief Engineer-Building - PWBNH,Bongaigaon,783380.0,2.0,"19,03,54,642",M/S O P GARODIA,"200,204,440",Accepted-AOC,17-Dec-2025,Public Works Building and NH Department||Chief Engineer-Building - PWBNH
2025_PWD_45827_72,CE/MAINT/SOPDG/01/2025-26/02,MAINT/SOPD-G/2025-26/125,"MAINT/SOPD-G/2025-26/125_1_Reconstruction of Road from DN Train Crossing Bangalpara to Chechapani Road, 2_Reconstruction of Road from SH_46 Dudhnoi College Road to Sialmari Road and 3_Reconstruction of Road from NH_17 Daranggiri to Dinanda Santi Ashr",Works,Open Tender,Item Rate,Civil Works – Roads,No,No,NA ,24-Jul-2025 09:00 AM,24-Jul-2025 12:00 PM ,180.0,No ,No,Online,14-Aug-2025 11:00 AM,Public Works Roads Department,Goalpara,783101.0,2.0,"1,03,00,000",Dhaneswar Kalita,"10,300,000",Rejected-Finance,29-Dec-2025,Public Works Roads Department
2025_GMDA_48320_1,GMDA/DEV/51/2025/3,"Development of Sponge Park at Rupnagar, Guwahati","Development of Sponge Park at Rupnagar, Guwahati",Works,Open Tender,Item Rate,Composite Works,No,No,NA ,31-Oct-2025 03:00 PM,NA ,180.0,No ,No,Online,21-Nov-2025 03:00 PM,Guwahati Metropolitan Development Authority||Guwahati Development Department - GMDA,Rupnagar,781032.0,2.0,"8,54,68,228",Bhaba Kanta Nath,"85,348,900",Rejected-AOC,16-Dec-2025,Guwahati Metropolitan Development Authority||Guwahati Development Department - GMDA
2025_GMDA_48365_1,GMDA/DEV/53/2025/02,"CONSULTANCY SERVICE FOR PUBLIC PLAZA CUM COMMERCIAL SPACE AT JAGIROAD, ASSAM","CONSULTANCY SERVICE FOR PUBLIC PLAZA CUM COMMERCIAL SPACE AT JAGIROAD, ASSAM",Services,Open Tender,Lump-sum,Consultancy,No,No,NA ,03-Nov-2025 12:00 PM,NA ,120.0,No ,No,Online,21-Nov-2025 03:00 PM,Guwahati Metropolitan Development Authority||Guwahati Development Department - GMDA,jagiroad,782410.0,2.0,"14,95,00,000",Creators Architects,"6,000,000",Accepted-AOC,16-Dec-2025,Guwahati Metropolitan Development Authority||Guwahati Development Department - GMDA
2025_SEEDE_47369_1,GS02/ASU/MTC/037,Lot 2- Equipment for Supervisory Control and Data Acquisition (SCADA) Lab,Lot 2- Equipment for Supervisory Control and Data Acquisition (SCADA) Lab,Goods,Open Tender,Item Rate,Laboratory and scientific equipment,No,No,NA ,09-Sep-2025 02:00 PM,16-Sep-2025 12:00 PM ,150.0,No ,No,Online,09-Oct-2025 03:00 PM,Skill Employment and Entrepreneurship Department- Externally Aided Project||Assam Skill University Project- ADB Funded Tenders,ASU Campus,784125.0,1.0,,ANSHUMAN Tech Pvt. Ltd.,"25,048,635",Accepted-AOC,26-Dec-2025,Skill Employment and Entrepreneurship Department- Externally Aided Project||Assam Skill University Project- ADB Funded Tenders
2025_PCCF_48409_1,B/153/Tender/2025-26/1242 dated 04.11.2025,Construction of 3x4x4 RCC Box Culvert near Bontapu area inside Orang National Park,Construction of 3x4x4 RCC Box Culvert near Bontapu area inside Orang National Park under CSS-PT 2025-26,Works,Open Tender,Percentage,Civil Works,No,No,NA ,05-Nov-2025 10:00 AM,NA ,120.0,No ,No,Online,27-Nov-2025 11:00 AM,"Pr. Chief Conservator of Forest and Head of Forest Force||Principal Chief Conservator of Forests(Wildlife and Ch. Wildlife Warden)||Mangaldai Wildlife Division, Darrang","Orang National Park, Silbori, Darrang, Assam",784114.0,2.0,"38,14,000",ASADULLAH,"3,432,600",Rejected-Technical,15-Dec-2025,"Pr. Chief Conservator of Forest and Head of Forest Force||Principal Chief Conservator of Forests(Wildlife and Ch. Wildlife Warden)||Mangaldai Wildlife Division, Darrang"
2025_PWD_45554_11,CE/STBR/09/NIT/RIDF-XXXI/2025 26/1 Dated 24-06-2025,"STBR/RIDF-XXXI/DALGAON-02/11 Construction of R.C.C Bridge No. 1/1 on Kunakatapara to Islampur Road under Mukhya Mantrir Unnata Paki Path Nirman Achani (MMUPPNA) under RIDF-XXXI of NABARD for the year 2025-26 in Mangaldai, Dalgaon and Sipajhar Terri","STBR/RIDF-XXXI/DALGAON-02/11 Construction of R.C.C Bridge No. 1/1 on Kunakatapara to Islampur Road under Mukhya Mantrir Unnata Paki Path Nirman Achani (MMUPPNA) under RIDF-XXXI of NABARD for the year 2025-26 in Mangaldai, Dalgaon and Sipajhar Terri",Works,Open Tender,Item Rate,Civil Works – Roads,No,No,NA ,14-Jul-2025 04:00 PM,17-Jul-2025 11:00 AM ,180.0,No ,No,Online,01-Aug-2025 11:00 AM,Public Works Roads Department,Dalgaon,784116.0,2.0,"1,76,12,000",NIRMAL PATHAK,"17,612,000",Rejected-AOC,15-Dec-2025,Public Works Roads Department
2025_PWBNH_46145_1,I/1182275/2025 dtd. 30/07/2025,"Construction of Swami Vivekananda Mini Stadium Complex at Katigorah LAC, Cachar District","Construction of Swami Vivekananda Mini Stadium Complex at Katigorah LAC, Cachar District",Works,Open Tender,Item Rate,Civil Works - Building,No,No,NA ,04-Aug-2025 06:30 PM,07-Aug-2025 01:00 PM ,180.0,No ,No,Online,26-Aug-2025 02:30 PM,Public Works Building and NH Department||Chief Engineer-Building - PWBNH,Cachar,788001.0,2.0,"10,03,56,135",Ratnadeep Das Purakayastha,"109,388,000",Accepted-AOC,05-Dec-2025,Public Works Building and NH Department||Chief Engineer-Building - PWBNH
2025_SEEDE_46479_1,GS02/ASU/MTC/031,Equipment for Electrical Energy Management Lab,Equipment for Electrical Energy Management Lab,Goods,Open Tender,Item Rate,Electronics Equipment,No,No,NA ,16-Aug-2025 10:00 AM,22-Aug-2025 11:30 AM ,150.0,No ,No,Online,16-Sep-2025 03:00 PM,Skill Employment and Entrepreneurship Department- Externally Aided Project||Assam Skill University Project- ADB Funded Tenders,ASU Campus,784125.0,1.0,,ANSHUMAN Tech Pvt. Ltd.,"28,288,671",Rejected-Finance,10-Dec-2025,Skill Employment and Entrepreneurship Department- Externally Aided Project||Assam Skill University Project- ADB Funded Tenders
2025_CD_46607_1,HF/ENGG-3626/24-25/184,"Construction of A-Type 40 bedded Girls Hostel under PM-USHA at Barpeta Bongaigaon College, in Barpeta district, Assam","Construction of A-Type 40 bedded Girls Hostel under PM-USHA at Barpeta Bongaigaon College, in Barpeta district, Assam",Works,Open Tender,Item Rate,Civil Works,No,No,NA ,18-Aug-2025 11:15 AM,20-Aug-2025 12:00 PM ,180.0,No ,No,Online,03-Sep-2025 11:00 AM,Cooperation Department||Assam State Co-operative Housing Federation Ltd.(HOUSEFED),"Langla, Barpeta",781319.0,2.0,"91,38,035",SD Enterprise,"9,715,373",Accepted-AOC,04-Dec-2025,Cooperation Department||Assam State Co-operative Housing Federation Ltd.(HOUSEFED)
2025_DHUA_45924_1,CE/H and UA/Tech/17/PT-III/25-26/02,"Construction of Clock Tower at Palla Road, Nalbari, Assam under UIDF for the 2024-25","Construction of Clock Tower at Palla Road, Nalbari, Assam under UIDF for the 2024-25",Works,Open Tender,Item Rate,Civil Works,No,No,NA ,25-Jul-2025 03:00 PM,NA ,180.0,No ,No,Online,12-Aug-2025 03:00 PM,Department of Housing and Urban Affairs||Chief Engineer Technical Cell,Nalbari,781369.0,2.0,"32,83,900",Sri Anjan Deka,"3,283,500",Accepted-AOC,12-Dec-2025,Department of Housing and Urban Affairs||Chief Engineer Technical Cell
2025_WPTBC_45469_1,PTDC/Engg/2024-25/377,"Administrative Approval for an amount of Rs. 24,83,291.00 only for Upgradation of Floor/Walls and proposed of protection wall at Dhemaji Engineering college, Dhemaji under SOPD-ODS during the year 2023-24","Administrative Approval for an amount of Rs. 24,83,291.00 only for Upgradation of Floor/Walls and proposed of protection wall at Dhemaji Engineering college, Dhemaji under SOPD-ODS during the year 2023-24",Works,Open Tender,Item Rate,Civil Works,No,No,NA ,22-Jul-2025 02:35 PM,NA ,120.0,No ,No,Online,05-Aug-2025 03:00 PM,Welfare of Plain Tribes and Backward Classes||Director - WPT and BC,Dhemaji Engineering college,787057.0,2.0,"24,83,291",PRADIP GOGOI,"2,483,285.02",Accepted-AOC,18-Dec-2025,Welfare of Plain Tribes and Backward Classes||Director - WPT and BC
2025_WPTBC_48999_1,PTDC/Engg/2024-25/445,Repair Renovation of District Library Auditorium Hall of Bongaigaon,Repair Renovation of District Library Auditorium Hall of Bongaigaon,Works,Open Tender,Item Rate,Civil Works,No,No,NA ,04-Dec-2025 09:00 AM,05-Dec-2025 11:00 AM ,180.0,No ,No,Online,18-Dec-2025 03:00 PM,Welfare of Plain Tribes and Backward Classes||Director - WPT and BC,Bongaigaon,783381.0,2.0,"1,26,46,338",DHARAMSING NARZARY,"12,263,334.69",Rejected-AOC,29-Dec-2025,Welfare of Plain Tribes and Backward Classes||Director - WPT and BC
2025_UDD_48198_1,LMB.363/15th FC/Tied/2025-26/392,Construction of Clock Tower at Bypass Road Fulertal Near Rabindranath Tagore Statute Lakhipur Cachar Assam,Construction of Clock Tower at Bypass Road Fulertal Near Rabindranath Tagore Statute Lakhipur Cachar Assam under 15th FC Untied grants for the year 2022- 2023- during 2023-24,Works,Open Tender,Works,Civil Works,No,No,NA ,22-Oct-2025 03:30 PM,NA ,180.0,No ,No,Online,13-Nov-2025 01:10 PM,Urban Development Department||Directorate of Municipality Administration - UDD||Lakhipur Municipal Board,LAKHIPUR CACHAR ASSAM,788103.0,2.0,"29,23,000",SRI RAJAT GHOSH,"2,923,000",Rejected-AOC,17-Dec-2025,Urban Development Department||Directorate of Municipality Administration - UDD||Lakhipur Municipal Board
2024_PWRDW_37599_10,RFB No. CEEAPARRBP02TENDERS2024/1,Construction of Bridge in Goalpara district i. Br. No. 1/1 on Chandmari to kokira Garopara ME school,CE/EAP/ARRBP/OCB/Bridge-1/Goalpara/09 Construction of Bridge in Goalpara district i. Br. No. 1/1 on Chandmari to kokira Garopara ME school,Works,Open Tender,Item Rate,Civil Works,No,No,NA ,14-Jun-2024 05:00 PM,28-Jun-2024 11:00 AM ,90.0,No ,No,Online,15-Jul-2024 02:30 PM,Public Works Roads Department-Externally Aided Project||Public Works Road Department- World Bank Funded Tenders||Assam State Bridge Infrastructure Program,Goalpara,783101.0,2.0,"1,81,13,000",SYED MUSADDIK ALI,"18,648,877",Rejected-Technical,30-Dec-2025,Public Works Roads Department-Externally Aided Project||Public Works Road Department- World Bank Funded Tenders||Assam State Bridge Infrastructure Program
2025_UDD_48087_1,GMB 15th FC 24/2024/324,Construction of drinking water and Public Toilet facility and construction of Parking shed at Dumping ground under the award of 15th FC 1st installment tied grant for the year 2022-2023 during the year 2023-2024 at Ward no 1 of Gohpur Municipal Board,Construction of Drinking water and Public Toilet facility and construction of parking shed at Dumping ground,Works,Open Tender,Works,Civil Works,No,No,NA ,17-Oct-2025 02:00 PM,29-Oct-2025 02:00 PM ,45.0,No ,No,Online,11-Nov-2025 02:00 PM,Urban Development Department||Directorate of Municipality Administration - UDD||Gohpur Municipal Board,"AT WARD NO.1 DUMPING GROUND,GOHPUR",784168.0,2.0,"26,70,000",BIBILIKHAN MUCHAHARY,"2,670,000",Rejected-Finance,18-Dec-2025,Urban Development Department||Directorate of Municipality Administration - UDD||Gohpur Municipal Board
2025_PWBNH_46246_1,"CE/TB-VI/T/RIDF-XXX/47/2025/15 Dated Guwahati the, 5th Aug 2025","Construction of 126 Secondary Schools in 35 Districts of Assam under RIDF-XXX (2024-25) for (i)Karara Higher Secondary School, Karara under North Kamrup TBD (Gr-18B)","Construction of 126 Secondary Schools in 35 Districts of Assam under RIDF-XXX (2024-25) for (i)Karara Higher Secondary School, Karara under North Kamrup TBD (Gr-18B)",Works,Open Tender,Item Rate,Civil Works - Building,No,No,NA ,08-Aug-2025 09:00 AM,11-Aug-2025 11:30 AM ,180.0,No ,No,Online,18-Aug-2025 03:00 PM,Public Works Building and NH Department||Chief Engineer-Building - PWBNH,North Kamrup,781381.0,2.0,"7,21,85,000",POOJA ASSOCIATES(CONTRACT DIVN),"73,961,250",Accepted-AOC,03-Dec-2025,Public Works Building and NH Department||Chief Engineer-Building - PWBNH
2025_APDCL_45489_1,APDCL/CGMRE/Jonai/TRLine/PKG_E,"Electrification of the Lamajan Domoruguri village of Jonai under N. Lakhimpur El. Circle, APDCL (PKG-E)","Construction of 11 KV single circuit line with 132 KV, D6 type tower for crossing over tributaries of Brahmaputra River as a part of extension of existing 11 KV feeder for electrification of the Lamajan Domoruguri village of Jonai under N. Lakhimpur",Works,Open Tender,Turn-key,Electrical Works,No,No,NA ,10-Jul-2025 03:00 PM,14-Jul-2025 12:00 PM ,180.0,No ,No,Online,29-Jul-2025 12:00 PM,Assam Power Distribution Company Ltd||CGM(Rural Electrification) - APDCL,Jonai,787060.0,2.0,"3,01,06,599",GANAPATI ENTERPRISE,"29,045,637.46",Accepted-AOC,10-Dec-2025,Assam Power Distribution Company Ltd||CGM(Rural Electrification) - APDCL
2025_ICD_46217_1,DNPL/COMP/AUG./2024/170/121 dated 06-08-2025,"Selection of consultant to carry out a Comprehensive Study for Installation of New Gas Compressor Packages for DNPL at Madhuban, Duliajan, Dist- Dibrugarh, Assam","Selection of consultant to carry out a Comprehensive Study for Installation of New Gas Compressor Packages for DNPL at Madhuban, Duliajan, Dist- Dibrugarh, Assam",Services,Open Tender,Lump-sum,Consultancy,No,No,NA ,07-Aug-2025 11:30 AM,NA ,180.0,No ,No,Online,11-Sep-2025 02:00 PM,Industries and Commerce Department||DNP Limited,Duliajan,786602.0,2.0,,PIPELINE ENGINEERING CONSULTANTS PRIVATE LIMITED,"2,250,000",Accepted-AOC,03-Dec-2025,Industries and Commerce Department||DNP Limited
2025_PWBNH_43952_1,CE/TB-III/77/2023/13 dtd.01.04.2025,"Construction of proposed 40 nos. of Paying Cabin Blocks at FAAMCH, Barpeta","Construction of proposed 40 nos. of Paying Cabin Blocks at FAAMCH, Barpeta",Works,Open Tender,Item Rate,Civil Works - Building,No,No,NA ,03-Apr-2025 12:00 PM,10-Apr-2025 11:00 AM ,180.0,No ,No,Online,09-May-2025 03:00 PM,Public Works Building and NH Department||Chief Engineer-Building - PWBNH,Barpeta,781301.0,2.0,"19,24,56,629",GANPATI CONSTRUCTION COMPANY,"177,501,000",Rejected-Technical,31-Dec-2025,Public Works Building and NH Department||Chief Engineer-Building - PWBNH
2025_GMDA_43886_1,GMDA/DEV/107/2023/18,"Development of Community Hall at Amiya Nagar, Chandmari, Guwahati 03","Development of Community Hall at Amiya Nagar, Chandmari, Guwahati 03",Works,Open Tender,Item Rate,Civil Works,No,No,NA ,01-Apr-2025 04:30 PM,05-Apr-2025 02:30 PM ,180.0,No ,No,Online,22-Apr-2025 03:00 PM,Guwahati Metropolitan Development Authority||Guwahati Development Department - GMDA,Guwahati,781003.0,2.0,"22,86,440",BIJIT HAZARIKA,"2,239,538",Accepted-AOC,20-Dec-2025,Guwahati Metropolitan Development Authority||Guwahati Development Department - GMDA
2025_ID_46051_3,NIT/TCI/3/2025/507,Installation of 4 no.s of MDTW Scheme under Naduar LAC under SOPD-G for the year 2025-26,Installation of 4 no.s of MDTW Scheme under Naduar LAC under SOPD-G for the year 2025-26,Works,Open Tender,Percentage,Civil Works,No,No,NA ,01-Aug-2025 10:00 AM,NA ,180.0,No ,No,Online,22-Aug-2025 03:00 PM,Irrigation Department||Chief Engineer(Major)-Irrigation Dept||Tezpur Circle,Sootea,784175.0,2.0,"1,16,34,000",MADHURJYA BORAH,"11,518,850",Accepted-AOC,09-Dec-2025,Irrigation Department||Chief Engineer(Major)-Irrigation Dept||Tezpur Circle
2025_PCCF_46523_1,FS/Tender/SOPD/2025-26,"Construction of Western side (back side) with razor wire fencing about 750 meters with 2 watch tower. at Assam Forest Protection Force, Basistha, Guwahati-29","Construction of Western side (back side) with razor wire fencing about 750 meters with 2 watch tower. at Assam Forest Protection Force, Basistha, Guwahati-29",Works,Open Tender,Percentage,Civil Works,No,No,NA ,14-Aug-2025 05:30 PM,21-Aug-2025 01:00 PM ,180.0,No ,No,Online,08-Sep-2025 05:30 PM,Pr. Chief Conservator of Forest and Head of Forest Force||1st Assam Forest Protection Force,"Basistha, Guwahati",781029.0,2.0,"20,00,000",JAYANTA DUTTA,"1,999,800",Rejected-Finance,24-Dec-2025,Pr. Chief Conservator of Forest and Head of Forest Force||1st Assam Forest Protection Force
2025_ID_46810_1,EE/IRRI/BN/TB 33E/2021-22/181Dt.21/08/2025,Installation of 5 (Five) Points of Shallow Tube Well Irrigation Scheme at Nalbari LAC under SOPD-G for the year 2025-26,Installation of 5 (Five) Points of Shallow Tube Well Irrigation Scheme at Nalbari LAC under SOPD-G for the year 2025-26,Works,Open Tender,Item Rate,Civil Works,No,No,NA ,22-Aug-2025 10:00 AM,NA ,180.0,No ,No,Online,11-Sep-2025 03:00 PM,Irrigation Department||Chief Engineer(Major)-Irrigation Dept||Nalbari Circle,Nalbari,781334.0,2.0,"33,39,930",SRI ANJAN JYOTI DEKA,"3,005,937",Rejected-Technical,16-Dec-2025,Irrigation Department||Chief Engineer(Major)-Irrigation Dept||Nalbari Circle
2025_PWD_47608_2,CE/MAINT/SOPDG/01/2025-26/27,MAINT/SOPD-G/2025-26/152,"MAINT/SOPD-G/2025-26/152_Repair of i_SPT Bridge No. 1/1 on Pijupara Chenimara Bidyanagar Path Road, ii_ SPT Bridge No. 1/1 on Malibari Bamunbari Road, iii_ SPT Bridge No. 1/1 on Dolagaon Koibartyapara Road, iv_ SPT Bridge No. 1/1 on Pukhuripara Patha",Works,Open Tender,Item Rate,Civil Works – Roads,No,No,NA ,19-Sep-2025 04:00 PM,22-Sep-2025 12:00 PM ,180.0,No ,No,Online,13-Oct-2025 04:00 PM,Public Works Roads Department,Kamrup Rural,781123.0,2.0,"91,00,000",M.S. J.M.Enterprise,"9,099,855",Rejected-Finance,18-Dec-2025,Public Works Roads Department
2025_PWD_45827_64,CE/MAINT/SOPDG/01/2025-26/02,MAINT/SOPD-G/2025-26/73,MAINT/SOPD-G/2025-26/73_1Reconstruction of SPT BrNo 1/1 on Barpeta Dangarkuchi road and 2Reconstruction of SPT Br No 1/1 at Deuri kuchi Bhalukamari road under SOPDG for the year 202526,Works,Open Tender,Item Rate,Civil Works – Roads,No,No,NA ,24-Jul-2025 09:00 AM,24-Jul-2025 12:00 PM ,180.0,No ,No,Online,14-Aug-2025 11:00 AM,Public Works Roads Department,Barpeta,781301.0,2.0,"63,31,000",M/S Royal Smart Construction,"6,330,000",Rejected-Finance,24-Dec-2025,Public Works Roads Department
2025_ICD_43180_1,DNPL/PC/2025/55KM/SW/56/06,STATION WORKS,STATION WORKS,Services,Open Tender,Works,Supply/Erection/Commissioning Services,No,No,NA ,28-Feb-2025 04:00 PM,05-Mar-2025 11:00 AM ,180.0,No ,No,Online,02-Apr-2025 11:00 AM,Industries and Commerce Department||DNP Limited,Duliajan,786602.0,2.0,,OVAL PROJECTS ENGINEERING PRIVATE LIMITED,"8,127,553.5",Rejected-Technical,03-Dec-2025,Industries and Commerce Department||DNP Limited
2025_PHED_47917_1,SEPH/TEZ/TC-196/2025-26/ 926-932 Dated 08/10/2025,"Utility Shifting of Silghagari Pipe Water Supply Scheme under SOPD for the year 2025-26 under Tezpur Division No-I, Tezpur, Sonitpur","Utility Shifting of Silghagari Pipe Water Supply Scheme under SOPD for the year 2025-26 under Tezpur Division No-I, Tezpur, Sonitpur",Works,Open Tender,Item Rate,Civil Works - Water Works,No,No,NA ,10-Oct-2025 10:00 AM,16-Oct-2025 11:00 AM ,90.0,No ,No,Online,29-Oct-2025 02:00 PM,Public Health Engineering Department||Chief Engineer PHE(P)-Assam-PHED||North Assam Zone-Tezpur-PHED||Tezpur Circle-Tezpur-PHED,"silghagari gaon , sonitpur",784105.0,2.0,"21,68,945",M/S N.A CONSTRUCTION,"1,952,050",Accepted-AOC,16-Dec-2025,Public Health Engineering Department||Chief Engineer PHE(P)-Assam-PHED||North Assam Zone-Tezpur-PHED||Tezpur Circle-Tezpur-PHED
2025_DU_47382_1,DU/PC/TQ/187/2484,"Repairing and Renovation of Chemistry and Assamese Department, D.U. (Civil, Sanitary and Water Supply and Electrification Works)","Repairing and Renovation of Chemistry and Assamese Department, D.U. (Civil, Sanitary and Water Supply and Electrification Works)",Works,Open Tender,Works,Civil Works,No,No,NA ,09-Sep-2025 02:00 PM,NA ,45.0,No ,No,Online,08-Oct-2025 10:00 AM,Dibrugarh University,Dibrugarh University,786004.0,2.0,"1,24,43,627",M/S HORIZON ENTERPRISE,"11,199,264.3",Not Admitted-Finance,22-Dec-2025,Dibrugarh University
2024_ED_39042_1,KA/EX-338/2023-24/165,GRANT OF IMFL OFF SHOP AT MANJA TOWN (URBAN) KA12,GRANT OF IMFL OFF SHOP AT MANJA TOWN (URBAN) KA12,Services,Open Tender,Item Wise,Miscellaneous Services,No,No,NA ,20-Sep-2024 10:00 AM,NA ,180.0,No ,No,Online,23-Oct-2024 12:00 PM,Excise Department||Commissioner of Excise - ED||O/o SE-Karbi-Anglong- Diphu - ED,"MANJA TOWN (URBAN) KA12, KARBI ANGLONG",782460.0,2.0,,Rupuhi Teronpi,"333,333",Accepted-AOC,22-Dec-2025,Excise Department||Commissioner of Excise - ED||O/o SE-Karbi-Anglong- Diphu - ED
2025_ID_48416_1,JC(I)/Tech/E-Tender/2025/92 Dated 04/11/2025,Proposal of Cost Estimate and Concept Note for Feasibility Study and Preparation Of Preliminary Project Report (PPR) For Mega Irrigation Project In Titabar Area Under Titabar LAC Jorhat District Assam,Proposal of Cost Estimate and Concept Note for Feasibility Study and Preparation Of Preliminary Project Report (PPR) For Mega Irrigation Project In Titabar Area Under Titabar LAC Jorhat District Assam,Services,Open Tender,EOI,Consultancy,No,No,NA ,04-Nov-2025 06:00 PM,NA ,180.0,No ,No,Online,26-Nov-2025 11:00 AM,Irrigation Department||Chief Engineer(Major)-Irrigation Dept||Jorhat Circle,Titabor,785630.0,1.0,"79,65,000",GarudaUAV Soft Solutions Pvt Ltd,0.0,Accepted-AOC,03-Dec-2025,Irrigation Department||Chief Engineer(Major)-Irrigation Dept||Jorhat Circle
2025_CD_48024_1,WAMUL/NPDD/RFB/25-26/Milk-Cans,Supply of Milk Cans 40 Ltr Capacity (SS) under NPDD Project-GOI,Supply of Milk Cans 40 Liters (SS) for WAMUL and EAMUL,Goods,Open Tender,Supply,Supply of Materials,No,No,Not Applicable ,14-Oct-2025 05:55 PM,NA ,120.0,No ,No,Online,04-Nov-2025 02:30 PM,Cooperation Department||The west Assam Milk Producers Cooperative Union Limited,Guwahati and Jorhat,781037.0,2.0,,Krishna Defence and Allied Industries Ltd,"9,659,254.5",Rejected-AOC,17-Dec-2025,Cooperation Department||The west Assam Milk Producers Cooperative Union Limited
2024_PWD_40982_2,No. CE/DEV/TB/45/2024-25/29 Dated 06-12-2024,"MMUPPNA_RIDF_XXX_24_25_96 Improvement of Ladonasa to MV road (Ch. 5500.00m to Ch 6500.00m, Ch 8500.00m to Ch 11600.00m) L 4.10 Km Under Mukhya Mantrir Unnoto Pakipath Nirman Aachani (MMUPPNA) under RIDF-XXX of NABARD for the year 2024-25","MMUPPNA_RIDF_XXX_24_25_96 Improvement of Ladonasa to MV road (Ch. 5500.00m to Ch 6500.00m, Ch 8500.00m to Ch 11600.00m) L 4.10 Km Under Mukhya Mantrir Unnoto Pakipath Nirman Aachani (MMUPPNA) under RIDF-XXX of NABARD for the year 2024-25",Works,Open Tender,Item Rate,Civil Works – Roads,No,No,NA ,09-Dec-2024 04:00 PM,NA ,180.0,No ,No,Online,18-Dec-2024 02:30 PM,Public Works Roads Department,Golaghat,785621.0,2.0,"4,50,79,000",M/S. M.P. AGARWALLA,"45,078,879",Rejected-Finance,19-Dec-2025,Public Works Roads Department
2025_UDD_46232_1,TM/PWD/SWM/2024-25/26/491,Supply of 4 Nos. of 5.0 Cum Dumpers at Tezpur Municipal Board,Supply of 4 Nos. of 5.0 Cum Dumpers at Tezpur Municipal Board,Goods,Open Tender,Supply,Vehicles/Vehicle Spares,No,No,NA ,07-Aug-2025 04:00 PM,NA ,30.0,No ,No,Online,28-Aug-2025 03:00 PM,Urban Development Department||Directorate of Municipality Administration - UDD||Tezpur Municipal Board,"Chairman/Executive Officer, Tezpur Municipal Board",784001.0,2.0,0.0,Allied Engineering Developers,"8,310,400.16",Accepted-AOC,24-Dec-2025,Urban Development Department||Directorate of Municipality Administration - UDD||Tezpur Municipal Board
2024_GMC_38840_17,GER/CE/2430/2024/8 Dated 03/09/2024,Drain near Mora Bhorolu sluice gate.,Drain near Mora Bhorolu sluice gate.,Works,Open Tender,Lump-sum,Civil Works,No,No,NA ,05-Sep-2024 03:00 PM,NA ,180.0,No ,No,Online,09-Oct-2024 03:00 PM,Guwahati Municipal Corporation,GUWAHATI,781006.0,2.0,"27,75,000",DIPAK SARMA,"2,336,272.5",Rejected-Technical,19-Dec-2025,Guwahati Municipal Corporation
2025_PWBNH_46998_1,"SE/NBC/DTO/HJI, dated 28.08.2025",Additional work inside the newly completed office campus of DTO office/Secretary RTA at Hojai.,Additional work inside the newly completed office campus of DTO office/Secretary RTA at Hojai.,Works,Open Tender,Item Wise,Civil Works - Building,No,No,NA ,28-Aug-2025 12:00 PM,30-Aug-2025 12:00 PM ,180.0,No ,No,Online,18-Sep-2025 02:30 PM,Public Works Building and NH Department||Chief Engineer-Building - PWBNH,"DTO Office, Hojai",782442.0,2.0,"65,99,281",M/S R.B. Construction,"6,599,000",Accepted-AOC,05-Dec-2025,Public Works Building and NH Department||Chief Engineer-Building - PWBNH
2022_NHM_27273_1,11021/16/2022-MH-NHM/36,TO MAINTAIN AND OPERATE MOBILE MEDICAL UNITS OPERATION,TO MAINTAIN AND OPERATE MOBILE MEDICAL UNITS OPERATION,Services,Open Tender,Works,Miscellaneous Services,No,No,NA ,03-Oct-2022 09:00 AM,10-Oct-2022 04:00 PM ,90.0,No ,No,Online,06-Dec-2022 04:00 PM,National Health Mission||State Programme Management Unit - NHM,34 district in the state,781005.0,2.0,"5,00,00,000",COMMUNITY ACTION THROUGH MOTIVATION PROGRAMME CAMP,"525,915,000",Accepted-AOC,16-Dec-2025,National Health Mission||State Programme Management Unit - NHM
2025_BTC_48584_1,No.ACE-31/EDN/IFB/2025-26/15,"Construction of 50 bedded hostel separately for boys and girls at PM Tulshibil H.S. School, Kokrajhar. TN_61_2","Construction of 50 bedded hostel separately for boys and girls at PM Tulshibil H.S. School, Kokrajhar. TN_61_2",Works,Open Tender,Item Rate,Civil Works - Building,No,No,NA ,13-Nov-2025 11:00 AM,NA ,180.0,No ,No,Online,05-Dec-2025 02:00 PM,Bodoland Territorial Council-PWD||Director Cum CHD - PWD BTC,kokrajhar,783370.0,2.0,"3,82,67,142",Kemendra Kr Brahma,"38,265,000",Rejected-AOC,26-Dec-2025,Bodoland Territorial Council-PWD||Director Cum CHD - PWD BTC
2025_BoTC_45625_1,DOE/BTC/SSA/DAJGUA/Hostel/01,Construction of 50 bedded hostel separately for boys and girls under the scheme Dharti Aaba Janjatiya Gram Utkarsh Abhiyan at BASHBARI HIGH SCHOOL in Kokrajhar District,Construction of 50 bedded hostel separately for boys and girls under the scheme Dharti Aaba Janjatiya Gram Utkarsh Abhiyan at BASHBARI HIGH SCHOOL in Kokrajhar District,Works,Open Tender,Works,Civil Works,No,No,NA ,16-Jul-2025 09:00 AM,NA ,180.0,No ,No,Online,12-Aug-2025 03:00 PM,Bodoland Territorial Council||Education-BTC,BTR,783370.0,2.0,"3,59,88,860",Birkhw Basumatary,"36,744,404.28",Rejected-AOC,09-Dec-2025,Bodoland Territorial Council||Education-BTC
