Tender ID,tender_externalreference,tender_title,Work Description,Tender Category,Tender Type,Form of contract,Product Category,Is Multi Currency Allowed For BOQ,Allow Two Stage Bidding,Independent External Monitor/Remarks,Published Date,Pre Bid Meeting Date,Bid Validity(Days),Should Allow NDA Tender,Allow Preferential Bidder,Payment Mode,Bid Opening Date,Organisation Chain,location,Pincode,No of Bids Received,Tender Value in ₹,Bidder Name,Awarded Value,Status,Contract Date :,Department
2025_PWD_44508_1,CE/CW/04/2025-26_H.BorgohainRd,"Improvement and Renovation of Homen Borgohain Road (S.H. -03) (From Ch. 0.00 Km (Narengi Tiniali) to Ch. 17.60 Km(Gobardhan Chariali) and link road at Dalbari, Satgaon under SOPD(G) for the year 2024-25","Improvement and Renovation of Homen Borgohain Road (S.H. -03) (From Ch. 0.00 Km (Narengi Tiniali) to Ch. 17.60 Km(Gobardhan Chariali) and link road at Dalbari, Satgaon under SOPD(G) for the year 2024-25",Works,Open Tender,Item Rate,Civil Works – Roads,No,No,NA ,24-May-2025 09:00 AM,NA ,180.0,No ,No,Online,06-Jun-2025 02:30 PM,Public Works Roads Department,Guwahati,781006.0,2.0,"49,36,39,500",HIGH-TECH ECOGREEN CONTRACTORS LLP,"493,639,474",Accepted-AOC,07-Nov-2025,Public Works Roads Department
2025_BoTC_45629_1,DOE/BTC/SSA/DAJGUA/Hostel/01,Construction of 50 bedded hostel separately for boys and girls under the scheme Dharti Aaba Janjatiya Gram Utkarsh Abhiyan at SIMBARGAON HIGHER SECONDARY SCHOOL in Kokrajhar District,Construction of 50 bedded hostel separately for boys and girls under the scheme Dharti Aaba Janjatiya Gram Utkarsh Abhiyan at SIMBARGAON HIGHER SECONDARY SCHOOL in Kokrajhar District,Works,Open Tender,Works,Civil Works,No,No,NA ,16-Jul-2025 09:00 AM,NA ,180.0,No ,No,Online,12-Aug-2025 03:00 PM,Bodoland Territorial Council||Education-BTC,BTR,783370.0,2.0,"3,59,88,860",MANNAT ENTERPRISE,"37,140,566.71",Rejected-AOC,10-Nov-2025,Bodoland Territorial Council||Education-BTC
2025_UDD_44479_1,smb/690/2048-53,CONSTRUCTION OF COVERED DRAIN AT KHIJNOOR ALI ROAD LEFT SIDE FROM THE JUNCTION OFBABUPATTY ROAD UP TO J.P. AGARWALLA ROAD AT WARD NO- 5 OF SIVASAGAR MUNICIPAL BOARD UNDER15TH FC,CONSTRUCTION OF COVERED DRAIN AT KHIJNOOR ALI ROAD LEFT SIDE FROM THE JUNCTION OFBABUPATTY ROAD UP TO J.P. AGARWALLA ROAD AT WARD NO- 5 OF SIVASAGAR MUNICIPAL BOARD UNDER15TH FC,Works,Open Tender,Works,Civil Works,No,No,NA ,23-May-2025 02:00 PM,NA ,180.0,No ,No,Online,10-Jun-2025 03:00 PM,Urban Development Department||Directorate of Municipality Administration - UDD||Sibsagar Municipal Board,OFFICE OF THE SIBSAGAR MUNICIPAL BOARD,785640.0,2.0,"56,79,301",HITESH DUTTA,"5,111,370.9",Accepted-AOC,15-Nov-2025,Urban Development Department||Directorate of Municipality Administration - UDD||Sibsagar Municipal Board
2025_PHED_47867_1,SEPHE/GC/TB-152/Vol-31/25-26,RECONSTRUCTION OF DISTRIBUTION PIPE LINES OF DIFFERENT DIA FROM TOP HILL STATION OF GMC WSS TO REGIONAL COLLEGE OF NURSING and ITS PERIPHERY UNDER WATER WORKS SUB DIVISION,RECONSTRUCTION OF DISTRIBUTION PIPE LINES OF DIFFERENT DIA FROM TOP HILL STATION OF GMC WSS TO REGIONAL COLLEGE OF NURSING and ITS PERIPHERY UNDER WATER WORKS SUB DIVISION UNDER GUWAHATI DIVISION NO II UNDER SOPD-G THE YEAR 2024-25,Works,Open Tender,Item Rate,Civil Works,No,No,NA ,07-Oct-2025 04:00 PM,14-Oct-2025 02:00 PM ,180.0,No ,No,Online,30-Oct-2025 03:00 PM,Public Health Engineering Department||Chief Engineer PHE(P)-Assam-PHED||Lower Assam Zone-Guwahati-PHED||Guwahati Circle-Guwahati-PHED,TV Tower on Narakasur Hill,781003.0,2.0,"58,04,000",Sri Mriganka Das,"5,801,163",Rejected-Technical,10-Nov-2025,Public Health Engineering Department||Chief Engineer PHE(P)-Assam-PHED||Lower Assam Zone-Guwahati-PHED||Guwahati Circle-Guwahati-PHED
2025_PCCF_48296_1,APFBC/Ph-II/RWAB/2025/397/32,"UPGRADATION OF ARANYA BHAWAN, PANJABARI, GUWAHATI","UPGRADATION OF ARANYA BHAWAN, PANJABARI, GUWAHATI",Works,Open Tender,Works,Civil Works,No,No,NA ,30-Oct-2025 10:00 AM,NA ,120.0,No ,No,Online,06-Nov-2025 03:00 PM,Pr. Chief Conservator of Forest and Head of Forest Force||Assam Project on Forest and Biodiversity Conservation Society (APFBC),"Panjabari, Guwahati",781037.0,2.0,,Sri Krishna Barman,"17,399,800",Rejected-Technical,19-Nov-2025,Pr. Chief Conservator of Forest and Head of Forest Force||Assam Project on Forest and Biodiversity Conservation Society (APFBC)
2025_WPTBC_46281_1,PTDC/Engg/2024-25/383(B),"Construction of ITI Boys/ Girls Hostel including furnitures for 10 Nos. under Article 275(1) of the Constitution of India during the year 2024-25 (ITI, Kazigaon, Parbatjhora, Kokrajhar)","Construction of ITI Boys/ Girls Hostel including furnitures for 10 Nos. under Article 275(1) of the Constitution of India during the year 2024-25 (ITI, Kazigaon, Parbatjhora, Kokrajhar)",Works,Open Tender,Item Rate,Civil Works,No,No,NA ,11-Aug-2025 01:30 PM,11-Aug-2025 03:00 PM ,120.0,No ,No,Online,25-Aug-2025 03:00 PM,Welfare of Plain Tribes and Backward Classes||Director - WPT and BC,"ITI, Kazigaon, Parbatjhora, Kokrajhar",783334.0,2.0,"2,00,00,000",M/S P.D. ENTERPRISE,"199,990,756.18",Rejected-Technical,03-Nov-2025,Welfare of Plain Tribes and Backward Classes||Director - WPT and BC
2025_UDD_46492_1,TMB(Tech)15th FC/(Untied Grant)/1177(67C),Construction of RCC Drain at Matri Nagar Main Road (Left),Construction of RCC Drain at Matri Nagar Main Road (Left),Works,Open Tender,Works,Civil Works,No,No,NA ,14-Aug-2025 02:00 PM,NA ,180.0,No ,No,Online,08-Sep-2025 11:00 AM,Urban Development Department||Directorate of Municipality Administration - UDD||Tinsukia Municipal Board,Tinsukia,786125.0,2.0,"21,54,000",Maverick Enterprise,"1,938,600",Rejected-Finance,17-Oct-2025,Urban Development Department||Directorate of Municipality Administration - UDD||Tinsukia Municipal Board
2025_PWBNH_46890_1,CE/TB-IV(H_E)/39/2025/56 Dated Guwahati the 16th August 2025,"Balance work for construction of proposed ITI under MSDP at Kathpara under Laokhowa Mouza in Nagaon district, Assam","Balance work for construction of proposed ITI under MSDP at Kathpara under Laokhowa Mouza in Nagaon district, Assam",Works,Open Tender,Item Rate,Civil Works - Building,No,No,NA ,23-Aug-2025 05:00 PM,26-Aug-2025 11:00 AM ,180.0,No ,No,Online,01-Sep-2025 03:00 PM,Public Works Building and NH Department||Chief Engineer-Building - PWBNH,Nagaon,782001.0,2.0,"2,00,81,232",SHAH NIZAMUDDIN AHMED,"20,061,150",Rejected-AOC,11-Nov-2025,Public Works Building and NH Department||Chief Engineer-Building - PWBNH
2024_FCS_36901_1,FCS53 2 2024 FCS LKPR 212376 08 03 24,NFSA Transportation 2 tier for the year 2024-25 Lakhimpur District,NFSA Transportation 2 tier for the year 2024-25 Lakhimpur District,Services,Open Tender,Works,Miscellaneous Services,No,No,NA ,08-Mar-2024 05:50 PM,11-Mar-2024 11:00 AM ,365.0,No ,No,Online,30-Mar-2024 11:00 AM,Food Civil Supplies and Consumer Affairs Department||Directorate of Food Civil Supplies and Consumer Affairs||Office of the FCS and CA Lakhimpur,Lakhimpur,787001.0,2.0,"7,00,00,000",Dibrumukh Rice and Flour Mills Pvt. Ltd.,"70,000,000",Rejected-Finance,21-Nov-2025,Food Civil Supplies and Consumer Affairs Department||Directorate of Food Civil Supplies and Consumer Affairs||Office of the FCS and CA Lakhimpur
2025_ICD_46082_1,NRL/DNPL/12/80/PT-II/44 Dated 25/07/2025,"Selection of an Experienced Operation and Maintenance Contractor for DNPL Gas Compressor Station at Madhuban, Duliajan, Assam for a Contract Duration of 02 years","Selection of an Experienced Operation and Maintenance Contractor for DNPL Gas Compressor Station at Madhuban, Duliajan, Assam for a Contract Duration of 02 years",Services,Open Tender,Works,Manpower Supply,No,No,NA ,01-Aug-2025 10:30 AM,NA ,180.0,No ,No,Online,06-Sep-2025 02:00 PM,Industries and Commerce Department||DNP Limited,Duliajan,786602.0,2.0,,KIRLOSKAR PNEUMATIC COMPANY LIMITED,"83,640,000",Rejected-Technical,01-Dec-2025,Industries and Commerce Department||DNP Limited
2025_PWBNH_45568_1,T/TB-I/56/2023/19 dtd. 11/07/2025,"Proposed Chilarai District Stadium, Bongaigaon, Assam","Proposed Chilarai District Stadium, Bongaigaon, Assam",Works,Open Tender,Item Rate,Civil Works - Building,No,No,NA ,14-Jul-2025 05:30 PM,17-Jul-2025 01:00 PM ,180.0,No ,No,Online,06-Aug-2025 02:30 PM,Public Works Building and NH Department||Chief Engineer-Building - PWBNH,Bongaigaon,783380.0,2.0,"42,85,18,000",J C Infra corporation Limited,"446,872,226",Rejected-AOC,04-Nov-2025,Public Works Building and NH Department||Chief Engineer-Building - PWBNH
2024_PWD_39143_55,"CE/DEV/TB/213/2024-25/01 Dtd. Guwahati, 05th September, 2024","TE_RIDF_XXX_24_25_52 Improvement of 1. Christanbasti to Pathar Gaon road, 2. Rachiline to Doom Pathar Road, 3. Rachiline LP School road, 4. New Line Opp. Lahowal College, 5. Banglaguri Line- 1, 6. Banglaguri Line-2, 7. Gorabagan Bye lane of Muttuk TE","TE_RIDF_XXX_24_25_52 Improvement of 1. Christanbasti to Pathar Gaon road, 2. Rachiline to Doom Pathar Road, 3. Rachiline LP School road, 4. New Line Opp. Lahowal College, 5. Banglaguri Line- 1, 6. Banglaguri Line-2, 7. Gorabagan Bye lane of Muttuk TE",Works,Open Tender,Item Rate,Civil Works – Roads,No,No,NA ,25-Sep-2024 02:00 PM,30-Sep-2024 12:00 PM ,180.0,No ,No,Online,09-Oct-2024 02:30 PM,Public Works Roads Department,Dibrugarh,786001.0,2.0,"1,00,00,000",Ujjal Baruah,"10,000,000",Rejected-Finance,15-Nov-2025,Public Works Roads Department
2025_BTC_46175_1,No.22/PWD/Infra/BTC/25-26/22,"Const. of Lakhiram Tudu Bhawan at Srirampur Market Bazar, Srirampur in Kokrajhar District. TN_36_05","Const. of Lakhiram Tudu Bhawan at Srirampur Market Bazar, Srirampur in Kokrajhar District. TN_36_05",Works,Open Tender,Item Rate,Civil Works - Building,No,No,NA ,07-Aug-2025 10:30 AM,NA ,180.0,No ,No,Online,21-Aug-2025 02:00 PM,Bodoland Territorial Council-PWD||Director Cum CHD - PWD BTC,Kokrajhar,783370.0,2.0,"99,78,000",M/S. K.L. INFRATECH,"9,976,000",Rejected-AOC,04-Nov-2025,Bodoland Territorial Council-PWD||Director Cum CHD - PWD BTC
2025_PWD_44244_1,Hatigaon Main Road_Gr-II,Hatigaon Main road- Gr-II,"Re-const of Drain Cum Footh path, Cross Culvert etc on Hatigaon Main Rd, Basisthapur Byelane 1 via LNB,Bishnujyoti path,Sijubari charali towards Basistha river under SOPD(G) for Fld Mit of Hatigaon Area for 2024-25. Rd-1000 m, Drain -1050 m, Gr-II",Works,Open Tender,Item Rate,Civil Works – Roads,No,No,NA ,09-May-2025 03:00 PM,NA ,180.0,No ,No,Online,22-May-2025 02:30 PM,Public Works Roads Department,Guwahati,781005.0,2.0,"7,78,13,300",SARAIGHAT ENGINEERS,"77,813,291",Rejected-AOC,04-Nov-2025,Public Works Roads Department
2025_ID_47361_3,1 (SOPD-G) 2025-26 Date_07.09.2025,"Renovation of L.I.S (Medium) from River Buridehing in Khowang Area under SOPD-G for the year 2025-26 under Khowang Tingkhong Division(I),Moran Package_3","Renovation of L.I.S (Medium) from River Buridehing in Khowang Area under SOPD-G for the year 2025-26 under Khowang Tingkhong Division(I),Moran Package_3",Works,Open Tender,Item Rate,Civil Works,No,No,NA ,08-Sep-2025 06:00 PM,15-Sep-2025 02:00 PM ,180.0,No ,No,Online,04-Oct-2025 03:00 PM,Irrigation Department||Chief Engineer(Major)-Irrigation Dept,Dibrugarh,786001.0,2.0,"2,47,48,358",JIBAN GOGOI,"24,748,358",Accepted-AOC,27-Nov-2025,Irrigation Department||Chief Engineer(Major)-Irrigation Dept
2025_ICD_44373_1,431593/4234,"Development of Industrial Estate, Maizgram","Development of new Industrial Estate at Maizgram, Sribhumi",Works,Open Tender,Item Rate,Civil Works,No,No,NA ,20-May-2025 11:45 AM,NA ,180.0,No ,No,Online,03-Jun-2025 02:00 PM,Industries and Commerce Department||Assam Industrial Development Corporation Ltd - ICD,"Maizgram, Sribhumi",788711.0,2.0,"9,09,53,349",M/s Rolling Stone Enterprise,"76,652,509.93",Rejected-AOC,03-Nov-2025,Industries and Commerce Department||Assam Industrial Development Corporation Ltd - ICD
2025_ID_44316_1,04 _SDMF_ 2025_26 Dated_15_05_2025,Supply and Installation of Solar Powered Mobile Lift Irrigation Scheme _3 H.P_ 50 nos_ under SDMF for the year 2023-24 to be implemented by Boko Chaygaon Division Irrigation Boko,Supply and Installation of Solar Powered Mobile Lift Irrigation Scheme _3 H.P_ 50 nos_ under SDMF for the year 2023-24 to be implemented by Boko Chaygaon Division Irrigation Boko,Works,Open Tender,Item Rate,Civil Works,No,No,NA ,16-May-2025 06:00 PM,26-May-2025 02:00 PM ,180.0,No ,No,Online,13-Jun-2025 03:00 PM,Irrigation Department||Chief Engineer(Major)-Irrigation Dept,Chaygaon,781124.0,2.0,"4,05,00,800",MANNAN AKHTER AHMED,"27,702,566",Accepted-AOC,08-Nov-2025,Irrigation Department||Chief Engineer(Major)-Irrigation Dept
2025_CD_47885_1,HF/ENGG-3656/25-26/87,"Construction of R.C.C G plus 1 Girls Hostel (32 bedded) under PM-USHA at B.H College, Howly, in Barpeta district, Assam","Construction of R.C.C G plus 1 Girls Hostel (32 bedded) under PM-USHA at B.H College, Howly, in Barpeta district, Assam",Works,Open Tender,Item Rate,Civil Works,No,No,NA ,08-Oct-2025 02:00 PM,10-Oct-2025 12:00 PM ,180.0,No ,No,Online,28-Oct-2025 11:00 AM,Cooperation Department||Assam State Co-operative Housing Federation Ltd.(HOUSEFED),"Howly, Barpeta",781316.0,2.0,"1,38,29,597",M/s Bhola Drugs and Surgicals,"13,138,117",Rejected-AOC,18-Nov-2025,Cooperation Department||Assam State Co-operative Housing Federation Ltd.(HOUSEFED)
2025_PWBNH_45980_1,CS/76/2025-26/5091,"Interior works at TRIFED Regional Office, Six Mile,Guwahati.","Interior works at TRIFED Regional Office, Six Mile,Guwahati.",Works,Open Tender,Item Rate,Civil Works - Building,No,No,NA ,31-Jul-2025 11:00 AM,04-Aug-2025 12:00 PM ,180.0,No ,No,Online,20-Aug-2025 03:00 PM,Public Works Building and NH Department||Chief Engineer-Building - PWBNH||SE-Guwahati Circle-1 - PWBNH||EE- PCC Division-Dispur - PWBNH,"Six Mile, Guwahati",781022.0,2.0,"37,35,958",MD HAZRAT ALI,"3,969,149",Accepted-AOC,03-Nov-2025,Public Works Building and NH Department||Chief Engineer-Building - PWBNH||SE-Guwahati Circle-1 - PWBNH||EE- PCC Division-Dispur - PWBNH
2025_UDD_46161_1,GMB 7/2019/167,EXPANSION OF SOLID WASTE MANAGEMENT PROJECTS (MATERIAL RECOVERY FACILITY ) UNDER SWACHH BHARAT MISSION(URBAN)2.0 AND UNDER 15th TIED GRANT,SOLID WASTE MANAGEMENT PROJECT,Works,Open Tender,Works,Civil Works,No,No,NA ,05-Aug-2025 04:00 PM,19-Aug-2025 11:00 AM ,180.0,No ,No,Online,06-Sep-2025 02:00 PM,Urban Development Department||Directorate of Municipality Administration - UDD||Gohpur Municipal Board,"SOLID WASTE MANAGEMENT,GOHPUR MB,ASSAM",784168.0,2.0,"1,09,10,803",IMPACT SOLUTIONS,"10,891,157.25",Accepted-AOC,10-Nov-2025,Urban Development Department||Directorate of Municipality Administration - UDD||Gohpur Municipal Board
2025_ID_47361_1,1 (SOPD-G) 2025-26 Date_07.09.2025,Improvement and Renovation of Jamuna FIS under SOPD-G for the year 2025-26 under Hojai Lumding-Binnakandi Division (Irrigation) Hojai Package_1,Improvement and Renovation of Jamuna FIS under SOPD-G for the year 2025-26 under Hojai Lumding-Binnakandi Division (Irrigation) Hojai Package_1,Works,Open Tender,Item Rate,Civil Works,No,No,NA ,08-Sep-2025 06:00 PM,15-Sep-2025 02:00 PM ,180.0,No ,No,Online,04-Oct-2025 03:00 PM,Irrigation Department||Chief Engineer(Major)-Irrigation Dept,Hojai,782435.0,2.0,"4,45,58,449",ABDUL HAMID CHOUDHURY,"44,553,791",Rejected-Finance,26-Nov-2025,Irrigation Department||Chief Engineer(Major)-Irrigation Dept
2025_WPTBC_47387_1,PTDC/Engg/2024-25/386,Erection of Fibre Glass Statue of Purna Narayan Sinha at Tezpur,Erection of Fibre Glass Statue of Purna Narayan Sinha at Tezpur,Works,Open Tender,Item Rate,Civil Works,No,No,NA ,15-Sep-2025 01:30 PM,17-Sep-2025 11:00 AM ,180.0,No ,No,Online,26-Sep-2025 02:00 PM,Welfare of Plain Tribes and Backward Classes||Director - WPT and BC,Tezpur,784001.0,2.0,"20,00,000",M/S U A ENTERPRISE,"20,000,000",Accepted-AOC,20-Nov-2025,Welfare of Plain Tribes and Backward Classes||Director - WPT and BC
2023_PWRDW_34013_5,CE/EAP/ARRBP/111TENDERS2023/96,Construction of Bridges in Bongaigaon district i. Br. No. 3/1 on Manikpur Bashbari Road via Besimari ii. Br. No. 4/1 on Manikpur Bashbari Road via Besimari,CE/EAP/ARRBP/OCB/Bridges-2/Bongaigaon/01 Construction of Bridges in Bongaigaon district i. Br. No. 3/1 on Manikpur Bashbari Road via Besimari ii. Br. No. 4/1 on Manikpur Bashbari Road via Besimari,Works,Open Tender,Item Rate,Civil Works,No,No,NA ,18-Nov-2023 03:00 PM,23-Nov-2023 11:00 AM ,90.0,No ,No,Online,16-Dec-2023 02:30 PM,Public Works Roads Department-Externally Aided Project||Public Works Road Department- World Bank Funded Tenders||Assam State Bridge Infrastructure Program,Bongaigaon,783381.0,2.0,"4,51,71,000",Rudra Kumar Pathak,"47,429,550",Rejected-Technical,23-Nov-2025,Public Works Roads Department-Externally Aided Project||Public Works Road Department- World Bank Funded Tenders||Assam State Bridge Infrastructure Program
2025_WPTBC_46387_1,PTDC/Engg/2024-25/382(D),"Construction of ST Girls Hostel for 10 district of Assam under Article 275(1) of the Constitution of India during the year 2024-25 (Tamulpur Degree College, Baregaon, Tamulpur)","Construction of ST Girls Hostel for 10 district of Assam under Article 275(1) of the Constitution of India during the year 2024-25 (Tamulpur Degree College, Baregaon, Tamulpur)",Works,Open Tender,Item Rate,Civil Works,No,No,NA ,13-Aug-2025 04:45 PM,14-Aug-2025 11:00 AM ,120.0,No ,No,Online,25-Aug-2025 03:00 PM,Welfare of Plain Tribes and Backward Classes||Director - WPT and BC||Assam Plains Tribes Development Corporation Ltd.,"Tamulpur Degree College, Baregaon, Tamulpu",781367.0,2.0,"1,00,00,000",SHIV CONSTRUCTION CO,"10,000,000",Rejected-AOC,01-Nov-2025,Welfare of Plain Tribes and Backward Classes||Director - WPT and BC||Assam Plains Tribes Development Corporation Ltd.
2025_DoIT_47357_1,AEDC/SDC/2025-26/08,Supply and Installation of DC-DR Replication and Retrieval Solution,Supply and Installation of DC-DR Replication and Retrieval Solution,Services,Open Tender,Item Rate,Information Technology,No,No,NA ,08-Sep-2025 01:00 PM,NA ,180.0,No ,No,Online,06-Oct-2025 04:30 PM,Principal Secretary-Department of Information Technology||Assam Electronics Development Corporation Ltd-DoIT,Guwahati,781021.0,2.0,,DIGITAL INTEGRATION,"7,953,908",Rejected-Finance,24-Oct-2025,Principal Secretary-Department of Information Technology||Assam Electronics Development Corporation Ltd-DoIT
2025_UDD_47380_1,NMB/MISC(HML)/24/2022-23/267,NMB/HML/2025-26/01,Installation of High Mast Lights at various location of Nalbari Municipal Area under the scheme of Street Lights to ULBs,Works,Open Tender,Item Rate,Civil Works,No,No,NA ,09-Sep-2025 10:00 AM,NA ,180.0,No ,No,Online,19-Sep-2025 03:00 PM,Urban Development Department||Directorate of Municipality Administration - UDD||Nalbari Municipal Board - UDD,Nalbari,781335.0,2.0,"3,08,99,393",ASSAM SUPPLY SYNDICATE,"30,844,450",Accepted-AOC,06-Nov-2025,Urban Development Department||Directorate of Municipality Administration - UDD||Nalbari Municipal Board - UDD
2025_BTC_45359_1,No. ACE-106/PWD/IFB/PT-I/2023-24,"Const. of Modern Record Room at Baganpara, Khoirabari Revenue Circle. TN_03_5","Const. of Modern Record Room at Baganpara, Khoirabari Revenue Circle. TN_03_5",Works,Open Tender,Item Rate,Civil Works - Building,No,No,NA ,04-Jul-2025 03:00 PM,NA ,180.0,No ,No,Online,24-Jul-2025 02:00 PM,Bodoland Territorial Council-PWD||Director Cum CHD - PWD BTC,Baksa,781327.0,2.0,"49,99,663",NIBOL NARZARY,"4,999,659.93",Rejected-AOC,20-Nov-2025,Bodoland Territorial Council-PWD||Director Cum CHD - PWD BTC
2025_ID_47281_1,JTD(I)/W-578/E-Tender/25-26/17,Installation of Solar Shallow Tube Well Scheme (4 Points) at Teok LAC under SOPD_G for the year 2025_26,Installation of Solar Shallow Tube Well Scheme (4 Points) at Teok LAC under SOPD_G for the year 2025_26,Works,Open Tender,Item Rate,Composite Works,No,No,NA ,04-Sep-2025 06:00 PM,NA ,180.0,No ,No,Online,24-Sep-2025 03:00 PM,Irrigation Department||Chief Engineer(Major)-Irrigation Dept||Jorhat Circle||Jorhat Dergaon Teok Division,Jorhat,785001.0,2.0,"13,35,970",Amritakshya Dutta,"667,680",Rejected-Finance,04-Nov-2025,Irrigation Department||Chief Engineer(Major)-Irrigation Dept||Jorhat Circle||Jorhat Dergaon Teok Division
2025_ID_45236_1,06 (RIDF-XXX) 2025-26 Date_27/06/2025,Construction of Nimagaon FIS under RIDF-XXX (NABARD) for the year 2024-25 under Sidli Division (I) Sidli,Construction of Nimagaon FIS under RIDF-XXX (NABARD) for the year 2024-25 under Sidli Division (I) Sidli,Works,Open Tender,Item Rate,Civil Works,No,No,NA ,30-Jun-2025 10:00 AM,10-Jul-2025 02:00 PM ,180.0,No ,No,Online,23-Jul-2025 03:00 PM,Irrigation Department||Chief Engineer(Major)-Irrigation Dept,Sidli,782273.0,2.0,"2,63,13,051",Dhaneswar Kalita,"23,681,746",Rejected-Finance,28-Nov-2025,Irrigation Department||Chief Engineer(Major)-Irrigation Dept
2025_ID_46021_5,10 (SOPD-G) 2025-26 Dtd_ 28_07_2025,"Installation of 7 Nos. of MDTW I/S (4 Nos. in Bihpuria LAC and 3 nos. in Ranganadi LAC) under SOPD-G for the year 2025-26 under Lakhimpur-Ranganadi-Bihpuria Division(I), North Lakhimpur (Package No.05).","Installation of 7 Nos. of MDTW I/S (4 Nos. in Bihpuria LAC and 3 nos. in Ranganadi LAC) under SOPD-G for the year 2025-26 under Lakhimpur-Ranganadi-Bihpuria Division(I), North Lakhimpur (Package No.05).",Works,Open Tender,Item Rate,Civil Works,No,No,NA ,29-Jul-2025 06:00 PM,08-Aug-2025 02:00 PM ,180.0,No ,No,Online,22-Aug-2025 03:00 PM,Irrigation Department||Chief Engineer(Major)-Irrigation Dept,Bihpuria,784161.0,2.0,"2,01,60,010",Bubul Gogoi,"18,144,009",Accepted-AOC,28-Nov-2025,Irrigation Department||Chief Engineer(Major)-Irrigation Dept
2025_PHED_46303_1,SEPH/GC/TB-152/Vol-XXII/25-26,Utility shifting and repairing of (Water distribution pipeline of PWSS) damaged during PWD road widening for retrofitting of Loch PWSS under Rangia (PHE) Division,Utility shifting and repairing of (Water distribution pipeline of PWSS) damaged during PWD road widening for retrofitting of Loch PWSS under Rangia (PHE) Divisionunder SOPD-G for the year 2025-26,Works,Open Tender,Item Rate,Civil Works,No,No,NA ,12-Aug-2025 04:00 PM,19-Aug-2025 01:00 PM ,90.0,No ,No,Online,10-Sep-2025 03:00 PM,Public Health Engineering Department||Chief Engineer PHE(P)-Assam-PHED||Lower Assam Zone-Guwahati-PHED||Guwahati Circle-Guwahati-PHED,Loch Village,781381.0,2.0,"34,22,382",JAIDUL ISLAM,"3,070,660",Accepted-AOC,04-Nov-2025,Public Health Engineering Department||Chief Engineer PHE(P)-Assam-PHED||Lower Assam Zone-Guwahati-PHED||Guwahati Circle-Guwahati-PHED
2025_APHC_43606_1,APHC/CS/03/2024-25_ CIDAssam,"Construction of Assam Type structure at the Roof top of FPB building, CID, Assam with cubical partition, furniture along with lift facility. Composite Work.","Construction of Assam Type structure at the Roof top of FPB building, CID, Assam with cubical partition, furniture along with lift facility. Composite Work.",Works,Open Tender,Item Rate,Composite Works,No,No,NA ,24-Mar-2025 02:00 PM,NA ,120.0,No ,No,Online,25-Apr-2025 02:30 PM,Assam Police Housing Corporation Ltd,"Ulubari, Guwahati",781007.0,2.0,"1,78,90,047",SUSHANTA KUMAR NAYAK,"15,779,000",Rejected-AOC,23-Jul-2025,Assam Police Housing Corporation Ltd
2025_PWD_43046_1,CE/CW/17/2024-25/Pt-II/12,Storm water drain with RCC cover slab at Pandu Port from Ananda Nagar to river Brahmaputra,Construction of Storm water drain with RCC cover slab at Pandu Port from Ananda Nagar to river Brahmaputra under SOPD-G for the year 2024-25.,Works,Open Tender,Item Rate,Civil Works – Roads,No,No,NA ,21-Feb-2025 04:00 PM,25-Feb-2025 04:00 PM ,180.0,No ,No,Online,28-Feb-2025 02:30 PM,Public Works Roads Department,Guwahati,781012.0,2.0,"7,10,34,000",M/S S.B ENTERPRISE,"71,034,000",Accepted-AOC,15-Nov-2025,Public Works Roads Department
2025_PHED_45781_1,SEPH/GC/TB-152/Vol-X/2025-26,"Construction Of Stone Masonry Protection Guard Wall At Water Treatment Plant Of AIIMS Situated At Rangmahal Hill Top, North Guwahati To Prevent Landslide","Construction Of Stone Masonry Protection Guard Wall At Water Treatment Plant Of AIIMS Situated At Rangmahal Hill Top, North Guwahati To Prevent Landslide",Works,Open Tender,Item Rate,Civil Works,No,No,NA ,19-Jul-2025 04:00 PM,28-Jul-2025 01:00 PM ,90.0,No ,No,Online,12-Aug-2025 03:00 PM,Public Health Engineering Department||Chief Engineer PHE(P)-Assam-PHED||Lower Assam Zone-Guwahati-PHED||Guwahati Circle-Guwahati-PHED,Changsari,781101.0,2.0,"90,53,000",M/S D.K. (ASSAM) ASSOCIATES PVT. LTD.,"9,043,052",Accepted-AOC,10-Nov-2025,Public Health Engineering Department||Chief Engineer PHE(P)-Assam-PHED||Lower Assam Zone-Guwahati-PHED||Guwahati Circle-Guwahati-PHED
2025_WPTBC_47027_1,PTDC/Engg/2024-25/392,"Construction of boundary wall and installation of furniture materials with utensils at Tea Tribes and Adivasi Boys Hostel at D.R. college, Golaghat.","Construction of boundary wall and installation of furniture materials with utensils at Tea Tribes and Adivasi Boys Hostel at D.R. college, Golaghat.",Works,Open Tender,Item Rate,Civil Works,No,No,NA ,27-Aug-2025 04:30 PM,28-Aug-2025 11:00 AM ,180.0,No ,No,Online,04-Sep-2025 03:00 PM,Welfare of Plain Tribes and Backward Classes||Director - WPT and BC,"D.R. college, Golaghat",785621.0,2.0,"30,00,000",KHAGENDRA NATH SARKAR,"3,000,000",Rejected-AOC,03-Nov-2025,Welfare of Plain Tribes and Backward Classes||Director - WPT and BC
2025_KAAC_46372_1,NoACEH/CS/SSA/03/2025-26/SL09,Construction of 50 bedded hostel separately for boys and girls under Dharti Aaba Janjatiya Gram Utkarsh Abhiyan at Phonglokpet High School.,Construction of 50 bedded hostel separately for boys and girls under Dharti Aaba Janjatiya Gram Utkarsh Abhiyan at Phonglokpet High School.,Works,Open Tender,Item Rate,Civil Works - Building,No,No,NA ,18-Aug-2025 11:00 AM,20-Aug-2025 12:00 PM ,180.0,No ,No,Online,30-Aug-2025 11:00 AM,Karbi Anglong Autonomous Council||PWD||Addl. Chief Engineer Diphu,Bokajan,782480.0,2.0,"3,78,75,000",SMT. RINUMA BORDOLOI,"37,874,999.99",Rejected-AOC,14-Nov-2025,Karbi Anglong Autonomous Council||PWD||Addl. Chief Engineer Diphu
2024_PWRDW_41734_1,CEEAPARRBP02TENDERS2024/33,Construction of Bridge in Bajali district i.Br. No. 1/2 on Ghopa to Kaurehagi Road,CE/EAP/ARRBP/OCB/Bridge-1/Bajali/07 Construction of Bridge in Bajali district i.Br. No. 1/2 on Ghopa to Kaurehagi Road,Works,Open Tender,Item Rate,Civil Works,No,No,NA ,27-Dec-2024 06:55 PM,08-Jan-2025 11:00 AM ,90.0,No ,No,Online,24-Jan-2025 06:30 PM,Public Works Roads Department-Externally Aided Project||Public Works Road Department- World Bank Funded Tenders||Assam State Bridge Infrastructure Program,Bajali,781325.0,2.0,"1,19,67,000",Md. Mahsen Ali,"11,051,867.07",Accepted-AOC,21-Nov-2025,Public Works Roads Department-Externally Aided Project||Public Works Road Department- World Bank Funded Tenders||Assam State Bridge Infrastructure Program
2025_UDD_44523_1,NIT.NO.SMB/SBM-U and 15thFC/2025-26/134 dt.26.05.2025,Construction of components of Waste to Compost (W2C) and Material Recovery Facility (MRF) plant under Swachh Bharat Mission (SBM-U 2.0) with 15th FC Tied Grant,Construction of components of Waste to Compost (W2C) and Material Recovery Facility (MRF) plant under Swachh Bharat Mission (SBM-U 2.0) with 15th FC Tied Grant,Works,Open Tender,Works,Civil Works,No,No,NA ,26-May-2025 03:00 PM,NA ,180.0,No ,No,Online,18-Jun-2025 03:00 PM,Urban Development Department||Directorate of Municipality Administration - UDD||Sapatgram Municipal Board,"Sapatgram, Ward No.8",783337.0,2.0,"1,04,01,000",ASHIRWAD CONSTRUCTION,"10,380,832",Accepted-AOC,29-Oct-2025,Urban Development Department||Directorate of Municipality Administration - UDD||Sapatgram Municipal Board
2025_PWBNH_47581_1,W-24/2009-10/Pt-1/5526 Dtd.26-08-2025,Construction of District Emergency Operation Centre DEOC building in Sivasagar District Ground floor with G plus one provision,Construction of District Emergency Operation Centre DEOC building in Sivasagar District Ground floor with G plus one provision,Works,Open Tender,Works,Civil Works - Building,No,No,NA ,18-Sep-2025 05:15 PM,18-Sep-2025 05:15 PM ,150.0,No ,No,Online,03-Oct-2025 02:30 PM,Public Works Building and NH Department||Chief Engineer-Building - PWBNH||SE-Jorhat Circle - PWBNH||EE-Sivsagar Building Division - PWBNH,Sivasagar,785640.0,2.0,"34,99,947",JAYANTA CHETIA,"3,499,947",Accepted-AOC,07-Nov-2025,Public Works Building and NH Department||Chief Engineer-Building - PWBNH||SE-Jorhat Circle - PWBNH||EE-Sivsagar Building Division - PWBNH
2024_PCCF_40593_1,FSET/B/CSS-Project Elephant/2024/3029,Construction of Watch Tower under CSS-Project Elephant Scheme at Kathanibari area under Sadar Beat,Construction of Watch Tower under CSS-Project Elephant Scheme at Kathanibari area under Sadar Beat,Works,Open Tender,Works,Civil Works - Building,No,No,NA ,26-Nov-2024 05:00 PM,30-Nov-2024 11:30 AM ,180.0,No ,No,Online,16-Dec-2024 04:30 PM,"Pr. Chief Conservator of Forest and Head of Forest Force||Chief Conservator of Forests (Upper Assam Zone)||Northern Assam Circle, Tezpur||Sonitpur East Division",Kathanibari under Sadar Beat,784176.0,2.0,"15,00,000",JAGADISH SONOWAL,"1,350,000",Rejected-Finance,01-Apr-2025,"Pr. Chief Conservator of Forest and Head of Forest Force||Chief Conservator of Forests (Upper Assam Zone)||Northern Assam Circle, Tezpur||Sonitpur East Division"
2025_WPTBC_46287_1,PTDC/Engg/2024-25/383(F),Construction of ITI Boys/ Girls Hostel including furnitures for 10 Nos. under Article 275(1) of the Constitution of India during the year 2024-25 (ITI Morigaon),Construction of ITI Boys/ Girls Hostel including furnitures for 10 Nos. under Article 275(1) of the Constitution of India during the year 2024-25 (ITI Morigaon),Works,Open Tender,Item Rate,Civil Works,No,No,NA ,11-Aug-2025 02:45 PM,11-Aug-2025 03:00 PM ,120.0,No ,No,Online,25-Aug-2025 03:00 PM,Welfare of Plain Tribes and Backward Classes||Director - WPT and BC,ITI Morigaon,782105.0,2.0,"2,00,00,000",Biren Deka,"20,000,000",Accepted-AOC,28-Nov-2025,Welfare of Plain Tribes and Backward Classes||Director - WPT and BC
2025_ID_47080_1,BKDI/TB-TR/2/2021-22/08,Installation of 5 Points STW Scheme at Borkhola LAC under SOPD - G for the year 2025-26.,Installation of 5 Points STW Scheme at Borkhola LAC under SOPD - G for the year 2025-26.,Works,Open Tender,Item Rate,Civil Works,No,No,NA ,28-Aug-2025 06:00 PM,NA ,180.0,No ,No,Online,20-Sep-2025 03:00 PM,Irrigation Department||Chief Engineer(Major)-Irrigation Dept||Cachar Karimganj Circle||Borkhola-Katigora Division,"Borkhola, Cachar",788110.0,2.0,"36,42,000",A.J.Enterprise,"655,560",Accepted-AOC,29-Oct-2025,Irrigation Department||Chief Engineer(Major)-Irrigation Dept||Cachar Karimganj Circle||Borkhola-Katigora Division
2025_BTC_45574_1,No.18/ACE/Infra/BTC/25-26/14,District Bodo Sahitya Sabha Gossaigaon in Kokrajhar District. TN_11_03,District Bodo Sahitya Sabha Gossaigaon in Kokrajhar District. TN_11_03,Works,Open Tender,Item Rate,Civil Works - Building,No,No,NA ,16-Jul-2025 10:30 AM,NA ,180.0,No ,No,Online,07-Aug-2025 02:00 PM,Bodoland Territorial Council-PWD||Director Cum CHD - PWD BTC,Kokrajhar,783370.0,2.0,"49,41,722",EMANUEL BASUMATARY,"4,941,000",Rejected-AOC,06-Nov-2025,Bodoland Territorial Council-PWD||Director Cum CHD - PWD BTC
2025_AAU_47738_1,99/DRV/409/3/2025-26/5390,Procurement of Sanger Sequencer and Accessories,Procurement of Sanger Sequencer and Accessories,Goods,Open Tender,Supply,Laboratory and scientific equipment,No,No,NA ,03-Oct-2025 09:30 AM,NA ,180.0,No ,No,Online,24-Oct-2025 03:30 PM,Assam Agricultural University||Directorate of Research ( Veterinary),"AAU, Khanapara, Guwahati",781022.0,2.0,,Biogene Scientific,"7,235,649",Accepted-AOC,17-Nov-2025,Assam Agricultural University||Directorate of Research ( Veterinary)
2025_HFWD_47370_1,MCH/HMS/2025/372/200,"Supply of Equipments/Hand Instruments for Liver Transplant Procedure in GMCH, Guwahati, Assam","Supply of Equipments/Hand Instruments for Liver Transplant Procedure in GMCH, Guwahati, Assam",Goods,Open Tender,Item Wise,Laboratory and scientific equipment,No,No,NA ,09-Sep-2025 05:00 PM,15-Sep-2025 01:00 PM ,365.0,No ,No,Online,09-Oct-2025 04:00 PM,Health and Family Welfare Department||Directorate of Medical Education-HFWD||Guwahati Medical College Hospital-HFWD,"GMCH, Bhangagarh, Guwahati",781032.0,2.0,,Patpro Health Connect Private Limited,"1,989,333.84",Accepted-AOC,28-Nov-2025,Health and Family Welfare Department||Directorate of Medical Education-HFWD||Guwahati Medical College Hospital-HFWD
2023_PWBNH_29544_9,CE/ARC-I/01/2023/4 Dated Guwahati 18th Feb 2023,"Consultancy services for the work Transformation of School in Assam under NESID scheme for i. Rajgarh HS, Dist Dibrugarh","Consultancy services for the work Transformation of School in Assam under NESID scheme for i. Rajgarh HS, Dist Dibrugarh",Works,Open Tender,Item Rate,Civil Works - Building,No,No,NA ,24-Feb-2023 06:00 PM,28-Feb-2023 10:30 AM ,180.0,No ,No,Online,04-Mar-2023 03:00 PM,Public Works Building and NH Department||Chief Engineer-Building - PWBNH,Dibrugarh,786001.0,2.0,"25,41,130",AESTHETIC CREATION,"2,525,000",Rejected-AOC,08-Nov-2025,Public Works Building and NH Department||Chief Engineer-Building - PWBNH
2025_PWBNH_47420_1,EE(B)/CHA T(B)/E/1 of 2025-26,"Construction of District Emergency Operation Centre (DEOC) Building in Charaideo, Jorhat, Karbi Anglong, Dima Hasao, Bajali,West Karbi Anglong and Udalguri District (in Charaideo District)","Construction of District Emergency Operation Centre (DEOC) Building in Charaideo, Jorhat, Karbi Anglong, Dima Hasao, Bajali,West Karbi Anglong and Udalguri District (in Charaideo District)",Works,Open Tender,Item Rate,Civil Works - Building,No,No,NA ,11-Sep-2025 06:00 PM,12-Sep-2025 11:00 AM ,180.0,No ,No,Online,20-Sep-2025 02:30 PM,Public Works Building and NH Department||Chief Engineer-Building - PWBNH,"Sonari, Charaideo District",785690.0,2.0,"35,00,000",RONGMON ENTERPRISE,"3,499,994",Rejected-AOC,10-Nov-2025,Public Works Building and NH Department||Chief Engineer-Building - PWBNH
2025_PWBNH_44412_1,CS/SKTBD/45/2024-25/123 dtd.14.05.2025,"Repairing of Administrative Building at RSRS, CSB, Boko in Kamrup District, Assam.","Repairing of Administrative Building at RSRS, CSB, Boko in Kamrup District, Assam.",Works,Open Tender,Item Rate,Civil Works - Building,No,No,NA ,21-May-2025 03:00 PM,02-Jun-2025 12:00 PM ,180.0,No ,No,Online,09-Jun-2025 02:30 PM,Public Works Building and NH Department||Chief Engineer-Building - PWBNH,"Boko, Kamrup",781123.0,2.0,"23,89,097",Swaraj Infrastructure,"2,972,200",Rejected-AOC,28-Nov-2025,Public Works Building and NH Department||Chief Engineer-Building - PWBNH
2025_PWBNH_47721_1,CE/TB-II(Bldg)/75/2025/03 Dated Guwahati the 9th Sept 2025,"External Development Works at Science City at Tepesia Village, Sonapur Circle, Guwahati (Phase-II)","External Development Works at Science City at Tepesia Village, Sonapur Circle, Guwahati (Phase-II)",Works,Open Tender,Item Rate,Civil Works - Building,No,No,NA ,26-Sep-2025 04:00 PM,04-Oct-2025 11:00 AM ,180.0,No ,No,Online,24-Oct-2025 04:00 PM,Public Works Building and NH Department||Chief Engineer-Building - PWBNH,Sonapur,782402.0,2.0,"44,07,78,616",OM CONSTRUCTION,"481,833,858",Rejected-AOC,27-Nov-2025,Public Works Building and NH Department||Chief Engineer-Building - PWBNH
2025_BTC_45379_1,No.125/NIT/Infra/BTC/22-23/208,"Construction of Auditorium Hall at Gurudev Kalicharan Brahma College, Tipkai, Kokrajhar, Assam. TN_04_16.","Construction of Auditorium Hall at Gurudev Kalicharan Brahma College, Tipkai, Kokrajhar, Assam. TN_04_16.",Works,Open Tender,Item Rate,Civil Works - Building,No,No,NA ,05-Jul-2025 10:30 AM,NA ,180.0,No ,No,Online,29-Jul-2025 02:00 PM,Bodoland Territorial Council-PWD||Director Cum CHD - PWD BTC,Kokrajhar,783370.0,2.0,"89,13,521",EMANUEL BASUMATARY,"8,913,500",Rejected-AOC,06-Nov-2025,Bodoland Territorial Council-PWD||Director Cum CHD - PWD BTC
2025_FCS_47475_1,TSM.07/2025-26/282,NIT FOR SELECTION/APPOINTMENT OF HANDLING AND TRANSPORT CONTRACTOR FOR TRANSPORTATION OF FOOD-GRAINS UNDER NFSA-2013 FOR TINSUKIA DISTRICT FOR THE FINANCIAL YEAR 2025-26,NIT FOR SELECTION/APPOINTMENT OF HANDLING AND TRANSPORT CONTRACTOR FOR TRANSPORTATION OF FOOD-GRAINS UNDER NFSA-2013 FOR TINSUKIA DISTRICT FOR THE FINANCIAL YEAR 2025-26,Services,Open Tender,Item Wise,Shipping/ Transportation/ Vehicle,No,No,NA ,11-Sep-2025 05:00 PM,15-Sep-2025 02:00 PM ,180.0,No ,No,Online,07-Oct-2025 02:30 PM,Food Civil Supplies and Consumer Affairs Department||Directorate of Food Civil Supplies and Consumer Affairs||Office of the FCS and CA Tinsukia,Tinsukia,786125.0,2.0,,AAMAR DUKAN CONSUMERS WELFARE CO-OPERATIVE SOCIETY LIMITED,"33,000,000",Accepted-AOC,21-Oct-2025,Food Civil Supplies and Consumer Affairs Department||Directorate of Food Civil Supplies and Consumer Affairs||Office of the FCS and CA Tinsukia
2025_ID_44336_1,05 _AIBP_ 2025_26 Date_16_05_2025,Balance works of Sukhajani Flow Irrigation Scheme Ph-II under AIBP 2013-14 under Mangaldoi Dalgaon Sipajhar Division Irrigation Pkg_1,Balance works of Sukhajani Flow Irrigation Scheme Ph-II under AIBP 2013-14 under Mangaldoi Dalgaon Sipajhar Division Irrigation Pkg_1,Works,Open Tender,Item Rate,Civil Works,No,No,NA ,17-May-2025 06:00 PM,26-May-2025 02:00 PM ,180.0,No ,No,Online,09-Jun-2025 03:00 PM,Irrigation Department||Chief Engineer(Major)-Irrigation Dept,Mangaldoi,784125.0,2.0,"1,12,47,717",Dulal Ch Deka,"10,122,945",Accepted-AOC,28-Nov-2025,Irrigation Department||Chief Engineer(Major)-Irrigation Dept
2025_BoTC_45732_1,HT/02/2025-26,Supply of frame looms with Jacquard / Dobby accessories,Supply of frame looms with Jacquard / Dobby accessories to individual weavers economic upliftment under SOPD for the year 2025-26,Goods,Open Tender,Supply,Miscellaneous Goods,No,No,NA ,18-Jul-2025 02:00 PM,NA ,180.0,No ,No,Online,05-Aug-2025 03:30 PM,Bodoland Territorial Council||Handloom and Textile-BTC,KOKRAJHAR,783370.0,2.0,"1,35,00,000",Sri Miniswrang Basumatary,"13,500,000",Accepted-AOC,20-Nov-2025,Bodoland Territorial Council||Handloom and Textile-BTC
2024_DoWR_40315_3,KARIMGANJ/2024-25/RIDF/I,Construction of new embankment along Right bank River Shingla from Pallyshree to Arjun Nagar via Bhavanipur.,Construction of new embankment along Right bank River Shingla from Pallyshree to Arjun Nagar via Bhavanipur.,Works,Open Tender,Works,Civil Works,No,No,NA ,09-Sep-2025 06:55 PM,NA ,180.0,No ,No,Online,04-Oct-2025 03:00 PM,Department of Water Resources||Chief Engineer - DoWR,Sribhumi,788710.0,2.0,"5,56,33,582",PINTU DEB,"55,483,172.92",Rejected-Technical,15-Nov-2025,Department of Water Resources||Chief Engineer - DoWR
2025_UDD_45173_1,GMB/15th FC(Tied)/2025-26/NIT/1145,"Construction of RCC Sanitation Master Drain at Ward No 3 Golaghat connected to Hazo Khorung Jaan, under 15th FC Tied 1st Installment 2024 25","Construction of RCC Sanitation Master Drain at Ward No 3 Golaghat connected to Hazo Khorung Jaan, under 15th FC Tied 1st Installment 2024 25",Works,Open Tender,Item Rate,Civil Works,No,No,NA ,26-Jun-2025 04:30 PM,30-Jun-2025 11:00 AM ,180.0,No ,No,Online,14-Jul-2025 05:00 PM,Urban Development Department||Directorate of Municipality Administration - UDD||Golaghat Municipal Board,"Golaghat Town, Ward No.-03",785621.0,2.0,"1,90,75,000",Mohinis Trade and Construction,"19,073,092.5",Accepted-AOC,26-Nov-2025,Urban Development Department||Directorate of Municipality Administration - UDD||Golaghat Municipal Board
2025_PWD_44472_1,SE/CSRC/NIT and DNIT/6B/1666,Periodic Renewal of road from Kanubari to Lukhurakhon (Ch. 0.00 m to 750.00 m and ch. 1100.00 m to 1900.00 m and ch 2300.00 m to ch. 2750.00 m) and Mothurapur to Singlopathaer (Ch. 0.00 m to 3800.00 m) under MMPNA for the year 2023-24 under Sonari LA,Periodic Renewal of road from Kanubari to Lukhurakhon (Ch. 0.00 m to 750.00 m and ch. 1100.00 m to 1900.00 m and ch 2300.00 m to ch. 2750.00 m) and Mothurapur to Singlopathaer (Ch. 0.00 m to 3800.00 m) under MMPNA for the year 2023-24 under Sonari LA,Works,Open Tender,Item Rate,Civil Works – Roads,No,No,NA ,26-May-2025 02:00 PM,29-May-2025 12:00 PM ,180.0,No ,No,Online,11-Jun-2025 01:00 PM,Public Works Roads Department,Charaideo,785690.0,2.0,"1,17,60,000",hema chetia,"11,757,655",Accepted-AOC,27-Nov-2025,Public Works Roads Department
2025_APGCL_45253_1,APGCL/CGM (Gen)/2025-26/Spares of Raw Water Pump-LTPS/12,Supply of Spares for WPIL Limited make Vertical Turbine Pump,"Supply of Spares for WPIL Limited make Vertical Turbine (VT) Pump (Model 16.5X8FAB) for Waste Heat Recovery Plant of Lakwa Thermal Power Station (LTPS), APGCL, Maibella.",Goods,Open Tender,Supply,Mechanical Engg Items,No,No,NA ,30-Jun-2025 06:00 PM,NA ,180.0,No ,No,Online,08-Aug-2025 04:00 PM,Assam Power Generation Company Limited,Lakwa Thermal Power Station,785689.0,2.0,"15,89,867",WPIL LIMITED,"1,334,621",Accepted-AOC,10-Nov-2025,Assam Power Generation Company Limited
2024_PWD_39025_4,CE/DEV/TB/45/2024-25/10,MMUPPNA_RIDF_XXX_24_25_119 Improvement of road with ICBP from 2nd Km of DDS (Diphu Dillai Sarihajan) road to Kakoti Ronghang village via Ram Teron Villageunder Mukhya Mantrir Unnoto Pakipath Nirman Aachani (MMUPPNA) under RIDF,MMUPPNA_RIDF_XXX_24_25_119 Improvement of road with ICBP from 2nd Km of DDS (Diphu Dillai Sarihajan) road to Kakoti Ronghang village via Ram Teron Villageunder Mukhya Mantrir Unnoto Pakipath Nirman Aachani (MMUPPNA) under RIDF,Works,Open Tender,Item Rate,Civil Works,No,No,NA ,16-Sep-2024 04:00 PM,27-Sep-2024 12:00 PM ,180.0,No ,No,Online,07-Oct-2024 02:30 PM,Public Works Roads Department,Karbi Anglong,781003.0,2.0,"4,35,00,000",UMTANG TIMUNG,"39,150,000",Rejected-Finance,13-Nov-2025,Public Works Roads Department
2025_PHED_45215_1,SEPH/NL/2025-26/TC-8(PT-2)/264,"Jawahar Navoday Vidyalaya PWSS under SOPD under Dhemaji Division, Dhemaji","Jawahar Navoday Vidyalaya PWSS under SOPD under Dhemaji Division, Dhemaji",Works,Open Tender,Item Rate,Civil Works - Building,No,No,NA ,27-Jun-2025 12:00 PM,28-Jun-2025 11:00 AM ,180.0,No ,No,Online,16-Jul-2025 03:00 PM,Public Health Engineering Department||Chief Engineer PHE(P)-Assam-PHED||North Assam Zone-Tezpur-PHED||North Lakhimpur Circle-North Lakhimpur-PHED,O/o Superintending Engineering PHE NL Circle,787001.0,2.0,"97,80,000",Hemen Gogoi,"9,780,000",Not Admitted-Finance,14-Nov-2025,Public Health Engineering Department||Chief Engineer PHE(P)-Assam-PHED||North Assam Zone-Tezpur-PHED||North Lakhimpur Circle-North Lakhimpur-PHED
2025_PCCF_46986_1,DIG/NIT/160 dt. 22-08-2025,Construction of Forest Range Office,Construction of Forest Range Office,Works,Open Tender,Works,Construction Works,No,No,NA ,26-Aug-2025 04:30 PM,27-Aug-2025 11:30 AM ,180.0,No ,No,Online,17-Sep-2025 11:30 AM,"Pr. Chief Conservator of Forest and Head of Forest Force||Chief Conservator of Forests (Upper Assam Zone)||Eastern Assam Circle, Jorhat||Digboi Division",Digboi Range under Digboi Forest Division,786171.0,2.0,"49,82,107",ASM BROTHERS,"4,483,896.3",Accepted-AOC,11-Nov-2025,"Pr. Chief Conservator of Forest and Head of Forest Force||Chief Conservator of Forests (Upper Assam Zone)||Eastern Assam Circle, Jorhat||Digboi Division"
2025_PWBNH_47524_1,"CS/SE/GBC/2025-26/08/56-A, Dated 11-09-2025","Construction of Community Hall at Pandoba, Goalpara under Border Area Development Fund for the year 2024-25","Construction of Community Hall at Pandoba, Goalpara under Border Area Development Fund for the year 2024-25",Works,Open Tender,Works,Civil Works - Building,No,No,NA ,16-Sep-2025 04:00 PM,25-Sep-2025 12:00 PM ,180.0,No ,No,Online,08-Oct-2025 12:00 PM,Public Works Building and NH Department||Chief Engineer-Building - PWBNH,"Pandoba, Goalpara",783120.0,2.0,"23,84,537",Prasanta Kalita,"1,711,000",Rejected-Technical,03-Nov-2025,Public Works Building and NH Department||Chief Engineer-Building - PWBNH
2025_SE_47939_1,ASSEB/DVN-II/STORE/ERCG/117/25,"RfP for Renovation of Godown of existing RCC Office Building, erection of racks in ASSEB,Div-II","Renovation of Godown of existing RCC Office Building, erection of racks in ASSEB,Div-II",Works,Open Tender,Item Rate,Civil Works - Others,No,No,NA ,10-Oct-2025 01:30 PM,NA ,180.0,No ,No,Online,29-Oct-2025 11:00 AM,SECONDARY EDUCATION DEPARTMENT ASSAM||Assam Higher Secondary Education Council,BAMUNIMAIDAM GUWAHATI,781021.0,2.0,"46,34,500",ARINDOM KOUSHIK BARUAH,"3,650,000",Rejected-Finance,17-Nov-2025,SECONDARY EDUCATION DEPARTMENT ASSAM||Assam Higher Secondary Education Council
2025_WPTBC_46263_1,PTDC/Engg/2024-25/383(6),"Construction of ITI Boys/ Girls Hostel including furnitures for 10 Nos. under Article 275(1) of the Constitution of India during the year 2024-25 (ITI, Dhemaji)","Construction of ITI Boys/ Girls Hostel including furnitures for 10 Nos. under Article 275(1) of the Constitution of India during the year 2024-25 (ITI, Dhemaji)",Works,Open Tender,Item Rate,Civil Works,No,No,NA ,08-Aug-2025 04:30 PM,11-Aug-2025 11:00 AM ,120.0,No ,No,Online,25-Aug-2025 03:00 PM,Welfare of Plain Tribes and Backward Classes||Director - WPT and BC||Assam Plains Tribes Development Corporation Ltd.,"ITI, Dhemaji",787057.0,2.0,"2,00,00,000",S S ENTERPRISE,"19,999,241.71",Rejected-AOC,01-Nov-2025,Welfare of Plain Tribes and Backward Classes||Director - WPT and BC||Assam Plains Tribes Development Corporation Ltd.
2025_APGCL_44072_1,APGCL/CGM NRE/PROJ/ 50MW_LKSPV_CIVIL /2024/4028/07,Geo Technical Sub Soil Investigation for proposed Lower Kopili 50MW Solar,"Geo Technical Sub Soil Investigation for proposed Lower Kopili 50MW Solar SPV plant, APGCL, Longku, Dima Hasao, Assam- 788931",Services,Open Tender,Works,Miscellaneous Services,No,No,NA ,12-Apr-2025 04:00 PM,23-Apr-2025 11:30 AM ,180.0,No ,No,Online,02-May-2025 02:00 PM,Assam Power Generation Company Limited,"Longku, Dima Hasao",788931.0,2.0,,RANILA ENGINEERING,"176,000",Rejected-Finance,06-Nov-2025,Assam Power Generation Company Limited
2025_GMDA_42661_2,GMDA/DEV/42/2024/11,De-siltation and cleaning of Borsola Beel for the year 2024-25,De-siltation and cleaning of Borsola Beel for the year 2024-25,Works,Open Tender,Item Rate,Civil Works,No,No,NA ,13-Mar-2025 11:00 AM,NA ,180.0,No ,No,Online,03-Apr-2025 03:00 PM,Guwahati Metropolitan Development Authority||Guwahati Development Department - GMDA,Chatribari,781001.0,2.0,"86,58,670",Bhaba Kanta Nath,"8,485,496.57",Accepted-AOC,27-Nov-2025,Guwahati Metropolitan Development Authority||Guwahati Development Department - GMDA
2025_CD_48253_1,HF/ENGG-3688/25-26/35,"Additional work for new construction of Academic Building (Examination Controller Office Building 2nd, 3rd and Terrace floor) at B. Borooah College","Additional work for new construction of Academic Building (Examination Controller Office Building 2nd, 3rd and Terrace floor) at B. Borooah College",Works,Open Tender,Item Rate,Civil Works,No,No,NA ,27-Oct-2025 11:00 AM,NA ,180.0,No ,No,Online,14-Nov-2025 11:00 AM,Cooperation Department||Assam State Co-operative Housing Federation Ltd.(HOUSEFED),"B Borooah College, Guwahati",781007.0,2.0,"79,44,545",Kumud Das,"8,438,696",Accepted-AOC,28-Nov-2025,Cooperation Department||Assam State Co-operative Housing Federation Ltd.(HOUSEFED)
2023_PWBNH_29544_8,CE/ARC-I/01/2023/4 Dated Guwahati 18th Feb 2023,"Consultancy services for the work Transformation of School in Assam under NESID scheme for i. Rangjuli HS School, Rangjuli, Dist Goalpara","Consultancy services for the work Transformation of School in Assam under NESID scheme for i. Rangjuli HS School, Rangjuli, Dist Goalpara",Works,Open Tender,Item Rate,Civil Works - Building,No,No,NA ,24-Feb-2023 06:00 PM,28-Feb-2023 10:30 AM ,180.0,No ,No,Online,04-Mar-2023 03:00 PM,Public Works Building and NH Department||Chief Engineer-Building - PWBNH,Goalpara,783101.0,2.0,"25,41,130",ACORN,"2,360,000",Accepted-AOC,08-Nov-2025,Public Works Building and NH Department||Chief Engineer-Building - PWBNH
2025_WPTBC_47672_1,DAC 05 A eTender Handloom Project 24 25 01 156 dtd 24 09 2025,Supply of Items for Handloom Project 2024 25 under Deuri Autonomous Council,Supply of Items for Handloom Project 2024 25 under Deuri Autonomous Council,Goods,Open Tender,Supply,Supply of Materials,No,No,NA ,24-Sep-2025 03:00 PM,NA ,90.0,No ,No,Online,14-Oct-2025 02:00 PM,Welfare of Plain Tribes and Backward Classes||Director - WPT and BC||Deori Autonomous Council,Lakhimpur,784164.0,2.0,"4,53,96,769",M/S P R TRADE & INDUSTRIES TRADING & SUPPLY,"45,394,689",Rejected-Finance,17-Nov-2025,Welfare of Plain Tribes and Backward Classes||Director - WPT and BC||Deori Autonomous Council
2025_PCCF_47628_1,DBR/Felling of Tree /2025 -26/06,Tree Felling Operation and Timber Transportation,"Tree felling operation and Timber Transportation for the Office of the Divisional Forest Officer, Dibrugarh Division, Assam",Works,Open Tender,Item Rate,Agricultural or Forestry,No,No,NA ,22-Sep-2025 02:00 PM,06-Oct-2025 11:00 AM ,180.0,No ,No,Online,24-Oct-2025 11:00 AM,"Pr. Chief Conservator of Forest and Head of Forest Force||Chief Conservator of Forests (Upper Assam Zone)||Eastern Assam Circle, Jorhat||Dibrugarh Division",Dibrugarh,786003.0,1.0,,M/S A P S ENTERPRISE,"5,239.25",Rejected-AOC,07-Nov-2025,"Pr. Chief Conservator of Forest and Head of Forest Force||Chief Conservator of Forests (Upper Assam Zone)||Eastern Assam Circle, Jorhat||Dibrugarh Division"
2025_PWBNH_46170_1,CE/TB-VI/T/RIDF- XXX/27/2025/17 Dated Guwahati the 1st August 2025,"Construction of 126 Secondary Schools in 35 Districts of Assam under RIDF-XXX (2024-25) for (i) Bokata Nemuguri Higher Secondary School, Sivsagar, under Sivsagar DTBD (Gr 57-A)","Construction of 126 Secondary Schools in 35 Districts of Assam under RIDF-XXX (2024-25) for (i) Bokata Nemuguri Higher Secondary School, Sivsagar, under Sivsagar DTBD (Gr 57-A)",Works,Open Tender,Item Rate,Civil Works - Building,No,No,NA ,06-Aug-2025 11:00 AM,11-Aug-2025 11:30 AM ,180.0,No ,No,Online,14-Aug-2025 03:00 PM,Public Works Building and NH Department||Chief Engineer-Building - PWBNH,Sivsagar,785640.0,2.0,"7,21,85,000",M/S SONTOSH SAHEWALLA,"74,975,488",Accepted-AOC,19-Nov-2025,Public Works Building and NH Department||Chief Engineer-Building - PWBNH
2025_PWBNH_47170_1,SE/TB/TEN/01/2025-26/ 490 Dated 26.08.2025,"Construction of District Vaccine Store (DVS) under Additional Chief Medical and Health Officer (FW) Darrang, Mangaldoi under Director of Health Services (FW), Assam for Universal Immunization Programme (UIP) during the year 2023-24","Construction of District Vaccine Store (DVS) under Additional Chief Medical and Health Officer (FW) Darrang, Mangaldoi under Director of Health Services (FW), Assam for Universal Immunization Programme (UIP) during the year 2023-24",Works,Open Tender,Item Rate,Civil Works - Building,No,No,NA ,01-Sep-2025 05:00 PM,06-Sep-2025 12:00 PM ,180.0,No ,No,Online,26-Sep-2025 01:00 PM,Public Works Building and NH Department||Chief Engineer-Building - PWBNH||SE-Tezpur Circle - PWBNH,Darrang,784522.0,2.0,"42,05,400",SRI PRANAB BARMAN,"4,205,000",Rejected-AOC,01-Nov-2025,Public Works Building and NH Department||Chief Engineer-Building - PWBNH||SE-Tezpur Circle - PWBNH
2025_UDD_47806_1,LMB.363/15th FC/Tied/2025-26/369,Reconstruction of RCC Drain With Cover Slab from Naharol Khorirol Point To Lalit Shop At Ward No 10,Reconstruction of RCC Drain With Cover Slab from Naharol Khorirol Point To Lalit Shop At Ward No 10 under 15th FC tied grants for the year 2022-2023- during 2023-24,Works,Open Tender,Works,Civil Works,No,No,NA ,04-Oct-2025 10:45 AM,NA ,180.0,No ,No,Online,24-Oct-2025 01:10 PM,Urban Development Department||Directorate of Municipality Administration - UDD||Lakhipur Municipal Board,LAKHIPUR CACHAR ASSAM,788103.0,2.0,"30,71,277",ASHUTOSH DAS,"3,071,277",Accepted-AOC,27-Nov-2025,Urban Development Department||Directorate of Municipality Administration - UDD||Lakhipur Municipal Board
2025_UDD_46301_1,smb/690/3154-59 11/08/2025,Construction of approach road to the proposed Solid Waste Management Plant and FSTP etc. along Boundary Wall of Assam Energy Institute at Polokhoni under 15th FC Tied 1st Installment 2024-2025,Construction of approach road to the proposed Solid Waste Management Plant and FSTP etc. along Boundary Wall of Assam Energy Institute at Polokhoni under 15th FC Tied 1st Installment 2024 2025,Works,Open Tender,Works,Civil Works,No,No,NA ,11-Aug-2025 06:00 PM,NA ,180.0,No ,No,Online,02-Sep-2025 03:00 PM,Urban Development Department||Directorate of Municipality Administration - UDD||Sibsagar Municipal Board,"POLOKHONI GAON, SIVASAGAR",785640.0,2.0,"1,26,77,032",KESHAB GOGOI,"11,409,329.34",Rejected-Finance,15-Nov-2025,Urban Development Department||Directorate of Municipality Administration - UDD||Sibsagar Municipal Board
2025_PWBNH_47329_1,SBC/CS/2025-26/04/Gr-II,"Construction of 1000 capacity Auditorium at R.K.Nagar, Karimganj , Assam Auditorium fire fighting systemGrII","Civil, Water supply and Electrical Work",Works,Open Tender,Item Rate,Civil Works - Building,No,No,Na ,06-Sep-2025 09:00 AM,07-Oct-2025 12:00 PM ,180.0,No ,No,Online,10-Oct-2025 04:00 PM,Public Works Building and NH Department||Chief Engineer-Building - PWBNH||SE-Silchar Circle - PWBNH,"RK nagar, Auditorium",788166.0,2.0,"30,00,000",Dipen Ch. Das,"2,999,500",Rejected-AOC,22-Oct-2025,Public Works Building and NH Department||Chief Engineer-Building - PWBNH||SE-Silchar Circle - PWBNH
2025_ID_47144_1,BVCI/IRRI/TB/04/2024/194 DATED 30/08/2025,Installation of Solar Powered 2 no MDTW scheme under SOPD-G for the year 2025-26 at Udharbond LAC,Installation of Solar Powered 2 no MDTW scheme under SOPD-G for the year 2025-26 at Udharbond LAC,Works,Open Tender,Item Rate,Composite Works,No,No,NA ,30-Aug-2025 04:00 PM,NA ,180.0,No ,No,Online,22-Sep-2025 03:00 PM,Irrigation Department||Chief Engineer(Major)-Irrigation Dept||Cachar Karimganj Circle,UDHARBOND,788026.0,2.0,"57,59,956",K. K. ENTERPRISE,"5,183,960.4",Rejected-Finance,13-Nov-2025,Irrigation Department||Chief Engineer(Major)-Irrigation Dept||Cachar Karimganj Circle
2025_PCCF_47944_1,DIG/NIT/189 dated. 09/10/2025,Installation of two standard solar fencing at Jagun and Lakhipather Range,Installation of two standard solar fencing at Jagun and Lakhipather Range,Works,Open Tender,Works,Civil Works - Others,No,No,NA ,10-Oct-2025 03:00 PM,13-Oct-2025 11:30 AM ,180.0,No ,No,Online,04-Nov-2025 11:00 AM,"Pr. Chief Conservator of Forest and Head of Forest Force||Chief Conservator of Forests (Upper Assam Zone)||Eastern Assam Circle, Jorhat||Digboi Division",Jagun and Lakhipather Range,786717.0,2.0,"22,90,500",STANDARD CREATION,"2,061,450",Rejected-AOC,26-Nov-2025,"Pr. Chief Conservator of Forest and Head of Forest Force||Chief Conservator of Forests (Upper Assam Zone)||Eastern Assam Circle, Jorhat||Digboi Division"
2025_WPTBC_47118_1,TKAC/P and RD 10/2025-26 Dated 30/08/2025,"Construction of RCC Ground floor building of Thengal Kachari Autonomous Council Bhawan (CEM Block) at Na-Ali Dholi, Titabor, Jorhat","Construction of RCC Ground floor building of Thengal Kachari Autonomous Council Bhawan (CEM Block) at Na-Ali Dholi, Titabor, Jorhat",Works,Open Tender,Item Rate,Civil Works - Building,No,No,NA ,30-Aug-2025 01:00 PM,NA ,180.0,No ,No,Online,19-Sep-2025 03:00 PM,Welfare of Plain Tribes and Backward Classes||Director - WPT and BC||Thengal Kachari Autonomous Council,Jorhat,785630.0,2.0,"1,07,84,026",UPEN SAIKIA,"10,784,026",Rejected-Finance,20-Nov-2025,Welfare of Plain Tribes and Backward Classes||Director - WPT and BC||Thengal Kachari Autonomous Council
2023_PWBNH_29531_18,CE/ARC-I/01/2023/3 Dated Guwahati the 1st Feb 2023,"Consultancy services for the work Transformation of School in Assam under NESID scheme for i. Betkuchi High School, Betkuchi, Dist Kamrup Metro","Consultancy services for the work Transformation of School in Assam under NESID scheme for i. Betkuchi High School, Betkuchi, Dist Kamrup Metro",Works,Open Tender,Item Rate,Civil Works - Building,No,No,NA ,24-Feb-2023 04:00 PM,27-Feb-2023 10:00 AM ,180.0,No ,No,Online,04-Mar-2023 03:00 PM,Public Works Building and NH Department||Chief Engineer-Building - PWBNH,Kamrup Metro,781040.0,2.0,"25,41,130",TOPUBRATTA DUTTA ARCHITECTS,"2,539,000",Rejected-AOC,10-Nov-2025,Public Works Building and NH Department||Chief Engineer-Building - PWBNH
2025_WPTBC_45543_1,PTDC/Engg/2024-25/380/Group-10,Construction of 50 beded hostel separately for boys and Girls under the scheme Dharti Aada Janajatiya Gram Utkarsh Adhiyan (Group-10),Construction of 50 beded hostel separately for boys and Girls under the scheme Dharti Aada Janajatiya Gram Utkarsh Adhiyan (Group-10),Works,Open Tender,Item Rate,Civil Works - Building,No,No,NA ,12-Jul-2025 09:00 AM,15-Jul-2025 02:00 PM ,120.0,No ,No,Online,31-Jul-2025 03:00 PM,Welfare of Plain Tribes and Backward Classes||Director - WPT and BC||Assam Plains Tribes Development Corporation Ltd.,Guwahati,781005.0,2.0,"3,90,00,000",Sarwar Alam Laskar,"38,999,036.83",Rejected-AOC,06-Nov-2025,Welfare of Plain Tribes and Backward Classes||Director - WPT and BC||Assam Plains Tribes Development Corporation Ltd.
2025_PWD_45238_1,CE/CW/10/25-26SH-3Morigaon,Homen Borgohain Road (Narengi Morigaon Road),Improvement of Homen Borgohain Road (Narengi Morigaon Road) from Ch. 17.80 Km to Ch. 22.00 Km under SOPD(G) for the year 2024-25,Works,Open Tender,Item Rate,Civil Works – Roads,No,No,NA ,30-Jun-2025 02:00 PM,NA ,180.0,No ,No,Online,08-Jul-2025 02:30 PM,Public Works Roads Department,Guwhati,782001.0,2.0,"33,85,000",SWARAJ INFRA,"3,385,000",Rejected-AOC,07-Nov-2025,Public Works Roads Department
2025_WPTBC_47534_1,PTDC/Engg/2024-25/435,Construction of Digboi college at Tinsukia District under the Scheme PM-USHA District Tinsukia,Construction of Digboi college at Tinsukia District under the Scheme PM-USHA District Tinsukia,Works,Open Tender,Item Rate,Civil Works,No,No,NA ,16-Sep-2025 01:00 PM,23-Sep-2025 11:00 AM ,180.0,No ,No,Online,30-Sep-2025 03:00 PM,Welfare of Plain Tribes and Backward Classes||Director - WPT and BC,Digboi college Tinsukia,786171.0,2.0,"1,50,00,000",DIPANKAR GOGOI,"14,999,308",Rejected-AOC,25-Nov-2025,Welfare of Plain Tribes and Backward Classes||Director - WPT and BC
2025_UDD_45459_1,SBM(U)2.0/PKMB/2022,Establishment of Waste to compost Pits at the Dumping ground located in Dharamtala village under Bamunkuchi Panchayat within the jurisdiction of patachakuchi Municipal Board,Establishment of Waste to compost Pits at the Dumping ground located in Dharamtala village under Bamunkuchi Panchayat within the jurisdiction of patachakuchi Municipal Board,Works,Open Tender,Works,Civil Works,No,No,NA ,17-Sep-2025 04:00 PM,19-Sep-2025 11:00 AM ,180.0,No ,No,Online,14-Oct-2025 11:30 AM,Urban Development Department||Directorate of Municipality Administration - UDD||Patacharkuchi Municipal Board,Patacharkuchi Municipal Board,781326.0,2.0,"13,66,000",BHASKAR BARMAN,"1,352,340",Accepted-AOC,19-Nov-2025,Urban Development Department||Directorate of Municipality Administration - UDD||Patacharkuchi Municipal Board
2025_KAAC_46350_1,NoACEH/CS/SSA/03/2025-26/SL03,Construction of 50 bedded hostel separately for boys and girls under Dharti Aaba Janjatiya Gram Utkarsh Abhiyan at Khotkhoti High School,Construction of 50 bedded hostel separately for boys and girls under Dharti Aaba Janjatiya Gram Utkarsh Abhiyan at Khotkhoti High School,Works,Open Tender,Item Rate,Civil Works - Building,No,No,NA ,18-Aug-2025 11:00 AM,20-Aug-2025 12:00 PM ,180.0,No ,No,Online,30-Aug-2025 11:00 AM,Karbi Anglong Autonomous Council||PWD||Addl. Chief Engineer Diphu,Bokajan,782480.0,2.0,"3,78,75,000",Highland Engineering,"37,696,340.44",Rejected-AOC,14-Nov-2025,Karbi Anglong Autonomous Council||PWD||Addl. Chief Engineer Diphu
2025_PCCF_42290_1,FSET/B/D-07/Tender/2025/3950 Dated 21/01/2025,Construction of Chain-link fencing with RCC post at Mirigaon,Installation of 4 feet high chain-link fencing 10-gauge 3 inch mesh with 3 strands of barbed wire 1 below 2 above supported by pre-cast RCC pillars 2.1m x 0.125m x 0.125m at 2.5m intervals covering 1257 RM,Works,Open Tender,Works,Civil Works - Others,No,No,NA ,22-Jan-2025 10:00 AM,25-Jan-2025 11:30 AM ,180.0,No ,No,Online,11-Feb-2025 04:30 PM,"Pr. Chief Conservator of Forest and Head of Forest Force||Chief Conservator of Forests (Upper Assam Zone)||Northern Assam Circle, Tezpur||Sonitpur East Division","Mirigaon, Behali RF under Borgang Range",784176.0,2.0,"20,87,877",Airsense,"1,897,089.3",Accepted-AOC,22-Apr-2025,"Pr. Chief Conservator of Forest and Head of Forest Force||Chief Conservator of Forests (Upper Assam Zone)||Northern Assam Circle, Tezpur||Sonitpur East Division"
2025_ID_46051_10,NIT/TCI/3/2025/507,Renovation of Kauribeel LIS under SOPD-G for the year 2025-26,Renovation of Kauribeel LIS under SOPD-G for the year 2025-26,Works,Open Tender,Percentage,Civil Works,No,No,NA ,01-Aug-2025 10:00 AM,NA ,180.0,No ,No,Online,22-Aug-2025 03:00 PM,Irrigation Department||Chief Engineer(Major)-Irrigation Dept||Tezpur Circle,Biswanath,784177.0,2.0,"1,00,00,000",Ms Eastern Enterprise,"4,779,428",Accepted-AOC,06-Nov-2025,Irrigation Department||Chief Engineer(Major)-Irrigation Dept||Tezpur Circle
2025_BoTC_45609_1,DOE/BTC/SSA/DAJGUA/Hostel/01,Construction of 50 bedded hostel separately for boys and girls under the scheme Dharti Aaba Janjatiya Gram Utkarsh Abhiyan at MONGLAJHORA HIGH SCHOOL in Kokrajhar District,Construction of 50 bedded hostel separately for boys and girls under the scheme Dharti Aaba Janjatiya Gram Utkarsh Abhiyan at MONGLAJHORA HIGH SCHOOL in Kokrajhar District,Works,Open Tender,Works,Civil Works,No,No,NA ,16-Jul-2025 09:00 AM,NA ,180.0,No ,No,Online,12-Aug-2025 03:00 PM,Bodoland Territorial Council||Education-BTC,BTR,783370.0,2.0,"3,59,88,860",Birkhw Basumatary,"35,988,820",Accepted-AOC,10-Nov-2025,Bodoland Territorial Council||Education-BTC
2025_PWBNH_47782_1,IX/JDTBD/DEOC/ DDMA/JRT/292/2025/2073-A,"Construction of District Emergency Operation Centre(DEOC) Building at Charaideo, Jorhat, Karbi Anglong, Dima Hasao, Bajali, West Karbi Anglong and Udalguri District (at JorhatDistrict)(Ground Floor with G plus 1 provision)","Construction of District Emergency Operation Centre(DEOC) Building at Charaideo, Jorhat, Karbi Anglong, Dima Hasao, Bajali, West Karbi Anglong and Udalguri District (at JorhatDistrict)(Ground Floor with G plus 1 provision)",Works,Open Tender,Item Rate,Civil Works - Building,No,No,NA ,03-Oct-2025 11:00 AM,08-Oct-2025 11:00 AM ,180.0,No ,No,Online,24-Oct-2025 04:00 PM,Public Works Building and NH Department||Chief Engineer-Building - PWBNH||SE-Jorhat Circle - PWBNH||EE-Jorhat Building Division - PWBNH,JORHAT,785001.0,2.0,"34,99,949",RANJIT DUTTA,"3,499,949",Not Admitted-Fee/PreQual/Technical,20-Nov-2025,Public Works Building and NH Department||Chief Engineer-Building - PWBNH||SE-Jorhat Circle - PWBNH||EE-Jorhat Building Division - PWBNH
2025_SCD_45287_1,Tender/NIT/Pt/2025-26/2057,TARANG RTP AT VILLAGE DIAJIJURI-II UNDER RIDF-XXX,TARANG RTP AT VILLAGE DIAJIJURI-II UNDER RIDF-XXX,Works,Open Tender,Item Rate,Civil Works,No,No,NA ,02-Jul-2025 05:00 PM,05-Jul-2025 12:00 PM ,180.0,No ,No,Online,15-Jul-2025 10:00 AM,Soil Conservation Department||Director - SCD,Kokrajhar,783370.0,2.0,"24,92,000",DHARAMSING NARZARY,"2,217,880",Accepted-AOC,17-Nov-2025,Soil Conservation Department||Director - SCD
2025_PHED_46260_1,SEPH/GC/TB-152/Vol-IX/2025-26,Renovation of Bathoupuri PWSS,Renovation of Bathoupuri PWSS under SOPD-G for the year 2025-26,Works,Open Tender,Item Rate,Civil Works,No,No,NA ,08-Aug-2025 04:00 PM,16-Aug-2025 02:00 PM ,90.0,No ,No,Online,01-Sep-2025 03:00 PM,Public Health Engineering Department||Chief Engineer PHE(P)-Assam-PHED||Lower Assam Zone-Guwahati-PHED||Guwahati Circle-Guwahati-PHED,Bathoupuri,781035.0,2.0,"66,58,000",EMMANUEL DAIMARI,"6,657,356",Accepted-AOC,30-Oct-2025,Public Health Engineering Department||Chief Engineer PHE(P)-Assam-PHED||Lower Assam Zone-Guwahati-PHED||Guwahati Circle-Guwahati-PHED
2025_GMDA_47818_1,GMDA/DEV/46/2025/Pt-I/7,"Rejuvenation and Bioremediation of Silsako Beel, Guwahati, Assam under PMKSY HKKP RRR Excavation of Silsako Beel Part 3B II","Rejuvenation and Bioremediation of Silsako Beel, Guwahati, Assam under PMKSY HKKP RRR Excavation of Silsako Beel",Works,Open Tender,Item Rate,Civil Works,No,No,NA ,04-Oct-2025 04:15 PM,09-Oct-2025 02:30 PM ,180.0,No ,No,Online,31-Oct-2025 03:00 PM,Guwahati Metropolitan Development Authority||Guwahati Development Department - GMDA,Guwahati,781005.0,2.0,"5,46,17,000",M/S DHANSIRI ASSOCIATES,"54,616,861.42",Rejected-AOC,18-Nov-2025,Guwahati Metropolitan Development Authority||Guwahati Development Department - GMDA
2025_PCCF_47553_1,SFK/APFBC Phase-II/E-Tender/2025-26/01,Construction of community hall at Paschim Magura,Construction of community hall under APFBC Phase-II at Paschim Magura in R.K Nagar S.F Range,Works,Open Tender,Works,Civil Works,No,No,NA ,16-Sep-2025 06:35 PM,17-Sep-2025 12:00 PM ,90.0,No ,No,Online,06-Oct-2025 12:00 PM,Pr. Chief Conservator of Forest and Head of Forest Force||Chief Conservator of Forests Social Forestry||Central Southern Assam Social Forestry Circle||Karimganj Social Forestry Division,"Paschim Magura under R.K Nagar S.F Range, Sribhumi",788734.0,2.0,,BIRAJ DAS,"1,900,000",Accepted-AOC,11-Nov-2025,Pr. Chief Conservator of Forest and Head of Forest Force||Chief Conservator of Forests Social Forestry||Central Southern Assam Social Forestry Circle||Karimganj Social Forestry Division
2024_PWRDW_41734_7,CEEAPARRBP02TENDERS2024/33,Construction of Bridge in Bongaigaon district i.Br. No. 1/1 on Sonaikhola to Kawadi Road,CE/EAP/ARRBP/OCB/Bridge-1/Bongaigaon/04 Construction of Bridge in Bongaigaon district i.Br. No. 1/1 on Sonaikhola to Kawadi Road,Works,Open Tender,Item Rate,Civil Works,No,No,NA ,27-Dec-2024 06:55 PM,08-Jan-2025 11:00 AM ,90.0,No ,No,Online,24-Jan-2025 02:30 PM,Public Works Roads Department-Externally Aided Project||Public Works Road Department- World Bank Funded Tenders||Assam State Bridge Infrastructure Program,Bongaigaon,783380.0,2.0,"5,39,91,000",Suniti Construction Private Limited,"53,599,626",Accepted-AOC,21-Nov-2025,Public Works Roads Department-Externally Aided Project||Public Works Road Department- World Bank Funded Tenders||Assam State Bridge Infrastructure Program
2025_PWD_45221_1,CE/CW/09/2025-HelipedEtc,"Reconstruction of roads, existing helipads","Reconst of roads, existing helipads, Const of temporary approach roads for VVIPs, public, construction of ramp, parking places etc. for the visit of VVIP, VIPs to the Kaziranga National Park on the occasion of Gaja Mahotsav under SOPD-G for 2024-25",Works,Open Tender,Item Rate,Civil Works – Roads,No,No,NA ,30-Jun-2025 02:00 PM,NA ,180.0,No ,No,Online,08-Jul-2025 02:30 PM,Public Works Roads Department,Bokakhat,783001.0,2.0,"1,27,27,000",SWARAJ INFRA,"12,727,000",Rejected-AOC,07-Nov-2025,Public Works Roads Department
2025_ID_46021_2,10 (SOPD-G) 2025-26 Dtd_ 28_07_2025,"Installation of 7 Nos. of MDTW I_S (4 Nos. in Dhemaji LAC and 3 nos. in Sisiborgaon LAC under SOPD-G for the year 2025-26 under Dhemaji- Jonai-Sisiborgaon Division (I), Dhemaji (Package No.02).","Installation of 7 Nos. of MDTW I_S (4 Nos. in Dhemaji LAC and 3 nos. in Sisiborgaon LAC under SOPD-G for the year 2025-26 under Dhemaji- Jonai-Sisiborgaon Division (I), Dhemaji (Package No.02)",Works,Open Tender,Item Rate,Civil Works,No,No,NA ,29-Jul-2025 06:00 PM,08-Aug-2025 02:00 PM ,180.0,No ,No,Online,22-Aug-2025 03:00 PM,Irrigation Department||Chief Engineer(Major)-Irrigation Dept,Dhemaji,787057.0,2.0,"2,01,60,010",BIMAL KUMAR GOGOI,"7,776,004",Rejected-AOC,28-Nov-2025,Irrigation Department||Chief Engineer(Major)-Irrigation Dept
2025_BTC_46269_1,No.ACE-106/PWD/IFB/PT-I/,"Protection of Arimatta Garh at Borghuli (Mowamari) from the erosion of river Borolia, under T and D fund for the year 2025-26 TN_37_1","Protection of Arimatta Garh at Borghuli (Mowamari) from the erosion of river Borolia, under T and D fund for the year 2025-26 TN_37_1",Works,Open Tender,Item Rate,Civil Works,No,No,NA ,09-Aug-2025 10:00 AM,NA ,180.0,No ,No,Online,19-Aug-2025 02:00 PM,Bodoland Territorial Council-PWD||Director Cum CHD - PWD BTC,Tamulpur,781327.0,2.0,"73,05,000",SRI KAMINI KANTA BASUMATARY,"7,304,974.2",Rejected-Technical,20-Nov-2025,Bodoland Territorial Council-PWD||Director Cum CHD - PWD BTC
2025_BTC_45714_7,No.125/ACE/NIT/Infra/BTC/22-23,Extension of 2nd Floor of Adivashi Boys Hostel at Udalguri. (TN_15_7),Extension of 2nd Floor of Adivashi Boys Hostel at Udalguri.,Works,Open Tender,Item Rate,Civil Works - Building,No,No,NA ,18-Jul-2025 10:00 AM,NA ,180.0,No ,No,Online,13-Aug-2025 03:00 PM,Bodoland Territorial Council-PWD||Director Cum CHD - PWD BTC,Udalguri,784509.0,2.0,"46,59,739",M/s Jashraj Enterprise,"4,657,727.55",Rejected-AOC,17-Nov-2025,Bodoland Territorial Council-PWD||Director Cum CHD - PWD BTC
2025_WPTBC_47021_1,PTDC/Engg/2024-25/397,Installation of 200 nos of permanent Hoarding in 200 hundred locations.,Installation of 200 nos of permanent Hoarding in 200 hundred locations.,Works,Open Tender,Item Rate,Civil Works,No,No,NA ,27-Aug-2025 03:00 PM,28-Aug-2025 11:00 AM ,180.0,No ,No,Online,04-Sep-2025 03:00 PM,Welfare of Plain Tribes and Backward Classes||Director - WPT and BC,All District,781005.0,2.0,"1,79,59,400",MS A D SOLUTIONS,"17,869,603",Rejected-Technical,26-Nov-2025,Welfare of Plain Tribes and Backward Classes||Director - WPT and BC
2025_BoTC_45610_1,DOE/BTC/SSA/DAJGUA/Hostel/01,Construction of 50 bedded hostel separately for boys and girls under the scheme Dharti Aaba Janjatiya Gram Utkarsh Abhiyan at BANARGAON HIGH SCHOOL in Kokrajhar District,Construction of 50 bedded hostel separately for boys and girls under the scheme Dharti Aaba Janjatiya Gram Utkarsh Abhiyan at BANARGAON HIGH SCHOOL in Kokrajhar District,Works,Open Tender,Works,Civil Works,No,No,NA ,16-Jul-2025 09:00 AM,NA ,180.0,No ,No,Online,12-Aug-2025 03:00 PM,Bodoland Territorial Council||Education-BTC,BTR,783370.0,2.0,"3,59,88,860",Birkhw Basumatary,"35,988,820",Accepted-AOC,10-Nov-2025,Bodoland Territorial Council||Education-BTC
2025_ID_47921_1,JC(I)/Tech/E-Tender/2025/88 Dated.09/10/2025,Improvement of Sisupani FIS under SOPD-G for the year 2025-26,Improvement of Sisupani FIS under SOPD-G for the year 2025-26,Works,Open Tender,Item Rate,Civil Works - Others,No,No,NA ,09-Oct-2025 06:00 PM,NA ,180.0,No ,No,Online,30-Oct-2025 03:00 PM,Irrigation Department||Chief Engineer(Major)-Irrigation Dept||Jorhat Circle,"Golaghat, Sisupani",785621.0,2.0,"1,88,13,734",M/S. M.P. AGARWALLA,"18,805,003.41",Accepted-AOC,01-Nov-2025,Irrigation Department||Chief Engineer(Major)-Irrigation Dept||Jorhat Circle
2025_PWBNH_44092_14,"CE/TB-VI/RIDF-XXX/1/2024/17 Dated Guwahati the 17th March, 2025","Construction of 126 Secondary Schools in 35 Districts of Assam under RIDF-XXX (2024-25) for (i) Kuwaritol Higher Secondary School, Kaliabar under Kaliabar, Barhampur TBD (Gr-33)","Construction of 126 Secondary Schools in 35 Districts of Assam under RIDF-XXX (2024-25) for (i) Kuwaritol Higher Secondary School, Kaliabar under Kaliabar, Barhampur TBD (Gr-33)",Works,Open Tender,Item Rate,Civil Works - Building,No,No,NA ,19-Apr-2025 09:00 AM,21-Apr-2025 11:30 AM ,180.0,No ,No,Online,15-May-2025 03:00 PM,Public Works Building and NH Department||Chief Engineer-Building - PWBNH,Kaliabar,782120.0,2.0,"7,21,85,000",ICB INFRATECH,"75,075,287",Rejected-Technical,15-Nov-2025,Public Works Building and NH Department||Chief Engineer-Building - PWBNH
2025_GMDA_47822_1,GMDA/DEV/46/2025/Pt-I/10,"Rejuvenation and Bioremediation of Silsako Beel, Guwahati, Assam under PMKSY HKKP RRR Excavation of Silsako Beel Part 9B","Rejuvenation and Bioremediation of Silsako Beel, Guwahati, Assam under PMKSY HKKP RRR Excavation of Silsako Beel",Works,Open Tender,Item Rate,Civil Works,No,No,NA ,04-Oct-2025 04:50 PM,NA ,180.0,No ,No,Online,31-Oct-2025 03:00 PM,Guwahati Metropolitan Development Authority||Guwahati Development Department - GMDA,Guwahati,781005.0,2.0,"13,08,12,000",RAKESH KUMAR SINGH,"130,811,413.4",Rejected-AOC,18-Nov-2025,Guwahati Metropolitan Development Authority||Guwahati Development Department - GMDA
2025_AAU_46290_1,AAU/EEI/255/C-H/ET/2025-26/976,Up gradation of AV Solutions and ICT Tools,Up gradation of AV Solutions and ICT Tools,Goods,Open Tender,Turn-key,Supply of Materials,No,No,NA ,12-Aug-2025 09:30 AM,NA ,180.0,No ,No,Online,01-Sep-2025 03:30 PM,Assam Agricultural University||Directorate of Research ( Veterinary),"EXTENSION EDUCATION INSTITUTE, AAU, KHANAPARA",781022.0,2.0,,Commercial Ventures,"4,990,000",Accepted-AOC,30-Nov-2025,Assam Agricultural University||Directorate of Research ( Veterinary)
2025_PWD_47485_1,SE(GSSC)/TB-01/NIT/2021/74 dated 11.09.2025,Construction of Road from Barmati to Debajani village (Ph-II) under Border Development Activity in the Inter-State Border for 2024-25 under South Salmara Mankachar District. Package No. BDA_GSSRC_SSDTR_24,Construction of Road from Barmati to Debajani village (Ph-II) under Border Development Activity in the Inter-State Border for 2024-25 under South Salmara Mankachar District. Package No. BDA_GSSRC_SSDTR_24,Works,Open Tender,Item Rate,Civil Works – Roads,No,No,NA ,12-Sep-2025 02:00 PM,NA ,90.0,No ,No,Online,09-Oct-2025 10:30 AM,Public Works Roads Department,Mankachar,783101.0,2.0,"24,99,740",Mahmud Hassan,"1,749,768",Accepted-AOC,14-Nov-2025,Public Works Roads Department
2025_AHVD_46337_2,E-679310/2025-26/DFA/1367538,"RENOVATION AND MODIFICATION OF PIG STY NO.1.(GROWER SHED), PIG STY NO.2 AND 3. (FARROWING SHED) AND PIG STY NO.1 AND 2.(QUARANTINE SHED) AT NUCLEUS PIG BREEDING FARM, KATHIATOLI IN NAGAON DIST","RENOVATION AND MODIFICATION OF PIG STY NO.1.(GROWER SHED), PIG STY NO.2 AND 3. (FARROWING SHED) AND PIG STY NO.1 AND 2.(QUARANTINE SHED) AT NUCLEUS PIG BREEDING FARM, KATHIATOLI IN NAGAON DIST",Works,Open Tender,Item Rate,Civil Works,No,No,NA ,12-Aug-2025 05:05 PM,20-Aug-2025 01:00 PM ,180.0,No ,No,Online,04-Sep-2025 02:30 PM,Animal Husbandry and Veterinary Department||Directorate of A.H. and Veterinary||Assam Livestock and Poultry Corporation Ltd.,Nagaon,782001.0,2.0,"44,79,600",GOPAL CHANDRA BORAH,"3,274,587.59",Rejected-Technical,20-Nov-2025,Animal Husbandry and Veterinary Department||Directorate of A.H. and Veterinary||Assam Livestock and Poultry Corporation Ltd.
2025_PWBNH_47484_1,"Tech-I(H_E)/04/2025/47 Dated Guwahati the 9th September, 2025","Additional components required for functionalizing of Majuli University of Culture, Majuli, Assam","Additional components required for functionalizing of Majuli University of Culture, Majuli, Assam",Works,Open Tender,Item Rate,Civil Works - Building,No,No,NA ,12-Sep-2025 11:00 AM,15-Sep-2025 11:30 AM ,180.0,No ,No,Online,19-Sep-2025 03:30 PM,Public Works Building and NH Department||Chief Engineer-Building - PWBNH,Majuli,785106.0,2.0,"9,58,08,261",Ms Ragia Ku Enterprises,"102,532,957",Accepted-AOC,25-Nov-2025,Public Works Building and NH Department||Chief Engineer-Building - PWBNH
2025_DoWC_47736_1,SCPS(G)370/2017/Pt-I/712,Supply of Dietary and Non-Dietary Articles,"Supply of Dietary and Non-Dietary Articles for the Inmates of Children and Observation Home for Girls, Nagaon",Goods,Open Tender,Supply,Miscellaneous Goods,No,No,NA ,27-Sep-2025 11:30 AM,NA ,30.0,No ,No,Online,21-Oct-2025 03:00 PM,"Department of Women and Child Development||Directorate of Women and Child Development||State Child Protection Society||Children Home for Girls, Panigaon","Pub Amollapatty, Sivasthan Road, Nagaon",782003.0,2.0,,PRANJAL KALITA,"220,036.67",Rejected-Technical,18-Nov-2025,"Department of Women and Child Development||Directorate of Women and Child Development||State Child Protection Society||Children Home for Girls, Panigaon"
2024_WPTBC_38394_1,PTDC/Engg/2023-24/219,"Infrastructure Developmemt for Drinking water facilities, RCC staging, boundary wall etc. at EMRS Howraghat, Diphu","Infrastructure Developmemt for Drinking water facilities, RCC staging, boundary wall etc. at EMRS Howraghat, Diphu",Works,Open Tender,Item Rate,Civil Works,No,No,NA ,08-Aug-2024 04:00 PM,NA ,120.0,No ,No,Online,17-Aug-2024 03:30 PM,Welfare of Plain Tribes and Backward Classes||Director - WPT and BC||Assam Plains Tribes Development Corporation Ltd.,"EMRS Howraghat, Diphu",782481.0,2.0,"80,92,000",M/S N.E. Infra,"8,091,996.25",Rejected-AOC,13-Nov-2025,Welfare of Plain Tribes and Backward Classes||Director - WPT and BC||Assam Plains Tribes Development Corporation Ltd.
2025_KAAC_46463_1,NoACEH/CS/SSA/03/2025-26/SL21,Construction of 50 bedded hostel separately for boys and girls under Dharti Aaba Janjatiya Gram Utkarsh Abhiyan at Dongkachinthu High School,Construction of 50 bedded hostel separately for boys and girls under Dharti Aaba Janjatiya Gram Utkarsh Abhiyan at Dongkachinthu High School,Works,Open Tender,Item Rate,Civil Works - Building,No,No,NA ,18-Aug-2025 11:00 AM,20-Aug-2025 12:00 PM ,180.0,No ,No,Online,30-Aug-2025 03:00 PM,Karbi Anglong Autonomous Council||PWD||Addl. Chief Engineer Diphu,Samelangso,782441.0,2.0,"3,78,75,000",MENSING KRO,"37,874,999.55",Accepted-AOC,06-Nov-2025,Karbi Anglong Autonomous Council||PWD||Addl. Chief Engineer Diphu
2025_AEGCL_45573_1,Tech-338/OnM(LAR)/Lalganesh Flyover/Bid,Height Raising of 132kV Kahilipara-Kamakhya-AIIMS Transmission Line at Barshapara flyover crossing under Deposit work on Turnkey Basis,Height Raising of 132kV Kahilipara-Kamakhya-AIIMS Transmission Line at Barshapara flyover crossing under Deposit work on Turnkey Basis,Works,Open Tender,Turn-key,Electrical Works,No,No,NA ,15-Jul-2025 12:00 PM,NA ,180.0,No ,No,Online,28-Aug-2025 02:00 PM,Assam Electricity Grid Corporation Ltd||CGM (T and T),"Barshapara, Guwahati",781018.0,2.0,"5,22,72,070",Krishna Urja Construction LLP,"52,604,891",Rejected-Finance,13-Nov-2025,Assam Electricity Grid Corporation Ltd||CGM (T and T)
2025_ID_47531_1,TMD(I)/W-1(Pt-2)/2021/733 Dated 15/09/2025,INSTALLATION OF SOLAR SHALLOW TUBE WELL SCHEME AT TITABAR LAC OF JORHAT DISTRICT (4 POINTS) UNDER SOPD-G FOR THE YEAR 2025-26,INSTALLATION OF SOLAR SHALLOW TUBE WELL SCHEME AT TITABAR LAC OF JORHAT DISTRICT (4 POINTS) UNDER SOPD-G FOR THE YEAR 2025-26,Works,Open Tender,Item Rate,Civil Works - Others,No,No,NA ,16-Sep-2025 10:00 AM,NA ,180.0,No ,No,Online,07-Oct-2025 01:00 PM,Irrigation Department||Chief Engineer(Major)-Irrigation Dept||Jorhat Circle||Titabar Mariani Division,TITABAR,785630.0,2.0,"26,72,123",Bubul Gogoi,"2,672,123",Accepted-AOC,13-Oct-2025,Irrigation Department||Chief Engineer(Major)-Irrigation Dept||Jorhat Circle||Titabar Mariani Division
2025_PHED_47107_1,SEPHE/GC/TB-152/Vol-XXX/25-26,Renovation of Kainadhara PWSS,Renovation of Kainadhara PWSS Under Guwahati Division No-I Under SOPD-G For the year 2024-25,Works,Open Tender,Item Rate,Civil Works,No,No,NA ,29-Aug-2025 04:15 PM,05-Sep-2025 01:00 PM ,90.0,No ,No,Online,07-Oct-2025 03:00 PM,Public Health Engineering Department||Chief Engineer PHE(P)-Assam-PHED||Lower Assam Zone-Guwahati-PHED||Guwahati Circle-Guwahati-PHED,Kainadhara,781022.0,2.0,"52,42,000",M/s R.R. Projects,"5,238,993",Accepted-AOC,07-Nov-2025,Public Health Engineering Department||Chief Engineer PHE(P)-Assam-PHED||Lower Assam Zone-Guwahati-PHED||Guwahati Circle-Guwahati-PHED
2023_PWBNH_32823_1,EE(B.B)/Pandal/2023-24/1312,"Construction of temporary pandals at District Headquarters for ceremonies events on Orunodoi 2.0, Bicycle distribution and Assam microfinance insentive and relief scheme programme scheduled from 11 oct 2023 to 18 oct 2023 at Pathsala","Construction of temporary pandals at District Headquarters for ceremonies events on Orunodoi 2.0, Bicycle distribution and Assam microfinance insentive and relief scheme programme scheduled from 11 oct 2023 to 18 oct 2023 at Pathsala",Works,Open Tender,Item Wise,Civil Works - Building,No,No,NA ,06-Oct-2023 05:20 PM,07-Oct-2023 10:00 AM ,180.0,No ,No,Online,09-Oct-2023 01:00 PM,Public Works Building and NH Department||Chief Engineer-Building - PWBNH,Pathsala,781325.0,2.0,"42,00,000",BHAWANI MARKETING PVT.LTD,"4,195,000",Rejected-Finance,20-Nov-2025,Public Works Building and NH Department||Chief Engineer-Building - PWBNH
2025_AEGCL_44844_1,AEGCL/MD/Tech-351/OnM(LAR)/Loc 160/DLG-GOSS/Bid,Construction of new tower with pile foundation and associated work in place of river eroded tower,Construction of new tower with pile foundation and associated work in place of river eroded tower at Loc-160 of 132 KV Dhaligaon-Gossaigaon Line,Works,Open Tender,Works,Electrical Works,No,No,NA ,12-Jun-2025 09:00 AM,NA ,180.0,No ,No,Online,05-Jul-2025 02:00 PM,Assam Electricity Grid Corporation Ltd||CGM (T and T),Loc 160 of Dhaligaon-Gossaigaon transmission line,783336.0,2.0,"75,99,698",KAZI MAHMADUL HASSAN,"6,615,847",Rejected-Finance,29-Nov-2025,Assam Electricity Grid Corporation Ltd||CGM (T and T)
2025_PCCF_47225_1,CAC/SB/001,Avenue and Median Plantation and maintenance Balacherra to Silchar Section of NH27 in the State of Assam,Avenue and Median Plantation and maintenance Balacherra to Silchar Section of NH27 in the State of Assam,Works,Open Tender,Works,Agricultural or Forestry,No,No,NA ,02-Sep-2025 06:55 PM,05-Sep-2025 11:00 AM ,90.0,No ,No,Online,10-Sep-2025 03:00 PM,Pr. Chief Conservator of Forest and Head of Forest Force||Chief Conservator of Forestes (T) (Lower Assam Zone)||Southern Assam Circle||Cachar Forest Division,Silchar to Balacherra,788110.0,2.0,"3,48,33,600",M/S BHOWMIK ENTERPRISE,"31,350,240",Accepted-AOC,27-Oct-2025,Pr. Chief Conservator of Forest and Head of Forest Force||Chief Conservator of Forestes (T) (Lower Assam Zone)||Southern Assam Circle||Cachar Forest Division
2025_APDCL_45252_1,CGMPPD_APDCL_Mangaldoi_DSS,Supply and Installation of 33 and 11kV Terminal Equipments at Rowta and Dipila DSS,Supply and Installation of 33kV and 11kV Terminal Equipments at Rowta and Dipila DSS,Works,Open Tender,Turn-key,Electrical Works,No,No,NA ,02-Jul-2025 10:00 AM,07-Jul-2025 12:00 PM ,180.0,No ,No,Online,25-Jul-2025 02:00 PM,Assam Power Distribution Company Ltd||CGM(PP and D) - APDCL,Mangaldoi,784509.0,2.0,"93,26,361",RAJEEB ELECTRICALS,"9,320,000.12",Rejected-Finance,10-Nov-2025,Assam Power Distribution Company Ltd||CGM(PP and D) - APDCL
2025_AHVD_46337_3,E-679310/2025-26/DFA/1367538,"RENOVATION AND MODIFICATION OF PIG STY NO.4, 5, AND 6(SOW SHED), CONSTRUCTION OF DRESS CHANGING ROOM AND CONSTRUCTION OF BIO-SECURITY CHAIN LINK FENCING AT NUCLEUS PIG BREEDING FARM, KATHIATOLI IN NAGAON DIST","RENOVATION AND MODIFICATION OF PIG STY NO.4, 5, AND 6(SOW SHED), CONSTRUCTION OF DRESS CHANGING ROOM AND CONSTRUCTION OF BIO-SECURITY CHAIN LINK FENCING AT NUCLEUS PIG BREEDING FARM, KATHIATOLI IN NAGAON DIST",Works,Open Tender,Item Rate,Civil Works,No,No,NA ,12-Aug-2025 05:20 PM,20-Aug-2025 01:00 PM ,180.0,No ,No,Online,04-Sep-2025 02:30 PM,Animal Husbandry and Veterinary Department||Directorate of A.H. and Veterinary||Assam Livestock and Poultry Corporation Ltd.,Nagaon,782001.0,2.0,"44,96,500",GOPAL CHANDRA BORAH,"3,286,941.5",Rejected-Technical,20-Nov-2025,Animal Husbandry and Veterinary Department||Directorate of A.H. and Veterinary||Assam Livestock and Poultry Corporation Ltd.
2025_PWBNH_46538_1,Tech-I(H_E)/33/2025/15,"Infrastructure Development of Bhuragaon College (Construction of RCC G Plus 2 Academic Building and Renovation of Existing Assam Type Structures-Changing of Roofing Sheet), at Bhuragaon, Morigaon District","Infrastructure Development of Bhuragaon College (Construction of RCC G Plus 2 Academic Building and Renovation of Existing Assam Type Structures-Changing of Roofing Sheet), at Bhuragaon, Morigaon District",Works,Open Tender,Item Rate,Civil Works - Building,No,No,NA ,14-Aug-2025 06:30 PM,20-Aug-2025 11:30 AM ,180.0,No ,No,Online,26-Aug-2025 03:30 PM,Public Works Building and NH Department||Chief Engineer-Building - PWBNH,Morigaon,782105.0,2.0,"4,69,00,875",VM Associates,"49,550,000",Rejected-Technical,17-Nov-2025,Public Works Building and NH Department||Chief Engineer-Building - PWBNH
2025_BTC_45571_1,No.18/ACE/Infra/BTC/25-26/14,"Construction of New School Building at Jaraguri H.S. School, Kokrajhar. TN_11_01","Construction of New School Building at Jaraguri H.S. School, Kokrajhar. TN_11_01",Works,Open Tender,Item Rate,Civil Works - Building,No,No,NA ,16-Jul-2025 10:30 AM,NA ,180.0,No ,No,Online,07-Aug-2025 02:00 PM,Bodoland Territorial Council-PWD||Director Cum CHD - PWD BTC,Kokrajhar,783370.0,2.0,"1,64,28,156",BWHWITI BRAHMA,"16,428,100",Rejected-AOC,06-Nov-2025,Bodoland Territorial Council-PWD||Director Cum CHD - PWD BTC
2024_PWD_39242_31,CE/Com/9/RIDF-30/24-25/1-TG,TG/Kaliabor/6,"Construction of Tea Garden at Kalibor TE (i)Kalibor TE Bhutipukhuri at Topahala Line (ii) Kaliabor TE Borline Pt.1 (iii) Kaliabor TE Borline PT.2 under RIDF-XXX of NABARD for the year 2024-25 ,Kaliabor LAC",Works,Open Tender,Item Rate,Civil Works – Roads,No,No,NA ,26-Sep-2024 04:00 PM,NA ,180.0,No ,No,Online,16-Oct-2024 11:00 AM,Public Works Roads Department,Kaliabor,782137.0,2.0,"99,98,000",NABAJYOTI BORAH,"9,997,238",Accepted-AOC,20-Nov-2025,Public Works Roads Department
2025_PHED_45856_1,SEPH/GC/TB-152/Vol-XIII/25-26,"Implementation Of Water Supply Project At Baihata Shiv Mandir, Baihata","Implementation Of Water Supply Project At Baihata Shiv Mandir, Baihata under Rangia Division, Rangia under SOPD-G for the year 2024-25.",Works,Open Tender,Item Rate,Civil Works,No,No,NA ,24-Jul-2025 04:00 PM,31-Jul-2025 01:00 PM ,90.0,No ,No,Online,16-Aug-2025 03:00 PM,Public Health Engineering Department||Chief Engineer PHE(P)-Assam-PHED||Lower Assam Zone-Guwahati-PHED||Guwahati Circle-Guwahati-PHED,"Baihata Shiv Mandir, Baihata",781380.0,2.0,"22,80,408",SRI NILAM JYOTI DAS,"2,280,101",Rejected-Technical,06-Nov-2025,Public Health Engineering Department||Chief Engineer PHE(P)-Assam-PHED||Lower Assam Zone-Guwahati-PHED||Guwahati Circle-Guwahati-PHED
2025_PWBNH_44092_15,"CE/TB-VI/RIDF-XXX/1/2024/17 Dated Guwahati the 17th March, 2025","Construction of 126 Secondary Schools in 35 Districts of Assam under RIDF-XXX (2024-25) for (i) Katahguri A.U. H.S. , Nagaon (ii) Geruati High School, Nagaon, Assam (Gr-34)","Construction of 126 Secondary Schools in 35 Districts of Assam under RIDF-XXX (2024-25) for (i) Katahguri A.U. H.S. , Nagaon (ii) Geruati High School, Nagaon, Assam (Gr-34)",Works,Open Tender,Item Rate,Civil Works - Building,No,No,NA ,19-Apr-2025 09:00 AM,21-Apr-2025 11:30 AM ,180.0,No ,No,Online,15-May-2025 03:00 PM,Public Works Building and NH Department||Chief Engineer-Building - PWBNH,Nagaon,782001.0,2.0,"14,43,70,000",Tribeni Constructions Limited,"148,701,125",Rejected-AOC,14-Nov-2025,Public Works Building and NH Department||Chief Engineer-Building - PWBNH
2025_PWBNH_44010_14,"CE/TB-VI/ RIDF- XXX/ 1 /2024/ 13 Dated Guwahati the 4th March, 2025","Construction of 126 Secondary Schools in 35 Districts of Assam under RIDF-XXX (2024-25) for (i) Barpathar High School, Bokajan under Karbi Anglong DTBD (ii) BKB,Parkup Pahar High School, Rongmongve under Karbi Anglong DTBD (Gr-66)","Construction of 126 Secondary Schools in 35 Districts of Assam under RIDF-XXX (2024-25) for (i) Barpathar High School, Bokajan under Karbi Anglong DTBD (ii) BKB,Parkup Pahar High School, Rongmongve under Karbi Anglong DTBD (Gr-66)",Works,Open Tender,Item Rate,Civil Works - Building,No,No,NA ,08-Apr-2025 03:00 PM,09-Apr-2025 11:00 AM ,180.0,No ,No,Online,09-May-2025 03:00 PM,Public Works Building and NH Department||Chief Engineer-Building - PWBNH,Karbi Anglong,782460.0,2.0,"14,43,70,000",VERSHA TECHNOTRADE PVT LTD,"144,160,600",Rejected-Technical,20-Nov-2025,Public Works Building and NH Department||Chief Engineer-Building - PWBNH
2025_PWBNH_44092_17,"CE/TB-VI/RIDF-XXX/1/2024/17 Dated Guwahati the 17th March, 2025","Construction of 126 Secondary Schools in 35 Districts of Assam under RIDF-XXX (2024-25) for (i) Kadamoni Twon High School, Juria (ii)Chaparmukh B.B. Hansaria higher Secondary School, Kapili under Nagaon, BR(sc) D, R and S TBD (Gr-36)","Construction of 126 Secondary Schools in 35 Districts of Assam under RIDF-XXX (2024-25) for (i) Kadamoni Twon High School, Juria (ii)Chaparmukh B.B. Hansaria higher Secondary School, Kapili under Nagaon, BR(sc) D, R and S TBD (Gr-36)",Works,Open Tender,Item Rate,Civil Works - Building,No,No,NA ,19-Apr-2025 11:00 AM,21-Apr-2025 11:30 AM ,180.0,No ,No,Online,15-May-2025 03:00 PM,Public Works Building and NH Department||Chief Engineer-Building - PWBNH,Nagaon,782001.0,2.0,"14,43,70,000",Tribeni Constructions Limited,"148,701,125",Rejected-Technical,14-Nov-2025,Public Works Building and NH Department||Chief Engineer-Building - PWBNH
2025_PWBNH_46153_1,"TW-1/GBLD/2023-24/878-87, dt. 02-08-2025","Construction of Brick Drain alongwith Earth filling etc. at Female ward compound at the Transit camp Matia, Goalpara, Assam","Construction of Brick Drain alongwith Earth filling etc. at Female ward compound at the Transit camp Matia, Goalpara, Assam.",Works,Open Tender,Works,Civil Works - Building,No,No,NA ,05-Aug-2025 01:00 PM,12-Aug-2025 11:00 AM ,180.0,No ,No,Online,27-Aug-2025 12:00 PM,Public Works Building and NH Department||Chief Engineer-Building - PWBNH,"Matia, Goalpara",783125.0,2.0,"22,92,633",Sri Dilip Kumar Deka,"1,857,119",Rejected-AOC,01-Nov-2025,Public Works Building and NH Department||Chief Engineer-Building - PWBNH
2025_PWBNH_44074_21,"CE/TB-VI/RIDF-XXX/1/2024/15 Dated Guwahati the 17th March, 2025","Construction of 126 Secondary Schools in 35 Districts of Assam under RIDF-XXX (2024-25) for (i) Ushapur Higher secondary School, under Nahakatia Duliajan DTBD (Gr-55)","Construction of 126 Secondary Schools in 35 Districts of Assam under RIDF-XXX (2024-25) for (i) Ushapur Higher secondary School, under Nahakatia Duliajan DTBD (Gr-55)",Works,Open Tender,Item Rate,Civil Works - Building,No,No,NA ,12-Apr-2025 09:00 AM,21-Apr-2025 11:30 AM ,180.0,No ,No,Online,14-May-2025 03:00 PM,Public Works Building and NH Department||Chief Engineer-Building - PWBNH,NAHARKATIA,786610.0,2.0,"7,21,85,000",Achinta Bhattacharjya,"74,949,400",Accepted-AOC,01-Nov-2025,Public Works Building and NH Department||Chief Engineer-Building - PWBNH
2025_AHVD_46337_1,E-679310/2025-26/DFA/1367538,"REPAIRING OF THE QUARANTINE SHED INCLUDING APPROACH ROAD, WATER SUPPLY ARRANGEMENT FOR PIG STYS AND ELECTRICAL WORKS ETC. AT PIG BREEDING FARM, RANI IN KAMRUP(M) DIST","REPAIRING OF THE QUARANTINE SHED INCLUDING APPROACH ROAD, WATER SUPPLY ARRANGEMENT FOR PIG STYS AND ELECTRICAL WORKS ETC. AT PIG BREEDING FARM, RANI IN KAMRUP(M) DIST",Works,Open Tender,Item Rate,Civil Works,No,No,NA ,12-Aug-2025 05:00 PM,20-Aug-2025 01:00 PM ,180.0,No ,No,Online,04-Sep-2025 02:30 PM,Animal Husbandry and Veterinary Department||Directorate of A.H. and Veterinary||Assam Livestock and Poultry Corporation Ltd.,Rani,781131.0,2.0,"19,98,000",Rajib Mohan Das,"1,543,455",Rejected-Technical,20-Nov-2025,Animal Husbandry and Veterinary Department||Directorate of A.H. and Veterinary||Assam Livestock and Poultry Corporation Ltd.
2024_PWD_41308_25,"CE/DEV/TB/213/2024-25/19 Dtd. Guwahati, 11th December, 2024.",TE_RIDF_XXX_24_25_384 Construction of road from (i) Haticherra PWD Road to NH-27 via Nich line and (ii) Haticherra PWD Road to Biresh Mirdha House of Haticherra T.E. and Construction of Road from (i)Factory point to Molin Tanti House and (ii) Krishan,TE_RIDF_XXX_24_25_384 Construction of road from (i) Haticherra PWD Road to NH-27 via Nich line and (ii) Haticherra PWD Road to Biresh Mirdha House of Haticherra T.E. and Construction of Road from (i)Factory point to Molin Tanti House and (ii) Krishan,Works,Open Tender,Item Rate,Civil Works – Roads,No,No,NA ,17-Dec-2024 05:45 PM,17-Dec-2024 05:50 PM ,180.0,No ,No,Online,23-Dec-2024 02:30 PM,Public Works Roads Department,Cachar,788030.0,2.0,"2,00,00,000",SUJIT KUMAR DEB,"20,000,000",Not Admitted-Fee/PreQual/Technical,17-Nov-2025,Public Works Roads Department
2025_BoTC_45241_1,DPRD/BTC/15th FC/UT(VIII)/Udl-10/2025/09,Const. of LP School Room at Batabari under 15th FC Fund (Untied Grant) for the year 2023-24 during 2025-26.,DPRD/BTC/15th FC/UT(VIII)/Udl-10/2025/09,Works,Open Tender,Item Rate,Civil Works,No,No,NA ,30-Jun-2025 10:30 AM,NA ,180.0,No ,No,Online,15-Jul-2025 03:30 PM,Bodoland Territorial Council||Panchayat and Rural Development-BTC,Mazbat Udalguri,784507.0,2.0,"40,00,000",HEMEN HAINARI,"3,875,991.27",Accepted-AOC,25-Jul-2025,Bodoland Territorial Council||Panchayat and Rural Development-BTC
2025_BoTC_45735_1,HT/03/2025-26,Supply of frame looms with Jacquard,Supply of frame looms with Jacquard with let off and take off attachment under BHM for the year 2025-26,Goods,Open Tender,Supply,Miscellaneous Goods,No,No,NA ,18-Jul-2025 02:00 PM,NA ,180.0,No ,No,Online,05-Aug-2025 03:30 PM,Bodoland Territorial Council||Handloom and Textile-BTC,KOKRAJHAR,783370.0,2.0,"2,35,04,000",Sri Miniswrang Basumatary,"23,549,200",Accepted-AOC,20-Nov-2025,Bodoland Territorial Council||Handloom and Textile-BTC
2025_PHED_47105_1,SEPHE/GC/TB-152/Vol-XV/25-26,CONSTRUCTION OF PROPOSED PERMANENT SANITATION FACILITY WITH RUNNING WATER PROVISION AT KHANAPARA VATERINARY FIELD 5 BLOCKS X 10 UNITS Equal to 50 UNITS,CONSTRUCTION OF PROPOSED PERMANENT SANITATION FACILITY WITH RUNNING WATER PROVISION AT KHANAPARA VATERINARY FIELD 5 BLOCKS X 10 UNITS Equal to 50 UNITS UNDER GUWAHATI DIVISION NO-I UNDER SOPD-G FOR THE YEAR 2024-25,Works,Open Tender,Item Rate,Civil Works,No,No,NA ,29-Aug-2025 04:00 PM,05-Sep-2025 01:00 PM ,90.0,No ,No,Online,20-Sep-2025 03:00 PM,Public Health Engineering Department||Chief Engineer PHE(P)-Assam-PHED||Lower Assam Zone-Guwahati-PHED||Guwahati Circle-Guwahati-PHED,Khanapara,781022.0,2.0,"1,93,72,000",KUSHAN CHOUDHURY,"19,371,340",Rejected-Technical,04-Nov-2025,Public Health Engineering Department||Chief Engineer PHE(P)-Assam-PHED||Lower Assam Zone-Guwahati-PHED||Guwahati Circle-Guwahati-PHED
2025_PHED_45273_1,SEPH/NL/2025-26/TC-8(PT-2)/299,Construction of office building of the superintending Engineer (PHE) North Lakhimpur Circle and Assistant Executive Engineer (PHE) North Lakhimpur Sub Division under SOPD,Construction of office building of the superintending Engineer (PHE) North Lakhimpur Circle and Assistant Executive Engineer (PHE) North Lakhimpur Sub Division under SOPD,Works,Open Tender,Item Rate,Civil Works - Building,No,No,NA ,01-Jul-2025 06:30 PM,04-Jul-2025 11:00 AM ,180.0,No ,No,Online,18-Jul-2025 03:00 PM,Public Health Engineering Department||Chief Engineer PHE(P)-Assam-PHED||North Assam Zone-Tezpur-PHED||North Lakhimpur Circle-North Lakhimpur-PHED,O/o Superintending Engineering PHE NL Circle,787001.0,2.0,"63,36,000",MD NAZIUR RAHMAN,"6,336,000",Rejected-Technical,14-Nov-2025,Public Health Engineering Department||Chief Engineer PHE(P)-Assam-PHED||North Assam Zone-Tezpur-PHED||North Lakhimpur Circle-North Lakhimpur-PHED
2025_PCCF_47323_1,NIT No. 014,Supply of Elephant Feed for departmental captive Elephant under Pobitora Wildlife Sanctuary for a period of 365 days,Supply of Elephant Feed for departmental captive Elephant under Pobitora Wildlife Sanctuary for a period of 365 days,Goods,Open Tender,Supply,Supply of Materials,No,No,NA ,05-Sep-2025 06:30 PM,09-Sep-2025 11:30 AM ,180.0,No ,No,Online,26-Sep-2025 11:30 AM,Pr. Chief Conservator of Forest and Head of Forest Force||Principal Chief Conservator of Forests(Wildlife and Ch. Wildlife Warden)||Guwahati Wildlife Division,Pobitora Wildlife Sanctuary,781029.0,2.0,"34,62,656",PANKAJ KR SAIKIA,"3,462,656",Rejected-AOC,04-Nov-2025,Pr. Chief Conservator of Forest and Head of Forest Force||Principal Chief Conservator of Forests(Wildlife and Ch. Wildlife Warden)||Guwahati Wildlife Division
2025_WPTBC_47379_1,PTDC/Engg/2024-25/370,"Administrative Approval for an amount of Rs. 204.5080 Lakh only for water supply scheme at Jorhat Engineering College, Jorhat under SOPD ODS during the year 2023-24","Administrative Approval for an amount of Rs. 204.5080 Lakh only for water supply scheme at Jorhat Engineering College, Jorhat under SOPD ODS during the year 2023-24",Works,Open Tender,Item Rate,Civil Works,No,No,NA ,09-Sep-2025 09:00 AM,17-Sep-2025 11:00 AM ,180.0,No ,No,Online,19-Sep-2025 03:00 PM,Welfare of Plain Tribes and Backward Classes||Director - WPT and BC||Assam Plains Tribes Development Corporation Ltd.,Jorhat Engineering College,785007.0,2.0,"2,04,50,800",M/S. Sanjib Dutta,"20,450,800",Rejected-Technical,26-Nov-2025,Welfare of Plain Tribes and Backward Classes||Director - WPT and BC||Assam Plains Tribes Development Corporation Ltd.
2025_ID_47282_1,JTD(I)/W-578/E-Tender/25-26/17,Installation of Solar Shallow Tube Well Scheme (4 Points) at Teok LAC under SOPD_G for the year 2025_26,Installation of Solar Shallow Tube Well Scheme (4 Points) at Teok LAC under SOPD_G for the year 2025_26,Works,Open Tender,Item Rate,Composite Works,No,No,NA ,04-Sep-2025 06:00 PM,NA ,180.0,No ,No,Online,24-Sep-2025 03:00 PM,Irrigation Department||Chief Engineer(Major)-Irrigation Dept||Jorhat Circle||Jorhat Dergaon Teok Division,Jorhat,785001.0,2.0,"13,35,970",Amritakshya Dutta,"667,600",Accepted-AOC,04-Nov-2025,Irrigation Department||Chief Engineer(Major)-Irrigation Dept||Jorhat Circle||Jorhat Dergaon Teok Division
2025_PWBNH_44074_9,"CE/TB-VI/RIDF-XXX/1/2024/15 Dated Guwahati the 17th March, 2025","Construction of 126 Secondary Schools in 35 Districts of Assam under RIDF-XXX (2024-25) for (i) NamoniSubansiri High School, Narayanpur (ii)Harmoti Higher Secondary School, Bihpuria under Lakhimpur DTBD (Gr-44)","Construction of 126 Secondary Schools in 35 Districts of Assam under RIDF-XXX (2024-25) for (i) NamoniSubansiri High School, Narayanpur (ii)Harmoti Higher Secondary School, Bihpuria under Lakhimpur DTBD (Gr-44)",Works,Open Tender,Item Rate,Civil Works - Building,No,No,NA ,11-Apr-2025 05:00 PM,21-Apr-2025 11:30 AM ,180.0,No ,No,Online,13-May-2025 03:00 PM,Public Works Building and NH Department||Chief Engineer-Building - PWBNH,Lakhimpur,787001.0,2.0,"14,43,70,000",Power Tools and Engineering,"143,174,000",Rejected-AOC,04-Nov-2025,Public Works Building and NH Department||Chief Engineer-Building - PWBNH
2025_BTC_46174_1,No.22/PWD/Infra/BTC/25-26/22,Const. of Indoor Stadium at Bodoland University in Kokrajhar District. TN_36_04,Const. of Indoor Stadium at Bodoland University in Kokrajhar District. TN_36_04,Works,Open Tender,Item Rate,Civil Works - Building,No,No,NA ,07-Aug-2025 10:30 AM,NA ,180.0,No ,No,Online,21-Aug-2025 02:00 PM,Bodoland Territorial Council-PWD||Director Cum CHD - PWD BTC,Kokrajhar,783370.0,2.0,"49,97,746",DHILAN BASUMATARY,"4,997,000",Rejected-AOC,04-Nov-2025,Bodoland Territorial Council-PWD||Director Cum CHD - PWD BTC
2025_PWBNH_47523_1,"CS/SE/GBC/2025-26/07/59-A, Dated 11-09-2025",Construction of Assam Type Birubala Rabha Cultural Bhawan at Maladhara Kha Zamat Goalpara under Border Area Development Fund for the year 2024-25,Construction of Assam Type Birubala Rabha Cultural Bhawan at Maladhara Kha Zamat Goalpara under Border Area Development Fund for the year 2024-25,Works,Open Tender,Works,Civil Works,No,No,NA ,16-Sep-2025 04:00 PM,25-Sep-2025 12:00 PM ,180.0,No ,No,Online,08-Oct-2025 12:00 PM,Public Works Building and NH Department||Chief Engineer-Building - PWBNH,"Maladhara, Goalpara",783120.0,2.0,"28,60,072",Dinabandhu Das,"2,033,000",Rejected-Technical,03-Nov-2025,Public Works Building and NH Department||Chief Engineer-Building - PWBNH
2025_ICD_47800_1,E-708252 date 03/10/2025,Design and Decoration of both interior and exterior of Assam Pavilion including Theme Pavilion at Bharat Mandapam/Pragati Maidan New Delhi for India International Trade Fair 2025,Design and Decoration of both interior and exterior of Assam Pavilion including Theme Pavilion at Bharat Mandapam/ Pragati Maidan New Delhi for India International Trade Fair 2025,Works,Open Tender,Turn-key,Composite Works,No,No,NA ,04-Oct-2025 02:00 PM,NA ,45.0,No ,No,Online,14-Oct-2025 03:00 PM,Industries and Commerce Department||Commissioner Industries and Commerce Assam||Office of the Ex Engineer,"Pragati Maidan, New Delhi",110001.0,2.0,"67,00,000",Bigspace Advertising & Events,"6,690,000",Rejected-Technical,01-Nov-2025,Industries and Commerce Department||Commissioner Industries and Commerce Assam||Office of the Ex Engineer
2025_PHED_46258_1,SEPH/GC/TB-152/Vol-XI/2025-26,"PROVIDING DRINKING WATER SUPPLY ARRANGEMENT INSIDE JYOTI CHITRABAN CAMPUS, KAHILIPARA, GUWAHATI","PROVIDING DRINKING WATER SUPPLY ARRANGEMENT INSIDE JYOTI CHITRABAN CAMPUS, KAHILIPARA, GUWAHATI",Works,Open Tender,Item Rate,Civil Works,No,No,NA ,08-Aug-2025 04:00 PM,16-Aug-2025 02:00 PM ,90.0,No ,No,Online,01-Sep-2025 03:00 PM,Public Health Engineering Department||Chief Engineer PHE(P)-Assam-PHED||Lower Assam Zone-Guwahati-PHED||Guwahati Circle-Guwahati-PHED,kahilipara,781019.0,2.0,"1,58,35,000",Parag Kalita,"15,834,773",Accepted-AOC,29-Oct-2025,Public Health Engineering Department||Chief Engineer PHE(P)-Assam-PHED||Lower Assam Zone-Guwahati-PHED||Guwahati Circle-Guwahati-PHED
2025_GMDA_47820_1,GMDA/DEV/46/2025/Pt-I/9,"Rejuvenation and Bioremediation of Silsako Beel, Guwahati, Assam under PMKSY HKKP RRR Excavation of Silsako Beel Part 9A","Rejuvenation and Bioremediation of Silsako Beel, Guwahati, Assam under PMKSY HKKP RRR Excavation of Silsako Beel",Works,Open Tender,Item Rate,Civil Works,No,No,NA ,04-Oct-2025 04:45 PM,09-Oct-2025 02:30 PM ,180.0,No ,No,Online,31-Oct-2025 03:00 PM,Guwahati Metropolitan Development Authority||Guwahati Development Department - GMDA,Guwahati,781005.0,2.0,"12,90,16,000",RAKESH KUMAR SINGH,"129,015,375.45",Rejected-AOC,18-Nov-2025,Guwahati Metropolitan Development Authority||Guwahati Development Department - GMDA
2025_APGCL_44075_1,APGCL/CGM NRE/ PROJ/ 50MW_LKSPV_CIVIL/2024/4028/06,"Topographical survey for proposed Lower Kopili 50MW Solar SPV plant,","Topographical survey for proposed Lower Kopili 50MW Solar SPV plant, APGCL, Longku, Dima Hasao, Assam-788931.",Services,Open Tender,Works,Miscellaneous Services,No,No,NA ,12-Apr-2025 04:00 PM,23-Apr-2025 11:30 AM ,180.0,No ,No,Online,02-May-2025 02:00 PM,Assam Power Generation Company Limited,"Longku, Dima Hasao",788931.0,2.0,,CESTA ENTERPRISE,"241,605",Rejected-Finance,06-Nov-2025,Assam Power Generation Company Limited
2025_UDD_46493_1,TMB(Tech)15th FC/(Untied Grant)/1177(68A),Construction of RCC Drain at Matri Nagar Main Road (Left),Construction of RCC Drain at Matri Nagar Main Road (Left),Works,Open Tender,Works,Civil Works,No,No,NA ,14-Aug-2025 02:00 PM,NA ,180.0,No ,No,Online,08-Sep-2025 11:00 AM,Urban Development Department||Directorate of Municipality Administration - UDD||Tinsukia Municipal Board,Tinsukia,786125.0,2.0,"44,66,000",Babar Ali Khan,"4,014,934",Accepted-AOC,11-Oct-2025,Urban Development Department||Directorate of Municipality Administration - UDD||Tinsukia Municipal Board
2025_FD_47036_1,AFD(SM)-36/PMMSY/2023-24/152,"Supply of Fish Seed, Size Grater than 5 Inch Indian Major Carp and Exotic Carp under components for Inputs for Fresh Water Aquaculture and Paddy cum Fish culture","Supply of Fish Seed, Size Grater than 5 Inch Indian Major Carp and Exotic Carp under components for Inputs for Fresh Water Aquaculture and Paddy cum Fish culture",Goods,Open Tender,Supply,Crop Products,No,No,NA ,28-Aug-2025 02:00 PM,NA ,180.0,No ,No,Online,19-Sep-2025 01:00 PM,Department of Fisheries||Directorate of Fisheries Assam||DDF LAZ Howly||DFDO South Salmara,SOUTH SALMARA MANKACHAR,783135.0,2.0,"5,50,000",Hatsingimari Farmers Producer company Limited,"548,900",Rejected-Technical,10-Nov-2025,Department of Fisheries||Directorate of Fisheries Assam||DDF LAZ Howly||DFDO South Salmara
2025_GMDA_47819_1,GMDA/DEV/46/2025/Pt-I/8,"Rejuvenation and Bioremediation of Silsako Beel, Guwahati, Assam under PMKSY HKKP RRR Excavation of Silsako Beel Part 4B","Rejuvenation and Bioremediation of Silsako Beel, Guwahati, Assam under PMKSY HKKP RRR Excavation of Silsako Beel",Works,Open Tender,Item Rate,Civil Works,No,No,NA ,04-Oct-2025 04:20 PM,09-Oct-2025 02:30 PM ,180.0,No ,No,Online,31-Oct-2025 03:00 PM,Guwahati Metropolitan Development Authority||Guwahati Development Department - GMDA,Guwahati,781005.0,2.0,"10,05,45,000",M/S DHANSIRI ASSOCIATES,"100,544,753.08",Rejected-AOC,18-Nov-2025,Guwahati Metropolitan Development Authority||Guwahati Development Department - GMDA
2025_SE_46285_1,ASSEBDIEOROB20250507,RENOVATION OF ASSEB DIVISION-I OFFICE BUILDING,"Propose Renovation of ASSEB (Div.-I) Office Building at Bamunimaidam, Guwahati - 21, Assam",Works,Open Tender,Works,Civil Works,No,No,NA ,11-Aug-2025 03:00 PM,NA ,90.0,No ,No,Online,04-Sep-2025 12:00 PM,SECONDARY EDUCATION DEPARTMENT ASSAM||Board of Secondary Education Assam,Bamunimaidam Guwahati,781021.0,2.0,"1,04,00,000",Arsiddh Infraprojects,"8,081,000",Rejected-AOC,12-Nov-2025,SECONDARY EDUCATION DEPARTMENT ASSAM||Board of Secondary Education Assam
2025_PWBNH_45280_1,SE(B)/DBC/MC/JJMP/25-26/229,"Land Development and Construction of Boundary Wall at Jopora Jogodha Memorial Park and Sports Training Institute at Motaopung, Tinsukia under One Time Special Grant for Development of Moran Community (Phase-II)","Land Development and Construction of Boundary Wall at Jopora Jogodha Memorial Park and Sports Training Institute at Motaopung, Tinsukia under One Time Special Grant for Development of Moran Community (Phase-II)",Works,Open Tender,Item Rate,Civil Works - Building,No,No,NA ,02-Jul-2025 12:35 PM,09-Jul-2025 11:00 AM ,180.0,No ,No,Online,22-Jul-2025 03:00 PM,Public Works Building and NH Department||Chief Engineer-Building - PWBNH,TINSUKIA,786170.0,2.0,"29,08,074",SANJIB CHUTIA,"2,905,000",Rejected-Technical,07-Nov-2025,Public Works Building and NH Department||Chief Engineer-Building - PWBNH
2023_PWBNH_29531_7,CE/ARC-I/01/2023/3 Dated Guwahati the 1st Feb 2023,"Consultancy services for the work Transformation of School in Assam under NESID scheme for i. Nakachari HS School, Mariani, Dist Jorhat ii. Sankardev Seminary, Dist Jorhat","Consultancy services for the work Transformation of School in Assam under NESID scheme for i. Nakachari HS School, Mariani, Dist Jorhat ii. Sankardev Seminary, Dist Jorhat",Works,Open Tender,Item Rate,Civil Works - Building,No,No,NA ,24-Feb-2023 04:00 PM,27-Feb-2023 10:00 AM ,180.0,No ,No,Online,04-Mar-2023 03:00 PM,Public Works Building and NH Department||Chief Engineer-Building - PWBNH,Jorhat,785001.0,2.0,"50,82,300",Ks Design Cell,"5,049,000",Rejected-AOC,10-Nov-2025,Public Works Building and NH Department||Chief Engineer-Building - PWBNH
2025_PWBNH_42536_3,CE/TB-VI/RIDF-XXX/1/2024/07 Dated Guwahati the 04th Feb 2025,"Construction of 126 Secondary Schools in 35 districts of Assam under RIDF XXX (2024-25) for (i) Sissi Chariali HSS, Dhemaji, (ii) Dibrugarh Mishing HSS, Dhemaji under Dhemaji DTBD (Gr-49)","Construction of 126 Secondary Schools in 35 districts of Assam under RIDF XXX (2024-25) for (i) Sissi Chariali HSS, Dhemaji, (ii) Dibrugarh Mishing HSS, Dhemaji under Dhemaji DTBD (Gr-49)",Works,Open Tender,Item Rate,Civil Works - Building,No,No,NA ,05-Feb-2025 05:00 PM,10-Feb-2025 11:30 AM ,180.0,No ,No,Online,06-Mar-2025 03:00 PM,Public Works Building and NH Department||Chief Engineer-Building - PWBNH,Dhemaji,787057.0,2.0,"14,43,70,000",Sunwin Energy and Infra Pvt Ltd,"144,370,000",Rejected-AOC,15-Nov-2025,Public Works Building and NH Department||Chief Engineer-Building - PWBNH
2025_PCCF_46653_1,B/153/Tender/2025-26/725 dated 19.08.2025,De-siltation of Satsimolu Beel in Orang National Park,De-siltation of Satsimolu Beel in Orang National Park and Tiger Reserve under APFBC Ph II,Works,Open Tender,Percentage,Civil Works,No,No,NA ,20-Aug-2025 10:00 AM,NA ,180.0,No ,No,Online,11-Sep-2025 11:00 AM,"Pr. Chief Conservator of Forest and Head of Forest Force||Principal Chief Conservator of Forests(Wildlife and Ch. Wildlife Warden)||Mangaldai Wildlife Division, Darrang","Orang National Park, Silbori, Darrang, Assam",784114.0,2.0,"1,50,00,000",Sri Krishna Barman,"14,250,000",Rejected-Technical,04-Nov-2025,"Pr. Chief Conservator of Forest and Head of Forest Force||Principal Chief Conservator of Forests(Wildlife and Ch. Wildlife Warden)||Mangaldai Wildlife Division, Darrang"
2025_BTC_45714_13,No.125/ACE/NIT/Infra/BTC/22-23,"Construction of Main Gate along with protection bank beautification of existing pond of Maha Purush Srimanta Sankardev Satra at Sankar Nagar, Udalguri in Udalguri District. (TN_15_13)","Construction of Main Gate along with protection bank beautification of existing pond of Maha Purush Srimanta Sankardev Satra at Sankar Nagar, Udalguri in Udalguri District.",Works,Open Tender,Item Rate,Civil Works - Building,No,No,NA ,18-Jul-2025 10:00 AM,NA ,180.0,No ,No,Online,08-Aug-2025 03:00 PM,Bodoland Territorial Council-PWD||Director Cum CHD - PWD BTC,Udalguri,784509.0,2.0,"58,86,200",ASHOK KUMAR BAJAJ,"5,885,901",Accepted-AOC,17-Nov-2025,Bodoland Territorial Council-PWD||Director Cum CHD - PWD BTC
2025_KAAC_46404_1,NoACEH/CS/SSA/03/2025-26/SL15,Construction of 50 bedded hostel separately for boys and girls under Dharti Aaba Janjatiya Gram Utkarsh Abhiyan at Dhentaghat English Medium High School,Construction of 50 bedded hostel separately for boys and girls under Dharti Aaba Janjatiya Gram Utkarsh Abhiyan at Dhentaghat English Medium High School.,Works,Open Tender,Item Rate,Civil Works - Building,No,No,NA ,18-Aug-2025 11:00 AM,20-Aug-2025 12:00 PM ,180.0,No ,No,Online,30-Aug-2025 11:00 AM,Karbi Anglong Autonomous Council||PWD||Addl. Chief Engineer Diphu,Samelangso,782441.0,2.0,"3,78,75,000",Aman Berlia,"36,530,437.51",Accepted-AOC,07-Nov-2025,Karbi Anglong Autonomous Council||PWD||Addl. Chief Engineer Diphu
2025_DoWR_43242_2,DIBRUGARH/2024-25/SOPD G/IV,AE measures to L/B of river Buridehing at Chenimari area D/S of Gammon bridge.,AE measures to L/B of river Buridehing at Chenimari area D/S of Gammon bridge.,Works,Open Tender,Works,Civil Works,No,No,NA ,05-Jun-2025 06:55 PM,NA ,180.0,No ,No,Online,26-Jun-2025 03:00 PM,Department of Water Resources||Chief Engineer - DoWR,Dibrugarh,786001.0,2.0,"2,22,29,494",SURESH KUMAR AGARWALLA,"22,199,400.12",Rejected-AOC,15-Nov-2025,Department of Water Resources||Chief Engineer - DoWR
2025_PWD_47393_1,CE/DEV/TB/139/2025-26/02 Dtd- 22.08.2025,"SOPD_G_25_26_34 Construction of Drainage Network (Tertiary Drain) including restoration of Road under Morigaon District Trritorial Road Division , Morigaon LAC (Part-I)","SOPD_G_25_26_34 Construction of Drainage Network (Tertiary Drain) including restoration of Road under Morigaon District Trritorial Road Division , Morigaon LAC (Part-I)",Works,Open Tender,Item Rate,Civil Works – Roads,No,No,NA ,09-Sep-2025 03:00 PM,12-Sep-2025 12:00 PM ,180.0,No ,No,Online,26-Sep-2025 02:30 PM,Public Works Roads Department,Morigaon,782105.0,2.0,"4,98,11,000",ANJAN KUMAR NATH,"49,810,900",Rejected-Finance,25-Nov-2025,Public Works Roads Department
2025_AHVD_46337_4,E-679310/2025-26/DFA/1367538,"REPAIRING OF OFFICE BUILDING, MANAGER QTR., GRADE- 3 AND GRADE 4 QTR, LABOUR BARRACK, CONSTRUCTION OF WHEEL DEEP, LAND DEVELOPMENT, JUNGLE CLEARANCE, SIGN BOARD ETC. AT NUCLEUS PIG BREEDING FARM, KATHIATOLI IN NAGAON DIST","REPAIRING OF OFFICE BUILDING, MANAGER QTR., GRADE- 3 AND GRADE 4 QTR, LABOUR BARRACK, CONSTRUCTION OF WHEEL DEEP, LAND DEVELOPMENT, JUNGLE CLEARANCE, SIGN BOARD ETC. AT NUCLEUS PIG BREEDING FARM, KATHIATOLI IN NAGAON DIST",Works,Open Tender,Item Rate,Civil Works,No,No,NA ,12-Aug-2025 05:40 PM,20-Aug-2025 01:00 PM ,180.0,No ,No,Online,04-Sep-2025 02:30 PM,Animal Husbandry and Veterinary Department||Directorate of A.H. and Veterinary||Assam Livestock and Poultry Corporation Ltd.,Nagaon,782001.0,2.0,"25,23,900",GOPAL CHANDRA BORAH,"1,844,970.9",Rejected-Technical,20-Nov-2025,Animal Husbandry and Veterinary Department||Directorate of A.H. and Veterinary||Assam Livestock and Poultry Corporation Ltd.
2025_GU_44070_1,T/25-26/07 Dated 09.04.2025,Renovation upgradation of electrical distribution system of Gauhati University and Laying underground UG cable to RCC-1 and RCC-2 Boys Hostel including necessary civil works,Renovation upgradation of electrical distribution system of Gauhati University and Laying underground UG cable to RCC-1 and RCC-2 Boys Hostel including necessary civil works,Works,Open Tender,Item Rate,Composite Works,No,No,NA ,11-Apr-2025 02:00 PM,28-Apr-2025 02:00 PM ,180.0,No ,No,Online,06-May-2025 02:00 PM,Gauhati University,Gauhati University,781014.0,2.0,"1,03,47,395",Bora Electricals,"7,954,068",Rejected-Finance,27-Nov-2025,Gauhati University
2025_PWBNH_46136_1,TECH/U_BDTD/BLDG/IFB/2025-26,"Construction of Approach Road, Platform and External Electrification in the 3 no. Shapkhaiti Rajahuwa Smasan","Construction of Approach Road, Platform and External Electrification in the 3 no. Shapkhaiti Rajahuwa Smasan",Works,Open Tender,Item Rate,Civil Works - Building,No,No,NA ,05-Aug-2025 10:00 AM,13-Aug-2025 11:00 AM ,180.0,No ,No,Online,19-Aug-2025 04:00 PM,Public Works Building and NH Department||Chief Engineer-Building - PWBNH,Udalguri,784509.0,2.0,"29,86,000",ASHOK KUMAR BAJAJ,"2,985,890",Accepted-AOC,07-Nov-2025,Public Works Building and NH Department||Chief Engineer-Building - PWBNH
2025_BoTC_45728_1,IND/CHD/G-126/2022-23/Pt-I/406,Human Resource Development under Project Management Unit for Authorized User Registration for GI Product,Human Resource Development under Project Management Unit for Authorized User Registration for GI Product,Services,Open Tender,Percentage,Miscellaneous Services,No,No,NA ,18-Jul-2025 01:30 PM,NA ,180.0,No ,No,Online,04-Aug-2025 10:30 AM,Bodoland Territorial Council||Small Cottage and Rural Industry-BTC,Kokrajhar,783370.0,2.0,"1,00,00,746",NRDS Management Private Limited,"10,000,246",Rejected-Finance,04-Nov-2025,Bodoland Territorial Council||Small Cottage and Rural Industry-BTC
2025_AEGCL_45018_1,AEGCL/Tech-343/2024/Battery Bank/Bid (R),"Supply, erection and commissioning of battery bank and battery charger at substations in AEGCL","Supply, erection and commissioning of battery bank and battery charger at substations under Lower Assam Region in AEGCL",Works,Open Tender,Works,Electrical Works,No,No,NA ,20-Jun-2025 10:00 AM,NA ,180.0,No ,No,Online,11-Jul-2025 05:00 PM,Assam Electricity Grid Corporation Ltd||CGM (T and T),Lower Assam Region as per BoQ,781001.0,2.0,"90,88,555",UNITEK PROJECT & SYSTEMS,"7,846,607",Rejected-Finance,29-Nov-2025,Assam Electricity Grid Corporation Ltd||CGM (T and T)
2025_PCCF_42275_1,FSET/B/D-07/Tender/2025/3925 Date 20/01/25,Construction of chain-link fencing with RCC posts at Koilajuli,Installation of 4 feet high chain-link fencing 10 gauge 3 inch mesh with 3 strands of barbed wire 1 below 2 above supported by pre-cast RCC pillars 2.1m x 0.125m x 0.125m at 2.5m intervals covering 2202 RM,Works,Open Tender,Works,Civil Works - Others,No,No,NA ,21-Jan-2025 10:00 AM,24-Jan-2025 11:30 AM ,180.0,No ,No,Online,10-Feb-2025 04:30 PM,"Pr. Chief Conservator of Forest and Head of Forest Force||Chief Conservator of Forests (Upper Assam Zone)||Northern Assam Circle, Tezpur||Sonitpur East Division",Koilajuli inside Biswanath RF under Pabhoi Range,784176.0,2.0,"36,57,522",Airsense,"3,291,769.8",Accepted-AOC,22-Apr-2025,"Pr. Chief Conservator of Forest and Head of Forest Force||Chief Conservator of Forests (Upper Assam Zone)||Northern Assam Circle, Tezpur||Sonitpur East Division"
2025_PWBNH_46256_1,CE/TB-VII/89/2025/ 3 Dated Guwahati the 28thJuly 2025,Jagannath Community and Skill Centre at Balijan T.E.under Golaghat LAC (Pkg. No.147),Jagannath Community and Skill Centre at Balijan T.E.under Golaghat LAC (Pkg. No.147),Works,Open Tender,Item Rate,Civil Works - Building,No,No,NA ,08-Aug-2025 04:00 PM,11-Aug-2025 11:00 AM ,180.0,No ,No,Online,22-Aug-2025 03:00 PM,Public Works Building and NH Department||Chief Engineer-Building - PWBNH,Golaghat,785621.0,2.0,"1,40,73,143",Bibhuti Bhushan Bora,"11,999,903",Accepted-AOC,27-Nov-2025,Public Works Building and NH Department||Chief Engineer-Building - PWBNH
2025_KAAC_46601_1,ACEH/CS/SSA/03/2025-26/NSL58,Construction of 50 bedded hostel separately for boys and girls at Jengkha HS School under the scheme Dharti Aaba Janjatiya Gram Utkarsh Abhiyan,Construction of 50 bedded hostel separately for boys and girls at Jengkha HS School under the scheme Dharti Aaba Janjatiya Gram Utkarsh Abhiyan,Works,Open Tender,Item Rate,Civil Works - Building,No,No,NA ,18-Aug-2025 11:00 AM,20-Aug-2025 12:00 PM ,180.0,No ,No,Online,30-Aug-2025 11:00 AM,Karbi Anglong Autonomous Council||PWD||Addl. Chief Engineer Diphu,Rongkhang,782485.0,2.0,"3,78,75,000",M/S N.N. CONSTRUCTION,"37,117,500.06",Accepted-AOC,14-Nov-2025,Karbi Anglong Autonomous Council||PWD||Addl. Chief Engineer Diphu
2025_APDCL_45110_1,CAR/IARI/Dhemaji/T-302,"Construction of 33 KV Line and 33/11 KV, 2.5 MVA Sub-station including terminal equipments and control room for providing power supply to Indian Agricultural Research Institute under Ghilamara Electrical Sub-Division of North Lakhimpur Electrical C","Construction of 33 KV Line and 33/11 KV, 2.5 MVA Sub-station including terminal equipments and control room for providing power supply to Indian Agricultural Research Institute under Ghilamara Electrical Sub-Division of North Lakhimpur EC",Works,Open Tender,Turn-key,Electrical Works,No,No,NA ,23-Jun-2025 06:00 PM,27-Jun-2025 02:00 PM ,180.0,No ,No,Online,19-Jul-2025 04:00 PM,Assam Power Distribution Company Ltd||CGM(D) Central Assam Region - APDCL,Ghilamara,787053.0,2.0,"1,41,70,078",M/S SWARAJ CONSTRUCTION,"11,445,038.84",Rejected-Technical,10-Nov-2025,Assam Power Distribution Company Ltd||CGM(D) Central Assam Region - APDCL
2025_UDD_47283_1,No.MMB 46(Conventional Hall)/2025-26/01,Convention Hall,"Construction of Convention Hall for Morigaon Municipal Board at Morigaon Towm, Assam",Works,Open Tender,Works,Civil Works - Building,No,No,NA ,05-Sep-2025 01:00 PM,11-Sep-2025 11:30 AM ,180.0,No ,No,Online,07-Oct-2025 11:30 AM,Urban Development Department||Directorate of Municipality Administration - UDD||Morigaon Municipal Board,"Morigaon Town , Ward 2",782105.0,2.0,"3,79,13,800",BARUN AGARWALA,"37,913,799",Accepted-AOC,10-Nov-2025,Urban Development Department||Directorate of Municipality Administration - UDD||Morigaon Municipal Board
2025_PHED_47669_1,NIT-05 of 2025-26,Shifting of water supply utilities of MATHAWONI PWSS under Dibrugarh (PHE) Division (SOPD),Shifting of water supply utilities of MATHAWONI PWSS under Dibrugarh (PHE) Division (SOPD),Works,Open Tender,Percentage,Civil Works,No,No,NA ,26-Sep-2025 10:00 AM,NA ,90.0,No ,No,Online,17-Oct-2025 11:00 AM,Public Health Engineering Department||Chief Engineer PHE(P)-Assam-PHED||Upper Assam Zone-Nagaon-PHED||Dibrugarh Circle-Dibrugarh-PHED,Dibrugarh,785667.0,2.0,"20,25,704",TRIDIP CHETIA,"1,924,418",Rejected-Finance,07-Nov-2025,Public Health Engineering Department||Chief Engineer PHE(P)-Assam-PHED||Upper Assam Zone-Nagaon-PHED||Dibrugarh Circle-Dibrugarh-PHED
2025_PWBNH_48082_1,DDTBDD/CS/1/2025-26/1456,Repairing Painting of RCC G plus 2 MCH Building at Dhemaji Civil Hospital,Repairing Painting of RCC G plus 2 MCH Building at Dhemaji Civil Hospital,Works,Open Tender,Item Rate,Civil Works - Building,No,No,NA ,16-Oct-2025 03:00 PM,NA ,180.0,No ,No,Online,07-Nov-2025 03:00 PM,Public Works Building and NH Department||Chief Engineer-Building - PWBNH||Lakhimpur Circle - PWBNH||Dhemaji District Territorial Building Division,Kuaphala,787057.0,2.0,"35,59,269",Kushal Konch,"3,880,220.25",Rejected-AOC,21-Nov-2025,Public Works Building and NH Department||Chief Engineer-Building - PWBNH||Lakhimpur Circle - PWBNH||Dhemaji District Territorial Building Division
2025_BoTC_45731_1,HT/01/2025-26,Supply of fly-shuttle frame looms with accessories,Supply of fly-shuttle frame looms with accessories to passed out trainees for self-employment of 12 Nos of Handloom Training Centres under SOPD for the year 2025-26,Goods,Open Tender,Supply,Supply of Materials,No,No,NA ,18-Jul-2025 01:30 PM,NA ,180.0,No ,No,Online,05-Aug-2025 03:30 PM,Bodoland Territorial Council||Handloom and Textile-BTC,KOKRAJHAR,783370.0,2.0,"35,00,000",Sri Miniswrang Basumatary,"3,500,000",Accepted-AOC,20-Nov-2025,Bodoland Territorial Council||Handloom and Textile-BTC
2025_PWBNH_45919_1,CE/TB-VI/RIDF- XXX/ 1/2024/37Dated Guwahati the 17thJuly 2025,"Construction of 126 Secondary Schools in 35 Districts of Assam under RIDF-XXX (2024-25) for (i) Arunodoi High School, Kakapathar under Tinsukia TBD (Gr-79)","Construction of 126 Secondary Schools in 35 Districts of Assam under RIDF-XXX (2024-25) for (i) Arunodoi High School, Kakapathar under Tinsukia TBD (Gr-79)",Works,Open Tender,Item Rate,Civil Works - Building,No,No,NA ,25-Jul-2025 09:00 AM,28-Jul-2025 11:30 AM ,180.0,No ,No,Online,02-Aug-2025 03:00 PM,Public Works Building and NH Department||Chief Engineer-Building - PWBNH,Tinsukia,786125.0,2.0,"7,21,85,000",Maa Corporation,"74,933,500",Accepted-AOC,20-Nov-2025,Public Works Building and NH Department||Chief Engineer-Building - PWBNH
2025_PWBNH_44092_11,"CE/TB-VI/RIDF-XXX/1/2024/17 Dated Guwahati the 17th March, 2025","Construction of 126 Secondary Schools in 35 Districts of Assam under RIDF-XXX (2024-25) for (i) Vidya Niketan High School, Guwahati under Jalukbari,Guwahati CentralTBD (Gr-21)","Construction of 126 Secondary Schools in 35 Districts of Assam under RIDF-XXX (2024-25) for (i) Vidya Niketan High School, Guwahati under Jalukbari,Guwahati CentralTBD (Gr-21)",Works,Open Tender,Item Rate,Civil Works - Building,No,No,NA ,19-Apr-2025 09:00 AM,21-Apr-2025 11:30 AM ,180.0,No ,No,Online,15-May-2025 03:00 PM,Public Works Building and NH Department||Chief Engineer-Building - PWBNH,JALUKBARI,781028.0,2.0,"7,21,85,000",Buildrite Constructions,"74,992,105",Accepted-AOC,15-Nov-2025,Public Works Building and NH Department||Chief Engineer-Building - PWBNH
2025_PWBNH_44010_12,"CE/TB-VI/ RIDF- XXX/ 1 /2024/ 13 Dated Guwahati the 4th March, 2025","Construction of 126 Secondary Schools in 35 Districts of Assam under RIDF-XXX (2024-25) for (i) Salaguri Higher Secondary School, Amguri under Sivasagar DTBD (Gr 58)","Construction of 126 Secondary Schools in 35 Districts of Assam under RIDF-XXX (2024-25) for (i) Salaguri Higher Secondary School, Amguri under Sivasagar DTBD (Gr 58)",Works,Open Tender,Item Rate,Civil Works - Building,No,No,NA ,08-Apr-2025 06:00 PM,09-Apr-2025 11:00 AM ,180.0,No ,No,Online,09-May-2025 03:00 PM,Public Works Building and NH Department||Chief Engineer-Building - PWBNH,Sivasagar,785640.0,2.0,"7,21,85,000",A B TENT HOUSE,"74,354,304",Accepted-AOC,15-Nov-2025,Public Works Building and NH Department||Chief Engineer-Building - PWBNH
2025_WPTBC_45893_1,TKAC/07/2024-25- Part-I Dated 24th July 25,SUPPLY OF SEWING MACHINE FOR THE YEAR 2024-25,SUPPLY OF SEWING MACHINE FOR THE YEAR 2024-25,Goods,Open Tender,Item Rate,Miscellaneous Goods,No,No,NA ,24-Jul-2025 06:00 PM,28-Jul-2025 03:00 PM ,180.0,No ,No,Online,16-Aug-2025 02:00 PM,Welfare of Plain Tribes and Backward Classes||Director - WPT and BC||Thengal Kachari Autonomous Council,Jorhat,785630.0,2.0,,Sri Sagar Choudhury,"10,700",Rejected-AOC,21-Nov-2025,Welfare of Plain Tribes and Backward Classes||Director - WPT and BC||Thengal Kachari Autonomous Council
2025_FD_47029_1,AFD(SM)-36/PMMSY/2023-24/152,Supply of Mustard oil cake for PEN Culture and Paddy cum Fish culture,Supply of Mustard oil cake for PEN Culture and Paddy cum Fish culture,Goods,Open Tender,Supply,Crop Products,No,No,NA ,28-Aug-2025 02:00 PM,NA ,180.0,No ,No,Online,19-Sep-2025 01:00 PM,Department of Fisheries||Directorate of Fisheries Assam||DDF LAZ Howly||DFDO South Salmara,SOUTH SALMARA MANKACHAR,783135.0,2.0,"7,35,000",BHAVISHYA ASSAM FEEDS,"661,500",Accepted-AOC,10-Nov-2025,Department of Fisheries||Directorate of Fisheries Assam||DDF LAZ Howly||DFDO South Salmara
2025_PWD_47393_2,CE/DEV/TB/139/2025-26/02 Dtd- 22.08.2025,"SOPD_G_25_26_35 Construction of Drainage Network (Tertiary Drain) including restoration of Road under Morigaon District Trritorial Road Division , Morigaon LAC (Part-II)","SOPD_G_25_26_35 Construction of Drainage Network (Tertiary Drain) including restoration of Road under Morigaon District Trritorial Road Division , Morigaon LAC (Part-II)",Works,Open Tender,Item Rate,Civil Works – Roads,No,No,NA ,09-Sep-2025 03:00 PM,12-Sep-2025 12:00 PM ,180.0,No ,No,Online,26-Sep-2025 02:30 PM,Public Works Roads Department,Morigaon,782105.0,2.0,"4,98,11,000",ANJAN KUMAR NATH,"49,809,491",Accepted-AOC,25-Nov-2025,Public Works Roads Department
2025_FD_46328_1,AFB.725/PMMSY/2024-25/268,Procurement of Inputs,Procurement of Inputs (Fish Feed and Fish Seed) under PMMSY for the year 2023-24.,Goods,Open Tender,Supply,Crop Products,No,No,NA ,12-Aug-2025 02:45 PM,NA ,180.0,No ,No,Online,16-Sep-2025 02:00 PM,Department of Fisheries||Directorate of Fisheries Assam||DDF LAZ Howly||DFDO Barpeta,BARPETA,781301.0,2.0,"21,60,000",BHAVISHYA ASSAM FEEDS,"1,411,826.1",Accepted-AOC,13-Nov-2025,Department of Fisheries||Directorate of Fisheries Assam||DDF LAZ Howly||DFDO Barpeta
2025_PWBNH_44456_1,"CE/TB-III/09/2023/Pt/20, Dated Guwahati the 21st May 2025","Construction of Teachers Quarters and Students Hostels at Assam Medical College and Hospital, Dibrugarh, Assam","Construction of Teachers Quarters and Students Hostels at Assam Medical College and Hospital, Dibrugarh, Assam",Works,Open Tender,Item Rate,Civil Works - Building,No,No,NA ,22-May-2025 02:05 PM,30-May-2025 12:30 PM ,180.0,No ,No,Online,21-Jun-2025 03:30 PM,Public Works Building and NH Department||Chief Engineer-Building - PWBNH,Dibrugarh,786001.0,2.0,"3,08,16,30,455",M/S Badri Rai & Company,"3,159,994,000",Accepted-AOC,29-Nov-2025,Public Works Building and NH Department||Chief Engineer-Building - PWBNH
2025_PWBNH_45881_1,"CE/TB-VI/ RIDF- XXX/26/2025/13 Dated Guwahati the 23rd July, 2025","Construction of 126 Secondary Schools in 35 Districts of Assam under RIDF-XXX (2024-25) for (i) Sapekhati Higher Secondary School, Sapekhati, under Charaideo DTBD(Gr56)","Construction of 126 Secondary Schools in 35 Districts of Assam under RIDF-XXX (2024-25) for (i) Sapekhati Higher Secondary School, Sapekhati, under Charaideo DTBD(Gr56)",Works,Open Tender,Item Rate,Civil Works - Building,No,No,NA ,24-Jul-2025 11:00 AM,28-Jul-2025 11:30 AM ,180.0,No ,No,Online,02-Aug-2025 03:00 PM,Public Works Building and NH Department||Chief Engineer-Building - PWBNH,Charaideo,785691.0,2.0,"7,21,85,000",PRADIP RATHI,"74,350,550",Accepted-AOC,20-Nov-2025,Public Works Building and NH Department||Chief Engineer-Building - PWBNH
2025_ID_48330_1,NIT 28/2025-26,REPAIRING AND RENOVATION OF DIBRUGARH CIRCLE IRRIGATION OFFICE BUILDING UNDER M AND R D AND A FOR THE YEAR 2025 26,REPAIRING AND RENOVATION OF DIBRUGARH CIRCLE IRRIGATION OFFICE BUILDING,Works,Open Tender,Item Rate,Civil Works,No,No,NA ,01-Nov-2025 10:00 AM,NA ,180.0,No ,No,Online,21-Nov-2025 02:30 PM,Irrigation Department||Chief Engineer(Minor Irrigation)-Irrigation Dept||Dibrugarh Circle,DIBRUGARH,786003.0,2.0,"23,99,998",BISWAJIT GOGOI,"2,399,849.56",Rejected-Finance,27-Nov-2025,Irrigation Department||Chief Engineer(Minor Irrigation)-Irrigation Dept||Dibrugarh Circle
2025_WPTBC_46286_1,PTDC/Engg/2024-25/383(C),"Construction of ITI Boys/ Girls Hostel including furnitures for 10 Nos. under Article 275(1) of the Constitution of India during the year 2024-25 (ITI, Suklai, Udalguri)","Construction of ITI Boys/ Girls Hostel including furnitures for 10 Nos. under Article 275(1) of the Constitution of India during the year 2024-25 (ITI, Suklai, Udalguri)",Works,Open Tender,Item Rate,Civil Works,No,No,NA ,11-Aug-2025 02:30 PM,11-Aug-2025 03:00 PM ,120.0,No ,No,Online,25-Aug-2025 03:00 PM,Welfare of Plain Tribes and Backward Classes||Director - WPT and BC,"ITI Suklai, Udalguri",784527.0,2.0,"2,00,00,000",SHIV CONSTRUCTION CO,"20,000,000",Rejected-AOC,03-Nov-2025,Welfare of Plain Tribes and Backward Classes||Director - WPT and BC
2025_ICD_48520_1,EE-G/108/2024/176/827-833 dated 10/11/2025,Construction of Industrial Shed of size 30 ft x 80 ft Block B of CFC for Bamboo Incense Stick Making Cluster Kakopathar Tinsukia under MSE CDP scheme of MSME Govt of India,Construction of Industrial Shed of size 30 ft x 80 ft Block B of CFC for Bamboo Incense Stick Making Cluster Kakopathar Tinsukia under MSE CDP scheme of MSME Govt of India,Works,Open Tender,Item Rate,Civil Works - Building,No,No,NA ,12-Nov-2025 02:00 PM,NA ,180.0,No ,No,Online,19-Nov-2025 02:30 PM,Industries and Commerce Department||Commissioner Industries and Commerce Assam||Office of the Ex Engineer,"Kakopathar, Tinsukia",786152.0,2.0,"39,67,166",madhav borah,"3,967,166",Rejected-Finance,21-Nov-2025,Industries and Commerce Department||Commissioner Industries and Commerce Assam||Office of the Ex Engineer
2025_PWBNH_47685_1,SE/NBC/JgnthCmntyHll/ScneeTE Dated 25.09.2025,Jagannath Community and Skill Centre at Seconee T.E.,Jagannath Community and Skill Centre at Seconee T.E.,Works,Open Tender,Item Wise,Civil Works - Building,No,No,NA ,25-Sep-2025 11:00 AM,26-Sep-2025 11:00 AM ,180.0,No ,No,Online,16-Oct-2025 02:30 PM,Public Works Building and NH Department||Chief Engineer-Building - PWBNH,"Seconee T.E, Jakhalabondha, Nagaon",782136.0,2.0,"1,40,73,143",ABU NASAR WAHID CHOUDHURY,"14,073,143",Rejected-AOC,17-Nov-2025,Public Works Building and NH Department||Chief Engineer-Building - PWBNH
2025_BTC_45715_5,No.125/ACE/NIT/Infra/BTC/22-23,"Construction of Office Building with Toilet Block, Drinking Water and earth filling to Goreswar Education Block for the year 2025-26. (TN_16_5)","Construction of Office Building with Toilet Block, Drinking Water and earth filling to Goreswar Education Block for the year 2025-26.",Works,Open Tender,Item Rate,Civil Works - Building,No,No,NA ,18-Jul-2025 10:00 AM,NA ,180.0,No ,No,Online,08-Aug-2025 03:00 PM,Bodoland Territorial Council-PWD||Director Cum CHD - PWD BTC,Tamulpur,781367.0,2.0,"94,27,894",Rajib Deka,"9,427,367",Accepted-AOC,06-Nov-2025,Bodoland Territorial Council-PWD||Director Cum CHD - PWD BTC
2025_BTC_45715_4,No.125/ACE/NIT/Infra/BTC/22-23,Construction of Teacher Bhawan at Goreswar for the year 2025-26. (TN_16_4),Construction of Teacher Bhawan at Goreswar for the year 2025-26.,Works,Open Tender,Item Rate,Civil Works - Building,No,No,NA ,18-Jul-2025 10:00 AM,NA ,180.0,No ,No,Online,08-Aug-2025 03:00 PM,Bodoland Territorial Council-PWD||Director Cum CHD - PWD BTC,Tamulpur,781367.0,2.0,"46,36,829",Rajib Deka,"4,636,048",Accepted-AOC,06-Nov-2025,Bodoland Territorial Council-PWD||Director Cum CHD - PWD BTC
2025_PCCF_47318_1,83 dtd 04/09/2025,Construction of Forest Range Office Building at Jonakinagar,Construction of Forest Range Office Building,Works,Open Tender,Works,Civil Works - Building,No,No,NA ,06-Sep-2025 01:00 PM,15-Sep-2025 11:30 AM ,60.0,No ,No,Online,08-Oct-2025 03:00 PM,Pr. Chief Conservator of Forest and Head of Forest Force||Chief Conservator of Forests Social Forestry||Upper Assam Social Forestry Circle||Golaghat Social Forestry Division,Jonakinagar,785621.0,2.0,"49,82,107",M/S. M.P. AGARWALLA,"4,483,896.3",Rejected-Technical,21-Nov-2025,Pr. Chief Conservator of Forest and Head of Forest Force||Chief Conservator of Forests Social Forestry||Upper Assam Social Forestry Circle||Golaghat Social Forestry Division
2025_BTC_46563_1,C/S-01/ACE/PWD/BTC/KOJ/25-26,"Construction Of 50 bedded Critical Care Hospital Block (CCB) Under PM-ABHIM at Kokrajhar Medical College, Kokrajhar, Assam.","Construction Of 50 bedded Critical Care Hospital Block (CCB) Under PM-ABHIM at Kokrajhar Medical College, Kokrajhar, Assam.",Works,Open Tender,Works,Civil Works,No,No,NA ,16-Aug-2025 10:00 AM,22-Aug-2025 11:30 AM ,180.0,No ,No,Online,29-Aug-2025 04:00 PM,Bodoland Territorial Council-PWD||Director Cum CHD - PWD BTC,Kokrajhar,783370.0,2.0,"20,10,86,729",Bajrang Bhadani,"220,131,313",Accepted-AOC,06-Nov-2025,Bodoland Territorial Council-PWD||Director Cum CHD - PWD BTC
2025_HFWD_42533_1,REAGENTS FOR CLOSE SYSTEM DIAGNOSTIC EQUIPMENT,Reagents for Close System Diagnostic Equipments,Reagents for Close System Diagnostic Equipments,Goods,Open Tender,Supply,Medicines,No,No,NA ,05-Feb-2025 02:00 PM,11-Feb-2025 03:00 PM ,180.0,No ,No,Online,17-Feb-2025 04:00 PM,Health and Family Welfare Department||Assam Medical Services Corporation Limited,AMSCL,781026.0,2.0,"10,00,000",J.M. DISTRIBUTORS,100.0,Accepted-AOC,03-Nov-2025,Health and Family Welfare Department||Assam Medical Services Corporation Limited
2025_WPTBC_46382_1,PTDC/Engg/2024-25/382(I),"Construction of ST Girls Hostel for 10 district of Assam under Article 275(1) of the Constitution of India during the year 2024-25 (Assam Womenas University, Jorhat)","Construction of ST Girls Hostel for 10 district of Assam under Article 275(1) of the Constitution of India during the year 2024-25 (Assam Womens University, Jorhat)",Works,Open Tender,Item Rate,Civil Works,No,No,NA ,13-Aug-2025 03:50 PM,14-Aug-2025 11:00 AM ,120.0,No ,No,Online,25-Aug-2025 03:00 PM,Welfare of Plain Tribes and Backward Classes||Director - WPT and BC||Assam Plains Tribes Development Corporation Ltd.,"Assam Womens University, Jorhat",785004.0,2.0,"1,00,00,000",GAMESWAR DOLEY,"9,998,904.89",Accepted-AOC,04-Nov-2025,Welfare of Plain Tribes and Backward Classes||Director - WPT and BC||Assam Plains Tribes Development Corporation Ltd.
2025_ID_47279_1,JTD(I)/W-578/E-Tender/25-26/16,Installation of Solar Shallow Tube Well Scheme (4 Points) at Jorhat LAC under SOPD_G for the year 2025_26,"Office of the EE,Jorhat Teok Division Irrigation",Works,Open Tender,Item Rate,Composite Works,No,No,NA ,04-Sep-2025 06:00 PM,NA ,180.0,No ,No,Online,24-Sep-2025 03:00 PM,Irrigation Department||Chief Engineer(Major)-Irrigation Dept||Jorhat Circle||Jorhat Dergaon Teok Division,Jorhat,785001.0,2.0,"13,35,970",MRIGEN BORUAH,"1,335,385",Accepted-AOC,22-Oct-2025,Irrigation Department||Chief Engineer(Major)-Irrigation Dept||Jorhat Circle||Jorhat Dergaon Teok Division
2025_UDD_47645_1,NLMB/RFP/15TH FC/TIED/2025-26/03,Supply of 5000 Ltr Truck Mounted water sprinkler/Antismog Gun machine,Supply of 5000 Ltr Truck Mounted water sprinkler/Anti smog Gun machine,Goods,Open Tender,Item Wise,Vehicles/Vehicle Spares,No,No,NA ,22-Sep-2025 11:00 AM,NA ,180.0,No ,No,Online,04-Oct-2025 11:00 AM,Urban Development Department||Directorate of Municipality Administration - UDD||North Lakhimpur Municipal Board,North Lakhimpur,787001.0,2.0,0.0,KMR Enviro Engineering,"5,350,000",Accepted-AOC,07-Nov-2025,Urban Development Department||Directorate of Municipality Administration - UDD||North Lakhimpur Municipal Board
2023_PWBNH_29531_8,CE/ARC-I/01/2023/3 Dated Guwahati the 1st Feb 2023,"Consultancy services for the work Transformation of School in Assam under NESID scheme for i. Majuli Auniati Hem Ch HS School, Dist Majuli","Consultancy services for the work Transformation of School in Assam under NESID scheme for i. Majuli Auniati Hem Ch HS School, Dist Majuli",Works,Open Tender,Item Rate,Civil Works - Building,No,No,NA ,24-Feb-2023 04:00 PM,27-Feb-2023 10:00 AM ,180.0,No ,No,Online,04-Mar-2023 03:00 PM,Public Works Building and NH Department||Chief Engineer-Building - PWBNH,Majuli,785105.0,2.0,"25,41,130",DESIGN AND BUILD,"2,499,000",Rejected-AOC,10-Nov-2025,Public Works Building and NH Department||Chief Engineer-Building - PWBNH
2025_APDCL_44927_2,GM DZ APDCL UAR 2025 26 Oil Repeaters Station/205,GM /DZ/APDCL/UAR/2025-26/ Oil Repeaters Station/205,Construction of 11KV Spur line with AAAC Covered conductor and ACSR Raccoon conductor and installation of 11 0.433 KV 25 KVA Pole Mounted Sub Station in respect of The Dy General Manager Pump Station No 18 Oil India Limited,Works,Open Tender,Turn-key,Electrical Works,No,Yes,NA ,08-Jul-2025 05:00 PM,,90.0,No ,No,Online,11-Jul-2025 12:30 PM,Assam Power Distribution Company Ltd||CGM(D) Upper Assam Region - APDCL||GM(Dibrugarh Zone) - APDCL,Oil Repeaters Station No 18 at Fetengibor village,786612.0,2.0,,DUKE BORAH,"2,780,866.75",Accepted-AOC,01-Nov-2025,Assam Power Distribution Company Ltd||CGM(D) Upper Assam Region - APDCL||GM(Dibrugarh Zone) - APDCL
2025_WPTBC_47543_1,PTDC/Engg/2024-25/434,Construction of Digboi Mahila Mahavidyalaya at Tinsukia District under the Scheme PM-USHA,Construction of Digboi Mahila Mahavidyalaya at Tinsukia District under the Scheme PM-USHA,Works,Open Tender,Item Rate,Civil Works,No,No,NA ,16-Sep-2025 03:30 PM,23-Sep-2025 11:00 AM ,180.0,No ,No,Online,30-Sep-2025 03:00 PM,Welfare of Plain Tribes and Backward Classes||Director - WPT and BC,Digboi Mahila Mahavidyalaya,786171.0,2.0,"1,50,00,000",Achinta Bhattacharjya,"14,998,878",Accepted-AOC,20-Nov-2025,Welfare of Plain Tribes and Backward Classes||Director - WPT and BC
2025_DoIT_45391_1,AEDC/SDC/2025-26/03 dated 05-07-2025,Tender for Augmentation of Existing Storage Solution.,"Supply, installation and commissioning of items specified in the tender document with 5 (five) years onsite comprehensive warranty.",Goods,Open Tender,Supply,Miscellaneous Goods,No,No,NA ,05-Jul-2025 06:00 PM,NA ,180.0,No ,No,Online,19-Jul-2025 03:00 PM,Principal Secretary-Department of Information Technology||Assam Electronics Development Corporation Ltd-DoIT,As per the Tender Document,781021.0,2.0,,Mayush IT Services Private Limited,"38,172,528",Accepted-AOC,03-Nov-2025,Principal Secretary-Department of Information Technology||Assam Electronics Development Corporation Ltd-DoIT
2024_NHM_38548_3,NHM-32043/1/2024-CONS-NHM,"Construction of BPHU at Amguri CHC in Sivasagar District under PM ABHIM for the FY 2024-25 under NHM, Assam on Turnkey Basis Group no-20 (1nos. of Scheme in Sivasagar District)","Construction of BPHU at Amguri CHC in Sivasagar District under PM ABHIM for the FY 2024-25 under NHM, Assam on Turnkey Basis Group no-20 (1nos. of Scheme in Sivasagar District)",Works,Open Tender,Turn-key,Civil Works - Building,No,No,NA ,19-Aug-2024 06:00 PM,NA ,180.0,No ,No,Online,29-Aug-2024 03:30 PM,National Health Mission||State Programme Management Unit - NHM,Sivasagar,781005.0,2.0,"50,00,000",Lechaman Borgohain,"4,375,000",Rejected-Technical,19-Nov-2025,National Health Mission||State Programme Management Unit - NHM
2025_BTC_45977_1,No. 125/ACE/NIT/Infra,"Construction of Multi Purpose Office Building at Dadgari near Bhutan Border in Chirang District, BTC, Assam. TN_18_2","Construction of Multi Purpose Office Building at Dadgari near Bhutan Border in Chirang District, BTC, Assam. TN_18_2",Works,Open Tender,Item Rate,Civil Works - Building,No,No,NA ,28-Jul-2025 03:00 PM,NA ,180.0,No ,No,Online,14-Aug-2025 02:00 PM,Bodoland Territorial Council-PWD||Director Cum CHD - PWD BTC,Chirang,783390.0,2.0,"43,00,834",MANOJ NARZARY,"4,300,000",Rejected-AOC,20-Nov-2025,Bodoland Territorial Council-PWD||Director Cum CHD - PWD BTC
2025_ICD_46074_1,SIDC/RAMP/IECPA/NIT/25-26/1026,Selection of Printing Agency on Rate Contract Basis for Supply of Printed and Branded Materials under RAMP Programme Assam,Selection of Printing Agency on Rate Contract basis for Supply of Printed and Branded Materials under RAMP Programme Assam,Goods,Open Tender,Supply,Supply of Materials,No,Yes,NA ,31-Jul-2025 06:00 PM,,90.0,No ,No,Online,21-Aug-2025 03:00 PM,Industries and Commerce Department||Assam Small Industries Development Corpn. Ltd.,Bamunimaidam,781021.0,2.0,"1,50,00,000",MAA MANASHA PRINTERS,"10,944,400",Rejected-Technical,22-Oct-2025,Industries and Commerce Department||Assam Small Industries Development Corpn. Ltd.
2025_PWD_46167_2,No. ACEH/TECH/131/2025-26/4,"Staff Quarter Repairing with Boundary Wall at CHC, Umrangso,Dima Hasao District,Assam under Pradhan Mantri Khanij Kshetra Kalyan Yojana (PMKKKY) for the year 2024-25.","Staff Quarter Repairing with Boundary Wall at CHC, Umrangso,Dima Hasao District,Assam under Pradhan Mantri Khanij Kshetra Kalyan Yojana (PMKKKY) for the year 2024-25.",Works,Open Tender,Item Rate,Civil Works,No,No,NA ,08-Aug-2025 10:00 AM,NA ,180.0,No ,No,Online,25-Aug-2025 02:00 PM,Public Works Roads Department,Dima Hasao,788819.0,2.0,"97,09,327",Sri Dibosh Bathari,"8,252,928",Rejected-AOC,26-Nov-2025,Public Works Roads Department
2025_PWD_45237_1,CE/CW/10/25-26SH-3Bonda-,SH-3 from Bonda to Chandrapur,Improvement of SH-3 from Bonda to Chandrapur for VVIP visit at Vidya Bharti Complex at Hajongbari under SOPD(G) for the year 2024-25,Works,Open Tender,Item Rate,Civil Works – Roads,No,No,NA ,30-Jun-2025 02:00 PM,NA ,180.0,No ,No,Online,08-Jul-2025 02:30 PM,Public Works Roads Department,Guwhati,781020.0,2.0,"44,98,000",SWARAJ INFRA,"4,498,000",Rejected-AOC,07-Nov-2025,Public Works Roads Department
2025_PWBNH_47650_1,SE/TB/TEN/02/2025-26/531 Dated 16.09.2025,"Construction of boundary wall, repairing of the hospital and doctor and staff quarters at Batashipur NPHC (Lerelakachari NPHC)","Construction of boundary wall, repairing of the hospital and doctor and staff quarters at Batashipur NPHC (Lerelakachari NPHC)",Works,Open Tender,Item Rate,Civil Works - Building,No,No,NA ,22-Sep-2025 09:00 AM,24-Sep-2025 12:00 PM ,180.0,No ,No,Online,13-Oct-2025 01:00 PM,Public Works Building and NH Department||Chief Engineer-Building - PWBNH||SE-Tezpur Circle - PWBNH,Dhekiajuli,784176.0,2.0,"54,74,508",DEEPAK KUMAR BUCHA,"5,709,603",Accepted-AOC,15-Nov-2025,Public Works Building and NH Department||Chief Engineer-Building - PWBNH||SE-Tezpur Circle - PWBNH
2025_PCCF_47330_1,B/77/CAMPA/2025-26/832 dated 06.09.2025,Construction of 1 Assam type Battalion Barrack in Orang National Park,Construction of 1 Assam type Battalion Barrack in Orang National Park under CAMPA APO 2025-26,Works,Open Tender,Percentage,Civil Works,No,No,NA ,08-Sep-2025 10:00 AM,NA ,180.0,No ,No,Online,04-Oct-2025 11:00 AM,"Pr. Chief Conservator of Forest and Head of Forest Force||Principal Chief Conservator of Forests(Wildlife and Ch. Wildlife Warden)||Mangaldai Wildlife Division, Darrang","Orang National Park, Silbori, Darrang, Assam",784114.0,2.0,"45,06,238",M/s Laxmi Enterprise,"4,055,614.2",Rejected-Technical,27-Nov-2025,"Pr. Chief Conservator of Forest and Head of Forest Force||Principal Chief Conservator of Forests(Wildlife and Ch. Wildlife Warden)||Mangaldai Wildlife Division, Darrang"
2025_PWD_44440_2,T/CC/ETN/SIL/2024-25/88(T),"Construction of road starts from junction point of Ashram Road and C.R. Avenue road near Shiv Mandir to Topobon Nagar under Mukhya Mantrir Nagariya Pakipath Nirman Achani ( MMNPPNA ) for the year 2023-24 , Silchar MB","Construction of road starts from junction point of Ashram Road and C.R. Avenue road near Shiv Mandir to Topobon Nagar under Mukhya Mantrir Nagariya Pakipath Nirman Achani ( MMNPPNA ) for the year 2023-24, Silchar MB,P/No. SE/SIL/MMNPPNA/23-24/6",Works,Open Tender,Item Rate,Civil Works – Roads,No,No,NA ,23-May-2025 09:00 AM,30-May-2025 02:00 PM ,180.0,No ,No,Online,06-Jun-2025 03:10 PM,Public Works Roads Department,Cachar District.,788007.0,2.0,"1,68,01,758",SHYAMAL DAS,"16,801,758",Accepted-AOC,20-Nov-2025,Public Works Roads Department
2025_PWD_46167_3,No. ACEH/TECH/131/2025-26/4,"Construction of Staff Nurse Quarter at Umrangso Hospital Complex 4 Units at Dima Hasao District ,Assam under Pradhan Mantri Khanij Kshetra Kalyan Yojana (PMKKKY) for the year 2024-25.","Construction of Staff Nurse Quarter at Umrangso Hospital Complex 4 Units at Dima Hasao District ,Assam under Pradhan Mantri Khanij Kshetra Kalyan Yojana (PMKKKY) for the year 2024-25.",Works,Open Tender,Item Rate,Civil Works,No,No,NA ,08-Aug-2025 10:00 AM,NA ,180.0,No ,No,Online,25-Aug-2025 02:00 PM,Public Works Roads Department,Dima Hasao,788819.0,2.0,"88,64,122",Jimburaj Jidung,"7,977,710",Accepted-AOC,26-Nov-2025,Public Works Roads Department
2025_HFWD_47161_1,SMEJ/JMCH/2419/20/Pt2/24/3917 Dt.1/9/25,"SUPPLY OF DRUGS, CONSUMABLES ETC. FOR SCNU, PICU, NRC, KMC, DEPTT. OF PAEDIATRICS AT JORHAT MEDICAL COLLEGE AND HOSPITAL, JORHAT","SUPPLY OF DRUGS, CONSUMABLES ETC. FOR SCNU, PICU, NRC, KMC, DEPTT. OF PAEDIATRICS AT JORHAT MEDICAL COLLEGE AND HOSPITAL, JORHAT",Goods,Open Tender,Supply,Medicines,No,No,NA ,01-Sep-2025 03:00 PM,08-Sep-2025 01:00 PM ,365.0,No ,No,Online,22-Sep-2025 01:00 PM,Health and Family Welfare Department||Directorate of Medical Education-HFWD||Jorhat Medical College and Hospital-HFWD,"Jorhat Medical College and Hospital, Jorhat",785001.0,2.0,"40,00,000",G S AGENCIES,0,Accepted-AOC,12-Nov-2025,Health and Family Welfare Department||Directorate of Medical Education-HFWD||Jorhat Medical College and Hospital-HFWD
2025_WPTBC_47746_1,PTDC/Engg/2024-25/439,"Additional requirement of works for EMRS, Howraghat, Diphu, Dist- Karbi Anglong sanctioned under Article 275(I) of the constitution of India during the year 2024-25.","Additional requirement of works for EMRS, Howraghat, Diphu, Dist- Karbi Anglong sanctioned under Article 275(I) of the constitution of India during the year 2024-25.",Works,Open Tender,Item Rate,Civil Works,No,No,NA ,29-Sep-2025 09:00 AM,03-Oct-2025 12:00 PM ,180.0,No ,No,Online,13-Oct-2025 03:00 PM,Welfare of Plain Tribes and Backward Classes||Director - WPT and BC,"EMRS, Howraghat, Diphu, Dist- Karbi Anglong",782480.0,2.0,"17,10,20,000",Ganesh Daimary,"170,517,887.42",Rejected-Technical,20-Nov-2025,Welfare of Plain Tribes and Backward Classes||Director - WPT and BC
2025_KAAC_46456_1,NoACEH/CS/SSA/03/2025-26/SL19,Construction of 50 bedded hostel separately for boys and girls under Dharti Aaba Janjatiya Gram Utkarsh Abhiyan at Dengaon High School.,Construction of 50 bedded hostel separately for boys and girls under Dharti Aaba Janjatiya Gram Utkarsh Abhiyan at Dengaon High School.,Works,Open Tender,Item Rate,Civil Works - Building,No,No,NA ,18-Aug-2025 11:00 AM,20-Aug-2025 12:00 PM ,180.0,No ,No,Online,30-Aug-2025 11:00 AM,Karbi Anglong Autonomous Council||PWD||Addl. Chief Engineer Diphu,Samelangso,782441.0,2.0,"3,78,75,000",MAHENDRA KONWAR,"37,869,000",Rejected-AOC,07-Nov-2025,Karbi Anglong Autonomous Council||PWD||Addl. Chief Engineer Diphu
2025_PWBNH_44074_3,"CE/TB-VI/RIDF-XXX/1/2024/15 Dated Guwahati the 17th March, 2025","Construction of 126 Secondary Schools in 35 Districts of Assam under RIDF-XXX (2024-25) for (i) Howly Higher Secondary School, Bhawanipur (ii) Padmapara High School, Chenga under Barpeta DTBD (Gr-13)","Construction of 126 Secondary Schools in 35 Districts of Assam under RIDF-XXX (2024-25) for (i) Howly Higher Secondary School, Bhawanipur (ii) Padmapara High School, Chenga under Barpeta DTBD (Gr-13)",Works,Open Tender,Item Rate,Civil Works - Building,No,No,NA ,11-Apr-2025 05:00 PM,21-Apr-2025 11:30 AM ,180.0,No ,No,Online,13-May-2025 03:00 PM,Public Works Building and NH Department||Chief Engineer-Building - PWBNH,Barpeta,781301.0,2.0,"14,43,70,000",golden traders,"151,159,654",Rejected-AOC,04-Nov-2025,Public Works Building and NH Department||Chief Engineer-Building - PWBNH
2025_SE_47643_1,ASSEB_DIVN-II_STORE_AS_80_24,PRINTING AND SUPPLY OF ANSWER SCRIPTS AND ADDITIONAL SHEETS,PRINTING AND SUPPLY OF ANSWER SCRIPTS AND ADDITIONAL SHEETS FOR HS FINAL EXAM 2025,Goods,Open Tender,Item Rate,Publishing/Printing,No,No,NA ,20-Sep-2025 06:00 PM,25-Sep-2025 03:00 PM ,180.0,No ,No,Online,10-Oct-2025 12:00 PM,SECONDARY EDUCATION DEPARTMENT ASSAM||Assam Higher Secondary Education Council,BAMUNIMAIDAM GUWAHATI,781021.0,2.0,,SARAIGHAT PHOTO TYPES PRIVATE LIMITED,"9,780,000",Rejected-Finance,18-Nov-2025,SECONDARY EDUCATION DEPARTMENT ASSAM||Assam Higher Secondary Education Council
2025_PWBNH_46199_1,"CE/TB-IV(H_E) T/ RIDF- XXX/9/2025/15 Dated Guwahati the 30th July, 2025","Construction 0f 126 Secondary Schools in 35 Districts of Assam under RIDF XXX (2024-25) for (i) Indranee Devi Higher Secondary School, North (ii) Bokakhat Town High School, West Under Golaghat DTBD (Gr-64)","Construction 0f 126 Secondary Schools in 35 Districts of Assam under RIDF XXX (2024-25) for (i) Indranee Devi Higher Secondary School, North (ii) Bokakhat Town High School, West Under Golaghat DTBD (Gr-64)",Works,Open Tender,Item Rate,Civil Works - Building,No,No,NA ,06-Aug-2025 04:00 PM,11-Aug-2025 11:30 AM ,180.0,No ,No,Online,16-Aug-2025 03:00 PM,Public Works Building and NH Department||Chief Engineer-Building - PWBNH,Golaghat,785621.0,2.0,"14,43,70,000",M/S BIMAL KUMAR AGARWALA,"148,701,125",Rejected-AOC,26-Nov-2025,Public Works Building and NH Department||Chief Engineer-Building - PWBNH
2025_PWD_44068_6,CE/STBR/II/43/2024-25/1 Date 10-03-2025,ROB/QC/DIBRUGARH/2 DD 3rd Party Monitoring and Quality Control for the Work Construction of Flyover at Amolapatty Junction on Old NH-37 in Dibrugarh District of Assam (ROB at LC Gate No.-2DD),ROB/QC/DIBRUGARH/2 DD 3rd Party Monitoring and Quality Control for the Work Construction of Flyover at Amolapatty Junction on Old NH-37 in Dibrugarh District of Assam (ROB at LC Gate No.-2DD),Works,Open Tender,Item Rate,Civil Works – Roads,No,No,NA ,11-Apr-2025 10:00 AM,NA ,180.0,No ,No,Online,29-Apr-2025 04:00 PM,Public Works Roads Department,Dibrugarh,786001.0,2.0,"1,19,09,000",M/S Prestress Projects,"11,900,000",Rejected-AOC,04-Nov-2025,Public Works Roads Department
2025_PWBNH_44686_1,CE/TB-VII/12/2025/3,"Construction of Co-District Office (G Plus 4) at Demow, Sivasagar District, Assam","Construction of Co-District Office (G Plus 4) at Demow, Sivasagar District, Assam",Works,Open Tender,Item Rate,Civil Works - Building,No,No,NA ,02-Jun-2025 06:00 PM,05-Jun-2025 11:00 AM ,180.0,No ,No,Online,11-Jun-2025 03:00 PM,Public Works Building and NH Department||Chief Engineer-Building - PWBNH,Sivasagar,785640.0,2.0,"17,39,21,368",J C Infra corporation Limited,"189,696,850",Rejected-Technical,28-Nov-2025,Public Works Building and NH Department||Chief Engineer-Building - PWBNH
2025_FD_47025_1,AFD(SM)-36/PMMSY/2023-24/152,Supply of Rice Polish for PEN Culture and Paddy cum Fish Culture,Supply of Rice Polish for PEN Culture and Paddy cum Fish Culture,Goods,Open Tender,Supply,Crop Products,No,No,NA ,28-Aug-2025 02:00 PM,NA ,180.0,No ,No,Online,19-Sep-2025 01:00 PM,Department of Fisheries||Directorate of Fisheries Assam||DDF LAZ Howly||DFDO South Salmara,SOUTH SALMARA MANKACHAR,783135.0,2.0,"2,45,000",BHAVISHYA ASSAM FEEDS,"220,500",Accepted-AOC,10-Nov-2025,Department of Fisheries||Directorate of Fisheries Assam||DDF LAZ Howly||DFDO South Salmara
2025_FD_46060_1,AFU/BTC/250/2024-25/1403 Dated Udalguri the 31st of July/ 2025,Procurement of Inputs for Freshwater Aquaculture and Integrated Fish Farming under Pradhan Mantri Matsya Sampada Yojana (PMMSY) for the year 2022-23,"Supply of Fish Feed, Fish seed and Livestock feed",Goods,Open Tender,Supply,Miscellaneous Goods,No,Yes,NA ,31-Jul-2025 04:00 PM,NA ,180.0,No ,No,Online,22-Aug-2025 11:00 AM,Department of Fisheries||Directorate of Fisheries Assam||DDF NAZ Tezpur||DFDO Udalguri,Udalguri district,784509.0,2.0,"32,80,000",M/S BALAJI TRADERS,"3,280,000",Rejected-Technical,17-Nov-2025,Department of Fisheries||Directorate of Fisheries Assam||DDF NAZ Tezpur||DFDO Udalguri
2024_PCCF_38167_1,O.O. 217 dtd. 22/07/2024,Development of other wildlife areas (Construction of Watch Tower),Development of other wildlife areas (Construction of Watch Tower),Works,Open Tender,Percentage,Civil Works,No,No,NA ,23-Jul-2024 06:00 PM,NA ,180.0,No ,No,Online,13-Aug-2024 03:00 PM,"Pr. Chief Conservator of Forest and Head of Forest Force||Chief Conservator of Forests (Upper Assam Zone)||Northern Assam Circle, Tezpur||Nagaon Division",NAGAON,782001.0,2.0,"16,00,000",AJ Enterprise,"1,440,000",Accepted-AOC,24-Jul-2025,"Pr. Chief Conservator of Forest and Head of Forest Force||Chief Conservator of Forests (Upper Assam Zone)||Northern Assam Circle, Tezpur||Nagaon Division"
2025_ID_48045_1,TECH/NIT/4/1180,Installation of Solar STW Scheme (4 pts) under Hojai LAC in Hojai District under SOPD-G for 2025-26,Installation of Solar Shallow Tube Well Scheme (4 Points) under Hojai LAC in Hojai District under SOPD-G for the year 2025-26,Works,Open Tender,Item Rate,Civil Works,No,No,NA ,14-Oct-2025 06:00 PM,NA ,180.0,No ,No,Online,06-Nov-2025 11:00 AM,Irrigation Department||Chief Engineer(Major)-Irrigation Dept||Hojai Circle||Jamunamukh-Hojai-Lumding Division,Hojai,782435.0,2.0,"26,72,128",FAJAR ALI,"1,336,062",Accepted-AOC,27-Nov-2025,Irrigation Department||Chief Engineer(Major)-Irrigation Dept||Hojai Circle||Jamunamukh-Hojai-Lumding Division
2023_PWBNH_29531_9,CE/ARC-I/01/2023/3 Dated Guwahati the 1st Feb 2023,"Consultancy services for the work Transformation of School in Assam under NESID scheme for i. Kampur HS and MP School, Kampur, Dist Nagaon ii. Ambagan HS School, Dist Nagaon","Consultancy services for the work Transformation of School in Assam under NESID scheme for i. Kampur HS and MP School, Kampur, Dist Nagaon ii. Ambagan HS School, Dist Nagaon",Works,Open Tender,Item Rate,Civil Works - Building,No,No,NA ,24-Feb-2023 04:00 PM,27-Feb-2023 10:00 AM ,180.0,No ,No,Online,04-Mar-2023 03:00 PM,Public Works Building and NH Department||Chief Engineer-Building - PWBNH,Nagaon,782001.0,2.0,"50,82,300",Architects Collaborative,"5,070,300",Accepted-AOC,08-Nov-2025,Public Works Building and NH Department||Chief Engineer-Building - PWBNH
2025_PHED_46313_1,SEPH/GC/TB-152/Vol-XXIII/25-26,Utility shifting and repairing of (Water distribution pipeline of PWSS) damaged during PWD road widening for retrofitting of Dalang PWSS under Rangia (PHE) Division,Utility shifting and repairing of (Water distribution pipeline of PWSS) damaged during PWD road widening for retrofitting of Dalang PWSS under Rangia (PHE) Division under SOPD-G for the year 2025-26,Works,Open Tender,Item Rate,Civil Works,No,No,NA ,12-Aug-2025 04:00 PM,19-Aug-2025 01:00 PM ,90.0,No ,No,Online,10-Sep-2025 03:00 PM,Public Health Engineering Department||Chief Engineer PHE(P)-Assam-PHED||Lower Assam Zone-Guwahati-PHED||Guwahati Circle-Guwahati-PHED,Dalang Village,781354.0,2.0,"25,81,819",ARUP KALITA,"2,544,517",Rejected-Finance,04-Nov-2025,Public Health Engineering Department||Chief Engineer PHE(P)-Assam-PHED||Lower Assam Zone-Guwahati-PHED||Guwahati Circle-Guwahati-PHED
2024_NHM_40955_1,NHM/32049/16/2024-CONST,Construction of BPHU at Missamora BPHC and Morangi MPHC in Golaghat District under PM ABHIM for the FY 2023 24 under NHM Assam on Turnkey Basis Group no 8 2 nos of Scheme in Golaghat District,Construction of BPHU at Missamora BPHC and Morangi MPHC in Golaghat District under PM ABHIM for the FY 2023 24 under NHM Assam on Turnkey Basis Group no 8 2 nos of Scheme in Golaghat District,Works,Open Tender,Turn-key,Civil Works - Building,No,No,NA ,09-Dec-2024 09:00 AM,NA ,180.0,No ,No,Online,21-Dec-2024 03:30 PM,National Health Mission||State Programme Management Unit - NHM,Golaghat,785621.0,2.0,"1,00,00,000",tapan borah,"8,649,990",Rejected-AOC,17-Nov-2025,National Health Mission||State Programme Management Unit - NHM
2025_PWBNH_44092_22,"CE/TB-VI/RIDF-XXX/1/2024/17 Dated Guwahati the 17th March, 2025","Construction of 126 Secondary Schools in 35 Districts of Assam under RIDF-XXX (2024-25) for (i) Nava Jagriti High School, Hapjan under Tinisukia DTBD(Gr-52)","Construction of 126 Secondary Schools in 35 Districts of Assam under RIDF-XXX (2024-25) for (i) Nava Jagriti High School, Hapjan under Tinisukia DTBD(Gr-52)",Works,Open Tender,Item Rate,Civil Works - Building,No,No,NA ,19-Apr-2025 12:00 PM,21-Apr-2025 11:30 AM ,180.0,No ,No,Online,15-May-2025 03:00 PM,Public Works Building and NH Department||Chief Engineer-Building - PWBNH,TINSUKIA,786125.0,2.0,"7,21,85,000",GUPTA HARDWARE PRIVATE LIMITED,"74,718,545",Rejected-Technical,28-Nov-2025,Public Works Building and NH Department||Chief Engineer-Building - PWBNH
2025_PHED_44981_1,SEPH/NL/2025-26/TC-8(PT-2)/239,Dhemaji Engineering College PWSS under SOPD under Dhemaji Division Dhemaji,"Dhemaji Engineering College PWSS under SOPD under Dhemaji Division, Dhemaji",Works,Open Tender,Item Rate,Civil Works - Building,No,No,NA ,20-Jun-2025 02:00 PM,27-Jun-2025 11:00 AM ,180.0,No ,No,Online,16-Jul-2025 03:00 PM,Public Health Engineering Department||Chief Engineer PHE(P)-Assam-PHED||North Assam Zone-Tezpur-PHED||North Lakhimpur Circle-North Lakhimpur-PHED,O/o Superintending Engineering PHE NL Circle,787031.0,2.0,"97,74,000",MAHESH ROY,"9,774,000",Rejected-Technical,14-Nov-2025,Public Health Engineering Department||Chief Engineer PHE(P)-Assam-PHED||North Assam Zone-Tezpur-PHED||North Lakhimpur Circle-North Lakhimpur-PHED
2025_UDD_47195_2,DMB/Tender/2025/1106 Dated 30/08/2025,"Construction of Water Supply scheme at Ward No.4, near Valya Vidyapith","Construction of Water Supply scheme at Ward No.4, near Valya Vidyapith",Works,Open Tender,Works,Civil Works,No,No,NA ,02-Sep-2025 02:00 PM,NA ,180.0,No ,No,Online,23-Sep-2025 10:00 AM,Urban Development Department||Directorate of Municipality Administration - UDD||Dhemaji Municipal Board,Dhemaji,787057.0,2.0,"1,50,37,000",Lakhyajit Gogoi,"15,036,000",Accepted-AOC,27-Nov-2025,Urban Development Department||Directorate of Municipality Administration - UDD||Dhemaji Municipal Board
2025_WPTBC_46852_1,PTDC/Engg/2024-25/355,"Infrastructure Development at Kathalguri Adarsha LPS, Dhemaji LAC under SCSP Scheme for the","Proposal for Administrative Approval for the works of infrastructure at 40 (Forty) different LP/UP Schools of dominated area of amount of Rs. 1000.00 Lakh under DEE, Assam during the Financial Year 2024-25.",Works,Open Tender,Item Rate,Civil Works,No,No,NA ,22-Aug-2025 04:00 PM,25-Aug-2025 11:00 AM ,180.0,No ,No,Online,05-Sep-2025 03:00 PM,Welfare of Plain Tribes and Backward Classes||Director - WPT and BC,"Kathalguri Adarsha LPS, Dhemaji",787059.0,2.0,"25,00,000",SATYENDRA BORAH,"2,500,000",Rejected-AOC,04-Nov-2025,Welfare of Plain Tribes and Backward Classes||Director - WPT and BC
2025_PWBNH_44074_14,"CE/TB-VI/RIDF-XXX/1/2024/15 Dated Guwahati the 17th March, 2025","Construction of 126 Secondary Schools in 35 Districts of Assam under RIDF-XXX (2024-25) for (i) Moran Public High School, Khowang under Dibrugarh DTBD Gr-54","Construction of 126 Secondary Schools in 35 Districts of Assam under RIDF-XXX (2024-25) for (i) Moran Public High School, Khowang under Dibrugarh DTBD Gr-54",Works,Open Tender,Item Rate,Civil Works - Building,No,No,NA ,12-Apr-2025 09:00 AM,21-Apr-2025 11:30 AM ,180.0,No ,No,Online,13-May-2025 03:00 PM,Public Works Building and NH Department||Chief Engineer-Building - PWBNH,Dibrugarh,786001.0,2.0,"7,21,85,000",PABITRA SAIKIA,"71,460,000",Rejected-AOC,18-Nov-2025,Public Works Building and NH Department||Chief Engineer-Building - PWBNH
2025_PWBNH_44092_2,"CE/TB-VI/RIDF-XXX/1/2024/17 Dated Guwahati the 17th March, 2025","Construction of 126 Secondary Schools in 35 Districts of Assam under RIDF-XXX (2024-25) for (i) Bidyapara Boys Higher Secondary School, Gauripur (ii)Jaruar Char Public High School, Gauripur under Dhubri DTBD (Gr-5)","Construction of 126 Secondary Schools in 35 Districts of Assam under RIDF-XXX (2024-25) for (i) Bidyapara Boys Higher Secondary School, Gauripur (ii)Jaruar Char Public High School, Gauripur under Dhubri DTBD (Gr-5)",Works,Open Tender,Item Rate,Civil Works - Building,No,No,NA ,17-Apr-2025 05:00 PM,21-Apr-2025 11:30 AM ,180.0,No ,No,Online,15-May-2025 03:00 PM,Public Works Building and NH Department||Chief Engineer-Building - PWBNH,Dhubri,783301.0,2.0,"14,43,70,000",MS ZED ENGINEERS,"147,257,400",Accepted-AOC,29-Nov-2025,Public Works Building and NH Department||Chief Engineer-Building - PWBNH
2025_KAAC_46411_1,NoACEH/CS/SSA/03/2025-26/SL17,Construction of 50 bedded hostel separately for boys and girls under Dharti Aaba Janjatiya Gram Utkarsh Abhiyan at Samelangso High School.,Construction of 50 bedded hostel separately for boys and girls under Dharti Aaba Janjatiya Gram Utkarsh Abhiyan at Samelangso High School.,Works,Open Tender,Item Rate,Civil Works - Building,No,No,NA ,18-Aug-2025 11:00 AM,NA ,180.0,No ,No,Online,30-Aug-2025 11:00 AM,Karbi Anglong Autonomous Council||PWD||Addl. Chief Engineer Diphu,Samelangso,722441.0,2.0,"3,78,75,000",MENSING KRO,"37,874,999.55",Accepted-AOC,27-Nov-2025,Karbi Anglong Autonomous Council||PWD||Addl. Chief Engineer Diphu
2025_PWD_47413_1,No. ACEH/TECH/131/2025-26/7,"Construction of 50 Bedded Assam Type Hostel separately for Boys and Girls at Thingvom High School under Dharti Aaba Janjatiya Gram Utkarsh Ahiyan (DAJGUA) under Samagra Shiksha, Assam for the year 2025-26","Construction of 50 Bedded Assam Type Hostel separately for Boys and Girls at Thingvom High School under Dharti Aaba Janjatiya Gram Utkarsh Ahiyan (DAJGUA) under Samagra Shiksha, Assam for the year 2025-26",Works,Open Tender,Item Rate,Civil Works,No,No,NA ,10-Sep-2025 10:00 AM,NA ,180.0,No ,No,Online,16-Sep-2025 11:00 AM,Public Works Roads Department,Dima Hasao,788819.0,2.0,"3,48,80,504",Sehkhothang Changsan,"37,008,212",Accepted-AOC,27-Nov-2025,Public Works Roads Department
2024_HFWD_38461_1,Adult JE Vaccine 2024,Supply of Adult Japanese Encephalitis Vaccine,Framework Agreement,Goods,Open Tender,Empanelment,Medicines,No,No,NA ,12-Aug-2024 05:00 PM,19-Aug-2024 03:00 PM ,180.0,No ,No,Online,23-Sep-2024 04:00 PM,Health and Family Welfare Department||Assam Medical Services Corporation Limited,AMSCL,781026.0,1.0,,BHARAT BIOTECH INTERNATIONAL LIMITED,100.0,Accepted-AOC,01-Nov-2025,Health and Family Welfare Department||Assam Medical Services Corporation Limited
2023_PWBNH_29544_10,CE/ARC-I/01/2023/4 Dated Guwahati 18th Feb 2023,"Consultancy services for the work Transformation of School in Assam under NESID scheme for i. Sadiya Govt. HS School, Dist Tinisukia ii. Tingrai RKB HS School, Dist Tinisukia","Consultancy services for the work Transformation of School in Assam under NESID scheme for i. Sadiya Govt. HS School, Dist Tinisukia ii. Tingrai RKB HS School, Dist Tinisukia",Works,Open Tender,Item Rate,Civil Works - Building,No,No,NA ,24-Feb-2023 06:00 PM,28-Feb-2023 10:30 AM ,180.0,No ,No,Online,04-Mar-2023 03:00 PM,Public Works Building and NH Department||Chief Engineer-Building - PWBNH,Tinisukia,786125.0,2.0,"50,82,300",ACORN,"5,049,000",Rejected-AOC,08-Nov-2025,Public Works Building and NH Department||Chief Engineer-Building - PWBNH
2025_UDD_44734_1,RMB/PWD/15th FC/33/2020/Vol-II/318,Construction of Proposed F F Functional Building at Rangapara Municipal Board under 15th FC for the FY 2021-22 2nd installment at Rangapara Town,"Construction of Proposed F F Functional Building at Rangapara Municipal Board under 15th Finance Commission Grant for the Financial Year 2021-22, 2nd Installment at Rangapara Town.",Works,Open Tender,Item Rate,Civil Works - Building,No,No,NA ,04-Jun-2025 04:00 PM,11-Jun-2025 11:00 AM ,180.0,No ,No,Online,04-Jul-2025 12:00 PM,Urban Development Department||Directorate of Municipality Administration - UDD||Rangapara Municipal Board,GNB Road Rangapara Sonitpur Assam,784505.0,2.0,"78,67,000",Maa Corporation,"7,072,200",Accepted-AOC,28-Nov-2025,Urban Development Department||Directorate of Municipality Administration - UDD||Rangapara Municipal Board
2025_PWD_46167_1,No. ACEH/TECH/131/2025-26/4,"Construction of Doctors Staff Quarter at Umrangso Hospital Complex 4 Units at Umrangso, Dima Hasao District,Assam under Pradhan Mantri Khanij Kshetra Kalyan Yojana (PMKKKY) for the year 2024-25.","Construction of Doctors Staff Quarter at Umrangso Hospital Complex 4 Units at Umrangso, Dima Hasao District,Assam under Pradhan Mantri Khanij Kshetra Kalyan Yojana (PMKKKY) for the year 2024-25.",Works,Open Tender,Item Rate,Civil Works,No,No,NA ,08-Aug-2025 10:00 AM,NA ,180.0,No ,No,Online,25-Aug-2025 02:00 PM,Public Works Roads Department,Dima Hasao,788819.0,2.0,"1,07,21,826",Sri Telen Kemprai,"9,113,552",Rejected-Technical,26-Nov-2025,Public Works Roads Department
2025_WPTBC_47558_1,PTDC/Engg/2024-25/438,Construction of Sadiya College at Tinsukia District under the Scheme PM-USHA,Construction of Sadiya College at Tinsukia District under the Scheme PM-USHA,Works,Open Tender,Item Rate,Civil Works,No,No,NA ,17-Sep-2025 09:00 AM,23-Sep-2025 11:00 AM ,180.0,No ,No,Online,30-Sep-2025 03:00 PM,Welfare of Plain Tribes and Backward Classes||Director - WPT and BC,Sadiya College Tinsukia,786157.0,2.0,"1,00,00,000",DHIRAJ GOGOI,"9,999,746",Rejected-AOC,25-Nov-2025,Welfare of Plain Tribes and Backward Classes||Director - WPT and BC
2025_PCCF_45283_2,Z/RATION TENDER/ASZOO/1585,supply of Ration Feed Materials under Group C (Grocery) for zoo captives for financial year 2025-26,supply of Ration Feed Materials under Group C (Grocery) for zoo captives for financial year 2025-26,Goods,Open Tender,Supply,Food Products,No,No,NA ,02-Jul-2025 06:00 PM,14-Jul-2025 01:00 PM ,180.0,No ,No,Online,25-Jul-2025 01:00 PM,Pr. Chief Conservator of Forest and Head of Forest Force||Principal Chief Conservator of Forests(Wildlife and Ch. Wildlife Warden)||Divisional Forest Officer - Assam Sate Zoo,Assam State Zoo,781005.0,2.0,"1,31,85,457",A B ENTERPRISES,"10,930,702.05",Rejected-Finance,13-Nov-2025,Pr. Chief Conservator of Forest and Head of Forest Force||Principal Chief Conservator of Forests(Wildlife and Ch. Wildlife Warden)||Divisional Forest Officer - Assam Sate Zoo
2025_AAU_47737_1,99/DRV/409/3/2025-26/5381,Procurement of Biorepository with Monitoring System,Procurement of Biorepository with Monitoring System,Goods,Open Tender,Supply,Laboratory and scientific equipment,No,No,NA ,03-Oct-2025 09:30 AM,NA ,180.0,No ,No,Online,24-Oct-2025 03:30 PM,Assam Agricultural University||Directorate of Research ( Veterinary),"AAU, Khanapara, Guwahati",781022.0,2.0,,Molbiogen,"684,400",Accepted-AOC,17-Nov-2025,Assam Agricultural University||Directorate of Research ( Veterinary)
2025_PWBNH_45268_1,CE/TB-III/40/2023/Pt/53 Date 01.07.2025,"Construction of 50 bedded Ayush Hospital at Kaliabor, Nagaon District","Construction of 50 bedded Ayush Hospital at Kaliabor, Nagaon District",Works,Open Tender,Item Rate,Civil Works - Building,No,No,NA ,01-Jul-2025 03:40 PM,04-Jul-2025 12:30 PM ,180.0,No ,No,Online,16-Jul-2025 03:30 PM,Public Works Building and NH Department||Chief Engineer-Building - PWBNH,Kaliabor,782120.0,2.0,"14,09,69,186",ASSAM SUPPLY SYNDICATE,"148,186,809",Rejected-Technical,28-Nov-2025,Public Works Building and NH Department||Chief Engineer-Building - PWBNH
2025_WPTBC_47972_1,SCDCChilaraiBhawanMORAN,Construction of Chilarai Bhawan at Moran,Construction of Chilarai Bhawan at Moran,Works,Open Tender,Item Rate,Civil Works,No,No,NA ,10-Oct-2025 06:40 PM,NA ,180.0,No ,No,Online,15-Oct-2025 03:00 PM,Welfare of Plain Tribes and Backward Classes||Directorate of Welfare of Scheduled Caste||Assam State Development Corporation for SC,"DISPUR, GHY-06",781006.0,2.0,"70,00,000",M/S MIRUSI ENTERPRISE,"7,000,000",Accepted-AOC,17-Nov-2025,Welfare of Plain Tribes and Backward Classes||Directorate of Welfare of Scheduled Caste||Assam State Development Corporation for SC
2025_PWBNH_47650_2,SE/TB/TEN/02/2025-26/531 Dated 16.09.2025,Balance work estimate for Construction of Rural Health block pooling complex at Dhekiajuli in Sonitpur District under NHM,Balance work estimate for Construction of Rural Health block pooling complex at Dhekiajuli in Sonitpur District under NHM,Works,Open Tender,Item Rate,Civil Works - Building,No,No,NA ,22-Sep-2025 09:00 AM,24-Sep-2025 12:00 PM ,180.0,No ,No,Online,13-Oct-2025 01:00 PM,Public Works Building and NH Department||Chief Engineer-Building - PWBNH||SE-Tezpur Circle - PWBNH,Dhekiajuli,784176.0,2.0,"1,40,75,343",DEEPAK KUMAR BUCHA,"14,938,370",Accepted-AOC,15-Nov-2025,Public Works Building and NH Department||Chief Engineer-Building - PWBNH||SE-Tezpur Circle - PWBNH
2024_NHM_40148_1,NHM-260339,"Construction of Buildingless Sub Health Centre in Damadaodham SC in Nalbari District under PM ABHIM for FY 2022-23 under NHM, Assam on Turnkey Basis","Construction of Buildingless Sub Health Centre in Damadaodham SC in Nalbari District under PM ABHIM for FY 2022-23 under NHM, Assam on Turnkey Basis",Works,Open Tender,Turn-key,Civil Works - Building,No,No,NA ,30-Oct-2024 03:00 PM,NA ,180.0,No ,No,Online,21-Nov-2024 03:30 PM,National Health Mission||State Programme Management Unit - NHM,Nalbari,781335.0,2.0,"52,03,000",KULEN BEZBARUAH,"4,448,000",Rejected-Finance,15-Nov-2025,National Health Mission||State Programme Management Unit - NHM
2025_DoWR_45444_1,BISWANATH/2025-26/SOPD-G/I,Pro-Siltation measures to protect Bihmari area from erosion on the right bank of river Bihmari.,Pro-Siltation measures to protect Bihmari area from erosion on the right bank of river Bihmari.,Works,Open Tender,Works,Civil Works,No,No,NA ,08-Jul-2025 06:55 PM,NA ,180.0,No ,No,Online,28-Jul-2025 03:00 PM,Department of Water Resources||Chief Engineer - DoWR,BISWANATH,784176.0,2.0,"3,44,73,999",AJAY AGARWAL,"31,026,599",Rejected-AOC,15-Nov-2025,Department of Water Resources||Chief Engineer - DoWR
2025_PWBNH_45351_1,CE/TB-VII/46/2023/19,"Construction of Modern Auditorium Hall at Bokajan, Bokajan LAC under Karbi Anglong District under Signature Project for the year 2018- 19, SP-15(Balance work)","Construction of Modern Auditorium Hall at Bokajan, Bokajan LAC under Karbi Anglong District under Signature Project for the year 2018- 19, SP-15(Balance work)",Works,Open Tender,Item Rate,Civil Works - Building,No,No,NA ,04-Jul-2025 01:00 PM,10-Jul-2025 11:00 AM ,180.0,No ,No,Online,17-Jul-2025 03:00 PM,Public Works Building and NH Department||Chief Engineer-Building - PWBNH,BOKAJAN,782480.0,2.0,"8,27,46,726",Binit Saha,"85,288,142",Accepted-AOC,29-Nov-2025,Public Works Building and NH Department||Chief Engineer-Building - PWBNH
2025_PHED_48001_1,SEPH/GC/TB-152/Vol-XXVII/25-26,Dalbama PWSS,DALBAMA PWSS UNDER GUWAHATI DIVISION NO-I UNDER SOPD-G FOR THE YEAR 2024-25,Works,Open Tender,Item Rate,Civil Works,No,No,NA ,13-Oct-2025 04:00 PM,22-Oct-2025 02:00 PM ,180.0,No ,No,Online,30-Oct-2025 03:00 PM,Public Health Engineering Department||Chief Engineer PHE(P)-Assam-PHED||Lower Assam Zone-Guwahati-PHED||Guwahati Circle-Guwahati-PHED,Near Garchuk,781035.0,2.0,"1,14,42,000",AMIT BARTER PRIVATE LIMITED,"11,441,990",Accepted-AOC,07-Nov-2025,Public Health Engineering Department||Chief Engineer PHE(P)-Assam-PHED||Lower Assam Zone-Guwahati-PHED||Guwahati Circle-Guwahati-PHED
2025_PWD_45619_1,BDTRD/BKT/SOPD-G/Emg/01,"Construction of Civil works in connection with the proposed visit of the VVIPs and VIPs to the Kaziranga National Park on 08.03.2024 under Bokakhat and Dergaon Territorial Road Divison, Bokakhat for the year 2024-25","Construction of Civil works in connection with the proposed visit of the VVIPs and VIPs to the Kaziranga National Park on 08.03.2024 under Bokakhat and Dergaon Territorial Road Divison, Bokakhat for the year 2024-25",Works,Open Tender,Item Rate,Civil Works,No,No,NA ,16-Jul-2025 10:00 AM,17-Jul-2025 12:00 PM ,180.0,No ,No,Online,23-Jul-2025 12:00 PM,Public Works Roads Department,Bokakhat,785612.0,2.0,"27,98,700",DILIP TAMULY,"2,798,700",Accepted-AOC,26-Nov-2025,Public Works Roads Department
2025_KAAC_46590_1,ACEH/CS/SSA/03/2025-26/NSL57,Construction of 50 bedded hostel separately for boys and girls at Hongkram High School under the scheme Dharti Aaba Janjatiya Gram Utkarsh Abhiyan,Construction of 50 bedded hostel separately for boys and girls at Hongkram High School under the scheme Dharti Aaba Janjatiya Gram Utkarsh Abhiyan,Works,Open Tender,Item Rate,Civil Works - Building,No,No,NA ,18-Aug-2025 11:00 AM,20-Aug-2025 12:00 PM ,180.0,No ,No,Online,30-Aug-2025 11:00 AM,Karbi Anglong Autonomous Council||PWD||Addl. Chief Engineer Diphu,Rongkhang,782485.0,2.0,"3,78,75,000",MAHENDRA KONWAR,"37,685,624.81",Rejected-AOC,13-Nov-2025,Karbi Anglong Autonomous Council||PWD||Addl. Chief Engineer Diphu
2025_BoTC_45724_1,IND/CHD/G-112/2020/Pt-III/408,Training and Toolkit Distribution (Tailoring) for Start-up setup in BTR,Training and Toolkit Distribution (Tailoring) for Start-up setup in BTR,Services,Open Tender,Percentage,Miscellaneous Services,No,No,NA ,18-Jul-2025 12:30 PM,29-Jul-2025 11:00 AM ,180.0,No ,No,Online,04-Aug-2025 10:30 AM,Bodoland Territorial Council||Small Cottage and Rural Industry-BTC,KOKRAJHAR,783370.0,2.0,"8,00,00,000",Assam Skill Training Provider (ASTP),"79,996,000",Rejected-Finance,04-Nov-2025,Bodoland Territorial Council||Small Cottage and Rural Industry-BTC
2025_WPTBC_47541_1,PTDC/Engg/2024-25/436,Construction of Womens college Tinsukia at Tinsukia under the Scheme PM-USHA,Construction of Womens college Tinsukia at Tinsukia under the Scheme PM-USHA,Works,Open Tender,Item Rate,Civil Works,No,No,NA ,16-Sep-2025 03:30 PM,23-Sep-2025 11:00 AM ,180.0,No ,No,Online,30-Sep-2025 03:00 PM,Welfare of Plain Tribes and Backward Classes||Director - WPT and BC,Womens college Tinsukia,786125.0,2.0,"1,50,00,000",DHIRAJ GOGOI,"14,999,400",Rejected-AOC,25-Nov-2025,Welfare of Plain Tribes and Backward Classes||Director - WPT and BC
2025_PWD_43371_1,CE/CW/46/2024-25-RajgarhRd-FM,"Improvement of Bylane No.1,2,4, 5 of Rajgarh Road and Bylane No.1,2,3,4 of Pub-Sarania Road","Improvement of Bylane No.1,2,4,5 of Rajgarh Road and Bylane No.1,2,3,4 of Pub-Sarania Road including construction of Load Bearing Drains for flood mitigation of Pub-Sarania area under SOPD-G for the year 2024-25..",Works,Open Tender,Item Rate,Civil Works – Roads,No,No,NA ,11-Mar-2025 04:00 PM,NA ,180.0,No ,No,Online,24-Mar-2025 02:30 PM,Public Works Roads Department,Guwahati,781003.0,2.0,"9,90,97,000",M/s Manisha Construction,"99,096,800",Accepted-AOC,06-Nov-2025,Public Works Roads Department
2025_WPTBC_47035_1,PTDC/Engg/2024-25/391,Construction of New Tea Tribes and Adivasi Boys Hostel at North Lakhimpur College.,Construction of New Tea Tribes and Adivasi Boys Hostel at North Lakhimpur College.,Works,Open Tender,Item Rate,Civil Works,No,No,NA ,27-Aug-2025 05:30 PM,28-Aug-2025 11:00 AM ,180.0,No ,No,Online,04-Sep-2025 03:00 PM,Welfare of Plain Tribes and Backward Classes||Director - WPT and BC,North Lakhimpur College,787031.0,2.0,"1,00,00,000",GYANDEEP DEHINGIA,"9,708,803.03",Rejected-AOC,13-Nov-2025,Welfare of Plain Tribes and Backward Classes||Director - WPT and BC
2025_AEGCL_44518_1,AEGCL/MD/TECH-1150/Tower Cons/Loc. 136/SOPD 2024-25/BID(R),Construction of 132 KV D 0 tower (01 No) on pile foundation in place of river eroded tower at Loc. No. 136 of 132 KV Dibrugarh-Tinsukia line including associated works,Construction of 132 KV D 0 tower (01 No) on pile foundation in place of river eroded tower at Loc. No. 136 of 132 KV Dibrugarh-Tinsukia line including associated works,Works,Open Tender,Turn-key,Electrical Works,No,No,NA ,26-May-2025 02:00 PM,NA ,180.0,No ,No,Online,20-Jun-2025 04:00 PM,Assam Electricity Grid Corporation Ltd||CGM (T and T),Dibrugarh Tinsukia,786001.0,2.0,"72,27,222",ALORAN SOLUTIONS,"5,785,580",Rejected-Finance,26-Nov-2025,Assam Electricity Grid Corporation Ltd||CGM (T and T)
2025_UDD_47195_3,DMB/Tender/2025/1106 Dated 30/08/2025,"Construction of Water Supply Scheme at Nagakhelia, Ward No. 7","Construction of Water Supply Scheme at Nagakhelia, Ward No. 7",Works,Open Tender,Works,Civil Works,No,No,NA ,02-Sep-2025 02:00 PM,NA ,180.0,No ,No,Online,23-Sep-2025 10:00 AM,Urban Development Department||Directorate of Municipality Administration - UDD||Dhemaji Municipal Board,Dhemaji,787057.0,2.0,"1,36,70,000",Lakhyajit Gogoi,"13,669,000",Accepted-AOC,27-Nov-2025,Urban Development Department||Directorate of Municipality Administration - UDD||Dhemaji Municipal Board
2025_ID_47277_1,JTD(I)/W-578/E-Tender/25-26/16,Installation of Solar Shallow Tube Well Scheme (4 Points) at Jorhat LAC under SOPD_G for the year 2025_26,Installation of Solar Shallow Tube Well Scheme (4 Points) at Jorhat LAC under SOPD_G for the year 2025_26,Works,Open Tender,Item Rate,Composite Works,No,No,NA ,04-Sep-2025 06:00 PM,NA ,180.0,No ,No,Online,24-Sep-2025 03:00 PM,Irrigation Department||Chief Engineer(Major)-Irrigation Dept||Jorhat Circle||Jorhat Dergaon Teok Division,Jorhat,785001.0,2.0,"13,35,970",Sanjeev Baruah,"1,335,385",Rejected-Finance,22-Oct-2025,Irrigation Department||Chief Engineer(Major)-Irrigation Dept||Jorhat Circle||Jorhat Dergaon Teok Division
2025_GSCT_45586_1,SPV/GSCL/DEV/235/2025/37,"Renovation and Construction of Projection Wall of Open Air Theater (OAT) at Srimanta Sankaradeva Kalakshetra Society, Panjabari, Guwahati -37","Renovation and Construction of Projection Wall of Open Air Theater (OAT) at Srimanta Sankaradeva Kalakshetra Society, Panjabari, Guwahati -37",Works,Open Tender,Item Rate,Composite Works,No,No,NA ,15-Jul-2025 06:00 PM,19-Jul-2025 12:00 PM ,180.0,No ,No,Online,06-Aug-2025 03:00 PM,Guwahati Smart City Ltd.,"Srimanta Sankardev Kalashetra, Guwahati",781037.0,2.0,"66,00,000",ABUL FAZAL ABDULLAH,"5,489,364.43",Rejected-AOC,11-Nov-2025,Guwahati Smart City Ltd.
2025_PCCF_47567_1,AVD 1/2025-26,Construction of Assam Type Building for Forester Quarter,Construction of Assam Type Building for Forester Quarter at Bahalpur Range Office Complex,Goods,Open Tender,Works,Civil Construction Goods,No,No,NA ,17-Sep-2025 04:30 PM,04-Oct-2025 11:30 AM ,180.0,No ,No,Online,10-Oct-2025 01:00 PM,Pr. Chief Conservator of Forest and Head of Forest Force||Chief Conservator of Forests Social Forestry||Lower Assam Social Forestry Circle||Aie Valley Division,Bahalpur Range Office,783371.0,2.0,"37,28,055",Alokesh Bhuyan,"3,355,249.5",Rejected-Technical,26-Nov-2025,Pr. Chief Conservator of Forest and Head of Forest Force||Chief Conservator of Forests Social Forestry||Lower Assam Social Forestry Circle||Aie Valley Division
2025_ID_47052_1,BVCI/IRRI/TB/04/2024/186 DATED 27/08/2025,Installation of 2 nos of MDTW scheme under Dholai LAC under SOPD-G for the year 2025-26.,Installation of 2 nos of MDTW scheme under Dholai LAC under SOPD G for the year 2025-26.,Works,Open Tender,Item Rate,Composite Works,No,No,NA ,28-Aug-2025 01:00 PM,NA ,180.0,No ,No,Online,18-Sep-2025 01:00 PM,Irrigation Department||Chief Engineer(Major)-Irrigation Dept||Cachar Karimganj Circle,DHOLAI,788114.0,2.0,"57,59,956",ABDUL HAMID CHOUDHURY,"5,183,960.4",Accepted-AOC,28-Nov-2025,Irrigation Department||Chief Engineer(Major)-Irrigation Dept||Cachar Karimganj Circle
2025_PWD_43465_1,CE/CW/47/2024-25(Box culvert),"RCC Box Cell Culvert,Kalmoni Rivulet","Construction of Proposed Single Cell RCC Box cell culvert (4mx4m) at Kalmoni Rivulet,Azara (Part-2) under SOPD-G for the year 2024-25",Works,Open Tender,Item Rate,Civil Works – Roads,No,No,NA ,19-Mar-2025 09:00 AM,NA ,180.0,No ,No,Online,29-Mar-2025 02:30 PM,Public Works Roads Department,Jalukbari,781014.0,3.0,"1,77,48,000",M/S S.B ENTERPRISE,"17,747,995",Accepted-AOC,15-Nov-2025,Public Works Roads Department
2025_HFWD_46858_1,MCH/HMS/2025/368/251,"Supply of various equipments from GeM Portal for the Infectious Disease Research and Diagnostic Laboratory (IRDL) under the Department of Microbiology, GMCH,","Supply of various equipments from GeM Portal for the Infectious Disease Research and Diagnostic Laboratory (IRDL) under the Department of Microbiology, GMCH,",Goods,Open Tender,Item Wise,Laboratory and scientific equipment,No,No,NA ,22-Aug-2025 06:00 PM,29-Aug-2025 01:00 PM ,365.0,No ,No,Online,15-Sep-2025 04:00 PM,Health and Family Welfare Department||Directorate of Medical Education-HFWD||Guwahati Medical College Hospital-HFWD,"GMCH, Bhangagarh, Guwahati",781032.0,2.0,,Eppendorf India Limited,"4,250,000",Rejected-Finance,15-Nov-2025,Health and Family Welfare Department||Directorate of Medical Education-HFWD||Guwahati Medical College Hospital-HFWD
2025_PHED_47110_1,SEPHE/GC/TB152/Vol-XVIII/25-26,CONSTRUCTION OF 2.0 LAKH LITERS CAPACITY UNDERGROUND SERVICE RESERVOIR INCLUDING EXTENSION OF DIFFERENT DIAMETER OF G.I. DISTRIBUTION PIPE LINE AT DIFFERENT LOCATON and PROVIDING FHTCS UNDER ANANDA NAGAR,CONSTRUCTION OF 2.0 LAKH LITERS CAPACITY UNDERGROUND SERVICE RESERVOIR INCLUDING EXTENSION OF DIFFERENT DIAMETER OF G.I. DISTRIBUTION PIPE LINE AT DIFFERENT LOCATON and PROVIDING FHTCS UNDER ANANDA NAGAR PWSS UNDER GUWAHATI DIVISION NO I UNDER SOPD-G,Works,Open Tender,Item Rate,Civil Works,No,No,NA ,29-Aug-2025 06:00 PM,05-Sep-2025 01:00 PM ,90.0,No ,No,Online,07-Oct-2025 03:00 PM,Public Health Engineering Department||Chief Engineer PHE(P)-Assam-PHED||Lower Assam Zone-Guwahati-PHED||Guwahati Circle-Guwahati-PHED,Ananda Nagar,781005.0,2.0,"47,57,000",AKHIL KALITA,47.57,Accepted-AOC,06-Nov-2025,Public Health Engineering Department||Chief Engineer PHE(P)-Assam-PHED||Lower Assam Zone-Guwahati-PHED||Guwahati Circle-Guwahati-PHED
2025_PWBNH_44092_7,"CE/TB-VI/RIDF-XXX/1/2024/17 Dated Guwahati the 17th March, 2025","Construction of 126 Secondary Schools in 35 Districts of Assam under RIDF-XXX (2024-25) for (i) Rani High School, Rani under South Kamrup TBD (Gr-17)","Construction of 126 Secondary Schools in 35 Districts of Assam under RIDF-XXX (2024-25) for (i) Rani High School, Rani under South Kamrup TBD (Gr-17)",Works,Open Tender,Item Rate,Civil Works - Building,No,No,NA ,17-Apr-2025 05:00 PM,21-Apr-2025 11:30 AM ,180.0,No ,No,Online,15-May-2025 03:00 PM,Public Works Building and NH Department||Chief Engineer-Building - PWBNH,RANI,781129.0,2.0,"7,21,85,000",ANIL DAS CONSTRUCTION PVT LTD,"67,492,975",Accepted-AOC,15-Nov-2025,Public Works Building and NH Department||Chief Engineer-Building - PWBNH
2025_KAAC_46489_1,NoACEH/CS/SSA/03/2025-26/SL25,Construction of 50 bedded hostel separately for boys and girls under Dharti Aaba Janjatiya Gram Utkarsh Abhiyan at Upper Hapjan ME School (Upgraded to High School),Construction of 50 bedded hostel separately for boys and girls under Dharti Aaba Janjatiya Gram Utkarsh Abhiyan at Upper Hapjan ME School (Upgraded to High School),Works,Open Tender,Item Rate,Civil Works - Building,No,No,NA ,18-Aug-2025 11:00 AM,20-Aug-2025 12:00 PM ,180.0,No ,No,Online,30-Aug-2025 11:00 AM,Karbi Anglong Autonomous Council||PWD||Addl. Chief Engineer Diphu,Lumbajong,782441.0,2.0,"3,78,75,000",Chiranjiv Agarwal,"37,874,999.99",Rejected-AOC,15-Nov-2025,Karbi Anglong Autonomous Council||PWD||Addl. Chief Engineer Diphu
2025_KAAC_46364_1,NoACEH/CS/SSA/03/2025-26/SL08,Parokhowa High School,Construction of 50 bedded hostel separately for boys and girls under Dharti Aaba Janjatiya Gram Utkarsh Abhiyan at Parokhowa High School,Works,Open Tender,Item Rate,Civil Works - Building,No,No,NA ,18-Aug-2025 11:00 AM,20-Aug-2025 12:00 PM ,180.0,No ,No,Online,30-Aug-2025 11:00 AM,Karbi Anglong Autonomous Council||PWD||Addl. Chief Engineer Diphu,Howraghat,782481.0,2.0,"3,78,75,000",MAHENDRA KONWAR,"37,869,000",Rejected-AOC,04-Nov-2025,Karbi Anglong Autonomous Council||PWD||Addl. Chief Engineer Diphu
2025_WPTBC_46268_1,PTDC/Engg/2024-25/383(E),"Construction of ITI Boys / Girls Hostel including furnitures for 10 Nos. under Article 275(1) of the Constitution of India during the year 2024-25 (ITI, Goalpara, Goalpara)","Construction of ITI Boys / Girls Hostel including furnitures for 10 Nos. under Article 275(1) of the Constitution of India during the year 2024-25 (ITI, Goalpara, Goalpara)",Works,Open Tender,Item Rate,Civil Works,No,No,NA ,08-Aug-2025 06:00 PM,11-Aug-2025 09:00 AM ,120.0,No ,No,Online,25-Aug-2025 03:00 PM,Welfare of Plain Tribes and Backward Classes||Director - WPT and BC||Assam Plains Tribes Development Corporation Ltd.,"ITI, Goalpara",783121.0,2.0,"2,00,00,000",MANJITA RABHA,"19,998,085.68",Accepted-AOC,20-Nov-2025,Welfare of Plain Tribes and Backward Classes||Director - WPT and BC||Assam Plains Tribes Development Corporation Ltd.
2025_DHUA_45946_1,CE/H and UA/Tech/17/PT-III/25-26/02(2),Construction of Dwelling units at Horizon Colony under Nalbari Municipal Board against the scheme of Infrastructure Development in the ULBs for the 2024-25,Construction of Dwelling units at Horizon Colony under Nalbari Municipal Board against the scheme of Infrastructure Development in the ULBs for the 2024-25,Works,Open Tender,Item Wise,Civil Works,No,No,NA ,26-Jul-2025 05:00 PM,NA ,180.0,No ,No,Online,12-Aug-2025 03:00 PM,Department of Housing and Urban Affairs||Chief Engineer Technical Cell,Nalbari,781369.0,2.0,"1,03,83,700",kajalkrdas,"10,379,867",Rejected-Finance,04-Nov-2025,Department of Housing and Urban Affairs||Chief Engineer Technical Cell
2025_FD_47023_1,AFD(SM)-36/PMMSY/2023-24/152,Supply of Formulated Fish Feed,Supply of Formulated Fish Feed,Goods,Open Tender,Supply,Crop Products,No,No,NA ,28-Aug-2025 02:00 PM,NA ,180.0,No ,No,Online,24-Sep-2025 01:00 PM,Department of Fisheries||Directorate of Fisheries Assam||DDF LAZ Howly||DFDO South Salmara,SOUTH SALMARA MANKACHAR,783135.0,2.0,"15,30,000",LUIT ENTERPRISE,"1,430,217.41",Not Admitted-Finance,10-Nov-2025,Department of Fisheries||Directorate of Fisheries Assam||DDF LAZ Howly||DFDO South Salmara
2024_APGCL_38654_1,APGCL/CGM (GEN)/2024-25/CO2 Fire protection-KLHEP/22,"Design, Engineering, Supply, Installation and Commissioning of CO2 Gas Fire Suppression System","Design, Engineering, Supply, Installation and Commissioning of CO2 Gas Fire Suppression System along with Common Addressable Fire Detection and Alarm System for Hydro Generators-1 and 2 of 2X50 MW Hydro Turbines of Karbi Langpi Hydro Electric Project",Works,Open Tender,Tender cum Auction,Electrical Works,No,No,NA ,27-Aug-2024 03:00 PM,NA ,180.0,No ,No,Online,26-Sep-2024 12:00 PM,Assam Power Generation Company Limited,Karbi Langpi Hydro Electric Project,782450.0,2.0,,CARBONIC INDUSTRIES,"4,002,697",Rejected-Finance,29-Apr-2025,Assam Power Generation Company Limited
2025_PWBNH_44074_5,"CE/TB-VI/RIDF-XXX/1/2024/15 Dated Guwahati the 17th March, 2025","Construction of 126 Secondary Schools in 35 Districts of Assam under RIDF-XXX (2024-25) for (i) Choukhuty H E School, Bajali under Bajali DTBD) (Gr-15)","Construction of 126 Secondary Schools in 35 Districts of Assam under RIDF-XXX (2024-25) for (i) Choukhuty H E School, Bajali under Bajali DTBD) (Gr-15)",Works,Open Tender,Item Rate,Civil Works - Building,No,No,NA ,11-Apr-2025 05:00 PM,21-Apr-2025 11:30 AM ,180.0,No ,No,Online,13-May-2025 03:00 PM,Public Works Building and NH Department||Chief Engineer-Building - PWBNH,Bajali,781325.0,2.0,"7,21,85,000",golden traders,"75,069,941",Accepted-AOC,04-Nov-2025,Public Works Building and NH Department||Chief Engineer-Building - PWBNH
2025_PWD_44505_1,CE/CW/04/2025-26-HBhetapara,"Improvement and Renovation of (1) Hatgaon Bhetapara Road , (2) Kalakhetra Road (3) Dr. R. P. Road (4) Dr. B. N. Saikia Road (5) G. S. Road under SOPD(G) for the year 2024-25.","Improvement and Renovation of (1) Hatgaon Bhetapara Road , (2) Kalakhetra Road (3) Dr. R. P. Road (4) Dr. B. N. Saikia Road (5) G. S. Road under SOPD(G) for the year 2024-25.",Works,Open Tender,Item Rate,Civil Works – Roads,No,No,NA ,24-May-2025 09:00 AM,NA ,180.0,No ,No,Online,06-Jun-2025 02:30 PM,Public Works Roads Department,Guwahati,781006.0,2.0,"44,16,49,000",HIGH-TECH ECOGREEN CONTRACTORS LLP,"441,647,462",Accepted-AOC,07-Nov-2025,Public Works Roads Department
2024_PWBNH_36791_1,W-24/2009-10/Pt-I/656 Dated.16-02-2024,Construction of Jawan Barracks at Towkak CRPF Camp,Construction of Jawan Barracks at Towkak CRPF Camp,Works,Open Tender,Works,Civil Works - Building,No,No,NA ,01-Mar-2024 04:00 PM,01-Mar-2024 04:30 PM ,90.0,No ,No,Online,11-Mar-2024 02:30 PM,Public Works Building and NH Department||Chief Engineer-Building - PWBNH||SE-Jorhat Circle - PWBNH||EE-Sivsagar Building Division - PWBNH,Sonari,785690.0,2.0,"34,29,295",IQBAL QURESHI,"3,462,000.19",Accepted-AOC,21-Nov-2025,Public Works Building and NH Department||Chief Engineer-Building - PWBNH||SE-Jorhat Circle - PWBNH||EE-Sivsagar Building Division - PWBNH
2025_ICD_44059_1,DNPL/PC/2025/CRS/CIDS/60/18,PROCUREMENT OF CORROSION INHIBITOR DOSING SYSTEM,PROCUREMENT OF CORROSION INHIBITOR DOSING SYSTEM,Works,Open Tender,Supply,Miscellaneous Works,No,No,NA ,10-Apr-2025 04:00 PM,18-Apr-2025 11:00 AM ,180.0,No ,No,Online,17-Jun-2025 11:00 AM,Industries and Commerce Department||DNP Limited,Duliajan,786602.0,2.0,,SV GAS SOLUTIONS PRIVATE LIMITED,"2,710,000",Accepted-AOC,12-Nov-2025,Industries and Commerce Department||DNP Limited
2025_PWBNH_44074_10,"CE/TB-VI/RIDF-XXX/1/2024/15 Dated Guwahati the 17th March, 2025","Construction of 126 Secondary Schools in 35 Districts of Assam under RIDF-XXX (2024-25) for (i) Ghunasuti High School, Lakhimpur, (ii)Lakhimpur Govt. Higher Secondary School, Lakhiumpur under Lakhimpur DTBD (Gr-45)","Construction of 126 Secondary Schools in 35 Districts of Assam under RIDF-XXX (2024-25) for (i) Ghunasuti High School, Lakhimpur, (ii)Lakhimpur Govt. Higher Secondary School, Lakhiumpur under Lakhimpur DTBD (Gr-45)",Works,Open Tender,Item Rate,Civil Works - Building,No,No,NA ,11-Apr-2025 06:00 PM,21-Apr-2025 11:30 AM ,180.0,No ,No,Online,26-May-2025 03:00 PM,Public Works Building and NH Department||Chief Engineer-Building - PWBNH,Lakhimpur,787001.0,2.0,"14,43,70,000",Choudhury Enterprise,"152,454,720",Not Admitted-Fee/PreQual/Technical,04-Nov-2025,Public Works Building and NH Department||Chief Engineer-Building - PWBNH
2025_ICD_47070_2,EEG/73/79/Pt-I/170-172/513-519 dt 27/08/2025,Construction of Boundary Wall with MS Gate at DICC office campus Lakhimpur North Lakhimpur,Construction of Boundary Wall with MS Gate at DICC office campus Lakhimpur North Lakhimpur,Works,Open Tender,Item Rate,Civil Works,No,No,NA ,29-Aug-2025 02:00 PM,NA ,180.0,No ,No,Online,18-Sep-2025 03:00 PM,Industries and Commerce Department||Commissioner Industries and Commerce Assam||Office of the Ex Engineer,DICC Lakhimpur,787001.0,2.0,"34,29,834",MS UNIQUE CONSTRUCTION AND SUPPLY,"2,915,359",Rejected-Finance,29-Oct-2025,Industries and Commerce Department||Commissioner Industries and Commerce Assam||Office of the Ex Engineer
2025_UDD_47891_1,"Renovation of Auditorium in Womens College, Tinsukia under RUSA Grant Assam","Renovation of Auditorium in Womens College, Tinsukia under RUSA Grant Assam","Renovation of Auditorium in Womens College, Tinsukia under RUSA Grant Assam",Works,Open Tender,Works,Civil Works,No,No,NA ,08-Oct-2025 06:00 PM,09-Oct-2025 11:00 AM ,180.0,No ,No,Online,17-Oct-2025 10:00 AM,Urban Development Department||Assam State Housing Board - UDD,Tinsukia,786125.0,2.0,"23,01,000",Sekendar Ali,"2,301,000",Rejected-Technical,26-Nov-2025,Urban Development Department||Assam State Housing Board - UDD
2025_AEGCL_42050_1,Tech-1099/DCNEL/Umrangso/HTLS,Destringing of Existing Panther Conductor and Stringing of HTLS Conductor of 132 kV Khandong-Haflong LILO at 132 kV Umrangso GSS along with associated works,Destringing of Existing Panther Conductor and Stringing of HTLS Conductor of 132 kV Khandong-Haflong LILO at 132 kV Umrangso GSS along with associated works,Works,Open Tender,Turn-key,Electrical Works,No,No,NA ,10-Jan-2025 05:45 PM,NA ,180.0,No ,No,Online,07-Mar-2025 04:30 PM,Assam Electricity Grid Corporation Ltd||CGM (T and T),132 kV Umrangso GSS AEGCL,788931.0,2.0,"3,11,21,123",Mega Electricals,"28,583,942",Accepted-AOC,10-Nov-2025,Assam Electricity Grid Corporation Ltd||CGM (T and T)
2025_PWBNH_44092_26,"CE/TB-VI/RIDF-XXX/1/2024/17 Dated Guwahati the 17th March, 2025","Construction of 126 Secondary Schools in 35 Districts of Assam under RIDF-XXX (2024-25) for (i) Donkamokam High School, Rongkhang (ii) Hamren Govt. Higher Secondary School , Chinthong under Baithalangso TBD (Gr-67)","Construction of 126 Secondary Schools in 35 Districts of Assam under RIDF-XXX (2024-25) for (i) Donkamokam High School, Rongkhang (ii) Hamren Govt. Higher Secondary School , Chinthong under Baithalangso TBD (Gr-67)",Works,Open Tender,Item Rate,Civil Works - Building,No,No,NA ,19-Apr-2025 01:00 PM,21-Apr-2025 11:30 AM ,180.0,No ,No,Online,15-May-2025 03:00 PM,Public Works Building and NH Department||Chief Engineer-Building - PWBNH,Baithalangso,782426.0,2.0,"14,43,70,000",Chiranjiv Agarwal,"141,602,003",Rejected-Technical,20-Nov-2025,Public Works Building and NH Department||Chief Engineer-Building - PWBNH
2025_ICD_44023_1,APL/CnP/252/PP/E/Pro/25-26/074,ARC Valves,"ARC Valves for the pump 001-PA-602, 001-PA-460 AB, 001-PA-452 AB, 001-PA-455 AB, 001-PA-456 AB, 001-PA-458 AB, 001-PA-201 AB, 001-PA-601 AB",Goods,Open Limited,Item Rate,Supply of Materials,No,No,NA ,09-Apr-2025 11:00 AM,NA ,120.0,No ,No,Online,27-May-2025 10:00 AM,Industries and Commerce Department||Assam Petro-Chemicals Ltd.||Head office Namrup||Materials Management Department,"APL, Namrup",786623.0,2.0,"58,60,210",KSB Limited,"4,292,084",Accepted-AOC,11-Nov-2025,Industries and Commerce Department||Assam Petro-Chemicals Ltd.||Head office Namrup||Materials Management Department
2025_BoTC_44442_1,DA/BTC/K/e-Tender/2025-26/01,"Supply of Arecanut Saplings (Planting Material) against the scheme Distribution of Arecanut Saplings under Horticulture and Vegetable Crops, SOPD for the year 2025-26.","Supply of Arecanut Saplings (Planting Material) against the scheme Distribution of Arecanut Saplings under Horticulture and Vegetable Crops, SOPD for the year 2025-26.",Goods,Open Tender,Supply,Crop Products,No,No,NA ,22-May-2025 02:00 PM,NA ,90.0,No ,No,Online,11-Jun-2025 03:00 PM,Bodoland Territorial Council||Agriculture-BTC,"O/o the Director of Agriculture, BTC, Kokrajhar",783370.0,2.0,"50,00,000",Anil Hardware and Nursery Enterprise,70.0,Rejected-Finance,09-Jul-2025,Bodoland Territorial Council||Agriculture-BTC
2025_KAAC_46452_1,NoACEH/CS/SSA/03/2025-26/SL18,Construction of 50 bedded hostel separately for boys and girls under Dharti Aaba Janjatiya Gram Utkarsh Abhiyan at Tekelangjun High School.,Construction of 50 bedded hostel separately for boys and girls under Dharti Aaba Janjatiya Gram Utkarsh Abhiyan at Tekelangjun High School.,Works,Open Tender,Item Rate,Civil Works - Building,No,No,NA ,18-Aug-2025 11:00 AM,20-Aug-2025 12:00 PM ,180.0,No ,No,Online,30-Aug-2025 11:00 AM,Karbi Anglong Autonomous Council||PWD||Addl. Chief Engineer Diphu,Samelangso,782441.0,2.0,"3,78,75,000",Chiranjiv Agarwal,"37,685,624.81",Accepted-AOC,13-Nov-2025,Karbi Anglong Autonomous Council||PWD||Addl. Chief Engineer Diphu
2025_PWD_47887_1,CS/JTRD/SOPD-G/59/2025-26,"Construction of Proposed single Cell RCC Box Culvert 4m x 4m at Kalmoni Rivulet, Azara Part I under SOPD G for the year 2023 24","Construction of Proposed single Cell RCC Box Culvert 4m x 4m at Kalmoni Rivulet, Azara Part I under SOPD G for the year 2023 24",Works,Open Tender,Item Rate,Civil Works – Roads,No,No,NA ,08-Oct-2025 02:00 PM,13-Oct-2025 12:00 PM ,180.0,No ,No,Online,16-Oct-2025 04:00 PM,Public Works Roads Department,Azara,781017.0,2.0,"93,53,166",M/S S.B ENTERPRISE,"9,353,162.58",Accepted-AOC,28-Nov-2025,Public Works Roads Department
2025_PWBNH_44092_4,"CE/TB-VI/RIDF-XXX/1/2024/17 Dated Guwahati the 17th March, 2025","Construction of 126 Secondary Schools in 35 Districts of Assam under RIDF-XXX (2024-25) for (i) Kalapani Higher Secondary School, Mankachar (ii) Kalyanpur High School Balijana under Goalpara DTBD (Gr-7)","Construction of 126 Secondary Schools in 35 Districts of Assam under RIDF-XXX (2024-25) for (i) Kalapani Higher Secondary School, Mankachar (ii) Kalyanpur High School Balijana under Goalpara DTBD (Gr-7)",Works,Open Tender,Item Rate,Civil Works - Building,No,No,NA ,17-Apr-2025 05:00 PM,21-Apr-2025 11:30 AM ,180.0,No ,No,Online,15-May-2025 03:00 PM,Public Works Building and NH Department||Chief Engineer-Building - PWBNH,Goalpara,783101.0,2.0,"14,43,70,000",M/S BIMAL KUMAR AGARWALA,"147,257,400",Rejected-Technical,29-Nov-2025,Public Works Building and NH Department||Chief Engineer-Building - PWBNH
2025_GU_47091_1,GU/KKHL/Digit/2025/001/268 date 28.08.2025,Digitization of KKH Library Collections at Gauhati University Guwahati Assam,Digitization of KKH Library Collections at Gauhati University Guwahati Assam,Works,Open Tender,Item Rate,Composite Works,No,No,NA ,29-Aug-2025 02:00 PM,NA ,90.0,No ,No,Online,22-Sep-2025 02:00 PM,Gauhati University,Gauhati University,781014.0,2.0,"20,00,690",BSM International,"1,999,970",Rejected-Technical,19-Nov-2025,Gauhati University
2025_PWD_47802_1,PMGSY/SONARI/2025-26/01,PMGSY/SONARI/2025-26/01,"Defect Correction of Barahi Ali (Length 6.13 Km) including CD Works and Routine Maintenance works for 5 years under PMGSY for 2017-18 PKG.No. AS-21-421 (Batch-3) in Sibsagar District under PWD Charaideo DTRD,Sonari.Pkg No. PMGSY/SONARI/2025-26/01",Works,Open Tender,Item Rate,Civil Works – Roads,No,No,NA ,07-Oct-2025 02:00 PM,13-Oct-2025 01:00 PM ,180.0,No ,No,Online,16-Oct-2025 12:00 PM,Public Works Roads Department,SONARI LAC,785690.0,2.0,,Sri Pradip Sarmah,"2,686,576",Rejected-Finance,21-Nov-2025,Public Works Roads Department
2025_UDD_43577_1,SMB/89/PT-II/SBM/SWM/315,NIT FOR ESTABLISHMENT OF WASTE TO COMPOST AND MATERIAL RECOVERY FACILITY AT SONAI MUNICIPAL BOARD,NIT FOR ESTABLISHMENT OF WASTE TO COMPOST AND MATERIAL RECOVERY FACILITY AT SONAI MUNICIPAL BOARD,Works,Open Tender,Works,Civil Works - Building,No,No,NA ,18-Mar-2025 04:30 PM,NA ,350.0,No ,No,Online,15-May-2025 01:00 PM,Urban Development Department||Directorate of Municipality Administration - UDD||Sonai Municipal Board,OFFICE OF THE SONAI MUNICIPAL BOARD,788119.0,2.0,"53,83,000",ARMAN TRADERS,"5,383,000",Accepted-AOC,17-Nov-2025,Urban Development Department||Directorate of Municipality Administration - UDD||Sonai Municipal Board
2024_PCCF_38262_1,FSET/B/APFBC/JFMC/2024/1446,Construction of Community Hall under APFBC scheme (JFMC-EPA),Construction of Community Hall under APFBC scheme (JFMC-EPA) at Karibil JFMC under Borgang Range,Works,Open Tender,Works,Civil Works,No,No,NA ,31-Jul-2024 12:05 PM,02-Aug-2024 11:30 AM ,90.0,No ,No,Online,20-Aug-2024 04:30 PM,"Pr. Chief Conservator of Forest and Head of Forest Force||Chief Conservator of Forests (Upper Assam Zone)||Northern Assam Circle, Tezpur||Sonitpur East Division","Karibil, Borgang",784176.0,2.0,"20,00,000",ABHIGYANAM DAS,"1,800,000",Rejected-Technical,10-Mar-2025,"Pr. Chief Conservator of Forest and Head of Forest Force||Chief Conservator of Forests (Upper Assam Zone)||Northern Assam Circle, Tezpur||Sonitpur East Division"
2025_PHED_46482_1,SEPH/TEZ/TC-196/2025-26/489-95 Dated 13/08/2025,Shifting of distribution system and installation of FHTC damage due to widening of PWD road at Niz Garubandha PWSS under SOPD-G for the year 2025-26,Shifting of distribution system and installation of FHTC damage due to widening of PWD road at Niz Garubandha PWSS under SOPD-G for the year 2025-26,Works,Open Tender,Item Rate,Civil Works - Water Works,No,No,NA ,16-Aug-2025 10:00 AM,22-Aug-2025 11:00 AM ,90.0,No ,No,Online,09-Oct-2025 02:00 PM,Public Health Engineering Department||Chief Engineer PHE(P)-Assam-PHED||North Assam Zone-Tezpur-PHED||Tezpur Circle-Tezpur-PHED,"Dhekiajuli, Assam",784110.0,2.0,"29,07,800",HIMALAY CONSTRUCTION,"2,903,220",Accepted-AOC,10-Nov-2025,Public Health Engineering Department||Chief Engineer PHE(P)-Assam-PHED||North Assam Zone-Tezpur-PHED||Tezpur Circle-Tezpur-PHED
2025_ID_45925_1,DGEDI/T-1/Pt-VII/2021/1434,RENOVATION WORKS TO MARKI F.I.S UNDER SOPD(TSP )FOR THE YEAR 2024-25,RENOVATION WORKS TO MARKI F.I.S UNDER SOPD(TSP )FOR THE YEAR 2024-25,Works,Open Tender,Works,Civil Works - Others,No,No,NA ,26-Jul-2025 05:00 PM,NA ,180.0,No ,No,Online,21-Aug-2025 11:00 AM,Irrigation Department||Chief Engineer(Major)-Irrigation Dept||Goalpara Circle||Dudhnoi Goalpara East Division,Marki FIS,783130.0,2.0,"50,00,000",PRASANTA SUNRISE JV,"4,500,000",Rejected-AOC,13-Nov-2025,Irrigation Department||Chief Engineer(Major)-Irrigation Dept||Goalpara Circle||Dudhnoi Goalpara East Division
2025_PHED_47871_1,SEPHE/GC/TB-152/Vol-33/25-26,RENOVATION OF SANTIPUR PWSS UNDER GUWAHATI DIVISION NO-I,RENOVATION OF SANTIPUR PWSS UNDER GUWAHATI DIVISION NO-I UNDER SOPD-G FOR THE YEAR 2024-25,Works,Open Tender,Item Rate,Civil Works,No,No,NA ,07-Oct-2025 04:00 PM,14-Oct-2025 02:00 PM ,180.0,No ,No,Online,30-Oct-2025 03:00 PM,Public Health Engineering Department||Chief Engineer PHE(P)-Assam-PHED||Lower Assam Zone-Guwahati-PHED||Guwahati Circle-Guwahati-PHED,"Mathgharia,Guwahati",781005.0,2.0,"79,00,000",BISWAJIT SARMA,"7,898,465",Accepted-AOC,07-Nov-2025,Public Health Engineering Department||Chief Engineer PHE(P)-Assam-PHED||Lower Assam Zone-Guwahati-PHED||Guwahati Circle-Guwahati-PHED
2025_ASDMA_45841_1,570866/706,COMPREHENSIVE ANNUAL MAINTENANCE CONTRACT OF AUDIO VIDEO AND DISPLAY EQUIPMENT INSTALLED AT STATE EMERGENCY OPERATION CENTRE - ASSAM STATE DISASTER MANAGEMENT AUTHORITY,COMPREHENSIVE ANNUAL MAINTENANCE CONTRACT OF AUDIO VIDEO AND DISPLAY EQUIPMENT INSTALLED AT STATE EMERGENCY OPERATION CENTRE - ASSAM STATE DISASTER MANAGEMENT AUTHORITY,Services,Open Tender,Works,Information Technology,No,No,NA ,23-Jul-2025 02:30 PM,26-Jul-2025 03:00 PM ,365.0,No ,No,Online,08-Aug-2025 11:30 AM,Assam State Disaster Management Authority||Head Offcie - ASDMA,"Conference Hall, ASDMA",781006.0,2.0,,Commercial Ventures,"2,962,334",Rejected-AOC,28-Nov-2025,Assam State Disaster Management Authority||Head Offcie - ASDMA
2025_ID_47028_1,NIT/TCI/3/2025/574,Installation of 5 points STW scheme under Rangapara LAC under SOPD-G for the year 2025-26,Installation of 5 points STW scheme under Rangapara LAC under SOPD-G for the year 2025-26,Works,Open Tender,Percentage,Civil Works,No,No,NA ,28-Aug-2025 10:00 AM,NA ,180.0,No ,No,Online,18-Sep-2025 03:00 PM,Irrigation Department||Chief Engineer(Major)-Irrigation Dept||Tezpur Circle,Tezpur,784001.0,2.0,"33,39,270",Bhaskarjyoti Nath,"3,339,928",Accepted-AOC,06-Nov-2025,Irrigation Department||Chief Engineer(Major)-Irrigation Dept||Tezpur Circle
2025_ID_48284_1,JC(I)/Tech/E-Tender/2025/90 Dated 29/10/2025,Installation of Solar Powered MDTW Scheme at Morongi Development Block area (5 Points) under SOPD-G for the year 2025-26,Installation of Solar Powered MDTW Scheme at Morongi Development Block area (5 Points) under SOPD-G for the year 2025-26,Works,Open Tender,Works,Civil Works - Others,No,No,NA ,29-Oct-2025 06:00 PM,NA ,180.0,No ,No,Online,20-Nov-2025 11:00 AM,Irrigation Department||Chief Engineer(Major)-Irrigation Dept||Jorhat Circle,Khumtai,785619.0,2.0,"1,43,99,604",Prince Enterprise,"2,879,800",Accepted-AOC,27-Nov-2025,Irrigation Department||Chief Engineer(Major)-Irrigation Dept||Jorhat Circle
2025_PHED_47112_1,SEPHE/GC/TB-152/Vol-XXIX/25-26,Construction of 2.0 lakh liters capacity underground service reservoir including extension of different diameter of G.I pipe line at different location and providing FHTCS under Manikarneswar PWSS,Construction of 2.0 lakh liters capacity underground service reservoir including extension of different diameter of G.I pipe line at different location and providing FHTCS under Manikarneswar PWSS under Guwahati Division No.I under SOPD-G,Works,Open Tender,Item Rate,Civil Works,No,No,NA ,29-Aug-2025 06:00 PM,05-Sep-2025 01:00 PM ,90.0,No ,No,Online,20-Sep-2025 03:00 PM,Public Health Engineering Department||Chief Engineer PHE(P)-Assam-PHED||Lower Assam Zone-Guwahati-PHED||Guwahati Circle-Guwahati-PHED,Manikarneswar,781030.0,2.0,"52,35,000",JATIN CHANDRA BARUAH,"5,234,000",Rejected-Finance,10-Nov-2025,Public Health Engineering Department||Chief Engineer PHE(P)-Assam-PHED||Lower Assam Zone-Guwahati-PHED||Guwahati Circle-Guwahati-PHED
2025_PWBNH_44074_13,"CE/TB-VI/RIDF-XXX/1/2024/15 Dated Guwahati the 17th March, 2025","Construction of 126 Secondary Schools in 35 Districts of Assam under RIDF-XXX (2024-25) for (i) N. C. High School, Barbaruah (ii) Kotoha Higher Secondary School, Barbaruah under Dibrugarh DTBD (Gr-53)","Construction of 126 Secondary Schools in 35 Districts of Assam under RIDF-XXX (2024-25) for (i) N. C. High School, Barbaruah (ii) Kotoha Higher Secondary School, Barbaruah under Dibrugarh DTBD (Gr-53)",Works,Open Tender,Item Rate,Civil Works - Building,No,No,NA ,12-Apr-2025 09:00 AM,21-Apr-2025 11:30 AM ,180.0,No ,No,Online,13-May-2025 03:00 PM,Public Works Building and NH Department||Chief Engineer-Building - PWBNH,Dibrugarh,786001.0,2.0,"14,43,70,000",M/S B.N.Garodia Construction & Engineering Pvt.Ltd.,"140,761,523",Rejected-AOC,29-Nov-2025,Public Works Building and NH Department||Chief Engineer-Building - PWBNH
2025_BoTC_46078_1,HT/04/2025-26,Supply of frame looms with jacquard under Bodoland Handloom Mission,Supply of frame looms with jacquard under Bodoland Handloom Mission for the year 2025-26,Goods,Open Tender,Supply,Miscellaneous Goods,No,No,NA ,01-Aug-2025 03:00 PM,NA ,180.0,No ,No,Online,14-Aug-2025 03:30 PM,Bodoland Territorial Council||Handloom and Textile-BTC,KOKRAJHAR,783370.0,2.0,"70,00,000",Julius Narzary,"7,009,100",Accepted-AOC,20-Nov-2025,Bodoland Territorial Council||Handloom and Textile-BTC
2025_DoWR_42762_1,TINSUKIA/2024-25/M and R/I,M and R to Saikhowa Protection Bund Ph - III at Hatighuli area on the left bank of river Brahmaputra (Ananta Nallah) for 2024-25.,M and R to Saikhowa Protection Bund Ph - III at Hatighuli area on the left bank of river Brahmaputra (Ananta Nallah) for 2024-25.,Works,Open Tender,Works,Civil Works,No,No,NA ,15-Feb-2025 06:30 PM,NA ,180.0,No ,No,Online,07-Mar-2025 03:00 PM,Department of Water Resources||Chief Engineer - DoWR,"At Hatighuli area, Tinsukia",786154.0,2.0,"74,99,985",Sri Pranab Chetia,"7,494,937.06",Accepted-AOC,14-Nov-2025,Department of Water Resources||Chief Engineer - DoWR
2025_ICD_47070_1,EEG/73/79/Pt-I/170-172/513-519 dt 27/08/2025,Construction of Boundary Wall with MS Gate and Upgradation of 2 (two) storied RCC ADCI office Building Jonai Dist Dhemaji,Construction of Boundary Wall with MS Gate and Upgradation of 2 (two) storied RCC ADCI office Building Jonai Dist Dhemaji,Works,Open Tender,Item Rate,Civil Works,No,No,NA ,29-Aug-2025 02:00 PM,NA ,180.0,No ,No,Online,18-Sep-2025 03:00 PM,Industries and Commerce Department||Commissioner Industries and Commerce Assam||Office of the Ex Engineer,ADCI office Jonai Dhemaji,787060.0,2.0,"37,38,342",GOPAL DEKA,"3,177,591",Accepted-AOC,29-Oct-2025,Industries and Commerce Department||Commissioner Industries and Commerce Assam||Office of the Ex Engineer
2025_PWD_46100_1,Re-Bid-H B Road,Homen Boragohain Road (Re-Bid),Improvement of Homen Boragohain Road (Narengi Morigaon Road) from Ch. 0.00 Km to Ch. 17.80 Km under SOPD(G) for the year 2024-25,Works,Open Tender,Item Rate,Civil Works – Roads,No,No,NA ,02-Aug-2025 09:00 AM,NA ,180.0,No ,No,Online,11-Aug-2025 02:30 PM,Public Works Roads Department,Guwahati,781001.0,2.0,"3,20,54,993",SWARAJ INFRA,"32,054,993",Not Admitted-Fee/PreQual/Technical,07-Nov-2025,Public Works Roads Department
2024_PWD_39242_29,CE/Com/9/RIDF-30/24-25/1-TG,TG/Kaliabor/4,"Construction of Tea Garden Road at Burhapahar T.E. (i) Urialine Road (ii) Borline to Factory Road, (iii) Santipur Staff line Road and (iv) Road at Borghat under RIDF-XXX for the year 2024-25 under Kaliabor LAC",Works,Open Tender,Item Rate,Civil Works – Roads,No,No,NA ,26-Sep-2024 04:00 PM,NA ,180.0,No ,No,Online,16-Oct-2024 11:00 AM,Public Works Roads Department,Kaliabor,782137.0,2.0,"99,99,100",DULAL CHANDRA BORAH,"9,998,009",Rejected-AOC,07-Nov-2025,Public Works Roads Department
2025_PWBNH_44092_25,"CE/TB-VI/RIDF-XXX/1/2024/17 Dated Guwahati the 17th March, 2025","Construction of 126 Secondary Schools in 35 Districts of Assam under RIDF-XXX (2024-25) for (i) Milita Taroni High School, East (ii) Fallangoni Bapuji Higher Secondary School , East under Golaghat DTBD(Gr-63)","Construction of 126 Secondary Schools in 35 Districts of Assam under RIDF-XXX (2024-25) for (i) Milita Taroni High School, East (ii) Fallangoni Bapuji Higher Secondary School , East under Golaghat DTBD(Gr-63)",Works,Open Tender,Item Rate,Civil Works - Building,No,No,NA ,19-Apr-2025 01:00 PM,21-Apr-2025 11:30 AM ,180.0,No ,No,Online,15-May-2025 03:00 PM,Public Works Building and NH Department||Chief Engineer-Building - PWBNH,JORHAT,785001.0,2.0,"14,43,70,000",M/S. M.P. AGARWALLA,"149,397,376",Accepted-AOC,19-Nov-2025,Public Works Building and NH Department||Chief Engineer-Building - PWBNH
2025_BTC_45369_1,No.125/NIT/Infra/BTC/22-23/208,"Construction of Community Hall at Ballamjhora SSB Bazar under Janaligaon VCDC Jomduar, Kokrajhar. TN_04_10.","Construction of Community Hall at Ballamjhora SSB Bazar under Janaligaon VCDC Jomduar, Kokrajhar. TN_04_10.",Works,Open Tender,Item Rate,Civil Works - Building,No,No,NA ,05-Jul-2025 10:30 AM,NA ,180.0,No ,No,Online,29-Jul-2025 02:00 PM,Bodoland Territorial Council-PWD||Director Cum CHD - PWD BTC,Kokrajhar,783370.0,2.0,"43,71,726",EMANUEL BASUMATARY,"4,371,700",Rejected-AOC,06-Nov-2025,Bodoland Territorial Council-PWD||Director Cum CHD - PWD BTC
2025_FD_47038_1,AFD(SM)-36/PMMSY/2023-24/152,"Supply of Fish Fry , Size 2.5-4.0 cm Indian under components for Inputs for PEN culture","Supply of Fish Fry, Size 2.5-4.0 cm Indian under components for Inputs for PEN culture",Goods,Open Tender,Supply,Crop Products,No,No,NA ,28-Aug-2025 02:00 PM,NA ,180.0,No ,No,Online,19-Sep-2025 01:00 PM,Department of Fisheries||Directorate of Fisheries Assam||DDF LAZ Howly||DFDO South Salmara,SOUTH SALMARA MANKACHAR,783135.0,2.0,"6,90,000",LUIT ENTERPRISE,"690,000",Rejected-Technical,10-Nov-2025,Department of Fisheries||Directorate of Fisheries Assam||DDF LAZ Howly||DFDO South Salmara
2025_ID_47073_1,BKDI/TB-TR/2/2021-22/09,Installation of 5 Points STW Scheme at Katigorah LAC under SOPD - G for the year 2025-26.,Installation of 5 Points STW Scheme at Katigorah LAC under SOPD - G for the year 2025-26.,Works,Open Tender,Item Rate,Civil Works,No,No,NA ,28-Aug-2025 06:00 PM,NA ,180.0,No ,No,Online,20-Sep-2025 03:00 PM,Irrigation Department||Chief Engineer(Major)-Irrigation Dept||Cachar Karimganj Circle||Borkhola-Katigora Division,"Katigorah, Cachar",788805.0,2.0,"36,42,000",ARSAD AHMED LASKAR,"1,311,120",Accepted-AOC,29-Oct-2025,Irrigation Department||Chief Engineer(Major)-Irrigation Dept||Cachar Karimganj Circle||Borkhola-Katigora Division
2025_DHUA_46057_1,CE/H and UA/ULB/CS-58/23-24/03,Construction of Paver Block Road from Palla Road via V.K.V Gokul Chowk and Bharalitola to Dhekiabari at Balikaria of 291.94 Lakhs,Construction of Paver Block Road from Palla Road via V.K.V Gokul Chowk and Bharalitola to Dhekiabari at Balikaria of 291.94 Lakhs,Works,Open Tender,Item Wise,Civil Works,No,No,NA ,31-Jul-2025 01:15 PM,NA ,180.0,No ,No,Online,14-Aug-2025 03:00 PM,Department of Housing and Urban Affairs||Chief Engineer Technical Cell,Nalbari,781369.0,2.0,"2,88,76,000",SRI KAMAL PATHAK,"28,874,850",Rejected-Technical,07-Nov-2025,Department of Housing and Urban Affairs||Chief Engineer Technical Cell
2023_PWBNH_29531_14,CE/ARC-I/01/2023/3 Dated Guwahati the 1st Feb 2023,"Consultancy services for the work Transformation of School in Assam under NESID scheme for i. Bajali HS School, Bajali, Dist Barpeta ii. Sarthebari HS School, Sarthebari, Dist Barpeta","Consultancy services for the work Transformation of School in Assam under NESID scheme for i. Bajali HS School, Bajali, Dist Barpeta ii. Sarthebari HS School, Sarthebari, Dist Barpeta",Works,Open Tender,Item Rate,Civil Works - Building,No,No,NA ,24-Feb-2023 04:00 PM,27-Feb-2023 10:00 AM ,180.0,No ,No,Online,04-Mar-2023 03:00 PM,Public Works Building and NH Department||Chief Engineer-Building - PWBNH,Barpeta,781301.0,2.0,"50,82,300",ACORN,"5,056,000",Rejected-AOC,08-Nov-2025,Public Works Building and NH Department||Chief Engineer-Building - PWBNH
2025_UDD_47137_1,SMGR (NCAP).12/2025-26/2329 Dated 06/09/2025,Supply of 6 CuM Single engine truck mounted Self-Propelled Road Sweeping Machine for Silchar Municipal Corporation under National Clean Air Programme (NCAP) for the Financial Year 2024-2025,Supply of 6 CuM Single engine truck mounted Self-Propelled Road Sweeping Machine for Silchar Municipal Corporation under National Clean Air Programme (NCAP) for the Financial Year 2024-2025,Goods,Open Tender,Item Rate,Vehicles/Vehicle Spares,No,No,NA ,06-Sep-2025 06:00 PM,NA ,60.0,No ,No,Online,18-Sep-2025 11:00 AM,Urban Development Department||Directorate of Municipality Administration - UDD||Silchar Municipal Board,SILCHAR MUNICIPAL CORPORATION,788001.0,2.0,"3,20,00,000",AXOM ENVIRO,"34,220,000",Accepted-AOC,07-Nov-2025,Urban Development Department||Directorate of Municipality Administration - UDD||Silchar Municipal Board
2025_PHED_47659_1,SEPH/TEZ/TC-196/2025-26/753-59 Dated 22/09/25,"Shifting of distribution system and installation of FHTC damage due to widening of PWD road at Siporia Batabari PWSS under SOPD-G for the year 2025-26 under Tezpur Division-II, Dhekiajuli","Shifting of distribution system and installation of FHTC damage due to widening of PWD road at Siporia Batabari PWSS under SOPD-G for the year 2025-26 under Tezpur Division-II, Dhekiajuli",Works,Open Tender,Item Rate,Civil Works - Water Works,No,No,NA ,24-Sep-2025 10:00 AM,08-Oct-2025 10:00 AM ,90.0,No ,No,Online,18-Oct-2025 02:00 PM,Public Health Engineering Department||Chief Engineer PHE(P)-Assam-PHED||North Assam Zone-Tezpur-PHED||Tezpur Circle-Tezpur-PHED,"Moinajuli Gaon, Dhekiajuli",784149.0,2.0,"24,64,906",Brojen das,"2,379,900",Rejected-Technical,29-Nov-2025,Public Health Engineering Department||Chief Engineer PHE(P)-Assam-PHED||North Assam Zone-Tezpur-PHED||Tezpur Circle-Tezpur-PHED
2025_WPTBC_47394_1,PTDC/Engg/2024-25/387,"Construction of Chilarai Bhawan at Panara, Darrang","Construction of Chilarai Bhawan at Panara, Darrang",Works,Open Tender,Item Rate,Civil Works,No,No,NA ,09-Sep-2025 03:00 PM,17-Sep-2025 11:00 AM ,180.0,No ,No,Online,26-Sep-2025 02:00 PM,Welfare of Plain Tribes and Backward Classes||Director - WPT and BC||Assam Plains Tribes Development Corporation Ltd.,Darrang,784116.0,2.0,"30,00,000",M/S U A ENTERPRISE,"3,000,000",Accepted-AOC,20-Nov-2025,Welfare of Plain Tribes and Backward Classes||Director - WPT and BC||Assam Plains Tribes Development Corporation Ltd.
2025_APDCL_44045_1,APDCL/CAR/ElephantCorr/T-268,Height Extension along with Strengthening of 11 KV line under Lowairpoa ESD,Height Extension along with Strengthening of 11 KV line at Athana (Hatikhira) Elephant Corridor under 11 KV Tribhum Feeder under Lowairpoa Electrical Sub-Division of Badarpur Electrical Circle on turkey mode,Works,Open Tender,Turn-key,Electrical Works,No,No,NA ,09-Apr-2025 05:00 PM,11-Apr-2025 01:00 PM ,360.0,No ,No,Online,02-May-2025 02:00 PM,Assam Power Distribution Company Ltd||CGM(D) Central Assam Region - APDCL,Lowairpoa,788726.0,2.0,,HRISHIKESH SINHA,"3,371,689",Rejected-Technical,10-Nov-2025,Assam Power Distribution Company Ltd||CGM(D) Central Assam Region - APDCL
2023_PWBNH_29544_6,CE/ARC-I/01/2023/4 Dated Guwahati 18th Feb 2023,"Consultancy services for the work Transformation of School in Assam under NESID scheme for i. Govt. V.M. HS School, Dist Hailakandi","Consultancy services for the work Transformation of School in Assam under NESID scheme for i. Govt. V.M. HS School, Dist Hailakandi",Works,Open Tender,Item Rate,Civil Works - Building,No,No,NA ,24-Feb-2023 06:00 PM,28-Feb-2023 10:30 AM ,180.0,No ,No,Online,04-Mar-2023 03:00 PM,Public Works Building and NH Department||Chief Engineer-Building - PWBNH,Hailakandi,788151.0,2.0,"25,41,130",LIVING SPACES,"2,539,000",Accepted-AOC,09-Nov-2025,Public Works Building and NH Department||Chief Engineer-Building - PWBNH
2025_UDD_48203_1,No. LMB-19/2022/141,FOR SUPPLY AND INSTALLATION OF MATERIAL RECOVERY FACILITY MRF AND WASTE TO COMPOST W2C PLANT AND ASSOCIATED CIVIL WORKS UNDER SOLID WASTE MANAGEMENT COMPONENT OF SBM U 2 FOR THE YEAR 2024 25 15TH FC TIED GRANT UNDER LAKHIPUR MUNICIPAL BOARD G,FOR SUPPLY AND INSTALLATION OF MATERIAL RECOVERY FACILITY MRF AND WASTE TO COMPOST W2C PLANT AND ASSOCIATED CIVIL WORKS UNDER SOLID WASTE MANAGEMENT COMPONENT OF SBM U 2 FOR THE YEAR 2024 25 15TH FC TIED GRANT UNDER LAKHIPUR MUNICIPAL BOARD G,Works,Open Tender,Item Wise,Composite Works,No,No,NA ,23-Oct-2025 05:00 PM,27-Oct-2025 01:00 PM ,180.0,No ,No,Online,29-Oct-2025 04:00 PM,"Urban Development Department||Directorate of Municipality Administration - UDD||Lakhipur Municipal Board, Goalpara",LAKHIPUR MUNICIPAL BOARD Dist Goalpara,783129.0,2.0,,ADVANCE STEEL WORLD,"19,808,160",Rejected-Technical,29-Nov-2025,"Urban Development Department||Directorate of Municipality Administration - UDD||Lakhipur Municipal Board, Goalpara"
2025_KAAC_46468_1,NoACEH/CS/SSA/03/2025-26/SL23,Construction of 50 bedded hostel separately for boys and girls under Dharti Aaba Janjatiya Gram Utkarsh Abhiyan at Dhansiri English High School,Construction of 50 bedded hostel separately for boys and girls under Dharti Aaba Janjatiya Gram Utkarsh Abhiyan at Dhansiri English High School,Works,Open Tender,Item Rate,Civil Works - Building,No,No,NA ,18-Aug-2025 11:00 AM,20-Aug-2025 12:00 PM ,180.0,No ,No,Online,30-Aug-2025 11:00 AM,Karbi Anglong Autonomous Council||PWD||Addl. Chief Engineer Diphu,Lumbajong,782461.0,2.0,"3,78,75,000",Chiranjiv Agarwal,"37,874,999.99",Rejected-AOC,07-Nov-2025,Karbi Anglong Autonomous Council||PWD||Addl. Chief Engineer Diphu
2025_FD_46063_1,AFU/BTC/250/2024-25/1404 Dated Udalguri the 31st of July/ 2025,Procurement of Inputs for Freshwater Aquaculture under Pradhan Mantri Matsya Sampada Yojana (PMMSY) for the year 2023-24,Supply of Fish Seed and Fish Feed,Goods,Open Tender,Supply,Miscellaneous Goods,No,Yes,NA ,22-Oct-2025 05:00 PM,,180.0,No ,No,Online,29-Oct-2025 12:00 PM,Department of Fisheries||Directorate of Fisheries Assam||DDF NAZ Tezpur||DFDO Udalguri,Udalguri district,784509.0,2.0,"31,20,000",NARENDRA CHANDRA MALLIK,"3,120,000",Rejected-Technical,17-Nov-2025,Department of Fisheries||Directorate of Fisheries Assam||DDF NAZ Tezpur||DFDO Udalguri
2024_APGCL_38325_1,APGCL/CGM (Gen)/2024-25/EOT Crane-KLHEP/15,EOT Crane works,"Design, Engineering, Manufacturing, Supply, installation and Commissioning of new VDF control panels and replacing the existing control panel along with supply and installation/servicing of other components of the ACME Make 130/30 Ton EOT Crane",Works,Open Tender,Tender cum Auction,Electrical Works,No,No,NA ,03-Aug-2024 02:00 PM,NA ,180.0,No ,No,Online,10-Sep-2024 12:00 PM,Assam Power Generation Company Limited,Karbi Langpi Hydro Electric Project,782450.0,2.0,,WILQO INDIA ENGINEERING,"14,399,999.84",Accepted-AOC,19-Nov-2025,Assam Power Generation Company Limited
2025_GMC_45788_1,GER/CE/2430/2024/35 Dated_16/07/2025,"Improvement of Udayan Path, Uttar Pub Gita Nagar, W/No.52","Improvement of Udayan Path, Uttar Pub Gita Nagar, W/No.52",Works,Open Tender,Lump-sum,Civil Works,No,No,NA ,19-Jul-2025 03:30 PM,23-Jul-2025 12:00 PM ,120.0,No ,No,Online,11-Aug-2025 02:30 PM,Guwahati Municipal Corporation,Guwahati,781006.0,2.0,"15,00,000",Build Zone,"1,174,500",Accepted-AOC,15-Nov-2025,Guwahati Municipal Corporation
2025_UDD_48083_1,GMB/15th FC(Tied)/2025-26/2830,"Rejuvenation and Clearing of Solid Waste in and around the Water Body of Gulampatty Pond, Ward No -3 Under Sanitation and SWM Component of 15th FC Tied for the year 2023-24 2nd Installment","Rejuvenation and Clearing of Solid Waste in and around the Water Body of Gulampatty Pond, Ward No -3 Under Sanitation and SWM Component of 15th FC Tied for the year 2023-24 2nd Installment",Works,Open Tender,Item Wise,Civil Works - Others,No,No,NA ,16-Oct-2025 04:30 PM,NA ,180.0,No ,No,Online,28-Oct-2025 03:00 PM,Urban Development Department||Directorate of Municipality Administration - UDD||Golaghat Municipal Board,"Golaghat Town, Ward No.-03",785621.0,2.0,"30,00,000",Sagar Gohain,"3,000,000",Accepted-AOC,21-Nov-2025,Urban Development Department||Directorate of Municipality Administration - UDD||Golaghat Municipal Board
2025_GMDA_47814_1,GMDA/DEV/46/2025/Pt-I/4,"Rejuvenation and Bioremediation of Silsako Beel, Guwahati, Assam under PMKSY HKKP RRR Excavation of Silsako Beel Part 2B I","Rejuvenation and Bioremediation of Silsako Beel, Guwahati, Assam under PMKSY HKKP RRR Excavation of Silsako Beel",Works,Open Tender,Item Rate,Civil Works,No,No,NA ,04-Oct-2025 04:00 PM,09-Oct-2025 02:30 PM ,180.0,No ,No,Online,31-Oct-2025 03:00 PM,Guwahati Metropolitan Development Authority||Guwahati Development Department - GMDA,Guwahati,781005.0,2.0,"11,90,00,000",Bhaba Kanta Nath,"118,950,379.12",Accepted-AOC,18-Nov-2025,Guwahati Metropolitan Development Authority||Guwahati Development Department - GMDA
2025_ID_45941_3,08 (SOPD-G) 2025-26 Dated_25_07_2025,"Installation of 7 Nos. of MDTW I/Scheme (4 Nos. in Khowang LAC and 3 Nos. in Tingkhong LAC) under SOPD-G for the year 2025-26 under Khowang-Tingkhong Div.(I), Moran (Package No.03)","Installation of 7 Nos. of MDTW I/Scheme (4 Nos. in Khowang LAC and 3 Nos. in Tingkhong LAC) under SOPD-G for the year 2025-26 under Khowang-Tingkhong Div.(I), Moran (Package No.03)",Works,Open Tender,Item Rate,Civil Works,No,No,NA ,26-Jul-2025 06:00 PM,08-Aug-2025 02:00 PM ,180.0,No ,No,Online,19-Aug-2025 03:00 PM,Irrigation Department||Chief Engineer(Major)-Irrigation Dept,Moran,785670.0,2.0,"2,01,60,010",M/S P.K CONSTRUCTION,"19,932,176.86",Accepted-AOC,06-Nov-2025,Irrigation Department||Chief Engineer(Major)-Irrigation Dept
2025_ID_46051_7,NIT/TCI/3/2025/507,Installation of 8 Points STW (4 Points under Kalyanpur G.P and 4 Points under Amtola G.P.) under SOPD-G for the year 2025-26,Installation of 8 Points STW (4 Points under Kalyanpur G.P and 4 Points under Amtola G.P.) under SOPD-G for the year 2025-26,Works,Open Tender,Percentage,Civil Works,No,No,NA ,01-Aug-2025 10:00 AM,NA ,180.0,No ,No,Online,22-Aug-2025 03:00 PM,Irrigation Department||Chief Engineer(Major)-Irrigation Dept||Tezpur Circle,Gohpur,784168.0,2.0,"53,96,800",M/s Rikam Enterprises,"5,290,178",Accepted-AOC,07-Nov-2025,Irrigation Department||Chief Engineer(Major)-Irrigation Dept||Tezpur Circle
2025_PWBNH_47653_1,SE/BII/ASSAM_SEC_F-BLOCK,"Up-gradation works in Finance (Economic Affairs) Department officers chamber and Spl. Secretary to the Govt. of Assam, Finance Department at Assam Secretariat, F-Block, 1 floor, Dispur","Up-gradation works in Finance (Economic Affairs) Department officers chamber and Spl. Secretary to the Govt. of Assam, Finance Department at Assam Secretariat, F-Block, 1 floor, Dispur",Works,Open Tender,Item Wise,Civil Works - Building,No,No,NA ,23-Sep-2025 12:00 PM,26-Sep-2025 12:00 PM ,180.0,No ,No,Online,16-Oct-2025 11:30 AM,Public Works Building and NH Department||Chief Engineer-Building - PWBNH||SE-Guwahati Circle-2 - PWBNH,"ASSAM SECRETARIAT, DISPUR",781006.0,2.0,"55,98,653",Kaniska Hazarika,"6,164,727",Rejected-Technical,14-Nov-2025,Public Works Building and NH Department||Chief Engineer-Building - PWBNH||SE-Guwahati Circle-2 - PWBNH
2025_ICD_42285_1,TENDER/BOOT/GLHT/HIRING OF TPIA/2024/01,THIRD PARTY INSPECTION,THIRD PARTY INSPECTION,Services,Limited,Buy,Miscellaneous Services,No,No,NA ,22-Jan-2025 05:15 PM,NA ,180.0,No ,No,Online,21-Feb-2025 03:30 PM,Industries and Commerce Department||Assam Gas Company Ltd - ICD,"Rupkaliay, Golaghat",785621.0,2.0,,Apave TIV India Private Limited,"4,693,544.4",Rejected-Finance,13-Nov-2025,Industries and Commerce Department||Assam Gas Company Ltd - ICD
2023_PWBNH_29544_7,CE/ARC-I/01/2023/4 Dated Guwahati 18th Feb 2023,"Consultancy services for the work Transformation of School in Assam under NESID scheme for i. Agomani HS School, Dist Dhubri","Consultancy services for the work Transformation of School in Assam under NESID scheme for i. Agomani HS School, Dist Dhubri",Works,Open Tender,Item Rate,Civil Works - Building,No,No,NA ,24-Feb-2023 06:00 PM,28-Feb-2023 10:30 AM ,180.0,No ,No,Online,04-Mar-2023 03:00 PM,Public Works Building and NH Department||Chief Engineer-Building - PWBNH,Dhubri,783301.0,2.0,"25,41,130",ACORN,"2,360,000",Accepted-AOC,08-Nov-2025,Public Works Building and NH Department||Chief Engineer-Building - PWBNH
2025_WPTBC_47538_1,PTDC/Engg/2024-25/437,Construction of Tinsukia Commerce college at Tinsukia District under the Scheme PM-USHA,Construction of Tinsukia Commerce college at Tinsukia District under the Scheme PM-USHA,Works,Open Tender,Item Rate,Civil Works,No,No,NA ,16-Sep-2025 02:45 PM,23-Sep-2025 11:00 AM ,180.0,No ,No,Online,30-Sep-2025 03:00 PM,Welfare of Plain Tribes and Backward Classes||Director - WPT and BC,Tinsukia Commerce college,786125.0,2.0,"1,50,00,000",Achinta Bhattacharjya,"14,998,878",Accepted-AOC,20-Nov-2025,Welfare of Plain Tribes and Backward Classes||Director - WPT and BC
2023_PWBNH_29531_15,CE/ARC-I/01/2023/3 Dated Guwahati the 1st Feb 2023,"Consultancy services for the work Transformation of School in Assam under NESID scheme for i. Ghograpar HS School, Dist Nalbari","Consultancy services for the work Transformation of School in Assam under NESID scheme for i. Ghograpar HS School, Dist Nalbari",Works,Open Tender,Item Rate,Civil Works - Building,No,No,NA ,24-Feb-2023 04:00 PM,27-Feb-2023 10:00 AM ,180.0,No ,No,Online,04-Mar-2023 03:00 PM,Public Works Building and NH Department||Chief Engineer-Building - PWBNH,Nalbari,781335.0,2.0,"25,41,130",ACORN,"2,528,000",Rejected-AOC,08-Nov-2025,Public Works Building and NH Department||Chief Engineer-Building - PWBNH
2023_PWBNH_29531_17,CE/ARC-I/01/2023/3 Dated Guwahati the 1st Feb 2023,"Consultancy services for the work Transformation of School in Assam under NESID scheme for i. Nevil HS School, Chariduar, Dist Sonitpur ii. Missamari Higher Secondary School, Missamari, Dist Sonitpur iii. Rangagora Higher Secondary School, Dist Sonit","Consultancy services for the work Transformation of School in Assam under NESID scheme for i. Nevil HS School, Chariduar, Dist Sonitpur ii. Missamari Higher Secondary School, Missamari, Dist Sonitpur iii. Rangagora Higher Secondary School, Dist Sonit",Works,Open Tender,Item Rate,Civil Works - Building,No,No,NA ,24-Feb-2023 04:00 PM,27-Feb-2023 10:00 AM ,180.0,No ,No,Online,04-Mar-2023 03:00 PM,Public Works Building and NH Department||Chief Engineer-Building - PWBNH,Sonitpur,782124.0,2.0,"1,01,64,500",Architects Collaborative,"10,160,000",Rejected-AOC,10-Nov-2025,Public Works Building and NH Department||Chief Engineer-Building - PWBNH
2025_WPTBC_46848_1,PTDC/Engg/2024-25/354,"Infrastructure Development at Bam Gaon LPS, Dhemaji under SCSP Scheme for the financial year 2024-25","Proposal for Administrative Approval for the works of infrastructure at 40 (Forty) different LP/UP Schools of dominated area of amount of Rs. 1000.00 Lakh under DEE, Assam during the Financial Year 2024-25. ( Infrastructure Development at Bam Gaon LP",Works,Open Tender,Item Rate,Civil Works,No,No,NA ,22-Aug-2025 04:00 PM,25-Aug-2025 11:00 AM ,180.0,No ,No,Online,05-Sep-2025 03:00 PM,Welfare of Plain Tribes and Backward Classes||Director - WPT and BC||Assam Plains Tribes Development Corporation Ltd.,"Bam Gaon LPS, Dhemaji",787057.0,2.0,"25,00,000",GAMESWAR DOLEY,"2,499,200",Rejected-AOC,30-Oct-2025,Welfare of Plain Tribes and Backward Classes||Director - WPT and BC||Assam Plains Tribes Development Corporation Ltd.
2023_PWBNH_29544_5,CE/ARC-I/01/2023/4 Dated Guwahati 18th Feb 2023,"Consultancy services for the work Transformation of School in Assam under NESID scheme for i. Durganagar Narayam HS School, Dist Cachar","Consultancy services for the work Transformation of School in Assam under NESID scheme for i. Durganagar Narayam HS School, Dist Cachar",Works,Open Tender,Item Rate,Civil Works - Building,No,No,NA ,24-Feb-2023 06:00 PM,28-Feb-2023 10:30 AM ,180.0,No ,No,Online,04-Mar-2023 03:00 PM,Public Works Building and NH Department||Chief Engineer-Building - PWBNH,Cachar,788030.0,2.0,"25,41,130",LIVING SPACES,"2,539,000",Accepted-AOC,09-Nov-2025,Public Works Building and NH Department||Chief Engineer-Building - PWBNH
2025_UDD_46498_1,TMB(Tech)15th FC/(Untied Grant)/1177(75),"Construction of Balugadda Bagan feeder road RCC Drain connected to chocolate factory Ward No 5,Tinsukia.","Construction of Balugadda Bagan feeder road RCC Drain connected to chocolate factory Ward No 5,Tinsukia.",Works,Open Tender,Works,Civil Works,No,No,NA ,14-Aug-2025 02:00 PM,NA ,180.0,No ,No,Online,08-Sep-2025 11:00 AM,Urban Development Department||Directorate of Municipality Administration - UDD||Tinsukia Municipal Board,Tinsukia,786125.0,2.0,"23,65,000",Babar Ali Khan,"2,128,500",Rejected-Finance,01-Nov-2025,Urban Development Department||Directorate of Municipality Administration - UDD||Tinsukia Municipal Board
2025_PWBNH_44208_3,TECH/U_BDTD/BLDG/IFB/2025-26,Construction of community Hall near Pachim Silkijhar Krishna Mandir at Silkijhar village for the year 2024-25,Construction of community Hall near Pachim Silkijhar Krishna Mandir at Silkijhar village for the year 2024-25,Works,Open Tender,Item Rate,Civil Works - Building,No,No,NA ,03-May-2025 10:00 AM,19-May-2025 11:00 AM ,180.0,No ,No,Online,22-May-2025 04:00 PM,Public Works Building and NH Department||Chief Engineer-Building - PWBNH,Udalguri,784509.0,2.0,"24,97,931",ALAK JYOTI DAS,"2,497,231",Accepted-AOC,15-Nov-2025,Public Works Building and NH Department||Chief Engineer-Building - PWBNH
2025_FD_47675_1,AFM598/PMMSY Tender/2022-23/428,AFM598/PMMSY Tender/2022-23/428,"Procurement of Inputs for Fresh Water Aquaculture including Composite Fish Culture, Inputs for Integrated Fish Farming (Paddy cum Fish Farming) etc. in the following groups under PMMSY 2022-23 scheme.",Goods,Open Tender,Supply,Miscellaneous Goods,No,No,NA ,25-Sep-2025 10:00 AM,NA ,180.0,No ,No,Online,13-Oct-2025 02:30 PM,Department of Fisheries||Directorate of Fisheries Assam||DDF NAZ Tezpur||DFDO Morigaon,DFDO Morigaon,782105.0,2.0,"48,17,600",SUMA FISH SEED CENTRE,"4,335,840",Rejected-Technical,14-Nov-2025,Department of Fisheries||Directorate of Fisheries Assam||DDF NAZ Tezpur||DFDO Morigaon
2025_ID_44732_1,SEKI/NIT-1/ET1/2024-25/121 Date 04/06/2025,Construction of Aqueduct (Canal Crossing) Structure at Main Canal of Bamungaon FIS under SOPD-TSP for the year 2024-25.,Construction of Aqueduct (Canal Crossing) at main canal of Bamungaon FIS,Works,Open Tender,Item Rate,Civil Works,No,No,NA ,04-Jun-2025 03:00 PM,NA ,180.0,No ,No,Online,27-Jun-2025 03:00 PM,Irrigation Department||Chief Engineer(Major)-Irrigation Dept||Kokrajhar Circle,"Sidli, Chirang",783373.0,2.0,"71,89,458",ALOK NARZARY AND JV,"7,189,450",Accepted-AOC,16-Oct-2025,Irrigation Department||Chief Engineer(Major)-Irrigation Dept||Kokrajhar Circle
2025_GMDA_47816_1,GMDA/DEV/46/2025/Pt-I/6,"Rejuvenation and Bioremediation of Silsako Beel, Guwahati, Assam under PMKSY HKKP RRR Excavation of Silsako Beel Part 3B I","Rejuvenation and Bioremediation of Silsako Beel, Guwahati, Assam under PMKSY HKKP RRR Excavation of Silsako Beel",Works,Open Tender,Item Rate,Civil Works,No,No,NA ,04-Oct-2025 04:00 PM,09-Oct-2025 02:30 PM ,180.0,No ,No,Online,31-Oct-2025 03:00 PM,Guwahati Metropolitan Development Authority||Guwahati Development Department - GMDA,Guwahati,781005.0,2.0,"6,55,08,000",Bhaba Kanta Nath,"65,507,669.51",Rejected-AOC,18-Nov-2025,Guwahati Metropolitan Development Authority||Guwahati Development Department - GMDA
2025_PWD_44500_2,CE/DEV/TB/213/2024-25/28 Dtd- 20.05.2025,TE_RIDF_XXX_24_25_236 Improvement of Pithunagar (D Division) TE Road under RIDF-XXX of NABARD for the year 2024-25,TE_RIDF_XXX_24_25_236 Improvement of Pithunagar (D Division) TE Road under RIDF-XXX of NABARD for the year 2024-25,Works,Open Tender,Item Rate,Civil Works – Roads,No,No,NA ,23-May-2025 06:00 PM,26-May-2025 12:00 PM ,180.0,No ,No,Online,29-May-2025 02:30 PM,Public Works Roads Department,Dibrugarh,786001.0,2.0,"95,25,000",DHRUBA JYOTI CHETIA,"9,524,913",Accepted-AOC,13-Nov-2025,Public Works Roads Department
2025_UDD_48145_1,SMB/GEN/15 FC (TIED)/2025-26/903,Fresh / Regular Waste Processing and Disposal of Residual Waste,Fresh Regular waste processing and Disposal of Residual Waste for Sribhumi Municipal Board,Works,Open Tender,Works,Miscellaneous Works,No,No,NA ,18-Oct-2025 11:00 AM,NA ,180.0,No ,No,Online,10-Nov-2025 12:00 PM,Urban Development Department||Directorate of Municipality Administration - UDD||Karimganj Municipal Board,"Sribhumi, Assam",788710.0,2.0,"46,87,500",Call And Fix,"4,686,000",Accepted-AOC,28-Nov-2025,Urban Development Department||Directorate of Municipality Administration - UDD||Karimganj Municipal Board
2025_PWD_48250_1,No.CS 5/28/2025_26/04,"Construction ACR 2 Nos., Biology Lab 1 No., Chemistry Lab 1 No., and Physics Lab 1 No. under PM Shri Scheme Phase-I under AWPNB 2024-25 at Garampani Govt. High School 18200504914","Construction ACR 2 Nos., Biology Lab 1 No., Chemistry Lab 1 No., and Physics Lab 1 No. under PM Shri Scheme Phase-I under AWPNB 2024-25 at Garampani Govt. High School 18200504914",Works,Open Tender,Item Rate,Civil Works - Building,No,No,NA ,27-Oct-2025 10:00 AM,NA ,180.0,No ,No,Online,06-Nov-2025 04:00 PM,Public Works Roads Department,Dima Hasao,788819.0,2.0,"93,79,655",Haron Daulagapu,"9,379,655",Rejected-AOC,12-Nov-2025,Public Works Roads Department
2024_PWRDW_41734_8,CEEAPARRBP02TENDERS2024/33,Construction of Bridge in Kokrajhar district i.Br. No 1/1 on Gossaigaon Town committee road to TP Road,CE/EAP/ARRBP/OCB/Bridge-1/Kokrajhar/09 Construction of Bridge in Kokrajhar district i.Br. No 1/1 on Gossaigaon Town committee road to TP Road,Works,Open Tender,Item Rate,Civil Works,No,No,NA ,27-Dec-2024 06:55 PM,08-Jan-2025 11:00 AM ,90.0,No ,No,Online,24-Jan-2025 02:30 PM,Public Works Roads Department-Externally Aided Project||Public Works Road Department- World Bank Funded Tenders||Assam State Bridge Infrastructure Program,Kokrajhar,783370.0,2.0,"2,46,46,000",Jamidar Narzary,"23,290,470",Rejected-Finance,04-Nov-2025,Public Works Roads Department-Externally Aided Project||Public Works Road Department- World Bank Funded Tenders||Assam State Bridge Infrastructure Program
2025_ID_46114_1,TC(I)/A-11/01/2025-26,STW Scheme 14pts at Baruahula Area under Makum LAC under SOPD for the year 2025-26,STW Scheme 14pts at Baruahula Area under Makum LAC under SOPD for the year 2025-26,Works,Open Tender,Item Rate,Construction Works,No,No,NA ,04-Aug-2025 06:00 PM,NA ,180.0,No ,No,Online,26-Aug-2025 01:00 PM,Irrigation Department||Chief Engineer(Major)-Irrigation Dept||Tinsukia Circle,Makum LAC Tinsukia,786170.0,2.0,"93,50,007",TRIDEB GOGOI,"9,349,000.08",Rejected-Technical,29-Oct-2025,Irrigation Department||Chief Engineer(Major)-Irrigation Dept||Tinsukia Circle
2025_BoTC_45623_1,DOE/BTC/SSA/DAJGUA/Hostel/01,Construction of 50 bedded hostel separately for boys and girls under the scheme Dharti Aaba Janjatiya Gram Utkarsh Abhiyan at SAPKATA HIGH SCHOOL in Kokrajhar District,Construction of 50 bedded hostel separately for boys and girls under the scheme Dharti Aaba Janjatiya Gram Utkarsh Abhiyan at SAPKATA HIGH SCHOOL in Kokrajhar District,Works,Open Tender,Works,Civil Works,No,No,NA ,16-Jul-2025 09:00 AM,NA ,180.0,No ,No,Online,12-Aug-2025 03:00 PM,Bodoland Territorial Council||Education-BTC,BTR,783370.0,2.0,"3,59,88,860",Assam Agencies,"35,988,820",Accepted-AOC,10-Nov-2025,Bodoland Territorial Council||Education-BTC
2025_PWBNH_45112_1,CE/TB-VI/RIDF-XXX/1/2024/35 Dated Guwahati the 23rd June 2025,"Construction of 126 Secondary Schools in 35 Districts of Assam under RIDF-XXX (2024-25) for (i) P.M. Higher Secondary School, Srijongram (ii) Bidyapur High. School, Bongaigaon (Pt) under Bongaigaon DTBD GR-10","Construction of 126 Secondary Schools in 35 Districts of Assam under RIDF-XXX (2024-25) for (i) P.M. Higher Secondary School, Srijongram (ii) Bidyapur High. School, Bongaigaon (Pt) under Bongaigaon DTBD GR-10",Works,Open Tender,Item Rate,Civil Works - Building,No,No,NA ,24-Jun-2025 10:15 AM,26-Jun-2025 11:30 AM ,180.0,No ,No,Online,30-Jun-2025 03:00 PM,Public Works Building and NH Department||Chief Engineer-Building - PWBNH,Bongaigaon,788380.0,2.0,"14,43,70,000",Rudra Kumar Pathak,"147,979,250",Accepted-AOC,08-Nov-2025,Public Works Building and NH Department||Chief Engineer-Building - PWBNH
2025_ID_47425_1,BVCI/IRRI/TB/04/2024/212 DATED 10/09/2025,Installation of 2(Two) Points Medium Deep Tube Well (MDTW) Scheme in Lakhipur LAC under SOPD-G for the year 2025-26.,Installation of 2(Two) Points Medium Deep Tube Well (MDTW) Scheme in Lakhipur LAC under SOPD-G for the year 2025-26.,Works,Open Tender,Works,Composite Works,No,No,NA ,10-Sep-2025 02:00 PM,NA ,180.0,No ,No,Online,14-Oct-2025 01:00 PM,Irrigation Department||Chief Engineer(Major)-Irrigation Dept||Cachar Karimganj Circle,lakhipur,788103.0,2.0,"57,59,956",K. K. ENTERPRISE,"5,183,960.4",Rejected-Finance,08-Nov-2025,Irrigation Department||Chief Engineer(Major)-Irrigation Dept||Cachar Karimganj Circle
2025_PCCF_43860_1,"O.O. 87, dated 27/03/2025","Repairing of Forest Road from Baghekhati to Jurirpar Forest Road Northern Range, Salona","Repairing of Forest Road from Baghekhati to Jurirpar Forest Road Northern Range, Salona",Works,Open Tender,Percentage,Civil Works,No,No,NA ,29-Mar-2025 12:00 PM,NA ,180.0,No ,No,Online,21-Apr-2025 03:00 PM,"Pr. Chief Conservator of Forest and Head of Forest Force||Chief Conservator of Forests (Upper Assam Zone)||Northern Assam Circle, Tezpur||Nagaon Division",Nagaon,782001.0,2.0,"7,50,000",Abubakkar Siddique,"675,000",Rejected-Finance,25-Nov-2025,"Pr. Chief Conservator of Forest and Head of Forest Force||Chief Conservator of Forests (Upper Assam Zone)||Northern Assam Circle, Tezpur||Nagaon Division"
2025_MMD_45645_1,Ref. No. AMDC/P/528/2024-25/730,"Engagement of MDO for all the work and sale of the mineral on revenue sharing basis with AMDCL from the block, Vadakhol Asoli Ni, Cr, Co and other Associated Mineral Block, Maharashtra.","Engagement of MDO for all the work and sale of the mineral on revenue sharing basis with AMDCL from the block, Vadakhol Asoli Ni, Cr, Co and other Associated Mineral Block, Maharashtra.",Services,Open Tender,Item Rate,Miscellaneous Services,No,No,NA ,16-Jul-2025 12:30 PM,25-Jul-2025 11:00 AM ,180.0,No ,No,Online,26-Sep-2025 11:00 AM,Mines and Minerals Department||Assam Mineral Development Corporation Limited,Maharashtra,416510.0,2.0,0.0,SOBHAGYA MERCANTILE LIMITED,5.08,Accepted-AOC,25-Nov-2025,Mines and Minerals Department||Assam Mineral Development Corporation Limited
2025_UDD_48098_1,NGMB/15th FC_Tied/2025-26/6353,Construction of Boundary Wall,"Construction of Boundary Wall for Material Recovery Facility MRF with Pile Foundation for 127.0 m length and Isolated Footing (Approach Road for MRF Site) for 96.5 m length, under 15th FC_Tied Fund, near GNRC, North Guwahati Municipal Board.",Works,Open Tender,Works,Civil Works - Others,No,Yes,NA ,20-Oct-2025 04:00 PM,24-Oct-2025 11:00 AM ,90.0,No ,No,Online,11-Nov-2025 02:00 PM,Urban Development Department||Directorate of Municipality Administration - UDD||North Guwahati Municipal Board,NORTH GUWAHATI,781030.0,2.0,"49,22,578",BASIC CONSULTANT,"4,873,352.22",Rejected-Technical,19-Nov-2025,Urban Development Department||Directorate of Municipality Administration - UDD||North Guwahati Municipal Board
2025_MDRDE_42469_1,AHIDMS/ECF-601218/22,TO PROCURE THE SERVICES OF TRAVEL AGENCY(S) FOR HIRING PASSENGER VEHICLES THROUGH TWO YEARS RATE CONTRACT.,TO PROCURE THE SERVICES OF TRAVEL AGENCY(S) FOR HIRING PASSENGER VEHICLES THROUGH TWO YEARS RATE CONTRACT.,Services,Open Tender,Empanelment,Miscellaneous Services,No,No,NA ,03-Feb-2025 01:00 PM,10-Feb-2025 03:00 PM ,120.0,No ,No,Online,10-Mar-2025 03:00 PM,Medical Education and Research Department- Externally Aided Project||Assam Health Infrastructure Development and Management Society,Guwahati,781022.0,2.0,,ANUJ KALITA,"1,000,000",Accepted-AOC,04-Apr-2025,Medical Education and Research Department- Externally Aided Project||Assam Health Infrastructure Development and Management Society
2023_PWBNH_29544_4,CE/ARC-I/01/2023/4 Dated Guwahati 18th Feb 2023,"Consultancy services for the work Transformation of School in Assam under NESID scheme for i. P.C Barjalenga HS School, Dist Cachar ii. Adharchand HS School, Dist Cachar","Consultancy services for the work Transformation of School in Assam under NESID scheme for i. P.C Barjalenga HS School, Dist Cachar ii. Adharchand HS School, Dist Cachar",Works,Open Tender,Item Rate,Civil Works - Building,No,No,NA ,24-Feb-2023 06:00 PM,28-Feb-2023 10:30 AM ,180.0,No ,No,Online,04-Mar-2023 03:00 PM,Public Works Building and NH Department||Chief Engineer-Building - PWBNH,Cachar,788030.0,2.0,"50,82,300",LIVING SPACES,"5,059,000",Accepted-AOC,10-Nov-2025,Public Works Building and NH Department||Chief Engineer-Building - PWBNH
2025_WPTBC_44906_1,SCDCRangaparaCollege,"Construction of ST Hostel at Rangapara College in Sonitpur District, Dist.Sonitpur","Construction of ST Hostel at Rangapara College in Sonitpur District, Dist.Sonitpur",Works,Open Tender,Item Rate,Civil Works,No,No,NA ,16-Jun-2025 04:00 PM,NA ,180.0,No ,No,Online,30-Jun-2025 04:00 PM,Welfare of Plain Tribes and Backward Classes||Directorate of Welfare of Scheduled Caste||Assam State Development Corporation for SC,"DISPUR, GHY-06",781006.0,2.0,"50,00,000",M/S J.J. ENTERPRISE,"5,000,000",Accepted-AOC,12-Nov-2025,Welfare of Plain Tribes and Backward Classes||Directorate of Welfare of Scheduled Caste||Assam State Development Corporation for SC
2025_FD_46318_1,NO.AFB.725/PMMSY/2024-25/267,Procurement of Inputs,Procurement of Inputs (Fish Feed and Fish Seed) Under PMMSY for the year 2022-23.,Goods,Open Tender,Supply,Crop Products,No,No,NA ,12-Aug-2025 02:15 PM,NA ,180.0,No ,No,Online,16-Sep-2025 01:00 PM,Department of Fisheries||Directorate of Fisheries Assam||DDF LAZ Howly||DFDO Barpeta,BARPETA,781301.0,2.0,"20,80,000",BHAVISHYA ASSAM FEEDS,"1,347,652.21",Accepted-AOC,13-Nov-2025,Department of Fisheries||Directorate of Fisheries Assam||DDF LAZ Howly||DFDO Barpeta
2025_PWBNH_47344_1,SE/BII/Commissioner_Transport,"UPgradation and REno. of Office Chambers of the Commissioner of Transport, Assam and other Officer Chambers and Repairing/ Eenovation of Common area and other pantryetc. in the office of the Commissioner of Transport, Assam, Khanapara, Guwahati22","UPgradation and REno. of Office Chambers of the Commissioner of Transport, Assam and other Officer Chambers and Repairing/ Eenovation of Common area and other pantryetc. in the office of the Commissioner of Transport, Assam, Khanapara, Guwahati22",Works,Open Tender,Item Wise,Civil Works - Building,No,No,NA ,09-Sep-2025 12:00 PM,15-Sep-2025 12:00 PM ,180.0,No ,No,Online,08-Oct-2025 11:30 AM,Public Works Building and NH Department||Chief Engineer-Building - PWBNH||SE-Guwahati Circle-2 - PWBNH,"Commissioner of Transport, Khanapara, Guwahati",781022.0,2.0,"46,05,021",Brajen Das,"4,602,477",Rejected-Technical,18-Nov-2025,Public Works Building and NH Department||Chief Engineer-Building - PWBNH||SE-Guwahati Circle-2 - PWBNH
2025_ICD_46369_1,DNPL/PC/2025/55KM/EW/65/04,Electrical Works for DNP Pipeline Project Duliajan to IP-1A,Electrical Works for DNP Pipeline Project Duliajan to IP-1A(Existing SV 02),Works,Open Tender,Works,Electrical Works,No,No,NA ,13-Aug-2025 02:15 PM,19-Aug-2025 03:00 PM ,180.0,No ,No,Online,12-Sep-2025 11:00 AM,Industries and Commerce Department||DNP Limited,Duliajan,786602.0,2.0,,ELITE ARCHITECT & CONSULTANT,"20,251,943.25",Rejected-Finance,26-Nov-2025,Industries and Commerce Department||DNP Limited
2025_BoTC_45316_1,DPRD/BTC/15th FC/UT(VIII)/Udl-11/2025/09,Const. of LP School Room at Hadanguri under 15th FC Fund (Untied Grant) for the year 2023-24 during 2025-26.,DPRD/BTC/15th FC/UT(VIII)/Udl-11/2025/09,Works,Open Tender,Item Rate,Civil Works,No,No,NA ,03-Jul-2025 12:00 PM,NA ,180.0,No ,No,Online,18-Jul-2025 02:30 PM,Bodoland Territorial Council||Panchayat and Rural Development-BTC,Mazbat Udalguri,784509.0,2.0,"40,00,000",HEMEN HAINARI,"3,998,194.74",Accepted-AOC,25-Jul-2025,Bodoland Territorial Council||Panchayat and Rural Development-BTC
2025_HFWD_47468_1,2019-20/11/PART-VI/289/894,"supply of medicines and consumables etc for the department of O and G CS and Normal Delivery and Pediatrics NICU and PICU GMCH, Guwahati 32","supply of medicines and consumables etc for the department of O and G CS and Normal Delivery and Pediatrics NICU and PICU GMCH, Guwahati 32",Goods,Open Tender,Item Wise,Medicines,No,No,NA ,11-Sep-2025 04:00 PM,16-Sep-2025 11:30 AM ,365.0,No ,No,Online,06-Oct-2025 04:00 PM,Health and Family Welfare Department||Directorate of Medical Education-HFWD||Guwahati Medical College Hospital-HFWD,"GMCH, Bhangagarh, Guwahati",781032.0,2.0,,BIO-CARE ASSOCIATES,"6,973.03",Accepted-AOC,18-Nov-2025,Health and Family Welfare Department||Directorate of Medical Education-HFWD||Guwahati Medical College Hospital-HFWD
2025_DAASC_45162_1,E-664346/26,"Repairing and Renovation of Assam Seed and Organic Certification Agency (ASOCA) office Building at Ulubari under RKVY,2025-26","Repairing and Renovation of Assam Seed and Organic Certification Agency (ASOCA) office Building at Ulubari under RKVY,2025-26",Works,Open Tender,Works,Civil Works,No,No,NA ,25-Jun-2025 11:00 AM,30-Jun-2025 12:00 PM ,90.0,No ,No,Online,17-Jul-2025 01:00 PM,Directorate of Agriculture and Assam Seed Corporation,"Kamrup, Ulubari",781007.0,2.0,"71,73,676",Arsiddh Infraprojects,"5,352,406.55",Rejected-AOC,01-Nov-2025,Directorate of Agriculture and Assam Seed Corporation
2025_PWD_47803_1,PMGSY/SONARI/2025-26/02,PMGSY/SONARI/2025-26/02,"Defects Correction of Road Howfaw Ali No.3 Length 2.41KM including CD works and Routine Maintenance works for 5 years under PMGSY 2017-18 Pkg No AS-21-426,Batch-3 in Sibsagar District under PWD Charaideo DTRD,Sonari.Pkg No-PMGSY/SONARI/2025-26/02",Works,Open Tender,Item Rate,Civil Works – Roads,No,No,NA ,07-Oct-2025 02:00 PM,13-Oct-2025 01:00 PM ,180.0,No ,No,Online,16-Oct-2025 12:00 PM,Public Works Roads Department,SONARI LAC,785690.0,2.0,,M/S NISTHA CONSTRUCTION,"2,058,682",Accepted-AOC,21-Nov-2025,Public Works Roads Department
2024_ID_39149_39,01_RIDF_XXX_2024_25 Date_21_09_2024,Installation of 2 Points Solar Powered MDTW scheme at Urol and 1 Point at Durung under Dimoria LAC under RIDF-XXX NABARD for the year 2024-25under Dispur Division Package_39,Installation of 2 Points Solar Powered MDTW scheme at Urol and 1 Point at Durung under Dimoria LAC under RIDF-XXX NABARD for the year 2024-25under Dispur Division Package_39,Works,Open Tender,Item Rate,Civil Works,No,No,NA ,25-Sep-2024 06:00 PM,05-Oct-2024 02:00 PM ,180.0,No ,No,Online,19-Oct-2024 10:00 AM,Irrigation Department||Chief Engineer(Major)-Irrigation Dept,Dispur,781001.0,2.0,"1,06,42,796",Airsense,"9,152,801",Rejected-Technical,02-Nov-2025,Irrigation Department||Chief Engineer(Major)-Irrigation Dept
2025_PHED_46316_1,SEPH/GC/TB-152/Vol-XXIV/25-26,Utility shifting and repairing of (Water distribution pipeline of PWSS) damaged during PWD road widening for Niz Hassang No.1 PWSS under Rangia (PHE) Division,Utility shifting and repairing of (Water distribution pipeline of PWSS) damaged during PWD road widening for Niz Hassang No.1 PWSS under Rangia (PHE) Division road widening for Niz Hassang No.1 PWSS under Rangia (PHE) Division under SOPD-G for the ye,Works,Open Tender,Item Rate,Civil Works,No,No,NA ,12-Aug-2025 04:00 PM,19-Aug-2025 01:00 PM ,90.0,No ,No,Online,10-Sep-2025 03:00 PM,Public Health Engineering Department||Chief Engineer PHE(P)-Assam-PHED||Lower Assam Zone-Guwahati-PHED||Guwahati Circle-Guwahati-PHED,Niz Hassang No.-1 Village,781354.0,2.0,"22,24,753",LAKSHYADHAR KALITA,"2,178,010",Rejected-Technical,04-Nov-2025,Public Health Engineering Department||Chief Engineer PHE(P)-Assam-PHED||Lower Assam Zone-Guwahati-PHED||Guwahati Circle-Guwahati-PHED
2025_BoTC_45627_1,DOE/BTC/SSA/DAJGUA/Hostel/01,Construction of 50 bedded hostel separately for boys and girls under the scheme Dharti Aaba Janjatiya Gram Utkarsh Abhiyan at RAINADABRI HIGH SCHOOL in Kokrajhar District,Construction of 50 bedded hostel separately for boys and girls under the scheme Dharti Aaba Janjatiya Gram Utkarsh Abhiyan at RAINADABRI HIGH SCHOOL in Kokrajhar District,Works,Open Tender,Works,Civil Works,No,No,NA ,16-Jul-2025 09:00 AM,NA ,180.0,No ,No,Online,12-Aug-2025 04:00 PM,Bodoland Territorial Council||Education-BTC,BTR,783370.0,2.0,"3,59,88,860",KHAMPHA NARZARY,"36,744,404.28",Accepted-AOC,10-Nov-2025,Bodoland Territorial Council||Education-BTC
2025_HFWD_47588_1,MCH/HMS/2022/273/159,"Supply of Equipments Media and Consumablesfor Embryology Laboratory at GMCH IVF Centre and IUI, HMS, GMCH, Guwahati, Assam","Supply of Equipments Media and Consumablesfor Embryology Laboratory at GMCH IVF Centre and IUI, HMS, GMCH, Guwahati, Assam",Goods,Open Tender,Item Wise,Laboratory and scientific equipment,No,No,NA ,18-Sep-2025 06:00 PM,22-Sep-2025 01:00 PM ,365.0,No ,No,Online,10-Oct-2025 04:00 PM,Health and Family Welfare Department||Directorate of Medical Education-HFWD||Guwahati Medical College Hospital-HFWD,"GMCH, Bhangagarh, Guwahati",781032.0,2.0,,Intermedics Healthcare llp,"433,526.5",Accepted-AOC,11-Nov-2025,Health and Family Welfare Department||Directorate of Medical Education-HFWD||Guwahati Medical College Hospital-HFWD
2025_ID_47544_1,DDI_TECH_E-TNDR_164_Pt-I/11,Extension of Bogibari PC of Maloibari ELIS under SOPD-G during the financial year 2025-26,Extension of Bogibari PC of Maloibari ELIS under SOPD-G during the financial year 2025-26,Works,Open Tender,Item Rate,Civil Works – Canal,No,No,NA ,16-Sep-2025 06:00 PM,NA ,180.0,No ,No,Online,09-Oct-2025 12:00 PM,Irrigation Department||Chief Engineer(Minor Irrigation)-Irrigation Dept||Kamrup Circle||Dispur Division,"Bogibari, Sonapur",782403.0,2.0,"47,60,959",M/S SUNRISE ENTERPRISE,"3,784,863.12",Rejected-Technical,17-Nov-2025,Irrigation Department||Chief Engineer(Minor Irrigation)-Irrigation Dept||Kamrup Circle||Dispur Division
2025_ICD_46249_1,448677/7,"Construction of 33 KV dedicated line from nearest 33/11 KV sub-station and construction of 2 x 5 MVA, 33/11 KV sub-station including control room building at Industrial Estate Dighalichapari, Dist. Sonitpur, Assam.","Construction of 33 KV dedicated line from nearest 33/11 KV sub-station and construction of 2 x 5 MVA, 33/11 KV sub-station including control room building at Industrial Estate Dighalichapari, Dist. Sonitpur, Assam.",Works,Open Tender,Item Rate,Electrical Works,No,No,NA ,08-Aug-2025 01:00 PM,NA ,180.0,No ,No,Online,28-Aug-2025 03:00 PM,Industries and Commerce Department||Assam Industrial Development Corporation Ltd - ICD,"IE, Dighalichapari",784180.0,2.0,"14,09,54,467",NARUTTAM CHANGMAI (JV) U K ENTERPRISE,"140,899,999",Accepted-AOC,06-Nov-2025,Industries and Commerce Department||Assam Industrial Development Corporation Ltd - ICD
2025_BTC_45309_1,No. 125/ACE/NIT/Infra/BTC/2022-23,"Construction of Community Hall at BBCA, Tukrajhar in Chirang District, BTC, Assam. TN_02_8","Construction of Community Hall at BBCA, Tukrajhar in Chirang District, BTC, Assam. TN_02_8",Works,Open Tender,Item Rate,Civil Works - Building,No,No,NA ,03-Jul-2025 10:00 AM,NA ,180.0,No ,No,Online,24-Jul-2025 03:00 PM,Bodoland Territorial Council-PWD||Director Cum CHD - PWD BTC,Chirang,783390.0,2.0,"1,30,05,616",BIJIT BRAHMA,"13,000,000",Rejected-AOC,01-Nov-2025,Bodoland Territorial Council-PWD||Director Cum CHD - PWD BTC
2025_PWBNH_46535_1,"Tech-I(H_E)/104/2024/25 Dated Guwahati the 13th August, 2025","Infrastructure Development of North Lakhimpur College, Lakhimpur for elevation as Universities under TNEIF","Infrastructure Development of North Lakhimpur College, Lakhimpur for elevation as Universities under TNEIF",Works,Open Tender,Item Rate,Civil Works - Building,No,No,NA ,14-Aug-2025 06:10 PM,18-Aug-2025 11:30 AM ,180.0,No ,No,Online,26-Aug-2025 03:30 PM,Public Works Building and NH Department||Chief Engineer-Building - PWBNH,North Lakhimpur,787001.0,2.0,"9,38,17,000",Dhruba Jyoti Saikia,"99,442,000",Accepted-AOC,29-Nov-2025,Public Works Building and NH Department||Chief Engineer-Building - PWBNH
2025_ITFCD_47479_1,E.677588/Gupteswar/T/25-26/03,Development of Gupteswar Devalaya Archaeological Site,Development of Archaeological Sites and Monuments of Assam under SOPD-G for the year 2025-26,Works,Open Tender,Percentage,Civil Works,No,No,NA ,12-Sep-2025 10:00 AM,NA ,180.0,No ,No,Online,07-Oct-2025 10:00 AM,Indigenous and Tribal Faith and Culture Department||Directorate of Archaeology,"Dhekiajuli, Sonitpur District",784110.0,2.0,"20,00,000",M/S Navajit Changmai,"1,999,671.39",Accepted-AOC,10-Nov-2025,Indigenous and Tribal Faith and Culture Department||Directorate of Archaeology
2025_ID_47661_1,13 (AIBP) 2025-26 Date_22.09.2025,"Amrakona FIS under AIBP 2013_14 _Balance works_ construction of RCC left _ right main canal, Construction of RCC Box Culvert, RCC slab culverts, Cattle crossing slabs, Hume Pipe Culverts, Approach Road and Displaying Device_ Paneri Kalaigaon Div","Amrakona FIS under AIBP 2013_14 _Balance works_ construction of RCC left _ right main canal, Construction of RCC Box Culvert, RCC slab culverts, Cattle crossing slabs, Hume Pipe Culverts, Approach Road and Displaying Device_ Paneri Kalaigaon Div",Works,Open Tender,Item Rate,Civil Works,No,No,NA ,23-Sep-2025 09:00 AM,26-Sep-2025 02:00 PM ,180.0,No ,No,Online,15-Oct-2025 03:00 PM,Irrigation Department||Chief Engineer(Major)-Irrigation Dept,Kalaigaon,784525.0,2.0,"2,91,72,059",KHAGEN BORO,"29,168,343",Accepted-AOC,28-Nov-2025,Irrigation Department||Chief Engineer(Major)-Irrigation Dept
2024_WPTBC_38338_1,PTDC/Engg/2023-24/221,"Approach road to EMRS, Howraghat, Karbi Anglong","Approach road to EMRS, Howraghat, Karbi Anglong",Works,Open Tender,Item Rate,Civil Works – Roads,No,No,NA ,05-Aug-2024 12:30 PM,NA ,120.0,No ,No,Online,17-Aug-2024 03:30 PM,Welfare of Plain Tribes and Backward Classes||Director - WPT and BC||Assam Plains Tribes Development Corporation Ltd.,"Howraghat, Karbi Anglong",782481.0,2.0,"5,36,84,000",BHRIGU NATH SHAH,"53,684,160.09",Rejected-Technical,13-Nov-2025,Welfare of Plain Tribes and Backward Classes||Director - WPT and BC||Assam Plains Tribes Development Corporation Ltd.
2025_KAAC_47202_1,NoACEH/CS/SSA/03/2025-26/RE 40,Construction of 50 bedded hostel separately for boys and girls under Dharti Aaba Janjatiya Gram Utkarsh Abhiyan at Balijuri ME School (Upgraded to High School),Construction of 50 bedded hostel separately for boys and girls under Dharti Aaba Janjatiya Gram Utkarsh Abhiyan at Balijuri ME School (Upgraded to High School),Works,Open Tender,Item Rate,Civil Works - Building,No,No,NA ,03-Sep-2025 11:00 AM,05-Sep-2025 12:00 PM ,180.0,No ,No,Online,15-Sep-2025 11:00 AM,Karbi Anglong Autonomous Council||PWD||Addl. Chief Engineer Diphu,Rongmongwe,782460.0,2.0,"3,78,75,000",Lachit Engineering,"37,874,079.98",Accepted-AOC,07-Nov-2025,Karbi Anglong Autonomous Council||PWD||Addl. Chief Engineer Diphu
2025_UDD_46581_1,DMB/Tender/2025/1053 Dated 12/08/2025.,Repairing and Renovation of Dhemaji Children Park Part 1 under 15th FC Untied Grant under Dhemaji Municipal Board,Repairing and Renovation of Dhemaji Children Park Part 1 under 15th FC Untied Grant under Dhemaji Municipal Board,Works,Open Tender,Works,Civil Works,No,No,NA ,16-Aug-2025 02:00 PM,NA ,60.0,No ,No,Online,06-Sep-2025 02:00 PM,Urban Development Department||Directorate of Municipality Administration - UDD||Dhemaji Municipal Board,Dhemaji,787057.0,2.0,"53,04,000",BALURAM DIHINGIA,"5,300,015.69",Rejected-AOC,06-Nov-2025,Urban Development Department||Directorate of Municipality Administration - UDD||Dhemaji Municipal Board
2025_PWBNH_45909_1,CE/TB-VI/T/RIDF- XXX/36/2025/12 Dated Guwahati the 17th July 2025,"Construction of 126 Secondary Schools in 35 Districts of Assam under RIDF-XXX (2024-25) for (i) Sarupeta High School, Bajali under Barpeta DTBD (Gr-12)","Construction of 126 Secondary Schools in 35 Districts of Assam under RIDF-XXX (2024-25) for (i) Sarupeta High School, Bajali under Barpeta DTBD (Gr-12)",Works,Open Tender,Item Rate,Civil Works - Building,No,No,NA ,24-Jul-2025 06:00 PM,28-Jul-2025 11:30 AM ,180.0,No ,No,Online,02-Aug-2025 03:00 PM,Public Works Building and NH Department||Chief Engineer-Building - PWBNH,Barpeta,781301.0,2.0,"7,21,85,000",KHANDAKAR JIYAUR RAHMAN,"74,644,001",Rejected-Technical,20-Nov-2025,Public Works Building and NH Department||Chief Engineer-Building - PWBNH
2025_ID_46051_1,NIT/TCI/3/2025/507,Solar Powered MDTW I/S at Dhekiajuli LAC (4 points) under SOPD-G for the year 2025-26,Solar Powered MDTW I/S at Dhekiajuli LAC (4 points) under SOPD-G for the year 2025-26,Works,Open Tender,Percentage,Civil Works,No,No,NA ,01-Aug-2025 10:00 AM,NA ,180.0,No ,No,Online,22-Aug-2025 03:00 PM,Irrigation Department||Chief Engineer(Major)-Irrigation Dept||Tezpur Circle,Dhekiajuli,784110.0,2.0,"1,16,34,000",Pankaj Das,"11,516,198",Rejected-Finance,11-Nov-2025,Irrigation Department||Chief Engineer(Major)-Irrigation Dept||Tezpur Circle
2025_PWBNH_47695_1,CE/TB-II(H_E)/20/2025/8 Dated 18/09/2025,"Repair and Renovation of Assam Medical Services Corporation Ltd. at Central Drug Warehouse Campus, Patherquery, Narengi, Guwahati-26 (Additional estimate)","Repair and Renovation of Assam Medical Services Corporation Ltd. at Central Drug Warehouse Campus, Patherquery, Narengi, Guwahati-26 (Additional estimate)",Works,Open Tender,Item Rate,Civil Works - Building,No,No,NA ,08-Oct-2025 09:00 AM,09-Oct-2025 11:00 AM ,180.0,No ,No,Online,13-Oct-2025 03:30 PM,Public Works Building and NH Department||Chief Engineer-Building - PWBNH,Narengi,781026.0,2.0,"1,82,31,608",Brajen Das,"18,230,588",Rejected-Technical,20-Nov-2025,Public Works Building and NH Department||Chief Engineer-Building - PWBNH
2025_WPTBC_44589_1,PTDC/Engg/2024-25/347,"Infrastructure Development at 3 No. Dakshin Hati Jr. Basic, Barpeta LAC, under SCSP Scheme for the financial year 2024","Proposal for Administrative Approval for the works of infrastructure at 40 (Forty) different LP/UP Schools of dominated area of amount of Rs. 1000.00 Lakh under DEE, Assam during the Financial Year 2024. ( Infrastructure Development at 3 No. Dakshin",Works,Open Tender,Item Rate,Civil Works,No,No,NA ,28-May-2025 04:00 PM,02-Jun-2025 02:00 PM ,180.0,No ,No,Online,16-Jun-2025 02:00 PM,Welfare of Plain Tribes and Backward Classes||Director - WPT and BC,Barpeta,781301.0,2.0,"25,00,000",BISWAJIT DAS,"2,499,563.61",Rejected-AOC,24-Sep-2025,Welfare of Plain Tribes and Backward Classes||Director - WPT and BC
2025_KAAC_46512_1,NoACEH/CS/SSA/03/2025-26/SL30,Construction of 50 bedded hostel separately for boys and girls under Dharti Aaba Janjatiya Gram Utkarsh Abhiyan at Chokihola High School,Construction of 50 bedded hostel separately for boys and girls under Dharti Aaba Janjatiya Gram Utkarsh Abhiyan at Chokihola High School,Works,Open Tender,Item Rate,Civil Works - Building,No,No,NA ,18-Aug-2025 11:00 AM,20-Aug-2025 12:00 PM ,180.0,No ,No,Online,30-Aug-2025 11:00 AM,Karbi Anglong Autonomous Council||PWD||Addl. Chief Engineer Diphu,Nilip,782480.0,2.0,"3,78,75,000",golden traders,"37,064,714.44",Rejected-AOC,14-Nov-2025,Karbi Anglong Autonomous Council||PWD||Addl. Chief Engineer Diphu
2024_UDD_41251_1,SMGR.1/12(PWD)/2024-25/53,Concessionaire for Design-Build-Operate-Transfer of 60 KLD Capacity of 2 (Two) Nos. Sludge Handling Treatment Plant (SHTP),"Concessionaire for Design-Build-Operate-Transfer of 60 KLD Capacity of Two Nos. Sludge Handling Treatment Plant (SHTP) at Meherpur Dumping Ground and SLRM Centre, Old BRTF Camp including Vehicle Parking Shed Approx. 220 Sq. m each under SMB",Works,Open Tender,Item Wise,Composite Works,No,No,NA ,16-Dec-2024 03:00 PM,23-Dec-2024 03:00 PM ,120.0,No ,No,Online,26-Dec-2024 04:00 PM,Urban Development Department||Directorate of Municipality Administration - UDD||Silchar Municipal Board,Silchar,788001.0,2.0,"6,00,00,000",DLS ENVIROTECH CORORATION PVT LTD,"59,598,000",Rejected-Technical,10-Nov-2025,Urban Development Department||Directorate of Municipality Administration - UDD||Silchar Municipal Board
2025_PHED_46297_1,SEPH/GC/TB-152/Vol-XIX/25-26,Utility shifting of water distribution pipeline of PWSS damaged during PWD road widening for Retrofitting of Sonarisal Mahipalkuchi PWSS under Rangia Division,Utility shifting of water distribution pipeline of PWSS damaged during PWD road widening for retrofitting of Sonarisal Mahipalkuchi PWSS under Rangia Division under SOPD-G for the year2025-26,Works,Open Tender,Item Rate,Civil Works,No,No,NA ,12-Aug-2025 04:00 PM,19-Aug-2025 01:00 PM ,90.0,No ,No,Online,10-Sep-2025 03:00 PM,Public Health Engineering Department||Chief Engineer PHE(P)-Assam-PHED||Lower Assam Zone-Guwahati-PHED||Guwahati Circle-Guwahati-PHED,Mahipalkuchi,781381.0,2.0,"22,25,283",KAMAL HUSSAIN,"2,207,900",Rejected-Technical,04-Nov-2025,Public Health Engineering Department||Chief Engineer PHE(P)-Assam-PHED||Lower Assam Zone-Guwahati-PHED||Guwahati Circle-Guwahati-PHED
2023_PWBNH_29544_1,CE/ARC-I/01/2023/4 Dated Guwahati 18th Feb 2023,"Consultancy services for the work Transformation of School in Assam under NESID scheme for i. Tangla HS School, Tangla, Dist Udalguri ii. Harisinga HS School, Harisinga, Dist Udalguri","Consultancy services for the work Transformation of School in Assam under NESID scheme for i. Tangla HS School, Tangla, Dist Udalguri ii. Harisinga HS School, Harisinga, Dist Udalguri",Works,Open Tender,Item Rate,Civil Works - Building,No,No,NA ,24-Feb-2023 06:00 PM,28-Feb-2023 10:30 AM ,180.0,No ,No,Online,04-Mar-2023 03:00 PM,Public Works Building and NH Department||Chief Engineer-Building - PWBNH,Udalguri,784509.0,2.0,"50,82,300",LIVING SPACES,"5,050,500",Rejected-AOC,10-Nov-2025,Public Works Building and NH Department||Chief Engineer-Building - PWBNH
2025_PWBNH_45891_1,"CS/SE/GBC/2025-26/06/21-A, Dtd. 21-07-2025",Construction of RCC Building G plus 1 Building for accommodation of District Home Guards Office at Dhubri,Construction of RCC Building G plus 1 Building for accommodation of District Home Guards Office at Dhubri,Works,Open Tender,Works,Civil Works - Building,No,No,NA ,24-Jul-2025 04:00 PM,31-Jul-2025 12:00 PM ,180.0,No ,No,Online,14-Aug-2025 12:00 PM,Public Works Building and NH Department||Chief Engineer-Building - PWBNH,Dhubri,783301.0,2.0,"1,06,61,420",Ahmed Nur Alom,"8,943,865",Rejected-Technical,06-Nov-2025,Public Works Building and NH Department||Chief Engineer-Building - PWBNH
2025_ID_46619_1,BKDID/E-Tender/2025-26/451,Installation of Solar Shallow Tube Well Scheme (4 Points) at Dergaon LAC in Golaghat District under SOPD-G for the year 2025-26.,"Boring and Installations of Tube well, Installations of Solar PV Modules, Supply of Canvas Pipe,Installations of Sign Board",Works,Open Tender,Item Rate,Civil Works - Others,No,No,NA ,19-Aug-2025 10:00 AM,NA ,180.0,No ,No,Online,09-Sep-2025 03:00 PM,Irrigation Department||Chief Engineer(Major)-Irrigation Dept||Jorhat Circle||Bokakhat Khumtai Division,Dergaon,785614.0,2.0,"26,71,915",Shyamal Saikia,"2,671,564.4",Rejected-Technical,07-Nov-2025,Irrigation Department||Chief Engineer(Major)-Irrigation Dept||Jorhat Circle||Bokakhat Khumtai Division
2023_PWBNH_29531_11,CE/ARC-I/01/2023/3 Dated Guwahati the 1st Feb 2023,"Consultancy services for the work Transformation of School in Assam under NESID scheme for i. Sipajhar HS and MP School, Sipajhar, Dist Darrang","Consultancy services for the work Transformation of School in Assam under NESID scheme for i. Sipajhar HS and MP School, Sipajhar, Dist Darrang",Works,Open Tender,Item Rate,Civil Works - Building,No,No,NA ,24-Feb-2023 04:00 PM,27-Feb-2023 10:00 AM ,180.0,No ,No,Online,04-Mar-2023 03:00 PM,Public Works Building and NH Department||Chief Engineer-Building - PWBNH,Darrang,784148.0,2.0,"25,41,130",Architects Collaborative,"2,525,130",Accepted-AOC,08-Nov-2025,Public Works Building and NH Department||Chief Engineer-Building - PWBNH
2025_AEGCL_45520_1,AEGCL/Tech-342/OnM/Nathkuchi,"Turnkey Construction of one no. of 33kV Feeder Bay including Civil Works at 132 KV Nathkuchi GSS, AEGCL for providing power to Pepsico","Turnkey Construction of one no. of 33kV Feeder Bay including Civil Works at 132 KV Nathkuchi GSS, AEGCL for providing power to Pepsico",Works,Open Tender,Turn-key,Electrical Works,No,No,NA ,11-Jul-2025 05:00 PM,NA ,180.0,No ,No,Online,02-Aug-2025 02:00 PM,Assam Electricity Grid Corporation Ltd||CGM (T and T),Nathkuchi GSS,781371.0,2.0,"1,56,27,250",Everlite Engineering Industries,"12,501,803",Rejected-Finance,29-Nov-2025,Assam Electricity Grid Corporation Ltd||CGM (T and T)
2025_BoTC_45618_1,DOE/BTC/SSA/DAJGUA/Hostel/01,Construction of 50 bedded hostel separately for boys and girls under the scheme Dharti Aaba Janjatiya Gram Utkarsh Abhiyan at GURUFELA HS SCHOOL in Kokrajhar District,Construction of 50 bedded hostel separately for boys and girls under the scheme Dharti Aaba Janjatiya Gram Utkarsh Abhiyan at GURUFELA HS SCHOOL in Kokrajhar District,Works,Open Tender,Works,Civil Works,No,No,NA ,16-Jul-2025 09:00 AM,NA ,180.0,No ,No,Online,12-Aug-2025 03:00 PM,Bodoland Territorial Council||Education-BTC,BTR,783370.0,2.0,"3,59,88,860",Md. Mahsen Ali,"37,716,167.12",Rejected-AOC,19-Nov-2025,Bodoland Territorial Council||Education-BTC
2025_KAAC_46509_1,ACEH/CS/SSA/03/2025-26/NSL41,Construction of 50 bedded hostel separately for boys and girls at Sunpura Anchalik High School under the scheme Dharti Aaba Janjatiya Gram Utkarsh Abhiyan,Construction of 50 bedded hostel separately for boys and girls at Sunpura Anchalik High School under the scheme Dharti Aaba Janjatiya Gram Utkarsh Abhiyan,Works,Open Tender,Item Rate,Civil Works - Building,No,No,NA ,18-Aug-2025 11:00 AM,20-Aug-2025 12:00 PM ,180.0,No ,No,Online,30-Aug-2025 11:00 AM,Karbi Anglong Autonomous Council||PWD||Addl. Chief Engineer Diphu,Langsomepi,782447.0,2.0,"3,78,75,000",Garg Infra,"37,864,119.98",Rejected-AOC,15-Nov-2025,Karbi Anglong Autonomous Council||PWD||Addl. Chief Engineer Diphu
2025_PWD_48333_1,CE/CW/24/2025-26/4,CE/CW/24/25-26,"Restoration of road from IOCL Water Treatment Plant to Guwahati Refinery (Gopal Nagar to Nepali Chowk Road) due to laying of underground water supply pipeline by IOCL, Guwahati Refinery under New Guwahati TRD or the year 25 26",Works,Open Tender,Item Rate,Civil Works – Roads,No,No,NA ,04-Nov-2025 06:00 PM,NA ,180.0,No ,No,Online,12-Nov-2025 02:30 PM,Public Works Roads Department,GUWAHATI,781020.0,2.0,"1,71,41,000",Niranjan Barman,"17,141,000",Accepted-AOC,27-Nov-2025,Public Works Roads Department
2025_WPTBC_47932_1,PTDC/Engg/2024-25/440,"Additional requirement of works for EMRS, Kharadhara, Bajali, Dist- Barpeta sanctioned under Article 275(I) of the constitution of India during the year 2024-25","Additional requirement of works for EMRS, Kharadhara, Bajali, Dist- Barpeta sanctioned under Article 275(I) of the constitution of India during the year 2024-25",Works,Open Tender,Item Rate,Civil Works,No,No,NA ,10-Oct-2025 09:00 AM,13-Oct-2025 11:30 AM ,180.0,No ,No,Online,16-Oct-2025 03:00 PM,Welfare of Plain Tribes and Backward Classes||Director - WPT and BC||Assam Plains Tribes Development Corporation Ltd.,"Kharadhara, Bajali, Dist- Barpeta",781318.0,2.0,"25,32,84,580",M/s Bhola Drugs and Surgicals,"250,487,554.08",Rejected-Technical,18-Nov-2025,Welfare of Plain Tribes and Backward Classes||Director - WPT and BC||Assam Plains Tribes Development Corporation Ltd.
2025_ID_46051_2,NIT/TCI/3/2025/507,Installation of 4 no.s of MDTW Scheme under Barchalla LAC under SOPD-G for the year 2025-26,Installation of 4 no.s of MDTW Scheme under Barchalla LAC under SOPD-G for the year 2025-26,Works,Open Tender,Percentage,Civil Works,No,No,NA ,01-Aug-2025 10:00 AM,NA ,180.0,No ,No,Online,22-Aug-2025 03:00 PM,Irrigation Department||Chief Engineer(Major)-Irrigation Dept||Tezpur Circle,Dhekiajuli,784110.0,2.0,"1,16,34,000",Monuj Boro,"11,517,687",Accepted-AOC,11-Nov-2025,Irrigation Department||Chief Engineer(Major)-Irrigation Dept||Tezpur Circle
2025_GMDA_43964_2,GMDA/DEV/33/2025/180,"Water Supply Scheme at Pub Gotanagar, Madhab Dev Nagar at Gotanagar and Durga Mandir at Lankeswar.","Water Supply Scheme at Pub Gotanagar, Madhab Dev Nagar at Gotanagar and Durga Mandir at Lankeswar.",Works,Open Tender,Lump-sum,Civil Works - Water Works,No,No,NA ,28-May-2025 03:00 PM,NA ,180.0,No ,No,Online,18-Jun-2025 03:00 PM,Guwahati Metropolitan Development Authority||Guwahati Development Department - GMDA,Gotanagar and Lankeshwar,781011.0,2.0,"3,85,11,145",M/S D.K. (ASSAM) ASSOCIATES PVT. LTD.,"38,500,130",Accepted-AOC,25-Nov-2025,Guwahati Metropolitan Development Authority||Guwahati Development Department - GMDA
2025_DHUA_42966_1,CE/H and UA/Tech/17/PT-III/23-24/127(2),"Construction of RCC Box Drain under Dibrugarh Municipal Corporation, Phase-1","Construction of RCC Box Drain under Dibrugarh Municipal Corporation, Phase-1",Works,Open Tender,Item Rate,Civil Works,No,No,NA ,20-Feb-2025 09:00 AM,NA ,180.0,No ,No,Online,10-Mar-2025 03:00 PM,Department of Housing and Urban Affairs||Chief Engineer Technical Cell,Dibrugarh,786001.0,2.0,"4,72,28,776",ANIL MAKRARY,"47,227,290",Rejected-Finance,29-May-2025,Department of Housing and Urban Affairs||Chief Engineer Technical Cell
2023_PWBNH_29544_2,CE/ARC-I/01/2023/4 Dated Guwahati 18th Feb 2023,"Consultancy services for the work Transformation of School in Assam under NESID scheme for i. Orang Higher Secondary School, Orang, Dist Udalguri ii. Kalaigaon HS School, Dist Udalguri","Consultancy services for the work Transformation of School in Assam under NESID scheme for i. Orang Higher Secondary School, Orang, Dist Udalguri ii. Kalaigaon HS School, Dist Udalguri",Works,Open Tender,Item Rate,Civil Works - Building,No,No,NA ,24-Feb-2023 06:00 PM,28-Feb-2023 10:30 AM ,180.0,No ,No,Online,04-Mar-2023 03:00 PM,Public Works Building and NH Department||Chief Engineer-Building - PWBNH,Udalguri,784509.0,2.0,"50,82,300",LIVING SPACES,"5,050,500",Rejected-AOC,10-Nov-2025,Public Works Building and NH Department||Chief Engineer-Building - PWBNH
2025_WPTBC_46812_1,PTDC/Engg/2024-25/351,Infrastructure Development at Na- Nadi Kaibatta LPS under SCSP Scheme for the financial year 2024-25),"Proposal for Administrative Approval for the works of infrastructure at 40 (Forty) different LP/UP Schools of dominated area of amount of Rs. 1000.00 Lakh under DEE, Assam during the Financial Year 2024-25.( Infrastructure Development at Na- Nadi Kai",Works,Open Tender,Item Rate,Civil Works,No,No,NA ,21-Aug-2025 06:50 PM,21-Aug-2025 06:55 PM ,180.0,No ,No,Online,05-Sep-2025 03:00 PM,Welfare of Plain Tribes and Backward Classes||Director - WPT and BC,Na- Nadi Kaibatta LPS Dhemaji,787057.0,2.0,"25,00,000",GAMESWAR DOLEY,"2,499,000",Rejected-AOC,18-Nov-2025,Welfare of Plain Tribes and Backward Classes||Director - WPT and BC
2025_BoTC_45108_1,DPRD/BTC/(SOPD)Udl-14/2025/08,Const. of dam with sand and bamboo and Const. of Canal to divert the flow river water for protection of Naoherua village under SOPD fund for the year 2025-26.,DPRD/BTC/(SOPD)Udl-14/2025/08,Works,Open Tender,Item Rate,Civil Works,No,No,NA ,23-Jun-2025 05:00 PM,NA ,180.0,No ,No,Online,11-Jul-2025 02:30 PM,Bodoland Territorial Council||Panchayat and Rural Development-BTC,Mazbat Udalguri,784507.0,2.0,"25,00,000",HEMEN HAINARI,"2,499,922.08",Accepted-AOC,18-Jul-2025,Bodoland Territorial Council||Panchayat and Rural Development-BTC
2023_PWBNH_29531_10,CE/ARC-I/01/2023/3 Dated Guwahati the 1st Feb 2023,"Consultancy services for the work Transformation of School in Assam under NESID scheme for i. Haiborgaon High School, Haiborgaon, Dist Nagaon","Consultancy services for the work Transformation of School in Assam under NESID scheme for i. Haiborgaon High School, Haiborgaon, Dist Nagaon",Works,Open Tender,Item Rate,Civil Works - Building,No,No,NA ,24-Feb-2023 04:00 PM,27-Feb-2023 10:00 AM ,180.0,No ,No,Online,04-Mar-2023 03:00 PM,Public Works Building and NH Department||Chief Engineer-Building - PWBNH,Nagaon,782001.0,2.0,"25,41,130",Architects Collaborative,"2,525,130",Accepted-AOC,08-Nov-2025,Public Works Building and NH Department||Chief Engineer-Building - PWBNH
2024_BoTC_37907_1,DPRD/BTC/6th ASFC-II/Bak-2/2024/17,Earth filling at Nowakhat pond under 1 No. VCDC Tamulpur Dev Block in Tamulpur under 6th FC for the year 2022-23 during 2023-24.,DPRD/BTC/6th ASFC-II/Bak-2/2024/17,Works,Open Tender,Item Rate,Civil Works,No,No,NA ,08-Jul-2024 10:30 AM,NA ,180.0,No ,No,Online,30-Jul-2024 02:30 PM,Bodoland Territorial Council||Panchayat and Rural Development-BTC,Tamulpur Baksa,781367.0,2.0,"39,30,696",BISHNU DEV UZIR,"3,929,123.24",Accepted-AOC,16-Aug-2024,Bodoland Territorial Council||Panchayat and Rural Development-BTC
