Tender ID,tender_externalreference,tender_title,Work Description,Tender Category,Tender Type,Form of contract,Product Category,Is Multi Currency Allowed For BOQ,Allow Two Stage Bidding,Independent External Monitor/Remarks,Published Date,Pre Bid Meeting Date,Bid Validity(Days),Should Allow NDA Tender,Allow Preferential Bidder,Payment Mode,Bid Opening Date,Organisation Chain,location,Pincode,No of Bids Received,Tender Value in ₹,Bidder Name,Awarded Value,Status,Contract Date :,Department
2026_FCS_51131_1,FCS-53/1/2026-FCS-LKPR/52,NFSA TENDER FOR FY 2026-27 LAKHIMPUR,"NFSA TENDER FOR FY 2026-27 LAKHIMPUR, Both Tier I and Tier II",Works,Open Tender,Works,Civil Works - Others,No,No,NA ,13-Feb-2026 02:30 PM,NA ,90.0,No ,No,Online,27-Feb-2026 04:00 PM,Food Civil Supplies and Consumer Affairs Department||Directorate of Food Civil Supplies and Consumer Affairs||Office of the FCS and CA Lakhimpur,Lakhimpur,787001.0,2.0,"7,00,00,000",Shree Salt,"70,000,000",Rejected-Finance,18-Jun-2026,Food Civil Supplies and Consumer Affairs Department||Directorate of Food Civil Supplies and Consumer Affairs||Office of the FCS and CA Lakhimpur
2025_UDD_48561_3,JMB/1554,"Improvement and beautification Kotoky Pukhuri, Tarajan",Improvement and beautification Kotoky Pukhuri Tarajan,Works,Open Tender,Percentage,Civil Works - Others,No,No,NA ,12-Nov-2025 04:00 PM,04-Dec-2025 01:00 PM ,180.0,No ,No,Online,16-Dec-2025 01:00 PM,Urban Development Department||Directorate of Municipality Administration - UDD||Jorhat Municipal Board,Jorhat,785001.0,2.0,"70,46,300",Sri Sanjeev Baruahm,"6,341,670",Rejected-AOC,10-Jun-2026,Urban Development Department||Directorate of Municipality Administration - UDD||Jorhat Municipal Board
2026_BTC_49872_1,No.ACE-106/PWD/IFB/PT-I/23-24,"Construction of Boys Hostel at KC College, Koklabari in Baksa District.TN_35_11_R_1","Construction of Boys Hostel at KC College, Koklabari in Baksa District.TN_35_11_R_1",Works,Open Tender,Item Rate,Civil Works - Building,No,No,NA ,03-Jan-2026 10:00 AM,NA ,180.0,No ,No,Online,22-Jan-2026 02:00 PM,Bodoland Territorial Council-PWD||Director Cum CHD - PWD BTC,Baksa,781327.0,2.0,"90,09,455",NAIJIT DEURY,"9,007,100.05",Rejected-AOC,19-Jun-2026,Bodoland Territorial Council-PWD||Director Cum CHD - PWD BTC
2026_APDCL_50178_1,CGM(Audit)/IA/APDCL/2023/05/P1,Appointment of CA/CMA firms for internal audit PKG 1,Appointment of CA/CMA firms for conducting the internal audit for the financial year 202526 half yearly basis PKG1,Services,Open Tender,Lump-sum,Miscellaneous Services,No,No,NA ,12-Jan-2026 02:05 PM,17-Jan-2026 03:00 PM ,180.0,No ,No,Online,30-Jan-2026 11:00 AM,Assam Power Distribution Company Ltd||CGM(Audit) - APDCL,Assam,781001.0,2.0,"8,10,660",M BORAR AND CO,"746,050",Rejected-Technical,27-Feb-2026,Assam Power Distribution Company Ltd||CGM(Audit) - APDCL
2026_BoTC_52255_1,SE(RB)/20-21/Pt-IV/04/213_1,Package No.213_1,"Construction of CC Block Road from Alika Ambagaon Baptist Church to Mowamari Odla Kahibari PWD connecting Road under SOPD, BTC for the year 2025-26.",Works,Open Tender,Item Rate,Civil Works – Roads,No,No,NA ,08-May-2026 05:00 PM,NA ,180.0,No ,No,Online,29-May-2026 01:30 PM,Bodoland Territorial Council||PWD-BTC,Udalguri dist,784509.0,2.0,"68,74,998",MANAS DAS,"6,874,400",Accepted-AOC,10-Jun-2026,Bodoland Territorial Council||PWD-BTC
2024_DoIT_37723_1,AEDC/SDC/IT/2024-25/001,Supply Installation and Maintenance of Data Center Components,Supply Installation and Maintenance of Data Center Components,Works,Open Tender,Item Rate,Miscellaneous Works,No,Yes,NA ,24-Jun-2024 05:00 PM,NA ,180.0,No ,No,Online,29-Jul-2024 04:30 PM,Principal Secretary-Department of Information Technology||Assam Electronics Development Corporation Ltd-DoIT||Store and Purchase - AMTRON - DoIT,Guwahati,781021.0,2.0,,Poly Informatics Private Limited,"19,583,929",Rejected-Finance,10-Sep-2024,Principal Secretary-Department of Information Technology||Assam Electronics Development Corporation Ltd-DoIT||Store and Purchase - AMTRON - DoIT
2026_PWD_51411_1,EE/DCLKT/NIT/PDNA/2/2026/5,"Recovery and Reconstruction of RCC Bridge Approach at 7th Km of Sensua Naharoni Ali under NDRF(PDNA-2022) for the year 2025-26 for the year 2025-26, Khowang LAC","Recovery and Reconstruction of RCC Bridge Approach at 7th Km of Sensua Naharoni Ali under NDRF(PDNA-2022) for the year 2025-26 for the year 2025-26, Khowang LAC",Works,Open Tender,Item Rate,Civil Works – Roads,No,No,NA ,21-Feb-2026 02:00 PM,NA ,180.0,No ,No,Online,26-Feb-2026 02:30 PM,Public Works Roads Department,Khowang,785676.0,2.0,"46,81,000",SURAJIT BORUAH,"4,681,000",Accepted-AOC,17-Jun-2026,Public Works Roads Department
2024_DOT_37554_1,ATDC/225/92/Pt-II/456 dtd. 06.06.2024,"Development, Operation and Management Contract for running the Prashaanti Wayside Amenity Centre at Digboi","Development, Operation and Management Contract for running the Prashaanti Wayside Amenity Centre at Digboi",Services,Open Tender,Item Rate,Hotel/ Catering,No,No,NA ,11-Jun-2024 04:00 PM,15-Jun-2024 12:00 PM ,180.0,No ,No,Online,04-Jul-2024 01:00 PM,Department of Tourism||Assam Tourism Development Corporation Ltd. - DOT||HO-Guwahati-ATDCL - DOT,"Digboi, Tinsukia, Assam",786171.0,2.0,"30,000",MS DOMA ENERGY SERVICES,"51,900",Accepted-AOC,18-Jun-2026,Department of Tourism||Assam Tourism Development Corporation Ltd. - DOT||HO-Guwahati-ATDCL - DOT
2025_PWD_45926_135,CE/DEV/TB/60/2025-26/06 Dtd- 14.07.2025,"MMPPNA_RIDF_XXXI_25_26_289 Construction of (1) Gharphalia to MG Model Hospital Connecting Road, (2) Dhodar Ali to Gandhia Missing Gaon road under Mukhya Mantir Paki Path Nirman Achani (MMPPNA) under RIDF-XXXI of NABARD for the year 2025-26.","MMPPNA_RIDF_XXXI_25_26_289 Construction of (1) Gharphalia to MG Model Hospital Connecting Road, (2) Dhodar Ali to Gandhia Missing Gaon road under Mukhya Mantir Paki Path Nirman Achani (MMPPNA) under RIDF-XXXI of NABARD for the year 2025-26.",Works,Open Tender,Item Rate,Civil Works – Roads,No,No,NA ,31-Jul-2025 06:00 PM,04-Aug-2025 12:00 PM ,180.0,No ,No,Online,14-Aug-2025 02:30 PM,Public Works Roads Department,Mariani,785634.0,2.0,"2,94,97,000",POLASH JYOTI SAIKIA,"29,495,000",Accepted-AOC,05-Jun-2026,Public Works Roads Department
2026_GMC_52007_1,GER/Div-VI/631/2023/06 Date_13/03/2026,"Improvement of various road and drain at Ramnagar bye lane 03, Lakhi Narayan Path, Dhopolia and Kanaklata path bye lane 01 and 08, Odalbakra, under ward no. 22","Improvement of various road and drain at Ramnagar bye lane 03, Lakhi Narayan Path, Dhopolia and Kanaklata path bye lane 01 and 08, Odalbakra, under ward no. 22",Works,Open Tender,Lump-sum,Civil Works,No,No,NA ,14-Mar-2026 06:35 PM,NA ,120.0,No ,No,Online,06-Apr-2026 03:00 PM,Guwahati Municipal Corporation,Guwahati,781006.0,2.0,,ASHOK KUMAR RAYMEDHI,"1,607,200",Accepted-AOC,29-Jun-2026,Guwahati Municipal Corporation
2026_PWBNH_52366_1,SBC/CS/2026-27/03,Construction of G1 office building with provision for G3 including store room guard barrack and surrounding boundary wall with heavy duty Iron gate for OO the Urban Wing Home Guards Sribhumi,"Civil, Sanitary and Water supply and Electrical Work",Works,Open Tender,Item Rate,Civil Works - Building,No,No,NA ,16-May-2026 09:00 AM,27-May-2026 12:00 PM ,180.0,No ,No,Online,04-Jun-2026 04:00 PM,Public Works Building and NH Department||Chief Engineer-Building - PWBNH||SE-Silchar Circle - PWBNH,"Near District Library,Sribhumi",788710.0,2.0,"1,10,48,625",RAJAN DEY,"12,100,681",Rejected-Technical,09-Jun-2026,Public Works Building and NH Department||Chief Engineer-Building - PWBNH||SE-Silchar Circle - PWBNH
2025_PWRDW_48953_5,EAP/ARRBP/716719/07,Construction of Bridge in Udalguri district i) Br. No. 1/1 on Pakribari to Hapagaon Botabari Road,CE/EAP/ARRBP/OCB/Bridge1/Udalguri/13 Construction of Bridge in Udalguri district i) Br. No. 1/1 on Pakribari to Hapagaon Botabari Road,Works,Open Tender,Item Rate,Civil Works - Bridges,No,No,NA ,01-Dec-2025 09:00 AM,01-Dec-2025 11:00 AM ,180.0,No ,No,Online,08-Dec-2025 02:30 PM,Public Works Roads Department-Externally Aided Project||Public Works Road Department- World Bank Funded Tenders||Assam State Bridge Infrastructure Program,Udalguri District,784509.0,2.0,"2,17,84,000",Dhaneswar Kalita,"22,437,510",Rejected-Finance,23-Jun-2026,Public Works Roads Department-Externally Aided Project||Public Works Road Department- World Bank Funded Tenders||Assam State Bridge Infrastructure Program
2025_PWD_45818_59,CE/Commn/16/2025-26/04,Bokakhat /SOPD/ 7,Construction of GWC Road from (1) Tengor Chari Ali to Milonpur via Veronia Camp (L 2.20Km) (2) Tengor Chari Ali to Diffolopathar LP School (L 2.00 Km) under SOPD(G) for the year 2025-26,Works,Open Tender,Item Rate,Civil Works – Roads,No,No,NA ,24-Jul-2025 06:00 PM,28-Jul-2025 04:00 PM ,180.0,No ,No,Online,20-Aug-2025 02:30 PM,Public Works Roads Department,Bokakhat,785612.0,2.0,"71,89,800",Umananda Thakur,"7,188,675",Rejected-AOC,24-Jun-2026,Public Works Roads Department
2026_BoTC_51796_1,TECH-28/SE(RB)/2019-20/21,Construction of ICBP Road from Binu Ray House to No.1 Sishubari LP.School at Bijni in Chirang District of BTC for the year 2025-26. TN-394-11.,Construction of ICBP Road from Binu Ray House to No.1 Sishubari LP.School at Bijni in Chirang District of BTC for the year 2025-26. TN-394-11.,Works,Open Tender,Works,Civil Works – Roads,No,No,NA ,09-Mar-2026 02:00 PM,NA ,180.0,No ,No,Online,30-Mar-2026 02:00 PM,Bodoland Territorial Council||PWD-BTC,Chirang,783385.0,2.0,"99,99,200",Santash Basumatary,"9,990,000",Accepted-AOC,16-Jun-2026,Bodoland Territorial Council||PWD-BTC
2025_PWRDW_45232_11,CE/EAP/ARRBP01TENDERS2024/62,Construction of Bridge in Lakhimpur district i) Br. No. 2/1 on Rangchali to Kulamon Miri,Package No. CE/EAP/ARRBP/OCB/Bridge-1/Lakhimpur/15A Construction of Bridge in Lakhimpur district i) Br. No. 2/1 on Rangchali to Kulamon Miri,Works,Open Tender,Item Rate,Civil Works - Bridges,No,No,NA ,01-Jul-2025 06:00 PM,04-Jul-2025 11:00 AM ,180.0,No ,No,Online,28-Jul-2025 02:30 PM,Public Works Roads Department-Externally Aided Project||Public Works Road Department- World Bank Funded Tenders||Assam State Bridge Infrastructure Program,Lakhimpur,787001.0,2.0,"1,87,11,000",Sanjib Deka,"19,124,755",Rejected-Technical,18-Jun-2026,Public Works Roads Department-Externally Aided Project||Public Works Road Department- World Bank Funded Tenders||Assam State Bridge Infrastructure Program
2025_SCD_49657_2,Tender/NIT/Pt-I/2025-26/5725,RCC Water Distribution Canal From Niz Potala To Nagachuba Paddy Field under RIDF-XXXI,RCC Water Distribution Canal From Niz Potala To Nagachuba Paddy Field under RIDF-XXXI,Works,Open Tender,Item Rate,Civil Works,No,No,NA ,26-Dec-2025 10:00 AM,07-Jan-2026 12:00 PM ,180.0,No ,No,Online,19-Jan-2026 02:00 PM,Soil Conservation Department||Director - SCD,Udalguri S. C. Division,784509.0,2.0,"24,87,610",Sri Prasanta Kumar Deka,"2,238,849",Rejected-Technical,08-Jun-2026,Soil Conservation Department||Director - SCD
2025_NHM_46768_1,NHM-32049/3/2025-CONST,Construction of BPHU at Jengraimukh CHC in Majuli District under PM ABHIM for the FY 2025 26 under NHM Assam on Turnkey Basis Group no 6 1 no of Scheme in Majuli District,Construction of BPHU at Jengraimukh CHC in Majuli District under PM ABHIM for the FY 2025 26 under NHM Assam on Turnkey Basis Group no 6 1 no of Scheme in Majuli District,Works,Open Tender,Turn-key,Civil Works - Building,No,No,NA ,21-Aug-2025 12:00 PM,NA ,180.0,No ,No,Online,05-Sep-2025 03:30 PM,National Health Mission||State Programme Management Unit - NHM,Majuli,785105.0,2.0,"50,00,000",BASANTA RAJKHOWA,"4,999,993.13",Accepted-AOC,24-Jun-2026,National Health Mission||State Programme Management Unit - NHM
2025_PWD_45820_75,CE/STBR/SOPD-G/NIT/07/2025 26/1 Dated 26-06-2025,STBR/SOPD-G/Dhing -03/18 Reconstruction of road from (i) NB Road to Bochapori via Tatikata from Ch.0.00 m to Ch 1750.00 m (ii) NB Road to Magurmari ( Gayangaon to Brhmaputra Dyke ) form ch 0.00 m to ch.2000.00 m under Mukhya Mantrir Path Nabikaran Ac,STBR/SOPD-G/Dhing -03/18 Reconstruction of road from (i) NB Road to Bochapori via Tatikata from Ch.0.00 m to Ch 1750.00 m (ii) NB Road to Magurmari ( Gayangaon to Brhmaputra Dyke ) form ch 0.00 m to ch.2000.00 m under Mukhya Mantrir Path Nabikaran Ac,Works,Open Tender,Item Rate,Civil Works – Roads,No,No,NA ,30-Jul-2025 06:00 PM,31-Jul-2025 11:00 AM ,180.0,No ,No,Online,11-Aug-2025 11:00 AM,Public Works Roads Department,Dhing,782123.0,2.0,"1,19,27,000",KRISHNA KANTA KAKATI,"11,921,084",Rejected-AOC,29-Jun-2026,Public Works Roads Department
2026_PWBNH_50153_2,CE/TB-III(H_E)/40/2025/30 Dated Guwahati the 08/01/2026,Construction of New Building of 100 Secondary Schools under RIDF-XXXI (2025-26) for National HSS under Hojai DTBD ( Package-72),Construction of New Building of 100 Secondary Schools under RIDF-XXXI (2025-26) for National HSS under Hojai DTBD ( Package-72),Works,Open Tender,Item Rate,Civil Works - Building,No,No,NA ,12-Jan-2026 12:30 PM,13-Jan-2026 11:30 AM ,180.0,No ,No,Online,16-Jan-2026 03:00 PM,Public Works Building and NH Department||Chief Engineer-Building - PWBNH,Hojai,782435.0,2.0,"4,08,13,329",Rishabh Jain,"44,177,777",Accepted-AOC,17-Jun-2026,Public Works Building and NH Department||Chief Engineer-Building - PWBNH
2025_PWRDW_48462_3,CE/EAP/716719/03,Construction of Bridge in Udalguri District i) Br. No. 2/1 on Ambagaon Kubirali Road to South Hagramari,Package No. CE/EAP/ARRBP/OCB/Bridge-1/Udalguri/15 Construction of Bridge in Udalguri district i) Br. No. 2/1 on Ambagaon Kubirali Road to South Hagramari,Works,Open Tender,Item Rate,Civil Works - Bridges,No,No,NA ,07-Nov-2025 01:00 PM,13-Nov-2025 11:00 AM ,180.0,No ,No,Online,27-Nov-2025 02:30 PM,Public Works Roads Department-Externally Aided Project||Public Works Road Department- World Bank Funded Tenders||Assam State Bridge Infrastructure Program,Udalguri,784509.0,2.0,"1,44,74,000",Madhudwesh Kashyap Boruah,"13,604,249",Accepted-AOC,16-Jun-2026,Public Works Roads Department-Externally Aided Project||Public Works Road Department- World Bank Funded Tenders||Assam State Bridge Infrastructure Program
2025_PWD_45491_21,CE/Commn/16/2025-26/2,Demow/ SOPD/ 3,"Construction of Koronga road by providing ICBP under SOPD-G under Sivasagar Demow Territorial Road Division, for the year 2025-26",Works,Open Tender,Item Rate,Civil Works – Roads,No,No,NA ,10-Jul-2025 06:55 PM,18-Jul-2025 04:00 PM ,180.0,No ,No,Online,30-Jul-2025 02:30 PM,Public Works Roads Department,Demow,785662.0,2.0,"2,24,25,000",M/S East India Construction,"22,425,000",Accepted-AOC,16-Jun-2026,Public Works Roads Department
2026_ID_50492_1,SEKCI/NIT-1/2024-25/54 Date 22/01/2026,Solar MDTW (3 Pts) at PALASBARI LAC under SOPD-G for the year 2025-26,Solar MDTW (3 Pts) at PALASBARI LAC under SOPD-G for the year 2025-26,Works,Open Tender,Item Rate,Civil Works,No,No,NA ,24-Jan-2026 06:00 PM,NA ,180.0,No ,No,Online,16-Feb-2026 01:00 PM,Irrigation Department||Chief Engineer(Minor Irrigation)-Irrigation Dept||Kamrup Circle,PALASBARI,781125.0,2.0,"86,40,188",Deraj Saikia,"5,184,058",Rejected-AOC,02-Jun-2026,Irrigation Department||Chief Engineer(Minor Irrigation)-Irrigation Dept||Kamrup Circle
2026_BTC_52315_1,No.21/PWD/BTC/SOPD/26-27/05,"Construction of CC Block Road from Bagchalchuburi Bagan Chowk to Kubirabli Chowk under SOPD, BTC for the year 2025-26. (TN_02_02)","Construction of CC Block Road from Bagchalchuburi Bagan Chowk to Kubirabli Chowk under SOPD, BTC for the year 2025-26. (TN_02_02)",Works,Open Tender,Item Rate,Civil Works – Roads,No,No,NA ,13-May-2026 10:00 AM,NA ,180.0,No ,No,Online,04-Jun-2026 02:00 PM,Bodoland Territorial Council-PWD||Director Cum CHD - PWD BTC,Kokrajhar,783370.0,2.0,"2,49,99,976",MANAS DAS,"24,999,000",Accepted-AOC,19-Jun-2026,Bodoland Territorial Council-PWD||Director Cum CHD - PWD BTC
2025_PWRDW_49401_1,RFB No. 716719/10,Kamrup/26 i) Br. No. 13/1 on Lampara Goroimari Road,CE/EAP/ARRBP/OCB/Bridge1/Kamrup/26 Construction of Bridge in Kamrup district i) Br. No. 13/1 on Lampara Goroimari Road,Works,Open Tender,Item Rate,Civil Works - Bridges,No,No,NA ,16-Dec-2025 05:00 PM,23-Dec-2025 11:00 AM ,180.0,No ,No,Online,06-Jan-2026 02:30 PM,Public Works Roads Department-Externally Aided Project||Public Works Road Department- World Bank Funded Tenders||PWD (R) - ARRBP,Kamrup,781136.0,2.0,"1,42,14,000",M.D. ENGINEERS,"13,347,531",Rejected-Technical,19-Jun-2026,Public Works Roads Department-Externally Aided Project||Public Works Road Department- World Bank Funded Tenders||PWD (R) - ARRBP
2025_PWD_45491_20,CE/Commn/16/2025-26/2,Tinsukia/ SOPD/4,Construction of (i) R.S.S office Road Connecting (Womens College) (ii) Sasanpara Road (iii) Mahakali Nala Kinar Gaon Road including RCC Box Culvert under SOPD-G for the year 2025-26,Works,Open Tender,Item Rate,Civil Works – Roads,No,No,NA ,10-Jul-2025 06:55 PM,18-Jul-2025 04:00 PM ,180.0,No ,No,Online,30-Jul-2025 02:30 PM,Public Works Roads Department,Tinsukia,786125.0,2.0,"1,55,51,000",M/S S.C ENTERPRISE,"15,549,804",Accepted-AOC,10-Jun-2026,Public Works Roads Department
2025_PWD_47787_1,1105.0,1. Repairing of Approaches of Bridge No.14/1 on Bagals road (Kaya ) under SOPD-G for the year 2025-26 2. Repairing of Approaches of Bridge No.14/2 on Bagals Road (Chamukha) under SOPD-G for the year 2025-26,NKTRD(R)/ SOPD(G)/ 2025-26/09,Works,Open Tender,Item Rate,Civil Works – Roads,No,No,NA ,03-Oct-2025 11:00 AM,04-Oct-2025 12:00 PM ,180.0,No ,No,Online,15-Oct-2025 01:00 PM,Public Works Roads Department,Rangia LAC,781382.0,2.0,"8,20,000",JANMI RAM SALOI,"820,000",Accepted-AOC,26-Feb-2026,Public Works Roads Department
2025_PWD_46685_6,CE/DEV/TB/60/2025-26/13 Dtd- 31.07.2025,"MMPPNA_RIDF_XXXI_25_26_408 (1)Construction By ICBP Of road from Hamren Habe Dengja Sport complex to Tirkim village via Tisso Longjon, (2)Construction By ICBP of a road from PMGSY road to Tirkim Medical Sub-Centre, (3)Improvement of road from Ronghidi","MMPPNA_RIDF_XXXI_25_26_408 (1)Construction By ICBP Of road from Hamren Habe Dengja Sport complex to Tirkim village via Tisso Longjon, (2)Construction By ICBP of a road from PMGSY road to Tirkim Medical Sub-Centre, (3)Improvement of road from Ronghidi",Works,Open Tender,Item Rate,Civil Works – Roads,No,No,NA ,19-Aug-2025 06:00 PM,21-Aug-2025 12:00 PM ,180.0,No ,No,Online,09-Sep-2025 02:30 PM,Public Works Roads Department,Karbi Anglong,782410.0,2.0,"3,62,66,000",M/S N.N. CONSTRUCTION,"36,266,000",Rejected-Finance,09-Jun-2026,Public Works Roads Department
2025_PWD_49199_2,EE/DCLKT/NIT/SOPD-G/1/2025/7,(Group 2- Construction of 2 Nos Sonali Path (L 0.500 Km)) under Mukhya Mantrir Pakipath Nirman Achani (MMPPNA) under SOPD-G for the year 2025-26,"Construction of (i) Kushal Nagar Bye Lane-2 (L 0.100 Km), (ii) NH-37 to Moran Public High School Approach Road (L 0.120 Km), (iii) 2 No. Sonali Path (L 0.500 Km), (iv) 3 No. Sonali Path (L 1.00 Km), (v) NH-37 to Moran Commerce College Connecting Road",Works,Open Tender,Item Rate,Civil Works – Roads,No,No,NA ,28-Jan-2026 02:00 PM,NA ,180.0,No ,No,Online,07-Feb-2026 02:30 PM,Public Works Roads Department,Tingkhong,786612.0,2.0,"47,18,000",GULAP KONWAR,"4,718,000",Accepted-AOC,30-Jun-2026,Public Works Roads Department
2026_WPTBC_52480_1,SCDCTECHDWSC5,Infrastructure Development and Boundary Wall at Sadhani Bhawan Golaghat,Infrastructure Development and Boundary Wall at Sadhani Bhawan Golaghat,Works,Open Tender,Item Rate,Civil Works,No,No,NA ,22-May-2026 03:00 PM,NA ,180.0,No ,No,Online,02-Jun-2026 03:00 PM,Welfare of Plain Tribes and Backward Classes||Directorate of Welfare of Scheduled Caste||Assam State Development Corporation for SC,"Dispur,Ghy",781006.0,2.0,"25,00,000",PRATIM GOGOI,"2,500,000",Rejected-AOC,18-Jun-2026,Welfare of Plain Tribes and Backward Classes||Directorate of Welfare of Scheduled Caste||Assam State Development Corporation for SC
2026_PWBNH_51724_1,DDTBDD/CS/3/2025-26/2339,"Construction of Public Toilets in 05 (five) Border Villages viz. Raichapori Moderguri Kalita Gaon, Balideuri Gaon, Moderguri Mising Gaon, Balichapori Gaon, and Raidingia Gaon in Dhemaji District of Assam under RIDF-XXXI (2025-26)","Construction of Public Toilets in 05 (five) Border Villages viz. Raichapori Moderguri Kalita Gaon, Balideuri Gaon, Moderguri Mising Gaon, Balichapori Gaon, and Raidingia Gaon in Dhemaji District of Assam under RIDF-XXXI (2025-26)",Works,Open Tender,Item Rate,Civil Works - Building,No,No,NA ,06-Mar-2026 04:00 PM,NA ,180.0,No ,No,Online,28-Mar-2026 03:00 PM,Public Works Building and NH Department||Chief Engineer-Building - PWBNH||Lakhimpur Circle - PWBNH||Dhemaji District Territorial Building Division,Dhemaji,787057.0,2.0,"26,87,405",Ramen Saikia,"2,990,000.09",Rejected-AOC,03-Jun-2026,Public Works Building and NH Department||Chief Engineer-Building - PWBNH||Lakhimpur Circle - PWBNH||Dhemaji District Territorial Building Division
2025_PWD_44098_1,CE/EAP/ADRHARDP/ NIT/26/2025/14,CE/EAP/ADRHARDP/Corr_I/Pkg.3 Upgradation and 4_year maintenance of Corridor1 From Km 98.000_Thaiplungdisa to Km 122.000_Dikrangso,Package No. CE/EAP/ADRHARDP/Corr_I/Pkg.3 Upgradation and 4-year maintenance of Corridor_1 From Km 98.000 (Thaiplungdisa) to Km 122.000_Dikrangso_Excluding the section from Km 100.950 to Km 105.400_4.450 km under ADRHARDP,Works,Open Tender,Item Rate,Civil Works – Roads,No,No,NA ,19-Apr-2025 01:00 PM,29-Apr-2025 11:30 AM ,120.0,No ,No,Online,20-May-2025 02:30 PM,Public Works Roads Department,Dima Hasao,788819.0,2.0,,Anusha Projects Private Limited,"974,991,525",Rejected-AOC,13-Mar-2026,Public Works Roads Department
2025_PWBNH_41914_1,W-24/2009-10/Pt-1/5149 Dated.11-12-2024,Infrastructure Development of Amguri Natya Mondir.,Infrastructure Development of Amguri Natya Mondir.,Works,Open Tender,Works,Civil Works - Building,No,No,NA ,07-Jan-2025 09:00 AM,07-Jan-2025 11:00 AM ,270.0,No ,No,Online,18-Jan-2025 02:30 PM,Public Works Building and NH Department||Chief Engineer-Building - PWBNH||SE-Jorhat Circle - PWBNH||EE-Sivsagar Building Division - PWBNH,Sivasagar,785640.0,2.0,"47,42,135",Sri Harihar Deka,"4,969,890",Accepted-AOC,02-Jun-2026,Public Works Building and NH Department||Chief Engineer-Building - PWBNH||SE-Jorhat Circle - PWBNH||EE-Sivsagar Building Division - PWBNH
2026_AHVD_51673_1,E-763721/25-26/DFA/1653637/11,"Upgradation for automated layer Demo unit along with Manager Office building at District Poultry farm at Barikachuburi, Sonitpur District","Upgradation for automated layer Demo unit along with Manager Office building at District Poultry farm at Barikachuburi, Sonitpur District under RIDF XXXI",Works,Open Tender,Item Rate,Civil Works,No,No,NA ,05-Mar-2026 02:30 PM,09-Mar-2026 01:00 PM ,180.0,No ,No,Online,22-Apr-2026 02:00 PM,Animal Husbandry and Veterinary Department||Directorate of A.H. and Veterinary||Assam Livestock and Poultry Corporation Ltd.,Barikachuburi,781003.0,2.0,"2,71,66,814",APURBA KUMAR DEKA,"24,148,580",Accepted-AOC,17-Jun-2026,Animal Husbandry and Veterinary Department||Directorate of A.H. and Veterinary||Assam Livestock and Poultry Corporation Ltd.
2025_BTC_49319_1,No.ACE-22/PWD/NIT/GW/25-26/19,Construction of 2 Nos. of RCC Box Cell Bridge including approach road NH-31C to Taplajhora Ch.0.00m to Ch.600.00m by providing ICBP under CMs Goodwill Mission Project RIDF-XXXI for the year 2025-26. TN_67KOK_RIDF-XXXI-15,Construction of 2 Nos. of RCC Box Cell Bridge including approach road NH-31C to Taplajhora Ch.0.00m to Ch.600.00m by providing ICBP under CMs Goodwill Mission Project RIDF-XXXI for the year 2025-26. TN_67KOK_RIDF-XXXI-15,Works,Open Tender,Item Rate,Civil Works – Roads,No,No,NA ,15-Dec-2025 12:00 PM,NA ,180.0,No ,No,Online,07-Jan-2026 11:00 AM,Bodoland Territorial Council-PWD||Director Cum CHD - PWD BTC,Kokrajhar,783370.0,2.0,"1,50,00,000",LEELA MALOO,"14,999,120",Rejected-AOC,09-Jun-2026,Bodoland Territorial Council-PWD||Director Cum CHD - PWD BTC
2024_DHUA_39254_1,CE/H and UA/Tech/17/PT-III/22-23/104(3),Construction of 07 nos of Drains at Doomdooma MB under the scheme of Infrastructure Development in ULBs for FY 2023-24 (GR-III),Construction of 07 nos of Drains at Doomdooma MB under the scheme of Infrastructure Development in ULBs for FY 2023-24 (GR-III),Works,Open Tender,Item Rate,Civil Works,No,No,NA ,25-Sep-2024 04:00 PM,NA ,180.0,No ,No,Online,18-Oct-2024 03:00 PM,Department of Housing and Urban Affairs||Chief Engineer Technical Cell,Doomdooma,786151.0,2.0,"49,49,300",MS N.K CONSTRUCTION,"4,948,777",Accepted-AOC,16-Jun-2026,Department of Housing and Urban Affairs||Chief Engineer Technical Cell
2026_WPTBC_51517_1,PTDC/Engg/2024-25/376,"Administrative Approval for an amount of Rs. 1,11,36,000.00 only for Upgradation and Renovation of the building of Hostel No-03 of Nowgong Polytechnic, Nagaon under SOPD-ODS during the year 2023-24.","Administrative Approval for an amount of Rs. 1,11,36,000.00 only for Upgradation and Renovation of the building of Hostel No-03 of Nowgong Polytechnic, Nagaon under SOPD-ODS during the year 2023-24.",Works,Open Tender,Item Rate,Civil Works,No,No,NA ,26-Feb-2026 02:00 PM,02-Mar-2026 11:30 AM ,180.0,No ,No,Online,20-Mar-2026 03:00 PM,Welfare of Plain Tribes and Backward Classes||Director - WPT and BC||Assam Plains Tribes Development Corporation Ltd.,"Polytechnic, Nagaon",782003.0,2.0,"1,11,36,000",Dilip Kumar Bora,"11,136,000",Accepted-AOC,02-Jun-2026,Welfare of Plain Tribes and Backward Classes||Director - WPT and BC||Assam Plains Tribes Development Corporation Ltd.
2026_PWD_50189_8,EE/HDTRD/TB/95/2024-25/05,HDTRD/PDNA-22/8 Recovery and Reconstruction of Rajbari To Sankha Devi Mandir Road under NDRF(PDNA-2022) in Hojai District (Hojai LAC),HDTRD/PDNA-22/8 Recovery and Reconstruction of Rajbari To Sankha Devi Mandir Road under NDRF(PDNA-2022) in Hojai District (Hojai LAC),Works,Open Tender,Item Rate,Civil Works,No,No,NA ,14-Jan-2026 10:00 AM,17-Jan-2026 03:00 PM ,180.0,No ,No,Online,29-Jan-2026 02:30 PM,Public Works Roads Department,Hojai,782435.0,2.0,"34,65,000",M/S GANGOTRI ENTERPRISE,"3,450,000",Accepted-AOC,03-Jun-2026,Public Works Roads Department
2025_PWD_45926_108,CE/DEV/TB/60/2025-26/06 Dtd- 14.07.2025,"MMPPNA_RIDF_XXXI_25_26_155 Construction of road from (1) Malipara to Majpara Road, (2) Kahidoba Kakoijana Road to NH-117, (3) Natun Amtola to Tulungia Borghola Road via Bhatipara and (4) Ghilaguri Pt-II to Ghilaguri Pt-I Road under Mukhya Mantrir Pak","MMPPNA_RIDF_XXXI_25_26_155 Construction of road from (1) Malipara to Majpara Road, (2) Kahidoba Kakoijana Road to NH-117, (3) Natun Amtola to Tulungia Borghola Road via Bhatipara and (4) Ghilaguri Pt-II to Ghilaguri Pt-I Road under Mukhya Mantrir Pak",Works,Open Tender,Item Rate,Civil Works – Roads,No,No,NA ,30-Jul-2025 02:00 PM,04-Aug-2025 12:00 PM ,180.0,No ,No,Online,14-Aug-2025 02:30 PM,Public Works Roads Department,Abhayapuri,783384.0,2.0,"4,58,74,000",Ritu Kumar Das,"45,874,000",Accepted-AOC,26-Jun-2026,Public Works Roads Department
2025_PWD_45926_120,CE/DEV/TB/60/2025-26/06 Dtd- 14.07.2025,"MMPPNA_RIDF_XXXI_25_26_277 Construction of Road from (1) Udali Gaon PMGSY Road to Ranipukhuri PMGSY Road via Kachari Gaon (Ch. 0.00 m to 3100.00 m), (2) Majodali to Jaranigaon (Ch. 0.00 m to 4000.00 m) under Mukhya Mantrir Paki Path Nirman Achani (MM","MMPPNA_RIDF_XXXI_25_26_277 Construction of Road from (1) Udali Gaon PMGSY Road to Ranipukhuri PMGSY Road via Kachari Gaon (Ch. 0.00 m to 3100.00 m), (2) Majodali to Jaranigaon (Ch. 0.00 m to 4000.00 m) under Mukhya Mantrir Paki Path Nirman Achani (MM",Works,Open Tender,Item Rate,Civil Works – Roads,No,No,NA ,30-Jul-2025 05:00 PM,04-Aug-2025 12:00 PM ,180.0,No ,No,Online,14-Aug-2025 02:30 PM,Public Works Roads Department,Lumding,782447.0,2.0,"5,92,35,000",VARGOV TRAFFIC DEVICE SYSTEMS,"59,233,000",Rejected-Finance,05-Jun-2026,Public Works Roads Department
2026_PWD_51205_1,No.GRC/NIT/ 510./2021 -22/Pt.I/ 258 Dtd.12.02.2026,"KAM/KRC/SOPD(G)/2025-26/01 Imp of Alternate Road to MaaKamakhya Temple by Providing RCCBridge to Eliminate HairPinBend, RockFallProtection andImp of Junction at Entry Point under SOPD-G for theYear 2023.24.(Const of Permanent OfficeBuildingUnder JTRD","Imp of Alternate Road to Maa Kamakhya Temple by Providing RCCBridge to Eliminate HairPinBend, RockFallProtection andImp of Junction at Entry Point under SOPD-G for theYear 2023.24.(Const of Permanent Office Building Under JTRD NearBhutnath,Santipur)",Works,Open Tender,Item Rate,Civil Works - Building,No,No,NA ,17-Feb-2026 11:00 AM,21-Feb-2026 01:00 PM ,180.0,No ,No,Online,02-Mar-2026 03:00 PM,Public Works Roads Department,"Bhutnath,Santipur",781009.0,2.0,,ANIL DAS CONSTRUCTION PVT LTD,"12,411,214",Accepted-AOC,13-Mar-2026,Public Works Roads Department
2026_PWD_50566_12,T/CC/ETN/SIL/2025-26/1033(T),Recovery and Reconstruction of Road from Bairobi Bazar to Joragul Bazar via Manipuri Basti Ch. 0m to 1800 m under NDRF (PDNA-2022) for the year 2025-26 Sonai LAC,"Recovery and Reconstruction of Road from Bairobi Bazar to Joragul Bazar via Manipuri Basti Ch. 0m to 1800 m under NDRF (PDNA-2022) for the year 2025-26 Sonai LAC, P/No.SE/SONAI/NDRF(PDNA-2022)/25-26/12",Works,Open Tender,Item Rate,Civil Works – Roads,No,No,NA ,28-Jan-2026 09:00 AM,04-Feb-2026 02:00 PM ,180.0,No ,No,Online,07-Feb-2026 03:10 PM,Public Works Roads Department,Cachar District.,788815.0,2.0,"29,99,900",Rupam Saha,"2,999,900",Accepted-AOC,24-Jun-2026,Public Works Roads Department
2025_PWRDW_45485_7,CE/EAP/ARRBP01TENDERS2024/66A,Construction of Bridges in Nalbari district i) Br. No. 3/1 on Bagals Road over Satirkur Jaan ii) Br. No. 1/1 on Bangaon Gohain Kamal Ali on Dimlajaan,CE/EAP/ARRBP/OCB/Bridges-2/Nalbari/13 Construction of Bridges in Nalbari district i) Br. No. 3/1 on Bagals Road over Satirkur Jaan ii) Br. No. 1/1 on Bangaon Gohain Kamal Ali on Dimlajaan,Works,Open Tender,Item Rate,Civil Works - Bridges,No,No,NA ,11-Jul-2025 09:00 AM,18-Jul-2025 11:00 AM ,180.0,No ,No,Online,11-Aug-2025 02:30 PM,Public Works Roads Department-Externally Aided Project||Public Works Road Department- World Bank Funded Tenders||Assam State Bridge Infrastructure Program,Nalbari,781335.0,2.0,"1,67,81,000",JYOTI PRAKASH BAISHYA,"15,487,296",Accepted-AOC,23-Jun-2026,Public Works Roads Department-Externally Aided Project||Public Works Road Department- World Bank Funded Tenders||Assam State Bridge Infrastructure Program
2025_ICD_43812_1,C AND P/SS FITTINGS/2025-26/01,"SUPPLY, INSTALLATION AND TESTING OF SS TUBING AND FITTINGS","SUPPLY, INSTALLATION AND TESTING OF SS TUBING AND FITTINGS",Goods,Open Tender,Buy,Supply of Materials,No,No,NA ,27-Mar-2025 04:30 PM,08-Apr-2025 11:00 AM ,120.0,No ,No,Online,22-Apr-2025 02:30 PM,Industries and Commerce Department||Assam Gas Company Ltd - ICD,Duliajan,786602.0,2.0,,OVAL PROJECTS ENGINEERING PRIVATE LIMITED,"38,247,322.89",Accepted-AOC,24-Jun-2026,Industries and Commerce Department||Assam Gas Company Ltd - ICD
2025_UDD_48561_2,JMB/1554,Improvement and beautification 1 No. Sonari Gaon pond in ward no. 15,Improvement and beautification 1 No. Sonari Gaon pond in ward no. 15,Works,Open Tender,Percentage,Civil Works - Others,No,No,NA ,12-Nov-2025 04:00 PM,04-Dec-2025 01:00 PM ,180.0,No ,No,Online,16-Dec-2025 01:00 PM,Urban Development Department||Directorate of Municipality Administration - UDD||Jorhat Municipal Board,Jorhat,785001.0,2.0,"53,11,850",Sarabjit Singh Matharu,"4,780,665",Rejected-Technical,10-Jun-2026,Urban Development Department||Directorate of Municipality Administration - UDD||Jorhat Municipal Board
2026_PWD_50168_35,BSPTRD/TECH/PDNA/168/2025-26,BSPTRD/PDNA/2025-26/35,Recovery and Reconstruction of Sanekura to Cheki via Daulorpathar PMGSY road (AS-01-326) under NDRF(PDNA - 2022) for the year 2025-26,Works,Open Tender,Item Rate,Civil Works – Roads,No,No,NA ,13-Jan-2026 10:00 AM,NA ,180.0,No ,No,Online,02-Feb-2026 02:00 PM,Public Works Roads Department,Barpeta Road,781315.0,2.0,"25,00,000",Prasanta Bayan,"2,000,000",Rejected-AOC,26-Jun-2026,Public Works Roads Department
2026_PWD_50648_2,EE/HDTRD/TB/95/2024-25/06,"HDTRD/PDNA-22/9 Recovery and Reconstruction of (i) Radhanagar To Kumurakata (Ch 0.00m to Ch.4700.00m), (ii) Hojai Tumpreng Road To Kumurakata No-1 Road (Ch 0.00m to Ch.1500.00m) under NDRF (PDNA-2022) in Hojai District (Hojai LAC)","Recovery and Reconstruction of (i) Radhanagar To Kumurakata (Ch 0.00m to Ch.4700.00m), (ii) Hojai Tumpreng Road To Kumurakata No-1 Road (Ch 0.00m to Ch.1500.00m) under NDRF (PDNA-2022) in Hojai District (Hojai LAC)",Works,Open Tender,Item Rate,Civil Works,No,No,NA ,02-Feb-2026 10:00 AM,03-Feb-2026 03:00 PM ,180.0,No ,No,Online,09-Feb-2026 02:30 PM,Public Works Roads Department,Hojai,782435.0,2.0,"50,72,000",MAINUL HAQUE,"5,071,181",Accepted-AOC,04-Jun-2026,Public Works Roads Department
2026_HFWD_52587_1,AMSC-IT0PROC/18/2026-ITLOG,"PROCUREMENT OF INDELIBLE INK POLIO MARKER PEN, CHALK PENCILS, VIAL OPENER AND ZIPPER BAG","PROCUREMENT OF INDELIBLE INK POLIO MARKER PEN, CHALK PENCILS, VIAL OPENER AND ZIPPER BAG",Goods,Open Tender,Item Wise,Stationery,No,No,NA ,02-Jun-2026 06:00 PM,05-Jun-2026 04:00 PM ,180.0,No ,No,Online,09-Jun-2026 04:30 PM,Health and Family Welfare Department||Assam Medical Services Corporation Limited,AMSCL,781026.0,2.0,"38,00,000",TRIUMPH,"1,719,600",Accepted-AOC,29-Jun-2026,Health and Family Welfare Department||Assam Medical Services Corporation Limited
2026_PWRDW_50657_6,EAP/ARRBP/02/TENDERS/2024/60,ARRBP/OCB/Bridge 1/Kokrajhar/19 R.C.C Br No 1by1 Gossaigaon supkata road to oxiguri village,CE/EAP/ARRBP/OCB/Bridge 1/Kokrajhar/19 R.C.C Br No 1by1 Gossaigaon supkata road to oxiguri village,Works,Open Tender,Item Rate,Civil Works - Bridges,No,No,NA ,03-Feb-2026 09:00 AM,10-Feb-2026 11:00 AM ,180.0,No ,No,Online,17-Feb-2026 02:30 PM,Public Works Roads Department-Externally Aided Project||Public Works Road Department- World Bank Funded Tenders||Assam State Bridge Infrastructure Program,Kokrajhar district,783370.0,2.0,"1,90,57,000",AMIR UDDIN KHAN,"19,012,200",Rejected-Technical,26-Jun-2026,Public Works Roads Department-Externally Aided Project||Public Works Road Department- World Bank Funded Tenders||Assam State Bridge Infrastructure Program
2025_DoWR_49448_1,UDALGURI/2025-16/SOPD-G/II,"Anti Erosion (A/E) measures to protect Golondi river on its R/B at Kajiya mati Barigaon, Daifam barigaon and Hazaragaon area in Udalguri district.","Anti Erosion (A/E) measures to protect Golondi river on its R/B at Kajiya mati Barigaon, Daifam barigaon and Hazaragaon area in Udalguri district.",Works,Open Tender,Works,Civil Works,No,No,NA ,18-Dec-2025 01:00 PM,NA ,180.0,No ,No,Online,02-Jan-2026 03:00 PM,Department of Water Resources||Chief Engineer - DoWR,UDALGURI,784509.0,2.0,"2,99,96,388",Sri Bishnu Basumatary,"29,996,388.28",Rejected-AOC,06-Jun-2026,Department of Water Resources||Chief Engineer - DoWR
2026_PWD_50168_37,BSPTRD/TECH/PDNA/168/2025-26,BSPTRD/PDNA/2025-26/37,Recovery and Reconstruction of OBK to Barvitha Barkur road under NDRF(PDNA - 2022) for the year 2025-26,Works,Open Tender,Item Rate,Civil Works – Roads,No,No,NA ,13-Jan-2026 10:00 AM,NA ,180.0,No ,No,Online,02-Feb-2026 02:00 PM,Public Works Roads Department,Barpeta Road,781315.0,2.0,"30,03,000",Prasanta Bayan,"2,402,400",Rejected-Finance,26-Jun-2026,Public Works Roads Department
2026_APDCL_50178_2,CGM(Audit)/IA/APDCL/2023/05/P1,Appointment of CA/CMA firms for internal audit PKG 2,Appointment of CA/CMA firms for conducting the internal audit for the financial year 202526 on half yearly basis PKG2,Services,Open Tender,Lump-sum,Miscellaneous Services,No,No,NA ,12-Jan-2026 02:30 PM,17-Jan-2026 03:00 PM ,180.0,No ,No,Online,30-Jan-2026 11:00 AM,Assam Power Distribution Company Ltd||CGM(Audit) - APDCL,Assam,781001.0,2.0,"8,00,040",Hari Singh and Associates,"782,372",Rejected-Finance,27-Feb-2026,Assam Power Distribution Company Ltd||CGM(Audit) - APDCL
2026_GMC_49943_1,GER/CE/2505/2025/34 Dated_30/12/2025,Construction of Community Hall under Ward No.12,Construction of Various Community Hall under Guwahati Municipal Corporation,Works,Open Tender,Lump-sum,Civil Works,No,No,NA ,05-Jan-2026 04:00 PM,06-Jan-2026 12:00 PM ,120.0,No ,No,Online,29-Jan-2026 02:30 PM,Guwahati Municipal Corporation,Guwahati,781006.0,2.0,,Rakib Hussain,"1,760,000",Rejected-Technical,16-Jun-2026,Guwahati Municipal Corporation
2025_NHM_48056_1,No. NHM/ECF/279165,Construction of Buildingless Sub Health Centre at Duhalia SC in Karimganj District under PM ABHIM for FY 2022 23 under NHM Assam on Turnkey Basis,Construction of Buildingless Sub Health Centre at Duhalia SC in Karimganj District under PM ABHIM for FY 2022 23 under NHM Assam on Turnkey Basis,Works,Open Tender,Turn-key,Civil Works - Building,No,No,NA ,15-Oct-2025 01:00 PM,NA ,180.0,No ,No,Online,04-Nov-2025 03:30 PM,National Health Mission||State Programme Management Unit - NHM,Karimganj,788710.0,2.0,"52,03,000",KAIZAR HUSSAIN,"5,202,000",Rejected-Finance,24-Jun-2026,National Health Mission||State Programme Management Unit - NHM
2025_PWD_45926_17,CE/DEV/TB/60/2025-26/06 Dtd- 14.07.2025,"MMPPNA_RIDF_XXXI_25_26_160 Construction of (1) Johamari to Bogapani Village Road including cross drainage works, (2) Botola Village Road including Cross drainage Works under Mukhya Mantrir Paki Path Nirman Achani (MMPPNA) under RIDF-XXXI of NABARD fo","MMPPNA_RIDF_XXXI_25_26_160 Construction of (1) Johamari to Bogapani Village Road including cross drainage works, (2) Botola Village Road including Cross drainage Works under Mukhya Mantrir Paki Path Nirman Achani (MMPPNA) under RIDF-XXXI of NABARD fo",Works,Open Tender,Item Rate,Civil Works – Roads,No,No,NA ,26-Jul-2025 06:00 PM,04-Aug-2025 12:00 PM ,180.0,No ,No,Online,14-Aug-2025 02:30 PM,Public Works Roads Department,Barchalla,782103.0,2.0,"2,82,79,000",Khaneswar Boro,"28,278,000",Accepted-AOC,12-Jun-2026,Public Works Roads Department
2025_PWD_47700_1,CE/STBR/II/45/2024-25/06 Dated 24/09/2025,ROB/QC/UDALGURI/RM-33 Construction of ROB at LC Gate No. RM-33 at Rly KM-60/7-8 on Golma Chowk to Mission Chariali Road in Udalguri District of Assam under Construction of ROBs on 50_50 Cost Sharing Basis,ROB/QC/UDALGURI/RM-33 Construction of ROB at LC Gate No. RM-33 at Rly KM-60/7-8 on Golma Chowk to Mission Chariali Road in Udalguri District of Assam under Construction of ROBs on 50_50 Cost Sharing Basis,Works,Open Tender,Item Rate,Civil Works – Roads,No,No,NA ,26-Sep-2025 10:30 AM,06-Oct-2025 11:00 AM ,180.0,No ,No,Online,16-Oct-2025 04:00 PM,Public Works Roads Department,Udalguri,784509.0,2.0,"56,69,000",Prakalpa Civil Design Consultancy Pvt. Ltd.,"5,650,000",Rejected-AOC,29-Jun-2026,Public Works Roads Department
2025_DoIT_43926_1,AEDC/AS/2024-25/006,Supply and Installation of Network and security components,Supply and Installation of Network and security components,Services,Open Tender,Item Wise,Information Technology,No,No,NA ,02-Apr-2025 03:00 PM,NA ,180.0,No ,No,Online,16-May-2025 11:30 AM,Principal Secretary-Department of Information Technology||Assam Electronics Development Corporation Ltd-DoIT,Guwahati,781021.0,2.0,,Mayush IT Services Private Limited,"65,322,074",Rejected-Technical,05-Jun-2026,Principal Secretary-Department of Information Technology||Assam Electronics Development Corporation Ltd-DoIT
2025_PWD_45818_66,CE/Commn/16/2025-26/04,Dibrugarh/MMPPNA/09,"Constn. /Imp.of road Surjya Path, Aarohan path, Gorokhia path, Lilabotibylanes, Salpha patty, Hatimura sub-centre road, Development C-lane, Tekela Chiring Gaon Namghar Path under MukhyaMantrir Paki Path Nirman Achani (MMPPNA) under SOPD-G",Works,Open Tender,Item Rate,Civil Works – Roads,No,No,NA ,24-Jul-2025 06:00 PM,28-Jul-2025 04:00 PM ,180.0,No ,No,Online,11-Aug-2025 02:30 PM,Public Works Roads Department,Dibrugarh,786001.0,2.0,"1,61,26,000",Sri Shyamal Kumar Gogoi,"16,125,991.65",Rejected-AOC,16-Jun-2026,Public Works Roads Department
2025_NHM_48972_3,NHM/I/1274327/2025,"Construction of Sub Centres with Prefabricated steel structure , brick work in foundation, 112 mm thick brick walling at various places of Assam under NHM on Turn Key Basis, pkg no. NSC-G2 (Balance work of 4 nos.of SC in Goalpara District.","Construction of Sub Centres with Prefabricated steel structure , brick work in foundation, 112 mm thick brick walling at various places of Assam under NHM on Turn Key Basis, pkg no. NSC-G2 (Balance work of 4 nos. of SC in Goalpara District.",Works,Open Tender,Item Rate,Civil Works,No,No,NA ,01-Dec-2025 05:00 PM,NA ,225.0,No ,No,Online,22-Dec-2025 03:30 PM,National Health Mission||State Programme Management Unit - NHM,Goalpara,783101.0,2.0,"41,57,329",M/SMILIJULI ENTERPRISE,"4,156,949.25",Accepted-AOC,08-Jun-2026,National Health Mission||State Programme Management Unit - NHM
2025_ICD_49088_1,C and P/RB and C/25-26/03,TRANSPORTATION OF CNG THROUGH CNG FUELLED HEAVY COMMERCIAL VEHICLE,TRANSPORTATION OF CNG THROUGH CNG FUELLED HEAVY COMMERCIAL VEHICLE,Services,Open Tender,Works,Miscellaneous Services,No,No,NA ,06-Dec-2025 01:00 PM,15-Dec-2025 11:00 AM ,120.0,No ,No,Online,06-Jan-2026 10:30 AM,Industries and Commerce Department||Assam Gas Company Ltd - ICD,Operational areas of AGCL,786602.0,2.0,,M/s DHARAM CHAND JAIN,"13,842,681.3",Rejected-Finance,03-Jun-2026,Industries and Commerce Department||Assam Gas Company Ltd - ICD
2025_PWRDW_48965_16,EAP/ARRBP/02/TENDERS/2024/57,Bridge1/Barpeta/30 Bridge No. 3/1 on NH31 to Gapal Ata Satra Road.,CE/EAP/ARRBP/OCB/Bridge1/Barpeta/30 Construction of Bridge in Barpeta/30 district Bridge No. 3/1 on NH31 to Gapal Ata Satra Road.,Works,Open Tender,Item Rate,Civil Works - Bridges,No,No,NA ,05-Dec-2025 06:55 PM,10-Dec-2025 11:00 AM ,90.0,No ,No,Online,24-Dec-2025 02:30 PM,Public Works Roads Department-Externally Aided Project||Public Works Road Department- World Bank Funded Tenders||Assam State Bridge Infrastructure Program,Barpeta District,781301.0,2.0,"3,53,56,700",M/S Competent Infrastructure & Consulting Pvt. Ltd,"36,880,000",Rejected-Finance,22-Jun-2026,Public Works Roads Department-Externally Aided Project||Public Works Road Department- World Bank Funded Tenders||Assam State Bridge Infrastructure Program
2025_DoWR_49789_1,SRIBHUMI/2025-26/PDNA/WORK/II,Restoration of flood damaged embankment at different reaches on the L/B of river Borak.,Restoration of flood damaged embankment at different reaches on the L/B of river Borak.,Works,Open Tender,Works,Civil Works,No,No,NA ,31-Dec-2025 02:00 PM,NA ,180.0,No ,No,Online,13-Jan-2026 03:00 PM,Department of Water Resources||Chief Engineer - DoWR,SRIBHUMI,781034.0,2.0,"2,18,97,782",MOINUL HOQUE,"21,893,909.99",Accepted-AOC,02-Jun-2026,Department of Water Resources||Chief Engineer - DoWR
2025_PWRDW_49401_3,RFB No. 716719/10,Baksa/09 i) Br. No. 1/1 on Garbhitar HS to Bherbheri Road,CE/EAP/ARRBP/OCB/Bridge1/Baksa/09 Construction of Bridge in Baksa district i) Br. No. 1/1 on Garbhitar HS to Bherbheri Road,Works,Open Tender,Item Rate,Civil Works - Bridges,No,No,NA ,16-Dec-2025 05:30 PM,23-Dec-2025 11:00 AM ,180.0,No ,No,Online,06-Jan-2026 02:30 PM,Public Works Roads Department-Externally Aided Project||Public Works Road Department- World Bank Funded Tenders||PWD (R) - ARRBP,Baksa,781346.0,2.0,"3,93,35,000",Nipul Kalita,"35,200,000.67",Rejected-Finance,09-Jun-2026,Public Works Roads Department-Externally Aided Project||Public Works Road Department- World Bank Funded Tenders||PWD (R) - ARRBP
2025_PWD_49735_1,CE/Comm/192/25-26/9Bajali-4,PDNA/Bajali/04,R and R of 1)Malipara to Pathsala Railway gate 2)Barkur to Charalpara 3)Nelona Belona rd 4) Cheuni Chariali to Naosali 5)OBK to Barvitha Barkur rd 6)Pathsala Gulibandha rd (7)Hakartup Ghatgaon rd (8) NH-31 to Dumuria rd NDRF(PDNA-2022) for 25 -26.,Works,Open Tender,Item Rate,Civil Works – Roads,No,No,NA ,30-Dec-2025 03:00 PM,NA ,180.0,No ,No,Online,08-Jan-2026 02:10 PM,Public Works Roads Department||CE PWD(R) - PWD||Traffic Engineering Cell - PWD,Bajali,781325.0,2.0,"1,40,70,500",UGPB Construction,"14,063,000",Rejected-AOC,05-Jun-2026,Public Works Roads Department||CE PWD(R) - PWD||Traffic Engineering Cell - PWD
2026_PWBNH_50153_1,CE/TB-III(H_E)/40/2025/30 Dated Guwahati the 08/01/2026,"Construction of New Building of 100 Secondary Schools under RIDF-XXXI (2025-26) for Jamunamukh HSS under Kaliabor, Samaguri, Barhampur and Rupohihat TBD ( Package-70)","Construction of New Building of 100 Secondary Schools under RIDF-XXXI (2025-26) for Jamunamukh HSS under Kaliabor, Samaguri, Barhampur and Rupohihat TBD ( Package-70)",Works,Open Tender,Item Rate,Civil Works - Building,No,No,NA ,12-Jan-2026 12:30 PM,13-Jan-2026 11:30 AM ,180.0,No ,No,Online,16-Jan-2026 03:00 PM,Public Works Building and NH Department||Chief Engineer-Building - PWBNH,Kaliabor,782137.0,2.0,"4,08,13,329",Rishabh Jain,"44,177,777",Accepted-AOC,17-Jun-2026,Public Works Building and NH Department||Chief Engineer-Building - PWBNH
2026_PWD_49922_19,Tech/NDTRD/NIT/1028/4212 dated 03.01.2026,Tihu_PDNA_2025-26_31,Recovery and Reconstruction of Purni to Borpit road under NDRF (PDNA-2022) for the year 2025-26.,Works,Open Tender,Item Rate,Civil Works – Roads,No,No,NA ,08-Jan-2026 10:30 AM,NA ,180.0,No ,No,Online,21-Jan-2026 10:30 AM,Public Works Roads Department,Nalbari,781335.0,2.0,"49,98,000",APURBA BEZBARUAH,"3,998,400",Accepted-AOC,10-Jun-2026,Public Works Roads Department
2026_BTC_52333_1,No.62/ACE/NIT/BTC/2026-27/05,"Construction of RCC Drain and CD works including Approaches at Quarter of BTC Secretariat Complex, Kokrajhar under SOPD (BTC) for the year 2025-26. TN_01_01","Construction of RCC Drain and CD works including Approaches at Quarter of BTC Secretariat Complex, Kokrajhar under SOPD (BTC) for the year 2025-26. TN_01_01",Works,Open Tender,Item Rate,Civil Works – Roads,No,No,NA ,15-May-2026 10:00 AM,NA ,180.0,No ,No,Online,08-Jun-2026 02:00 PM,Bodoland Territorial Council-PWD||Director Cum CHD - PWD BTC,Kokrajhar,783370.0,2.0,"6,42,05,192",MAX MILAN DAIMARY,"64,205,000",Rejected-AOC,23-Jun-2026,Bodoland Territorial Council-PWD||Director Cum CHD - PWD BTC
2026_PWD_49922_18,Tech/NDTRD/NIT/1028/4212 dated 03.01.2026,Tihu_PDNA_2025-26_30,Recovery and Reconstruction of Billeswar Moktab to BBB road (Back side of Belsor PS) under NDRF (PDNA-2022) for the year 2025-26. (Construction of Slab Culvert).,Works,Open Tender,Item Rate,Civil Works – Roads,No,No,NA ,08-Jan-2026 10:30 AM,NA ,180.0,No ,No,Online,21-Jan-2026 10:30 AM,Public Works Roads Department,Nalbari,781335.0,2.0,"20,00,000",SRI BIMAN JYOTI DEKA,"1,800,000",Not Admitted-Fee/PreQual/Technical,08-Jun-2026,Public Works Roads Department
2025_PWD_46685_5,CE/DEV/TB/60/2025-26/13 Dtd- 31.07.2025,"MMPPNA_RIDF_XXXI_25_26_407 Construction By ICBP of a road from(1) CRIF road to PKB road New mission, (2) UH road to Pator Gaon, (3)Hamren Mission to UH road under MMPPNA of RIDF-XXXI for the year 2025-26","MMPPNA_RIDF_XXXI_25_26_407 Construction By ICBP of a road from(1) CRIF road to PKB road New mission, (2) UH road to Pator Gaon, (3)Hamren Mission to UH road under MMPPNA of RIDF-XXXI for the year 2025-26",Works,Open Tender,Item Rate,Civil Works – Roads,No,No,NA ,19-Aug-2025 06:00 PM,21-Aug-2025 12:00 PM ,180.0,No ,No,Online,09-Sep-2025 02:30 PM,Public Works Roads Department,Karbi Anglong,782410.0,2.0,"3,37,58,000",M/S N.N. CONSTRUCTION,"33,758,000",Rejected-Finance,09-Jun-2026,Public Works Roads Department
2025_PWD_45498_13,CE/Commn/16/2025-26/03,Bokakhat / SOPD/ 6,Improvement of GWC Road from 1) 3rd KM of Kamalamiriali to Kanfalla gaon. 2) Kamalamiriali to Talsibar gaon road for the year 2025-26 under SOPD(G) under Bokakhat and Dergaon TRD,Works,Open Tender,Item Rate,Civil Works – Roads,No,No,NA ,14-Jul-2025 05:00 PM,18-Jul-2025 04:00 PM ,180.0,No ,No,Online,20-Aug-2025 02:30 PM,Public Works Roads Department,Bokakhat,785612.0,2.0,"1,08,93,700",Sri Amal Hazarika,"10,892,000",Rejected-AOC,23-Jun-2026,Public Works Roads Department
2025_PWRDW_49401_2,RFB No. 716719/10,Nalbari/17 i) Br. No. 2/1 on Baragra Shiva Than Chowk to Namati Natun Bazar via Binapani LP School,CE/EAP/ARRBP/OCB/Bridge1/Nalbari/17 Construction of Bridge in Nalbari district i) Br. No. 2/1 on Baragra Shiva Than Chowk to Namati Natun Bazar via Binapani LP School,Works,Open Tender,Item Rate,Civil Works - Bridges,No,No,NA ,16-Dec-2025 05:30 PM,23-Dec-2025 11:00 AM ,180.0,No ,No,Online,06-Jan-2026 02:30 PM,Public Works Roads Department-Externally Aided Project||Public Works Road Department- World Bank Funded Tenders||PWD (R) - ARRBP,Nalbari,781126.0,2.0,"2,44,53,000",Dhaneswar Kalita,"21,763,170",Rejected-Finance,11-Jun-2026,Public Works Roads Department-Externally Aided Project||Public Works Road Department- World Bank Funded Tenders||PWD (R) - ARRBP
2026_PWD_49922_8,Tech/NDTRD/NIT/1028/4212 dated 03.01.2026,Nalbari_PDNA_2025-26_20,Recovery and Reconstruction of Nalbari Bahjani to Pub Kalakuchi Road at Mornoipar under NDRF (PDNA-2022) for the year 2025-26.,Works,Open Tender,Item Rate,Civil Works – Roads,No,No,NA ,08-Jan-2026 10:30 AM,NA ,180.0,No ,No,Online,21-Jan-2026 10:30 AM,Public Works Roads Department,Nalbari,781335.0,2.0,"39,99,000",JOHNTI AHMED,"3,399,150",Accepted-AOC,29-Jun-2026,Public Works Roads Department
2025_PWD_45820_111,CE/STBR/SOPD-G/NIT/07/2025 26/1 Dated 26-06-2025,STBR/SOPD-G/Jalukbari -14/53 Improvement of Lakhidhar Baruah Path under SOPD-G for the year 2025-26,STBR/SOPD-G/Jalukbari -14/53 Improvement of Lakhidhar Baruah Path under SOPD-G for the year 2025-26,Works,Open Tender,Item Rate,Civil Works – Roads,No,No,NA ,02-Aug-2025 12:00 PM,04-Aug-2025 11:00 AM ,180.0,No ,No,Online,19-Aug-2025 11:00 AM,Public Works Roads Department,Jalukbari,781013.0,2.0,"1,17,14,000",Shining Marak,"11,713,957",Rejected-AOC,29-Jun-2026,Public Works Roads Department
2025_ICD_46144_1,NIT No. ECF No.678883/110,"Construction of Administrative Building and Boundary Wall at Industrial Estate, Tamulpur, Kumarikata, Assam",As per NIT,Works,Open Tender,Item Rate,Civil Works,No,No,NA ,04-Aug-2025 06:00 PM,NA ,180.0,No ,No,Online,10-Sep-2025 02:00 PM,Industries and Commerce Department||Assam Industrial Development Corporation Ltd - ICD,"Kumarikata, Tamulpur, Assam",781360.0,2.0,"5,66,15,869",Tech.Point Engineers,"45,549,807.62",Rejected-Technical,02-Jun-2026,Industries and Commerce Department||Assam Industrial Development Corporation Ltd - ICD
2025_DoWR_47294_1,KAMRUP METRO/2025-26/FFM/XI,Procurement of flood fighting materials (PSC Porcupine) for Water Resources Department for the year 2025-26 (BTAD W.R Zone) Ph-II.,Procurement of flood fighting materials (PSC Porcupine) for Water Resources Department for the year 2025-26 (BTAD W.R Zone) Ph-II.,Goods,Open Tender,Supply,Supply of Materials,No,No,NA ,04-Sep-2025 06:55 PM,NA ,180.0,No ,No,Online,24-Sep-2025 03:00 PM,Department of Water Resources||Chief Engineer - DoWR,KAMRUP METRO,781008.0,2.0,"1,12,58,900",Maniraj Brahma,"10,133,100",Accepted-AOC,26-Jun-2026,Department of Water Resources||Chief Engineer - DoWR
2026_BoTC_51159_1,ACE/CHDI/10/2025/21 dated 13/02/2026,"Construction of Inspection Banglow, Guest House, Boundary Wall and Garage near Suklai Head Works under Extension, Renovation and Modernization of (ERM), Sukla Irrigation Project under PMKSY-AIBP for the year 2021-22.","Construction of Inspection Banglow, Guest House, Boundary Wall and Garage near Suklai Head Works under Extension, Renovation and Modernization of ERM, Sukla Irrigation Project under PMKSY-AIBP for the year 2021-22.",Goods,Open Tender,Works,Civil Construction Goods,No,No,NA ,14-Feb-2026 06:00 PM,NA ,180.0,No ,No,Online,06-Mar-2026 04:30 PM,Bodoland Territorial Council||Irrigation-BTC,Suklai area,781366.0,2.0,"4,10,35,648",J D ASSOCIATES,"20,100,322",Accepted-AOC,16-Jun-2026,Bodoland Territorial Council||Irrigation-BTC
2026_PWD_51205_2,No.GRC/NIT/ 510./2021 -22/Pt.I/ 258 Dtd.12.02.2026,"KAM/KRC/SOPD(G)/2025-26/02 Imp ofAlternateRoad toMaaKamakhyaTemple byProvidingRCCBridge toEliminate HairPin Bend,Rock Fall Protection andImprovement of Junction at EntryPoint under SOPD-Gfor theYear2023.24.(Const ofBoundaryWall,Parking Area,StoreRoom","Imp ofAlternateRoad toMaaKamakhyaTemple byProvidingRCCBridge toEliminate HairPin Bend,Rock Fall Protection andImprovement of Junction at EntryPoint under SOPD-Gfor theYear2023.24.(Const ofBoundaryWall,Parking Area,Store RoomAndOtherAllied Works)",Works,Open Tender,Item Rate,Civil Works,No,No,NA ,17-Feb-2026 11:00 AM,21-Feb-2026 01:00 PM ,180.0,No ,No,Online,02-Mar-2026 03:00 PM,Public Works Roads Department,"Bhutnath,Santipur",781009.0,2.0,,ANIL DAS CONSTRUCTION PVT LTD,"12,149,000",Accepted-AOC,13-Mar-2026,Public Works Roads Department
2026_BTC_49870_1,No.ACE-106/PWD/IFB/PT-I/23-24,"Repairing and Renovation of Bodoland Darwar at Borbari, Baksa District 2025-26.TN_35_10_R_1","Repairing and Renovation of Bodoland Darwar at Borbari, Baksa District 2025-26.TN_35_10_R_1",Works,Open Tender,Item Rate,Civil Works - Building,No,No,NA ,03-Jan-2026 10:00 AM,NA ,180.0,No ,No,Online,22-Jan-2026 02:00 PM,Bodoland Territorial Council-PWD||Director Cum CHD - PWD BTC,Baksa,781327.0,2.0,"65,57,728",DIDWM BORO,"6,557,728",Rejected-AOC,19-Jun-2026,Bodoland Territorial Council-PWD||Director Cum CHD - PWD BTC
2026_PWD_50566_11,T/CC/ETN/SIL/2025-26/1033(T),Recovery and Reconstruction of Silchar Hailakandi Road at Silcoorie to Bairagitilla Road under NDRF (PDNA-2022) for the year 2025-26 Sonai LAC,"Recovery and Reconstruction of Silchar Hailakandi Road at Silcoorie to Bairagitilla Road under NDRF (PDNA-2022) for the year 2025-26 Sonai LAC, P/No.SE/SONAI/NDRF(PDNA-2022)/25-26/11",Works,Open Tender,Item Rate,Civil Works – Roads,No,No,NA ,28-Jan-2026 09:00 AM,04-Feb-2026 02:00 PM ,180.0,No ,No,Online,07-Feb-2026 03:10 PM,Public Works Roads Department,Cachar District.,788011.0,2.0,"28,38,400",ANSARUL HOQUE LASKAR,"2,819,662",Accepted-AOC,02-Jun-2026,Public Works Roads Department
2026_APDCL_50178_3,CGM(Audit)/IA/APDCL/2023/05/P1,Appointment of CA/CMA firms for internal audit PKG 3,Appointment of CA/CMA firms for conducting the internal audit for the financial year 202526 on half yearly basis PKG3,Services,Open Tender,Lump-sum,Miscellaneous Services,No,No,NA ,12-Jan-2026 03:35 PM,17-Jan-2026 03:00 PM ,180.0,No ,No,Online,30-Jan-2026 11:00 AM,Assam Power Distribution Company Ltd||CGM(Audit) - APDCL,Assam,781001.0,2.0,"6,70,000",BISWAS DASGUPTA DATTA AND ROY,"784,700",Accepted-AOC,27-Feb-2026,Assam Power Distribution Company Ltd||CGM(Audit) - APDCL
2026_PWD_52421_1,CS/JTRD/SOPD-G/7/2026-27,"Reconstruction of damaged portion of Kamakhya Temple Road by providing filling Potholes and patch repairing, painting Footpath Edges, Railing, Rail Post, Existing boulder wall, Road marking and Jungle clearing in view of Honble President of India","Reconstruction of damaged portion of Kamakhya Temple Road by providing filling Potholes and patch repairing, painting Footpath Edges, Railing, Rail Post, Existing boulder wall, Road marking and Jungle clearing in view of Honble President of India",Works,Open Tender,Item Wise,Civil Works – Roads,No,No,NA ,19-May-2026 03:00 PM,NA ,180.0,No ,No,Online,28-May-2026 02:00 PM,Public Works Roads Department,kamakhya,781012.0,2.0,"41,76,000",Mr Anjan Sarma,"4,175,874.52",Accepted-AOC,04-Jun-2026,Public Works Roads Department
2025_UDD_48561_1,JMB/1554,Improvement and beautification Atila Gaon pond in ward no. 16,Improvement and beautification Atila Gaon pond in ward no. 16,Works,Open Tender,Percentage,Civil Works - Others,No,No,NA ,12-Nov-2025 04:00 PM,04-Dec-2025 01:00 PM ,180.0,No ,No,Online,16-Dec-2025 01:00 PM,Urban Development Department||Directorate of Municipality Administration - UDD||Jorhat Municipal Board,Jorhat,785001.0,2.0,"49,94,000",Punjab Engineering Company,"4,494,600",Rejected-Technical,10-Jun-2026,Urban Development Department||Directorate of Municipality Administration - UDD||Jorhat Municipal Board
2026_PWD_50168_36,BSPTRD/TECH/PDNA/168/2025-26,BSPTRD/PDNA/2025-26/36,Recovery and Reconstruction approach of RCC Br. No 2/1 on swahid Khargeswar Talukdar road over Dikjira jan under NDRF(PDNA - 2022) for the year 2025-26,Works,Open Tender,Item Rate,Civil Works – Roads,No,No,NA ,13-Jan-2026 10:00 AM,NA ,180.0,No ,No,Online,02-Feb-2026 02:00 PM,Public Works Roads Department,Barpeta Road,781315.0,2.0,"10,00,000",Prasanta Bayan,"799,999.67",Rejected-Finance,26-Jun-2026,Public Works Roads Department
2026_PWRDW_50657_7,EAP/ARRBP/02/TENDERS/2024/60,ARRBP/OCB/Bridge 1/Barpeta/33 i) Br. No. 1by1 on Kalgachia to Kharballi Road,CE/EAP/ARRBP/OCB/Bridge 1/Barpeta/33 i) Br. No. 1by1 on Kalgachia to Kharballi Road,Works,Open Tender,Item Rate,Civil Works - Bridges,No,No,NA ,03-Feb-2026 03:00 PM,10-Feb-2026 11:00 AM ,180.0,No ,No,Online,17-Feb-2026 02:30 PM,Public Works Roads Department-Externally Aided Project||Public Works Road Department- World Bank Funded Tenders||Assam State Bridge Infrastructure Program,Barpeta district,781301.0,2.0,"24,65,79,000",M/s Macrocosm Builders,"258,736,110",Rejected-Technical,22-Jun-2026,Public Works Roads Department-Externally Aided Project||Public Works Road Department- World Bank Funded Tenders||Assam State Bridge Infrastructure Program
2026_PWD_50648_3,EE/HDTRD/TB/95/2024-25/06,HDTRD/PDNA-22/10 Recovery and Reconstruction of Pachim Amtola To Dighalbali Road under NDRF(PDNA-2022) in Hojai District (Hojai LAC),Recovery and Reconstruction of Pachim Amtola To Dighalbali Road under NDRF(PDNA-2022) in Hojai District (Hojai LAC),Works,Open Tender,Item Rate,Civil Works,No,No,NA ,02-Feb-2026 10:00 AM,03-Feb-2026 03:00 PM ,180.0,No ,No,Online,09-Feb-2026 02:30 PM,Public Works Roads Department,Hojai,782435.0,2.0,"47,54,000",SUMAN DAS,"4,753,985",Rejected-AOC,04-Jun-2026,Public Works Roads Department
2026_PWD_51087_1,NBRBTRD-245,"Construction of Road from Dimow Raidangia Road (Raidangia Dimow Chariali), Extension Dimow Raidangia Road (Dimow to Petboha) including Routine Maintenance for 4 Years under Mukhya Mantrir Pakipath Nirman Aachani for the year 2022-23 ,Raha LAC, Pac","Construction of Road from Dimow Raidangia Road (Raidangia Dimow Chariali), Extension Dimow Raidangia Road (Dimow to Petboha) including Routine Maintenance for 4 Years under Mukhya Mantrir Pakipath Nirman Aachani for the year 2022-23 ,Raha LAC, Pac",Works,Open Tender,Works,Civil Works – Roads,No,No,NA ,12-Feb-2026 04:00 PM,13-Feb-2026 01:00 PM ,180.0,No ,No,Online,18-Feb-2026 03:00 PM,Public Works Roads Department,Nagaon,782001.0,2.0,"93,29,800",Ashok Kr Agarwala,"9,327,566",Accepted-AOC,11-Jun-2026,Public Works Roads Department
2026_PWD_50413_1,BMCTRD/NDRF/2025-26/CHE-02,BMCTRD/NDRF/2025-26/CHE-02,Recovery and Reconstruction of Nagaon Khardhara road to Panisila under NDRF (PDNA-2022) for the year 2025-26,Works,Open Tender,Item Rate,Civil Works – Roads,No,No,NA ,21-Jan-2026 11:00 AM,NA ,180.0,No ,No,Online,03-Feb-2026 11:00 AM,Public Works Roads Department,Barpeta District,781301.0,2.0,"40,00,000",Harun Ali,"3,420,400",Rejected-Technical,19-Jun-2026,Public Works Roads Department
2025_BoTC_45242_1,DPRD/BTC/15th FC/UT(VIII)/Udl-09/2025/10,Const. of CC Block at Nalbari W/no.3 from Durga Upadhyay house to Bijay Kalita house under 15th FC (Untied Grant) BTC for the year 2023-24 during 2025-26.,DPRD/BTC/15th FC/UT(VIII)/Udl-09/2025/10,Works,Open Tender,Item Rate,Civil Works,No,No,NA ,30-Jun-2025 10:30 AM,NA ,180.0,No ,No,Online,15-Jul-2025 03:30 PM,Bodoland Territorial Council||Panchayat and Rural Development-BTC,Udalguri,784509.0,2.0,"23,00,000",Bijita Choudhury,"2,299,672",Accepted-AOC,30-Jul-2026,Bodoland Territorial Council||Panchayat and Rural Development-BTC
2025_NHM_49709_12,I/1373076/2025,"Construction of New PHC at Chiporsangon PHC in Hailakandi District under XV-FC Health Grant under NHM, Assam.","Construction of New PHC at Chiporsangon PHC in Hailakandi District under XV-FC Health Grant under NHM, Assam.",Works,Open Tender,Turn-key,Civil Works - Building,No,No,NA ,29-Dec-2025 06:00 PM,NA ,225.0,No ,No,Online,20-Jan-2026 03:30 PM,National Health Mission||State Programme Management Unit - NHM,Hailakandi,788151.0,2.0,"2,42,82,945",VICTORIA INFRATECH,"24,282,000",Rejected-Technical,02-Jun-2026,National Health Mission||State Programme Management Unit - NHM
2025_SCD_49657_15,Tender/NIT/Pt-I/2025-26/5725,Gully Control Project cum Water Harvesting Structure at Tengabari under RIDF-XXXI During The Year 2025-26,Gully Control Project cum Water Harvesting Structure at Tengabari under RIDF-XXXI During The Year 2025-26,Works,Open Tender,Item Rate,Civil Works,No,No,NA ,26-Dec-2025 10:50 AM,07-Jan-2026 12:00 PM ,180.0,No ,No,Online,19-Jan-2026 02:00 PM,Soil Conservation Department||Director - SCD,Darrang S. C. Division,784125.0,2.0,"59,71,500",SRI MANOJ KUMAR SARMA,"4,777,200",Rejected-Finance,26-Jun-2026,Soil Conservation Department||Director - SCD
2025_ICD_42955_1,TENDER/BOOT/GLHT/SUMP PUMP/2024/01,Supply Install and Commissioning of Sump Pump,Supply Install and Commissioning of Sump Pump,Goods,Open Tender,Works,Mechanical Engg Items,No,No,NA ,19-Feb-2025 04:00 PM,27-Feb-2025 12:00 PM ,180.0,No ,No,Online,05-May-2025 03:30 PM,Industries and Commerce Department||Assam Gas Company Ltd - ICD,"Rupkhelia, Golaghat",785621.0,2.0,,MASCOT DYNAMICS PVT. LTD.,"522,285.7",Rejected-Finance,06-Jun-2026,Industries and Commerce Department||Assam Gas Company Ltd - ICD
2026_PWRDW_50657_3,EAP/ARRBP/02/TENDERS/2024/60,ARRBP/OCB/Bridge 1/Dhubri/20 R.C.C Br no 1by1 on Gorerhat to Bhagaduli Road over Sadbhuni River Channel,CE/EAP/ARRBP/OCB/Bridge 1/Dhubri/20 R.C.C Br no 1by1 on Gorerhat to Bhagaduli Road over Sadbhuni River Channel,Works,Open Tender,Item Rate,Civil Works - Bridges,No,No,NA ,03-Feb-2026 09:00 AM,10-Feb-2026 11:00 AM ,180.0,No ,No,Online,17-Feb-2026 02:30 PM,Public Works Roads Department-Externally Aided Project||Public Works Road Department- World Bank Funded Tenders||Assam State Bridge Infrastructure Program,Dhubri district,783301.0,2.0,"1,41,05,000",ABUL FAZAL ABDULLAH,"14,808,839",Accepted-AOC,22-Jun-2026,Public Works Roads Department-Externally Aided Project||Public Works Road Department- World Bank Funded Tenders||Assam State Bridge Infrastructure Program
2025_DoWR_49385_1,SRIBHUMI/2025-26/SOPD-G/I,Anti-erosion measures to protect Patharkandi Town and Tapadarpara from the erosion of river Longai on its right bank.,Anti-erosion measures to protect Patharkandi Town and Tapadarpara from the erosion of river Longai on its right bank.,Works,Open Tender,Works,Civil Works,No,No,NA ,15-Dec-2025 06:55 PM,NA ,180.0,No ,No,Online,31-Dec-2025 03:00 PM,Department of Water Resources||Chief Engineer - DoWR,SRIBHUMI,788710.0,2.0,"7,92,07,368",MOINUL HOQUE,"79,171,776",Accepted-AOC,17-Jun-2026,Department of Water Resources||Chief Engineer - DoWR
2026_PWD_50566_15,T/CC/ETN/SIL/2025-26/1033(T),Recovery and Reconstruction of Road from Neairgram Fuljan Point (Bagpur Chowrangi) to Gangapur Road (Hatiluma Point) under NDRF (PDNA-2022) for the year 2025-26,"Recovery and Reconstruction of Road from Neairgram Fuljan Point (Bagpur Chowrangi) to Gangapur Road (Hatiluma Point) under NDRF (PDNA-2022) for the year 2025-26, P/No.SE/SONAI/NDRF(PDNA-2022)/25-26/15",Works,Open Tender,Item Rate,Civil Works – Roads,No,No,NA ,28-Jan-2026 09:00 AM,04-Feb-2026 02:00 PM ,180.0,No ,No,Online,07-Feb-2026 03:10 PM,Public Works Roads Department,Cachar District.,788101.0,2.0,"64,98,905",M/s BARAK CONSTRUCTION,"6,496,000",Rejected-AOC,26-Jun-2026,Public Works Roads Department
2026_ID_50158_1,EE/IRRI/BN/TB_33 E_2021-22_293 Dt.09/01/2026,Solar Powered Cart Mounted Multifunctional Irrigation Scheme including 2 Nos. of manual boring (2 HP) under Barkhetri LAC (5 No. Points) under SOPD-G for the year 2025-26,Solar Powered Cart Mounted Multifunctional Irrigation Scheme including 2 Nos. of manual boring (2 HP) under Barkhetri LAC (5 No. Points) under SOPD-G for the year 2025-26,Works,Open Tender,Item Rate,Civil Works,No,No,NA ,10-Jan-2026 12:40 PM,NA ,180.0,No ,No,Online,30-Jan-2026 03:00 PM,Irrigation Department||Chief Engineer(Major)-Irrigation Dept||Nalbari Circle,Mukalmua,781126.0,2.0,"21,69,390",DCON ENGINEERS & CONSTRUCTORS,"390,490",Rejected-Technical,25-Jun-2026,Irrigation Department||Chief Engineer(Major)-Irrigation Dept||Nalbari Circle
2025_GU_48519_1,Instr USIC/AssamTenders/2025/885 Date 10.11.2025,"Supply, Installation and Commissioning of Batteries 40 pcs for existing 15 KVA Online UPS 3Ph in and 3 Ph out under Buy-Back Mode","Supply, Installation and Commissioning of Batteries 40 pcs for existing 15 KVA Online UPS 3Ph in and 3 Ph out under Buy-Back Mode",Works,Open Tender,Item Rate,UPS,No,No,NA ,11-Nov-2025 04:00 PM,NA ,90.0,No ,No,Online,03-Dec-2025 03:30 PM,Gauhati University,Gauhati University,781014.0,2.0,,B2B SYstems and Solutions,"142,000",Rejected-Finance,03-Jun-2026,Gauhati University
2025_ICD_49785_1,C and P/INST/USM Meters/2025-26,Supply of Ultra Sonic Flow Meter with Inbuilt EVC with supervision of erections and commissioning support,Supply of Ultra Sonic Flow Meter with Inbuilt EVC with supervision of erections and commissioning support,Goods,Open Tender,Supply,Supply of Materials,No,No,NA ,31-Dec-2025 03:00 PM,06-Jan-2026 11:00 AM ,120.0,No ,No,Online,13-Feb-2026 02:00 PM,Industries and Commerce Department||Assam Gas Company Ltd - ICD,"AGCL Stores, Duliajan",786602.0,2.0,,Veenus Enterprises,"11,741,000",Rejected-Technical,16-Jun-2026,Industries and Commerce Department||Assam Gas Company Ltd - ICD
2025_PWD_45818_63,CE/Commn/16/2025-26/04,Dibrugarh/MMPPNA/05,"Constn. /Imp.of (i) DhekeriGaon road, (i) Ramdhenu path (iRamdhenu by lane 1 under MukhyaMantrir Paki Path Nirman Achani (MMPPNA) under SOPD-G for the year 2025-26.",Works,Open Tender,Item Rate,Civil Works – Roads,No,No,NA ,24-Jul-2025 06:00 PM,28-Jul-2025 04:00 PM ,180.0,No ,No,Online,11-Aug-2025 02:30 PM,Public Works Roads Department,Dibrugarh,786001.0,2.0,"1,26,94,000",ASHU DAS,"12,694,000",Rejected-AOC,16-Jun-2026,Public Works Roads Department
2025_PWD_46191_5,CE/DEV/TB/122/2025-26/1 Dtd- 01.08.2025,BTR_RIDF_XXXI_25_26_10 Construction of Road from Tamulbari to Umananda (from Ch. 0.00 km to 5.60 km) under RIDF-XXXI of NABARD for the year 2025-26.,BTR_RIDF_XXXI_25_26_10 Construction of Road from Tamulbari to Umananda (from Ch. 0.00 km to 5.60 km) under RIDF-XXXI of NABARD for the year 2025-26.,Works,Open Tender,Item Rate,Civil Works – Roads,No,No,NA ,06-Aug-2025 02:00 PM,11-Aug-2025 12:00 PM ,180.0,No ,No,Online,14-Aug-2025 02:30 PM,Public Works Roads Department,Bhergaon,784522.0,2.0,"5,49,35,000",M/S ZENITH INFRA,"54,394,000",Accepted-AOC,06-Jun-2026,Public Works Roads Department
2026_PWBNH_50352_1,CE/TB-IV(H_E)/105/2025/8 Dated Guwahati 07 Jan 2026,"Reconstruction of Jamuguri Higher Secondary School, Sonitpur, Assam under SOPD scheme","Reconstruction of Jamuguri Higher Secondary School, Sonitpur, Assam under SOPD scheme",Works,Open Tender,Item Rate,Civil Works - Building,No,No,NA ,20-Jan-2026 11:00 AM,28-Jan-2026 11:30 AM ,180.0,No ,No,Online,07-Feb-2026 04:00 PM,Public Works Building and NH Department||Chief Engineer-Building - PWBNH,Jamuguri,784180.0,2.0,"3,22,00,671",Probin Dihingia,"34,704,108",Accepted-AOC,06-Jun-2026,Public Works Building and NH Department||Chief Engineer-Building - PWBNH
2026_BoTC_51750_1,SE(RB)/20-21/Pt-III/66/212_1,Package No.212_1,"Repairing of Kachugaon Sankosh PWD road from Nasraibil to Suribari PWD road (From Ch.0.00m to Ch.2000.00m, Total Length-2.00 Km) by resurfacing under BTC for the year 2025-26.",Works,Open Tender,Item Rate,Civil Works – Roads,No,No,NA ,07-Mar-2026 02:00 PM,NA ,180.0,No ,No,Online,26-Mar-2026 01:30 PM,Bodoland Territorial Council||PWD-BTC,"Kachugaon, Kokrajhar district",783350.0,2.0,"1,58,63,000",Dwmwilu Narzary,"15,862,563",Rejected-AOC,04-Jun-2026,Bodoland Territorial Council||PWD-BTC
2026_BoTC_50381_1,SE(RB)/20-21/Pt-III/34/196_1,Package No.196_1,Construction of RCC Box Cell Bridge (Size 3.00m x 3.00m-4 Cells) including Bridge approaches at Kakrighola (Kambla Bagan) Kopapara Village Road under Kokrajhar District.,Works,Open Tender,Item Rate,Civil Works – Roads,No,No,NA ,20-Jan-2026 04:00 PM,NA ,180.0,No ,No,Online,02-Feb-2026 01:30 PM,Bodoland Territorial Council||PWD-BTC,Kokrajhar district,783376.0,2.0,"59,99,800",Bimal Brahma,"5,998,645",Accepted-AOC,04-Jun-2026,Bodoland Territorial Council||PWD-BTC
2025_PWD_45926_3,CE/DEV/TB/60/2025-26/06 Dtd- 14.07.2025,"MMPPNA_RIDF_XXXI_25_26_267 Construction of (1) Naharani Sonowal Na-Pathar Road (Ch. 0.00 m to Ch. 1100.00m), (2) Nahazar Nahoroni Road to Moutani Gaon Road (Ch. 0.00 m to Ch. 1310.00m), (3) Khowang Bhamun Road to Rangchali Gaon (Ch.0.00M to Ch.1100.0","MMPPNA_RIDF_XXXI_25_26_267 Construction of (1) Naharani Sonowal Na-Pathar Road (Ch. 0.00 m to Ch. 1100.00m), (2) Nahazar Nahoroni Road to Moutani Gaon Road (Ch. 0.00 m to Ch. 1310.00m), (3) Khowang Bhamun Road to Rangchali Gaon (Ch.0.00M to Ch.1100.0",Works,Open Tender,Item Rate,Civil Works – Roads,No,No,NA ,26-Jul-2025 09:00 AM,04-Aug-2025 12:00 PM ,180.0,No ,No,Online,14-Aug-2025 02:30 PM,Public Works Roads Department,Khowang,785675.0,2.0,"2,50,73,000",SURAJIT BORUAH,"25,073,000",Accepted-AOC,18-Jun-2026,Public Works Roads Department
2026_BoTC_51080_1,SE(RB)/20-21/Pt-III/45/208_3,Package No.208_3,"Recovery and Reconstruction of 4.0m span RCC Slab culvert near Simaluguri Field at Kajiamati PWD to No.1 Simaliguri Link road under PWD, Udalguri Rural Road Sub-Division, Udalguri under NDRF (PDNA-2022) in Udalguri District for the year 2025-26.",Works,Open Tender,Item Rate,Civil Works – Roads,No,No,NA ,12-Feb-2026 02:00 PM,NA ,180.0,No ,No,Online,02-Mar-2026 01:30 PM,Bodoland Territorial Council||PWD-BTC,"Simaluguri, Udalguri",784526.0,2.0,"29,99,763",SHAHIL ENTERPRISE,"2,999,000",Rejected-AOC,10-Jun-2026,Bodoland Territorial Council||PWD-BTC
2026_WPTBC_52252_1,PTDC/Engg/2026-27/526,"Construction of Boys Hostel at Govt. Model College, Kaziranga in Golaghat District under Infrastructure Development in ITDP and outside ITDP areas of Assam during the year 2025-26.","Construction of Boys Hostel at Govt. Model College, Kaziranga in Golaghat District under Infrastructure Development in ITDP and outside ITDP areas of Assam during the year 2025-26.",Works,Open Tender,Item Rate,Civil Works,No,No,NA ,11-May-2026 11:30 AM,12-May-2026 11:00 AM ,180.0,No ,No,Online,23-May-2026 03:00 PM,Welfare of Plain Tribes and Backward Classes||Director - WPT and BC||Assam Plains Tribes Development Corporation Ltd.,Kaziranga Golaghat,785609.0,2.0,"1,00,00,000",PRANJAL DUTTA KURI,"9,999,000",Rejected-AOC,29-Jun-2026,Welfare of Plain Tribes and Backward Classes||Director - WPT and BC||Assam Plains Tribes Development Corporation Ltd.
2026_PHED_51762_1,ACE/PHE/LAZ/TC-485/2025-26,Construction of G plus 3 Storied RCC Residential Building at Store and Workshop Division (PHE) Complex,"Construction of G plus 3 Storied RCC Residential Building at Store and Workshop Division (PHE) Complex , Betkuchi,",Works,Open Tender,Works,Civil Works - Building,No,No,NA ,09-Mar-2026 04:00 PM,16-Mar-2026 01:00 PM ,180.0,No ,No,Online,31-Mar-2026 01:00 PM,Public Health Engineering Department||Chief Engineer PHE(P)-Assam-PHED||Lower Assam Zone-Guwahati-PHED,"BETKUCHI,GHY-35",781035.0,2.0,"2,41,85,000",ROSS CONTRACTING PRIVATE LIMITED,"24,185,000",Accepted-AOC,02-Jun-2026,Public Health Engineering Department||Chief Engineer PHE(P)-Assam-PHED||Lower Assam Zone-Guwahati-PHED
2026_BoTC_52253_1,SE(B)/21-22/Pt-IV/14/568_4,Package No.568_4,"Development of Jaraguri State Dispensary with Solar Light, Toilet Block and Sitting Area Shed at Jaraguri in Kokrajhar District under RIDF-XXXI.",Works,Open Tender,Item Rate,Civil Works - Building,No,No,NA ,08-May-2026 04:00 PM,NA ,180.0,No ,No,Online,29-May-2026 01:30 PM,Bodoland Territorial Council||PWD-BTC,Kokrajhar dist,783361.0,2.0,"32,91,994",MANAS DAS,"3,499,000",Not Admitted-Fee/PreQual/Technical,10-Jun-2026,Bodoland Territorial Council||PWD-BTC
2026_DoWR_50475_1,DHAKUAKHANA/2025-26/ PDNA/WORK/I,Restoration of damage embankment from Mohemari Gaon to Bantow Chamuah Pathar areas from the flood devastation of river Korha during 2022-23 on L/B embankment.,Restoration of damage embankment from Mohemari Gaon to Bantow Chamuah Pathar areas from the flood devastation of river Korha during 2022-23 on L/B embankment.,Works,Open Tender,Works,Civil Works,No,No,NA ,22-Jan-2026 09:00 AM,NA ,180.0,No ,No,Online,02-Feb-2026 03:00 PM,Department of Water Resources||Chief Engineer - DoWR,DHAKUAKHANA,787053.0,2.0,"25,07,672",BHARAT BHASKAR GOGOI,"2,504,877.38",Accepted-AOC,11-Jun-2026,Department of Water Resources||Chief Engineer - DoWR
2025_PWD_46685_1,CE/DEV/TB/60/2025-26/13 Dtd- 31.07.2025,"MMPPNA_RIDF_XXXI_25_26_395 Construction of Road (1) from Khorsing Terang to Monsing Teron Village, (2) at Disama Chelan Tisso Village, (3)from Langsoliet to Dolongbari, (4)from Rongkimi to sardisa Under Mukhya Mantir Pakipath Nirman Achani (MMPPNA)","MMPPNA_RIDF_XXXI_25_26_395 Construction of Road (1) from Khorsing Terang to Monsing Teron Village, (2) at Disama Chelan Tisso Village, (3)from Langsoliet to Dolongbari, (4)from Rongkimi to sardisa Under Mukhya Mantir Pakipath Nirman Achani (MMPPNA)",Works,Open Tender,Item Rate,Civil Works – Roads,No,No,NA ,19-Aug-2025 06:00 PM,21-Aug-2025 12:00 PM ,180.0,No ,No,Online,09-Sep-2025 02:30 PM,Public Works Roads Department,Karbi Anglong,782410.0,2.0,"7,05,51,000",M/S GANGOTRI ENTERPRISE,"70,550,000",Rejected-Finance,04-Jun-2026,Public Works Roads Department
2025_PWD_45820_72,CE/STBR/SOPD-G/NIT/07/2025 26/1 Dated 26-06-2025,"STBR/SOPD-G/Rupohihat-03/15 Reconstruction of (i) Road from Shanti Bazar PWD Road to Bogamukh (Ch. 0.00 m to 2000.00m), (ii) Road from Borghuli Bazar to Embankment (Ch. 0.00 m to 1150.00 m), (iii) Road from Barghuli Bazar to Barghuli Beel Road (Ch.","STBR/SOPD-G/Rupohihat-03/15 Reconstruction of (i) Road from Shanti Bazar PWD Road to Bogamukh (Ch. 0.00 m to 2000.00m), (ii) Road from Borghuli Bazar to Embankment (Ch. 0.00 m to 1150.00 m), (iii) Road from Barghuli Bazar to Barghuli Beel Road (Ch.",Works,Open Tender,Item Rate,Civil Works – Roads,No,No,NA ,30-Jul-2025 03:00 PM,31-Jul-2025 11:00 AM ,180.0,No ,No,Online,11-Aug-2025 11:00 AM,Public Works Roads Department,Rupohihat,782125.0,2.0,"1,03,55,000",M/S RAJ ENTERPRISE,"10,354,000",Rejected-AOC,29-Jun-2026,Public Works Roads Department
2025_PWRDW_48462_4,CE/EAP/716719/03,Construction of Bridge in Udalguri District i) Br. No. 4/20 on Namjaiah to Borakhat Road,Package No. CE/EAP/ARRBP/OCB/Bridge-1/Udalguri/14 Construction of Bridge in Udalguri district i) Br. No. 4/20 on Namjaiah to Borakhat Road,Works,Open Tender,Item Rate,Civil Works - Bridges,No,No,NA ,07-Nov-2025 01:40 PM,13-Nov-2025 11:00 AM ,180.0,No ,No,Online,27-Nov-2025 02:30 PM,Public Works Roads Department-Externally Aided Project||Public Works Road Department- World Bank Funded Tenders||Assam State Bridge Infrastructure Program,Udalguri,784509.0,2.0,"8,93,38,000",RAJU CHANDRA BASUMATARY,"87,104,500",Rejected-Technical,23-Jun-2026,Public Works Roads Department-Externally Aided Project||Public Works Road Department- World Bank Funded Tenders||Assam State Bridge Infrastructure Program
2025_PWD_49179_1,EE/DCLKT/NIT/SOPD-G/1/2025/5,Construction of Pathalibam Naharani Block to Danga Basti L 1.85 Km by providing Gravel Wearing Course GWC under SOPD-G for the year 2025-26,Construction of Pathalibam Naharani Block to Danga Basti L 1.85 Km,Works,Open Tender,Item Rate,Civil Works – Roads,No,No,NA ,11-Dec-2025 02:00 PM,NA ,180.0,No ,No,Online,24-Dec-2025 02:30 PM,Public Works Roads Department,Khowang,785676.0,2.0,"21,34,000",Babakan Sonowal,"2,132,495",Accepted-AOC,22-Jun-2026,Public Works Roads Department
2026_BoTC_51789_1,TECH-28/SE(RB)/2019-20/21,Const. of ICBP road from Gorom Bazar to SSB Camp at Bijni in Chirang District for the year 2025-26. TN-394-9.,Const. of ICBP road from Gorom Bazar to SSB Camp at Bijni in Chirang District for the year 2025-26. TN-394-9.,Works,Open Tender,Works,Civil Works – Roads,No,No,NA ,09-Mar-2026 02:00 PM,NA ,180.0,No ,No,Online,30-Mar-2026 02:00 PM,Bodoland Territorial Council||PWD-BTC,Chirang,783385.0,2.0,"99,99,815",NAND KISHOR SAH,"9,999,800",Rejected-Finance,04-Jun-2026,Bodoland Territorial Council||PWD-BTC
2025_UDD_47454_1,DMB/15th FC/2nd Inst. Tied/2024-25/ 500,"Construction of Retaining Wall at Garbage Transfer Station at Mela Ground (PART-III), Ward No. 01, Dhubri Town under 2nd Installment of 15th FC Tied Grant for the year 2022-23 during the year 2024-25","Construction of Retaining Wall at Garbage Transfer Station at Mela Ground (PART-III), Ward No. 01, Dhubri Town under 2nd Installment of 15th FC Tied Grant for the year 2022-23 during the year 2024-25",Works,Open Tender,Item Rate,Civil Works,No,No,NA ,12-Sep-2025 05:00 PM,23-Sep-2025 12:00 PM ,90.0,No ,No,Online,06-Oct-2025 02:00 PM,Urban Development Department||Directorate of Municipality Administration - UDD||Dhubri Municipal Board,Mela Ground PART I Ward No 01 Dhubri Town,783301.0,2.0,"33,54,119",RISHI KANT PRASAD,"3,018,707.1",Accepted-AOC,22-Jun-2026,Urban Development Department||Directorate of Municipality Administration - UDD||Dhubri Municipal Board
2026_PWBNH_52000_1,SE/BII/DFS_DRUGS,"Modification and Renovation of Dmgs Division at Directorate of Forensic Science, Kahilipara, Guwahati","Modification and Renovation of Dmgs Division at Directorate of Forensic Science, Kahilipara, Guwahati",Works,Open Tender,Item Wise,Civil Works - Building,No,No,NA ,16-Mar-2026 12:00 PM,20-Mar-2026 12:00 PM ,180.0,No ,No,Online,07-Apr-2026 11:30 AM,Public Works Building and NH Department||Chief Engineer-Building - PWBNH||SE-Guwahati Circle-2 - PWBNH,"Directorate of Forensic Science, Kahilipara",781019.0,2.0,"89,22,534",M/S Nabajit Traders And Engineers,"9,832,810",Accepted-AOC,18-May-2026,Public Works Building and NH Department||Chief Engineer-Building - PWBNH||SE-Guwahati Circle-2 - PWBNH
2025_PWD_45820_128,CE/STBR/SOPD-G/NIT/07/2025 26/1 Dated 26-06-2025,STBR/SOPD-G/Dimoria -02/90 Improvement of Road from No 1 Robingaon to Taloni village road under SOPD (G) for the year 2025-26,STBR/SOPD-G/Dimoria -02/90 Improvement of Road from No 1 Robingaon to Taloni village road under SOPD (G) for the year 2025-26,Works,Open Tender,Item Rate,Civil Works – Roads,No,No,NA ,02-Aug-2025 05:00 PM,04-Aug-2025 11:00 AM ,180.0,No ,No,Online,11-Aug-2025 11:00 AM,Public Works Roads Department,Jalukbari,781013.0,2.0,"95,00,000",Kishor Kr. Baruah,"8,359,941",Accepted-AOC,29-Jun-2026,Public Works Roads Department
2026_AHVD_51693_2,763721/2025-26/DFA/1653637,RAIO Mangaldai,RAIO Mangaldai,Works,Open Tender,Item Rate,Miscellaneous Works,No,No,NA ,05-Mar-2026 06:00 PM,09-Mar-2026 01:00 PM ,180.0,No ,No,Online,22-Apr-2026 02:00 PM,Animal Husbandry and Veterinary Department||Directorate of A.H. and Veterinary||Assam Livestock and Poultry Corporation Ltd.,Darrang District,784125.0,2.0,"1,50,10,403",APURBA KUMAR DEKA,"12,729,030.85",Accepted-AOC,17-Jun-2026,Animal Husbandry and Veterinary Department||Directorate of A.H. and Veterinary||Assam Livestock and Poultry Corporation Ltd.
2026_PWD_50183_5,CE/Commn/192/2025-26/24,PDNA/ Dima Hasao /19,Recovery and Reconstruction of road Bagetar New Hospital Road under NDRF(PDNA-2022) for the year 2025-26,Works,Open Tender,Item Rate,Civil Works – Roads,No,No,NA ,12-Jan-2026 04:00 PM,16-Jan-2026 04:00 PM ,180.0,No ,No,Online,22-Jan-2026 02:30 PM,Public Works Roads Department||CE PWD(R) - PWD||Traffic Engineering Cell - PWD,Dimahasao,788830.0,2.0,"1,30,00,000",Jimburaj Jidung,"11,699,994.51",Accepted-AOC,10-Jun-2026,Public Works Roads Department||CE PWD(R) - PWD||Traffic Engineering Cell - PWD
2025_PWD_44106_1,CE/EAP/ADRHARDP/NIT/26/2025/19,CE/EAP/ADRHARDP/Corr_2/Pkg.5 Upgradation and 4year maintenance of Corridor2 from Km 15.860 near Girijanapur to Km 30.700 Semkhor,CE/EAP/ADRHARDP/Corr_2/Pkg.5 Upgradation and 4_year maintenance of Corridor_2 from Km 15.860 near Girijanapur to Km 30.700 Semkhor under ADRHARDP Total Length 14.84 km,Works,Open Tender,Item Rate,Civil Works – Roads,No,No,NA ,22-Apr-2025 02:00 PM,02-May-2025 11:30 AM ,120.0,No ,No,Online,23-May-2025 02:30 PM,Public Works Roads Department,Dima Hasao,788819.0,2.0,,Anusha Projects Private Limited,"941,157,524",Rejected-Finance,13-Mar-2026,Public Works Roads Department
2025_PWD_46694_8,CE/DEV/TB/54/2025-26/09 Dated 11.08.2025,MMUPPNA-RIDF-XXXI-25-26-38 Improvement of Road From Rongkuru Tiniali at BKK to Menmeji Tiniali via Menmeji Kro Gaon (Ch.0.00m to Ch.6000.00m)under Mukhya Mantrir Unnotta Pakipath Nirman Achani (MMUPPNA) Under RIDF-XXXI of NABARD for the year 2025-26.,MMUPPNA-RIDF-XXXI-25-26-38 Improvement of Road From Rongkuru Tiniali at BKK to Menmeji Tiniali via Menmeji Kro Gaon (Ch.0.00m to Ch.6000.00m)under Mukhya Mantrir Unnotta Pakipath Nirman Achani (MMUPPNA) Under RIDF-XXXI of NABARD for the year 2025-26.,Works,Open Tender,Item Rate,Civil Works – Roads,No,No,NA ,19-Aug-2025 06:00 PM,21-Aug-2025 12:00 PM ,180.0,No ,No,Online,09-Sep-2025 02:30 PM,Public Works Roads Department,West Karbi Anglong,782460.0,2.0,"6,87,23,000",Sri Sunil Barua,"68,722,000",Rejected-Finance,18-Jun-2026,Public Works Roads Department
2026_BTC_51201_1,No.ACE-133/PWD/G.79/2025-26/69,"Infrastructure Dev. Of Madhobgohain Shiv Mandir at Rowta, Udalguri District under SOPD Bodoland Welfare Department, 2025-26. TN_111_43","Infrastructure Dev. Of Madhobgohain Shiv Mandir at Rowta, Udalguri District under SOPD Bodoland Welfare Department, 2025-26. TN_111_43",Works,Open Tender,Item Rate,Civil Works - Building,No,No,NA ,16-Feb-2026 12:00 PM,NA ,180.0,No ,No,Online,05-Mar-2026 11:00 AM,Bodoland Territorial Council-PWD||Director Cum CHD - PWD BTC,Kokrajhar,783370.0,2.0,"18,99,824",RATUL BRAHMA,"1,899,824",Rejected-AOC,05-Jun-2026,Bodoland Territorial Council-PWD||Director Cum CHD - PWD BTC
2025_ID_46021_1,10 (SOPD-G) 2025-26 Dtd_ 28_07_2025,"Installation of 7 Nos. of MDTW I/S at Dibrugarh LAC under SOPD- G for the year 2025-26 under Dibrugarh-Chabua-Lahowal Division(I), Dibrugarh (Package No.01).","Installation of 7 Nos. of MDTW I_S at Dibrugarh LAC under SOPD- G for the year 2025-26 under Dibrugarh-Chabua-Lahowal Division(I), Dibrugarh (Package No.01)",Works,Open Tender,Item Rate,Civil Works,No,No,NA ,29-Jul-2025 06:00 PM,08-Aug-2025 02:00 PM ,180.0,No ,No,Online,22-Aug-2025 03:00 PM,Irrigation Department||Chief Engineer(Major)-Irrigation Dept,Dibrugarh,786001.0,2.0,"2,01,60,010",G.S. CONSTRUCTION,"20,157,381",Rejected-Technical,02-Jun-2026,Irrigation Department||Chief Engineer(Major)-Irrigation Dept
2026_PWRDW_50089_8,eCF No. 743008/1,Bridge1/Bongaigaon/09 Bridge No 3/2 Dholagaon To Dewangaon road,CE/EAP/ARRBP/OCB/Bridge1/Bongaigaon/09 Bridge No 3/2 Dholagaon To Dewangaon road,Works,Open Tender,Item Rate,Civil Works - Bridges,No,No,NA ,09-Jan-2026 05:00 PM,13-Jan-2026 11:00 AM ,180.0,No ,No,Online,22-Jan-2026 02:30 PM,Public Works Roads Department-Externally Aided Project||Public Works Road Department- World Bank Funded Tenders||Assam State Bridge Infrastructure Program,Bongaigaon District,783380.0,2.0,"2,67,00,700",Hafizur Rahman,"27,794,000",Rejected-Technical,22-Jun-2026,Public Works Roads Department-Externally Aided Project||Public Works Road Department- World Bank Funded Tenders||Assam State Bridge Infrastructure Program
2025_PWD_49430_1,CE/DEV/TB/120/2025-26/36 Dtd- 03.12.2025,SOPD_G_25_26_38 Improvement of (1) Silchar Kalain Road (from Ch. 2361.00m to Ch.11000.00 m) (2) Dolu-Moinerbond Road in Stretches from Annapurna Ghat bridge approach to IOCL Silchar (from Ch.11.80 KM to Ch.15.60 KM) under SOPD-G for the year 2025-26,SOPD_G_25_26_38 Improvement of (1) Silchar Kalain Road (from Ch. 2361.00m to Ch.11000.00 m) (2) Dolu-Moinerbond Road in Stretches from Annapurna Ghat bridge approach to IOCL Silchar (from Ch.11.80 KM to Ch.15.60 KM) under SOPD-G for the year 2025-26,Works,Open Tender,Item Rate,Civil Works – Roads,No,No,NA ,17-Dec-2025 05:00 PM,17-Dec-2025 05:30 PM ,180.0,No ,No,Online,26-Dec-2025 02:30 PM,Public Works Roads Department,Silchar,788005.0,2.0,"1,90,53,000",NURUL ISLAM LASKAR,"19,053,000",Accepted-AOC,10-Jun-2026,Public Works Roads Department
2026_UDD_51968_1,SMB/1-18/15th FC (Tied)/2025-26/3087,Selection of Concessionaire for Design Build Operate Transfer of a 5 KLD FSTP based on Mechanical Dewatering MBBR SDB technology with 3 years O and M at Chandsrikuna Sribhumi,Selection of Concessionaire for Design Build Operate Transfer of a 5 KLD FSTP based on Mechanical Dewatering MBBR SDB technology with 3 years O and M at Chandsrikuna Sribhumi,Works,Open Tender,Works,Miscellaneous Works,No,No,NA ,13-Mar-2026 06:00 PM,NA ,180.0,No ,No,Online,21-Mar-2026 03:00 PM,Urban Development Department||Directorate of Municipality Administration - UDD||Karimganj Municipal Board,"Sribhumi, Assam",788710.0,2.0,"1,25,00,000",Resolin,"12,500,000",Accepted-AOC,12-Jun-2026,Urban Development Department||Directorate of Municipality Administration - UDD||Karimganj Municipal Board
2026_PWD_50566_14,T/CC/ETN/SIL/2025-26/1033(T),Recovery and Reconstruction of Road from Joragul Bazar Mangalpur to Manipuri Basti Road under NDRF (PDNA-2022) for the year 2025-26 Sonai LAC,"Recovery and Reconstruction of Road from Joragul Bazar Mangalpur to Manipuri Basti Road under NDRF (PDNA-2022) for the year 2025-26 Sonai LAC, P/No.SE/SONAI/NDRF(PDNA-2022)/25-26/14",Works,Open Tender,Item Rate,Civil Works – Roads,No,No,NA ,28-Jan-2026 09:00 AM,04-Feb-2026 02:00 PM ,180.0,No ,No,Online,07-Feb-2026 03:10 PM,Public Works Roads Department,Cachar District.,788119.0,2.0,"22,84,600",Rupam Saha,"2,284,600",Accepted-AOC,24-Jun-2026,Public Works Roads Department
2026_BoTC_50179_1,No.BTC/FC-Cell(6th ASFC)-196/2025/14 Dtd-8/12/25,6th ASFC-01 of 2025-26,Construction of VCDC Office Building at Serfanguri.,Works,Open Tender,Works,Civil Works,No,No,NA ,13-Jan-2026 12:00 PM,NA ,180.0,No ,No,Online,04-Feb-2026 04:30 PM,Bodoland Territorial Council||Panchayat and Rural Development-BTC,Serfanguri,783347.0,2.0,"40,00,000",ALANGBER BASUMATARY,"3,998,029",Accepted-AOC,16-Feb-2026,Bodoland Territorial Council||Panchayat and Rural Development-BTC
2026_PWD_50168_33,BSPTRD/TECH/PDNA/168/2025-26,BSPTRD/PDNA/2025-26/33,Recovery and Reconstruction of Tapa to Galia via Gathiapara PMGSY Road (AS-01-314) under NDRF (PDNA-2022) for the year 2025-26,Works,Open Tender,Item Rate,Civil Works – Roads,No,No,NA ,13-Jan-2026 10:00 AM,NA ,180.0,No ,No,Online,02-Feb-2026 02:00 PM,Public Works Roads Department,Barpeta Road,781315.0,2.0,"16,00,000",Prasanta Bayan,"1,280,000",Rejected-Finance,26-Jun-2026,Public Works Roads Department
2026_GU_51385_1,GU/Web/Tender/2025-26/001 Date 20.02.2026,Supply of enterprise grade web application software licences for Gauhati University,Supply of enterprise grade web application software licences for Gauhati University,Services,Open Tender,Item Rate,Information Technology,No,No,NA ,20-Feb-2026 04:00 PM,NA ,90.0,No ,No,Online,02-Mar-2026 01:00 PM,Gauhati University,Gauhati University,781014.0,2.0,,ANAYA INFOTECH,"191,278",Rejected-Technical,03-Jun-2026,Gauhati University
2025_PWRDW_49588_14,eCF No 720769/9,Tinsukia/06 Construction of Bridge in i) Br No 1/1 7 No Shantipur to Ghuramura Gaon Road,Construction of Bridge in Tinsukia district i) Br No 1/1 7 No Shantipur to Ghuramura Gaon Road,Works,Open Tender,Item Rate,Civil Works - Bridges,No,No,NA ,24-Dec-2025 02:00 PM,31-Dec-2025 11:00 AM ,90.0,No ,No,Online,07-Jan-2026 02:30 PM,Public Works Roads Department-Externally Aided Project||Public Works Road Department- World Bank Funded Tenders||PWD (R) - ARRBP,Tinsukia District,786150.0,2.0,"1,88,78,000",Biswajit Gogoi,"19,818,100",Accepted-AOC,29-Jun-2026,Public Works Roads Department-Externally Aided Project||Public Works Road Department- World Bank Funded Tenders||PWD (R) - ARRBP
2026_WPTBC_51449_1,SCDCSipajharCollege,"Construction of English Department 3 (Three) Nos. of Classrooms on 3rd Floor, Block (C) at Sipajhar College","Construction of English Department 3 (Three) Nos. of Classrooms on 3rd Floor, Block (C) at Sipajhar College",Works,Open Tender,Item Rate,Civil Works,No,No,NA ,23-Feb-2026 06:00 PM,NA ,180.0,No ,No,Online,26-Feb-2026 03:00 PM,Welfare of Plain Tribes and Backward Classes||Directorate of Welfare of Scheduled Caste||Assam State Development Corporation for SC,"DISPUR, GHY-06",781006.0,2.0,"43,76,800",J.N ASSOCIATE,"4,376,500",Accepted-AOC,15-Jun-2026,Welfare of Plain Tribes and Backward Classes||Directorate of Welfare of Scheduled Caste||Assam State Development Corporation for SC
2026_PWD_50824_1,EE/HSTRD/TB-09/2023-24/278 Date.03/02/2026,Balance Work Estimate for the work Improvement of 2 no. Dalibari Bye Lane with Load Bearing RCC Drain under SCSP for the year 2023-24.,Balance Work Estimate for the work Improvement of 2 no. Dalibari Bye Lane with Load Bearing RCC Drain under SCSP for the year 2023-24.,Works,Open Tender,Item Rate,Civil Works – Roads,No,No,NA ,06-Feb-2026 01:00 PM,07-Feb-2026 02:00 PM ,180.0,No ,No,Online,11-Feb-2026 03:00 PM,Public Works Roads Department,Dalibari,781104.0,2.0,"1,96,86,497",M/S Loyal Trading,"19,640,032",Accepted-AOC,23-Feb-2026,Public Works Roads Department
2026_AHVD_51675_1,E-763721/25-26/DFA/1653637/9,"Construction of Duck shed at Government Duck cum poultry farm Silcoorie, Silchar in Cachar District","Construction of Duck shed at Government Duck cum poultry farm Silcoorie, Silchar in Cachar District under RIDF XXXI",Works,Open Tender,Item Rate,Civil Works,No,No,NA ,05-Mar-2026 02:30 PM,09-Mar-2026 01:00 PM ,180.0,No ,No,Online,22-Apr-2026 02:00 PM,Animal Husbandry and Veterinary Department||Directorate of A.H. and Veterinary||Assam Livestock and Poultry Corporation Ltd.,Silcoorie,781003.0,2.0,"75,00,000",RAJU BARBHUYIA,"6,600,000",Rejected-Technical,17-Jun-2026,Animal Husbandry and Veterinary Department||Directorate of A.H. and Veterinary||Assam Livestock and Poultry Corporation Ltd.
2026_BoTC_52248_1,SE(B)/21-22/Pt-IV/14/568_2,Package No.568_2,Provision of Solar Light near Jaraguri Durga Mandir in Kokrajhar District under RIDF-XXXI.,Works,Open Tender,Item Rate,Civil Works - Building,No,No,NA ,08-May-2026 04:00 PM,NA ,180.0,No ,No,Online,29-May-2026 01:30 PM,Bodoland Territorial Council||PWD-BTC,Kokrajhar dist,783361.0,2.0,"24,50,771",MANAS DAS,"2,450,705",Accepted-AOC,10-Jun-2026,Bodoland Territorial Council||PWD-BTC
2026_NHM_50810_1,NHM-32049/29/2024-Const/,Construction of BPHU at Kakojan BPHC and Titabor BPHC SDCH in Jorhat District under PMABHIM for FY2025 26 under NHM Assam on Turn Key Basis Group no9 2 nos of scheme in Jorhat District,Construction of BPHU at Kakojan BPHC and Titabor BPHC SDCH in Jorhat District under PMABHIM for FY2025 26 under NHM Assam on Turn Key Basis Group no9 2 nos of scheme in Jorhat District,Works,Open Tender,Turn-key,Civil Works - Building,No,No,NA ,04-Feb-2026 05:45 PM,NA ,180.0,No ,No,Online,17-Feb-2026 03:30 PM,National Health Mission||State Programme Management Unit - NHM,Jorhat,785001.0,2.0,"1,00,00,000",M/S SAMARTH ENTERPRISES,"8,999,570",Rejected-Finance,24-Jun-2026,National Health Mission||State Programme Management Unit - NHM
2026_APDCL_50178_4,CGM(Audit)/IA/APDCL/2023/05/P1,Appointment of CA/CMA firms for internal audit PKG 4,Appointment of CA/CMA firms for conducting the internal audit for the financial year 202526 half yearly basis under PKG4,Services,Open Tender,Lump-sum,Miscellaneous Services,No,No,NA ,12-Jan-2026 04:20 PM,17-Jan-2026 03:00 PM ,180.0,No ,No,Online,30-Jan-2026 11:00 AM,Assam Power Distribution Company Ltd||CGM(Audit) - APDCL,Assam,781001.0,2.0,"6,30,000",SATENDRA GUPTA AND ASSOCIATES,"699,000",Rejected-Finance,27-Feb-2026,Assam Power Distribution Company Ltd||CGM(Audit) - APDCL
2026_PWD_50168_19,BSPTRD/TECH/PDNA/168/2025-26,BSPTRD/PDNA/2025-26/19,Recovery and Reconstruction of Kayakuchi Newlarbhita Debradi road under NDRF (PDNA-2022) for the year 2025-26 of Barpeta District (25-Pakabetbari LAC,Works,Open Tender,Item Rate,Civil Works – Roads,No,No,NA ,13-Jan-2026 10:00 AM,NA ,180.0,No ,No,Online,02-Feb-2026 02:00 PM,Public Works Roads Department,Barpeta Road,781315.0,2.0,"40,00,000",Durjan Ali,"3,319,976.66",Rejected-Finance,26-Jun-2026,Public Works Roads Department
2026_WPTBC_52479_1,SCDCTECHDWSC3,Extension of Guest House cum Hostel at Majuli PhaseII,Extension of Guest House cum Hostel at Majuli PhaseII,Works,Open Tender,Item Rate,Civil Works,No,No,NA ,22-May-2026 03:00 PM,NA ,180.0,No ,No,Online,02-Jun-2026 03:00 PM,Welfare of Plain Tribes and Backward Classes||Directorate of Welfare of Scheduled Caste||Assam State Development Corporation for SC,"Dispur,Ghy",781006.0,2.0,"1,00,00,000",PRATIM GOGOI,"10,000,000",Rejected-AOC,18-Jun-2026,Welfare of Plain Tribes and Backward Classes||Directorate of Welfare of Scheduled Caste||Assam State Development Corporation for SC
2026_PWD_50566_16,T/CC/ETN/SIL/2025-26/1033(T),Recovery and Reconstruction of Kabuganj Kachudharam (K.K) Road (Towards Sonai) Ph-II under NDRF (PDNA-2022) for the year 2025-26,"Recovery and Reconstruction of Kabuganj Kachudharam (K.K) Road (Towards Sonai) Ph-II under NDRF (PDNA-2022) for the year 2025-26, P/No.SE/SONAI/NDRF(PDNA-2022)/25-26/16",Works,Open Tender,Item Rate,Civil Works – Roads,No,No,NA ,28-Jan-2026 09:00 AM,04-Feb-2026 02:00 PM ,180.0,No ,No,Online,07-Feb-2026 03:10 PM,Public Works Roads Department,Cachar District.,788119.0,2.0,"39,99,800",M/s BARAK CONSTRUCTION,"3,997,300",Accepted-AOC,08-Jun-2026,Public Works Roads Department
2025_PWD_45408_17,CE/DEV/TB/60/2025-26/01 Dtd- 21.06.2025,MMPPNA_RIDF_XXXI_25_26_95 Construction of road from Hatihal watersupply project connecting Borgorah Namghar through Hatihal Bishnupur to Dhulijan Borgorah PWD road (L- 3.27 Km) under Mukhya Mantrir Paki Path Nirman Achani (MMPPNA) under RIDF-XXXI of,MMPPNA_RIDF_XXXI_25_26_95 Construction of road from Hatihal watersupply project connecting Borgorah Namghar through Hatihal Bishnupur to Dhulijan Borgorah PWD road (L- 3.27 Km) under Mukhya Mantrir Paki Path Nirman Achani (MMPPNA) under RIDF-XXXI of,Works,Open Tender,Item Rate,Civil Works – Roads,No,No,NA ,08-Jul-2025 02:00 PM,17-Jul-2025 12:00 PM ,180.0,No ,No,Online,28-Jul-2025 02:30 PM,Public Works Roads Department,Makum,786170.0,2.0,"3,01,43,000",Gunjan Construction,"26,794,000",Accepted-AOC,05-Jun-2026,Public Works Roads Department
2025_WREAP_49476_1,NCS-AF-07-RP/Lot 1,"Engagement of NGO/ Firm for Implementation support of resettlement plan in four subproject areas (Lot 1- Dhemaji, Lakhimpur, Sonitpur and Biswanath Districts)","Engagement of NGO/ Firm for Implementation support of resettlement plan in four subproject areas (Lot 1- Dhemaji, Lakhimpur, Sonitpur and Biswanath Districts)",Services,Limited,Lump-sum,Miscellaneous Services,No,No,NA ,19-Dec-2025 02:15 PM,26-Dec-2025 03:00 PM ,90.0,No ,No,Not Applicable,12-Jan-2026 04:00 PM,Department of Water Resources-Externally Aided Project||Flood and River Erosion Management Agency of Assam||WRD- ADB Funded Tenders,"Dhemaji, Lakhimpur, Sonitpur, Biswanath Districts",781029.0,1.0,,INFER DEVELOPMENT CONSULTING PRIVATE LIMITED,"4,285,000",Accepted-AOC,16-Jun-2026,Department of Water Resources-Externally Aided Project||Flood and River Erosion Management Agency of Assam||WRD- ADB Funded Tenders
2024_PWD_35718_8,CE/DEV/TB/707/2023-24/12,"MMPPNA_23_24_69 1. Construction of Khowang Simaluguri Road (Ch. 0.00m to Ch. 880.00m) , 2.Construction of road from Khowang Kawaimari Kalita Gaon to Goroimari (Ch. 0.00m to Ch. 1000.00m), 3.Construction of Khowang Borbeel Road Ch. 0.00m to Ch","MMPPNA_23_24_69 1. Construction of Khowang Simaluguri Road (Ch. 0.00m to Ch. 880.00m) , 2.Construction of road from Khowang Kawaimari Kalita Gaon to Goroimari (Ch. 0.00m to Ch. 1000.00m), 3.Construction of Khowang Borbeel Road Ch. 0.00m to Ch",Works,Open Tender,Item Rate,Civil Works,No,No,NA ,25-Jan-2024 06:55 PM,29-Jan-2024 12:00 PM ,180.0,No ,No,Online,05-Feb-2024 02:00 PM,Public Works Roads Department,Dibrugarh,781003.0,2.0,"2,45,87,000",Sri Hema Kanta Baruah.,"25,754,800",Accepted-AOC,29-Jun-2026,Public Works Roads Department
2025_IPRPS_48718_1,E-1496087,Printing and Supply of Engagement Pad 2026,Printing and Supply of Engagement Pad 2026,Goods,Open Tender,Supply,Supply of Materials,No,No,NA ,19-Nov-2025 04:00 PM,NA ,180.0,No ,No,Online,15-Dec-2025 02:30 PM,Information - Public Relations - Printing and Stationery Department||Directorate of Printing and Stationery-Assam,Directorate of printing and Stationery,781021.0,2.0,"6,85,000",URBAN CHANAKYA,"528,000",Not Admitted-Finance,22-Jun-2026,Information - Public Relations - Printing and Stationery Department||Directorate of Printing and Stationery-Assam
2025_PWD_47706_1,SE/CSRC/NIT and DNIT/6B/3133,Re-Construction of RCC Box Culvert No.4/1 on Kakotibari Batua Road under SOPD-G for the year 2025-26 (Mahmora LAC) Pkg. No. SE_CSRC_SOPD-G_ MAHMORA _25_26_01,Re-Construction of RCC Box Culvert No.4/1 on Kakotibari Batua Road under SOPD-G for the year 2025-26 (Mahmora LAC) Pkg. No. SE_CSRC_SOPD-G_ MAHMORA _25_26_01,Works,Open Tender,Item Rate,Civil Works – Roads,No,No,NA ,26-Sep-2025 12:00 PM,07-Oct-2025 12:00 PM ,180.0,No ,No,Online,17-Oct-2025 01:00 PM,Public Works Roads Department,Mahmora,785691.0,2.0,"71,99,999",SRI DIPEN MOHAN,"7,199,999",Accepted-AOC,15-Jun-2026,Public Works Roads Department
2025_DoWR_49617_1,BARPETA/2025-25/PDNA/WORKS/II,Restoration of damaged of embankment in between ch. 40500 m to Ch. 43500 m of B/Dyke from Rowmari to Baghbar during flood of 2022.,Restoration of damaged of embankment in between ch. 40500 m to Ch. 43500 m of B/Dyke from Rowmari to Baghbar during flood of 2022.,Works,Open Tender,Works,Civil Works,No,No,NA ,24-Dec-2025 10:00 AM,NA ,180.0,No ,No,Online,06-Jan-2026 03:00 PM,Department of Water Resources||Chief Engineer - DoWR,Barpeta,781301.0,2.0,"2,13,41,888",DIPANKA KUMAR GOSWAMI,"21,338,334.88",Accepted-AOC,12-Jun-2026,Department of Water Resources||Chief Engineer - DoWR
2026_GMC_51351_1,GER/CE/2504/2025/45 Date_17/02/2026,Construction of Various Community Hall under ward no. 40,"Construction of Various Community Hall under ward no. 40 (Udayanchal Sanskritik Mancha Permises, Ganeshguri Bodo Janjati Mahila Samiti Premises, Ananda nagar shiv Mandir premises)",Works,Open Tender,Lump-sum,Civil Works,No,No,NA ,19-Feb-2026 06:00 PM,NA ,120.0,No ,No,Online,12-Mar-2026 03:00 PM,Guwahati Municipal Corporation,Guwahati,781006.0,2.0,"20,00,000",JITU MONI SUT,"1,700,000",Rejected-AOC,16-Jun-2026,Guwahati Municipal Corporation
2025_PWD_45491_18,CE/Commn/16/2025-26/2,Tinsukia/ SOPD/3,Construction of (i) Bulbul Printing Press Road (ii) Lankeswar Gohain Path (iii) Reconstruction of road from SKF point to Madhubon Tiniali Road via Deohal (from Ch. 14400.00M to 16900.00M) under SOPD-G for the year 2025-26,Works,Open Tender,Item Rate,Civil Works – Roads,No,No,NA ,10-Jul-2025 06:55 PM,18-Jul-2025 04:00 PM ,180.0,No ,No,Online,30-Jul-2025 02:30 PM,Public Works Roads Department,Tinsukia,786125.0,2.0,"1,35,10,000",Ishan Baruah,"13,509,500",Accepted-AOC,10-Jun-2026,Public Works Roads Department
2026_PWD_50632_10,Tech/NDTRD/NIT/1028/4296 dated 28.01.2026,Tihu_PDNA_2025-26_82,Recovery and Re Construction of Banekuchi to Mohanbazar road under NDRF (PDNA - 2022) for the year 2025-26.,Works,Open Tender,Item Rate,Civil Works – Roads,No,No,NA ,03-Feb-2026 10:30 AM,NA ,180.0,No ,No,Online,13-Feb-2026 10:30 AM,Public Works Roads Department,Nalbari,781335.0,2.0,"23,47,000",ANJU DEKA,"1,919,846",Accepted-AOC,24-Jun-2026,Public Works Roads Department
2025_PWRDW_49401_5,RFB No. 716719/10,Udalguri/16 i) Br. on Ambagaon Kubirali Road to South Hagramari,CE/EAP/ARRBP/OCB/Bridge1/Udalguri/16 Construction of Bridge in Udalguri district i) Br. on Ambagaon Kubirali Road to South Hagramari,Works,Open Tender,Item Rate,Civil Works - Bridges,No,No,NA ,16-Dec-2025 06:55 PM,23-Dec-2025 11:00 AM ,180.0,No ,No,Online,06-Jan-2026 02:30 PM,Public Works Roads Department-Externally Aided Project||Public Works Road Department- World Bank Funded Tenders||PWD (R) - ARRBP,Udalguri,784524.0,2.0,"2,37,69,000",Dhaneswar Kalita,"23,293,619",Rejected-Finance,23-Jun-2026,Public Works Roads Department-Externally Aided Project||Public Works Road Department- World Bank Funded Tenders||PWD (R) - ARRBP
2026_BTC_51753_1,No. 07/BTC/KOK(R)/2025-26/04,"Repairing and Renovation of Cultural Complex Street Roads at Gaurang under the Administrative Grant of BTC, GAD for the year 2025-26. TN_129_01","Repairing and Renovation of Cultural Complex Street Roads at Gaurang under the Administrative Grant of BTC, GAD for the year 2025-26. TN_129_01",Works,Open Tender,Item Rate,Civil Works – Roads,No,No,NA ,09-Mar-2026 10:00 AM,NA ,180.0,No ,No,Online,30-Mar-2026 02:00 PM,Bodoland Territorial Council-PWD||Director Cum CHD - PWD BTC,Kokrajhar,783370.0,2.0,"2,35,46,948",SRI BIBEKANANDA DEY,"23,545,952.82",Rejected-AOC,06-Jun-2026,Bodoland Territorial Council-PWD||Director Cum CHD - PWD BTC
2026_AHVD_51693_1,763721/2025-26/DFA/1653637,RAIO KORSONTOLA,RAIO KORSONTOLA,Works,Open Tender,Item Rate,Miscellaneous Works,No,No,NA ,05-Mar-2026 05:45 PM,09-Mar-2026 01:00 PM ,180.0,No ,No,Online,22-Apr-2026 02:00 PM,Animal Husbandry and Veterinary Department||Directorate of A.H. and Veterinary||Assam Livestock and Poultry Corporation Ltd.,Sonitpur District,784001.0,2.0,"1,50,10,400",Sri Prasanta Kumar Dutta,"15,010,400",Rejected-Finance,17-Jun-2026,Animal Husbandry and Veterinary Department||Directorate of A.H. and Veterinary||Assam Livestock and Poultry Corporation Ltd.
2025_PWRDW_48965_11,EAP/ARRBP/02/TENDERS/2024/57,Bridge1/Bongaigaon/8 Brige No 5/1 Ulubari Betbari PMGSY Road to Chisponsila via Charapara,CE/EAP/ARRBP/OCB/Bridge1/Bongaigaon/8 Construction of Bridge in Bongaigaon district Brige No 5/1 Ulubari Betbari PMGSY Road to Chisponsila via Charapara,Works,Open Tender,Item Rate,Civil Works - Bridges,No,No,NA ,04-Dec-2025 05:00 PM,10-Dec-2025 11:00 AM ,90.0,No ,No,Online,24-Dec-2025 02:30 PM,Public Works Roads Department-Externally Aided Project||Public Works Road Department- World Bank Funded Tenders||Assam State Bridge Infrastructure Program,Bongaigaon District,783380.0,2.0,"1,91,37,600",Hafizur Rahman,"19,903,000",Accepted-AOC,22-Jun-2026,Public Works Roads Department-Externally Aided Project||Public Works Road Department- World Bank Funded Tenders||Assam State Bridge Infrastructure Program
2025_DoWR_49796_1,SRIBHUMI/2025-26/PDNA/WORK/V,RESTORATION OF FLOOD DAMAGE OF EMBANKMENT ALONG THE RIGHT BANK OF RIVER LONGAI AT DIFFERENT REACHES.,RESTORATION OF FLOOD DAMAGE OF EMBANKMENT ALONG THE RIGHT BANK OF RIVER LONGAI AT DIFFERENT REACHES.,Works,Open Tender,Works,Civil Works,No,No,NA ,31-Dec-2025 02:00 PM,NA ,180.0,No ,No,Online,13-Jan-2026 03:00 PM,Department of Water Resources||Chief Engineer - DoWR,SRIBHUMI,781034.0,2.0,"3,66,90,836",PINTU DEB,"36,684,013.4",Rejected-AOC,20-Jun-2026,Department of Water Resources||Chief Engineer - DoWR
2025_PWD_45408_122,CE/DEV/TB/60/2025-26/01 Dtd- 21.06.2025,MMPPNA_RIDF_XXXI_25_26_136 Construction of Road from (1) J.B Road to Nahatia Namghar Connecting Road (Ch. 0.00m to Ch. 2000.00m) (2) Potiagaon Charaimuria to Kathkatia Gaon Road from Ch. 0.00km to 1.20 km (L-1.20 Km) (3) Loliti E and D To Sesuguri an,MMPPNA_RIDF_XXXI_25_26_136 Construction of Road from (1) J.B Road to Nahatia Namghar Connecting Road (Ch. 0.00m to Ch. 2000.00m) (2) Potiagaon Charaimuria to Kathkatia Gaon Road from Ch. 0.00km to 1.20 km (L-1.20 Km) (3) Loliti E and D To Sesuguri an,Works,Open Tender,Item Rate,Civil Works – Roads,No,No,NA ,14-Jul-2025 09:00 AM,17-Jul-2025 12:00 PM ,180.0,No ,No,Online,28-Jul-2025 02:30 PM,Public Works Roads Department,Teok,785112.0,2.0,"4,40,43,000",Sri Subhasish Das,"44,033,000",Rejected-Finance,10-Jun-2026,Public Works Roads Department
2026_PWBNH_51134_1,W-24/2009-10/Pt-1/257-62 Dtd.16-01-2026,Model Public Toilet for Judicial Court Complex at Sivasagar District of Assam,Model Public Toilet for Judicial Court Complex at Sivasagar District of Assam,Works,Open Tender,Works,Civil Works - Building,No,No,NA ,13-Feb-2026 06:00 PM,17-Feb-2026 11:00 AM ,180.0,No ,No,Online,23-Feb-2026 03:30 PM,Public Works Building and NH Department||Chief Engineer-Building - PWBNH||SE-Jorhat Circle - PWBNH||EE-Sivsagar Building Division - PWBNH,Sivasagar,785640.0,2.0,"23,53,721",Ankush Goel,"2,118,348.9",Accepted-AOC,02-Jun-2026,Public Works Building and NH Department||Chief Engineer-Building - PWBNH||SE-Jorhat Circle - PWBNH||EE-Sivsagar Building Division - PWBNH
2025_DoWR_49387_1,KAMRUP METRO/2025-26/FFM/XXVI,Procurement of flood fighting materials (PSC Porcupine) for Water Resources Department for the year 2025-26 (BTAD W.R Zone) Ph IV.,Procurement of flood fighting materials (PSC Porcupine) for Water Resources Department for the year 2025-26 (BTAD W.R Zone) Ph IV.,Goods,Open Tender,Supply,Supply of Materials,No,No,NA ,16-Dec-2025 12:00 PM,NA ,180.0,No ,No,Online,31-Dec-2025 03:00 PM,Department of Water Resources||Chief Engineer - DoWR,KAMRUP METRO,781029.0,2.0,"84,44,175",MOON MOON ROY,"8,440,125",Accepted-AOC,26-Jun-2026,Department of Water Resources||Chief Engineer - DoWR
2025_PWD_45408_16,CE/DEV/TB/60/2025-26/01 Dtd- 21.06.2025,"MMPPNA_RIDF_XXXI_25_26_94 Construction of (i) Road from Binen dukan tiniali to jokaisuk LP (L- 1.53 Km), (ii) Gutiwari and Nohaat Pather Connecting road, (iii) Road from Tipuk Diamoli PWD road to Suburi Kordoiguri Gaon Road (L- 2.00 Km) under Mukhya","MMPPNA_RIDF_XXXI_25_26_94 Construction of (i) Road from Binen dukan tiniali to jokaisuk LP (L- 1.53 Km), (ii) Gutiwari and Nohaat Pather Connecting road, (iii) Road from Tipuk Diamoli PWD road to Suburi Kordoiguri Gaon Road (L- 2.00 Km) under Mukhya",Works,Open Tender,Item Rate,Civil Works – Roads,No,No,NA ,08-Jul-2025 02:00 PM,17-Jul-2025 12:00 PM ,180.0,No ,No,Online,28-Jul-2025 02:30 PM,Public Works Roads Department,Makum,786170.0,2.0,"3,66,10,000",RAJANISAIKIA,"32,033,750",Rejected-Finance,26-Jun-2026,Public Works Roads Department
2026_PWRDW_50657_1,EAP/ARRBP/02/TENDERS/2024/60,ARRBP/OCB/Bridge 1/Chirang/16 R.C.C Bridge No 4by1 on Bijni Panbari Road to Betbari Road,CE/EAP/ARRBP/OCB/Bridge 1/Chirang/16 R.C.C Bridge No 4by1 on Bijni Panbari Road to Betbari Road,Works,Open Tender,Item Rate,Civil Works - Bridges,No,No,NA ,03-Feb-2026 09:00 AM,10-Feb-2026 11:00 AM ,180.0,No ,No,Online,17-Feb-2026 02:30 PM,Public Works Roads Department-Externally Aided Project||Public Works Road Department- World Bank Funded Tenders||Assam State Bridge Infrastructure Program,Chirang district,783385.0,2.0,"1,89,22,000",SRI SHRIRAM RABIDAS,"19,482,414",Rejected-Technical,22-Jun-2026,Public Works Roads Department-Externally Aided Project||Public Works Road Department- World Bank Funded Tenders||Assam State Bridge Infrastructure Program
2026_PWD_50168_18,BSPTRD/TECH/PDNA/168/2025-26,BSPTRD/PDNA/2025-26/18,Recovery and Reconstruction of Kapahartari Thekargaon Bherarbhita road under NDRF (PDNA-2022) for the year 2025-26 of Barpeta District (25-Pakabetbari LAC),Works,Open Tender,Item Rate,Civil Works – Roads,No,No,NA ,13-Jan-2026 10:00 AM,NA ,180.0,No ,No,Online,02-Feb-2026 02:00 PM,Public Works Roads Department,Barpeta Road,781315.0,2.0,"25,00,000",Lucky Enterprise,"2,474,999.75",Rejected-Finance,26-Jun-2026,Public Works Roads Department
2026_PHED_51229_1,PHE_09_MM_PB_25_26_T_16333_38,Construction of New G plus 3 RCC Type-I Quarter at Hengrabari Health Complex under Guwahati-II PHE Division,Construction of New G plus 3 RCC Type-I Quarter at Hengrabari Health Complex under Guwahati-II PHE Division under the programme SOPD-G,Works,Open Tender,Works,Civil Works - Building,No,No,NA ,17-Feb-2026 10:00 AM,27-Feb-2026 04:00 PM ,180.0,No ,No,Online,16-Mar-2026 03:00 PM,Public Health Engineering Department||Chief Engineer PHE(P)-Assam-PHED||Lower Assam Zone-Guwahati-PHED||Guwahati Circle-Guwahati-PHED,Guwahati,781036.0,2.0,"4,49,50,000",YSM Construction & Co.,"44,949,999",Rejected-Technical,05-Jun-2026,Public Health Engineering Department||Chief Engineer PHE(P)-Assam-PHED||Lower Assam Zone-Guwahati-PHED||Guwahati Circle-Guwahati-PHED
2026_GMDA_52098_1,GMDA/DEV/27/2026/02,"Urban Climate Adaptation Measures Including Underground Retention Tanks, RWH, and Percolation blocks (Construction of source control measures for delaying runoff through underground retention tanks with RWH using modular eco-block arrangement)","Urban Climate Adaptation Measures Including Underground Retention Tanks, RWH, and Percolation blocks (Construction of source control measures for delaying runoff through underground retention tanks with RWH using modular eco-block arrangement)",Works,Open Tender,Works,Civil Works,No,No,NA ,16-Mar-2026 03:00 PM,NA ,180.0,No ,No,Online,06-Apr-2026 03:00 PM,Guwahati Metropolitan Development Authority||Guwahati Development Department - GMDA,GUWAHATI,781005.0,2.0,"20,00,00,000",NEWNESS,"199,957,883.3",Rejected-Technical,26-Jun-2026,Guwahati Metropolitan Development Authority||Guwahati Development Department - GMDA
2026_PHED_52325_1,IFB NO 02 OF 2026-27,Resolving low voltage issue at Kathalguri PWSS under SOPD of Bongaigaon (PHE) Division,Resolving low voltage issue at Kathalguri PWSS under SOPD of Bongaigaon (PHE) Division,Works,Open Tender,Works,Civil Works,No,No,NA ,15-May-2026 02:00 PM,NA ,30.0,No ,No,Online,05-Jun-2026 11:00 AM,Public Health Engineering Department||Chief Engineer PHE(P)-Assam-PHED||Lower Assam Zone-Guwahati-PHED||Nalbari Circle-Nalbari-PHED,Kathalguri PWSS,783392.0,2.0,"26,26,000",PHUKAN BAISHYA,"2,625,475",Rejected-Technical,19-Jun-2026,Public Health Engineering Department||Chief Engineer PHE(P)-Assam-PHED||Lower Assam Zone-Guwahati-PHED||Nalbari Circle-Nalbari-PHED
2026_GMC_51681_2,GER/CE/2505/2025/57 Date_05/03/2026,Construction of Community Hall under Ward No.56,Construction of Various Community Hall under Guwahati Municipal Corporation,Works,Open Tender,Lump-sum,Civil Works,No,No,NA ,13-Mar-2026 06:00 PM,NA ,120.0,No ,No,Online,27-Mar-2026 03:00 PM,Guwahati Municipal Corporation,Guwahati,781006.0,2.0,"20,00,000",D N ENTERPRISE,"1,600,000",Rejected-AOC,20-Jun-2026,Guwahati Municipal Corporation
2026_PWD_51674_2,DMJ/DRC/SOPD-G/1/2025-26/ 1296-1304 Date 26/02/2026,"Construction of road from No. 1 Sonapur Mahadevpur LP to Sani Mandir (Ch. 0.00m to Ch. 1650.00m, L 1.650Km) under SOPD G (Ch.0.00m to Ch. 1100.00m) for the year 2025-26.","Construction of road from No. 1 Sonapur Mahadevpur LP to Sani Mandir (Ch. 0.00m to Ch. 1650.00m,L 1.650Km) under SOPD G (Ch.0.00m to Ch. 1100.00m) for the year 2025-26.",Works,Open Tender,Works,Civil Works,No,No,NA ,05-Mar-2026 04:30 PM,NA ,180.0,No ,No,Online,26-Mar-2026 10:00 AM,Public Works Roads Department,Dhemaji,787057.0,2.0,"1,27,64,690",Bhackta Mohan Hazarika,"12,764,190",Rejected-AOC,20-Jun-2026,Public Works Roads Department
2025_PWD_48556_7,ARRBP/BR/01/2024/E696387/41,Cachar/27 i) Br. on Road From 4th KM of Jirighat Bahadurpur Road to Uttar Digli via Boma Pumjee,CE/EAP/ARRBP/OCB/Bridge-1/Cachar/27 Construction of Bridge in Cachar district i) Br. on Road From 4th KM of Jirighat Bahadurpur Road to Uttar Digli via Boma Pumjee,Works,Open Tender,Item Rate,Civil Works - Bridges,No,No,NA ,14-Nov-2025 09:00 AM,21-Nov-2025 11:00 AM ,90.0,No ,No,Online,28-Nov-2025 02:30 PM,Public Works Roads Department,Cachar District,788101.0,2.0,"2,64,94,000",DEBOPRIYO DEB,"27,816,051",Accepted-AOC,15-Jun-2026,Public Works Roads Department
2022_CU_27051_1,CU/SnP/2022/15,Procurement of Lab Equipment under DBT Builders Project,Procurement of Lab Equipment under DBT Builders Project,Goods,Open Tender,Item Rate,Laboratory and scientific equipment,No,No,NA ,19-Sep-2022 06:00 PM,NA ,30.0,No ,No,Online,11-Oct-2022 03:00 PM,Cotton University,Guwahati,781001.0,2.0,,Beckman Coulter India Pvt. Ltd.,"2,950,000",Accepted-AOC,08-Jun-2026,Cotton University
2026_PWD_51864_1,CE/DEV/TB/120/2025-26/ Dated 09-03-2026,SOPD_G_25_26_68 Widening and Restrengthening of Namfake village Road (L 1.800 Km from Ch.0.00m to Ch.1800.00 m) under SOPD-G for the year 2025-26,SOPD_G_25_26_68 Widening and Restrengthening of Namfake village Road (L 1.800 Km from Ch.0.00m to Ch.1800.00 m) under SOPD-G for the year 2025-26,Works,Open Tender,Item Rate,Civil Works – Roads,No,No,NA ,10-Mar-2026 06:00 PM,11-Mar-2026 12:00 PM ,180.0,No ,No,Online,16-Mar-2026 02:30 PM,Public Works Roads Department,Dibrugarh,786001.0,2.0,"2,33,25,000",Rajib Borah,"23,324,942",Rejected-Finance,06-Jun-2026,Public Works Roads Department
2025_BTC_49242_1,No.ACE-22/PWD/NIT/GW/25-26/17,Construction of Brahmapur to Salbari Road Ch 0.00m to Ch 1200.00m by providing ICBP under CMs Goodwill Mission Project under SOPD-G for the year 2025-26. TN_66KOK_SOPD-04,Construction of Brahmapur to Salbari Road Ch 0.00m to Ch 1200.00m by providing ICBP under CMs Goodwill Mission Project under SOPD-G for the year 2025-26. TN_66KOK_SOPD-04,Works,Open Tender,Item Rate,Civil Works – Roads,No,No,NA ,15-Dec-2025 12:00 PM,NA ,180.0,No ,No,Online,06-Jan-2026 11:00 AM,Bodoland Territorial Council-PWD||Director Cum CHD - PWD BTC,Kokrajhar,783370.0,2.0,"1,50,00,000",Arjun Saha,"14,997,800",Rejected-AOC,09-Jun-2026,Bodoland Territorial Council-PWD||Director Cum CHD - PWD BTC
2026_PWD_51027_1,Tech/NDTRD/NIT/1028/4360 dated 10.02.2026,Tihu_PDNA_2025-26_94,Recovery and Reconstruction of Bangaon Bhagabati Supa to Simaliya road under NDRF(PDNA-2022) for the year 2025-26.,Works,Open Tender,Item Rate,Civil Works – Roads,No,No,NA ,13-Feb-2026 10:30 AM,NA ,180.0,No ,No,Online,21-Feb-2026 10:30 AM,Public Works Roads Department,Nalbari,781335.0,2.0,"27,00,000",Md. Chan Ali,"1,997,695",Rejected-Finance,15-Jun-2026,Public Works Roads Department
2025_PWD_45926_181,CE/DEV/TB/60/2025-26/06 Dtd- 14.07.2025,"MMPPNA_RIDF_XXXI_25_26_325 Construction of road from (1) Jagya Mandir to Swahid Bhaskar Kumar Statue of West Bichennala Road including Bhakat Tola Chuburi, (2) Gurkuchi Bamun Suba to Boro Suba, (3) Tarani Arimatta Gar to Napam Gopal Mandir and (4) J","MMPPNA_RIDF_XXXI_25_26_325 Construction of road from (1) Jagya Mandir to Swahid Bhaskar Kumar Statue of West Bichennala Road including Bhakat Tola Chuburi, (2) Gurkuchi Bamun Suba to Boro Suba, (3) Tarani Arimatta Gar to Napam Gopal Mandir and (4) J",Works,Open Tender,Item Rate,Civil Works – Roads,No,No,NA ,02-Aug-2025 06:55 PM,04-Aug-2025 12:00 PM ,180.0,No ,No,Online,14-Aug-2025 02:30 PM,Public Works Roads Department,Rangia,781354.0,2.0,"4,29,72,000",Kishor Kalita,"42,972,000",Accepted-AOC,08-Jun-2026,Public Works Roads Department
2022_NHM_24246_9,NHM-32050/115/2021-Const-NHM,"Repairing Renovation of 120 Nos of Subcentres to upgrade them as Health and Wellness Centres at various places of Assam of RoP 2021-22 Group-9, 5 nos in Jorhat District","Repairing Renovation of 120 Nos of Subcentres to upgrade them as Health and Wellness Centres at various places of Assam of RoP 2021-22 Group-9, 5 nos in Jorhat District",Works,Open Tender,Item Rate,Civil Works - Building,No,No,NA ,07-Feb-2022 10:00 AM,NA ,180.0,No ,No,Online,15-Feb-2022 02:00 PM,National Health Mission||State Programme Management Unit - NHM,Jorhat,785001.0,2.0,"29,61,105",Sri Khagen Kalita,"2,842,661",Not Admitted-Fee/PreQual/Technical,24-Jun-2026,National Health Mission||State Programme Management Unit - NHM
2025_PWD_47784_1,1105.0,Construction of road from Bagta to Satyanath Path embankment approach under SOPD (G) for the year 2025-26,NKTRD(R)/ SOPD(G)/ 2025-26/03,Works,Open Tender,Item Rate,Civil Works – Roads,No,No,NA ,03-Oct-2025 11:00 AM,04-Oct-2025 12:00 PM ,180.0,No ,No,Online,15-Oct-2025 01:00 PM,Public Works Roads Department,Rangia LAC,781382.0,2.0,"11,31,102",BISWAJIT DAS,"1,131,102",Accepted-AOC,26-May-2026,Public Works Roads Department
2025_APDCL_47474_1,CGM(DandS)/APDCL/LAR/UNITY MALL/2025-26/04,Construction of 33KV line for supply of power to Unity Mall under Garbhanga Electrical Sub-Division under Deposit Work Scheme on Full Turnkey Mode.,Construction of 33KV line for supply of power to Unity Mall under Garbhanga Electrical Sub-Division under Deposit Work Scheme on Full Turnkey Mode.,Works,Open Tender,Turn-key,Electrical Works,No,No,NA ,11-Sep-2025 04:00 PM,16-Sep-2025 03:00 PM ,240.0,No ,No,Online,26-Sep-2025 02:00 PM,Assam Power Distribution Company Ltd||CGM(D) Lower Assam Region - APDCL,guwahati,781001.0,2.0,"83,47,414",THE GLOBAL CENTRE,"6,677,931.2",Rejected-Technical,11-Jun-2026,Assam Power Distribution Company Ltd||CGM(D) Lower Assam Region - APDCL
2025_BoTC_42067_1,DPRD/BTC/(15th FC)/Untied-177/2023/10,Construction of road with sand gravelling from Bhalukjhora Kazigaon Link road to Puran Panbari under 15th FC untied Grant for the year 2023-24 during 2024-25.,DPRD/BTC/(15th FC)/Untied-177/2023/10,Works,Open Tender,Item Rate,Civil Works,No,No,NA ,13-Jan-2025 10:30 AM,NA ,180.0,No ,No,Online,27-Jan-2025 02:30 PM,Bodoland Territorial Council||Panchayat and Rural Development-BTC,Debitola Kokrajhar,783339.0,2.0,"19,82,457",Sashanka Narzary,"1,982,456.6",Rejected-AOC,15-Feb-2025,Bodoland Territorial Council||Panchayat and Rural Development-BTC
2025_PWD_45408_145,CE/DEV/TB/60/2025-26/01 Dtd- 21.06.2025,"MMPPNA_RIDF_XXXI_25_26_131 Improvement of Road from (i) Neairgram Trimukha to Neairgram (Khalorpar) (ii) Gobindapur Bazar to Bagpur ONGC Point, (iii) Kaptanpur Turning Point to Kandigram (Sonai Part) and (iv) Sonai Banskandi Road (Gobindapur) under M","MMPPNA_RIDF_XXXI_25_26_131 Improvement of Road from (i) Neairgram Trimukha to Neairgram (Khalorpar) (ii) Gobindapur Bazar to Bagpur ONGC Point, (iii) Kaptanpur Turning Point to Kandigram (Sonai Part) and (iv) Sonai Banskandi Road (Gobindapur) under M",Works,Open Tender,Item Rate,Civil Works – Roads,No,No,NA ,15-Jul-2025 02:00 PM,17-Jul-2025 12:00 PM ,180.0,No ,No,Online,28-Jul-2025 02:30 PM,Public Works Roads Department,Sonai,788006.0,2.0,"2,14,00,000",SHAILENDRA CHANDA,"21,399,500",Rejected-Finance,30-Jun-2026,Public Works Roads Department
2025_HFWD_42753_1,AMSCL/Equip-Proc/24-25/ECF 607820,T PIECE RESUSCITATOR,T PIECE RESUSCITATOR,Goods,Open Tender,Buy,Medical Equipments/Waste,No,No,NA ,17-Feb-2025 06:00 PM,24-Feb-2025 03:00 PM ,180.0,No ,No,Online,07-Mar-2025 04:30 PM,Health and Family Welfare Department||Assam Medical Services Corporation Limited,Guwahati,781026.0,2.0,"28,60,000",ITAS G. PHARMA,1.0,Rejected-Finance,09-Jun-2026,Health and Family Welfare Department||Assam Medical Services Corporation Limited
2025_PWD_45818_12,CE/Commn/16/2025-26/04,Majuli/SOPD/03,1)Improvement of Dakhinpath Satra Approach road with Parking2) Construction of Rawnapara BTC Road Under SOPD-G year 2025-26 inMajuli LAC Under Majuli District Territorial Road Division,Works,Open Tender,Item Rate,Civil Works – Roads,No,No,NA ,22-Jul-2025 12:00 PM,28-Jul-2025 04:00 PM ,180.0,No ,No,Online,11-Aug-2025 02:30 PM,Public Works Roads Department,Majuli,785106.0,2.0,"1,05,64,900",Amlan Deep Borah,"10,562,000",Accepted-AOC,04-Jun-2026,Public Works Roads Department
2026_DoWR_51264_1,MORIGAON/2025-26/SOPD-G/XI,Construction of Flood Embankment on Right Bank of River Pokoria from Tetliguri to Patekibori. (Ph V),Construction of Flood Embankment on Right Bank of River Pokoria from Tetliguri to Patekibori. (Ph V),Works,Open Tender,Works,Civil Works,No,No,NA ,17-Feb-2026 06:55 PM,NA ,180.0,No ,No,Online,25-Feb-2026 03:00 PM,Department of Water Resources||Chief Engineer - DoWR,"Teteliguri, Morigaon",782411.0,2.0,"3,37,40,348",Progressive Enterprises,"33,690,348.09",Rejected-AOC,24-Jun-2026,Department of Water Resources||Chief Engineer - DoWR
2025_PWD_47445_1,CE/STBR/SOPD G/NIT/07/2025-26/22 Dated 04-09-2025,"STBR/SOPD-G/Tinsukia/01 Construction of RCC Bridge No. 1/1 over Lakhimi Nala on Hospital Chariali to Tupsina Ghat Road at ch.0.4 km under Tinsukia, Doomdooma, Makum and Sadiya Territorial Road Division, Tinsukia District","STBR/SOPD-G/Tinsukia/01 Construction of RCC Bridge No. 1/1 over Lakhimi Nala on Hospital Chariali to Tupsina Ghat Road at ch.0.4 km under Tinsukia, Doomdooma, Makum and Sadiya Territorial Road Division, Tinsukia District",Works,Open Tender,Item Rate,Civil Works – Roads,No,No,NA ,10-Sep-2025 06:30 PM,15-Sep-2025 11:00 AM ,180.0,No ,No,Online,03-Oct-2025 11:00 AM,Public Works Roads Department,Tinsukia,786125.0,2.0,"1,61,14,000",Biswajit Gogoi,"16,110,000",Accepted-AOC,29-Jun-2026,Public Works Roads Department
2026_PWRDW_50199_1,eCF No. 743008/1,Bridge1/Kokrajhar/23 R.C.C Br No 1/1 Sinslibari patakata road,CE/EAP/ARRBP/OCB/Bridge1/Kokrajhar/23 R.C.C Br No 1/1 Sinslibari patakata road,Works,Open Tender,Item Rate,Civil Works - Building,No,No,NA ,13-Jan-2026 12:15 PM,NA ,180.0,No ,No,Online,03-Feb-2026 02:30 PM,Public Works Roads Department-Externally Aided Project||Public Works Road Department- World Bank Funded Tenders||Assam State Bridge Infrastructure Program,Kokrajhar district,783370.0,2.0,"2,37,92,300",PARTHA PRATIM MAZUMDAR,"24,950,000",Accepted-AOC,22-Jun-2026,Public Works Roads Department-Externally Aided Project||Public Works Road Department- World Bank Funded Tenders||Assam State Bridge Infrastructure Program
2025_AHVD_45433_1,CVS/P-6/Tender/2025-26/78,Procurement of veterinary medicines etc.,Procurement of veterinary medicines etc.,Goods,Open Tender,Item Wise,Medicines,No,No,NA ,09-Jul-2025 11:00 AM,14-Jul-2025 01:00 PM ,180.0,No ,No,Online,31-Jul-2025 11:00 AM,Animal Husbandry and Veterinary Department||Directorate of A.H. and Veterinary,"Chenikuthi, Guwahati, Assam",781003.0,2.0,,M/S. SISIR PHARMACEUTICALS,"630,240",Rejected-AOC,03-Jun-2026,Animal Husbandry and Veterinary Department||Directorate of A.H. and Veterinary
2025_PWD_49183_3,EE/DCLKT/NIT/SOPD-G/1/2025/5,"Construction of Road from (i) Diksam Kinar Tukheshwar Tiniali to Roheswar Tiniali (L 1.00 Km), (ii) Ghugul Basti Tiniali to Tiliputi Tiniali (L 1.20 Km) by providing GWC and Cross Drainage works under SOPD-G for the year 2025-26","Construction of Road from (i) Diksam Kinar Tukheshwar Tiniali to Roheswar Tiniali (L 1.00 Km), (ii) Ghugul Basti Tiniali to Tiliputi Tiniali (L 1.20 Km) by providing GWC and Cross Drainage works under SOPD-G for the year 2025-26",Works,Open Tender,Item Rate,Civil Works – Roads,No,No,NA ,21-Feb-2026 02:00 PM,NA ,180.0,No ,No,Online,26-Feb-2026 02:30 PM,Public Works Roads Department,Tingkhong,786612.0,2.0,"27,25,314",J. P. Construction,"2,723,936",Accepted-AOC,30-Jun-2026,Public Works Roads Department
2025_PWD_46191_40,CE/DEV/TB/122/2025-26/1 Dtd- 01.08.2025,BTR_RIDF_XXXI_25_26_18 Construction of RCC Bridge No.1/1 on Barpathar Bazar to Barshijhar road under RIDF-XXXI of NABARD for the year 2025-26.,BTR_RIDF_XXXI_25_26_18 Construction of RCC Bridge No.1/1 on Barpathar Bazar to Barshijhar road under RIDF-XXXI of NABARD for the year 2025-26.,Works,Open Tender,Item Rate,Civil Works – Roads,No,No,NA ,07-Aug-2025 01:00 PM,11-Aug-2025 12:00 PM ,180.0,No ,No,Online,14-Aug-2025 02:30 PM,Public Works Roads Department,Bijni,783390.0,2.0,"2,42,51,000",LAJIK BRAHMA,"24,250,111",Accepted-AOC,08-Jun-2026,Public Works Roads Department
2025_PWRDW_48257_4,CE/EAP/693196/03,Construction of Bridge in Kamrup district i) Br. No. 11/2 on Lamapara to Goroimari Road,CE/EAP/ARRBP/OCB/Bridge-1/Kamrup/23 Construction of Bridge in Kamrup district i) Br. No. 11/2 on Lamapara to Goroimari Road,Works,Open Tender,Item Rate,Civil Works - Bridges,No,No,NA ,28-Oct-2025 12:00 PM,NA ,180.0,No ,No,Online,10-Nov-2025 02:30 PM,Public Works Roads Department-Externally Aided Project||Public Works Road Department- World Bank Funded Tenders||Assam State Bridge Infrastructure Program,Kamrup,781123.0,2.0,"1,11,44,000",Paresh Kalita,"11,701,200",Accepted-AOC,23-Jun-2026,Public Works Roads Department-Externally Aided Project||Public Works Road Department- World Bank Funded Tenders||Assam State Bridge Infrastructure Program
2026_PWRDW_50844_7,EAP/ARRBP/02/TENDERS/2024/60,ARRBP/OCB/Bridge1/Kokrajhar/25 Construction of RCC Bridge no.3/1- Harafuta to Simultapu via Nayagaon,CE/EAP/ARRBP/OCB/Bridge1/Kokrajhar/25 Construction of RCC Bridge no.3/1- Harafuta to Simultapu via Nayagaon,Works,Open Tender,Item Rate,Civil Works - Bridges,No,No,NA ,06-Feb-2026 12:00 PM,10-Feb-2026 11:00 AM ,180.0,No ,No,Online,25-Feb-2026 02:30 PM,Public Works Roads Department-Externally Aided Project||Public Works Road Department- World Bank Funded Tenders||Assam State Bridge Infrastructure Program,Kokrajhar district,783370.0,2.0,"4,00,74,000",SUNITI CONSTRUCTION PVT LTD,"41,676,960",Rejected-Finance,22-Jun-2026,Public Works Roads Department-Externally Aided Project||Public Works Road Department- World Bank Funded Tenders||Assam State Bridge Infrastructure Program
2025_PWD_49039_4,CE/Commn/186/SDMF/2025-26/3,Kamrup/SDMF/02,Protection and Prevention of Krishna Nagar under North Guwahati revenue circle from landslide hazard near Aswaklanta Devalaya under SDMF for the yr 25-26 in Kamrup Dist of Assam Jalukbari LAC,Works,Open Tender,Item Rate,Civil Works – Roads,No,No,NA ,04-Dec-2025 02:30 PM,NA ,180.0,No ,No,Online,20-Dec-2025 02:30 PM,Public Works Roads Department,Jalukbari,781030.0,2.0,"4,80,26,000",Rang Private Limited,"48,024,892",Rejected-AOC,15-Jun-2026,Public Works Roads Department
2025_PWD_49039_5,CE/Commn/186/SDMF/2025-26/3,Kamrup/SDMF/03,Protection and Prevention of Ananda Nagar area under North Guwahati revenue circle from landslide under SDMF for the yr 25-26 in Kamrup Dist of Assam Jalukbari LAC,Works,Open Tender,Item Rate,Civil Works – Roads,No,No,NA ,04-Dec-2025 02:30 PM,NA ,180.0,No ,No,Online,20-Dec-2025 02:30 PM,Public Works Roads Department,Jalukbari,781030.0,2.0,"17,75,00,000",Rang Private Limited,"177,499,185.68",Rejected-AOC,12-Jun-2026,Public Works Roads Department
2026_PWBNH_52099_1,SE/BII/Tech/B.ScNursing/RGN,"Repairing of Roof and wall leakages of Bathroom and Toilets including Sanitary Fittings and Drainage System in the 1st, 2nd and 3rd floor, ground floor of B.Sc Nursing Hostel of Regional College of Nursing, Guwahati- 32","Repairing of Roof and wall leakages of Bathroom and Toilets including Sanitary Fittings and Drainage System in the 1st, 2nd and 3rd floor, ground floor of B.Sc Nursing Hostel of Regional College of Nursing, Guwahati- 32",Works,Open Tender,Item Wise,Civil Works - Building,No,No,NA ,16-Mar-2026 01:30 PM,20-Mar-2026 12:00 PM ,180.0,No ,No,Online,07-Apr-2026 11:30 AM,Public Works Building and NH Department||Chief Engineer-Building - PWBNH||SE-Guwahati Circle-2 - PWBNH,Regional College of Nursing,781032.0,2.0,"81,51,226",Sri Mrinal Saikia,"6,638,358",Rejected-AOC,04-Jun-2026,Public Works Building and NH Department||Chief Engineer-Building - PWBNH||SE-Guwahati Circle-2 - PWBNH
2026_BoTC_51085_1,SE(RB)/20-21/Pt-III/45/208_5,Package No.208_5,"Recovery and Reconstruction of 6.0m span RCC Slab culvert at No.3 Amjuli to Garobasti road under PWD, Udalguri Rural Road Sub-Division, Udalguri under NDRF (PDNA-2022) in Udalguri District for the year 2025-26.",Works,Open Tender,Item Rate,Civil Works – Roads,No,No,NA ,12-Feb-2026 02:00 PM,NA ,180.0,No ,No,Online,02-Mar-2026 01:30 PM,Bodoland Territorial Council||PWD-BTC,"Amjuli, Udalguri dist",784510.0,2.0,"37,18,875",SHAHIL ENTERPRISE,"3,718,000",Rejected-AOC,10-Jun-2026,Bodoland Territorial Council||PWD-BTC
2026_PWRDW_50844_6,EAP/ARRBP/02/TENDERS/2024/60,"ARRBP/OCB/Bridge1/Kokrajhar/24 Construction of RCC Bridge No. 1/1, Anantkutir LP School Road","CE/EAP/ARRBP/OCB/Bridge1/Kokrajhar/24 Construction of RCC Bridge No 1/1, Anantkutir LP School Road",Works,Open Tender,Item Rate,Civil Works - Bridges,No,No,NA ,06-Feb-2026 12:00 PM,10-Feb-2026 11:00 AM ,180.0,No ,No,Online,25-Feb-2026 02:30 PM,Public Works Roads Department-Externally Aided Project||Public Works Road Department- World Bank Funded Tenders||Assam State Bridge Infrastructure Program,Kokrajhar district,783370.0,2.0,"2,36,78,000",AMIR UDDIN KHAN,"23,662,757",Accepted-AOC,22-Jun-2026,Public Works Roads Department-Externally Aided Project||Public Works Road Department- World Bank Funded Tenders||Assam State Bridge Infrastructure Program
2025_PWRDW_48257_5,CE/EAP/693196/03,Construction of Bridges in Kamrup district i) Br. No. 3/1 on Fullung Bezera Road ii) Br. No. 6/1 on Fullung Bezera Road,CE/EAP/ARRBP/OCB/Bridges-2/Kamrup/25 Construction of Bridges in Kamrup district i) Br. No. 3/1 on Fullung Bezera Road ii) Br. No. 6/1 on Fullung Bezera Road,Works,Open Tender,Item Rate,Civil Works - Bridges,No,No,NA ,28-Oct-2025 12:00 PM,NA ,180.0,No ,No,Online,10-Nov-2025 02:30 PM,Public Works Roads Department-Externally Aided Project||Public Works Road Department- World Bank Funded Tenders||Assam State Bridge Infrastructure Program,Kamrup,781030.0,2.0,"52,23,000",M/S Prakalpa,"4,626,266",Accepted-AOC,23-Jun-2026,Public Works Roads Department-Externally Aided Project||Public Works Road Department- World Bank Funded Tenders||Assam State Bridge Infrastructure Program
2025_PWD_46191_55,CE/DEV/TB/122/2025-26/1 Dtd- 01.08.2025,BTR_RIDF_XXXI_25_26_42 Construction of RCC Bridge over Ujani Dong including approach road under RIDF-XXXI of NABARD for the year 2025-26.,BTR_RIDF_XXXI_25_26_42 Construction of RCC Bridge over Ujani Dong including approach road under RIDF-XXXI of NABARD for the year 2025-26.,Works,Open Tender,Item Rate,Civil Works – Roads,No,No,NA ,07-Aug-2025 04:00 PM,11-Aug-2025 12:00 PM ,180.0,No ,No,Online,14-Aug-2025 02:30 PM,Public Works Roads Department,Sidli Cirang,783393.0,2.0,"2,60,00,000",BIJIT BRAHMA,"25,997,000",Accepted-AOC,09-Jun-2026,Public Works Roads Department
2026_BTC_49929_1,No.25/PWD/IFB/BTC/2025-26/51,Reconstruction of road from Tebitola to Narayanpur Sariali under SOPD-G for the year 2025-26. BTR_SOPD_G_25_41,Reconstruction of road from Tebitola to Narayanpur Sariali under SOPD-G for the year 2025-26. BTR_SOPD_G_25_41,Works,Open Tender,Item Rate,Civil Works – Roads,No,No,NA ,05-Jan-2026 12:00 PM,NA ,180.0,No ,No,Online,28-Jan-2026 11:00 AM,Bodoland Territorial Council-PWD||Director Cum CHD - PWD BTC,Kokrajhar,783370.0,2.0,"1,89,38,000",Benudhar Pegu,"18,938,000",Rejected-AOC,23-Jun-2026,Bodoland Territorial Council-PWD||Director Cum CHD - PWD BTC
2025_BoTC_45243_1,DPRD/BTC/15th FC/UT(VIII)/Udl-03/2025/10,"Const. of slab culvert at Mora nadi near Porja Samaj Cementary under Hatigarh VCDC under 15th Finance Commission Untied Grant, for the year 2023-24 during 2025-26.",DPRD/BTC/15th FC/UT(VIII)/Udl-03/2025/10,Works,Open Tender,Item Rate,Civil Works,No,No,NA ,30-Jun-2025 10:30 AM,NA ,180.0,No ,No,Online,15-Jul-2025 03:30 PM,Bodoland Territorial Council||Panchayat and Rural Development-BTC,Udalguri,784509.0,2.0,"22,00,000",ANSUMA BORO,"2,199,858",Accepted-AOC,01-Aug-2025,Bodoland Territorial Council||Panchayat and Rural Development-BTC
2026_BoTC_52256_1,SE(RB)/20-21/Pt-IV/04/213_2,Package No.213_2,"Construction of CC Block Road from Kaila Chowk to Harisinga Football Field under SOPD, BTC for the year 2025-26.",Works,Open Tender,Item Rate,Civil Works – Roads,No,No,NA ,08-May-2026 05:00 PM,NA ,180.0,No ,No,Online,29-May-2026 01:30 PM,Bodoland Territorial Council||PWD-BTC,Udalguri dist,784510.0,2.0,"1,04,99,995",MANAS DAS,"10,499,000",Accepted-AOC,10-Jun-2026,Bodoland Territorial Council||PWD-BTC
2025_BTC_49346_1,No.ACE-22/PWD/NIT/GW/25-26/19,Construction of Road from NH-17 Chataguri near Idd Gah to Sukanjhora under CMs Goodwill Mission Project under RIDF-XXXI for 2025-26 under BTC Providing ICBP RCC Box Culverts. TN_67KOK_RIDF-XXXI-37,Construction of Road from NH-17 Chataguri near Idd Gah to Sukanjhora under CMs Goodwill Mission Project under RIDF-XXXI for 2025-26 under BTC Providing ICBP RCC Box Culverts. TN_67KOK_RIDF-XXXI-37,Works,Open Tender,Item Rate,Civil Works – Roads,No,No,NA ,15-Dec-2025 12:00 PM,NA ,180.0,No ,No,Online,09-Jan-2026 02:00 PM,Bodoland Territorial Council-PWD||Director Cum CHD - PWD BTC,Kokrajhar,783370.0,2.0,"1,49,99,927",DEBOJYOTI BRAHMA,"14,999,895",Accepted-AOC,23-Jun-2026,Bodoland Territorial Council-PWD||Director Cum CHD - PWD BTC
2026_SCD_52484_2,Tender/NIT/Pt-II/2026-27/646,Jengrai Chapori Riverine Land Protection cum Land Development Project under SDMF.,Jengrai Chapori Riverine Land Protection cum Land Development Project under SDMF.,Works,Open Tender,Item Rate,Civil Works,No,No,NA ,22-May-2026 04:00 PM,NA ,180.0,No ,No,Online,03-Jun-2026 10:00 AM,Soil Conservation Department||Director - SCD,Majuli Soil Conservation Division,785104.0,2.0,"2,96,53,600",HARI PRASAD PEGU,"29,638,760",Accepted-AOC,26-Jun-2026,Soil Conservation Department||Director - SCD
2025_PWD_45408_144,CE/DEV/TB/60/2025-26/01 Dtd- 21.06.2025,"MMPPNA_RIDF_XXXI_25_26_132 Improvement of (i) S.M.D Road, (ii) Road from Sonai Town Old RCC Bridge to Roy Para via Sonai Town, and (iii) Nawaraj PWD Road to Kajidahar PWD Road by SDBC under Mukhya Mantrir Paki Path Nirman Achani (MMPPNA) under RIDF-X","MMPPNA_RIDF_XXXI_25_26_132 Improvement of (i) S.M.D Road, (ii) Road from Sonai Town Old RCC Bridge to Roy Para via Sonai Town, and (iii) Nawaraj PWD Road to Kajidahar PWD Road by SDBC under Mukhya Mantrir Paki Path Nirman Achani (MMPPNA) under RIDF-X",Works,Open Tender,Item Rate,Civil Works – Roads,No,No,NA ,15-Jul-2025 09:00 AM,17-Jul-2025 12:00 PM ,180.0,No ,No,Online,28-Jul-2025 02:30 PM,Public Works Roads Department,Sonai,788006.0,2.0,"1,76,00,000",BHARAT TRADERS,"17,216,633.5",Accepted-AOC,09-Jun-2026,Public Works Roads Department
2026_BTC_51199_1,No.ACE-133/PWD/G.79/2025-26/69,"Construction of Chilarai Statue at Orang under SOPD Bodoland Welfare Department, 2025-26. TN_111_41","Construction of Chilarai Statue at Orang under SOPD Bodoland Welfare Department, 2025-26. TN_111_41",Works,Open Tender,Item Rate,Civil Works - Building,No,No,NA ,16-Feb-2026 12:00 PM,NA ,180.0,No ,No,Online,05-Mar-2026 11:00 AM,Bodoland Territorial Council-PWD||Director Cum CHD - PWD BTC,Kokrajhar,783370.0,2.0,"18,99,768",JAGANNATH DAIMARI,"1,898,658",Rejected-Technical,03-Jun-2026,Bodoland Territorial Council-PWD||Director Cum CHD - PWD BTC
2026_BoTC_52296_1,TECH-28/SE(RB)/2019-20/26,Construction of ICBP road from Motonga to Narshigbari road under Dhekiajani VCDC in Baksa District for the year 2025-26. TN-395-1.,Construction of ICBP road from Motonga to Narshigbari road under Dhekiajani VCDC in Baksa District for the year 2025-26. TN-395-1.,Works,Open Tender,Works,Civil Works – Roads,No,No,NA ,11-May-2026 06:00 PM,NA ,180.0,No ,No,Online,20-May-2026 02:00 PM,Bodoland Territorial Council||PWD-BTC,Baksa,781346.0,2.0,"84,13,803",TAHAMINA KHATUN,"8,411,330",Rejected-Finance,16-Jun-2026,Bodoland Territorial Council||PWD-BTC
2026_DoWR_50709_1,GOLAGHAT/2025-26/SOPD-G/V,Anti-erosion measures at Bogoriani area on the right bank of river Dhansiri.,Anti-erosion measures at Bogoriani area on the right bank of river Dhansiri.,Works,Open Tender,Works,Civil Works,No,No,NA ,02-Feb-2026 06:55 PM,NA ,180.0,No ,No,Online,16-Feb-2026 03:00 PM,Department of Water Resources||Chief Engineer - DoWR,"Bogoriani, Golaghat",785621.0,2.0,"4,95,40,168",M/S. M.P. AGARWALLA,"49,529,859.03",Accepted-AOC,13-Jun-2026,Department of Water Resources||Chief Engineer - DoWR
2026_BTC_51034_22,ACE-25/PWD/IFB/BTC/2025-26/70,Construction of CC Block road from Saikiachuburi road to Bhogdol via road under SOPD-BTC for the year 2025-26. (TN_118_22),Construction of CC Block road from Saikiachuburi road to Bhogdol via road under SOPD-BTC for the year 2025-26.,Works,Open Tender,Item Rate,Civil Works,No,No,NA ,11-Feb-2026 10:00 AM,18-Feb-2026 12:00 PM ,180.0,No ,No,Online,02-Mar-2026 03:00 PM,Bodoland Territorial Council-PWD||Director Cum CHD - PWD BTC,Udalguri,784509.0,2.0,"88,27,997",RATUL BRAHMA,"8,827,997",Rejected-AOC,03-Jun-2026,Bodoland Territorial Council-PWD||Director Cum CHD - PWD BTC
2026_SCD_49976_6,Tender/NIT/Pt-I/2025-26/5924,Integrated Land Reclamation and Water Harvesting Structure at Nabhanga Village Jugi Nala No 1 under RIDF-XXXI,Integrated Land Reclamation and Water Harvesting Structure at Nabhanga Village Jugi Nala No 1 under RIDF-XXXI,Works,Open Tender,Item Rate,Civil Works,No,No,NA ,06-Jan-2026 02:00 PM,12-Jan-2026 12:00 PM ,180.0,No ,No,Online,28-Jan-2026 03:00 PM,Soil Conservation Department||Director - SCD,Nagaon Soil Conservation Division,782001.0,2.0,"34,83,375",Bailung Brothers,"3,030,536",Accepted-AOC,08-Jun-2026,Soil Conservation Department||Director - SCD
2026_BTC_51001_1,No.ACE-133/PWD/G.79/2025-26/67,"Repairing and Renovation of Lilananda Bidya Niketan High School in No.40 Rowta Constituency, Udalguri District under Grant No.79 (WBD) in BTC Area. TN_107_27","Repairing and Renovation of Lilananda Bidya Niketan High School in No.40 Rowta Constituency, Udalguri District under Grant No.79 (WBD) in BTC Area. TN_107_27",Works,Open Tender,Item Rate,Civil Works - Building,No,No,NA ,10-Feb-2026 02:00 PM,NA ,180.0,No ,No,Online,23-Feb-2026 02:00 PM,Bodoland Territorial Council-PWD||Director Cum CHD - PWD BTC,Kokrajhar,783370.0,2.0,"59,99,968",JAGANNATH DAIMARI,"5,998,530",Rejected-Technical,03-Jun-2026,Bodoland Territorial Council-PWD||Director Cum CHD - PWD BTC
2026_PWD_51674_3,DMJ/DRC/SOPD-G/1/2025-26/ 1296-1304 Date 26/02/2026,"Construction of Road from Mohoricamp to Majgaon Shiv Mandir (From Ch. 0.00m to Ch. 1200.00m, L 1.20Km) under SOPD-G for the year 2025-26, 78 No. Dhemaji ST LAC","Construction of Road from Mohoricamp to Majgaon Shiv Mandir (From Ch. 0.00m to Ch. 1200.00m, L 1.20Km) under SOPD-G for the year 2025-26, 78 No. Dhemaji ST LAC",Works,Open Tender,Works,Civil Works,No,No,NA ,05-Mar-2026 04:30 PM,NA ,180.0,No ,No,Online,26-Mar-2026 10:00 AM,Public Works Roads Department,Dhemaji,787057.0,2.0,"78,74,969",Bhackta Mohan Hazarika,"7,874,900",Rejected-AOC,16-Jun-2026,Public Works Roads Department
2026_BTC_51034_8,ACE-25/PWD/IFB/BTC/2025-26/70,Construction of CC Block road from Dhansirighat Lmabari road to Potabil Village under SOPD-BTC for the year 2025-26. (TN_118_8),Construction of CC Block road from Dhansirighat Lmabari road to Potabil Village under SOPD-BTC for the year 2025-26.,Works,Open Tender,Item Rate,Civil Works,No,No,NA ,11-Feb-2026 10:00 AM,18-Feb-2026 12:00 PM ,180.0,No ,No,Online,02-Mar-2026 03:00 PM,Bodoland Territorial Council-PWD||Director Cum CHD - PWD BTC,Udalguri,784509.0,2.0,"87,70,998",BICHITRA BASUMATARY,"8,770,798",Rejected-AOC,03-Jun-2026,Bodoland Territorial Council-PWD||Director Cum CHD - PWD BTC
2025_UDD_48171_1,DMB/15th FC/TG/2025/708,"Supply and Construction of drinking water facility with canopy (Shed) at 9 no, of proposed locations of Dergaon Muncipal Board under 15th FC Tied Grant for the year 2020-21 (2nd Instalment) and 2021-22 Tied Grant (1st and 2nd Instalment)","Supply and Construction of drinking water facility with canopy (Shed) at 9 no, of proposed locations of Dergaon Muncipal Board under 15th FC Tied Grant for the year 2020-21 (2nd Instalment) and 2021-22 Tied Grant (1st and 2nd Instalment)",Works,Open Tender,Item Rate,Civil Works - Others,No,No,NA ,20-Oct-2025 09:30 AM,27-Oct-2025 11:30 AM ,180.0,No ,No,Online,07-Nov-2025 03:00 PM,Urban Development Department||Directorate of Municipality Administration - UDD||Dergaon Municipal Board,"Dergaon Town, Ward No.-01",785614.0,2.0,"1,63,10,200",MOHAMMED MUZAMMIL ROHMAN,"16,081,200",Rejected-AOC,20-Jun-2026,Urban Development Department||Directorate of Municipality Administration - UDD||Dergaon Municipal Board
2026_DoWR_50987_1,MORIGAON/2025-26/SOPD-G/VIII,Construction of Flood Embankment on Right B ank of River Pokoria from Tetliguri to Patekibori.(Ph II)Package No. 01,Construction of Flood Embankment on Right B ank of River Pokoria from Tetliguri to Patekibori.(Ph II)Package No. 01,Works,Open Tender,Works,Civil Works,No,No,NA ,09-Feb-2026 06:55 PM,NA ,180.0,No ,No,Online,17-Feb-2026 03:00 PM,Department of Water Resources||Chief Engineer - DoWR,"Tetliguri, Morigaon",782411.0,2.0,"2,27,13,425",Progressive Enterprises,"22,663,425.22",Rejected-AOC,24-Jun-2026,Department of Water Resources||Chief Engineer - DoWR
2025_UDD_49619_1,RMB/PWD/15th FC/33/2020/Vol-II/334A,Construction of Pavers block road at Dumping Ground road Uppor Kachari Gaon with installation of 22 nos 20-watt white LED solar street light system under Rangapara Municipal Board from the 15th FC 1st installment of Tied Grant for the year 2022-2023,Construction of Pavers block road at Dumping Ground road Uppor Kachari Gaon with installation of 22 nos 20-watt white LED solar street light system under Rangapara Municipal Board from the 15th FC 1st installment of Tied Grant for the year 2022-2023,Works,Open Tender,Works,Civil Works – Roads,No,No,NA ,24-Dec-2025 04:00 PM,26-Dec-2025 11:30 AM ,180.0,No ,No,Online,20-Jan-2026 12:00 PM,Urban Development Department||Directorate of Municipality Administration - UDD||Rangapara Municipal Board,Construction of Pavers block road at Dumping Groun,784505.0,2.0,"55,77,955",BHANU BHAKTA SHARMA,"4,406,584",Accepted-AOC,03-Jun-2026,Urban Development Department||Directorate of Municipality Administration - UDD||Rangapara Municipal Board
2025_PWD_48926_1,CE/DEV/TB/120/2025-26/27 Dtd- 25.11.2025,SOPD_G_25_26_33 Widening of Road from Birbal Bazar to Silchar Medical College point of Existing 2 lane to 4 lane (Silchar-Hailakandi Road Ch 2520.00 to Ch 4450.00) under SOPD-G for the year 2025-26.,SOPD_G_25_26_33 Widening of Road from Birbal Bazar to Silchar Medical College point of Existing 2 lane to 4 lane (Silchar-Hailakandi Road Ch 2520.00 to Ch 4450.00) under SOPD-G for the year 2025-26.,Works,Open Tender,Item Rate,Civil Works – Roads,No,No,NA ,28-Nov-2025 04:00 PM,29-Nov-2025 12:00 PM ,180.0,No ,No,Online,04-Dec-2025 02:30 PM,Public Works Roads Department,Silchar,788005.0,2.0,"34,14,88,000",DEBOJIT DEB,"341,316,202",Rejected-Finance,23-Jun-2026,Public Works Roads Department
2026_PWD_52458_1,CS/JTRD/SOPD-G/3/2026-27,Improvement of Sarma Baruah Path including repairing of existing Brick Drain under SOPD G for the year 2025 26,Improvement of Sarma Baruah Path including repairing of existing Brick Drain under SOPD G for the year 2025 26,Works,Open Tender,Item Rate,Civil Works – Roads,No,No,NA ,21-May-2026 05:30 PM,NA ,180.0,No ,No,Online,30-May-2026 04:00 PM,Public Works Roads Department,North Guwahati,781030.0,2.0,"29,14,000",Sri Dhiraj Bania,"2,913,903.62",Accepted-AOC,18-Jun-2026,Public Works Roads Department
2026_BoTC_51795_1,TECH-28/SE(RB)/2019-20/21,Construction of ICBP Road at Tangabari Village at Bijni in Chirang District of BTC for the year 2025-26. TN-394-10.,Construction of ICBP Road at Tangabari Village at Bijni in Chirang District of BTC for the year 2025-26. TN-394-10.,Works,Open Tender,Works,Civil Works – Roads,No,No,NA ,09-Mar-2026 02:00 PM,NA ,180.0,No ,No,Online,30-Mar-2026 02:00 PM,Bodoland Territorial Council||PWD-BTC,Chirang,783385.0,2.0,"99,99,710",Sanfung Basumatary,"9,990,000",Accepted-AOC,06-Jun-2026,Bodoland Territorial Council||PWD-BTC
2025_AEGCL_47680_1,AEGCL/MD/Tech-353/OnM (LAR)/PCC/Sipajhar GSS/Bid,"Switchyard Gravelling and PCC at 132KV side of 132KV Sipajhar GSS, AEGCL","Switchyard Gravelling and PCC at 132KV side of 132KV Sipajhar GSS, AEGCL",Works,Open Tender,Turn-key,Civil Works - Others,No,No,NA ,24-Sep-2025 06:00 PM,NA ,180.0,No ,No,Online,15-Oct-2025 12:00 PM,Assam Electricity Grid Corporation Ltd||CGM (T and T),132kV Sipajhar GSS,784129.0,2.0,,Kamal Singh Dugar,"2,892,855",Rejected-Finance,16-Jun-2026,Assam Electricity Grid Corporation Ltd||CGM (T and T)
2022_CU_27075_1,CU/SnP/2022/17,PROCUREMENT OF LAB EQUIPMENT UNDER DBT BUILDERS PROJECT,PROCUREMENT OF LAB EQUIPMENT UNDER DBT BUILDERS PROJECT,Goods,Open Tender,Item Rate,Laboratory and scientific equipment,No,No,NA ,20-Sep-2022 01:00 PM,NA ,30.0,No ,No,Online,18-Oct-2022 03:00 PM,Cotton University,COTTON UNIVERSITY,781001.0,2.0,,Analytical Technologies Limited,"4,515,860",Rejected-Technical,08-Jun-2026,Cotton University
2026_ICD_51136_1,628549/79,"Storm Water Management around PepsiCo India Holding Pvt. Ltd. at Industrial Estate Bonbhag Solmari, Nalbari","Storm Water Management around PepsiCo India Holding Pvt. Ltd. at Industrial Estate Bonbhag Solmari, Nalbari",Works,Open Tender,Item Rate,Civil Works,No,No,NA ,16-Feb-2026 04:00 PM,23-Feb-2026 12:00 PM ,180.0,No ,No,Online,02-Mar-2026 03:00 PM,Industries and Commerce Department||Assam Industrial Development Corporation Ltd - ICD,"Bonbhag Solmari, Nalbari",781338.0,2.0,"1,42,13,733",BHABEN HARAJYOTI JV,"10,660,066.32",Rejected-AOC,11-Jun-2026,Industries and Commerce Department||Assam Industrial Development Corporation Ltd - ICD
2026_PWD_52375_1,CS/JTRD/SOPD-G/172/2025-26,Construction of approach road connecting to Unity Mall near ISBT Guwahati under SOPD G for the year 2025 26,Construction of approach road connecting to Unity Mall near ISBT Guwahati under SOPD G for the year 2025 26,Works,Open Tender,Item Rate,Civil Works – Roads,No,No,NA ,15-May-2026 05:30 PM,21-May-2026 10:00 AM ,180.0,No ,No,Online,28-May-2026 04:00 PM,Public Works Roads Department,ISBT,781035.0,2.0,"3,18,20,200",CHANDAN HALOI,"31,819,000",Rejected-AOC,04-Jun-2026,Public Works Roads Department
2026_PWD_51840_1,T/CC/ETN/SIL/2025-26/1359(T),"Strengthening of Rd from Shyamananda Lane, Sanjug Setu Pt to Hotel Indraprastha Pt and Con of RCC Cover Drain at Chincoorie Rd to Ambicapatty Chouronge (Left) under MMNPPNA under SOPD-G for 2025-26.","Strengthening of Rd from Shyamananda Lane, Sanjug Setu Pt to Hotel Indraprastha Pt and Con of RCC Cover Drain at Chincoorie Rd to Ambicapatty Chouronge (Left) under MMNPPNA under SOPD-G for 2025-26.P/No.MMNPPNA_2025-26_05_A",Works,Open Tender,Item Rate,Civil Works – Roads,No,No,NA ,11-Mar-2026 09:00 AM,16-Mar-2026 02:00 PM ,180.0,No ,No,Online,20-Mar-2026 03:10 PM,Public Works Roads Department,Cachar District.,788005.0,2.0,"82,00,000",BM Enterprises,"8,196,000",Accepted-AOC,13-Jun-2026,Public Works Roads Department
2026_PWBNH_52103_1,SE/BII/DFS/DNA,"Upgradation and renovation of DNA Division at Directorate of Forensic Science, Assam Kahilipara","Upgradation and renovation of DNA Division at Directorate of Forensic Science, Assam Kahilipara",Works,Open Tender,Item Wise,Civil Works - Building,No,No,NA ,16-Mar-2026 03:30 PM,20-Mar-2026 12:00 PM ,180.0,No ,No,Online,07-Apr-2026 11:30 AM,Public Works Building and NH Department||Chief Engineer-Building - PWBNH||SE-Guwahati Circle-2 - PWBNH,kahilipara guwahati,781019.0,2.0,"90,79,251",M/S P.A. ENTERPRISE,"9,572,461",Rejected-AOC,18-May-2026,Public Works Building and NH Department||Chief Engineer-Building - PWBNH||SE-Guwahati Circle-2 - PWBNH
2026_PWBNH_51937_1,IX/JDTBD/Diff. Works/Judicial Officers Campus/JRT/310/2026/3801,"Construction of Assam Type Security Barrack, Sentry post, reconstruction of Front side Boundary Wall, repairing of Car Garage, Construction of Brick drain around the campus, Improvement of Approach Road and pavement at Judicial Officers campus,Jorhat","Construction of Assam Type Security Barrack, Sentry post, reconstruction of Front side Boundary Wall, repairing of Car Garage, Construction of Brick drain around the campus, Improvement of Approach Road and pavement at Judicial Officers campus,Jorhat",Works,Open Tender,Item Rate,Civil Works - Building,No,No,NA ,13-Mar-2026 03:00 PM,24-Mar-2026 11:00 AM ,180.0,No ,No,Online,02-Apr-2026 04:00 PM,Public Works Building and NH Department||Chief Engineer-Building - PWBNH||SE-Jorhat Circle - PWBNH||EE-Jorhat Building Division - PWBNH,JORHAT,785001.0,2.0,"42,72,753",RIPUL SHARMA,"4,485,300",Rejected-AOC,08-Jun-2026,Public Works Building and NH Department||Chief Engineer-Building - PWBNH||SE-Jorhat Circle - PWBNH||EE-Jorhat Building Division - PWBNH
2022_NHM_28534_75,NHM-32023/11/2022-CONS-NHM/88,Construction of Buildingless Sub Health Centre at Makum SC in Tinsukia District for FY 2021 22 under PM ABHIM on Turnkey basis,Construction of Buildingless Sub Health Centre at Makum SC in Tinsukia District for FY 2021 22 under PM ABHIM on Turnkey basis,Works,Open Tender,Turn-key,Civil Works - Building,No,No,NA ,03-Jan-2023 06:55 PM,NA ,180.0,No ,No,Online,20-Jan-2023 03:30 PM,National Health Mission||State Programme Management Unit - NHM,Tinsukia,786125.0,2.0,"52,03,000",Sri Suchitra Baruah,"4,476,500",Rejected-Finance,24-Jun-2026,National Health Mission||State Programme Management Unit - NHM
2025_PWRDW_42291_2,CEEAPARRBP111Tenders2024Pt-I40,Construction of Bridges in Darrang district i) Br. No. 1/1 on Khairakata Borgarah Tea Estate Road,CE/EAP/ARRBP/OCB/Bridge-1/Darrang/12 Construction of Bridges in Darrang district i) Br. No. 1/1 on Khairakata Borgarah Tea Estate Road,Works,Open Tender,Item Rate,Civil Works - Bridges,No,No,NA ,22-Jan-2025 11:30 AM,29-Jan-2025 11:00 AM ,180.0,No ,No,Online,05-Feb-2025 02:30 PM,Public Works Roads Department-Externally Aided Project||Public Works Road Department- World Bank Funded Tenders||Assam State Bridge Infrastructure Program,Darrang,784125.0,2.0,"2,24,83,000",MD ROFIQUL ISLAM,"23,598,159.32",Accepted-AOC,23-Jun-2026,Public Works Roads Department-Externally Aided Project||Public Works Road Department- World Bank Funded Tenders||Assam State Bridge Infrastructure Program
2026_BoTC_50238_2,TECH-28/SE(RB)/2019-20/05,Recovery and Reconstruction of Baganpara Nayabasti Road (culvert at Ch 3100.00) under NDRF (PDNA-2022) for the year 2025-26TN_386_5,Recovery and Reconstruction of Baganpara Nayabasti Road (culvert at Ch 3100.00) under NDRF (PDNA-2022) for the year 2025-26TN_386_5,Works,Open Tender,Works,Civil Works – Roads,No,No,NA ,13-Jan-2026 06:00 PM,NA ,180.0,No ,No,Online,03-Feb-2026 02:00 PM,Bodoland Territorial Council||PWD-BTC,Baksa,781346.0,2.0,"44,81,567",Detshrang Goyary,"4,481,102",Accepted-AOC,16-Jun-2026,Bodoland Territorial Council||PWD-BTC
2026_PWD_51674_1,DMJ/DRC/SOPD-G/1/2025-26/ 1296-1304 Date 26/02/2026,Construction of Gogamukh to Ghilamara Road L.H.S. Drain under SOPD-G (Ch. 0.00m to Ch. 1100.00 m) for the year 2025-26,Construction of Gogamukh to Ghilamara Road L.H.S. Drain under SOPD-G (Ch. 0.00m to Ch. 1100.00 m) for the year 2025-26,Works,Open Tender,Works,Civil Works,No,No,NA ,05-Mar-2026 04:30 PM,NA ,180.0,No ,No,Online,26-Mar-2026 10:00 AM,Public Works Roads Department,Dhemaji,787057.0,2.0,"2,59,56,598",Bhackta Mohan Hazarika,"25,956,000.22",Accepted-AOC,20-Jun-2026,Public Works Roads Department
2026_PWD_51027_2,Tech/NDTRD/NIT/1028/4360 dated 10.02.2026,Tihu_PDNA_2025-26_95,Recovery and Reconstruction of Bhatta Chowk to Larakuchi road under NDRF (PDNA-2022) for the year 2025-26.,Works,Open Tender,Item Rate,Civil Works – Roads,No,No,NA ,13-Feb-2026 10:30 AM,NA ,180.0,No ,No,Online,21-Feb-2026 10:30 AM,Public Works Roads Department,Nalbari,781335.0,2.0,"59,68,000",Sri Dharmeswar Pathak,"4,476,047",Accepted-AOC,11-Jun-2026,Public Works Roads Department
2026_BTC_51034_20,ACE-25/PWD/IFB/BTC/2025-26/70,Construction of CC Block road from Rowta Veterinary Hospital to Balisiha Habi under SOPD-BTC for the year 2025-26. (TN_118_20),Construction of CC Block road from Rowta Veterinary Hospital to Balisiha Habi under SOPD-BTC for the year 2025-26.,Works,Open Tender,Item Rate,Civil Works,No,No,NA ,11-Feb-2026 10:00 AM,18-Feb-2026 12:00 PM ,180.0,No ,No,Online,02-Mar-2026 03:00 PM,Bodoland Territorial Council-PWD||Director Cum CHD - PWD BTC,Udalguri,784509.0,2.0,"69,45,000",KMY ENTERPRISE,"6,930,361.08",Accepted-AOC,16-Jun-2026,Bodoland Territorial Council-PWD||Director Cum CHD - PWD BTC
2026_PWBNH_50701_1,IX/JDTBD/E-Lab/ITI/ TTB/304/2026/3130,"Estimate for Establishment of E-Lab at ITI, Titabar","Estimate for Establishment of E-Lab at ITI, Titabar",Works,Open Tender,Item Rate,Civil Works - Building,No,No,NA ,03-Feb-2026 11:00 AM,12-Feb-2026 11:00 AM ,180.0,No ,No,Online,23-Feb-2026 04:00 PM,Public Works Building and NH Department||Chief Engineer-Building - PWBNH||SE-Jorhat Circle - PWBNH||EE-Jorhat Building Division - PWBNH,Titabor,785630.0,2.0,"33,09,872",Bitul Goswami,"3,442,000",Accepted-AOC,20-Jun-2026,Public Works Building and NH Department||Chief Engineer-Building - PWBNH||SE-Jorhat Circle - PWBNH||EE-Jorhat Building Division - PWBNH
2026_GMC_50622_60,GER/CE/2525/2025/Part-I/ 9 Date_ 22 /01/2026,Package No. DSLT-Div-V/6,"Cleaning, Desilting and Maintenance of Drains (Package No. DSLT-Div-V/6) under Mitigation of Urban Flood in Guwahati City under Guwahati Municipal Corporation for the year 2026",Works,Open Tender,Lump-sum,Miscellaneous Works,No,No,NA ,04-Feb-2026 06:50 PM,05-Feb-2026 12:00 PM ,120.0,No ,No,Online,16-Feb-2026 02:30 PM,Guwahati Municipal Corporation,Guwahati,781006.0,2.0,"16,76,000",J.N ASSOCIATE,"1,171,524",Rejected-AOC,10-May-2026,Guwahati Municipal Corporation
2025_PWD_45408_66,CE/DEV/TB/60/2025-26/01 Dtd- 21.06.2025,"MMPPNA_RIDF_XXXI_25_26_17 Construction of Road From (i) Morowa Kamalpur Road at Pandula to Ukhra Pub-Suburi Via Haren Patowary House, (ii) Morowa Arun Bayan School to Dingdingi Shiva Mandir via Dilip Deka House, (iii) Hajo Nalbari Road to Baruah Subu","MMPPNA_RIDF_XXXI_25_26_17 Construction of Road From (i) Morowa Kamalpur Road at Pandula to Ukhra Pub-Suburi Via Haren Patowary House, (ii) Morowa Arun Bayan School to Dingdingi Shiva Mandir via Dilip Deka House, (iii) Hajo Nalbari Road to Baruah Subu",Works,Open Tender,Item Rate,Civil Works – Roads,No,No,NA ,10-Jul-2025 06:55 PM,17-Jul-2025 12:00 PM ,180.0,No ,No,Online,28-Jul-2025 02:30 PM,Public Works Roads Department,Barkhetri,781303.0,2.0,"6,51,00,000",Kishor Kalita,"65,096,000",Accepted-AOC,23-Jun-2026,Public Works Roads Department
2025_PWD_45408_72,CE/DEV/TB/60/2025-26/01 Dtd- 21.06.2025,MMPPNA_RIDF_XXXI_25_26_51 Construction of road from Athiabari PWD road to Ambuk Hakujuli road via Dumapara village including RCC Bridge under Mukhya Mantrir Paki Path Nirman Achani (MMPPNA) under RIDF-XXXI of NABARD for the year 2025-26.,MMPPNA_RIDF_XXXI_25_26_51 Construction of road from Athiabari PWD road to Ambuk Hakujuli road via Dumapara village including RCC Bridge under Mukhya Mantrir Paki Path Nirman Achani (MMPPNA) under RIDF-XXXI of NABARD for the year 2025-26.,Works,Open Tender,Item Rate,Civil Works – Roads,No,No,NA ,11-Jul-2025 09:00 AM,17-Jul-2025 12:00 PM ,180.0,No ,No,Online,28-Jul-2025 02:30 PM,Public Works Roads Department,Dudhnoi,783124.0,2.0,"5,31,00,000",Tech.Point Engineers,"45,593,559",Rejected-Finance,09-Jun-2026,Public Works Roads Department
2025_BoTC_45239_1,DPRD/BTC/15th FC/UT(VIII)/Udl-04/2025/10,Const. of boundary wall at District ABSU Udalguri (Western Side) under 15th Finance Commission (Untied Grant) BTC for the year 2023-24 during 2025-26.,DPRD/BTC/15th FC/UT(VIII)/Udl-04/2025/10,Works,Open Tender,Item Rate,Civil Works,No,No,NA ,30-Jun-2025 10:30 AM,NA ,180.0,No ,No,Online,15-Jul-2025 03:30 PM,Bodoland Territorial Council||Panchayat and Rural Development-BTC,Udalguri,784509.0,2.0,"20,00,000",ANSUMA BORO,"1,999,826",Accepted-AOC,01-Aug-2025,Bodoland Territorial Council||Panchayat and Rural Development-BTC
2026_BoTC_50841_1,TECH-28/SE(RB)/2019-20/09,Const. of ICBP road from Mwda Boro house to Semol Mandal house under Tamulpur District. TN-388-5.,Const. of ICBP road from Mwda Boro house to Semol Mandal house under Tamulpur District. TN-388-5.,Works,Open Tender,Works,Civil Works – Roads,No,No,NA ,05-Feb-2026 04:00 PM,NA ,180.0,No ,No,Online,19-Feb-2026 02:00 PM,Bodoland Territorial Council||PWD-BTC,Tamulpur,781367.0,2.0,"38,95,578",ABDUL MAZID PASHA,"3,895,578",Accepted-AOC,10-Jun-2026,Bodoland Territorial Council||PWD-BTC
2026_BoTC_51757_1,SE(B)/21-22/Pt-III/84/566_1,Package No.566_1,"Infrastructure Development of Vivekananda Kendra Vidyalay, Balagaon.",Works,Open Tender,Item Rate,Civil Works - Building,No,No,NA ,07-Mar-2026 04:00 PM,NA ,180.0,No ,No,Online,26-Mar-2026 01:30 PM,Bodoland Territorial Council||PWD-BTC,"Balagaon, Kokrajhar district",783370.0,2.0,"94,04,683",KHWMDWN BASUMATARY,"9,403,500",Accepted-AOC,10-Jun-2026,Bodoland Territorial Council||PWD-BTC
2026_AHVD_51696_1,E-763721/25-26/DFA/1653637/15,"Construction of Hatchery Building at District poultry farm, Japjakuchi in Nalbari District","Construction of Hatchery Building at District poultry farm, Japjakuchi in Nalbari District under RIDF XXXI",Works,Open Tender,Item Rate,Civil Works,No,No,NA ,05-Mar-2026 06:00 PM,09-Mar-2026 01:00 PM ,180.0,No ,No,Online,22-Apr-2026 02:00 PM,Animal Husbandry and Veterinary Department||Directorate of A.H. and Veterinary||Assam Livestock and Poultry Corporation Ltd.,Japjakuchi,781003.0,2.0,"89,50,000",Hiya Construction,"7,395,509",Rejected-Technical,17-Jun-2026,Animal Husbandry and Veterinary Department||Directorate of A.H. and Veterinary||Assam Livestock and Poultry Corporation Ltd.
2026_BoTC_50087_1,06/2025-26,Construction of RCC DICC office building including DT well boring sanitary installation and internal electrification works at Tamulpur BTC,Construction of RCC DICC office building including DT well boring sanitary installation and internal electrification works at Tamulpur BTC,Works,Open Tender,Percentage,Civil Works,No,No,NA ,09-Jan-2026 10:30 AM,NA ,180.0,No ,No,Online,20-Jan-2026 02:00 PM,Bodoland Territorial Council||Small Cottage and Rural Industry-BTC,Tamulpur,781367.0,2.0,"1,53,43,102",Ananda Ram Boro,"15,330,335.19",Accepted-AOC,04-Jun-2026,Bodoland Territorial Council||Small Cottage and Rural Industry-BTC
2025_DOT_49075_1,ATDC.2822/2017/Pt-II/DM02/3785 dtd. 14.11.2025,"Development, Operation and Management Contract for running the Prashaanti Tourist Lodge, Sarthebari","Development, Operation and Management Contract for running the Prashaanti Tourist Lodge, Sarthebari",Services,Open Tender,Item Rate,Hotel/ Catering,No,No,NA ,05-Dec-2025 06:00 PM,08-Dec-2025 12:00 PM ,180.0,No ,No,Online,26-Dec-2025 01:00 PM,Department of Tourism||Assam Tourism Development Corporation Ltd. - DOT||HO-Guwahati-ATDCL - DOT,Sarthebari,781307.0,2.0,"15,000",Barnali Lodge,"15,003",Accepted-AOC,18-Jun-2026,Department of Tourism||Assam Tourism Development Corporation Ltd. - DOT||HO-Guwahati-ATDCL - DOT
2026_BoTC_51223_1,TECH_36/SEB/IFB/2024_25/108,"Bhergaon HS School, Bhergaon Repairing and Renovation works.TN_48","Bhergaon HS School, Bhergaon Repairing and Renovation works.TN_48",Works,Open Tender,Works,Civil Works - Building,No,No,NA ,16-Feb-2026 03:00 PM,NA ,180.0,No ,No,Online,07-Mar-2026 02:00 PM,Bodoland Territorial Council||PWD-BTC,Udalguri,784509.0,2.0,"49,93,144",FIROJ ALI,"4,989,747",Rejected-Finance,08-Jun-2026,Bodoland Territorial Council||PWD-BTC
2026_PWD_52135_2,No.GRC/NIT/510./ 2021-22/Pt.I/494 Dtd.12.03.2026,KAM/KRC/SOPD(G)/2025-26/04. Construction of Samannay Nagar Path by providing RCC load bearing drain under SOPD (G) for the year 2025-26 Ward 02,Construction of Samannay Nagar Path by providing RCC load bearing drain under SOPD (G) for the year 2025-26 Ward 02,Works,Open Tender,Item Rate,Civil Works – Roads,No,No,NA ,19-Mar-2026 11:00 AM,30-Mar-2026 01:00 PM ,180.0,No ,No,Online,08-Apr-2026 03:00 PM,Public Works Roads Department,Samannya Nagar,781035.0,2.0,,M/S S.B ENTERPRISE,"6,421,756",Accepted-AOC,29-May-2026,Public Works Roads Department
2025_UDD_47453_1,DMB/15th FC/2nd Inst. Tied/2024-25/499,"Construction of Retaining Wall at Garbage Transfer Station at Mela Ground (PART-II), Ward No. 01, Dhubri Town under 2nd Installment of 15th FC Tied Grant for the year 2022-23 during the year 2024-25","Construction of Retaining Wall at Garbage Transfer Station at Mela Ground (PART-II), Ward No. 01, Dhubri Town under 2nd Installment of 15th FC Tied Grant for the year 2022-23 during the year 2024-25",Works,Open Tender,Item Rate,Civil Works,No,No,NA ,12-Sep-2025 05:00 PM,23-Sep-2025 12:00 PM ,90.0,No ,No,Online,06-Oct-2025 02:00 PM,Urban Development Department||Directorate of Municipality Administration - UDD||Dhubri Municipal Board,Mela Ground PART I Ward No 01 Dhubri Town,783301.0,2.0,"38,64,578",KALIMUDDIN SK,"3,478,120.2",Accepted-AOC,22-Jun-2026,Urban Development Department||Directorate of Municipality Administration - UDD||Dhubri Municipal Board
2026_PWD_51471_1,BSPTRD/TECH/PDNA/168/25-26/11,Recovery and Reconstruction of Dangarkuchi Kaljar Road (NH-31 to Jarabari ) under NDRF ( PDNA-2022 ) for the year 2025-26.,Recovery and Reconstruction of Dangarkuchi Kaljar Road (NH-31 to Jarabari ) under NDRF ( PDNA-2022 ) for the year 2025-26.,Works,Open Tender,Item Rate,Civil Works,No,No,NA ,24-Feb-2026 02:30 PM,05-Mar-2026 09:00 AM ,180.0,No ,No,Online,10-Mar-2026 02:30 PM,Public Works Roads Department,Dangarkuchi Kaljar Road (NH-31 to Jarabari ),781314.0,2.0,"24,48,000",DAL THOMS SCIENTIFIC,"1,982,633.13",Rejected-Finance,26-Jun-2026,Public Works Roads Department
2025_PWRDW_48257_6,CE/EAP/693196/03,Construction of Bridge in Sonitpur district i) Br. No. 2/1 on Tawbhanga to Na Bill connected Road,CE/EAP/ARRBP/OCB/Bridge-1/Sonitpur/15 Construction of Bridge in Sonitpur district i) Br. No. 2/1 on Tawbhanga to Na Bill connected Road,Works,Open Tender,Item Rate,Civil Works - Bridges,No,No,NA ,28-Oct-2025 12:00 PM,NA ,180.0,No ,No,Online,10-Nov-2025 02:30 PM,Public Works Roads Department-Externally Aided Project||Public Works Road Department- World Bank Funded Tenders||Assam State Bridge Infrastructure Program,Sonitpur,784001.0,2.0,"2,10,44,000",M/S SMB CONSTRUCTION,"25,042,000",Accepted-AOC,23-Jun-2026,Public Works Roads Department-Externally Aided Project||Public Works Road Department- World Bank Funded Tenders||Assam State Bridge Infrastructure Program
2026_PWD_50058_21,PRTRD/RKN/PDNA/ET/2026/1302,PRTRD_PDNA_ET_25_26_21 Recovery and Reconstruction of Bhairabnagar to Gamariya road (protection work at eroded stretches) under NDRF (PDNA-2022) for the year 2025-26.,PRTRD_PDNA_ET_25_26_21 Recovery and Reconstruction of Bhairabnagar to Gamariya road (protection work at eroded stretches) under NDRF (PDNA-2022) for the year 2025-26.,Works,Open Tender,Item Rate,Civil Works,No,No,NA ,09-Jan-2026 02:00 PM,12-Jan-2026 12:00 PM ,180.0,No ,No,Online,29-Jan-2026 11:00 AM,Public Works Roads Department,RK Nagar,788166.0,2.0,"20,15,989",SOURAV DAS,"2,015,989",Rejected-AOC,02-Jun-2026,Public Works Roads Department
2025_PWD_46191_56,CE/DEV/TB/122/2025-26/1 Dtd- 01.08.2025,BTR_RIDF_XXXI_25_26_43 Construction of Road from (1) Oxiguri Village to Hantupara Village including C.D. works (2) Soithpur to Jaypur village including C.D. works under RIDF-XXXI of NABARD for the year 2025-26.,BTR_RIDF_XXXI_25_26_43 Construction of Road from (1) Oxiguri Village to Hantupara Village including C.D. works (2) Soithpur to Jaypur village including C.D. works under RIDF-XXXI of NABARD for the year 2025-26.,Works,Open Tender,Item Rate,Civil Works – Roads,No,No,NA ,07-Aug-2025 04:00 PM,11-Aug-2025 12:00 PM ,180.0,No ,No,Online,14-Aug-2025 02:30 PM,Public Works Roads Department,Sidli Cirang,783393.0,2.0,"4,09,00,000",LAJIK BRAHMA,"40,899,955",Rejected-Finance,08-Jun-2026,Public Works Roads Department
2026_NHM_50703_1,Construction NHM/I/1408783/2026,"Construction of AYUSH Dispensary (Assam Type) at Rampur CHC in Kamrup(Rural) District, for FY 2022-23 under NAM, Assam.","Construction of AYUSH Dispensary (Assam Type) at Rampur CHC in Kamrup(Rural) District, for FY 2022-23 under NAM, Assam.",Works,Open Tender,Turn-key,Civil Works,No,No,NA ,02-Feb-2026 04:00 PM,NA ,225.0,No ,No,Online,19-Feb-2026 03:30 PM,National Health Mission||State Programme Management Unit - NHM,Rampur,781017.0,2.0,"24,00,000",Devajit Kutum,"2,399,000",Rejected-Finance,08-Jun-2026,National Health Mission||State Programme Management Unit - NHM
2025_PWD_46685_46,CE/DEV/TB/60/2025-26/13 Dtd- 31.07.2025,"MMPPNA_RIDF_XXXI_25_26_412 (1)Construction Malongkesir Village link road from Ch.0.00m to 1100.00m, (2)Construction of Long-eh-ku Tiniali to Rongsopi from Ch.0.00m to 1100.00m, (3)Construction of 34th km of Rongjangpong-Amtreng Road to Bichkri from C","MMPPNA_RIDF_XXXI_25_26_412 (1)Construction Malongkesir Village link road from Ch.0.00m to 1100.00m, (2)Construction of Long-eh-ku Tiniali to Rongsopi from Ch.0.00m to 1100.00m, (3)Construction of 34th km of Rongjangpong-Amtreng Road to Bichkri from C",Works,Open Tender,Item Rate,Civil Works – Roads,No,No,NA ,22-Aug-2025 01:00 PM,22-Aug-2025 02:00 PM ,180.0,No ,No,Online,09-Sep-2025 02:30 PM,Public Works Roads Department,Karbi Anglong,782410.0,2.0,"5,76,00,000",Blue Bell Group of Company,"57,600,000",Accepted-AOC,05-Jun-2026,Public Works Roads Department
2025_PWD_46196_4,CE/DEV/TB/122/2025-26/06 Dated. 04-08-2025,BTR_SOPD_G_25_26_05 Construction of (1) road from Mahaliapara to Pub Ghogapara Road (2) RCC Box Slab Culverts at Babrikhat to Pakrital under SOPD-G for the year 2025-26.,BTR_SOPD_G_25_26_05 Construction of (1) road from Mahaliapara to Pub Ghogapara Road (2) RCC Box Slab Culverts at Babrikhat to Pakrital under SOPD-G for the year 2025-26.,Works,Open Tender,Item Rate,Civil Works – Roads,No,No,NA ,06-Aug-2025 06:00 PM,11-Aug-2025 12:00 PM ,180.0,No ,No,Online,14-Aug-2025 02:30 PM,Public Works Roads Department,Bhergaon,784522.0,2.0,"1,16,95,000",M/S ZENITH INFRA,"11,694,000",Accepted-AOC,30-Jun-2026,Public Works Roads Department
2026_BTC_50206_1,ACE-25/PWD/IFB/BTC/2025-26/53,Improvement and Upgradation of road from Tipkai to Gossaigaon from Ch. 0.000 km (Tipkai) to Ch. 10.650 km (Panijani) under Asom Mala 3.0 for the year 2025-26.,Improvement and Upgradation of road from Tipkai to Gossaigaon from Ch. 0.000 km (Tipkai) to Ch. 10.650 km (Panijani) under Asom Mala 3.0 for the year 2025-26.,Works,Open Tender,Item Rate,Civil Works,No,No,NA ,13-Jan-2026 10:00 AM,20-Jan-2026 12:00 PM ,180.0,No ,No,Online,04-Feb-2026 11:00 AM,Bodoland Territorial Council-PWD||Director Cum CHD - PWD BTC,Kokrajhar,783370.0,2.0,"33,67,98,000",Manoj Kumar Machahary,"336,797,590",Rejected-AOC,02-Jun-2026,Bodoland Territorial Council-PWD||Director Cum CHD - PWD BTC
2026_BoTC_50242_1,TECH-28/SE(RB)/2019-20/05,Recovery and Reconstruction of Bridge No 1/1 on Thakursupa (l.P School) to Uzirbari Bilpar under NDRF (PDNA-2022)for the year 2025-26. TN-386-7.,Recovery and Reconstruction of Bridge No 1/1 on Thakursupa (l.P School) to Uzirbari Bilpar under NDRF (PDNA-2022)for the year 2025-26. TN-386-7.,Works,Open Tender,Works,Civil Works – Roads,No,No,NA ,13-Jan-2026 06:00 PM,NA ,180.0,No ,No,Online,03-Feb-2026 02:00 PM,Bodoland Territorial Council||PWD-BTC,Baksa,781346.0,2.0,"1,73,99,740",RANJAN BORO,"17,396,592",Rejected-Finance,05-Jun-2026,Bodoland Territorial Council||PWD-BTC
2026_DoIT_50750_1,AEDC/SDC/2025-26/15,Scaling of existing HPE Primera Storage,Scaling of existing HPE Primera Storage,Services,Open Tender,Item Rate,Information Technology,No,No,NA ,03-Feb-2026 04:00 PM,NA ,180.0,No ,No,Online,24-Feb-2026 05:00 PM,Principal Secretary-Department of Information Technology||Assam Electronics Development Corporation Ltd-DoIT||Store and Purchase - AMTRON - DoIT,Guwahati,781021.0,2.0,,Inspirisys Solutions Limited,"9,784,563",Rejected-Finance,20-Apr-2026,Principal Secretary-Department of Information Technology||Assam Electronics Development Corporation Ltd-DoIT||Store and Purchase - AMTRON - DoIT
2026_ID_51023_1,11 (SDMF) 2025-26/I/1431456/2026 Date_ 09-02-2026,"Protection work at Dirring FIS under SDMF for the year 2023-24 under Barama Chapaguri Division(Irrigation), Mushalpur Baksa (Package-1)","Protection work at Dirring FIS under SDMF for the year 2023-24 under Barama Chapaguri Division(Irrigation), Mushalpur Baksa (Package-1)",Works,Open Tender,Item Rate,Civil Works,No,No,NA ,10-Feb-2026 06:00 PM,16-Feb-2026 02:00 PM ,180.0,No ,No,Online,05-Mar-2026 03:00 PM,Irrigation Department||Chief Engineer(Major)-Irrigation Dept,Tamulpur,781367.0,2.0,"1,70,50,142",ASHOK KUMAR BAJAJ,"15,345,127.8",Rejected-Technical,02-Jun-2026,Irrigation Department||Chief Engineer(Major)-Irrigation Dept
2025_BTC_49318_1,No.ACE-22/PWD/NIT/GW/25-26/19,Construction of Metalling Blacktopping of road from Mahamaya Tipkai PWD road to Changbandha village under CMs Goodwill Mission Project RIDF-XXXI for the year 2025-26 of Kokrajhar District. TN_67KOK_RIDF-XXXI-14,Construction of Metalling Blacktopping of road from Mahamaya Tipkai PWD road to Changbandha village under CMs Goodwill Mission Project RIDF-XXXI for the year 2025-26 of Kokrajhar District. TN_67KOK_RIDF-XXXI-14,Works,Open Tender,Item Rate,Civil Works – Roads,No,No,NA ,15-Dec-2025 12:00 PM,NA ,180.0,No ,No,Online,09-Jan-2026 02:00 PM,Bodoland Territorial Council-PWD||Director Cum CHD - PWD BTC,Kokrajhar,783370.0,2.0,"2,00,00,000",DEBOJYOTI BRAHMA,"20,000,000",Accepted-AOC,23-Jun-2026,Bodoland Territorial Council-PWD||Director Cum CHD - PWD BTC
2026_BTC_51182_1,No.ACE-133/PWD/G.79/2025-26/69,"Construction of Markaj Bhawan at Aminpara, 37 Dhansiri under SOPD Bodoland Welfare Department, 2025-26. TN_111_27","Construction of Markaj Bhawan at Aminpara, 37 Dhansiri under SOPD Bodoland Welfare Department, 2025-26. TN_111_27",Works,Open Tender,Item Rate,Civil Works - Building,No,No,NA ,16-Feb-2026 12:00 PM,NA ,180.0,No ,No,Online,05-Mar-2026 11:00 AM,Bodoland Territorial Council-PWD||Director Cum CHD - PWD BTC,Kokrajhar,783370.0,2.0,"44,44,286",ANIMA DAIMARI,"4,444,286",Accepted-AOC,06-Jun-2026,Bodoland Territorial Council-PWD||Director Cum CHD - PWD BTC
2026_DoIT_50451_1,AEDC/SDC/2025-26/16,Supply of Commvault License,Supply of Commvault License,Goods,Open Tender,Item Rate,Computer- S/W,No,No,NA ,21-Jan-2026 05:00 PM,NA ,180.0,No ,No,Online,09-Feb-2026 04:00 PM,Principal Secretary-Department of Information Technology||Assam Electronics Development Corporation Ltd-DoIT,Guwahati,781021.0,2.0,,Infotek services,"3,758,529",Accepted-AOC,27-Mar-2026,Principal Secretary-Department of Information Technology||Assam Electronics Development Corporation Ltd-DoIT
2026_DoWR_50346_1,SIVASAGAR/2025-26/ PDNA/WORK/VII,Restoration of damaged section of Dikhow bund L/B from Namdung outfall to Dikhowmukh (From Ch. 46580 m and Ch. 49060 m to Ch. 51910 m).,Restoration of damaged section of Dikhow bund L/B from Namdung outfall to Dikhowmukh (From Ch. 46580 m and Ch. 49060 m to Ch. 51910 m).,Works,Open Tender,Works,Civil Works,No,No,NA ,19-Jan-2026 06:55 PM,NA ,180.0,No ,No,Online,30-Jan-2026 03:00 PM,Department of Water Resources||Chief Engineer - DoWR,SIVASAGAR,785640.0,2.0,"3,36,17,468",Utpal Gogoi,"33,614,669.05",Rejected-AOC,06-Jun-2026,Department of Water Resources||Chief Engineer - DoWR
2026_PHED_52327_1,IFB NO 03 OF 2026-27,Resolving low voltage issue at Chalantapara Pt.I (Salguritila) PWSS under SOPD of Bongaigaon (PHE) Division,Resolving low voltage issue at Chalantapara Pt.I (Salguritila) PWSS under SOPD of Bongaigaon (PHE) Division,Works,Open Tender,Works,Civil Works,No,No,NA ,15-May-2026 02:00 PM,NA ,30.0,No ,No,Online,05-Jun-2026 11:00 AM,Public Health Engineering Department||Chief Engineer PHE(P)-Assam-PHED||Lower Assam Zone-Guwahati-PHED||Nalbari Circle-Nalbari-PHED,Chalantapara,783388.0,2.0,"21,32,000",APURBA DEV SARMA,"2,131,574",Rejected-Finance,19-Jun-2026,Public Health Engineering Department||Chief Engineer PHE(P)-Assam-PHED||Lower Assam Zone-Guwahati-PHED||Nalbari Circle-Nalbari-PHED
2026_BoTC_50653_1,DPRD/BTC/(6th ASFC)DG/XII/Udl-01/2025/08,Construction of Market Shed at Puthimari Weekly Market under the Award of Direct Grant of 6th ASFC fund for the year 2021-22 (1st Installment) during 2025-26.,DPRD/BTC/(6th ASFC)DG/XII/Udl-01/2025/08,Works,Open Tender,Item Rate,Civil Works - Building,No,No,NA ,05-Feb-2026 10:30 AM,NA ,180.0,No ,No,Online,27-Feb-2026 02:30 PM,Bodoland Territorial Council||Panchayat and Rural Development-BTC,Kalaigaon Udalguri,781366.0,2.0,"25,00,000",MANOMATI BORO,"2,499,500",Accepted-AOC,10-Mar-2026,Bodoland Territorial Council||Panchayat and Rural Development-BTC
2026_PWD_51027_3,Tech/NDTRD/NIT/1028/4360 dated 10.02.2026,Tihu_PDNA_2025-26_96,"Recovery and Reconstruction of Sanimandal road (8th ,9th and 10th Km) under NDFR(PDNA-2022) for the year 2025-26.",Works,Open Tender,Item Rate,Civil Works – Roads,No,No,NA ,13-Feb-2026 10:30 AM,NA ,180.0,No ,No,Online,21-Feb-2026 10:30 AM,Public Works Roads Department,Nalbari,781335.0,2.0,"70,00,000",APURBA BEZBARUAH,"5,250,053",Rejected-Finance,11-Jun-2026,Public Works Roads Department
2026_BTC_52314_1,No.21/PWD/BTC/SOPD/26-27/05,"Construction of CC Block Road from Uttar Barpukhuri Village to Barpukhuri Village Road under SOPD, BTC for the year 2025-26. (TN_02_01)","Construction of CC Block Road from Uttar Barpukhuri Village to Barpukhuri Village Road under SOPD, BTC for the year 2025-26. (TN_02_01)",Works,Open Tender,Item Rate,Civil Works – Roads,No,No,NA ,13-May-2026 10:00 AM,NA ,180.0,No ,No,Online,04-Jun-2026 02:00 PM,Bodoland Territorial Council-PWD||Director Cum CHD - PWD BTC,Kokrajhar,783370.0,2.0,"2,43,52,000",MANAS DAS,"24,351,000",Accepted-AOC,19-Jun-2026,Bodoland Territorial Council-PWD||Director Cum CHD - PWD BTC
2025_PWRDW_42291_3,CEEAPARRBP111Tenders2024Pt-I40,Construction of Bridges in Baksa district i) Br. No. 2/1 on Garamdew to Gaon Rajastan via Gurmatary L.P. School,CE/EAP/ARRBP/OCB/Bridge-1/Baksa/05 Construction of Bridges in Baksa district i) Br. No. 2/1 on Garamdew to Gaon Rajastan via Gurmatary L.P. School,Works,Open Tender,Item Rate,Civil Works - Bridges,No,No,NA ,22-Jan-2025 11:50 AM,29-Jan-2025 11:00 AM ,180.0,No ,No,Online,05-Feb-2025 02:30 PM,Public Works Roads Department-Externally Aided Project||Public Works Road Department- World Bank Funded Tenders||Assam State Bridge Infrastructure Program,Baksa,781313.0,2.0,"2,41,72,000",GPD INFRASTRUCTURE PRIVATE LIMITED,"25,378,576",Accepted-AOC,02-Jun-2026,Public Works Roads Department-Externally Aided Project||Public Works Road Department- World Bank Funded Tenders||Assam State Bridge Infrastructure Program
2026_PWBNH_51725_1,SE(B)/DBC/AMCHPS/25-26/89B,"Repairing and Renovation of Toilet Blocks with other ancillary works in the department of Plastic Surgery at AMCH, Dibrugarh.","Repairing and Renovation of Toilet Blocks with other ancillary works in the department of Plastic Surgery at AMCH, Dibrugarh.",Works,Open Tender,Item Rate,Civil Works - Building,No,No,NA ,06-Mar-2026 03:00 PM,09-Mar-2026 11:00 AM ,180.0,No ,No,Online,14-Mar-2026 03:00 PM,Public Works Building and NH Department||Chief Engineer-Building - PWBNH,DIBRUGARH,786001.0,2.0,"38,82,469",DEVA PROSAD MECH,"3,998,000",Rejected-AOC,12-Jun-2026,Public Works Building and NH Department||Chief Engineer-Building - PWBNH
2025_PWBNH_48401_12,Tech-IV(H_E)/RIDF XXXI/01/2025/30 Dated Guwahati the 22nd Oct 2025,Package-34 Construction of 100 Secondary Schools in 35 Districts of Assam under RIDF-XXXI (2025-26) for Palashtal kachamari High School under Nagaon DTBD,Package-34 Construction of 100 Secondary Schools in 35 Districts of Assam under RIDF-XXXI (2025-26) for Palashtal kachamari High School under Nagaon DTBD,Works,Open Tender,Item Rate,Civil Works - Building,No,No,NA ,04-Nov-2025 09:00 AM,07-Nov-2025 11:00 AM ,180.0,No ,No,Online,21-Nov-2025 04:00 PM,Public Works Building and NH Department||Chief Engineer-Building - PWBNH,Nagaon,782001.0,2.0,"4,08,35,291",Rishabh Jain,"44,177,683.68",Rejected-AOC,12-Jun-2026,Public Works Building and NH Department||Chief Engineer-Building - PWBNH
2026_PWBNH_52453_1,SE/BII/Tech/Gaushala/RajBhawan,"Establishment of a Gaushala and renovtion of pathway leading to the Gaushala along with stone masonry wall at Raj Bhawan Campus, Guwahati- 01","Establishment of a Gaushala and renovtion of pathway leading to the Gaushala along with stone masonry wall at Raj Bhawan Campus, Guwahati- 01",Works,Open Tender,Item Wise,Civil Works - Building,No,No,NA ,22-May-2026 12:00 PM,26-May-2026 12:00 PM ,180.0,No ,No,Online,12-Jun-2026 04:30 PM,Public Works Building and NH Department||Chief Engineer-Building - PWBNH||SE-Guwahati Circle-2 - PWBNH,Raj Bhawan Campus,781001.0,2.0,"73,87,339",Prem Kumar Ray,"8,180,555",Accepted-AOC,24-Jun-2026,Public Works Building and NH Department||Chief Engineer-Building - PWBNH||SE-Guwahati Circle-2 - PWBNH
2026_PWD_51840_2,T/CC/ETN/SIL/2025-26/1359(T),"Strengthening of Adarsha Lane at Sonai Rd, Con of Both side cover drain from Jain Udyog to Rani Rabidas House at Sonai Rd and Con of RCC cover drain at U.S. Dutta Rd Padmanagar under MMNPPNA under SOPD-G for 2025-26.","Strengthening of Adarsha Lane at Sonai Rd, Con of Both side cover drain from Jain Udyog to Rani Rabidas House at Sonai Rd and Con of RCC cover drain at U.S. Dutta Rd Padmanagar under MMNPPNA under SOPD-G for 2025-26..P/No.MMNPPNA_2025-26_05_B",Works,Open Tender,Item Rate,Civil Works – Roads,No,No,NA ,11-Mar-2026 09:00 AM,16-Mar-2026 02:00 PM ,180.0,No ,No,Online,20-Mar-2026 03:10 PM,Public Works Roads Department,Cachar District.,788006.0,2.0,"1,44,00,000",BM Enterprises,"14,397,000",Accepted-AOC,13-Jun-2026,Public Works Roads Department
2026_PWD_50619_8,SSRDM/TC-65/NIT/PDNA/2025-26/2,"Reconstruction of Road from Satdubi to Zinziram Parghat under Reconstruction and Recovery Window (Assam floods and Landslides, 2022, PDNA) for the year 2025-26. Package No. SSDTRD_PDNA_8","Reconstruction of Road from Satdubi to Zinziram Parghat under Reconstruction and Recovery Window (Assam floods and Landslides, 2022, PDNA) for the year 2025-26. Package No. SSDTRD_PDNA_8",Works,Open Tender,Item Rate,Civil Works – Roads,No,No,NA ,29-Jan-2026 05:00 PM,NA ,180.0,No ,No,Online,19-Feb-2026 10:30 AM,Public Works Roads Department,Mankachar,783131.0,2.0,"14,99,800",ABU SAYED KHANDAKAR,"1,496,000",Rejected-AOC,03-Jun-2026,Public Works Roads Department
2025_BTC_49321_1,No.ACE-22/PWD/NIT/GW/25-26/19,Construction of road from Nabinagar to Titaguri road Ch.0.00m to Ch.2000.00m Length 2.00 KM by providing ICBP under CMs Goodwill Mission Project RIDF-XXXI for the year 2025-26 of District Kokrajhar. TN_67KOK_RIDF-XXXI-17,Construction of road from Nabinagar to Titaguri road Ch.0.00m to Ch.2000.00m Length 2.00 KM by providing ICBP under CMs Goodwill Mission Project RIDF-XXXI for the year 2025-26 of District Kokrajhar. TN_67KOK_RIDF-XXXI-17,Works,Open Tender,Item Rate,Civil Works – Roads,No,No,NA ,15-Dec-2025 12:00 PM,NA ,180.0,No ,No,Online,07-Jan-2026 11:00 AM,Bodoland Territorial Council-PWD||Director Cum CHD - PWD BTC,Kokrajhar,783370.0,2.0,"2,50,00,000",Arjun Saha,"24,999,900",Rejected-AOC,09-Jun-2026,Bodoland Territorial Council-PWD||Director Cum CHD - PWD BTC
2025_PWD_49791_2,CE/Commn/192/PDNA/2025-26/12,PDNA/ Cachar /06,"Recovery and Reconstruction of (1) 18th km of PDB to SH Sarbantilla road via Block HQ Road (2) Paloi Derbi Borjalenga Road (PDB) (3) NH-54 to DholaiLailapur Road PMGSY Pkg-AS-03-236 under NDRF(PDNA 2022) for the year 2025-26, Dholai LAC.",Works,Open Tender,Item Rate,Civil Works – Roads,No,No,NA ,31-Dec-2025 05:00 PM,NA ,180.0,No ,No,Online,12-Jan-2026 02:30 PM,Public Works Roads Department,Cachar,788001.0,2.0,"2,49,63,000",Anjan Kumar Malakar,"24,962,000",Rejected-AOC,23-Jun-2026,Public Works Roads Department
2026_AEGCL_51993_1,AEGCL /MD/ 132KV DBR-TSK/ Height Raising /2026/ BID,"Height Raising at Loc. No. 02 to 09, Loc. No. 19 to 24 and Loc. No. 150 to 155 of 132 KV Dibrugarh_Tinsukia line due to low ground clearance","Height Raising at Loc. No. 02 to 09, Loc. No. 19 to 24 and Loc. No. 150 to 155 of 132 KV Dibrugarh_Tinsukia line due to low ground clearance",Works,Open Tender,Turn-key,Electrical Works,No,No,NA ,14-Mar-2026 12:00 PM,NA ,180.0,No ,No,Online,07-Apr-2026 02:00 PM,Assam Electricity Grid Corporation Ltd||CGM (T and T),Dibrugarh,786001.0,2.0,"5,06,41,262",AADS Enterprises,"41,744,152",Accepted-AOC,29-Jun-2026,Assam Electricity Grid Corporation Ltd||CGM (T and T)
2026_PWBNH_51330_1,CS/NBC/16/2025-26/ 640 Dated 13/02/2026,"Upgradation of present meeting hall to State of Art Conference Hall, Equipped with all modern facilities, furniture and technology along with separate toilet block and pantry at 2nd floor of District and Session Judge Court, Bongaigaon, Assam","Upgradation of present meeting hall to State of Art Conference Hall, Equipped with all modern facilities, furniture and technology along with separate toilet block and pantry at 2nd floor of District and Session Judge Court, Bongaigaon, Assam",Works,Open Tender,Item Rate,Civil Works - Building,No,No,NA ,19-Feb-2026 02:00 PM,27-Feb-2026 12:00 PM ,180.0,No ,No,Online,12-Mar-2026 03:00 PM,Public Works Building and NH Department||Chief Engineer-Building - PWBNH,Bongaigaon,783380.0,2.0,"51,62,152",Gautam Adhikary,"5,160,000",Accepted-AOC,04-Jun-2026,Public Works Building and NH Department||Chief Engineer-Building - PWBNH
2026_FD_51874_1,AFD/133/2025-26/703,Construction of New Pond in low lying/suitable area and Renovation of Existing Ponds,Construction of New Pond in low lying/suitable area and Renovation of Existing Ponds under Development Approach in Fisheries and Aquaculture through Cluster based Initiatives under SOPD 2025-26,Works,Open Tender,Works,Civil Works,No,No,NA ,13-Mar-2026 10:00 AM,NA ,180.0,No ,No,Online,30-Mar-2026 01:30 PM,Department of Fisheries||Directorate of Fisheries Assam||DDF UAZ Joysagar||DFDO Dibrugarh,"Naharkatia, Dibrugarh",786008.0,2.0,"52,00,000",laurel gogoi,"4,420,000",Rejected-AOC,24-Jun-2026,Department of Fisheries||Directorate of Fisheries Assam||DDF UAZ Joysagar||DFDO Dibrugarh
2025_PWD_45926_150,CE/DEV/TB/60/2025-26/06 Dtd- 14.07.2025,MMPPNA_RIDF_XXXI_25_26_335 Construction of (1) Ghorabandha Garukhuti Road to Bengera Burha Gosain Than connecting road via Tuwapara Village App Road and (2) GG Road to No 1 Water Supply under Dosotoni Model Village Ranghar Maa Manasha Mandir (L 2.60,MMPPNA_RIDF_XXXI_25_26_335 Construction of (1) Ghorabandha Garukhuti Road to Bengera Burha Gosain Than connecting road via Tuwapara Village App Road and (2) GG Road to No 1 Water Supply under Dosotoni Model Village Ranghar Maa Manasha Mandir (L 2.60,Works,Open Tender,Item Rate,Civil Works – Roads,No,No,NA ,01-Aug-2025 06:00 PM,04-Aug-2025 12:00 PM ,180.0,No ,No,Online,14-Aug-2025 02:30 PM,Public Works Roads Department,Sipajhar,784145.0,2.0,"2,09,69,000",JAGADISH KALITA,"20,955,000",Accepted-AOC,06-Jun-2026,Public Works Roads Department
2026_PWBNH_51872_1,CS_JGCNGTBD_E-28_Kamakhya,"Construction of Temporary Shifted Kamakhya Police Out Post at Newly identified building of incomplete RCC Building of Mr. Utpal Sarma near Hotel OM Residency at Kamakhya, Guwahati. (Ground Floor and Part of 3rd Floor only)","Construction of Temporary Shifted Kamakhya Police Out Post at Newly identified building of incomplete RCC Building of Mr. Utpal Sarma near Hotel OM Residency at Kamakhya, Guwahati. (Ground Floor and Part of 3rd Floor only)",Works,Open Tender,Item Wise,Civil Works - Building,No,No,NA ,11-Mar-2026 12:00 PM,16-Mar-2026 12:00 PM ,180.0,No ,No,Online,02-Apr-2026 02:30 PM,Public Works Building and NH Department||Chief Engineer-Building - PWBNH,"Kamakhya, Guwahati",781010.0,2.0,"42,83,569",Prem Kumar Ray,"4,539,190",Not Admitted-Fee/PreQual/Technical,18-Jun-2026,Public Works Building and NH Department||Chief Engineer-Building - PWBNH
2025_PWD_49147_1,EE/DCLKT/NIT/SOPD-G/1/2025/5,Provision of Road Safety Measures at arterial roads of Dibrugarh Town under SOPD G for the year 2025-26,Provision of Road Safety Measures at arterial roads of Dibrugarh Town under SOPD G for the year 2025-26,Works,Open Tender,Item Rate,Civil Works – Roads,No,No,NA ,11-Dec-2025 02:00 PM,NA ,180.0,No ,No,Online,24-Dec-2025 02:30 PM,Public Works Roads Department,Khowang,785676.0,2.0,"32,80,100",Anuj Saikia,"3,280,100",Rejected-AOC,22-Jun-2026,Public Works Roads Department
2025_PWD_46685_42,CE/DEV/TB/60/2025-26/13 Dtd- 31.07.2025,"MMPPNA_RIDF_XXXI_25_26_391 Construction of Road from (1) Therilangso to Dukengpi. (L-3.800 Km ),(2) Charting gaon to Dungkeklangso. (L- 1.00 Km ) , (3)Rongnagor at Engti Gaon to Longson Terang Gaon Via Adivasi Gaon under MMPPNA of RIDF-XXXI for the","MMPPNA_RIDF_XXXI_25_26_391 Construction of Road from (1) Therilangso to Dukengpi. (L-3.800 Km ),(2) Charting gaon to Dungkeklangso. (L- 1.00 Km ) , (3)Rongnagor at Engti Gaon to Longson Terang Gaon Via Adivasi Gaon under MMPPNA of RIDF-XXXI for the",Works,Open Tender,Item Rate,Civil Works – Roads,No,No,NA ,22-Aug-2025 01:00 PM,22-Aug-2025 02:00 PM ,180.0,No ,No,Online,09-Sep-2025 02:30 PM,Public Works Roads Department,Karbi Anglong,782410.0,2.0,"6,46,15,000",ROBINSON TERON,"64,613,500",Accepted-AOC,20-Jun-2026,Public Works Roads Department
2025_PWD_45408_143,CE/DEV/TB/60/2025-26/01 Dtd- 21.06.2025,"MMPPNA_RIDF_XXXI_25_26_129 Construction of (1) Extension Turunggaon Road from Ch. 0.00 kmto 1.45 km (L-1.45km), (2) Padumani Parghat to Da chuk road from Ch. 0.00 km to1.50 km (L-1.50km), (3) Duborani Ali from Ch. 6.75 km to 9.85 km (L-3.00 km), (4)","MMPPNA_RIDF_XXXI_25_26_129 Construction of (1) Extension Turunggaon Road from Ch. 0.00 kmto 1.45 km (L-1.45km), (2) Padumani Parghat to Da chuk road from Ch. 0.00 km to1.50 km (L-1.50km), (3) Duborani Ali from Ch. 6.75 km to 9.85 km (L-3.00 km), (4)",Works,Open Tender,Item Rate,Civil Works – Roads,No,No,NA ,15-Jul-2025 09:00 AM,17-Jul-2025 12:00 PM ,180.0,No ,No,Online,28-Jul-2025 02:30 PM,Public Works Roads Department,Sarupathar,785601.0,2.0,"5,19,31,000",M/S. M.P. AGARWALLA,"51,912,695",Accepted-AOC,02-Jun-2026,Public Works Roads Department
2026_PWD_50510_1,CE/DEV/TB/120/2025-26/42 Dtd- 19.01.2026,"SOPD_G_25_26_52 Construction of Road from NH-715 to Industrial Estate at Dighalichapori, Sonitpur District (Length- 2.80 Km) under SOPD-G for the Year 2025-26.","SOPD_G_25_26_52 Construction of Road from NH-715 to Industrial Estate at Dighalichapori, Sonitpur District (Length- 2.80 Km) under SOPD-G for the Year 2025-26.",Works,Open Tender,Item Rate,Civil Works – Roads,No,No,NA ,22-Jan-2026 05:00 PM,29-Jan-2026 12:00 PM ,180.0,No ,No,Online,05-Feb-2026 02:30 PM,Public Works Roads Department,Sonitpur,784001.0,2.0,"7,75,55,000",M/S SMB CONSTRUCTION,"77,555,000",Accepted-AOC,22-Jun-2026,Public Works Roads Department
2025_PWRDW_48257_2,CE/EAP/693196/03,Construction of Bridges in Udalguri district i) Br. No. 3/1 on Ambagaon Kubirali Road ii) Br. No. 6/1 on Ambagaon Kubirali Road,CE/EAP/ARRBP/OCB/Bridges-2/Udalguri/11 Construction of Bridges in Udalguri district i) Br. No. 3/1 on Ambagaon Kubirali Road ii) Br. No. 6/1 on Ambagaon Kubirali Road,Works,Open Tender,Item Rate,Civil Works - Bridges,No,No,NA ,28-Oct-2025 12:00 PM,NA ,180.0,No ,No,Online,10-Nov-2025 02:30 PM,Public Works Roads Department-Externally Aided Project||Public Works Road Department- World Bank Funded Tenders||Assam State Bridge Infrastructure Program,Udalguri,784509.0,2.0,"2,06,73,000",Dhaneswar Kalita,"18,605,700",Accepted-AOC,16-Jun-2026,Public Works Roads Department-Externally Aided Project||Public Works Road Department- World Bank Funded Tenders||Assam State Bridge Infrastructure Program
2026_PWBNH_51578_1,"CS/SE/GBC/2025-26/14/170-A, Dated. 25-02-2026",Infrastructure Development of Vivekananda Kendra Vidyalaya Dhubri,Infrastructure Development of Vivekananda Kendra Vidyalaya Dhubri,Works,Open Tender,Works,Civil Works,No,No,NA ,27-Feb-2026 04:00 PM,05-Mar-2026 12:00 PM ,180.0,No ,No,Online,12-Mar-2026 02:00 PM,Public Works Building and NH Department||Chief Engineer-Building - PWBNH,Dhubri,783301.0,2.0,"97,25,775",M/S.SOMNATH CHAKRABORTY,"9,725,774",Accepted-AOC,05-Jun-2026,Public Works Building and NH Department||Chief Engineer-Building - PWBNH
2025_TDA_47761_1,AIWCL/03/2023/Pt-I/03 TF JOYSAGAR,Long Term Leasing out of existing Inland Water Commercial Vessel TF JOYSAGAR,Long Term Leasing out of existing Inland Water Commercial Vessel TF JOYSAGAR,Services,Open Tender,Item Rate,Miscellaneous Services,No,No,NA ,29-Sep-2025 09:00 AM,NA ,90.0,No ,No,Online,06-Nov-2025 04:00 PM,Transport Department||Assam Inland Waterways Company Limited,Guwahati,781007.0,1.0,,COCHIN BUNKERS PRIVATE LIMITED,"75,000",Accepted-AOC,04-Jun-2026,Transport Department||Assam Inland Waterways Company Limited
2026_PHED_52323_1,IFB NO 01 OF 2026-27,Resolving low voltage issue at Kandulimari PWSS under SOPD of Bongaigaon (PHE) Division,Resolving low voltage issue at Kandulimari PWSS under SOPD of Bongaigaon (PHE) Division,Works,Open Tender,Works,Civil Works,No,No,NA ,15-May-2026 02:00 PM,NA ,30.0,No ,No,Online,05-Jun-2026 11:00 AM,Public Health Engineering Department||Chief Engineer PHE(P)-Assam-PHED||Lower Assam Zone-Guwahati-PHED||Nalbari Circle-Nalbari-PHED,Kandulimari PWSS,783380.0,2.0,"24,09,000",AMAL CHANDRA MANDAL,"2,408,518",Accepted-AOC,19-Jun-2026,Public Health Engineering Department||Chief Engineer PHE(P)-Assam-PHED||Lower Assam Zone-Guwahati-PHED||Nalbari Circle-Nalbari-PHED
2026_PWBNH_51111_1,CE/TB-III(B)/115/2025/11,"Padumoni Nature Park and Spiritual Wellness Hub at Padumoni AAI Than, Lakhimpur, Assam under Engineering, Procurement and Construction (EPC) Mode-I Basis","Padumoni Nature Park and Spiritual Wellness Hub at Padumoni AAI Than, Lakhimpur, Assam under Engineering, Procurement and Construction (EPC) Mode-I Basis",Works,Open Tender,Item Rate,Civil Works - Building,No,No,NA ,12-Feb-2026 06:30 PM,19-Feb-2026 11:00 AM ,180.0,No ,No,Online,05-Mar-2026 03:00 PM,Public Works Building and NH Department||Chief Engineer-Building - PWBNH,Lakhimpur,787001.0,2.0,"5,79,50,227",M/S NORTHERN GASES,"57,950,000",Rejected-Finance,17-Jun-2026,Public Works Building and NH Department||Chief Engineer-Building - PWBNH
2026_BoTC_50556_1,EE/PWD/KOJ/R/IFB/33/536/21-22,Construction of RCC Box cell bridge (size 3.00m x 3.00m 3 cells) including approaches at Kakrighola (Kambla Bagan) Kopapara village under Kokrajhar District.,Construction of RCC Box cell bridge (size 3.00m x 3.00m 3 cells) including approaches at Kakrighola (Kambla Bagan) Kopapara village under Kokrajhar District.,Works,Open Tender,Item Rate,Civil Works,No,No,NA ,24-Jan-2026 10:00 AM,NA ,180.0,No ,No,Online,13-Feb-2026 03:00 PM,Bodoland Territorial Council||PWD-BTC,Kokrajhar,783370.0,2.0,"48,00,000",Bimal Brahma,"4,799,621",Accepted-AOC,25-Jun-2026,Bodoland Territorial Council||PWD-BTC
2026_DoWR_50981_1,MORIGAON/2025-26/SOPD-G/VII,Construction of Flood Embankment on Right Bank of River Pokoria from Teteliguri to Patekibori.(Ph I),Construction of Flood Embankment on Right Bank of River Pokoria from Teteliguri to Patekibori.(Ph I),Works,Open Tender,Works,Civil Works,No,No,NA ,09-Feb-2026 06:55 PM,NA ,180.0,No ,No,Online,17-Feb-2026 03:00 PM,Department of Water Resources||Chief Engineer - DoWR,"Teteliguri, Morigaon",782411.0,2.0,"4,92,05,842",Progressive Enterprises,"49,155,842.64",Rejected-AOC,24-Jun-2026,Department of Water Resources||Chief Engineer - DoWR
2025_PWD_45495_1,CE/Commn/16/202526/3,Jorhat/ MMNPPNA/ 1,Const. of i) Jyoti Nagar Roadii) Parijat Nagar Roadiii) Sebiram Barua Roadiv) Extension Milan Nagar Road(v) Tarajan Hanuman Mandir Path (Part-II) upto TRP Road)(vi) RCC Covered Drain frm DCB Road to Kakoti Gaon(L330m) (MMNPPNA)under SOPD-G for 25-26,Works,Open Tender,Works,Civil Works – Roads,No,No,NA ,10-Jul-2025 06:00 PM,18-Jul-2025 04:00 PM ,180.0,No ,No,Online,30-Jul-2025 02:30 PM,Public Works Roads Department||CE PWD(R) - PWD||Traffic Engineering Cell - PWD,Jorhat,785001.0,2.0,"1,37,80,000",Abhinav Borbora,"12,402,000",Accepted-AOC,30-Jun-2026,Public Works Roads Department||CE PWD(R) - PWD||Traffic Engineering Cell - PWD
2025_BoTC_45278_1,DPRD/BTC/15th FC/UT(VIII)/Udl-02/2025/10,Impt. of road with EF and SG from Kashibari Bathou Mandir to Debeswar Boro house with RCC box culvert at Khasibari village under 15th Finance Commission (Untied Grant) for the financial year 2023-24 during 2025-26,DPRD/BTC/15th FC/UT(VIII)/Udl-02/2025/10,Works,Open Tender,Item Rate,Civil Works,No,No,NA ,02-Jul-2025 12:00 PM,NA ,180.0,No ,No,Online,15-Jul-2025 04:00 PM,Bodoland Territorial Council||Panchayat and Rural Development-BTC,Udalguri,784509.0,2.0,"23,00,000",ANSUMA BORO,"2,299,762",Accepted-AOC,02-Aug-2025,Bodoland Territorial Council||Panchayat and Rural Development-BTC
2025_PWBNH_48645_28,CE/TB-III(H_E)/40/2025/13 Dated 22-10-2025,"Construction of New Building of 100 Secondary Schools under RIDF-XXXI (2025-26) for Nirmali Girls High School under Dibrugarh, Chabua Lahowal, Khowang and Ting DTBD ( Package-59)","Construction of New Building of 100 Secondary Schools under RIDF-XXXI (2025-26) for Nirmali Girls High School under Dibrugarh, Chabua Lahowal, Khowang and Ting DTBD ( Package-59)",Works,Open Tender,Item Rate,Civil Works - Building,No,No,NA ,29-Nov-2025 09:00 AM,04-Dec-2025 11:30 AM ,180.0,No ,No,Online,18-Dec-2025 04:00 PM,Public Works Building and NH Department||Chief Engineer-Building - PWBNH,Dibrugarh,786001.0,2.0,"3,98,37,952",SRI BIJAY KUMAR MORE,"44,150,000",Rejected-AOC,17-Jun-2026,Public Works Building and NH Department||Chief Engineer-Building - PWBNH
2024_NHM_36160_19,NHM-32049/14/2023-Cons-NHM,"Construction of BPHU at Guijan PHC in Tinsukia District under PM ABHIM for the FY 2024 25 under NHM, Assam on Turnkey Basis Group no22 1nos. of Scheme in Tinsukia District","Construction of BPHU at Guijan PHC in Tinsukia District under PM ABHIM for the FY 2024 25 under NHM, Assam on Turnkey Basis Group no22 1nos. of Scheme in Tinsukia District",Works,Open Tender,Turn-key,Civil Works - Building,No,No,NA ,12-Feb-2024 06:30 PM,NA ,180.0,No ,No,Online,22-Feb-2024 03:30 PM,National Health Mission||State Programme Management Unit - NHM,Tinsukia,781005.0,2.0,"50,00,000",RAJIB BORUAH,"4,275,500",Rejected-Finance,24-Jun-2026,National Health Mission||State Programme Management Unit - NHM
2022_CU_27073_1,CU/SnP/2022/16,PROCUREMENT OF LAB EQUIPMENT UNDER DBT BUILDERS PROJECT,PROCUREMENT OF LAB EQUIPMENT UNDER DBT BUILDERS PROJECT,Goods,Open Tender,Item Rate,Laboratory and scientific equipment,No,No,NA ,20-Sep-2022 12:00 PM,NA ,30.0,No ,No,Online,25-Oct-2022 03:00 PM,Cotton University,COTTON UNIVERSITY,781001.0,2.0,,Analytical Technologies Limited,"3,048,176",Rejected-Technical,08-Jun-2026,Cotton University
2025_BTC_49260_1,No.ACE-22/PWD/NIT/GW/25-26/17,Construction of SDBC Road with bridge from Jaganighar to Lalghat under Devitala Dev. Block under CMs Goodwill Mission Project under SOPD for the year 2025-26. TN_66KOK_SOPD-15,Construction of SDBC Road with bridge from Jaganighar to Lalghat under Devitala Dev. Block under CMs Goodwill Mission Project under SOPD for the year 2025-26. TN_66KOK_SOPD-15,Works,Open Tender,Item Rate,Civil Works – Roads,No,No,NA ,15-Dec-2025 12:00 PM,NA ,180.0,No ,No,Online,06-Jan-2026 11:00 AM,Bodoland Territorial Council-PWD||Director Cum CHD - PWD BTC,Kokrajhar,783370.0,2.0,"99,99,694",DEBOJYOTI BRAHMA,"9,999,204",Accepted-AOC,23-Jun-2026,Bodoland Territorial Council-PWD||Director Cum CHD - PWD BTC
2025_NHM_49157_3,NHM/ECF/700279,Establishment of temporary prefabricated unit for accommodation of treatment for Malaria affected area at Salbari Bazar and Kadomguri Forest in Kokrajar district,Establishment of temporary prefabricated unit for accommodation of treatment for Malaria affected area at Salbari Bazar and Kadomguri Forest in Kokrajar district,Works,Open Tender,Item Rate,Civil Works - Building,No,No,NA ,10-Dec-2025 06:10 PM,NA ,180.0,No ,No,Online,22-Dec-2025 12:00 PM,National Health Mission||State Programme Management Unit - NHM,Kokrajhar,783370.0,2.0,"48,00,000",ANANDA NARZARY,"4,800,000",Accepted-AOC,02-Jun-2026,National Health Mission||State Programme Management Unit - NHM
2025_PWRDW_48257_3,CE/EAP/693196/03,Construction of Bridge in Kamrup district i) Br. No. 9/1 on Lamapara to Goroimari Road,CE/EAP/ARRBP/OCB/Bridge-1/Kamrup/22 Construction of Bridge in Kamrup district i) Br. No. 9/1 on Lamapara to Goroimari Road,Works,Open Tender,Item Rate,Civil Works - Bridges,No,No,NA ,28-Oct-2025 12:00 PM,NA ,180.0,No ,No,Online,10-Nov-2025 02:30 PM,Public Works Roads Department-Externally Aided Project||Public Works Road Department- World Bank Funded Tenders||Assam State Bridge Infrastructure Program,Kamrup,781123.0,2.0,"1,34,76,000",Paresh Kalita,"14,149,800",Accepted-AOC,23-Jun-2026,Public Works Roads Department-Externally Aided Project||Public Works Road Department- World Bank Funded Tenders||Assam State Bridge Infrastructure Program
2026_PWD_51118_1,561/TDMSTRD/NIT-561/2024-25/26,Recovery and Reconstruction of 15 m Slab culvert on Chilling Mingmung to Laimekuri Road under NDRF (PDNA 2022) for the year 2025-26.,Recovery and Reconstruction of 15 m Slab culvert on Chilling Mingmung to Laimekuri Road under NDRF (PDNA 2022) for the year 2025-26.,Works,Open Tender,Item Rate,Civil Works – Roads,No,No,NA ,13-Feb-2026 11:30 AM,NA ,180.0,No ,No,Online,19-Feb-2026 01:00 PM,Public Works Roads Department,"Sadiya Lac, Tinsukia Assam",786155.0,2.0,"57,13,242",AMBEY CONSTRUCTIONS,"5,712,500",Accepted-AOC,11-Jun-2026,Public Works Roads Department
2025_DoWR_47293_1,KAMRUP METRO/2025-26/FFM/X,Procurement of flood fighting materials (PSC Porcupine) for Water Resources Department for the year 2025-26 (BTAD W.R Zone),Procurement of flood fighting materials (PSC Porcupine) for Water Resources Department for the year 2025-26 (BTAD W.R Zone).,Goods,Open Tender,Supply,Supply of Materials,No,No,NA ,04-Sep-2025 06:55 PM,NA ,180.0,No ,No,Online,24-Sep-2025 03:00 PM,Department of Water Resources||Chief Engineer - DoWR,KAMRUP METRO,781008.0,2.0,"4,50,35,600",Maniraj Brahma,"40,532,400",Accepted-AOC,26-Jun-2026,Department of Water Resources||Chief Engineer - DoWR
2026_PWBNH_52107_1,SE/BII/DFS/CYBER,"Upgradation and renovation of Cyber Division at Directorate of Forensic Science, Assam Kahilipara,Guwahati-19","Upgradation and renovation of Cyber Division at Directorate of Forensic Science, Assam Kahilipara,Guwahati-19",Works,Open Tender,Item Wise,Civil Works - Building,No,No,NA ,16-Mar-2026 03:30 PM,20-Mar-2026 12:00 PM ,180.0,No ,No,Online,07-Apr-2026 11:30 AM,Public Works Building and NH Department||Chief Engineer-Building - PWBNH||SE-Guwahati Circle-2 - PWBNH,kahilipara guwahati,781019.0,2.0,"75,07,968",M/S J C Associates,"8,021,955",Accepted-AOC,18-May-2026,Public Works Building and NH Department||Chief Engineer-Building - PWBNH||SE-Guwahati Circle-2 - PWBNH
2026_BTC_51206_4,No.ACE-133/PWD/G.79/2025-26/69,"Construction of Bibha Bhawan at Barjhar Asram at Rowta under SOPD Bodoland Welfare Department, 2025-26. TN_111_14","Construction of Bibha Bhawan at Barjhar Asram at Rowta under SOPD Bodoland Welfare Department, 2025-26.",Works,Open Tender,Item Rate,Civil Works,No,No,NA ,16-Feb-2026 12:00 PM,NA ,180.0,No ,No,Online,05-Mar-2026 11:00 AM,Bodoland Territorial Council-PWD||Director Cum CHD - PWD BTC,Udalguri,784509.0,2.0,"16,89,039",ANNAI NARZARI,"1,686,053.25",Rejected-AOC,06-Jun-2026,Bodoland Territorial Council-PWD||Director Cum CHD - PWD BTC
2023_AP_32625_1,FB/I/357/2023/126,"Hiring of Technical Equipment with integrated Software, Data and Application Processing with MIS Reporting for the TRP for Assam Police including Training and Tech Support for PST and PET exams at multiple district","Hiring of Technical Equipment with integrated Software, Data and Application Processing with MIS Reporting for the TRP for Assam Police including Training and Tech Support for PST and PET exams at multiple district",Services,Open Tender,Item Rate,Miscellaneous Services,No,No,NA ,22-Sep-2023 02:00 PM,NA ,90.0,No ,No,Online,16-Oct-2023 12:00 PM,Assam Police,Guwahati,781007.0,2.0,,INFOCLAB SOLUTIONS OVT LTD,"950,000",Accepted-AOC,20-Jun-2026,Assam Police
2026_BoTC_52250_1,SE(B)/21-22/Pt-IV/14/568_3,Package No.568_3,Construction of Digital Library at Jaraguri Sarbajanin Club in Kokrajhar District under RIDF-XXXI.,Works,Open Tender,Item Rate,Civil Works - Building,No,No,NA ,08-May-2026 04:00 PM,NA ,180.0,No ,No,Online,29-May-2026 01:30 PM,Bodoland Territorial Council||PWD-BTC,Kokrajhar dist,783361.0,2.0,"48,24,428",Sajal Sengupta,"4,999,000",Rejected-Technical,10-Jun-2026,Bodoland Territorial Council||PWD-BTC
2026_BTC_50162_1,No.25/PWD/IFB/BTC/2025-26/63,"Recovery and reconstruction of Maujijhora to Serfanguri road under NDRF PDNA-2022 for the year 2025-26 of Chirang District, BTC, Assam. Embankment Protection works and Road Works. TN_98_02","Recovery and reconstruction of Maujijhora to Serfanguri road under NDRF PDNA-2022 for the year 2025-26 of Chirang District, BTC, Assam. Embankment Protection works and Road Works. TN_98_02",Works,Open Tender,Item Rate,Civil Works – Roads,No,No,NA ,12-Jan-2026 10:00 AM,NA ,180.0,No ,No,Online,03-Feb-2026 02:00 PM,Bodoland Territorial Council-PWD||Director Cum CHD - PWD BTC,Kokrajhar,783370.0,2.0,"2,49,99,996",LAJIK BRAHMA,"24,997,321",Accepted-AOC,12-Jun-2026,Bodoland Territorial Council-PWD||Director Cum CHD - PWD BTC
2026_UDD_50659_1,ASHB/Tech/1362/2024/Pt-III/48 /128,"Establishment of Jyoti Bishnu Sanskritik Prakalpa at Tinkhong, Dibrugarh","Establishment of Jyoti Bishnu Sanskritik Prakalpa at Tinkhong, Dibrugarh",Works,Open Tender,Works,Civil Works - Building,No,No,ASHB ,03-Feb-2026 06:00 PM,10-Feb-2026 11:00 AM ,180.0,No ,No,Online,26-Feb-2026 10:00 AM,Urban Development Department||Assam State Housing Board - UDD,Tingkhong,786612.0,2.0,"1,25,79,262",GITISH CHETIA,"11,320,807.48",Rejected-AOC,09-Jun-2026,Urban Development Department||Assam State Housing Board - UDD
2025_PWD_45926_192,CE/DEV/TB/60/2025-26/06 Dtd- 14.07.2025,MMPPNA_RIDF_XXXI_25_26_214 Construction of Road from (i) PDB Road to Rajesh Goala House At Bilani Derby (ii) Allenpur to Taranathpur Road from Ch. 3.00 km to 4.00 km (Balance Length) (iii) PDB Road to Bhadurtilla Kalibari Via PMGSY Road (AS-03-260) n,MMPPNA_RIDF_XXXI_25_26_214 Construction of Road from (i) PDB Road to Rajesh Goala House At Bilani Derby (ii) Allenpur to Taranathpur Road from Ch. 3.00 km to 4.00 km (Balance Length) (iii) PDB Road to Bhadurtilla Kalibari Via PMGSY Road (AS-03-260) n,Works,Open Tender,Item Rate,Civil Works – Roads,No,No,NA ,04-Aug-2025 09:00 AM,04-Aug-2025 12:00 PM ,180.0,No ,No,Online,14-Aug-2025 02:30 PM,Public Works Roads Department,Dholai,788114.0,2.0,"2,83,76,000",JYOTI RANJAN DEY,"28,374,781",Accepted-AOC,30-Jun-2026,Public Works Roads Department
2026_PWD_51027_6,Tech/NDTRD/NIT/1028/4360 dated 10.02.2026,Nalbari_PDNA_2025-26_99,"Recovery and Re-Construction of Rangia Dhamdhama Road, approach damage of Br. No. 20/1 and 15/2 under NDRF (PDNA-2022) for the year 2025-26.",Works,Open Tender,Item Rate,Civil Works – Roads,No,No,NA ,13-Feb-2026 10:30 AM,NA ,180.0,No ,No,Online,21-Feb-2026 10:30 AM,Public Works Roads Department,Nalbari,781335.0,2.0,"98,83,000",APURBA BEZBARUAH,"9,882,608",Not Admitted-Fee/PreQual/Technical,15-Jun-2026,Public Works Roads Department
2026_BTC_51034_18,ACE-25/PWD/IFB/BTC/2025-26/70,Const. of CC Block Road from Nogla Pump Namghar to Bogorah Tea Estate at No. 2 Madhabgohain under SOPD-BTC for the year 2025-26. (TN_118_18),Const. of CC Block Road from Nogla Pump Namghar to Bogorah Tea Estate at No. 2 Madhabgohain under SOPD-BTC for the year 2025-26.,Works,Open Tender,Item Rate,Civil Works,No,No,NA ,11-Feb-2026 10:00 AM,18-Feb-2026 12:00 PM ,180.0,No ,No,Online,02-Mar-2026 03:00 PM,Bodoland Territorial Council-PWD||Director Cum CHD - PWD BTC,Udalguri,784509.0,2.0,"40,76,958",Rimu Boro,"4,075,027.14",Rejected-AOC,03-Jun-2026,Bodoland Territorial Council-PWD||Director Cum CHD - PWD BTC
2026_DoWC_52263_1,DH(JB)55/Pt-VII/2025/86 Dated 8th May 2026,"Supply Of Dietary And Non Dietary Articles To The Home For The Destitute Women And Helpless Persons, Bamunigaon For The Year 2026-27","Invitation For Technical and Commercial Bids For Supply Of Dietary And Non Dietary Articles To The Home For The Destitute Women And Helpless Persons, Bamunigaon For The Year 2026-27",Goods,Open Tender,Item Rate,Food Products,No,No,NA ,08-May-2026 06:55 PM,NA ,180.0,No ,No,Online,30-May-2026 11:00 AM,"Department of Women and Child Development||Directorate of Women and Child Development||Home for the Destitute Women and Helpless Persons, Bamunigaon","Bamunigaon, Kamrup",781141.0,2.0,"20,00,000",MS APURBA ENTERPRISE,"2,835,712",Accepted-AOC,11-Jun-2026,"Department of Women and Child Development||Directorate of Women and Child Development||Home for the Destitute Women and Helpless Persons, Bamunigaon"
2026_DoWR_50904_1,DHAKUAKHANA/2025-26/SOPD G/III,Restoration of damage embankment from Mohemari Gaon to Bantow Chamuah Pathar areas from the flood devastation of river Korha during 2025-26 on L/B embankment.,Restoration of damage embankment from Mohemari Gaon to Bantow Chamuah Pathar areas from the flood devastation of river Korha during 2025-26 on L/B embankment.,Works,Open Tender,Works,Civil Works,No,No,NA ,06-Feb-2026 06:55 PM,NA ,180.0,No ,No,Online,17-Feb-2026 03:00 PM,Department of Water Resources||Chief Engineer - DoWR,DHAKUAKHANA,787055.0,2.0,"1,11,94,130",BHARAT BHASKAR GOGOI,"11,192,983.48",Accepted-AOC,11-Jun-2026,Department of Water Resources||Chief Engineer - DoWR
2026_APDCL_51866_1,"CGM(D and S)/APDCL/LAR/HPCL, Kamardanga/Pt-I/2025-26/04",Construction of 33kV Dedicated Feeder from 220 kV Salakati GSS to HPCL Project at Kamardanga along with Underground Railway Track Crossing under Deposit Work Scheme of Basugaon Electrical Sub-Division on Full Turnkey Mode,Construction of 33kV Dedicated Feeder from 220 kV Salakati GSS to HPCL Project at Kamardanga along with Underground Railway Track Crossing under Deposit Work Scheme of Basugaon Electrical Sub-Division on Full Turnkey Mode,Works,Open Tender,Turn-key,Electrical Works,No,No,NA ,10-Mar-2026 06:00 PM,13-Mar-2026 10:30 AM ,180.0,No ,No,Online,26-Mar-2026 02:00 PM,Assam Power Distribution Company Ltd||CGM(D) Lower Assam Region - APDCL,Basugaon,783372.0,2.0,"12,49,12,131",ASSAM ELECTRIC STORE,"99,929,704",Accepted-AOC,11-Jun-2026,Assam Power Distribution Company Ltd||CGM(D) Lower Assam Region - APDCL
2026_PWD_50619_9,SSRDM/TC-65/NIT/PDNA/2025-26/2,"Reconstruction of Road from Dhaluamari Tiniali to Takimari Bazar under Reconstruction and Recovery Window (Assam floods and Landslides 2022, PDNA) for the year 2025- 26. Package No. SSDTRD_PDNA_9","Reconstruction of Road from Dhaluamari Tiniali to Takimari Bazar under Reconstruction and Recovery Window (Assam floods and Landslides 2022, PDNA) for the year 2025- 26. Package No. SSDTRD_PDNA_9",Works,Open Tender,Item Rate,Civil Works – Roads,No,No,NA ,29-Jan-2026 05:00 PM,NA ,180.0,No ,No,Online,19-Feb-2026 10:30 AM,Public Works Roads Department,Mankachar,783131.0,2.0,"14,99,876",ABU SAYED KHANDAKAR,"1,259,800",Not Admitted-Fee/PreQual/Technical,03-Jun-2026,Public Works Roads Department
2026_PWD_50414_1,BMCTRD/NDRF/2025-26/MAN_08,BMCTRD/NDRF/2025-26/MAN_08,Recovery and Reconstruction of Khudrakuchi Bankubhanga road RR under NDRF PDNA 2022 for the year 2025 26,Works,Open Tender,Item Rate,Civil Works – Roads,No,No,NA ,21-Jan-2026 11:00 AM,NA ,180.0,No ,No,Online,03-Feb-2026 11:00 AM,Public Works Roads Department,Barpeta,781301.0,2.0,"30,00,000",M/s A.B. ENTERPRISE,"2,998,999",Rejected-AOC,19-Jun-2026,Public Works Roads Department
2025_PWBNH_48401_15,Tech-IV(H_E)/RIDF XXXI/01/2025/30 Dated Guwahati the 22nd Oct 2025,Package-41 Construction of 100 Secondary Schools in 35 Districts of Assam under RIDF-XXXI (2025-26) for Balipara HS School under Sonitpur DTBD,Package-41 Construction of 100 Secondary Schools in 35 Districts of Assam under RIDF-XXXI (2025-26) for Balipara HS School under Sonitpur DTBD,Works,Open Tender,Item Rate,Civil Works - Building,No,No,NA ,04-Nov-2025 09:00 AM,07-Nov-2025 11:00 AM ,180.0,No ,No,Online,21-Nov-2025 04:00 PM,Public Works Building and NH Department||Chief Engineer-Building - PWBNH,Sonitpur,782120.0,2.0,"4,03,12,398",Sri Babul Nath,"43,678,800",Rejected-AOC,12-Jun-2026,Public Works Building and NH Department||Chief Engineer-Building - PWBNH
2025_PWD_45222_1,HatigaonMainRoad-Re-Bid,"Re-construction of Drain Cum Footh path, Cross Culvert etc on Hatigaon main road","Re-constn of Drain Cum Footh path, Cross Culvert etc on Hatigaon main Rd Basisthapur Byelane 1 via LNB,Bishnujyoti path,Sijubari charali towards Basistha river under SOPD(G) for Flood Mtg of Hatigaon Area for the year 2024-25. (Rd1200 M, Dr-1500 M)",Works,Open Tender,Item Rate,Civil Works – Roads,No,No,NA ,27-Jun-2025 03:00 PM,NA ,180.0,No ,No,Online,04-Jul-2025 02:30 PM,Public Works Roads Department,Guwahati,781005.0,2.0,"7,77,61,900",DAL THOMS SCIENTIFIC,"66,301,688",Not Admitted-Fee/PreQual/Technical,24-Jun-2026,Public Works Roads Department
2026_PHED_51763_1,SEPH/GC/TB-152/Vol-42/25-26,Construction of G plus 2 RCC Building for accommodation of staff at Panbazar WTP under Dispur WSS,Construction of G plus 2 RCC Building for accommodation of staff at Panbazar WTP under Dispur WSS under Guwahati Division No II under SOPD-G the year 2024-25,Works,Open Tender,Item Rate,Civil Works - Building,No,No,NA ,09-Mar-2026 04:00 PM,16-Mar-2026 02:00 PM ,180.0,No ,No,Online,31-Mar-2026 03:00 PM,Public Health Engineering Department||Chief Engineer PHE(P)-Assam-PHED||Lower Assam Zone-Guwahati-PHED||Guwahati Circle-Guwahati-PHED,panbazar,781001.0,2.0,"66,54,300",M/S Hygienic World,"6,654,300",Rejected-Finance,21-May-2026,Public Health Engineering Department||Chief Engineer PHE(P)-Assam-PHED||Lower Assam Zone-Guwahati-PHED||Guwahati Circle-Guwahati-PHED
2025_NHM_46717_1,NHM/ECF/257461,"Construction of Buildingless Sub Health Centre in Jamunattari SC in Nalbari District under PM ABHIM for FY 2022- 23 under NHM, Assam on Turnkey Basis","Construction of Buildingless Sub Health Centre in Jamunattari SC in Nalbari District under PM ABHIM for FY 2022- 23 under NHM, Assam on Turnkey Basis",Works,Open Tender,Turn-key,Civil Works - Building,No,No,NA ,20-Aug-2025 06:00 PM,NA ,180.0,No ,No,Online,05-Sep-2025 03:30 PM,National Health Mission||State Programme Management Unit - NHM,Nalbari,781334.0,2.0,"52,03,000",ANOWAR HUSSAIN,"4,292,475",Rejected-Finance,11-Jun-2026,National Health Mission||State Programme Management Unit - NHM
2026_BTC_50966_1,No.ACE-133/PWD/G.79/2025-26/66,Construction of academic building at Rowta Degree College under SOPD Bodoland Welfare Department 2025-26. TN_108_03,Construction of academic building at Rowta Degree College under SOPD Bodoland Welfare Department 2025-26. TN_108_03,Works,Open Tender,Item Rate,Civil Works - Building,No,No,NA ,09-Feb-2026 09:00 AM,NA ,180.0,No ,No,Online,21-Feb-2026 02:00 PM,Bodoland Territorial Council-PWD||Director Cum CHD - PWD BTC,Kokrajhar,783370.0,2.0,"94,68,093",JAGANNATH DAIMARI,"9,464,287",Rejected-Technical,03-Jun-2026,Bodoland Territorial Council-PWD||Director Cum CHD - PWD BTC
2026_KAAC_50437_1,"No.ACEH/CS/AAP/75/2025-26/10,",Construction of ICBP road from Diphu Matipung via Mensing Ronghang to Hemari Bey under AAP(KAAC) for the year 2025-26,Construction of ICBP road from Diphu Matipung via Mensing Ronghang to Hemari Bey under AAP(KAAC) for the year 2025-26,Works,Open Tender,Item Rate,Civil Works – Roads,No,No,NA ,21-Jan-2026 03:00 PM,22-Jan-2026 02:00 PM ,180.0,No ,No,Online,31-Jan-2026 03:00 PM,Karbi Anglong Autonomous Council||PWD||Addl. Chief Engineer Diphu,Diphu,782460.0,2.0,"7,91,43,000",M/S One Star Engineering,"79,143,000",Accepted-AOC,30-Jun-2026,Karbi Anglong Autonomous Council||PWD||Addl. Chief Engineer Diphu
2026_AHVD_51690_1,E-763721/25-26/DFA/1653637/13,"Construction of Layer House at District Poultry Farm, Barhampur in Nagaon District","Construction of Layer House at District Poultry Farm, Barhampur in Nagaon District under RIDF XXXI",Works,Open Tender,Item Rate,Civil Works,No,No,NA ,05-Mar-2026 05:15 PM,09-Mar-2026 01:00 PM ,180.0,No ,No,Online,22-Apr-2026 02:00 PM,Animal Husbandry and Veterinary Department||Directorate of A.H. and Veterinary||Assam Livestock and Poultry Corporation Ltd.,Barhampur,781003.0,2.0,"38,76,300",Jiban Gogoi,"3,294,855",Rejected-Technical,17-Jun-2026,Animal Husbandry and Veterinary Department||Directorate of A.H. and Veterinary||Assam Livestock and Poultry Corporation Ltd.
2026_BTC_51206_10,No.ACE-133/PWD/G.79/2025-26/69,"Infrastructure Development of Borsola Anchalik Bathou Thansali at Rowta under SOPD Bodoland Welfare Department, 2025-26. TN_111_20","Infrastructure Development of Borsola Anchalik Bathou Thansali at Rowta under SOPD Bodoland Welfare Department, 2025-26.",Works,Open Tender,Item Rate,Civil Works,No,No,NA ,16-Feb-2026 12:00 PM,NA ,180.0,No ,No,Online,05-Mar-2026 11:00 AM,Bodoland Territorial Council-PWD||Director Cum CHD - PWD BTC,Udalguri,784509.0,2.0,"9,99,775",KHAGEN CHANDRA MOCHAHARI,"997,114.03",Accepted-AOC,03-Jun-2026,Bodoland Territorial Council-PWD||Director Cum CHD - PWD BTC
2025_DoWC_47433_1,OH(J)AT/249/2025-26/672,Supply of Dietary and Non Dietary Articles,"Supply of Dietary and Non Dietary Articles for Observation Home, Lichubari, Jorhat",Goods,Open Tender,Item Rate,Miscellaneous Goods,No,No,NA ,30-Dec-2025 11:00 AM,08-Jan-2026 11:00 AM ,180.0,No ,No,Online,21-Jan-2026 01:00 PM,"Department of Women and Child Development||Directorate of Women and Child Development||State Child Protection Society||Observation Home for Boys, Lichubari",jorhat,785008.0,2.0,,DURGA PRASAD UPADHYA,"321,181",Accepted-AOC,13-Jun-2026,"Department of Women and Child Development||Directorate of Women and Child Development||State Child Protection Society||Observation Home for Boys, Lichubari"
2025_PWD_45926_72,CE/DEV/TB/60/2025-26/06 Dtd- 14.07.2025,"MMPPNA_RIDF_XXXI_25_26_350 Construction of road from (1) Bashbari (Osmani Bazar) to Gonbinnah via 6 No. Bashbari LP school, (2) PWD road (South Golapara ME School) to Golapara PT-I, (3) Kokila Pt-II PWD road to Borghola Chakla PWD road Via Kokila Bar","MMPPNA_RIDF_XXXI_25_26_350 Construction of road from (1) Bashbari (Osmani Bazar) to Gonbinnah via 6 No. Bashbari LP school, (2) PWD road (South Golapara ME School) to Golapara PT-I, (3) Kokila Pt-II PWD road to Borghola Chakla PWD road Via Kokila Bar",Works,Open Tender,Item Rate,Civil Works – Roads,No,No,NA ,30-Jul-2025 09:00 AM,04-Aug-2025 12:00 PM ,180.0,No ,No,Online,14-Aug-2025 02:30 PM,Public Works Roads Department,Srijangram,783384.0,2.0,"3,97,23,000",MR NABAJYOTI BARMAN,"39,721,000",Accepted-AOC,30-Jun-2026,Public Works Roads Department
2025_PWD_45408_140,CE/DEV/TB/60/2025-26/01 Dtd- 21.06.2025,"MMPPNA_RIDF_XXXI_25_26_81 Construction of (i) Road at Missa Borbalitup and CAD Irrigation Office Road, (ii) road at Chatiyal Gaon, Hatbor Natya Samaj, Seuji Path and road at Arimara including RCC Drains and (iii) road at Kolaniati, Road at Keribakori","MMPPNA_RIDF_XXXI_25_26_81 Construction of (i) Road at Missa Borbalitup and CAD Irrigation Office Road, (ii) road at Chatiyal Gaon, Hatbor Natya Samaj, Seuji Path and road at Arimara including RCC Drains and (iii) road at Kolaniati, Road at Keribakori",Works,Open Tender,Item Rate,Civil Works – Roads,No,No,NA ,14-Jul-2025 06:00 PM,17-Jul-2025 12:00 PM ,180.0,No ,No,Online,28-Jul-2025 02:30 PM,Public Works Roads Department,Kaliabor,782137.0,2.0,"3,33,03,000",Sri Ratul Boruah,"33,300,000",Rejected-Finance,22-Jun-2026,Public Works Roads Department
2025_DoWR_47487_2,HOJAI/2025-26/RIDF/I,Construction of embankment on the right bank of river Kopilli from Jugimukh to Chaparmukh and Padumoni 1 No. colony to Changchaki on the left bank (Ph-III) Package 1.,Construction of embankment on the right bank of river Kopilli from Jugimukh to Chaparmukh and Padumoni 1 No. colony to Changchaki on the left bank (Ph-III) Package 1.,Works,Open Tender,Works,Civil Works,No,No,NA ,04-Nov-2025 06:55 PM,NA ,180.0,No ,No,Online,15-Nov-2025 03:00 PM,Department of Water Resources||Chief Engineer - DoWR,HOJAI,782435.0,2.0,"4,46,07,513",A R ASSOCIATES,"40,146,553.28",Accepted-AOC,30-Jun-2026,Department of Water Resources||Chief Engineer - DoWR
2025_BTC_49227_1,No.ACE-22/PWD/NIT/GOODWILL,"Construction of ICBP Road from Bamungaon Bazar to South Bamungaon Road under BamungaonDuttapur VCDC in Chirang District, Assam under CMs Goodwill Mission Project under RIDF XXXI for the year 2025-26, Sidli LAC. TN_71_CHR_RIDF-XXXI_12","Construction of ICBP Road from Bamungaon Bazar to South Bamungaon Road under BamungaonDuttapur VCDC in Chirang District, Assam under CMs Goodwill Mission Project under RIDF XXXI for the year 2025-26, Sidli LAC. TN_71_CHR_RIDF-XXXI_12",Works,Open Tender,Item Rate,Civil Works – Roads,No,No,NA ,12-Dec-2025 10:00 AM,NA ,180.0,No ,No,Online,03-Jan-2026 02:00 PM,Bodoland Territorial Council-PWD||Director Cum CHD - PWD BTC,Chirang,783393.0,2.0,"99,99,123",Jamidar Narzary,"9,998,000",Rejected-AOC,09-Jun-2026,Bodoland Territorial Council-PWD||Director Cum CHD - PWD BTC
2026_DoIT_51142_1,AEDC/SDC/2025-26/06,Supply and Installation of GPU Nodes,Supply and Installation of GPU Nodes,Works,Open Tender,Item Rate,Miscellaneous Works,No,No,NA ,13-Feb-2026 05:00 PM,NA ,180.0,No ,No,Online,11-Mar-2026 03:30 PM,Principal Secretary-Department of Information Technology||Assam Electronics Development Corporation Ltd-DoIT,Guwahati,781021.0,2.0,,Poly Informatics Private Limited,"15,866,634",Rejected-Finance,31-Mar-2026,Principal Secretary-Department of Information Technology||Assam Electronics Development Corporation Ltd-DoIT
2025_PWRDW_47337_10,e-698006/1(A),Construction of Bridge in Sonitpur district i) Br. No. 5/1 on Hatinga to Halinga quarry connected Road,Construction of Bridge in Sonitpur district i) Br. No. 5/1 on Hatinga to Halinga quarry connected Road Package No.CE/EAP/ARRBP/OCB/Bridge-1/Sonitpur/18,Works,Open Tender,Item Rate,Civil Works - Bridges,No,No,NA ,08-Sep-2025 03:00 PM,15-Sep-2025 11:00 AM ,180.0,No ,No,Online,08-Oct-2025 02:30 PM,Public Works Roads Department-Externally Aided Project||Public Works Road Department- World Bank Funded Tenders||Assam State Bridge Infrastructure Program,Sonitpur,782120.0,2.0,"2,05,92,000",M/S SMB CONSTRUCTION,"21,621,500",Accepted-AOC,23-Jun-2026,Public Works Roads Department-Externally Aided Project||Public Works Road Department- World Bank Funded Tenders||Assam State Bridge Infrastructure Program
2025_PWRDW_48257_1,CE/EAP/693196/03,Const. of Br. in Udalguri district i) Br. No. 3/1 on Mazbat to Gelabil ii) Br. No. 5/1 on Mazbat Gelabil Road,CE/EAP/ARRBP/OCB/Bridges-2/Udalguri/10 Const. of Br. in Udalguri district i Br. No. 3/1 on Mazbat to Gelabil ii Br. No. 5/1 on Mazbat Gelabil Road,Works,Open Tender,Item Rate,Civil Works - Bridges,No,No,NA ,28-Oct-2025 09:00 AM,NA ,180.0,No ,No,Online,10-Nov-2025 02:30 PM,Public Works Roads Department-Externally Aided Project||Public Works Road Department- World Bank Funded Tenders||Assam State Bridge Infrastructure Program,Udalguri,784509.0,2.0,"1,83,94,000",Dhaneswar Kalita,"16,554,600",Accepted-AOC,23-Jun-2026,Public Works Roads Department-Externally Aided Project||Public Works Road Department- World Bank Funded Tenders||Assam State Bridge Infrastructure Program
2026_PWRDW_50844_2,EAP/ARRBP/02/TENDERS/2024/60,"ARRBP/OCB/Bridge1/Kokrajhar/29 No. 1/1, Simlaguri Tilapara connecting Road over Soha River under Kalipukhuri VCDC","CE/EAP/ARRBP/OCB/Bridge1/Kokrajhar/29 Construction of RCC Bridge No. 1/1, Simlaguri Tilapara connecting Road over Soha River under Kalipukhuri VCDC",Works,Open Tender,Item Rate,Civil Works - Bridges,No,No,NA ,05-Feb-2026 05:00 PM,NA ,180.0,No ,No,Online,25-Feb-2026 02:30 PM,Public Works Roads Department-Externally Aided Project||Public Works Road Department- World Bank Funded Tenders||Assam State Bridge Infrastructure Program,Kokrajhar district,783370.0,2.0,"2,48,22,000",SABIRAM BASUMATARY,"26,057,000",Rejected-Finance,12-Jun-2026,Public Works Roads Department-Externally Aided Project||Public Works Road Department- World Bank Funded Tenders||Assam State Bridge Infrastructure Program
2026_WPTBC_52056_1,SCDCTECHHOJAI,Construction of SC Girls Hostel at Hojai Girls College Hojai,Construction of SC Girls Hostel at Hojai Girls College Hojai,Works,Open Tender,Item Rate,Civil Works,No,No,NA ,19-Mar-2026 09:00 AM,NA ,180.0,No ,No,Online,23-Mar-2026 02:00 PM,Welfare of Plain Tribes and Backward Classes||Directorate of Welfare of Scheduled Caste||Assam State Development Corporation for SC,"DISPUR, GHY-06",781006.0,2.0,"3,50,00,000",NIRU ENTERPRISE,"34,999,500",Accepted-AOC,26-Jun-2026,Welfare of Plain Tribes and Backward Classes||Directorate of Welfare of Scheduled Caste||Assam State Development Corporation for SC
2026_WPTBC_52487_1,SCDCGaramur,"Major Renovation at 2 No. Garamur Satra LP School, Dist. Majuli","Major Renovation at 2 No. Garamur Satra LP School, Dist. Majuli",Works,Open Tender,Item Rate,Civil Works,No,No,NA ,22-May-2026 06:55 PM,NA ,180.0,No ,No,Online,05-Jun-2026 03:00 PM,Welfare of Plain Tribes and Backward Classes||Directorate of Welfare of Scheduled Caste||Assam State Development Corporation for SC,"DISPUR, GHY-06",781006.0,2.0,"75,00,000",Uno Source,"6,750,000",Accepted-AOC,26-Jun-2026,Welfare of Plain Tribes and Backward Classes||Directorate of Welfare of Scheduled Caste||Assam State Development Corporation for SC
2024_HFWD_36273_1,AAAS/2017-18/09/Pt-l/3146,Empanelment of Agencies for Comprehensive Communication Management and Outreach Activities under Atal Amrit Abhiyan Society,Empanelment of Agencies for Comprehensive Communication Management and Outreach Activities under Atal Amrit Abhiyan Society,Services,Open Tender,EOI,Miscellaneous Services,No,No,NA ,15-Feb-2024 10:00 AM,20-Feb-2024 10:30 AM ,180.0,No ,No,Online,29-Feb-2024 11:30 AM,Health and Family Welfare Department||Atal Amrit Abhiyan Society,Guwahati,781022.0,1.0,,Prodigy Communications And Marketing Pvt. Ltd.,0.0,Rejected-Technical,20-Jun-2026,Health and Family Welfare Department||Atal Amrit Abhiyan Society
2026_BoTC_52313_1,DPRD/BTC/6th FC/Koj-107/2026/53,Procurement of Tent House set Blanket double size Monte Carlo Flora 909 GSM L 7ft B 5ft Wt 4.0 Kg to 4 Kg 800 grm with Iron Filter stand still 35.0 Liters capacity with stand iron and Furniture items under BTC area under the Award of 6th ASFC of Dev,DPRD/BTC/6th FC/Koj-107/2026/53,Goods,Open Tender,Item Rate,Miscellaneous Goods,No,No,NA ,13-May-2026 10:30 AM,NA ,180.0,No ,No,Online,04-Jun-2026 02:30 PM,Bodoland Territorial Council||Panchayat and Rural Development-BTC,VCDC Offices under BTC Area,783370.0,2.0,"39,96,98,250",M.P. ENTERPRISE,"399,698,250",Not Admitted-Fee/PreQual/Technical,20-Jun-2026,Bodoland Territorial Council||Panchayat and Rural Development-BTC
2026_AHVD_51689_1,E-763721/25-26/DFA/1653637/19,Construction of Two Storied (RCC) DDL Building with training hall old DVO Office Campus at Nagaon in Nagaon District,Construction of Two Storied (RCC) DDL Building with training hall old DVO Office Campus at Nagaon in Nagaon District under RIDF XXXI,Works,Open Tender,Item Rate,Civil Works,No,No,NA ,05-Mar-2026 05:00 PM,09-Mar-2026 01:00 PM ,180.0,No ,No,Online,22-Apr-2026 02:00 PM,Animal Husbandry and Veterinary Department||Directorate of A.H. and Veterinary||Assam Livestock and Poultry Corporation Ltd.,Nagaon,781003.0,2.0,"1,50,10,402",APURBA KUMAR DEKA,"14,250,000",Accepted-AOC,17-Jun-2026,Animal Husbandry and Veterinary Department||Directorate of A.H. and Veterinary||Assam Livestock and Poultry Corporation Ltd.
2025_PWD_46191_50,CE/DEV/TB/122/2025-26/1 Dtd- 01.08.2025,BTR_RIDF_XXXI_25_26_37 Construction of road from (1) Ahmedpur via Jalubasti to Bhumka Tulshibil road from CH. 0.00 m to CH. 1650.00 m (2) Rupshigram Irrigation to Tulshibil Bhumka Road from Ch.0.00 km to Ch.1.60 km) (Length- 1.60 Km) under RIDF-XXXI,BTR_RIDF_XXXI_25_26_37 Construction of road from (1) Ahmedpur via Jalubasti to Bhumka Tulshibil road from CH. 0.00 m to CH. 1650.00 m (2) Rupshigram Irrigation to Tulshibil Bhumka Road from Ch.0.00 km to Ch.1.60 km) (Length- 1.60 Km) under RIDF-XXXI,Works,Open Tender,Item Rate,Civil Works – Roads,No,No,NA ,07-Aug-2025 03:00 PM,11-Aug-2025 12:00 PM ,180.0,No ,No,Online,14-Aug-2025 02:30 PM,Public Works Roads Department,Parbotjhora,735228.0,2.0,"2,78,00,000",RAJU CHANDRA BASUMATARY,"27,798,000",Accepted-AOC,20-Jun-2026,Public Works Roads Department
2026_AHVD_51631_1,E-763721/25-26/DFA/1653637/12,"Construction of Automated Layer Demo Unit at District Poultry Farm, Baghchung in Jorhat District","Construction of Automated Layer Demo Unit at District Poultry Farm, Baghchung in Jorhat District under RIDF XXXI",Works,Open Tender,Item Rate,Civil Works,No,No,NA ,02-Mar-2026 05:10 PM,09-Mar-2026 01:00 PM ,180.0,No ,No,Online,22-Apr-2026 02:00 PM,Animal Husbandry and Veterinary Department||Directorate of A.H. and Veterinary||Assam Livestock and Poultry Corporation Ltd.,Baghchung,781003.0,2.0,"2,31,66,814",Bibhuti Bhushan Bora,"19,690,000",Accepted-AOC,17-Jun-2026,Animal Husbandry and Veterinary Department||Directorate of A.H. and Veterinary||Assam Livestock and Poultry Corporation Ltd.
2025_DoWR_49104_1,BARPETA/2025-26/SOPD-G/V,Protection of Nashatra (Fulbari) village from the erosion of river Alpajan on its L/B.,Protection of Nashatra (Fulbari) village from the erosion of river Alpajan on its L/B.,Works,Open Tender,Works,Civil Works,No,No,NA ,08-Dec-2025 09:00 AM,NA ,180.0,No ,No,Online,26-Dec-2025 03:00 PM,Department of Water Resources||Chief Engineer - DoWR,BARPETA,781301.0,2.0,"4,47,75,985",Rainbow Trade & Construction,"44,775,985.04",Rejected-AOC,12-Jun-2026,Department of Water Resources||Chief Engineer - DoWR
2026_PWRDW_50844_3,EAP/ARRBP/02/TENDERS/2024/60,"ARRBP/OCB/Bridge1/Kokrajhar/30 Construction of RCC Bridge no 5/1, Bahdeyaguri to Saljuri Road","CE/EAP/ARRBP/OCB/Bridge1/Kokrajhar/30 Construction of RCC Bridge no 5/1, Bahdeyaguri to Saljuri Road",Works,Open Tender,Item Rate,Civil Works - Bridges,No,No,NA ,05-Feb-2026 05:15 PM,10-Feb-2026 11:00 AM ,180.0,No ,No,Online,25-Feb-2026 02:30 PM,Public Works Roads Department-Externally Aided Project||Public Works Road Department- World Bank Funded Tenders||Assam State Bridge Infrastructure Program,Kokrajhar district,783370.0,2.0,"3,26,55,000",Maniraj Brahma,"33,961,190",Rejected-Technical,22-Jun-2026,Public Works Roads Department-Externally Aided Project||Public Works Road Department- World Bank Funded Tenders||Assam State Bridge Infrastructure Program
2025_PWRDW_46041_2,CE/EAP/ARRBP01Tenders2024/71B,Construction of Bridge in Sonitpur district,Construction of Bridge in Sonitpur district i) Br. No. 1/1 on Harchura Bagan to Factory connecting Road Package No CE/EAP/ARRBP/OCB/Bridge-1/Sonitpur/03,Works,Open Tender,Item Rate,Civil Works - Bridges,No,No,NA ,30-Jul-2025 04:00 PM,05-Aug-2025 04:00 PM ,180.0,No ,No,Online,19-Aug-2025 02:30 PM,Public Works Roads Department-Externally Aided Project||Public Works Road Department- World Bank Funded Tenders||Assam State Bridge Infrastructure Program,Sonitpur,782123.0,2.0,"1,06,94,000",Sanjib Deka,"11,228,699.77",Rejected-Technical,16-Jun-2026,Public Works Roads Department-Externally Aided Project||Public Works Road Department- World Bank Funded Tenders||Assam State Bridge Infrastructure Program
2026_PWD_51670_2,CE/DEV/TB/60/2025-26/81 Dtd- 27.02.2026,"MMPPNA_RIDF_XXXI_25_26_404 Improvement of Road From (1) Zerikinding Terang Arong to Zerikinding Burial ground via Tisso Arong- Ronghang Arong, (2)Zerikinding Terang Arong to Mokoilum Main Road, (3)Arnam Teplong Tiniali to Thong Rongman Under Mukhya","MMPPNA_RIDF_XXXI_25_26_404 Improvement of Road From (1) Zerikinding Terang Arong to Zerikinding Burial ground via Tisso Arong- Ronghang Arong, (2)Zerikinding Terang Arong to Mokoilum Main Road, (3)Arnam Teplong Tiniali to Thong Rongman Under Mukhya",Works,Open Tender,Item Rate,Civil Works – Roads,No,No,NA ,05-Mar-2026 01:00 PM,06-Mar-2026 02:00 PM ,180.0,No ,No,Online,12-Mar-2026 02:30 PM,Public Works Roads Department,West Karbi Anglong,782480.0,2.0,"3,96,00,000",MANEEM TERONPI,"39,600,000",Accepted-AOC,23-Jun-2026,Public Works Roads Department
2026_DoWR_50004_1,DHUBRI/2025-26/PDNA/WORK/IV,Restoration of Kumarganj embankment from the flood damages of river Gangadhar on its L/B.,Restoration of Kumarganj embankment from the flood damages of river Gangadhar on its L/B.,Works,Open Tender,Works,Civil Works,No,No,NA ,07-Jan-2026 09:00 AM,NA ,180.0,No ,No,Online,19-Jan-2026 03:00 PM,Department of Water Resources||Chief Engineer - DoWR,DHUBRI,783301.0,2.0,"39,26,547",PRATAYUSH ENTERPRISE,"3,913,863.77",Rejected-AOC,15-Jun-2026,Department of Water Resources||Chief Engineer - DoWR
2025_PWD_45491_6,CE/Commn/16/2025-26/2,Makum/ SOPD/5,"Improvement of i) Gobindopur ujonichuk road ii) PubGobindopur roadunder SOPD-G for the year 2025-26 under Tinsukia, Doomdooma Makum Sadia Territorial Road Division, Tinsukia in Makum LAC.",Works,Open Tender,Item Rate,Civil Works – Roads,No,No,NA ,10-Jul-2025 05:00 PM,18-Jul-2025 04:00 PM ,180.0,No ,No,Online,30-Jul-2025 02:30 PM,Public Works Roads Department,Makum,786170.0,2.0,"1,18,99,000",AKHIM MORAN,"11,899,000",Rejected-AOC,23-Jun-2026,Public Works Roads Department
2025_UDD_48643_3,JMB/1546,Supplying and installation of antique design Street Light through both sides of the road with underground cabling ( Considering 25m pole to pole distance for 1000m at Gar ali to K. B Road upto Gitarthi point(1150.00 M),Supplying and installation of antique design Street Light through both sides of the road with underground cabling ( Considering 25m pole to pole distance for 1000m at Gar ali to K. B Road upto Gitarthi point(1150.00 M),Works,Open Tender,Percentage,Electrical Works,No,No,NA ,15-Nov-2025 12:00 PM,04-Dec-2025 01:00 PM ,180.0,No ,No,Online,16-Dec-2025 01:00 PM,Urban Development Department||Directorate of Municipality Administration - UDD||Jorhat Municipal Board,Jorhat,785001.0,2.0,"1,00,24,865",ASSAM SUPPLY SYNDICATE,"9,022,378.5",Rejected-AOC,16-Jun-2026,Urban Development Department||Directorate of Municipality Administration - UDD||Jorhat Municipal Board
2026_GMC_50622_73,GER/CE/2525/2025/Part-I/ 9 Date_ 22 /01/2026,Package No. DSLT-Div-VI/3,"Cleaning, Desilting and Maintenance of Drains (Package No. DSLT-Div-VI/3) under Mitigation of Urban Flood in Guwahati City under Guwahati Municipal Corporation for the year 2026",Works,Open Tender,Lump-sum,Miscellaneous Works,No,No,NA ,05-Feb-2026 12:00 PM,05-Feb-2026 12:00 PM ,120.0,No ,No,Online,16-Feb-2026 02:30 PM,Guwahati Municipal Corporation,Guwahati,781006.0,2.0,"5,04,000",BHASKAR JYOTI DEKA,"367,869.6",Accepted-AOC,04-Jun-2026,Guwahati Municipal Corporation
2026_PHED_51403_1,IFB NO 48 OF 2025-26,"Plastic Waste to Paver Block Manufacturing Unit under Garbage to Gold Initiative at Barigog Banbhag Block, Nalbari DWSC under SBM (G) Phase-II","Plastic Waste to Paver Block Manufacturing Unit under Garbage to Gold Initiative at Barigog Banbhag Block, Nalbari DWSC under SBM (G) Phase-II",Works,Open Tender,Works,Civil Works,No,No,NA ,21-Feb-2026 02:00 PM,NA ,180.0,No ,No,Online,16-Mar-2026 11:30 AM,Public Health Engineering Department||Chief Engineer PHE(P)-Assam-PHED||Lower Assam Zone-Guwahati-PHED||Nalbari Circle-Nalbari-PHED,Barigog Banbhag Block,781369.0,2.0,"44,57,800",Parag Das,"4,457,800",Accepted-AOC,02-Jun-2026,Public Health Engineering Department||Chief Engineer PHE(P)-Assam-PHED||Lower Assam Zone-Guwahati-PHED||Nalbari Circle-Nalbari-PHED
2026_PWBNH_50835_1,SE(B)/DBC/ISNKT/25-26/57,Construction of Indoor Stadium in Nakhat High School,Construction of Indoor Stadium in Nakhat High School,Works,Open Tender,Item Rate,Civil Works - Building,No,No,NA ,05-Feb-2026 02:15 PM,16-Feb-2026 11:00 AM ,180.0,No ,No,Online,23-Feb-2026 03:00 PM,Public Works Building and NH Department||Chief Engineer-Building - PWBNH,NAKHAT,785676.0,2.0,"86,53,018",M/S PAPORI ENTERPRISE,"8,220,367",Rejected-AOC,12-Jun-2026,Public Works Building and NH Department||Chief Engineer-Building - PWBNH
2025_UDD_47455_1,DMB/15th FC/2nd Inst. Tied/2024-25/498,"Construction of Retaining Wall at Garbage Transfer Station at Mela Ground (PART-I), Ward No. 01, Dhubri Town under 2nd Installment of 15th FC Tied Grant for the year 2022-23 during the year 2024-25","Construction of Retaining Wall at Garbage Transfer Station at Mela Ground (PART-I), Ward No. 01, Dhubri Town under 2nd Installment of 15th FC Tied Grant for the year 2022-23 during the year 2024-25",Works,Open Tender,Item Rate,Civil Works,No,No,NA ,12-Sep-2025 05:00 PM,23-Sep-2025 12:00 PM ,90.0,No ,No,Online,06-Oct-2025 02:00 PM,Urban Development Department||Directorate of Municipality Administration - UDD||Dhubri Municipal Board,Mela Ground PART I Ward No 01 Dhubri Town,783301.0,2.0,"35,77,221",BIPLAB KUMAR PAUL,"3,219,498.9",Accepted-AOC,22-Jun-2026,Urban Development Department||Directorate of Municipality Administration - UDD||Dhubri Municipal Board
2026_BoTC_51788_1,TECH-28/SE(RB)/2019-20/21,Const. of ICBP road at Jaobari village at Bijni in Chirang District for the year 2025-26 (Part-I) (From Ch.950.00m to Ch.1160.00m). TN-394-8.,Const. of ICBP road at Jaobari village at Bijni in Chirang District for the year 2025-26 (Part-I) (From Ch.950.00m to Ch.1160.00m). TN-394-8.,Works,Open Tender,Works,Civil Works – Roads,No,No,NA ,09-Mar-2026 02:00 PM,NA ,180.0,No ,No,Online,30-Mar-2026 02:00 PM,Bodoland Territorial Council||PWD-BTC,Chirang,783385.0,2.0,"22,17,692",Ronjith Brahma,"2,213,748",Accepted-AOC,04-Jun-2026,Bodoland Territorial Council||PWD-BTC
2025_APDCL_49131_1,CGM(D)/APDCL/LAR/ASDMA/ IMD-DWR/ Kahilipara APRO /2025-26/05,Construction of 11kV line and 11/0.4kV 1x63kVA SS in favour of Assam State Disaster Management Authority for providing power supply to IMD Doppler Weather Radar at Kahilipara APRO Repeater Station under Kalapahar ESD on Full Turnkey Mode,Construction of 11kV line and 11/0.4kV 1x63kVA SS in favour of Assam State Disaster Management Authority for providing power supply to IMD Doppler Weather Radar at Kahilipara APRO Repeater Station under Kalapahar ESD on Full Turnkey Mode,Works,Open Tender,Turn-key,Electrical Works,No,No,NA ,08-Dec-2025 06:00 PM,15-Dec-2025 02:00 PM ,100.0,No ,No,Online,29-Dec-2025 02:00 PM,Assam Power Distribution Company Ltd||CGM(D) Lower Assam Region - APDCL,Guwahati,781001.0,2.0,"55,94,042",WIG CONSTRUCTIONS,"4,223,574.67",Rejected-Technical,11-Jun-2026,Assam Power Distribution Company Ltd||CGM(D) Lower Assam Region - APDCL
2026_PWD_51840_4,T/CC/ETN/SIL/2025-26/1359(T),Improvement of New Mahadev Lane starting from Chirukandi Road (Near Bishfuti Bridge) at Tapobannagar under Mukhya Mantrir Nagariya Paki Path Nirman Achani (MMNPPNA) under SOPD-G for the year 2025-26.,Improvement of New Mahadev Lane starting from Chirukandi Road (Near Bishfuti Bridge) at Tapobannagar under Mukhya Mantrir Nagariya Paki Path Nirman Achani (MMNPPNA) under SOPD-G for the year 2025-26. P/No.MMNPPNA_2025-26_07_B,Works,Open Tender,Item Rate,Civil Works – Roads,No,No,NA ,11-Mar-2026 09:00 AM,16-Mar-2026 02:00 PM ,180.0,No ,No,Online,20-Mar-2026 03:10 PM,Public Works Roads Department,Cachar District.,788003.0,2.0,"1,14,83,000",ROFIK UDDIN LASKAR,"10,219,870",Accepted-AOC,11-Jun-2026,Public Works Roads Department
2026_PWD_50566_1,T/CC/ETN/SIL/2025-26/1033(T),"Recovery and Reconstruction of Sonai Sonabarighat Road at Ch.4700 m to 6000 m under NDRF (PDNA-2022) for the year 2025-26, Sonai LAC","Recovery and Reconstruction of Sonai Sonabarighat Road at Ch.4700 m to 6000 m under NDRF (PDNA-2022) for the year 2025-26, Sonai LAC, P/No.SE/SONAI/NDRF(PDNA-2022)/25-26/1",Works,Open Tender,Item Rate,Civil Works – Roads,No,No,NA ,28-Jan-2026 09:00 AM,04-Feb-2026 02:00 PM ,180.0,No ,No,Online,07-Feb-2026 03:10 PM,Public Works Roads Department,Cachar District.,788013.0,2.0,"24,99,634",ANSARUL HOQUE LASKAR,"2,498,739",Accepted-AOC,03-Jun-2026,Public Works Roads Department
2025_DoWR_47554_1,DIBRUGARH/2025-26/RIDF/III,"R/S to Tengakhat Bund upto Jokai RF on The R/B Of River Buridehing, Package 2.","R/S to Tengakhat Bund upto Jokai RF on The R/B Of River Buridehing, Package 2.",Works,Open Tender,Works,Civil Works,No,No,NA ,16-Sep-2025 06:55 PM,NA ,180.0,No ,No,Online,07-Oct-2025 03:00 PM,Department of Water Resources||Chief Engineer - DoWR,DIBRUGARH,786001.0,2.0,"4,57,19,942",Maa Kamakhya art,"45,718,926.16",Accepted-AOC,01-Jun-2026,Department of Water Resources||Chief Engineer - DoWR
2025_DoWR_49441_1,GOLAGHAT/2025-26/SOPD-G/I,Construction of embankment from Abhongpathar to Shyam Gaon on the left bank of river Doyang.,Construction of embankment from Abhongpathar to Shyam Gaon on the left bank of river Doyang.,Works,Open Tender,Works,Civil Works,No,No,NA ,18-Dec-2025 06:55 PM,NA ,180.0,No ,No,Online,02-Jan-2026 03:00 PM,Department of Water Resources||Chief Engineer - DoWR,GOLAGHAT,785621.0,2.0,"4,84,73,818",M/S. M.P. AGARWALLA,"48,461,025.8",Accepted-AOC,13-Jun-2026,Department of Water Resources||Chief Engineer - DoWR
2025_ID_48614_1,NIT 5 of 2025-26,Solar Powered Cart Mounted Multifunctional Irigation Scheme including 2 No.s of Manual Boring (S Points) at Chamaria LAC under Innovative Schemes for the year 2025-26,Solar Powered Cart Mounted Multifunctional Irigation Scheme including 2 No.s of Manual Boring (S Points) at Chamaria LAC under Innovative Schemes for the year 2025-26,Works,Open Tender,Item Rate,Civil Works,No,No,NA ,14-Nov-2025 06:00 PM,NA ,180.0,No ,No,Online,08-Dec-2025 03:00 PM,Irrigation Department||Chief Engineer(Minor Irrigation)-Irrigation Dept||Kamrup Circle||Boko Chayagaon Division,Chamaria,781136.0,2.0,"21,69,801",CHOUDHURY TRADING CO AND JV,"2,167,460.64",Accepted-AOC,26-May-2026,Irrigation Department||Chief Engineer(Minor Irrigation)-Irrigation Dept||Kamrup Circle||Boko Chayagaon Division
2026_BoTC_50248_1,TECH-28/SE(RB)/2019-20/05,Recovery and Reconstruction of Uttarpara to Gerua via Lebrapara Road under NDRF (PDNA -2022) for the year 2025-26. TN-386-16.,Recovery and Reconstruction of Uttarpara to Gerua via Lebrapara Road under NDRF (PDNA -2022) for the year 2025-26. TN-386-16.,Works,Open Tender,Works,Civil Works – Roads,No,No,NA ,13-Jan-2026 06:00 PM,NA ,180.0,No ,No,Online,03-Feb-2026 02:00 PM,Bodoland Territorial Council||PWD-BTC,Baksa,781346.0,2.0,"23,24,670",Detshrang Goyary,"2,324,389",Accepted-AOC,16-Jun-2026,Bodoland Territorial Council||PWD-BTC
2026_BoTC_51784_1,TECH-28/SE(RB)/2019-20/21,Const. of ICBP road from Namzaipara village to KGBP School at Borobazar at Bijni in Chirang District for the year 2025-26. TN-394-4.,Const. of ICBP road from Namzaipara village to KGBP School at Borobazar at Bijni in Chirang District for the year 2025-26. TN-394-4.,Works,Open Tender,Works,Civil Works – Roads,No,No,NA ,09-Mar-2026 02:00 PM,NA ,180.0,No ,No,Online,30-Mar-2026 02:00 PM,Bodoland Territorial Council||PWD-BTC,Chirang,783385.0,2.0,"99,99,780",Arjun Saha,"9,999,700",Rejected-Finance,03-Jun-2026,Bodoland Territorial Council||PWD-BTC
2026_PWBNH_50712_1,T/TB-1/07/2024/31 Dated 21/01/2026,"Development of Tezpur Polo Field Playground at Tezpur, Sonitpur","Development of Tezpur Polo Field Playground at Tezpur, Sonitpur",Works,Open Tender,Item Rate,Civil Works - Building,No,No,NA ,02-Feb-2026 05:00 PM,06-Feb-2026 01:00 PM ,180.0,No ,No,Online,24-Feb-2026 04:30 PM,Public Works Building and NH Department||Chief Engineer-Building - PWBNH,Tezpur,784001.0,2.0,"5,87,08,128",JAI MAA KAMAKHYA INFRASTRUCTURE,"49,901,909",Rejected-Technical,10-Jun-2026,Public Works Building and NH Department||Chief Engineer-Building - PWBNH
2025_ID_48709_1,5 (SOPD-G) 2025-26 Date_ 17-11-2025,"Renovation of Kaliabor Lift Irrigation Scheme Under SOPD-G for the Year 2025-26 (Phase-I) under Kaliabor-Samaguri Division (Irrigation), Jakhalabandha, Nagaon, Assam.","Renovation of Kaliabor Lift Irrigation Scheme Under SOPD-G for the Year 2025-26 (Phase-I) under Kaliabor-Samaguri Division (Irrigation), Jakhalabandha, Nagaon, Assam.",Works,Open Tender,Item Rate,Civil Works,No,No,NA ,19-Nov-2025 06:00 PM,24-Nov-2025 02:00 PM ,180.0,No ,No,Online,12-Dec-2025 10:00 AM,Irrigation Department||Chief Engineer(Major)-Irrigation Dept,Nagaon,782001.0,2.0,"2,03,83,103",Mantu Kumar Nath,"20,383,100",Rejected-Technical,26-Jun-2026,Irrigation Department||Chief Engineer(Major)-Irrigation Dept
2026_PWBNH_51386_1,BDTBD/25-26/TRPHB/14/1598-A,Construction of Tarun Ram Phukan Smriti Rangamancha at Barpeta under MPLAD scheme,Construction of Tarun Ram Phukan Smriti Rangamancha at Barpeta under MPLAD scheme,Works,Open Tender,Item Rate,Construction Works,No,No,NA ,20-Feb-2026 03:00 PM,28-Feb-2026 12:00 PM ,180.0,No ,No,Online,02-Mar-2026 03:30 PM,Public Works Building and NH Department||Chief Engineer-Building - PWBNH,Barpeta Town,781301.0,2.0,"1,25,66,741",Debadib Das,"13,657,049",Accepted-AOC,05-Jun-2026,Public Works Building and NH Department||Chief Engineer-Building - PWBNH
2026_PWRDW_50391_12,716719/15,Construction of Bridge in Biswanath district i) Br. No. 1/1 on Nahoroni to Theraibari via Shyambasti,Construction of Bridge in Biswanath district i) Br. No. 1/1 on Nahoroni to Theraibari via Shyambasti Package No. CE/EAP/ARRBP/OCB/Bridge-1/Biswanath/18,Works,Open Tender,Item Rate,Civil Works - Bridges,No,No,NA ,22-Jan-2026 04:00 PM,28-Jan-2026 11:00 AM ,180.0,No ,No,Online,12-Feb-2026 02:30 PM,Public Works Roads Department-Externally Aided Project||Public Works Road Department- World Bank Funded Tenders||PWD (R) - ARRBP,Biswanath,784176.0,2.0,"1,94,72,000",ASHIM MAHANTA,"18,472,000",Rejected-Technical,20-Jun-2026,Public Works Roads Department-Externally Aided Project||Public Works Road Department- World Bank Funded Tenders||PWD (R) - ARRBP
2025_DoWR_49618_1,BARPETA/2025-26/PDNA/WORKS/III,Restoration of damaged embankment in between ch.62440m to 68700m of B/Dyke from Rowmari to Baghbar during the flood of 2022.,Restoration of damaged embankment in between ch.62440m to 68700m of B/Dyke from Rowmari to Baghbar during the flood of 2022.,Works,Open Tender,Works,Civil Works,No,No,NA ,24-Dec-2025 10:00 AM,NA ,180.0,No ,No,Online,06-Jan-2026 03:00 PM,Department of Water Resources||Chief Engineer - DoWR,Barpeta,781301.0,2.0,"2,15,97,774",GAJIUL ALAM,"21,595,893.41",Accepted-AOC,12-Jun-2026,Department of Water Resources||Chief Engineer - DoWR
2025_IPRPS_48453_1,E-1472750,Supply of Government Petty Printing Works,Supply of Government Petty Printing Works,Goods,Open Tender,Supply,Supply of Materials,No,No,NA ,06-Nov-2025 04:00 PM,NA ,180.0,No ,No,Online,27-Nov-2025 02:00 PM,Information - Public Relations - Printing and Stationery Department||Directorate of Printing and Stationery-Assam,Directorate of printing and Stationery,781021.0,2.0,"12,50,000",Asomi Enterprise,"286,250",Accepted-AOC,22-Jun-2026,Information - Public Relations - Printing and Stationery Department||Directorate of Printing and Stationery-Assam
2025_PWD_49682_10,CE/DEV/TB/60/2025-26/62 Dtd- 23.12.2025,"MMPPNA_RIDF_XXXI_25_26_458 Improvement of road from (1) Nagabandha PWD road to Sapkati PMGSY road via Mohmara Bridge, (2) Duwamari PMGSY road to Dewaguri PMGSY road via Dewaguri LP School under Mukhya Mantrir Paki Path Nirman Achani (MMPPNA) under RI","MMPPNA_RIDF_XXXI_25_26_458 Improvement of road from (1) Nagabandha PWD road to Sapkati PMGSY road via Mohmara Bridge, (2) Duwamari PMGSY road to Dewaguri PMGSY road via Dewaguri LP School under Mukhya Mantrir Paki Path Nirman Achani (MMPPNA) under RI",Works,Open Tender,Item Rate,Civil Works – Roads,No,No,NA ,27-Dec-2025 09:00 AM,29-Dec-2025 02:30 PM ,180.0,No ,No,Online,05-Jan-2026 02:30 PM,Public Works Roads Department,Laharighat,782127.0,2.0,"2,21,08,000",RAM PRASAD SARKAR,"22,108,000",Accepted-AOC,22-Jun-2026,Public Works Roads Department
2026_DoWR_50680_1,SONITPUR/2025-26/SOPD G/III,River training and channel cutting work of river kaloni to prevent flood inundation of Balipara area.,River training and channel cutting work of river kaloni to prevent flood inundation of Balipara area.,Works,Open Tender,Works,Civil Works,No,No,NA ,31-Jan-2026 06:00 PM,NA ,180.0,No ,No,Online,12-Feb-2026 03:00 PM,Department of Water Resources||Chief Engineer - DoWR,Sonitpur,784001.0,2.0,"38,14,826",RAJIB SAHU,"3,812,591.7",Rejected-AOC,17-Jun-2026,Department of Water Resources||Chief Engineer - DoWR
2025_NHM_49062_1,NM/ECF-531185,Construction of Integrated Public Health Laboratory at Hatsingimari District Hospital in South Salmara Mankachar District for FY 2025-26 under PM ABHIM,Construction of Integrated Public Health Laboratory at Hatsingimari District Hospital in South Salmara Mankachar District for FY 2025-26 under PM ABHIM,Works,Open Tender,Turn-key,Civil Works - Building,No,No,NA ,05-Dec-2025 05:00 PM,NA ,180.0,No ,No,Online,26-Dec-2025 03:30 PM,National Health Mission||State Programme Management Unit - NHM,South Salmara Mankachar,783131.0,2.0,"1,21,95,283",M/S SHAHNAZ CONSTRUCTION,"12,194,283",Rejected-Finance,02-Jun-2026,National Health Mission||State Programme Management Unit - NHM
2026_SCD_50305_9,Tender/NIT/Pt-I/2025-26/7296,Land Development and Water Distribution Channel at Amarabati Village under RIDF XXXI,Land Development and Water Distribution Channel at Amarabati Village under RIDF XXXI,Works,Open Tender,Item Rate,Civil Works,No,No,NA ,17-Jan-2026 02:45 PM,22-Jan-2026 12:00 PM ,180.0,No ,No,Online,09-Feb-2026 03:00 PM,Soil Conservation Department||Director - SCD,Baksa Soil Conservation Division,781372.0,2.0,"74,70,197",ABDUL HASIM,"5,876,803",Accepted-AOC,26-Jun-2026,Soil Conservation Department||Director - SCD
2025_WREAP_49484_1,NCS-AF-07-RP/Lot 3,"Engagement of NGO/ Firm for Implementation support of resettlement plan in four subproject areas (Lot 3- Nagaon, Morigaon and Kamrup Districts)","Engagement of NGO/ Firm for Implementation support of resettlement plan in four subproject areas (Lot 3- Nagaon, Morigaon and Kamrup Districts)",Services,Limited,Lump-sum,Miscellaneous Services,No,No,NA ,19-Dec-2025 02:30 PM,26-Dec-2025 03:00 PM ,90.0,No ,No,Not Applicable,12-Jan-2026 04:00 PM,Department of Water Resources-Externally Aided Project||Flood and River Erosion Management Agency of Assam||WRD- ADB Funded Tenders,"Nagaon, Morigaon and Kamrup Districts",781029.0,1.0,,AMAR PRAYAS GOSTHI,"4,806,000",Rejected-Technical,16-Jun-2026,Department of Water Resources-Externally Aided Project||Flood and River Erosion Management Agency of Assam||WRD- ADB Funded Tenders
2026_WPTBC_52476_1,SCDCTECHDWSC3,Construction of Boundary Wall at Kaurbaha Milan High School Baksa,Construction of Boundary Wall at Kaurbaha Milan High School Baksa,Works,Open Tender,Item Rate,Civil Works,No,No,NA ,22-May-2026 03:00 PM,NA ,180.0,No ,No,Online,01-Jun-2026 03:00 PM,Welfare of Plain Tribes and Backward Classes||Directorate of Welfare of Scheduled Caste||Assam State Development Corporation for SC,"Dispur,Ghy",781006.0,2.0,"50,00,000",PUTUL MILI,"5,000,000",Rejected-AOC,25-Jun-2026,Welfare of Plain Tribes and Backward Classes||Directorate of Welfare of Scheduled Caste||Assam State Development Corporation for SC
2025_BoTC_45763_1,BTC/Forest/Kachugaon-02/2025,Improvement of Mahedrapur link road to Janagaon Adhivasi village,"Improvement of Mahedrapur link road to Janagaon Adhivasi village with 1 No. Box Culvert under Kachugaon Forest Division, Gossaigaon for the year 2025-26",Works,Open Tender,Works,Civil Works,No,No,NA ,19-Jul-2025 09:00 AM,NA ,180.0,No ,No,Online,31-Jul-2025 03:30 PM,Bodoland Territorial Council||Forests-BTC,KACHUGAON,783360.0,2.0,"20,00,000",Computer Lab,"2,000,000",Rejected-Finance,11-Jun-2026,Bodoland Territorial Council||Forests-BTC
2022_NHM_26604_1,NHM_32034/22/2022/Cons-NHM/20,"Constr5uction of 6 (Six) nos. of BPHU in various districts of Assam under FC-XV Gealth Grants for FY-2021-22 on Turn Key Basis, Gr-I at Biswanath Chariali BPHC in Biswanath District","Constr5uction of 6 (Six) nos. of BPHU in various districts of Assam under FC-XV Gealth Grants for FY-2021-22 on Turn Key Basis, Gr-I at Biswanath Chariali BPHC in Biswanath District",Works,Open Tender,Turn-key,Civil Works - Building,No,No,NA ,24-Aug-2022 09:00 AM,NA ,180.0,No ,No,Online,31-Aug-2022 03:30 PM,National Health Mission||State Programme Management Unit - NHM,Biswanath Chariali,784176.0,2.0,"50,00,000",SYSTRONICS,"4,992,000",Rejected-Finance,25-Jun-2026,National Health Mission||State Programme Management Unit - NHM
2025_PWRDW_48965_4,EAP/ARRBP/02/TENDERS/2024/57,Bridge1/Bajali/04 Br. No. 1/1 on Saraih Sakla Pamela Supa Road,CE/EAP/ARRBP/OCB/Bridge1/Bajali/04 Construction of Bridge in Bajali district Br. No. 1/1 on Saraih Sakla Pamela Supa Road,Works,Open Tender,Item Rate,Civil Works - Bridges,No,No,NA ,03-Dec-2025 01:00 PM,10-Dec-2025 11:00 AM ,90.0,No ,No,Online,18-Dec-2025 02:30 PM,Public Works Roads Department-Externally Aided Project||Public Works Road Department- World Bank Funded Tenders||Assam State Bridge Infrastructure Program,Bajali District,781325.0,2.0,"3,46,00,000",Dhaneswar Kalita,"30,963,982",Rejected-Finance,22-Jun-2026,Public Works Roads Department-Externally Aided Project||Public Works Road Department- World Bank Funded Tenders||Assam State Bridge Infrastructure Program
2026_BTC_50973_1,No.ACE-133/PWD/G.79/2025-26/66,Renovation of Mazbat Anchalik AASAA Office with installation of Adivasi Jatiya Nayak Pradip Nag statue with beautification under SOPD Bodoland Welfare Department 2025-26. TN_108_10,Renovation of Mazbat Anchalik AASAA Office with installation of Adivasi Jatiya Nayak Pradip Nag statue with beautification under SOPD Bodoland Welfare Department 2025-26. TN_108_10,Works,Open Tender,Item Rate,Civil Works - Building,No,No,NA ,09-Feb-2026 09:00 AM,NA ,180.0,No ,No,Online,21-Feb-2026 02:00 PM,Bodoland Territorial Council-PWD||Director Cum CHD - PWD BTC,Kokrajhar,783370.0,2.0,"22,74,452",KHAGEN CHANDRA MOCHAHARI,"2,270,770.15",Rejected-AOC,06-Jun-2026,Bodoland Territorial Council-PWD||Director Cum CHD - PWD BTC
2026_WPTBC_52147_1,PTDC/Engg/2026-27/548,"Construction of Classroom and Teacher Office at Nameswar Patiri High School at Paken, Dist- Biswanath.","Construction of Classroom and Teacher Office at Nameswar Patiri High School at Paken, Dist- Biswanath.",Works,Open Tender,Item Rate,Civil Works,No,No,NA ,20-Mar-2026 02:00 PM,23-Mar-2026 11:00 AM ,180.0,No ,No,Online,10-Apr-2026 03:00 PM,Welfare of Plain Tribes and Backward Classes||Director - WPT and BC,Biswanath,784177.0,2.0,"40,00,000",H.P. Enterprises,"3,999,799.02",Rejected-AOC,29-Jun-2026,Welfare of Plain Tribes and Backward Classes||Director - WPT and BC
2025_ID_48710_1,NIT No.7 of 2025-26,Construction of 2 Nos. of RCC Check Dam at village Ulupara (Dhopguri) and 2 No. Sakhati under SOPD for the year 2025-26,Construction of 2 Nos. of RCC Check Dam at village Ulupara (Dhopguri) and 2 No. Sakhati under SOPD for the year 2025-26,Works,Open Tender,Item Rate,Civil Works,No,No,NA ,20-Nov-2025 06:00 PM,NA ,180.0,No ,No,Online,11-Dec-2025 03:00 PM,Irrigation Department||Chief Engineer(Minor Irrigation)-Irrigation Dept||Kamrup Circle||Boko Chayagaon Division,Boko,781123.0,2.0,"43,36,955",B.B. Enterprise,"1,995,790",Accepted-AOC,10-Feb-2026,Irrigation Department||Chief Engineer(Minor Irrigation)-Irrigation Dept||Kamrup Circle||Boko Chayagaon Division
2025_NHM_49329_10,NHM/ECF/254257,Construction of Sub Health Centre at Various places of Assam Under XV FC Health Grant for FY 2023 24 Under NHM Assam 3 nos scheme in Hailakandi district,Construction of Sub Health Centre at Various places of Assam Under XV FC Health Grant for FY 2023 24 Under NHM Assam 3 nos scheme in Hailakandi district,Works,Open Tender,Turn-key,Civil Works - Building,No,No,NA ,13-Dec-2025 09:00 AM,NA ,180.0,No ,No,Online,29-Dec-2025 12:00 PM,National Health Mission||State Programme Management Unit - NHM,Hailakandi district,781001.0,2.0,"1,56,08,607",D A Builder & Consultancy,"15,600,000",Rejected-AOC,19-Jun-2026,National Health Mission||State Programme Management Unit - NHM
2026_PWBNH_52051_1,"CE/TB-II(Bldg.)/50/2023/33 Dated Guwahati the, 13th March, 2026",Modernization of Jorhat Science Centre and Planetarium,Modernization of Jorhat Science Centre and Planetarium,Works,Open Tender,Item Rate,Civil Works - Building,No,No,NA ,16-Mar-2026 10:00 AM,23-Mar-2026 11:00 AM ,180.0,No ,No,Online,07-Apr-2026 04:00 PM,Public Works Building and NH Department||Chief Engineer-Building - PWBNH,Jorhat,785001.0,2.0,"4,45,62,896",M/S PATER ENTERPRISE,"45,899,700",Accepted-AOC,08-Jun-2026,Public Works Building and NH Department||Chief Engineer-Building - PWBNH
2026_PWD_50058_17,PRTRD/RKN/PDNA/ET/2026/1302,"PRTRD_PDNA_ET_25_26_17 Recovery and Reconstruction of approach of RCC Bridge No.2/1, 4/1 and 4/2 on Chandkhani to Pollysree road under NDRF (PDNA-2022) for the year 2025-26.","PRTRD_PDNA_ET_25_26_17 Recovery and Reconstruction of approach of RCC Bridge No.2/1, 4/1 and 4/2 on Chandkhani to Pollysree road under NDRF (PDNA-2022) for the year 2025-26.",Works,Open Tender,Item Rate,Civil Works,No,No,NA ,09-Jan-2026 02:00 PM,12-Jan-2026 12:00 PM ,180.0,No ,No,Online,29-Jan-2026 11:00 AM,Public Works Roads Department,RK Nagar,788166.0,2.0,"43,57,000",NANDITA NATH,"4,357,000",Rejected-AOC,02-Jun-2026,Public Works Roads Department
2026_UDD_52274_1,TMB302/2025-26/4570,Renovation/Upgradation of Bongali Gaon Piped Water Supply Scheme under Teok Municipal Board,Renovation/Upgradation of Bongali Gaon Piped Water Supply Scheme under Teok Municipal Board,Works,Open Tender,Works,Civil Works - Water Works,No,No,NA ,11-May-2026 04:05 PM,NA ,120.0,No ,No,Online,03-Jun-2026 11:00 AM,Urban Development Department||Directorate of Municipality Administration - UDD||Teok Municipal Board,Teok Municipal Board,785112.0,2.0,"37,00,307",SUNIL KALITA,"3,515,291.65",Rejected-Finance,04-Jun-2026,Urban Development Department||Directorate of Municipality Administration - UDD||Teok Municipal Board
2026_SCD_50305_8,Tender/NIT/Pt-I/2025-26/7296,Erosion Protection Work at East Taikajhora Village under RIDF-XXXI,Erosion Protection Work at East Taikajhora Village under RIDF-XXXI,Works,Open Tender,Item Rate,Civil Works,No,No,NA ,17-Jan-2026 02:40 PM,22-Jan-2026 12:00 PM ,180.0,No ,No,Online,09-Feb-2026 03:00 PM,Soil Conservation Department||Director - SCD,Chirang Soil Conservation Division,783385.0,2.0,"49,76,250",ARJUN NARZARY,"4,975,250",Accepted-AOC,22-Jun-2026,Soil Conservation Department||Director - SCD
2026_BoTC_50251_1,TECH-28/SE(RB)/2019-20/05,Recovery and Reconstruction of Nayabasti to Uttarkuchi Road Bridge at Ch 4830.00 m and 5230.00 m under NDRF (PDNA-2022) for the year 2025-26 TN_386_13,Recovery and Reconstruction of Nayabasti to Uttarkuchi Road Bridge at Ch 4830.00 m and 5230.00 m under NDRF (PDNA-2022) for the year 2025-26 TN_386_13,Works,Open Tender,Works,Civil Works,No,No,NA ,13-Jan-2026 06:00 PM,NA ,180.0,No ,No,Online,03-Feb-2026 02:00 PM,Bodoland Territorial Council||PWD-BTC,Baksa,781346.0,2.0,"39,99,899",Detshrang Goyary,"3,998,695",Accepted-AOC,16-Jun-2026,Bodoland Territorial Council||PWD-BTC
2025_PWD_49682_3,CE/DEV/TB/60/2025-26/62 Dtd- 23.12.2025,"MMPPNA_RIDF_XXXI_25_26_74 Construction of Road from (1) Sengajan Majorbari ME School to Majgaon Weekly Market from Ch 0.00 m to Ch 1000.00 m, (2) Bhangidia Guronia PMGSY Road to Jonghali Office Eand D Dyke from Ch 0.00m to 1000.00m, (3) Pityang Shiva","MMPPNA_RIDF_XXXI_25_26_74 Construction of Road from (1) Sengajan Majorbari ME School to Majgaon Weekly Market from Ch 0.00 m to Ch 1000.00 m, (2) Bhangidia Guronia PMGSY Road to Jonghali Office Eand D Dyke from Ch 0.00m to 1000.00m, (3) Pityang Shiva",Works,Open Tender,Item Rate,Civil Works – Roads,No,No,NA ,27-Dec-2025 09:00 AM,29-Dec-2025 02:30 PM ,180.0,No ,No,Online,05-Jan-2026 02:30 PM,Public Works Roads Department,Jonai,787060.0,2.0,"3,26,19,000",SRI LIKHAN KUMBANG,"32,619,000",Accepted-AOC,17-Jun-2026,Public Works Roads Department
2025_PWD_42013_1,CE/Comm/106/SDMF/24-25/1,SDMF/Sipajhar/1,Protection and Prevention of Khatara Bherua Road from Flood Damages under SDMF for the year 2023-24 in Darrang District of Assam,Works,Open Tender,Item Rate,Civil Works – Roads,No,No,NA ,10-Jan-2025 02:00 PM,NA ,180.0,No ,No,Online,28-Jan-2025 02:30 PM,Public Works Roads Department||CE PWD(R) - PWD||Traffic Engineering Cell - PWD,Sipajhar,784145.0,2.0,"1,44,32,000",Tribeni Associates,"14,432,000",Rejected-AOC,30-Jun-2026,Public Works Roads Department||CE PWD(R) - PWD||Traffic Engineering Cell - PWD
2025_PWD_45926_189,CE/DEV/TB/60/2025-26/06 Dtd- 14.07.2025,"MMPPNA_RIDF_XXXI_25_26_284 Construction of Road from (i) Baputi Gogoi M.E. School to Kishur T.E. Via Balijan Gaon, (ii) Gujugam Tiniali to Rithe Tiniali under Mukhya Mantrir Paki Path Nirman Achani (MMPPNA) under RIDF-XXXI for the year of 2025-26.","MMPPNA_RIDF_XXXI_25_26_284 Construction of Road from (i) Baputi Gogoi M.E. School to Kishur T.E. Via Balijan Gaon, (ii) Gujugam Tiniali to Rithe Tiniali under Mukhya Mantrir Paki Path Nirman Achani (MMPPNA) under RIDF-XXXI for the year of 2025-26.",Works,Open Tender,Item Rate,Civil Works – Roads,No,No,NA ,02-Aug-2025 06:55 PM,04-Aug-2025 12:00 PM ,180.0,No ,No,Online,14-Aug-2025 02:30 PM,Public Works Roads Department,Margherita,786181.0,2.0,"4,22,41,000",Kirti Kamal Baruah,"42,240,500",Accepted-AOC,18-Jun-2026,Public Works Roads Department
2025_PWBNH_48518_11,Tech-IV(H_E)/RIDF XXXI/01/2025/30 Dated Guwahati the 22nd Oct 2025,"Construction of New School Building of 100 Secondary School in 35 Districts of Assam under RDIF-XXXI (2025-26) for Lal Bahadur Shastri Bidyapith HS School, Dist Bongaigaon package no-6","Construction of New School Building of 100 Secondary School in 35 Districts of Assam under RDIF-XXXI (2025-26) for Lal Bahadur Shastri Bidyapith HS School, Dist Bongaigaon package no-6",Works,Open Tender,Item Rate,Civil Works - Building,No,No,NA ,12-Nov-2025 09:00 AM,13-Nov-2025 11:00 AM ,180.0,No ,No,Online,26-Nov-2025 04:00 PM,Public Works Building and NH Department||Chief Engineer-Building - PWBNH,Bongaigaon,783380.0,2.0,"4,05,87,327",GAJEN BARMAN,"34,985,250",Accepted-AOC,12-Jun-2026,Public Works Building and NH Department||Chief Engineer-Building - PWBNH
2025_WPTBC_48736_1,TKAC/H AND T//2025-26,Supply of Yarn for the year 2025-26,Supply of Yarn for the year 2025-26,Goods,Open Tender,Item Rate,Miscellaneous Goods,No,No,NA ,21-Nov-2025 10:00 AM,25-Nov-2025 03:00 PM ,180.0,No ,No,Online,06-Dec-2025 02:00 PM,Welfare of Plain Tribes and Backward Classes||Director - WPT and BC||Thengal Kachari Autonomous Council,Jorhat,785630.0,2.0,,GLOBAL POWER AND ENGINEERS,"11,985,600",Rejected-AOC,15-Jun-2026,Welfare of Plain Tribes and Backward Classes||Director - WPT and BC||Thengal Kachari Autonomous Council
2025_PWBNH_49667_2,CE/TB-III(H_E)/40/2025/23 Dated Guwahati the 18th December 2025,Construction of New Building of 100 Secondary Schools under RIDF-XXXI (2025-26) for for Tengani Borhula Navajyoti High School under Khumtai and Sarupathar TBD ( Package-67),Construction of New Building of 100 Secondary Schools under RIDF-XXXI (2025-26) for for Tengani Borhula Navajyoti High School under Khumtai and Sarupathar TBD ( Package-67),Works,Open Tender,Item Rate,Civil Works - Building,No,No,NA ,26-Dec-2025 02:00 PM,NA ,180.0,No ,No,Online,03-Jan-2026 04:00 PM,Public Works Building and NH Department||Chief Engineer-Building - PWBNH,Khumtai,785619.0,2.0,"4,12,18,190",M/S. M.P. AGARWALLA,"44,800,000",Accepted-AOC,23-Jun-2026,Public Works Building and NH Department||Chief Engineer-Building - PWBNH
2026_BTC_50968_1,No.ACE-133/PWD/G.79/2025-26/66,"Auditorium improvement at Mazbat Durga Puja Mandap and Orang VCDC office, under SOPD Bodoland Welfare Department, 2025-26. TN_108_05","Auditorium improvement at Mazbat Durga Puja Mandap and Orang VCDC office, under SOPD Bodoland Welfare Department, 2025-26. TN_108_05",Works,Open Tender,Item Rate,Civil Works - Building,No,No,NA ,09-Feb-2026 09:00 AM,NA ,180.0,No ,No,Online,21-Feb-2026 02:00 PM,Bodoland Territorial Council-PWD||Director Cum CHD - PWD BTC,Kokrajhar,783370.0,2.0,"93,62,177",KHAGEN CHANDRA MOCHAHARI,"9,359,492",Rejected-AOC,03-Jun-2026,Bodoland Territorial Council-PWD||Director Cum CHD - PWD BTC
2025_PWHE_48498_1,IN-ASSAM PWD-510335-CW-RFB,"Package No. 12 Construction of Class Rooms under Assam School Education and Adolescent Well-Being Project (ASAP) under Silchar, Udharbond, Sonai and Dholai(SC)TBD for i. Bam Bidyapith High School ii. Itachora Tea Estate Model School iii. 62 No Dudhpa","Package No. 12 Construction of Class Rooms under Assam School Education and Adolescent Well-Being Project (ASAP) under Silchar, Udharbond, Sonai and Dholai(SC)TBD for i. Bam Bidyapith High School ii. Itachora Tea Estate Model School iii. 62 No Dudhpa",Works,Open Tender,Item Rate,Civil Works - Building,No,No,NA ,10-Nov-2025 02:00 PM,18-Nov-2025 11:30 AM ,180.0,No ,No,Online,25-Nov-2025 02:30 PM,Public Works Health and Education Department-Externally Aided Project||Public Works Health and Education Department-WB,Silchar,788001.0,2.0,"10,81,78,560",MR DIPAK SARMA,"122,240,000",Accepted-AOC,23-Jun-2026,Public Works Health and Education Department-Externally Aided Project||Public Works Health and Education Department-WB
2024_DOT_38611_1,ATDC/CS/140/2001/1688 dtd. 17.08.2024,"Development, Operation and Management Contract for running the Tourist Complex, Orang","Development, Operation and Management Contract for running the Tourist Complex, Orang",Services,Open Tender,Item Rate,Hotel/ Catering,No,No,NA ,22-Aug-2024 05:00 PM,28-Aug-2024 12:00 PM ,180.0,No ,No,Online,25-Sep-2024 01:00 PM,Department of Tourism||Assam Tourism Development Corporation Ltd. - DOT||HO-Guwahati-ATDCL - DOT,Orang,784112.0,2.0,"60,000",KRC and SR Associates,"71,000",Rejected-AOC,03-Jun-2026,Department of Tourism||Assam Tourism Development Corporation Ltd. - DOT||HO-Guwahati-ATDCL - DOT
2025_PWD_47085_48,CE/DEV/TB/60/2025-26/15 Dtd- 06.08.2025,MMPPNA_RIDF_XXXI_25_26_428 Improvement of Road from (1) Kathal Barsangon PWD Road to Diblia (Ch.0.00 m to Ch.1000.00 m) (Length-1.00 Km) (2) 5th Km of Kowarpar-Sahapur Road to Chibetiabicia Pt-II (Ch.5000.00 m to Ch.7150.00 m) under Mukhya,MMPPNA_RIDF_XXXI_25_26_428 Improvement of Road from (1) Kathal Barsangon PWD Road to Diblia (Ch.0.00 m to Ch.1000.00 m) (Length-1.00 Km) (2) 5th Km of Kowarpar-Sahapur Road to Chibetiabicia Pt-II (Ch.5000.00 m to Ch.7150.00 m) under Mukhya,Works,Open Tender,Item Rate,Civil Works – Roads,No,No,NA ,04-Sep-2025 02:00 PM,04-Sep-2025 03:00 PM ,180.0,No ,No,Online,19-Sep-2025 02:30 PM,Public Works Roads Department,Borkhola,788110.0,2.0,"4,20,57,000",Debajit Deb,"42,056,990",Rejected-Finance,05-Jun-2026,Public Works Roads Department
2025_PWD_49268_7,TB-62/GWC/2024-25/1718 Dtd. 01-12-2025,Construction of GWC Road from Sengajan Majorbari Shiva Mandir to No.4 Majorbari under SOPD-G for the year 2025-26 in 80 No. Jonai LAC,Construction of GWC Road from Sengajan Majorbari Shiva Mandir to No.4 Majorbari under SOPD-G for the year 2025-26 in 80 No. Jonai LAC,Works,Open Tender,Item Rate,Civil Works,No,No,NA ,12-Dec-2025 05:20 PM,NA ,180.0,No ,No,Online,19-Dec-2025 10:00 AM,Public Works Roads Department,Jonai,787060.0,2.0,"20,89,300",PABITRA PEGU,"2,088,281.25",Rejected-AOC,02-Feb-2026,Public Works Roads Department
2025_NHM_42363_1,NHM/1/909085/2025,"CONSTRUCTION OF INTEGRATED PUBLIC HEALTH LABORATORY AT JONAI SDCH IN DHEMAJI DISTRICT UNDER PM ABHIM FOR FY 2024-25 UNDER NHM, ASSAM","CONSTRUCTION OF INTEGRATED PUBLIC HEALTH LABORATORY AT JONAI SDCH IN DHEMAJI DISTRICT UNDER PM ABHIM FOR FY 2024-25 UNDER NHM, ASSAM",Works,Open Tender,Turn-key,Civil Works - Building,No,No,NA ,27-Jan-2025 06:00 PM,NA ,180.0,No ,No,Online,19-Feb-2025 03:30 PM,National Health Mission||State Programme Management Unit - NHM,Dhemaji,787057.0,2.0,"1,24,99,840",Sri Rajdeep Bezbaruah,"11,249,857.69",Rejected-Technical,02-Jun-2026,National Health Mission||State Programme Management Unit - NHM
2025_PWD_47085_60,CE/DEV/TB/60/2025-26/15 Dtd- 06.08.2025,MMPPNA_RIDF_XXXI_25_26_456 (i) Strengthening of PWD road at Jabainpur (ii) Improvement of road starting from 15 No. Bagabati LP School to Ason Kalibari via Bagbari Sarbajanin Durga Mandap at Kartik Das house (iii) Improvement of road from PWD Road to,MMPPNA_RIDF_XXXI_25_26_456 (i) Strengthening of PWD road at Jabainpur (ii) Improvement of road starting from 15 No. Bagabati LP School to Ason Kalibari via Bagbari Sarbajanin Durga Mandap at Kartik Das house (iii) Improvement of road from PWD Road to,Works,Open Tender,Item Rate,Civil Works – Roads,No,No,NA ,06-Sep-2025 06:30 PM,06-Sep-2025 06:55 PM ,180.0,No ,No,Online,19-Sep-2025 02:30 PM,Public Works Roads Department,Sribhumi North,788710.0,2.0,"3,25,46,000",ENAMUL HOQUE,"32,545,000",Accepted-AOC,02-Jun-2026,Public Works Roads Department
2025_PWD_45926_160,CE/DEV/TB/60/2025-26/06 Dtd- 14.07.2025,MMPPNA_RIDF_XXXI_25_26_183 Construction of Road from Japoripathar (near Dhojja Chariali) to Kuruabohia Pam (Ch 0.00m to Ch 3500.00m) under Mukhya Mantrir Paki Path Nirman Achani under RIDF-XXXI of NABARD for the year 2025-26.,MMPPNA_RIDF_XXXI_25_26_183 Construction of Road from Japoripathar (near Dhojja Chariali) to Kuruabohia Pam (Ch 0.00m to Ch 3500.00m) under Mukhya Mantrir Paki Path Nirman Achani under RIDF-XXXI of NABARD for the year 2025-26.,Works,Open Tender,Item Rate,Civil Works – Roads,No,No,NA ,01-Aug-2025 06:00 PM,04-Aug-2025 12:00 PM ,180.0,No ,No,Online,21-Aug-2025 02:30 PM,Public Works Roads Department,Bokakhat,785612.0,2.0,"3,00,55,000",M/S. M.P. AGARWALLA,"30,043,081",Rejected-Finance,02-Jun-2026,Public Works Roads Department
2026_DoIT_50518_1,AEDC/SDC/2025-26/12,Implementation of Secondary Data Center cum Disaster Recovery Site,Implementation of Secondary Data Center cum Disaster Recovery Site,Services,Open Tender,Item Rate,Information Technology,No,No,NA ,22-Jan-2026 05:00 PM,NA ,180.0,No ,No,Online,10-Feb-2026 04:00 PM,Principal Secretary-Department of Information Technology||Assam Electronics Development Corporation Ltd-DoIT,Guwahati,781021.0,2.0,,Ahuva Electronic Technologies Pvt Ltd,"15,087,480",Rejected-Finance,27-Mar-2026,Principal Secretary-Department of Information Technology||Assam Electronics Development Corporation Ltd-DoIT
2026_BoTC_50831_1,TECH-28/SE(RB)/2019-20/09,Construction of East Patabari Koila Moila Manas roads to Twosonpara village with sand gravel with 2 Nos RCC Box Cell Culvert under Chirang District. TN-388-2.,Construction of East Patabari Koila Moila Manas roads to Twosonpara village with sand gravel with 2 Nos RCC Box Cell Culvert under Chirang District. TN-388-2.,Works,Open Tender,Works,Civil Works – Roads,No,No,NA ,05-Feb-2026 03:00 PM,NA ,180.0,No ,No,Online,19-Feb-2026 02:00 PM,Bodoland Territorial Council||PWD-BTC,Chirang,783385.0,2.0,"31,02,314",FRANCIS NARZARY,"3,101,000",Rejected-Finance,05-Jun-2026,Bodoland Territorial Council||PWD-BTC
2025_AEGCL_49037_1,AEGCL/MD/Tech-366/LAR/TLSA/Bid,Supply and Installation of Transmission Line Surge Arresters for 132kV BTPS Dhaligaon D/C TL and 132kV Dhaligaon-Gossaigaon S/C TL,Supply and Installation of Transmission Line Surge Arresters for 132kV BTPS Dhaligaon D/C TL and 132kV Dhaligaon-Gossaigaon S/C TL,Works,Open Tender,Turn-key,Electrical Works,No,No,NA ,04-Dec-2025 02:00 PM,NA ,180.0,No ,No,Online,22-Jan-2026 02:00 PM,Assam Electricity Grid Corporation Ltd||CGM (T and T),"Dhaligaon, Assam",783385.0,2.0,"1,68,26,909",AADS Enterprises,"17,716,142",Rejected-Finance,16-Jun-2026,Assam Electricity Grid Corporation Ltd||CGM (T and T)
2026_UDD_50065_1,DMB/15th FC(Tied)/e-Tender/2026/14,Selection of Concessionaire for Design Build Construction cluster 10 KLD FSTP based on fully Mechanized MBBR Technology and Operation and Maintenance for 3 years at Dergaon Town Ward No 01 under 15th FC Tied grant 2nd Instalment for the FY 2020-21,Selection of Concessionaire for Design Build Construction cluster 10 KLD FSTP based on fully Mechanized MBBR Technology and Operation and Maintenance for 3 years at Dergaon Town Ward No 01 under 15th FC Tied grant 2nd Instalment for the FY 2020-21,Works,Open Tender,Item Rate,Civil Works - Others,No,No,NA ,08-Jan-2026 10:30 AM,19-Jan-2026 11:00 AM ,180.0,No ,No,Online,28-Jan-2026 02:30 PM,Urban Development Department||Directorate of Municipality Administration - UDD||Dergaon Municipal Board,"Dergaon Town, Ward No.-01",785614.0,2.0,"2,49,00,000",IMPACT SOLUTIONS,"23,655,000",Rejected-Technical,20-Jun-2026,Urban Development Department||Directorate of Municipality Administration - UDD||Dergaon Municipal Board
2026_GMC_50622_82,GER/CE/2525/2025/Part-I/ 9 Date_ 22 /01/2026,Package No. DSLT-Div-VI/12,"Cleaning, Desilting and Maintenance of Drains (Package No. DSLT-Div-VI/12) under Mitigation of Urban Flood in Guwahati City under Guwahati Municipal Corporation for the year 2026",Works,Open Tender,Lump-sum,Miscellaneous Works,No,No,NA ,05-Feb-2026 12:30 PM,05-Feb-2026 12:30 PM ,120.0,No ,No,Online,16-Feb-2026 02:30 PM,Guwahati Municipal Corporation,Guwahati,781006.0,2.0,"18,95,000",BHASKAR JYOTI DEKA,"1,406,469",Accepted-AOC,02-Jun-2026,Guwahati Municipal Corporation
2026_PWD_50619_10,SSRDM/TC-65/NIT/PDNA/2025-26/2,"Reconstruction of Choto Bazra PMGSY Road to Gotabari under Reconstruction and Recovery window (Assam floods and Landslides 2022, PDNA) for the Year 2025-26. Package No. SSDTRD_PDNA_10","Reconstruction of Choto Bazra PMGSY Road to Gotabari under Reconstruction and Recovery window (Assam floods and Landslides 2022, PDNA) for the Year 2025-26. Package No. SSDTRD_PDNA_10",Works,Open Tender,Item Rate,Civil Works – Roads,No,No,NA ,29-Jan-2026 05:00 PM,NA ,180.0,No ,No,Online,19-Feb-2026 10:30 AM,Public Works Roads Department,Mankachar,783131.0,2.0,"29,99,933",Ahmed Nur Alom,"2,998,332",Accepted-AOC,03-Jun-2026,Public Works Roads Department
2026_PWD_52452_1,CS/JTRD/SOPD-G/1/2026-27,Improvement of Akshya Patra Foundation Road including construction Brick Masonry Covered Drain under SOPDG for the year 2025 26,Improvement of Akshya Patra Foundation Road including construction Brick Masonry Covered Drain under SOPDG for the year 2025 26,Works,Open Tender,Item Rate,Civil Works – Roads,No,No,NA ,21-May-2026 04:30 PM,NA ,180.0,No ,No,Online,30-May-2026 04:00 PM,Public Works Roads Department,North Guwahati,781030.0,2.0,"45,62,000",Sri Dhiraj Bania,"4,561,823.89",Accepted-AOC,17-Jun-2026,Public Works Roads Department
2026_MDRDE_50874_1,IN-AHIDMS-530775-CW-RFB,"Repair and Renovation works in Lakhimpur Medical College and Hospital, North Lakhimpur, Assam","Repair and Renovation works in Lakhimpur Medical College and Hospital, North Lakhimpur, Assam",Works,Open Tender,Works,Civil Works - Building,No,No,NA ,07-Feb-2026 05:00 PM,13-Feb-2026 03:00 PM ,150.0,No ,No,Online,05-Mar-2026 03:00 PM,Medical Education and Research Department- Externally Aided Project||Assam Health Infrastructure Development and Management Society,As per Bid Document,781022.0,2.0,"6,98,71,186",M/S Khushi Constructions,"80,595,249.5",Accepted-AOC,10-Jun-2026,Medical Education and Research Department- Externally Aided Project||Assam Health Infrastructure Development and Management Society
2026_HFWD_52731_1,AMSC-IT0PROC/20/2026-IT LOG-AMSCL,"Selection of a service provider for Design, Installation and managing of Outdoor branding, social media handling and necessary designing in relation to celebration of International Day of Yoga 2026 for National AYUSH Mission, Assam","Selection of a service provider for Design, Installation and managing of Outdoor branding, social media handling and necessary designing in relation to celebration of International Day of Yoga 2026 for National AYUSH Mission, Assam",Services,Limited,Lump-sum,Miscellaneous Services,No,No,NA ,12-Jun-2026 12:00 PM,NA ,180.0,No ,No,Not Applicable,15-Jun-2026 12:30 PM,Health and Family Welfare Department||Assam Medical Services Corporation Limited,Guwahati,781026.0,1.0,"15,00,000",B P Enterprise,"829,304",Rejected-Finance,19-Jun-2026,Health and Family Welfare Department||Assam Medical Services Corporation Limited
2026_PWD_50168_5,BSPTRD/TECH/PDNA/168/2025-26,BSPTRD/PDNA/2025-26/5,Recovery and Reconstruction of Ata Bhowkamari to Pohumara road including SPT bridge and approach under NDRF (PDNA-2022) of District Barpeta for the year 2025-26 (25-Pakabetbari LAC),Works,Open Tender,Item Rate,Civil Works – Roads,No,No,NA ,13-Jan-2026 10:00 AM,NA ,180.0,No ,No,Online,02-Feb-2026 02:00 PM,Public Works Roads Department,Barpeta Road,781315.0,2.0,"30,00,000",Durjan Ali,"2,430,000",Rejected-Finance,26-Jun-2026,Public Works Roads Department
2026_DoWR_51397_1,CACHAR/2025-26/SDMF/IV,PROTECTION AND PREVENTION OF ROYPUR PT-II AREA UNDER SILCHAR REVENUE CIRCLE FROM EROSION OF RIVER BORAK UNDER SDMF FOR THE YEAR 2025-26 IN CACHAR DISTRICT OF ASSAM.,PROTECTION AND PREVENTION OF ROYPUR PT-II AREA UNDER SILCHAR REVENUE CIRCLE FROM EROSION OF RIVER BORAK UNDER SDMF FOR THE YEAR 2025-26 IN CACHAR DISTRICT OF ASSAM.,Works,Open Tender,Works,Civil Works,No,No,NA ,20-Feb-2026 06:55 PM,NA ,180.0,No ,No,Online,02-Mar-2026 03:00 PM,Department of Water Resources||Chief Engineer - DoWR,"Roypur, Silchar",788009.0,2.0,"31,90,37,943",HIGH-TECH ECOGREEN CONTRACTORS LLP,"319,036,400.47",Accepted-AOC,04-Jun-2026,Department of Water Resources||Chief Engineer - DoWR
2025_PWBNH_48645_25,CE/TB-III(H_E)/40/2025/13 Dated 22-10-2025,"Construction of New Building of 100 Secondary Schools under RIDF-XXI (2025-26) For Chargola Public HSS, under Sribhumi DTBD ( Package-85)","Construction of New Building of 100 Secondary Schools under RIDF-XXI (2025-26) For Chargola Public HSS, under Sribhumi DTBD ( Package-85)",Works,Open Tender,Item Rate,Civil Works - Building,No,No,NA ,24-Nov-2025 04:00 PM,27-Nov-2025 11:30 AM ,180.0,No ,No,Online,10-Dec-2025 04:00 PM,Public Works Building and NH Department||Chief Engineer-Building - PWBNH,Sribhumi,788710.0,2.0,"3,98,37,952",PAUL CONSTRUCTION,"41,811,750",Accepted-AOC,10-Jun-2026,Public Works Building and NH Department||Chief Engineer-Building - PWBNH
2025_PWBNH_48645_19,CE/TB-III(H_E)/40/2025/13 Dated 22-10-2025,Construction of New Building of 100 Secondary Schools under RIDF-XXXI (2025-26) for Jorhat Gitarthee Vidyalaya HS under Jorhat DTBD ( Package-74),Construction of New Building of 100 Secondary Schools under RIDF-XXXI (2025-26) for Jorhat Gitarthee Vidyalaya HS under Jorhat DTBD ( Package-74),Works,Open Tender,Item Rate,Civil Works - Building,No,No,NA ,19-Nov-2025 11:30 AM,25-Nov-2025 11:30 AM ,180.0,No ,No,Online,09-Dec-2025 04:00 PM,Public Works Building and NH Department||Chief Engineer-Building - PWBNH,Jorhat,785001.0,2.0,"3,98,37,952",manjil saikia,"43,777,777",Rejected-AOC,17-Jun-2026,Public Works Building and NH Department||Chief Engineer-Building - PWBNH
2025_TDA_47749_1,AIWCL/03/2023/Pt-I/03 PT KUSHAL KONWAR,Long Term Leasing out of existing Inland Water Commercial Vessels under AIWCL,Long Term Leasing out of existing Inland Water Commercial Vessels under AIWCL,Services,Open Tender,Item Rate,Miscellaneous Services,No,No,Tender is invited for long term leasing of vessels ,29-Sep-2025 10:00 AM,NA ,90.0,No ,No,Online,06-Nov-2025 04:00 PM,Transport Department||Assam Inland Waterways Company Limited,Guwahati,781007.0,1.0,,COCHIN BUNKERS PRIVATE LIMITED,"375,000",Accepted-AOC,04-Jun-2026,Transport Department||Assam Inland Waterways Company Limited
2025_PWBNH_48645_30,CE/TB-III(H_E)/40/2025/13 Dated 22-10-2025,"Construction of New Building of 100 Secondary Schools under RIDF-XXXI (2025-26) for Dhaman HSS under Dibrugarh, Chabua Lahowal, Khowang and Ting DTBD ( Package-62)","Construction of New Building of 100 Secondary Schools under RIDF-XXXI (2025-26) for Dhaman HSS under Dibrugarh, Chabua Lahowal, Khowang and Ting DTBD ( Package-62)",Works,Open Tender,Item Rate,Civil Works - Building,No,No,NA ,29-Nov-2025 09:00 AM,04-Dec-2025 11:30 AM ,180.0,No ,No,Online,18-Dec-2025 04:00 PM,Public Works Building and NH Department||Chief Engineer-Building - PWBNH,Dibrugarh,786001.0,2.0,"3,98,37,952",PABITRA SAIKIA,"43,761,990",Rejected-AOC,12-Jun-2026,Public Works Building and NH Department||Chief Engineer-Building - PWBNH
2025_PWBNH_48645_24,CE/TB-III(H_E)/40/2025/13 Dated 22-10-2025,"Construction of New Building of 100 Secondary Schools under RIDF-XXXI (2025-26) For Karimganj Govt. HSS, under Sribhumi DTBD ( Package-84)","Construction of New Building of 100 Secondary Schools under RIDF-XXXI (2025-26) For Karimganj Govt. HSS, under Sribhumi DTBD ( Package-84)",Works,Open Tender,Item Rate,Civil Works - Building,No,No,NA ,24-Nov-2025 04:00 PM,27-Nov-2025 11:30 AM ,180.0,No ,No,Online,10-Dec-2025 04:00 PM,Public Works Building and NH Department||Chief Engineer-Building - PWBNH,Sribhumi,788710.0,2.0,"3,98,37,952",PAUL CONSTRUCTION,"43,350,750",Rejected-AOC,10-Jun-2026,Public Works Building and NH Department||Chief Engineer-Building - PWBNH
2025_DOT_49064_1,ATDC.2822/2017/Pt-II/DM02/3785 dtd. 14.11.2025,"Development, Operation and Management Contract for running the Prashaanti Tourist Lodge, Karimganj","Development, Operation and Management Contract for running the Prashaanti Tourist Lodge, Karimganj",Services,Open Tender,Item Rate,Hotel/ Catering,No,No,NA ,05-Dec-2025 04:00 PM,08-Dec-2025 12:00 PM ,180.0,No ,No,Online,22-Dec-2025 01:00 PM,Department of Tourism||Assam Tourism Development Corporation Ltd. - DOT||HO-Guwahati-ATDCL - DOT,Karimganj,788710.0,2.0,"35,000",SUBRATA DAS,"36,000",Rejected-AOC,03-Jun-2026,Department of Tourism||Assam Tourism Development Corporation Ltd. - DOT||HO-Guwahati-ATDCL - DOT
2026_PWD_50401_1,BMCTRD/NDRF/2025-26/BAR-09,BMCTRD/NDRF/2025-26/BAR-09,Reconstruction and Recovery of Iterbhita Dangarkuchi road under NDRF(PDNA-2022) for the year 2025-26,Works,Open Tender,Item Rate,Civil Works – Roads,No,No,NA ,21-Jan-2026 11:00 AM,NA ,180.0,No ,No,Online,03-Feb-2026 11:00 AM,Public Works Roads Department,Barpeta District,781301.0,2.0,"32,47,000",Taizuddin Ahmed,"3,247,000",Rejected-AOC,23-Jun-2026,Public Works Roads Department
2025_PWBNH_48401_3,Tech-IV(H_E)/RIDF XXXI/01/2025/30 Dated Guwahati the 22nd Oct 2025,Package-11 Construction of 100 Secondary Schools in 35 Districts of Assam under RIDF-XXXI (2025-26) for Dudhnoi Girls High School under Goalpara DTBD,Package-11 Construction of 100 Secondary Schools in 35 Districts of Assam under RIDF-XXXI (2025-26) for Dudhnoi Girls High School under Goalpara DTBD,Works,Open Tender,Item Rate,Civil Works - Building,No,No,NA ,04-Nov-2025 09:00 AM,07-Nov-2025 11:00 AM ,180.0,No ,No,Online,21-Nov-2025 04:00 PM,Public Works Building and NH Department||Chief Engineer-Building - PWBNH,Goalpara,783101.0,2.0,"4,07,60,824",KUSHAN CHOUDHURY,"44,495,000",Accepted-AOC,18-Jun-2026,Public Works Building and NH Department||Chief Engineer-Building - PWBNH
2025_PWBNH_48829_1,CE/TB-IV(H_E)/RIDF XXXI/01/2025/32 Dated Guwahati the 3rd November 2025,Construction of New School Building of 100 Secondary School in 35 Districts of Assam under RDIF-XXXI (2025-26) for Jamuguri Higher Secondary School under Sonitpur DTBD package no 28,Construction of New School Building of 100 Secondary School in 35 Districts of Assam under RDIF-XXXI (2025-26) for Jamuguri Higher Secondary School under Sonitpur DTBD package no 28,Works,Open Tender,Item Rate,Civil Works - Building,No,No,NA ,22-Nov-2025 09:00 AM,25-Nov-2025 11:00 AM ,180.0,No ,No,Online,15-Dec-2025 04:00 PM,Public Works Building and NH Department||Chief Engineer-Building - PWBNH,Jamuguri,782142.0,2.0,"4,08,17,872",Probin Dihingia,"44,018,010",Accepted-AOC,06-Jun-2026,Public Works Building and NH Department||Chief Engineer-Building - PWBNH
2026_BoTC_52245_1,SE(B)/21-22/Pt-IV/04/567_2,Package No.567_2,"Construction of boundary wall, Gate and supply of furniture in the residence of Executive Engineer PWD (Roads and Building).",Works,Open Tender,Item Rate,Civil Works - Building,No,No,NA ,08-May-2026 04:00 PM,NA ,180.0,No ,No,Online,29-May-2026 01:30 PM,Bodoland Territorial Council||PWD-BTC,Udalguri dist,784509.0,2.0,"44,55,189",MANAS DAS,"4,800,000",Accepted-AOC,10-Jun-2026,Bodoland Territorial Council||PWD-BTC
2025_PWD_45926_175,CE/DEV/TB/60/2025-26/06 Dtd- 14.07.2025,MMPPNA_RIDF_XXXI_25_26_218 Construction of Road from (i) Dhonipur to Sheorartal Balance length (ii) Sheorartal PWD Road to Tingari Village under Mukhya Mantrir Paki Path Nirman Achani (MMPPNA) under RIDF-XXXI of NABARD for the year 2025-26.,MMPPNA_RIDF_XXXI_25_26_218 Construction of Road from (i) Dhonipur to Sheorartal Balance length (ii) Sheorartal PWD Road to Tingari Village under Mukhya Mantrir Paki Path Nirman Achani (MMPPNA) under RIDF-XXXI of NABARD for the year 2025-26.,Works,Open Tender,Item Rate,Civil Works – Roads,No,No,NA ,02-Aug-2025 01:00 PM,04-Aug-2025 12:00 PM ,180.0,No ,No,Online,14-Aug-2025 02:30 PM,Public Works Roads Department,Dholai,793106.0,2.0,"2,95,99,000",AKTAR HUSSAIN LASKAR,"29,595,000",Accepted-AOC,09-Jun-2026,Public Works Roads Department
2025_MDRDE_47912_1,IN-AHIDMS-510275-CW-RFB,"Repair and renovation work under ASSIST project for Dr. Ravi Boro Civil Hospital, Baksa and 100 Bedded JSB Civil Hospital, Kajalgaon,Chirang, Assam","Repair and renovation work under ASSIST project for Dr. Ravi Boro Civil Hospital, Baksa and 100 Bedded JSB Civil Hospital, Kajalgaon,Chirang, Assam",Works,Open Tender,Item Rate,Civil Works,No,No,NA ,09-Oct-2025 05:00 PM,16-Oct-2025 03:00 PM ,150.0,No ,No,Online,10-Nov-2025 03:00 PM,Medical Education and Research Department- Externally Aided Project||Assam Health Infrastructure Development and Management Society,As per bid document,781022.0,2.0,"26,95,06,729",M/s Macrocosm Builders,"216,175,088",Accepted-AOC,08-Apr-2026,Medical Education and Research Department- Externally Aided Project||Assam Health Infrastructure Development and Management Society
2025_DoWR_49443_1,DHEMAJI/2025-26/SOPD-G/I,Strengthening of Moridhol Dyke from Borachea to Napam area (Dhemaji Town Protection). Package 2,Strengthening of Moridhol Dyke from Borachea to Napam area (Dhemaji Town Protection). Package 2,Works,Open Tender,Works,Civil Works,No,No,NA ,18-Dec-2025 06:55 PM,NA ,180.0,No ,No,Online,02-Jan-2026 03:00 PM,Department of Water Resources||Chief Engineer - DoWR,Dhemaji,787057.0,2.0,"6,16,26,849",GANGA PEGU,"61,626,674.2",Accepted-AOC,09-Jun-2026,Department of Water Resources||Chief Engineer - DoWR
2026_UDD_52542_1,PMB-382/Waste Treatment/SBM/2026/712 dated 27/05/2026,"REMEDIATION OF WASTE ACCUMULATED AT DUMPING GROUND, PATHSALA, WARD NO. 9, THROUGH BIO-MINING, RECLAIMATION OF LAND AND SCIENTIFIC DISPOSAL OF RESIDUAL WASTE ON ASISWHERE IS BASISS IN RESPECT OF PATHSALA MUNICIPAL BOARD UNDER 15TH FINANCE COMMISSION","REMEDIATION OF WASTE ACCUMULATED AT DUMPING GROUND, PATHSALA, WARD NO. 9, THROUGH BIO-MINING, RECLAIMATION OF LAND AND SCIENTIFIC DISPOSAL OF RESIDUAL WASTE ON ASISWHERE IS BASISS IN RESPECT OF PATHSALA MUNICIPAL BOARD UNDER 15TH FINANCE COMMISSION",Services,Open Tender,Works,Miscellaneous Services,No,No,NA ,28-May-2026 09:00 AM,03-Jun-2026 11:00 AM ,180.0,No ,No,Online,12-Jun-2026 02:00 PM,Urban Development Department||Directorate of Municipality Administration - UDD||Pathsala Municipal Board,Pathsala,781325.0,2.0,"3,00,00,000",Call And Fix,"29,906,100",Accepted-AOC,30-Jun-2026,Urban Development Department||Directorate of Municipality Administration - UDD||Pathsala Municipal Board
2025_AEGCL_45405_1,AEGCL/DGM/DBR/TC02/2025/3481,Civil works at Tinsukia GSS AEGCL,"Civil works at 220KV GSS, AEGCL, Tinsukia",Works,Open Tender,Works,Civil Works,No,No,NA ,08-Jul-2025 02:00 PM,NA ,180.0,No ,No,Online,31-Jul-2025 03:00 PM,Assam Electricity Grid Corporation Ltd||CGM (T and T),220KV GSS Tinsukia,786146.0,2.0,"19,35,174",Bitupon Senchowa,"1,354,617",Rejected-Finance,15-Jun-2026,Assam Electricity Grid Corporation Ltd||CGM (T and T)
2026_GMC_50622_68,GER/CE/2525/2025/Part-I/ 9 Date_ 22 /01/2026,Package No. DSLT-Div-V/14,"Cleaning, Desilting and Maintenance of Drains (Package No. DSLT-Div-V/14) under Mitigation of Urban Flood in Guwahati City under Guwahati Municipal Corporation for the year 2026",Works,Open Tender,Lump-sum,Miscellaneous Works,No,No,NA ,05-Feb-2026 11:55 AM,05-Feb-2026 12:00 PM ,120.0,No ,No,Online,16-Feb-2026 02:30 PM,Guwahati Municipal Corporation,Guwahati,781006.0,2.0,"25,10,000",FARUK RAHMAN SAIKIA,"1,707,051",Rejected-Technical,04-Jun-2026,Guwahati Municipal Corporation
2025_PWD_47085_49,CE/DEV/TB/60/2025-26/15 Dtd- 06.08.2025,MMPPNA_RIDF_XXXI_25_26_429 Improvement of Road from Kowarpar Bazar to Sahapur (Ch.0.00 m to Ch.5000.00 m) (Length-5.00Km) under Mukhya Mantrir Paki Path Nirman Achani (MMPPNA) under RIDF-XXXI of NABARD for the year 2025-26.,MMPPNA_RIDF_XXXI_25_26_429 Improvement of Road from Kowarpar Bazar to Sahapur (Ch.0.00 m to Ch.5000.00 m) (Length-5.00Km) under Mukhya Mantrir Paki Path Nirman Achani (MMPPNA) under RIDF-XXXI of NABARD for the year 2025-26.,Works,Open Tender,Item Rate,Civil Works – Roads,No,No,NA ,04-Sep-2025 02:00 PM,04-Sep-2025 03:00 PM ,180.0,No ,No,Online,19-Sep-2025 02:30 PM,Public Works Roads Department,Borkhola,788110.0,2.0,"5,50,00,000",Debajit Deb,"54,998,529",Rejected-Finance,05-Jun-2026,Public Works Roads Department
2025_PWRDW_49413_2,RFB No. 716719/10,Kokrajhar/15 i) Br. on Boraguri- Narenguri Road,CE/EAP/ARRBP/OCB/Bridge1/Kokrajhar/15 Construction of Bridge in Kokrajhar district i) Br. on Boraguri- Narenguri Road,Works,Open Tender,Item Rate,Civil Works - Bridges,No,No,NA ,16-Dec-2025 06:55 PM,22-Dec-2025 11:00 AM ,180.0,No ,No,Online,06-Jan-2026 02:30 PM,Public Works Roads Department-Externally Aided Project||Public Works Road Department- World Bank Funded Tenders||Assam State Bridge Infrastructure Program,Kokrajhar District,783370.0,2.0,"2,08,30,000",Dhaneswar Kalita,"21,871,480.15",Rejected-Technical,24-Jun-2026,Public Works Roads Department-Externally Aided Project||Public Works Road Department- World Bank Funded Tenders||Assam State Bridge Infrastructure Program
2025_IPRPS_48715_1,E-1495923,Printing and Supply of Multi Colour Calendar 2026,Printing and Supply of Multi Colour Calendar 2026,Goods,Open Tender,Supply,Supply of Materials,No,No,NA ,19-Nov-2025 04:00 PM,NA ,180.0,No ,No,Online,15-Dec-2025 02:30 PM,Information - Public Relations - Printing and Stationery Department||Directorate of Printing and Stationery-Assam,Directorate of printing and Stationery,781021.0,2.0,"17,35,000",AURORA FINE ARTS,"1,624,800",Not Admitted-Finance,22-Jun-2026,Information - Public Relations - Printing and Stationery Department||Directorate of Printing and Stationery-Assam
2025_PWBNH_49667_1,CE/TB-III(H_E)/40/2025/23 Dated Guwahati the 18th December 2025,Construction of New Building of 100 Secondary Schools under RIDF-XXXI (2025-26) for for Nogora under Khumtai and Sarupathar TBD ( Package-64),Construction of New Building of 100 Secondary Schools under RIDF-XXXI (2025-26) for for Nogora under Khumtai and Sarupathar TBD ( Package-64),Works,Open Tender,Item Rate,Civil Works - Building,No,No,NA ,26-Dec-2025 02:00 PM,NA ,180.0,No ,No,Online,03-Jan-2026 04:00 PM,Public Works Building and NH Department||Chief Engineer-Building - PWBNH,Khumtai,785619.0,2.0,"4,12,18,190",M/S. M.P. AGARWALLA,"44,800,000",Accepted-AOC,23-Jun-2026,Public Works Building and NH Department||Chief Engineer-Building - PWBNH
2026_BTC_52364_1,No.42/ACE/PWD/BTC/2026-27/06,"Providing Internal and External Electrification including Garden Light, Campus Light and 500 KVA D.G. Set of Auditorium Building at Central Institute of Technology (CIT) Kokrajhar. (TN_03_03)","Providing Internal and External Electrification including Garden Light, Campus Light and 500 KVA D.G. Set of Auditorium Building at Central Institute of Technology (CIT) Kokrajhar. (TN_03_03)",Works,Open Tender,Item Rate,Electrical Works,No,No,NA ,16-May-2026 10:00 AM,NA ,180.0,No ,No,Online,08-Jun-2026 02:00 PM,Bodoland Territorial Council-PWD||Director Cum CHD - PWD BTC,Kokrajhar,783370.0,2.0,"1,53,36,126",Shri Kingstone Mohilary,"15,334,187.64",Rejected-AOC,22-Jun-2026,Bodoland Territorial Council-PWD||Director Cum CHD - PWD BTC
2025_PWD_48388_6,CE/DEV/TB/60/2025-26/52 Dtd- 31.10.2025,MMPPNA_RIDF_XXXI_25_26_514 Improvement of Nabhanga Bapuji school to Swahid Kamala Miri and Swahid Kamala Miri to Joraguri Connecting Road from Ch. 0.00 m to Ch. 2185.00 m) under Mukhya Mantrir Paki Path Nirman Achani (MMPPNA) under RIDF-XXXI of NABAR,MMPPNA_RIDF_XXXI_25_26_514 Improvement of Nabhanga Bapuji school to Swahid Kamala Miri and Swahid Kamala Miri to Joraguri Connecting Road from Ch. 0.00 m to Ch. 2185.00 m) under Mukhya Mantrir Paki Path Nirman Achani (MMPPNA) under RIDF-XXXI of NABAR,Works,Open Tender,Item Rate,Civil Works – Roads,No,No,NA ,03-Nov-2025 02:20 PM,06-Nov-2025 02:30 PM ,180.0,No ,No,Online,17-Nov-2025 02:30 PM,Public Works Roads Department,Dergaon,785614.0,2.0,"1,97,37,000",Gobin Pegu,"19,737,000",Accepted-AOC,26-Jun-2026,Public Works Roads Department
2026_BoTC_51786_1,TECH-28/SE(RB)/2019-20/21,Const. of ICBP road from No. 2 Thaisobari Brahma Mandir to Cautong Bazar at Bijni in Chirang District of BTC for the year 2025-26. TN-394-6.,Const. of ICBP road from No. 2 Thaisobari Brahma Mandir to Cautong Bazar at Bijni in Chirang District of BTC for the year 2025-26. TN-394-6.,Works,Open Tender,Works,Civil Works – Roads,No,No,NA ,09-Mar-2026 02:00 PM,NA ,180.0,No ,No,Online,30-Mar-2026 02:00 PM,Bodoland Territorial Council||PWD-BTC,Chirang,783385.0,2.0,"1,49,99,543",Jamidar Narzary,"14,997,700",Rejected-Finance,05-Jun-2026,Bodoland Territorial Council||PWD-BTC
2025_PWD_48052_1,SE/CSRC/NIT and DNIT/6B/3146,"Periodic Renewal to road Changmaiting gaon to Extn. Kharikatia Ali from, Bogichapori Gaon to Borphukon Ali, Dhodar ali Jeheria gholda under MMPNA for the year 2023-24 under Nazira LAC. Pkg. No.MMPNA/2023-24/194","Periodic Renewal to road Changmaiting gaon to Extn. Kharikatia Ali from, Bogichapori Gaon to Borphukon Ali, Dhodar ali Jeheria gholda under MMPNA for the year 2023-24 under Nazira LAC. Pkg. No.MMPNA /2023-24/194",Works,Open Tender,Item Rate,Civil Works – Roads,No,No,NA ,17-Oct-2025 11:00 AM,24-Oct-2025 12:00 PM ,180.0,No ,No,Online,10-Nov-2025 01:00 PM,Public Works Roads Department,Nazira,785685.0,2.0,"1,57,55,995",hema chetia,"15,755,995",Accepted-AOC,15-Jun-2026,Public Works Roads Department
2026_PWD_50566_7,T/CC/ETN/SIL/2025-26/1033(T),Recovery and Reconstruction of Satkarakandi Bagpur Ferry Ghat Road under NDRF(PDNA-2022) for the year 2025-26 Sonai LAC,"Recovery and Reconstruction of Satkarakandi Bagpur Ferry Ghat Road under NDRF(PDNA-2022) for the year 2025-26 Sonai LAC, P/No.SE/SONAI/NDRF(PDNA-2022)/25-26/7",Works,Open Tender,Item Rate,Civil Works – Roads,No,No,NA ,28-Jan-2026 09:00 AM,04-Feb-2026 02:00 PM ,180.0,No ,No,Online,07-Feb-2026 03:10 PM,Public Works Roads Department,Cachar District.,788013.0,2.0,"24,77,967",Rupam Saha,"2,477,967",Not Admitted-Fee/PreQual/Technical,24-Jun-2026,Public Works Roads Department
2025_PWBNH_44092_27,"CE/TB-VI/RIDF-XXX/1/2024/17 Dated Guwahati the 17th March, 2025","Construction of 126 Secondary Schools in 35 Districts of Assam under RIDF-XXX (2024-25) for(i) Dinjoy H.M. Higher Secondary School, Panitola under Tinisukia TBD(Gr-76)","Construction of 126 Secondary Schools in 35 Districts of Assam under RIDF-XXX (2024-25) for(i) Dinjoy H.M. Higher Secondary School, Panitola under Tinisukia TBD(Gr-76)",Works,Open Tender,Item Rate,Civil Works - Building,No,No,NA ,19-Apr-2025 01:00 PM,21-Apr-2025 11:30 AM ,180.0,No ,No,Online,15-May-2025 03:00 PM,Public Works Building and NH Department||Chief Engineer-Building - PWBNH,Tinisukia,786125.0,2.0,"7,21,85,000",M/S B.N.Garodia Construction & Engineering Pvt.Ltd.,"74,350,562",Rejected-Technical,18-Jun-2026,Public Works Building and NH Department||Chief Engineer-Building - PWBNH
2026_PWD_51619_1,DMJ/DRC/Border -1/2025-26/1282-90 DTD 24/02/2026,"Construction of Road from Moderguri Kalita Gaon to Bali Deori (Ph-II) under the Border Protection and Development Department for the year 2025-26 in Dhemaji District under Dhemaji Territorial Road Division,Dhemaji","Construction of Road from Moderguri Kalita Gaon to Bali Deori (Ph-II) under the Border Protection and Development Department for the year 2025-26 in Dhemaji District under Dhemaji Territorial Road Division,Dhemaji",Works,Open Tender,Works,Civil Works,No,No,NA ,02-Mar-2026 04:00 PM,NA ,180.0,No ,No,Online,24-Mar-2026 10:30 AM,Public Works Roads Department,Dhemaji,787057.0,2.0,"92,99,602",RABIN HANDIQUE,"7,067,700.44",Rejected-AOC,02-Jun-2026,Public Works Roads Department
2025_PWD_47697_1,CE/MAINT/SOPDG/01/2025-26/33,MAINT/SOPD-G/2025-26/71,MAINT/SOPD-G/2025-26/71_1_Improvement and Widening of Singra Bamundi Era New Chowk road and 2_Improvement of Nasatra Bamundi road _Nasatra to Fulbari Chowk_of Mukhya Mantrir Path Nabikaran Achani _MMPNA_under SOPD_G for the year 2025_26,Works,Open Tender,Item Rate,Civil Works – Roads,No,No,NA ,26-Sep-2025 02:00 PM,03-Oct-2025 02:00 PM ,180.0,No ,No,Online,17-Oct-2025 04:00 PM,Public Works Roads Department,Barpeta,781301.0,2.0,"1,54,35,000",DAL THOMS SCIENTIFIC,"15,435,000",Accepted-AOC,17-Jun-2026,Public Works Roads Department
2025_PWD_48888_21,EAP/ARRBP eCF No. 720769/5,Lakhimpur/26 Construction of Bridge in Lakhimpur District i) Br No. 1/1 on Gamchuk to Adisuti Miri Road,Construction of Bridge in Lakhimpur District i) Br No. 1/1 on Gamchuk to Adisuti Miri Road,Works,Open Tender,Item Rate,Civil Works - Bridges,No,No,NA ,01-Dec-2025 09:00 AM,08-Dec-2025 11:00 AM ,90.0,No ,No,Online,15-Dec-2025 02:30 PM,Public Works Roads Department,Lakhimpur District,787035.0,2.0,"5,61,62,000",NABAM SERA,"54,477,140",Accepted-AOC,16-Jun-2026,Public Works Roads Department
2026_BTC_51034_6,ACE-25/PWD/IFB/BTC/2025-26/70,Construction of CC Block road from Bhalukmari-Kopati Road to Balisiha Under SOPD-BTC for the year 2025-26. (TN_118_6),Construction of CC Block road from Bhalukmari-Kopati Road to Balisiha Under SOPD-BTC for the year 2025-26.,Works,Open Tender,Item Rate,Civil Works,No,No,NA ,11-Feb-2026 10:00 AM,18-Feb-2026 12:00 PM ,180.0,No ,No,Online,02-Mar-2026 03:00 PM,Bodoland Territorial Council-PWD||Director Cum CHD - PWD BTC,Udalguri,784509.0,2.0,"1,25,05,857",ANNAI NARZARI,"12,505,857",Rejected-AOC,19-Jun-2026,Bodoland Territorial Council-PWD||Director Cum CHD - PWD BTC
2025_APDCL_46357_1,"CGM(DnS)/APDCL/LAR/SSB Camp, Telipara/2025-26/03",Construction of 11kV Dedicated line from 33/11 kV Joyma S/S to SSB Camp Telipara and installation of 11KV VCB under Gossaigaon Electrical Sub-Division under Deposit Work Scheme on Full Turnkey Mode.,Construction of 11kV Dedicated line from 33/11 kV Joyma S/S to SSB Camp Telipara and installation of 11KV VCB under Gossaigaon Electrical Sub-Division under Deposit Work Scheme on Full Turnkey Mode.,Works,Open Tender,Turn-key,Electrical Works,No,No,NA ,13-Aug-2025 01:00 PM,19-Aug-2025 02:00 PM ,240.0,No ,No,Online,30-Aug-2025 02:00 PM,Assam Power Distribution Company Ltd||CGM(D) Lower Assam Region - APDCL,gossaigaon,783360.0,2.0,"1,64,06,414",ASSAM ELECTRIC STORE,"13,943,441.24",Rejected-Finance,11-Jun-2026,Assam Power Distribution Company Ltd||CGM(D) Lower Assam Region - APDCL
2026_DoWR_50113_1,GOLAGHAT/2025-26/PDNA/WORK/II,Restoration of breach like damages at B/Dyke from KRF Boundary to Diffalupathar.,Restoration of breach like damages at B/Dyke from KRF Boundary to Diffalupathar.,Works,Open Tender,Works,Civil Works,No,No,NA ,09-Jan-2026 09:00 AM,NA ,180.0,No ,No,Online,20-Jan-2026 03:00 PM,Department of Water Resources||Chief Engineer - DoWR,Golaghat,785621.0,2.0,"1,13,39,679",Jay Agarwalla,"11,320,856.75",Accepted-AOC,13-Jun-2026,Department of Water Resources||Chief Engineer - DoWR
2025_PWD_45926_44,CE/DEV/TB/60/2025-26/06 Dtd- 14.07.2025,MMPPNA_RIDF_XXXI_25_26_174 Construction of Road from (1) Paschim Jingia to Deendayal College Road (2) 02 No. Pulisumoni village Road via Bihapukhuri Kachari under Mukhya Mantrir Paki Path Nirman Achani (MMPPNA) under RIDF-XXXI of NABARD for the year,MMPPNA_RIDF_XXXI_25_26_174 Construction of Road from (1) Paschim Jingia to Deendayal College Road (2) 02 No. Pulisumoni village Road via Bihapukhuri Kachari under Mukhya Mantrir Paki Path Nirman Achani (MMPPNA) under RIDF-XXXI of NABARD for the year,Works,Open Tender,Item Rate,Civil Works – Roads,No,No,NA ,28-Jul-2025 06:00 PM,04-Aug-2025 12:00 PM ,180.0,No ,No,Online,14-Aug-2025 02:30 PM,Public Works Roads Department,Behali,784166.0,2.0,"4,07,23,000",KULEN HAZARIKA,"40,722,001",Accepted-AOC,16-Jun-2026,Public Works Roads Department
2026_PWRDW_50844_10,EAP/ARRBP/02/TENDERS/2024/60,ARRBP/OCB/Bridge1/Kokrajhar/33 Construction of RCC Bridge no. 1/1 Bhomrabil to ballamguri Road,CE/EAP/ARRBP/OCB/Bridge1/Kokrajhar/33 Construction of RCC Bridge no. 1/1 Bhomrabil to ballamguri Road,Works,Open Tender,Item Rate,Civil Works - Bridges,No,No,NA ,06-Feb-2026 06:15 PM,10-Feb-2026 11:00 AM ,180.0,No ,No,Online,25-Feb-2026 02:30 PM,Public Works Roads Department-Externally Aided Project||Public Works Road Department- World Bank Funded Tenders||Assam State Bridge Infrastructure Program,Kokrajhar district,783370.0,2.0,"3,80,59,300",AMIR UDDIN KHAN,"39,931,983",Accepted-AOC,22-Jun-2026,Public Works Roads Department-Externally Aided Project||Public Works Road Department- World Bank Funded Tenders||Assam State Bridge Infrastructure Program
2025_PWD_49172_1,EE/DCLKT/NIT/SOPD-G/1/2025/5,Construction of NH-52 B at Bolai to Mahabir Tea Estate Road L 2.45 km by providing Gravel Wearing Course GWC under SOPD-G for the year 2025-26,Construction of NH-52 B at Bolai to Mahabir Tea Estate Road,Works,Open Tender,Item Rate,Civil Works – Roads,No,No,NA ,11-Dec-2025 02:00 PM,NA ,180.0,No ,No,Online,24-Dec-2025 02:30 PM,Public Works Roads Department,Khowang,785676.0,2.0,"33,09,000",BHRIGU BORAH,"3,306,836",Rejected-AOC,22-Jun-2026,Public Works Roads Department
2025_PWBNH_48645_2,CE/TB-III(H_E)/40/2025/13 Dated 22-10-2025,Construction of New Building of 100 Secondary Schools under RIDF-XXXI (2025-26) for Bishrampur HSS under Choraideo DTBD ( Package-54),Construction of New Building of 100 Secondary Schools under RIDF-XXXI (2025-26) for Bishrampur HSS under Choraideo DTBD ( Package-54),Works,Open Tender,Item Rate,Civil Works - Building,No,No,NA ,15-Nov-2025 03:00 PM,19-Nov-2025 11:30 AM ,180.0,No ,No,Online,03-Dec-2025 04:00 PM,Public Works Building and NH Department||Chief Engineer-Building - PWBNH,Choraideo,785690.0,2.0,"4,12,18,190",PABITRA SAIKIA,"44,850,000",Rejected-AOC,17-Jun-2026,Public Works Building and NH Department||Chief Engineer-Building - PWBNH
2025_PWD_48236_1,T/CC/ETN/SIL/2025-26/609(T),"Con of 1) Community Hall at Kalyanpur GP 2)at KhelmaGP3)at BikrampurGP 4)at RajyeshwarpurGP 5)at Kalain6) Multipurpose halls at Kalian in SR College 7) RCC Immersion Ghat near Old Rail Br at Badarpur Ghat under SOPD-G for 25-26, Katigorah LAC, Cachar","Con of 1) Community Hall at Kalyanpur GP 2)at KhelmaGP3)at BikrampurGP 4)at RajyeshwarpurGP 5)at Kalain6) Multipurpose halls at Kalian in SR College 7) RCC Immersion Ghat near Old Rail Br at Badarpur Ghat under SOPD-G for 25-26, Katigorah LAC, Cachar",Works,Open Tender,Item Rate,Civil Works,No,No,NA ,27-Oct-2025 09:00 AM,04-Nov-2025 02:00 PM ,180.0,No ,No,Online,14-Nov-2025 03:10 PM,Public Works Roads Department,Cachar District.,788815.0,2.0,"3,48,93,932",Ratnadeep Das Purakayastha,"34,893,779.4",Rejected-AOC,30-Jun-2026,Public Works Roads Department
2026_DoWR_49963_1,CACHAR/2025-26/PDNA/WORK/V,RESTORATION OF DYKE ALONG B/B OF GHAGRA FROM ST ROAD TO PWD BRIDGE ON R/B OF RIVER GHAGRA.,RESTORATION OF DYKE ALONG B/B OF GHAGRA FROM ST ROAD TO PWD BRIDGE ON R/B OF RIVER GHAGRA.,Works,Open Tender,Works,Civil Works,No,No,NA ,05-Jan-2026 06:55 PM,NA ,180.0,No ,No,Online,21-Jan-2026 03:00 PM,Department of Water Resources||Chief Engineer - DoWR,CACHAR,788001.0,2.0,"4,79,99,393",MOINUL HOQUE,"47,991,617",Accepted-AOC,02-Jun-2026,Department of Water Resources||Chief Engineer - DoWR
2025_PWBNH_48645_21,CE/TB-III(H_E)/40/2025/13 Dated 22-10-2025,Construction of New Building of 100 Secondary Schools under RIDF-XXXI (2025-26) for Silapathar RES. HSS under Dhemaji DTBD ( Package-56),Construction of New Building of 100 Secondary Schools under RIDF-XXXI (2025-26) for Silapathar RES. HSS under Dhemaji DTBD ( Package-56),Works,Open Tender,Item Rate,Civil Works - Building,No,No,NA ,22-Nov-2025 09:00 AM,27-Nov-2025 11:30 AM ,180.0,No ,No,Online,10-Dec-2025 04:00 PM,Public Works Building and NH Department||Chief Engineer-Building - PWBNH,Dhemaji,787057.0,2.0,"4,08,30,689",Kamal Kumar Modi,"44,150,000",Rejected-AOC,03-Jun-2026,Public Works Building and NH Department||Chief Engineer-Building - PWBNH
2026_BTC_52301_1,No.12/ACE/PWD/BTC/2025-26/44,"Construction of advanced multidisciplinary computer laboratory for the Department of Computer Science and Technology (BU) at Bodoland University, Kokrajhar.","Construction of advanced multidisciplinary computer laboratory for the Department of Computer Science and Technology (BU) at Bodoland University, Kokrajhar.",Works,Open Tender,Item Rate,Civil Works - Building,No,No,NA ,13-May-2026 10:00 AM,NA ,180.0,No ,No,Online,28-May-2026 02:00 PM,Bodoland Territorial Council-PWD||Director Cum CHD - PWD BTC,Kokrajhar,783370.0,2.0,"2,40,00,000",BIRKHW BASUMATARY,"21,600,000",Accepted-AOC,24-Jun-2026,Bodoland Territorial Council-PWD||Director Cum CHD - PWD BTC
2026_PWBNH_51359_1,SE(B)/JHT/C/S/S-11/2025-26/883,"Construction of new school building for upgradation from secondary to higher secondary school under Samagra Shiksha, Assam at Luitporia Missing High School, Jorhat district. (FURNITURE WORKS)","Construction of new school building for upgradation from secondary to higher secondary school under Samagra Shiksha, Assam at Luitporia Missing High School, Jorhat district. (FURNITURE WORKS)",Goods,Open Tender,Item Rate,Furniture/ Fixture,No,No,NA ,21-Feb-2026 03:00 PM,27-Feb-2026 11:00 AM ,180.0,No ,No,Online,16-Mar-2026 03:00 PM,Public Works Building and NH Department||Chief Engineer-Building - PWBNH,JORHAT,785001.0,2.0,"31,15,390",JITU HANDIQUE,"3,109,540",Rejected-AOC,04-Jun-2026,Public Works Building and NH Department||Chief Engineer-Building - PWBNH
2025_PWHE_48638_1,IN-ASSAM PWD-510371-CW-RFB,"Package No 31 Construction of Class Rooms under Assam School Education and Adolescent Well-Being Project (ASAP) under Lakhipur, Barkhola and Katigora TBD for i. S.K.P. Deb Public High School ii. Indrasing Rajbongshi Public High School iii. Maharani C","Package No 31 Construction of Class Rooms under Assam School Education and Adolescent Well-Being Project (ASAP) under Lakhipur, Barkhola and Katigora TBD for i. S.K.P. Deb Public High School ii. Indrasing Rajbongshi Public High School iii. Maharani C",Works,Open Tender,Item Rate,Civil Works - Building,No,No,NA ,15-Nov-2025 10:00 AM,21-Nov-2025 11:30 AM ,180.0,No ,No,Online,29-Nov-2025 02:30 PM,Public Works Health and Education Department-Externally Aided Project||Public Works Health and Education Department-WB,Katigora,788804.0,2.0,"10,45,06,261",Ganesh Daimary,"108,686,473",Rejected-Technical,23-Jun-2026,Public Works Health and Education Department-Externally Aided Project||Public Works Health and Education Department-WB
2024_DoIT_39955_1,AEDC/SDC/IT/2024-25/002,Providing Co-location Service for Disaster Recovery Center,Providing Co-location Service for Disaster Recovery Center,Works,Open Tender,Item Rate,Miscellaneous Works,No,No,NA ,21-Oct-2024 04:00 PM,NA ,180.0,No ,No,Online,11-Dec-2024 04:30 PM,Principal Secretary-Department of Information Technology||Assam Electronics Development Corporation Ltd-DoIT,Guwahati,781021.0,2.0,,Software Technology Parks of India,"5,839,489",Accepted-AOC,02-Jun-2026,Principal Secretary-Department of Information Technology||Assam Electronics Development Corporation Ltd-DoIT
2025_HFWD_41860_1,AAAS/Assam/IEC/2020-21/127,"Designing, Printing and Installation of Hoardings and signages in all Public Hospitals, Medical Colleges ACCF Hospitals and prominent Locations across Assam","Designing, Printing and Installation of Hoardings and signages in all Public Hospitals, Medical Colleges ACCF Hospitals and prominent Locations across Assam",Goods,Limited,Item Rate,Miscellaneous Goods,No,No,NA ,03-Jan-2025 06:00 PM,NA ,90.0,No ,No,Online,28-Jan-2025 02:00 PM,Health and Family Welfare Department||Atal Amrit Abhiyan Society,All over assam,781022.0,2.0,,Exclusive Advertising Private Limited,"2,891,000",Rejected-AOC,20-Jun-2026,Health and Family Welfare Department||Atal Amrit Abhiyan Society
2026_PWD_50389_1,CE/STBR/II/23/2025-26/2 Dated 16-12-2025,"ELEVETED CORRIDOR/QC/SILCHAR 3rd Party Monitoring and Quality Control for the Work Construction of Elevated Corridor on NH-306 Section from Trunk Road near Capital point to Rangirkhari point in Silchar, Assam, (Phase-I)","ELEVETED CORRIDOR/QC/SILCHAR 3rd Party Monitoring and Quality Control for the Work Construction of Elevated Corridor on NH-306 Section from Trunk Road near Capital point to Rangirkhari point in Silchar, Assam, (Phase-I)",Works,Open Tender,Item Rate,Civil Works – Roads,No,No,NA ,20-Jan-2026 04:00 PM,28-Jan-2026 11:00 AM ,180.0,No ,No,Online,11-Feb-2026 10:30 AM,Public Works Roads Department,Silchar,788001.0,2.0,"3,44,46,000",M/S Prestress Projects,"34,000,000",Accepted-AOC,29-Jun-2026,Public Works Roads Department
2026_PWRDW_50844_9,EAP/ARRBP/02/TENDERS/2024/60,"ARRBP/OCB/Bridge1/Kokrajhar/27 Construction of RCC Bridge no-1/1, Goladangi to Burichattam over River Kisti","CE/EAP/ARRBP/OCB/Bridge1/Kokrajhar/27 Construction of RCC Bridge no-1/1, Goladangi to Burichattam over River Kisti",Works,Open Tender,Item Rate,Civil Works - Bridges,No,No,NA ,06-Feb-2026 12:00 PM,10-Feb-2026 11:00 AM ,180.0,No ,No,Online,25-Feb-2026 02:30 PM,Public Works Roads Department-Externally Aided Project||Public Works Road Department- World Bank Funded Tenders||Assam State Bridge Infrastructure Program,Kokrajhar district,783370.0,2.0,"3,39,48,000",Maniraj Brahma,"35,305,916",Rejected-Finance,22-Jun-2026,Public Works Roads Department-Externally Aided Project||Public Works Road Department- World Bank Funded Tenders||Assam State Bridge Infrastructure Program
2025_PWD_47610_2,CE/DEV/TB/116/2025-26/13 Dtd- 08.09.2025,"ASOM_MALA_3.0_25_26_25 Improvement and upgradation of Kamalpur Chepti Changsari Road (Ch. 0.00 km to Ch. 7.90 km) under Asom Mala 3.0 for the year 2025-26, Kamalpur LAC.","ASOM_MALA_3.0_25_26_25 Improvement and upgradation of Kamalpur Chepti Changsari Road (Ch. 0.00 km to Ch. 7.90 km) under Asom Mala 3.0 for the year 2025-26, Kamalpur LAC.",Works,Open Tender,Item Rate,Civil Works – Roads,No,No,NA ,19-Sep-2025 04:00 PM,23-Sep-2025 12:00 PM ,180.0,No ,No,Online,07-Oct-2025 02:30 PM,Public Works Roads Department,Kamrup,781380.0,2.0,"22,97,10,000",D. A. CONSTRUCTION,"229,704,805",Accepted-AOC,03-Jun-2026,Public Works Roads Department
2025_BoTC_44812_1,DA/BTC/K/e-Tender/2025-26/14,Supply of Foxtail Millet Seeds under the scheme NFSNM-Nutri Cereal for the year 2025-26.,Supply of Foxtail Millet Seeds under the scheme NFSNM-Nutri Cereal for the year 2025-26.,Goods,Open Tender,Supply,Crop Products,No,No,NA ,10-Jun-2025 02:00 PM,NA ,90.0,No ,No,Online,01-Jul-2025 03:00 PM,Bodoland Territorial Council||Agriculture-BTC,"O/o the Director of Agriculture, BTC, Kokrajhar",783370.0,2.0,"25,11,700",GARV ENTERPRISE,"2,511,700",Accepted-AOC,13-Aug-2025,Bodoland Territorial Council||Agriculture-BTC
2026_DoIT_50848_2,AEDC/SDC/2025-26/20,Augmentation of Storage Solution Phase II,Augmentation of Storage Solution Phase II,Services,Open Tender,Item Rate,Information Technology,No,No,NA ,07-Mar-2026 05:00 PM,NA ,180.0,No ,No,Online,16-Mar-2026 02:30 PM,Principal Secretary-Department of Information Technology||Assam Electronics Development Corporation Ltd-DoIT||Store and Purchase - AMTRON - DoIT,Guwahati,781021.0,2.0,,INFOSAIL TECHNOLOGY SERVICES PRIVATE LIMITED,"31,861,652",Accepted-AOC,05-Jun-2026,Principal Secretary-Department of Information Technology||Assam Electronics Development Corporation Ltd-DoIT||Store and Purchase - AMTRON - DoIT
2026_PWBNH_51145_1,W-24/2009-10/Pt-1/285-290 Dtd.17-01-2026,"Additional construction of toilet, garage, approach road and renovation of the Assam type quarter ( Including civil, electrical and sanitary works) located in the right side of Mission Bungalow, Sivasagar.","Additional construction of toilet, garage, approach road and renovation of the Assam type quarter ( Including civil, electrical and sanitary works) located in the right side of Mission Bungalow, Sivasagar.",Works,Open Tender,Works,Civil Works - Building,No,No,NA ,13-Feb-2026 06:00 PM,17-Feb-2026 11:00 AM ,180.0,No ,No,Online,23-Feb-2026 03:30 PM,Public Works Building and NH Department||Chief Engineer-Building - PWBNH||SE-Jorhat Circle - PWBNH||EE-Sivsagar Building Division - PWBNH,Sivasagar,785640.0,2.0,"20,54,133",BIMAN JYOTI CHUTIA,"2,054,133",Accepted-AOC,02-Jun-2026,Public Works Building and NH Department||Chief Engineer-Building - PWBNH||SE-Jorhat Circle - PWBNH||EE-Sivsagar Building Division - PWBNH
2026_PHED_51410_1,IFB NO 49 OF 2025-26,"Water Treatment Scheme at EMRS, Kharadhara , Bajali Dist Barpeta","Water Treatment Scheme at EMRS, Kharadhara , Bajali Dist Barpeta",Works,Open Tender,Works,Civil Works,No,No,NA ,21-Feb-2026 02:00 PM,NA ,180.0,No ,No,Online,16-Mar-2026 11:30 AM,Public Health Engineering Department||Chief Engineer PHE(P)-Assam-PHED||Lower Assam Zone-Guwahati-PHED||Nalbari Circle-Nalbari-PHED,"EMRS, Kharadhara",781309.0,2.0,"25,35,000",Nilkamal Barman,"2,535,000",Accepted-AOC,15-May-2026,Public Health Engineering Department||Chief Engineer PHE(P)-Assam-PHED||Lower Assam Zone-Guwahati-PHED||Nalbari Circle-Nalbari-PHED
2026_BoTC_52298_1,TECH-28/SE(RB)/2019-20/26,Construction of CC Block road with 1 Box type culvert from Kalpani Bazar to Edrish Ali house at Kalpani under Sunbari VCDC in Baksa District for the year 2025-26. TN-395-2.,Construction of CC Block road with 1 Box type culvert from Kalpani Bazar to Edrish Ali house at Kalpani under Sunbari VCDC in Baksa District for the year 2025-26. TN-395-2.,Works,Open Tender,Works,Civil Works – Roads,No,No,NA ,11-May-2026 06:00 PM,NA ,180.0,No ,No,Online,20-May-2026 02:00 PM,Bodoland Territorial Council||PWD-BTC,Baksa,781346.0,2.0,"42,55,926",BIRKANG WARY,"4,254,560",Rejected-Finance,16-Jun-2026,Bodoland Territorial Council||PWD-BTC
2025_NHM_49018_4,NHM/ECF/700279,"Balance work estimate for Construction of Rural Health Block Pulling Complex in Khoirabari CHC, Udalguri","Balance work estimate for Construction of Rural Health Block Pulling Complex in Khoirabari CHC, Udalguri",Works,Open Tender,Item Wise,Civil Works - Building,No,No,NA ,05-Dec-2025 05:00 PM,NA ,180.0,No ,No,Online,22-Dec-2025 02:00 PM,National Health Mission||State Programme Management Unit - NHM,Udalguri,784509.0,2.0,"1,19,67,200",Sri Dharmeswar Pathak,"11,967,000",Accepted-AOC,24-Jun-2026,National Health Mission||State Programme Management Unit - NHM
2026_SCD_49976_9,Tender/NIT/Pt-I/2025-26/5924,"Kathalbari Jharinodi Bund, Tihu Under RIDF-XXXI","Kathalbari Jharinodi Bund, Tihu Under RIDF-XXXI",Works,Open Tender,Item Rate,Civil Works,No,No,NA ,06-Jan-2026 02:00 PM,12-Jan-2026 12:00 PM ,180.0,No ,No,Online,28-Jan-2026 03:00 PM,Soil Conservation Department||Director - SCD,Nalbari Soil Conservation Division,781335.0,2.0,"39,81,000",Sri Krishna Barman,"3,291,362",Rejected-Finance,22-Jun-2026,Soil Conservation Department||Director - SCD
2026_GMC_51367_2,GER/CE/2504/2025/48 Date_17/02/2026,Construction of Various Toilets under ward no.40,Construction of Various Toilets under ward no.40,Works,Open Tender,Lump-sum,Civil Works,No,No,NA ,19-Feb-2026 06:50 PM,NA ,120.0,No ,No,Online,12-Mar-2026 03:00 PM,Guwahati Municipal Corporation,Guwahati,781006.0,2.0,"20,00,000",JOSHUA TOSHI KOLITA,"1,700,000",Rejected-AOC,29-Jun-2026,Guwahati Municipal Corporation
2026_PWD_50183_13,CE/Commn/192/2025-26/24,PDNA/ Nalbari /04,Recovery and Reconstruction of Ghagrapur Tamulpur Road (From Chainage 0.00M to Ch. 5000.00m) under NDRF (PDNA-2022) for the year 2025-26,Works,Open Tender,Item Rate,Civil Works – Roads,No,No,NA ,12-Jan-2026 05:00 PM,16-Jan-2026 04:00 PM ,180.0,No ,No,Online,22-Jan-2026 02:30 PM,Public Works Roads Department||CE PWD(R) - PWD||Traffic Engineering Cell - PWD,Nalbari,781335.0,2.0,"1,79,88,000",Dwipen Bezbaruah,"14,210,520",Accepted-AOC,26-Jun-2026,Public Works Roads Department||CE PWD(R) - PWD||Traffic Engineering Cell - PWD
2026_HFWD_52319_1,BMCH/eTNWCB/2167/26-27/661,"Supply of Polypropylene Non Woven D Cut Bags at BMCH, Barpeta","Rate Contract for supply of Polypropylene Non Woven D Cut Bags at BMCH, Barpeta for the FY 2026-27",Goods,Open Tender,Item Wise,Miscellaneous Goods,No,No,NA ,15-May-2026 10:00 AM,20-May-2026 02:30 PM ,180.0,No ,No,Online,05-Jun-2026 12:30 PM,Health and Family Welfare Department||Directorate of Medical Education-HFWD||FAA Medical College and Hospital-Barpeta-HFWD,"BMCH, Barpeta",781301.0,2.0,,D K ENTERPRISE,0.0,Accepted-AOC,15-Jun-2026,Health and Family Welfare Department||Directorate of Medical Education-HFWD||FAA Medical College and Hospital-Barpeta-HFWD
2026_PWD_50566_6,T/CC/ETN/SIL/2025-26/1033(T),Recovery and Reconstruction of Road from Baroali to Lamargram under NDRF (PDNA-2022) for the year 2025-26 Sonai LAC,"Recovery and Reconstruction of Road from Baroali to Lamargram under NDRF (PDNA-2022) for the year 2025-26 Sonai LAC, P/No.SE/SONAI/NDRF(PDNA-2022)/25-26/6",Works,Open Tender,Item Rate,Civil Works – Roads,No,No,NA ,28-Jan-2026 09:00 AM,04-Feb-2026 02:00 PM ,180.0,No ,No,Online,07-Feb-2026 03:10 PM,Public Works Roads Department,Cachar District.,788119.0,2.0,"29,97,804",ANSARUL HOQUE LASKAR,"2,996,614",Accepted-AOC,02-Jun-2026,Public Works Roads Department
2025_PWRDW_45557_4,CE/EAP/ARRBP01TENDERS2024/66B,Construction of Bridge in Sonitpur district i) Br. No. 1/2 on Tengabasti to Jyosiddhi connected Road,Pkg. No. CE/EAP/ARRBP/OCB/Bridge-1/Sonitpur/12 Construction of Bridge in Sonitpur district i) Br. No. 1/2 on Tengabasti to Jyosiddhi connected Road,Works,Open Tender,Item Rate,Civil Works - Bridges,No,No,NA ,14-Jul-2025 06:00 PM,21-Jul-2025 11:00 AM ,180.0,No ,No,Online,14-Aug-2025 02:30 PM,Public Works Roads Department-Externally Aided Project||Public Works Road Department- World Bank Funded Tenders||Assam State Bridge Infrastructure Program,Sonitpur,782123.0,2.0,"1,36,38,000",M/S NAGSANKAR CONSTRUCTION,"14,318,900",Rejected-Finance,23-Jun-2026,Public Works Roads Department-Externally Aided Project||Public Works Road Department- World Bank Funded Tenders||Assam State Bridge Infrastructure Program
2026_PWBNH_51657_1,IX/JDTBD/Rep. and Ren./DC/TAXES/ JRTZone/JRT/ 309/2026/3625,"Repairing and Renovation of Residential Building of the Deputy Commissioner of Taxes Cum Assistant Commissioner of State Tax, Jorhat Zone, Jorhat","Repairing and Renovation of Residential Building of the Deputy Commissioner of Taxes Cum Assistant Commissioner of State Tax, Jorhat Zone, Jorhat",Works,Open Tender,Item Rate,Civil Works - Building,No,No,NA ,05-Mar-2026 11:00 AM,16-Mar-2026 11:00 AM ,180.0,No ,No,Online,25-Mar-2026 04:00 PM,Public Works Building and NH Department||Chief Engineer-Building - PWBNH||SE-Jorhat Circle - PWBNH||EE-Jorhat Building Division - PWBNH,Jorhat,785001.0,2.0,"29,11,641",Gauravjyoti Bora,"3,055,500",Rejected-AOC,04-Jun-2026,Public Works Building and NH Department||Chief Engineer-Building - PWBNH||SE-Jorhat Circle - PWBNH||EE-Jorhat Building Division - PWBNH
2026_PWD_50619_2,SSRDM/TC-65/NIT/PDNA/2025-26/2,"Permanent Restoration of flood damage of Monjuri to Nizchirakhowa Road under Reconstruction and Recovery Window (Assam Floods and Landslides 2022, PDNA) for the year 2025-26. Package No. SSDTRD_PDNA_2","Permanent Restoration of flood damage of Monjuri to Nizchirakhowa Road under Reconstruction and Recovery Window (Assam Floods and Landslides 2022, PDNA) for the year 2025-26. Package No. SSDTRD_PDNA_2",Works,Open Tender,Item Rate,Civil Works – Roads,No,No,NA ,29-Jan-2026 04:00 PM,NA ,180.0,No ,No,Online,19-Feb-2026 10:30 AM,Public Works Roads Department,Mankachar,783131.0,2.0,"60,74,419",Nozrul Islam,"4,858,919.96",Rejected-AOC,03-Jun-2026,Public Works Roads Department
2025_PWRDW_45557_6,CE/EAP/ARRBP01TENDERS2024/66B,Construction of Bridge in Darrang district i) Br. No. 11/1 on Tezialpara - Jhargaon Road,Pkg. No. CE/EAP/ARRBP/OCB/Bridge-1/Darrang/14 Construction of Bridge in Darrang district i) Br. No. 11/1 on Tezialpara - Jhargaon Road,Works,Open Tender,Item Rate,Civil Works - Bridges,No,No,NA ,15-Jul-2025 04:00 PM,21-Jul-2025 11:00 AM ,180.0,No ,No,Online,14-Aug-2025 02:30 PM,Public Works Roads Department-Externally Aided Project||Public Works Road Department- World Bank Funded Tenders||Assam State Bridge Infrastructure Program,Darrang,793109.0,2.0,"1,28,89,000",BHUBANESWAR BARUAH,"12,777,138.8",Rejected-Technical,23-Jun-2026,Public Works Roads Department-Externally Aided Project||Public Works Road Department- World Bank Funded Tenders||Assam State Bridge Infrastructure Program
2026_PWD_50566_4,T/CC/ETN/SIL/2025-26/1033(T),Recovery and Reconstruction of Road from Neairgram to Ganganagar under NDRF (PDNA-2022) for the year 2025-26 Sonai LAC,"Recovery and Reconstruction of Road from Neairgram to Ganganagar under NDRF (PDNA-2022) for the year 2025-26 Sonai LAC, P/No.SE/SONAI/NDRF(PDNA-2022)/25-26/4",Works,Open Tender,Item Rate,Civil Works – Roads,No,No,NA ,28-Jan-2026 09:00 AM,04-Feb-2026 02:00 PM ,180.0,No ,No,Online,07-Feb-2026 03:10 PM,Public Works Roads Department,Cachar District.,788099.0,2.0,"67,29,000",M/S CHOUDHURY ENTERPRISE,"6,728,992",Accepted-AOC,25-Jun-2026,Public Works Roads Department
2025_PWD_48888_22,EAP/ARRBP eCF No. 720769/5,Lakhimpur/27 Construction of Bridge in Lakhimpur District i) Br No. 1/1 on Solichuk to Borkhamukh,Construction of Bridge in Lakhimpur District i) Br No. 1/1 on Solichuk to Borkhamukh,Works,Open Tender,Item Rate,Civil Works - Bridges,No,No,NA ,01-Dec-2025 09:00 AM,08-Dec-2025 11:00 AM ,90.0,No ,No,Online,15-Dec-2025 02:30 PM,Public Works Roads Department,Lakhimpur District,787035.0,2.0,"5,80,62,000",NABAM SERA,"56,320,140",Accepted-AOC,16-Jun-2026,Public Works Roads Department
2025_PWD_49500_1,CE/STBR/SOPD-G/NIT/07/2025 26/57 Dated 19-12-2025,"STBR/SOPD-G/Sipajhar-21/30 Improvement of Janasewa Kathamara Road from Ch. 0.00 Km to 4.300 Km ( L 4.300 Km) under Mukhya Mantrir Path Nabikaran Achani for the year 2025-26, Sipajhar LAC.Package","STBR/SOPD-G/Sipajhar-21/30 Improvement of Janasewa Kathamara Road from Ch. 0.00 Km to 4.300 Km ( L 4.300 Km) under Mukhya Mantrir Path Nabikaran Achani for the year 2025-26, Sipajhar LAC.Package",Works,Open Tender,Item Rate,Civil Works – Roads,No,No,NA ,20-Dec-2025 10:30 AM,NA ,180.0,No ,No,Online,30-Dec-2025 11:00 AM,Public Works Roads Department,Sipajhar,784145.0,2.0,"86,00,000",M/s H.D.P Construction,"8,599,658",Accepted-AOC,29-Jun-2026,Public Works Roads Department
2025_PWD_46985_6,CE/Commn/16/202526/18(ReBid),Teok/SOPD/2,Imprvmnt ofRdfm1.Nawsolia Rohompur ToMohbondha Conctng RoadVia GirlsField(0mto 1430m)2)RongdoiDachuk BornamghartoHaluwachuk3.BamKukurasowaBoruah BamunchuckPath4.SardarAliTo LakhiramBoraPath5.AshoibariBoruahChuk toRuseswarBoruahCnctng Road under SOPDG,Works,Open Tender,Item Rate,Civil Works – Roads,No,No,NA ,26-Aug-2025 06:00 PM,28-Aug-2025 04:00 PM ,180.0,No ,No,Online,04-Sep-2025 02:30 PM,Public Works Roads Department||CE PWD(R) - PWD||Traffic Engineering Cell - PWD,Teok,785112.0,2.0,"3,48,21,500",RAJ BORUAH,"34,821,500",Accepted-AOC,17-Jun-2026,Public Works Roads Department||CE PWD(R) - PWD||Traffic Engineering Cell - PWD
2025_DoIT_47365_2,AEDC/SDC/2025-26/09,Supply and Installation of Automation and PaaS Solution,Supply and Installation of Automation and PaaS Solution,Services,Open Tender,Item Rate,Information Technology,No,No,NA ,07-Oct-2025 02:00 PM,NA ,180.0,No ,No,Online,29-Oct-2025 04:30 PM,Principal Secretary-Department of Information Technology||Assam Electronics Development Corporation Ltd-DoIT,Guwahati,781021.0,2.0,,Magnetix Infosystems & Development Pvt. Ltd.,"12,834,700",Rejected-Finance,13-Feb-2026,Principal Secretary-Department of Information Technology||Assam Electronics Development Corporation Ltd-DoIT
2026_BoTC_51799_1,TECH-28/SE(RB)/2019-20/21,Construction of ICBP Road from Ulubari to Betbari Village at Bijni in Chirang District of BTC for the year 2025-26. TN-394-14.,Construction of ICBP Road from Ulubari to Betbari Village at Bijni in Chirang District of BTC for the year 2025-26. TN-394-14.,Works,Open Tender,Works,Civil Works – Roads,No,No,NA ,09-Mar-2026 02:00 PM,NA ,180.0,No ,No,Online,30-Mar-2026 02:00 PM,Bodoland Territorial Council||PWD-BTC,Chirang,783385.0,2.0,"1,99,99,600",CHENTU CHAKLADER,"19,990,000",Accepted-AOC,05-Jun-2026,Bodoland Territorial Council||PWD-BTC
2026_AHVD_51620_1,E-763721/2025-26/DFA/1653637,Construction of Regional Artificial Insemination Office Building with Bric boundary wall at Abhaiyapuri in Bongaigaon,Construction of Regional Artificial Insemination Office Building with Bric boundary wall at Abhaiyapuri in Bongaigaon,Works,Open Tender,Item Rate,Civil Works,No,No,NA ,02-Mar-2026 04:00 PM,09-Mar-2026 01:00 PM ,180.0,No ,No,Online,22-Apr-2026 02:00 PM,Animal Husbandry and Veterinary Department||Directorate of A.H. and Veterinary||Assam Livestock and Poultry Corporation Ltd.,Bongaigaon,783384.0,2.0,"1,80,00,000",ARCHNIRMAN PRIVATE LIMITED,"18,000,000",Rejected-Technical,17-Jun-2026,Animal Husbandry and Veterinary Department||Directorate of A.H. and Veterinary||Assam Livestock and Poultry Corporation Ltd.
2025_DoWR_47494_1,SIVASAGAR/2025-26/SDMF/I,"Cleaning of Jamuna canal around Sivasagar, Borpukhuri (Under SDMF)","Cleaning of Jamuna canal around Sivasagar, Borpukhuri (Under SDMF)",Works,Open Tender,Works,Civil Works,No,No,NA ,12-Sep-2025 06:55 PM,NA ,180.0,No ,No,Online,07-Oct-2025 03:00 PM,Department of Water Resources||Chief Engineer - DoWR,SIVASAGAR,785640.0,2.0,"9,06,55,996",DHRUBAJIT CHETIA,"81,590,396.99",Rejected-Technical,04-Jun-2026,Department of Water Resources||Chief Engineer - DoWR
2025_PWD_45818_22,CE/Commn/16/2025-26/04,Dibrugarh/MMPPNA/03,Constn/Impof (i)Daraka path (ii)Rodali Path (ii)Boruah Path (iv)Kanaklota Path (v)Milijuli Path (vi)New Bye Lane (vii)Santoshi maa (vili)Q bye Lane under MukhyaMantrirPakiPath Nirman Achani(MMPPNA) under SOPD-G for 2025-26,Works,Open Tender,Item Rate,Civil Works – Roads,No,No,NA ,22-Jul-2025 06:00 PM,28-Jul-2025 04:00 PM ,180.0,No ,No,Online,11-Aug-2025 02:30 PM,Public Works Roads Department,Dibrugarh,786001.0,2.0,"1,00,04,000",ANIL MAKRARY,"10,004,000",Rejected-AOC,16-Jun-2026,Public Works Roads Department
2025_DoWR_49539_1,KAMRUP METRO/2025-26/SOPD-G/II,Protection of river bank at Garal area from the erosion of river Brahmaputra.,Protection of river bank at Garal area from the erosion of river Brahmaputra.,Works,Open Tender,Works,Civil Works,No,No,NA ,20-Dec-2025 06:55 PM,NA ,180.0,No ,No,Online,03-Jan-2026 03:00 PM,Department of Water Resources||Chief Engineer - DoWR,KAMRUP METRO,781008.0,2.0,"2,50,41,655",M/S DEKA ENTERPRISE,"24,888,156.5",Rejected-AOC,16-Jun-2026,Department of Water Resources||Chief Engineer - DoWR
2025_PWD_48989_2,ARRBP/BR/01/2024/E696387/45,Cachar/24 i) Br No. 4/3 on SK Road to Kullicherra,CE/EAP/ARRBP/OCB/Bridge1/Cachar/24 Construction of Bridge in Cachar District i) Br No. 4/3 on SK Road to Kullicherra,Works,Open Tender,Item Rate,Civil Works - Bridges,No,No,NA ,03-Dec-2025 09:00 AM,12-Dec-2025 11:00 AM ,90.0,No ,No,Online,17-Dec-2025 02:30 PM,Public Works Roads Department,Cachar district,788001.0,2.0,"97,91,000",JAVED HUSSAIN LASKAR,"8,811,900",Accepted-AOC,23-Jun-2026,Public Works Roads Department
2026_PWD_52494_1,CS/JTRD/SOPD-G/13/2026-27,Construction of remaining portion of Lankeswar Byelane No 01 including load bearing drain-under SOPD-G for the year 2025-26.,Construction of remaining portion of Lankeswar Byelane No 01 including load bearing drain-under SOPD-G for the year 2025-26.,Works,Open Tender,Item Rate,Civil Works – Roads,No,No,NA ,25-May-2026 02:30 PM,NA ,180.0,No ,No,Online,30-May-2026 02:00 PM,Public Works Roads Department,Lankeswar,781014.0,2.0,"31,27,000",M/S S.B ENTERPRISE,"3,127,000",Accepted-AOC,23-Jun-2026,Public Works Roads Department
2026_AHVD_51698_1,E-763721/25-26/DFA/1653637/08,"Construction of Cattle Sheds, Office Building etc. at Livestock Farm, Ghungoor in Cachar District","Construction of Cattle Sheds, Office Building etc. at Livestock Farm, Ghungoor in Cachar District under RIDF XXXI",Works,Open Tender,Item Rate,Civil Works,No,No,NA ,05-Mar-2026 06:15 PM,09-Mar-2026 01:00 PM ,180.0,No ,No,Online,22-Apr-2026 02:00 PM,Animal Husbandry and Veterinary Department||Directorate of A.H. and Veterinary||Assam Livestock and Poultry Corporation Ltd.,Ghungoor,781003.0,2.0,"1,44,22,600",Ganesh Daimary,"12,980,340",Rejected-Technical,17-Jun-2026,Animal Husbandry and Veterinary Department||Directorate of A.H. and Veterinary||Assam Livestock and Poultry Corporation Ltd.
2026_BoTC_50837_1,TECH-28/SE(RB)/2019-20/09,Const. of ICBP road Guwabari Market to Madhab Chetry house to Pub Guwabari under Tamulpur District. TN-388-4.,Const. of ICBP road Guwabari Market to Madhab Chetry house to Pub Guwabari under Tamulpur District. TN-388-4.,Works,Open Tender,Works,Civil Works – Roads,No,No,NA ,05-Feb-2026 03:00 PM,NA ,180.0,No ,No,Online,19-Feb-2026 02:00 PM,Bodoland Territorial Council||PWD-BTC,Tamulpur,781367.0,2.0,"73,78,591",ABDUL MAZID PASHA,"7,378,591",Accepted-AOC,10-Jun-2026,Bodoland Territorial Council||PWD-BTC
2026_DoWR_50439_1,GOLAGHAT/2025-26/M AND R/I,M and R to Construction of embankment along L/B of river Dhansiri at Lurukihat and Mitham Chapori for the year 2025-26.,M and R to Construction of embankment along L/B of river Dhansiri at Lurukihat and Mitham Chapori for the year 2025-26.,Works,Open Tender,Works,Civil Works,No,No,NA ,21-Jan-2026 06:55 PM,NA ,180.0,No ,No,Online,30-Jan-2026 03:00 PM,Department of Water Resources||Chief Engineer - DoWR,"Lurukihat, Golaghat",785621.0,2.0,"10,88,99,854",M/S. M.P. AGARWALLA,"108,871,077.5",Accepted-AOC,13-Jun-2026,Department of Water Resources||Chief Engineer - DoWR
2025_BoTC_45317_1,DA/BTC/K/e-Tender/2025-26/18,Supply of Jute Seeds under the scheme NFSNM-Jute and Allied Fiber for the year 2025-26.,Supply of Jute Seeds under the scheme NFSNM-Jute and Allied Fiber for the year 2025-26.,Goods,Open Tender,Supply,Crop Products,No,No,NA ,03-Jul-2025 02:00 PM,NA ,90.0,No ,No,Online,24-Jul-2025 03:00 PM,Bodoland Territorial Council||Agriculture-BTC,"O/o the Director of Agriculture, BTC, Kokrajhar",783370.0,2.0,"50,39,000",GARV ENTERPRISE,"5,039,000",Rejected-Finance,30-Aug-2025,Bodoland Territorial Council||Agriculture-BTC
2025_PWD_46604_26,CE/STBR/SOPD-G/NIT/07/2025 26/8 Dated 29-07-2025,STBR/SOPD-G/Naduar-02/34 (i) Construction of Road from Mina Basnet LP School to Thakurbari Connected Road (L 900.00 M) (ii) Construction of Road from Jio Centre to Laltapu Habidoloni Connected Road (L 750.00 M) (iii) Construction of Road from Nah,STBR/SOPD-G/Naduar-02/34 (i) Construction of Road from Mina Basnet LP School to Thakurbari Connected Road (L 900.00 M) (ii) Construction of Road from Jio Centre to Laltapu Habidoloni Connected Road (L 750.00 M) (iii) Construction of Road from Nah,Works,Open Tender,Item Rate,Civil Works – Roads,No,No,NA ,21-Aug-2025 12:00 PM,22-Aug-2025 11:00 AM ,180.0,No ,No,Online,02-Sep-2025 11:00 AM,Public Works Roads Department,Naduar,784175.0,2.0,"1,80,87,900",MADHURJYA BORAH,"18,085,400",Rejected-AOC,29-Jun-2026,Public Works Roads Department
2026_PCCF_51382_2,B-TWL/D-21/SOPD-G/NIT/2026/255,Construction of Iron Mechanized Boat (vessel),Construction of Iron Mechanized Boat (vessel),Works,Open Tender,Works,Construction Works,No,No,NA ,14-Mar-2026 04:00 PM,23-Mar-2026 02:30 PM ,90.0,No ,No,Online,30-Mar-2026 12:30 PM,Pr. Chief Conservator of Forest and Head of Forest Force||Principal Chief Conservator of Forests(Wildlife and Ch. Wildlife Warden)||Tinsukia Wildlife Division,Guijan,786147.0,2.0,"39,75,000",RAJIV GOHAIN,"3,975,000",Rejected-AOC,03-Jun-2026,Pr. Chief Conservator of Forest and Head of Forest Force||Principal Chief Conservator of Forests(Wildlife and Ch. Wildlife Warden)||Tinsukia Wildlife Division
2025_HFWD_43567_1,AMSCL/Equip-Proc/24-25/ECF 607806,SUPPLY OF HIGH FLOW NASAL CANNULA HFNC MACHINE,SUPPLY OF HIGH FLOW NASAL CANNULA(HFNC) MACHINE,Goods,Open Tender,Buy,Medical Equipments/Waste,No,No,NA ,18-Mar-2025 04:00 PM,21-Mar-2025 03:00 PM ,180.0,No ,No,Online,25-Mar-2025 04:30 PM,Health and Family Welfare Department||Assam Medical Services Corporation Limited,Guwahati,780126.0,2.0,"3,35,32,800",Science & Surgical,1.0,Accepted-AOC,09-Jun-2026,Health and Family Welfare Department||Assam Medical Services Corporation Limited
2025_BoTC_44810_1,DA/BTC/K/e-Tender/2025-26/12,Supply of Rajmah Seeds under the scheme NFSNM-Pulse for the year 2025-26.,Supply of Rajmah Seeds under the scheme NFSNM-Pulse for the year 2025-26.,Goods,Open Tender,Supply,Crop Products,No,No,NA ,10-Jun-2025 02:00 PM,NA ,90.0,No ,No,Online,01-Jul-2025 03:00 PM,Bodoland Territorial Council||Agriculture-BTC,"O/o the Director of Agriculture, BTC, Kokrajhar",783370.0,2.0,"50,00,000",GARV ENTERPRISE,"5,000,000",Rejected-Finance,13-Aug-2025,Bodoland Territorial Council||Agriculture-BTC
2025_PWD_45926_204,CE/DEV/TB/60/2025-26/06 Dtd- 14.07.2025,"MMPPNA_RIDF_XXXI_25_26_259 Construction of (1) Hatirdual PWD Road to South Bhogirkhola, (2) Singaria PWD Road to Nilambazar Balia PWD Road via Aklasur Rahman, (3) Durga Nagar Ashram to Natun bazar via Bilbari, (4) Road from 6th km of Pathekandi Byepa","MMPPNA_RIDF_XXXI_25_26_259 Construction of (1) Hatirdual PWD Road to South Bhogirkhola, (2) Singaria PWD Road to Nilambazar Balia PWD Road via Aklasur Rahman, (3) Durga Nagar Ashram to Natun bazar via Bilbari, (4) Road from 6th km of Pathekandi Byepa",Works,Open Tender,Item Rate,Civil Works – Roads,No,No,NA ,04-Aug-2025 02:00 PM,04-Aug-2025 04:00 PM ,180.0,No ,No,Online,14-Aug-2025 02:30 PM,Public Works Roads Department,Karimganj South,788710.0,2.0,"5,45,72,000",KABIR UDDIN,"54,563,320",Accepted-AOC,12-Jun-2026,Public Works Roads Department
2026_DoWR_50481_1,SRIBHUMI/2025-26/M AND R/1,M AND R TO CONSTRUCTION OF EMBANKMENT ALONG LEFT BANK RIVER LONGAI FROM GHANDHIMUKH TO DIGHALBAK FOR THE YEAR 2025-26.,M AND R TO CONSTRUCTION OF EMBANKMENT ALONG LEFT BANK RIVER LONGAI FROM GHANDHIMUKH TO DIGHALBAK FOR THE YEAR 2025-26.,Works,Open Tender,Works,Civil Works,No,No,NA ,22-Jan-2026 09:00 AM,NA ,180.0,No ,No,Online,02-Feb-2026 03:00 PM,Department of Water Resources||Chief Engineer - DoWR,Sribhumi,788710.0,2.0,"3,12,49,844",MOINUL HOQUE,"31,240,890.66",Rejected-AOC,20-Jun-2026,Department of Water Resources||Chief Engineer - DoWR
2025_PWBNH_48645_23,CE/TB-III(H_E)/40/2025/13 Dated 22-10-2025,Construction of New Building of 100 Secondary Schools under RIDF-XXXI (2025-26) for Ratanpur Miri HS under Majuli DTBD ( Package-80),Construction of New Building of 100 Secondary Schools under RIDF-XXXI (2025-26) for Ratanpur Miri HS under Majuli DTBD ( Package-80),Works,Open Tender,Item Rate,Civil Works - Building,No,No,NA ,22-Nov-2025 09:00 AM,27-Nov-2025 11:30 AM ,180.0,No ,No,Online,10-Dec-2025 04:00 PM,Public Works Building and NH Department||Chief Engineer-Building - PWBNH,Majuli,785106.0,2.0,"3,63,35,951",Bhabananda Nath,"43,910,000",Accepted-AOC,10-Jun-2026,Public Works Building and NH Department||Chief Engineer-Building - PWBNH
2026_NHM_50610_1,NHM/ECF/266008,"Construction of Buildingless Sub Health Centre in Banmaza SC in Nalbari District under PM ABHIM for FY 2021-22 under NHM, Assam on Turnkey Basis","Construction of Buildingless Sub Health Centre in Banmaza SC in Nalbari District under PM ABHIM for FY 2021-22 under NHM, Assam on Turnkey Basis",Works,Open Tender,Turn-key,Civil Works - Building,No,No,NA ,29-Jan-2026 05:00 PM,NA ,180.0,No ,No,Online,13-Feb-2026 03:30 PM,National Health Mission||State Programme Management Unit - NHM,Nalbari,781335.0,2.0,"52,03,000",MS D R ENTERPRISE,"5,202,000",Rejected-Technical,17-Jun-2026,National Health Mission||State Programme Management Unit - NHM
2025_PWBNH_48645_22,CE/TB-III(H_E)/40/2025/13 Dated 22-10-2025,Construction of New Building of 100 Secondary Schools under RIDF-XXXI (2025-26) for Simen Chapori High School under Dhemaji DTBD ( Package-57),Construction of New Building of 100 Secondary Schools under RIDF-XXXI (2025-26) for Simen Chapori High School under Dhemaji DTBD ( Package-57),Works,Open Tender,Item Rate,Civil Works - Building,No,No,NA ,22-Nov-2025 09:00 AM,27-Nov-2025 11:30 AM ,180.0,No ,No,Online,10-Dec-2025 04:00 PM,Public Works Building and NH Department||Chief Engineer-Building - PWBNH,Dhemaji,787057.0,2.0,"4,08,30,689",Kamal Kumar Modi,"44,150,000",Rejected-AOC,03-Jun-2026,Public Works Building and NH Department||Chief Engineer-Building - PWBNH
2025_PWD_47172_14,CE/STBR/SOPD G/NIT/07/2025-26/16 Dated 18-08-2025,"STBR/SOPD-G/ Patharkandi-02/14 Construction of - (i) Duhalia-Narainpur PMGSY road to Narainpur ward no -08 near Anirudha nath house at Duhalia-Faridkuna G.P., (ii)Anipur PWD road to PMGSY road at Duhalia Pt-IV, (iii)Kazirbazar -Patharkandi road to Na","STBR/SOPD-G/ Patharkandi-02/14 Construction of - (i) Duhalia-Narainpur PMGSY road to Narainpur ward no -08 near Anirudha nath house at Duhalia-Faridkuna G.P., (ii)Anipur PWD road to PMGSY road at Duhalia Pt-IV, (iii)Kazirbazar -Patharkandi road to Na",Works,Open Tender,Item Rate,Civil Works – Roads,No,No,NA ,03-Sep-2025 09:00 AM,08-Sep-2025 11:00 AM ,180.0,No ,No,Online,26-Sep-2025 11:00 AM,Public Works Roads Department,Patharkandi,788724.0,2.0,"1,56,25,000",PROMODE DAS,"15,625,000",Rejected-Finance,25-Jun-2026,Public Works Roads Department
2025_PWRDW_48257_9,CE/EAP/693196/03,Construction of Bridge in Udalguri district i) Br. No. 1/3 on No. 1 Sonajuli to Peopleholi Road,CE/EAP/ARRBP/OCB/Bridge-1/Udalguri/12 Construction of Bridge in Udalguri district i) Br. No. 1/3 on No. 1 Sonajuli to Peopleholi Road,Works,Open Tender,Item Rate,Civil Works - Bridges,No,No,NA ,28-Oct-2025 01:40 PM,NA ,180.0,No ,No,Online,10-Nov-2025 02:30 PM,Public Works Roads Department-Externally Aided Project||Public Works Road Department- World Bank Funded Tenders||Assam State Bridge Infrastructure Program,Udalguri,784509.0,2.0,"1,27,96,000",BHABA DEV MAHANTA,"11,516,400",Rejected-Finance,23-Jun-2026,Public Works Roads Department-Externally Aided Project||Public Works Road Department- World Bank Funded Tenders||Assam State Bridge Infrastructure Program
2025_PWD_46187_3,CE/Commn/16/25-26/10 (4gp),Jorhat/ SOPD/05,"Improvement of (i) 1 No. Fesual Napaam, (i) Moghua Handique Path, (iii) Sepaguri Tini Ali to Meleng GP Office, (iv) Mugachumoni Path and (v) Changsuwa Basti by GWC under SOPD-G for the year 2025-26",Works,Open Tender,Item Rate,Civil Works – Roads,No,No,NA ,06-Aug-2025 02:00 PM,13-Aug-2025 04:00 PM ,180.0,No ,No,Online,27-Aug-2025 02:30 PM,Public Works Roads Department,Jorhat,785001.0,2.0,"58,51,000",Rupjyoti borah,"4,973,350",Rejected-AOC,10-Jun-2026,Public Works Roads Department
2026_UDD_52030_1,MMB/1201/2026/1747 DATED 13/03/2026,Rejuvenation and Beautification of Bank of Bega River at Santipara Chowk near Mangaldai Old PWRD electrical sub Divisional office at ward no 1 Mangaldai town under 15th CFC of tied grant FY 2023-24 2nd installment,Rejuvenation and Beautification of Bank of Bega River at Santipara Chowk near Mangaldai Old PWRD electrical sub Divisional office at ward no 1 Mangaldai town under 15th CFC of tied grant FY 2023-24 2nd installment,Works,Open Tender,Item Rate,Civil Works - Others,No,No,NA ,14-Mar-2026 03:30 PM,02-Apr-2026 12:00 PM ,180.0,No ,No,Online,04-Apr-2026 03:00 PM,Urban Development Department||Directorate of Municipality Administration - UDD||Jorhat Municipal Board,"Ward No.1, Mangaldai",784125.0,2.0,"1,41,45,082",MEHDI HUSSAIN,"14,145,000",Accepted-AOC,26-Jun-2026,Urban Development Department||Directorate of Municipality Administration - UDD||Jorhat Municipal Board
2026_DoWR_50644_1,GOLAGHAT/2025-26/SOPD-G/IV,Anti-erosion measures at Sesamukh area on the left bank of river Dhansiri.,Anti-erosion measures at Sesamukh area on the left bank of river Dhansiri.,Works,Open Tender,Works,Civil Works,No,No,NA ,30-Jan-2026 06:55 PM,NA ,180.0,No ,No,Online,12-Feb-2026 03:00 PM,Department of Water Resources||Chief Engineer - DoWR,"Sesamukh, Golaghat",785621.0,2.0,"4,95,17,437",M/S. M.P. AGARWALLA,"49,496,685.96",Accepted-AOC,13-Jun-2026,Department of Water Resources||Chief Engineer - DoWR
2026_APGCL_50016_1,01 of 2026,"SUPPLY INSTALLATION TESTING AND COMMISSIONING OF 33 KV NEW DILLIGHAT FEEDER EXTENSION AND DEDICATED 33 KV BAY WITH CIRCUIT BREAKER AT NTPS SWITCHYARD, APGCL.","SUPPLY INSTALLATION TESTING AND COMMISSIONING OF 33 KV NEW DILLIGHAT FEEDER EXTENSION AND DEDICATED 33 KV BAY WITH CIRCUIT BREAKER AT NTPS SWITCHYARD, APGCL.",Works,Open Tender,Works,Electrical Works,No,No,NA ,08-Jan-2026 10:00 AM,NA ,180.0,No ,No,Online,10-Mar-2026 12:00 PM,Assam Power Generation Company Limited,"Namrup Thermal Power Station, Namrup",786622.0,2.0,"18,73,853",Deltoid Construction & Developers Pvt. Ltd.,"1,800,096.96",Accepted-AOC,25-Jun-2026,Assam Power Generation Company Limited
2026_DoWR_49961_1,CACHAR/2025-26/PDNA/WORK/IV,"RESTORATION OF MK DYKE AT ROUPUR PAULPARA, BHAIRAGI BAZAR TO MANIKPUR AREA ON L/B OF RIVER BORAK.","RESTORATION OF MK DYKE AT ROUPUR PAULPARA, BHAIRAGI BAZAR TO MANIKPUR AREA ON L/B OF RIVER BORAK.",Works,Open Tender,Works,Civil Works,No,No,NA ,05-Jan-2026 06:55 PM,NA ,180.0,No ,No,Online,16-Jan-2026 03:00 PM,Department of Water Resources||Chief Engineer - DoWR,CACHAR,788001.0,2.0,"5,49,99,062",D KUMAR AND COMPANY,"54,978,677.5",Rejected-AOC,22-Jun-2026,Department of Water Resources||Chief Engineer - DoWR
2025_APDCL_49408_1,CGM(D)/APDCL/LAR/Bongaigaon Medical College/2025-26/03,"Construction of 33 kV Dedicated Medical College Feeder from 132/33 kV Dhaligaon GSS to the premises of the Bongaigaon Medical College, Majgaon and associated works under Bongaigaon ESD-I under Deposit Work Scheme on Full Turnkey Mode.","Construction of 33 kV Dedicated Medical College Feeder from 132/33 kV Dhaligaon GSS to the premises of the Bongaigaon Medical College, Majgaon and associated works under Bongaigaon ESD-I under Deposit Work Scheme on Full Turnkey Mode.",Works,Open Tender,Turn-key,Electrical Works,No,No,NA ,16-Dec-2025 05:00 PM,22-Dec-2025 02:00 PM ,400.0,No ,No,Online,03-Jan-2026 02:00 PM,Assam Power Distribution Company Ltd||CGM(D) Lower Assam Region - APDCL,bongaigaon,783380.0,2.0,"15,45,79,312",ASSAM SUPPLY SYNDICATE,"154,326,670.76",Rejected-Technical,11-Jun-2026,Assam Power Distribution Company Ltd||CGM(D) Lower Assam Region - APDCL
2026_UDD_50961_1,GMB/15FC/TIED/2025-26/249-76,"Construction of Piped Water Supply Scheme at Harijan Colony, Gauripur, Ward no.13","Construction of Piped Water Supply Scheme at Harijan Colony, Gauripur, Ward no.13",Works,Open Tender,Item Rate,Civil Works,No,No,NA ,09-Feb-2026 10:00 AM,15-Feb-2026 11:00 AM ,180.0,No ,No,Online,21-Feb-2026 04:00 PM,Urban Development Department||Directorate of Municipality Administration - UDD||Gauripur Municipal Board,GAURIPUR,783331.0,2.0,"35,14,000",GAUTAM CHANDRA ROY,"3,444,618",Accepted-AOC,03-Jun-2026,Urban Development Department||Directorate of Municipality Administration - UDD||Gauripur Municipal Board
2025_BoTC_44809_1,DA/BTC/K/e-Tender/2025-26/11,Supply of Lentil Seeds under the scheme NFSNM-Pulse for the year 2025-26.,Supply of Lentil Seeds under the scheme NFSNM-Pulse for the year 2025-26.,Goods,Open Tender,Supply,Crop Products,No,No,NA ,10-Jun-2025 02:00 PM,NA ,90.0,No ,No,Online,01-Jul-2025 03:00 PM,Bodoland Territorial Council||Agriculture-BTC,"O/o the Director of Agriculture, BTC, Kokrajhar",783370.0,2.0,"1,00,00,000",GARV ENTERPRISE,"10,000,000",Rejected-Finance,13-Aug-2025,Bodoland Territorial Council||Agriculture-BTC
2025_BTC_49316_1,No.ACE-22/PWD/NIT/GW/25-26/19,Construction of road from Anthaibari M.E. School to Kadomguri road under CMs Goodwill Mission Project under RIDF-XXXI of NABARD for the year 2025-26. TN_67KOK_RIDF-XXXI-12,Construction of road from Anthaibari M.E. School to Kadomguri road under CMs Goodwill Mission Project under RIDF-XXXI of NABARD for the year 2025-26. TN_67KOK_RIDF-XXXI-12,Works,Open Tender,Item Rate,Civil Works – Roads,No,No,NA ,15-Dec-2025 12:00 PM,NA ,180.0,No ,No,Online,07-Jan-2026 11:00 AM,Bodoland Territorial Council-PWD||Director Cum CHD - PWD BTC,Kokrajhar,783370.0,2.0,"99,99,704",LEELA MALOO,"9,998,300",Rejected-AOC,09-Jun-2026,Bodoland Territorial Council-PWD||Director Cum CHD - PWD BTC
2026_WPTBC_52472_1,SCDCTECHDWSC1,Construction of Boundary Wall and Earth Filling at Athkelia Golaghat,Construction of Boundary Wall and Earth Filling at Athkelia Golaghat,Works,Open Tender,Item Rate,Civil Works,No,No,NA ,22-May-2026 03:00 PM,NA ,180.0,No ,No,Online,02-Jun-2026 03:00 PM,Welfare of Plain Tribes and Backward Classes||Directorate of Welfare of Scheduled Caste||Assam State Development Corporation for SC,"Dispur,Ghy",781006.0,2.0,"1,00,00,000",PRANJAL GOGOI,"10,000,000",Rejected-AOC,18-Jun-2026,Welfare of Plain Tribes and Backward Classes||Directorate of Welfare of Scheduled Caste||Assam State Development Corporation for SC
2026_ICD_52268_1,EE-G/51/2022/55/82-86 Dated 08/05/2026,Construction of RCC Building Ground Floor for ADCI Office at Chepakhowa Sadiya Dist Tinsukia With future provision of RCC First Floor,Construction of RCC Building Ground Floor for ADCI Office at Chepakhowa Sadiya Dist Tinsukia With future provision of RCC First Floor,Works,Open Tender,Item Rate,Civil Works - Building,No,No,NA ,11-May-2026 02:00 PM,NA ,180.0,No ,No,Online,02-Jun-2026 02:30 PM,Industries and Commerce Department||Commissioner Industries and Commerce Assam||Office of the Ex Engineer,"Chepakhowa, Sadiya",786155.0,2.0,"2,21,99,791",MS UNIQUE CONSTRUCTION AND SUPPLY,"22,200,013",Rejected-Finance,24-Jun-2026,Industries and Commerce Department||Commissioner Industries and Commerce Assam||Office of the Ex Engineer
2026_DoWR_50679_1,SONITPUR/2025-26/SOPD G/II,River training and channel cutting work of river Jorasor from NH-15 to Baithabhanga.,River training and channel cutting work of river Jorasor from NH-15 to Baithabhanga.,Works,Open Tender,Works,Civil Works,No,No,NA ,31-Jan-2026 06:00 PM,NA ,180.0,No ,No,Online,12-Feb-2026 03:00 PM,Department of Water Resources||Chief Engineer - DoWR,Sonitpur,784001.0,2.0,"87,99,540",RAJIB SAHU,"8,797,353.75",Rejected-AOC,17-Jun-2026,Department of Water Resources||Chief Engineer - DoWR
2026_PWD_50566_5,T/CC/ETN/SIL/2025-26/1033(T),"Recovery and Reconstruction of Bagpur Neairgram Road under NDRF (PDNA-2022) for the year 2025-26, Sonai LAC","Recovery and Reconstruction of Bagpur Neairgram Road under NDRF (PDNA-2022) for the year 2025-26, Sonai LAC, P/No.SE/SONAI/NDRF(PDNA-2022)/25-26/5",Works,Open Tender,Item Rate,Civil Works – Roads,No,No,NA ,28-Jan-2026 09:00 AM,04-Feb-2026 02:00 PM ,180.0,No ,No,Online,07-Feb-2026 03:10 PM,Public Works Roads Department,Cachar District.,788013.0,2.0,"99,94,000",M/S CHOUDHURY ENTERPRISE,"9,993,995",Not Admitted-Fee/PreQual/Technical,25-Jun-2026,Public Works Roads Department
2026_PWRDW_51761_11,RFB No CE/EAP/ARRBP/BR/Z4/2025/T07,Construction of RCC Bridge no 1/1 over Tarang River at Dokhin Dobragaon-Uttar Latagaon VillageKokrajhar/34,Construction of RCC Bridge no 1/1 over Tarang River at Dokhin Dobragaon-Uttar Latagaon Village CE/EAP/ARRBP/OCB/Bridge-1/Kokrajhar/34,Works,Open Tender,Item Rate,Civil Works - Bridges,No,No,NA ,27-Mar-2026 06:00 PM,NA ,180.0,No ,No,Online,06-Apr-2026 02:30 PM,Public Works Roads Department-Externally Aided Project||Public Works Road Department- World Bank Funded Tenders||Assam State Bridge Infrastructure Program,Kokrajhar,783370.0,2.0,"5,03,58,000",DULAL DEBNATH,"51,869,952",Accepted-AOC,26-Jun-2026,Public Works Roads Department-Externally Aided Project||Public Works Road Department- World Bank Funded Tenders||Assam State Bridge Infrastructure Program
2026_BTC_52437_1,ACE-133/PWD/G.79/2025-26/79,"Repairing and Renovation of Bamungaon High School at Bamungaon in Chirang District, BTC Assam. (TN_111_34R)","Repairing and Renovation of Bamungaon High School at Bamungaon in Chirang District, BTC Assam.",Works,Open Tender,Item Rate,Civil Works - Building,No,No,NA ,22-May-2026 10:00 AM,NA ,180.0,No ,No,Online,09-Jun-2026 02:00 PM,Bodoland Territorial Council-PWD||Director Cum CHD - PWD BTC,Chirang,783390.0,2.0,"49,80,029",Johnson Narzary,"4,979,999.86",Rejected-AOC,25-Jun-2026,Bodoland Territorial Council-PWD||Director Cum CHD - PWD BTC
2022_PWBNH_26590_2,"CE/BLDG/ARC-II/83/2022/08 Dated 6th August, 2022","PMC services for Construction of Integrated Office of the Deputy Commissioners Office, Biswanath, RCC G Plus 3 at Biswanath Chariali under NIDA","PMC services for Construction of Integrated Office of the Deputy Commissioners Office, Biswanath, RCC G Plus 3 at Biswanath Chariali under NIDA",Works,Open Tender,Item Rate,Civil Works - Building,No,No,NA ,08-Aug-2022 06:00 PM,22-Aug-2022 03:30 PM ,180.0,No ,No,Online,12-Sep-2022 02:00 PM,Public Works Building and NH Department||Chief Engineer-Building - PWBNH,Amingaon,781031.0,2.0,"83,28,315",Molethu PMC Pvt. Ltd.,"9,685,420",Accepted-AOC,23-Jun-2026,Public Works Building and NH Department||Chief Engineer-Building - PWBNH
2025_DoWR_49565_1,KOKRAJHAR/2025-26/SOPD-G/II,Anti erosion measures to protect Nawarbhita (D/S)village and its adjoining areas from the erosion of river Longa on R/B.,Anti erosion measures to protect Nawarbhita (D/S)village and its adjoining areas from the erosion of river Longa on R/B.,Works,Open Tender,Works,Civil Works,No,No,NA ,22-Dec-2025 09:00 AM,NA ,180.0,No ,No,Online,05-Jan-2026 03:00 PM,Department of Water Resources||Chief Engineer - DoWR,KOKRAJHAR,783370.0,2.0,"99,02,479",Assam Builders & Suppliers,"9,902,273.6",Rejected-AOC,10-Jun-2026,Department of Water Resources||Chief Engineer - DoWR
2026_BoTC_49978_1,SE(R/B)/20-21/Pt-III/18/195_3,Package No.195_3,"Construction of ICBP road from Swrang LP School Hangama to Khwiruguri under PWD, AOP BTC for the year 2024-25.",Works,Open Tender,Item Rate,Civil Works – Roads,No,No,NA ,06-Jan-2026 02:00 PM,NA ,180.0,No ,No,Online,20-Jan-2026 01:30 PM,Bodoland Territorial Council||PWD-BTC,Udalguri dist,784509.0,2.0,"94,85,000",BHABA DEV MAHANTA,"9,484,000",Accepted-AOC,03-Jun-2026,Bodoland Territorial Council||PWD-BTC
2026_PWBNH_50793_1,SE/BII/SENIOR OFFICERS,"Renovation and upgradation works of Govt residential qtr no E 5 at senior officers colony, Khanapara, Guwahati-22","Renovation and upgradation works of Govt residential qtr no E 5 at senior officers colony, Khanapara, Guwahati-22",Goods,Open Tender,Item Wise,Civil Construction Goods,No,No,NA ,06-Feb-2026 12:00 PM,11-Feb-2026 12:00 PM ,180.0,No ,No,Online,27-Feb-2026 04:30 PM,Public Works Building and NH Department||Chief Engineer-Building - PWBNH||SE-Guwahati Circle-2 - PWBNH,"KHANAPARA, GUWAHATI",781022.0,2.0,"49,94,496",ABHIJIT PATOWARY,"5,305,205",Rejected-AOC,30-May-2026,Public Works Building and NH Department||Chief Engineer-Building - PWBNH||SE-Guwahati Circle-2 - PWBNH
2026_PWBNH_51615_1,SE(B)/JHT/C/S/S-12/2025-26/912,"Renovation Works at Vidyadhar Sarmah Memorial High School for Bikoxito Jibon Parikalpana Scheme, Jorhat","Renovation Works at Vidyadhar Sarmah Memorial High School for Bikoxito Jibon Parikalpana Scheme, Jorhat",Works,Open Tender,Item Rate,Civil Works - Building,No,No,NA ,02-Mar-2026 03:00 PM,09-Mar-2026 11:00 AM ,180.0,No ,No,Online,19-Mar-2026 03:00 PM,Public Works Building and NH Department||Chief Engineer-Building - PWBNH,JORHAT,785001.0,2.0,"80,39,720",Bhabananda Nath,"8,975,000",Rejected-Technical,03-Jun-2026,Public Works Building and NH Department||Chief Engineer-Building - PWBNH
2025_BoTC_49527_1,DOE/SSA/Major_Repairing,"Major Repairing of Bapuji High School in Secondary School under Samagra Siksha, Assam.","Major Repairing of Bapuji High School in Secondary School under Samagra Siksha, Assam.",Works,Open Tender,Works,Civil Works,No,No,NA ,20-Dec-2025 04:00 PM,NA ,180.0,No ,No,Online,13-Jan-2026 12:00 PM,Bodoland Territorial Council||Education-BTC,MUSHALPUR,781372.0,2.0,"39,99,500",APURBA BASUMATARY,"3,997,916.21",Accepted-AOC,02-Jun-2026,Bodoland Territorial Council||Education-BTC
2026_BTC_52509_1,ACE-106/PWD/IFB/PT-I/23-24/293,Construction of District Bodo Sahitya Sabha Bhawan at Bijni in Chirang District. TN_18_3 (R-1),Construction of District Bodo Sahitya Sabha Bhawan at Bijni in Chirang District. TN_18_3 (R-1),Works,Open Tender,Item Rate,Civil Works - Building,No,No,NA ,26-May-2026 02:00 PM,NA ,180.0,No ,No,Online,16-Jun-2026 02:00 PM,Bodoland Territorial Council-PWD||Director Cum CHD - PWD BTC,Chirang,783390.0,2.0,"49,41,722",Alok Saha,"4,941,722",Accepted-AOC,26-Jun-2026,Bodoland Territorial Council-PWD||Director Cum CHD - PWD BTC
2025_BTC_49110_5,ACE-25/PWD/IFB/BTC/2025-26/13,Improvement and upgradation of road from Borobazar to Bhabanipur (Chapaguri Amteka Asom Mala Road) via Lawgaon in Chirang District from Ch.0.00 Km (Borobazar) to ch.12.560 (Bhabanipur) under Asom Mala 3.0 for the year 2025-26.,Improvement and upgradation of road from Borobazar to Bhabanipur (Chapaguri Amteka Asom Mala Road) via Lawgaon in Chirang District from Ch.0.00 Km (Borobazar) to ch.12.560 (Bhabanipur) under Asom Mala 3.0 for the year 2025-26.,Works,Open Tender,Item Rate,Civil Works – Roads,No,No,NA ,08-Dec-2025 10:00 AM,15-Dec-2025 12:00 PM ,180.0,No ,No,Online,22-Dec-2025 11:00 AM,Bodoland Territorial Council-PWD||Director Cum CHD - PWD BTC,Chirang,783390.0,2.0,"43,19,20,000",ACHINTA NARZARY,"431,622,856",Rejected-AOC,08-Jun-2026,Bodoland Territorial Council-PWD||Director Cum CHD - PWD BTC
2026_PWBNH_52052_1,CS/JGCNGTBD/E-28/2025-26_AEC,"Installation of New Deep Tube Well and Improvement of External Water Supply System including Water Storage at Hostel No. 3 of Assam Engineering College, Guwahati-13 under SOPD-G during the year 2025-26","Installation of New Deep Tube Well and Improvement of External Water Supply System including Water Storage at Hostel No. 3 of Assam Engineering College, Guwahati-13 under SOPD-G during the year 2025-26",Works,Open Tender,Item Wise,Civil Works - Water Works,No,No,NA ,16-Mar-2026 12:00 PM,20-Mar-2026 12:00 PM ,180.0,No ,No,Online,07-Apr-2026 02:30 PM,Public Works Building and NH Department||Chief Engineer-Building - PWBNH,"Jalukbari, Guwahati-13",781013.0,2.0,"26,73,830",M/S D. S. ENTERPRISE,"2,842,465",Rejected-Finance,30-Jun-2026,Public Works Building and NH Department||Chief Engineer-Building - PWBNH
2025_UDD_48612_1,GMB/SC Bazar/2025-2026/1951-74,"Construction of Ground Floor and First floor For Market Complex At South Chowk Bazar, Gauripur, Ward no.8","Construction of Ground Floor and First floor For Market Complex At South Chowk Bazar, Gauripur, Ward no.8",Works,Open Tender,Item Rate,Civil Works - Building,No,No,NA ,14-Nov-2025 11:00 AM,01-Dec-2025 11:00 AM ,180.0,No ,No,Online,06-Dec-2025 10:00 AM,Urban Development Department||Directorate of Municipality Administration - UDD||Gauripur Municipal Board,GAURIPUR,783331.0,2.0,"1,25,00,000",ABUL FAZAL ABDULLAH,"12,375,000",Rejected-AOC,12-Jun-2026,Urban Development Department||Directorate of Municipality Administration - UDD||Gauripur Municipal Board
2025_PWD_49193_1,EE/DCLKT/NIT/SOPD-G/1/2025/9,Improvement of Paroluguri to Tinsukia Road Ch. 0.00 M to Ch. 700.00 M under Mukhya Mantrir Path Nabikaran Achani MMPNA under SOPD-G for the year 2025-26,Improvement of Paroluguri to Tinsukia Road Ch. 0.00 M to Ch. 700.00 M under Mukhya Mantrir Path Nabikaran Achani MMPNA under SOPD-G for the year 2025-26,Works,Open Tender,Item Rate,Civil Works – Roads,No,No,NA ,11-Dec-2025 02:00 PM,NA ,180.0,No ,No,Online,24-Dec-2025 02:30 PM,Public Works Roads Department,Khowang,785676.0,2.0,"35,00,000",Chitra Ranjan Gogi,"3,500,000",Rejected-AOC,30-Jun-2026,Public Works Roads Department
2026_GMC_50843_1,GER/CE/2543/2026/13 Date_04 /02/2026,Construction of Storm Water Drain from Back Side of Luit Path via Media Trust Land,Construction of Various Works under Guwahati Municipal Corporation,Works,Open Tender,Lump-sum,Miscellaneous Works,No,No,NA ,05-Feb-2026 05:00 PM,09-Feb-2026 12:00 PM ,180.0,No ,No,Online,27-Feb-2026 02:30 PM,Guwahati Municipal Corporation,Guwahati,781006.0,2.0,,BHAGNESWAR KALITA,"7,213,278.6",Rejected-AOC,19-Jun-2026,Guwahati Municipal Corporation
2025_BoTC_49783_1,DOE/SSA/Scn_Lab/Lib,"Construction of 3 Nos. of ACR at Subankhata High School, Baksa Assam under Samagra Siksha in BTR For the year 2023-24.","Construction of 3 Nos. of ACR at Subankhata High School, Baksa Assam under Samagra Siksha in BTR For the year 2023-24.",Works,Open Tender,Works,Civil Works,No,No,NA ,31-Dec-2025 10:00 AM,NA ,180.0,No ,No,Online,13-Jan-2026 02:00 PM,Bodoland Territorial Council||Education-BTC,Subankhata,781325.0,2.0,"53,09,910",LONDON SWARGIARY,"5,368,362.46",Rejected-AOC,02-Jun-2026,Bodoland Territorial Council||Education-BTC
2025_PWD_45926_100,CE/DEV/TB/60/2025-26/06 Dtd- 14.07.2025,"MMPPNA_RIDF_XXXI_25_26_300 Construction of Road from (1) Bishnupur Tiniali to Amtala Naharbari Road via Bhekeli, (2) Kathalguri to Gosaipukhuri Link Road Malapindha PWD to Adi Alengi Link Road via Handohkhowa under Mukhya Mantrir Paki Path Nirman Ac","MMPPNA_RIDF_XXXI_25_26_300 Construction of Road from (1) Bishnupur Tiniali to Amtala Naharbari Road via Bhekeli, (2) Kathalguri to Gosaipukhuri Link Road Malapindha PWD to Adi Alengi Link Road via Handohkhowa under Mukhya Mantrir Paki Path Nirman Ac",Works,Open Tender,Item Rate,Civil Works – Roads,No,No,NA ,30-Jul-2025 06:00 PM,04-Aug-2025 12:00 PM ,180.0,No ,No,Online,14-Aug-2025 02:30 PM,Public Works Roads Department,Naoboicha,787023.0,2.0,"3,04,73,324",Khagen Konch,"30,472,000",Rejected-Finance,04-Jun-2026,Public Works Roads Department
2026_PWRDW_50089_6,eCF No. 743008/1,Bridge1/Dhubri/02 Br. No. 2/1 on Alubhui to Tintila Road,CE/EAP/ARRBP/OCB/Bridge1/Dhubri/02 Br. No. 2/1 on Alubhui to Tintila Road,Works,Open Tender,Item Rate,Civil Works - Bridges,No,No,NA ,09-Jan-2026 09:00 AM,13-Jan-2026 11:00 AM ,180.0,No ,No,Online,22-Jan-2026 02:30 PM,Public Works Roads Department-Externally Aided Project||Public Works Road Department- World Bank Funded Tenders||Assam State Bridge Infrastructure Program,Dhubri District,783301.0,2.0,"1,42,54,200",ABUL FAZAL ABDULLAH,"14,966,810",Accepted-AOC,22-Jun-2026,Public Works Roads Department-Externally Aided Project||Public Works Road Department- World Bank Funded Tenders||Assam State Bridge Infrastructure Program
2026_DoWR_49827_1,SOUTH SALMARA/ 2025-26/PDNA/WORK/I,Restoration of Indo-Bangla Border Link Road from the end point of Ongoing Geo-Tube works for a length of 1.00 km.,Restoration of Indo-Bangla Border Link Road from the end point of Ongoing Geo-Tube works for a length of 1.00 km.,Works,Open Tender,Works,Civil Works,No,No,NA ,01-Jan-2026 06:00 PM,NA ,165.0,No ,No,Online,19-Jan-2026 03:00 PM,Department of Water Resources||Chief Engineer - DoWR,South Salmara,783127.0,2.0,"57,46,736",ROFIQUE AHMED,"5,745,440.98",Rejected-AOC,20-Jun-2026,Department of Water Resources||Chief Engineer - DoWR
2025_PWD_45926_128,CE/DEV/TB/60/2025-26/06 Dtd- 14.07.2025,"MMPPNA_RIDF_XXXI_25_26_253 Construction of Mout Gaon Tiniali to Jugibheta, Molou Gaon to Sotai Dakhinpat Satra, Bhogpur Gajpuria and Na-Moutor Chuk Road under Mukhya Mantrir Paki Path Nirman Achani (MMPPNA) under RIDF-XXXI of NABARD for the year 2025","MMPPNA_RIDF_XXXI_25_26_253 Construction of Mout Gaon Tiniali to Jugibheta, Molou Gaon to Sotai Dakhinpat Satra, Bhogpur Gajpuria and Na-Moutor Chuk Road under Mukhya Mantrir Paki Path Nirman Achani (MMPPNA) under RIDF-XXXI of NABARD for the year 2025",Works,Open Tender,Item Rate,Civil Works – Roads,No,No,NA ,31-Jul-2025 06:00 PM,04-Aug-2025 12:00 PM ,180.0,No ,No,Online,14-Aug-2025 02:30 PM,Public Works Roads Department,Jorhat,785001.0,2.0,"4,85,52,000",M/s B.K. Mozika,"48,548,925",Rejected-Finance,17-Jun-2026,Public Works Roads Department
2025_PWD_45408_113,CE/DEV/TB/60/2025-26/01 Dtd- 21.06.2025,"MMPPNA_RIDF_XXXI_25_26_72 Construction of Road from (1) Bordandi to Sikerselek Road from Ch 0.00m to Ch 1000.00m, (2) Laimekuri Higher Secondary School to Nari Road from Ch 0.00m to Ch 1000.00m, (3) Bilaimara to Naharani via Namkir chuk fom Ch 0.00m","MMPPNA_RIDF_XXXI_25_26_72 Construction of Road from (1) Bordandi to Sikerselek Road from Ch 0.00m to Ch 1000.00m, (2) Laimekuri Higher Secondary School to Nari Road from Ch 0.00m to Ch 1000.00m, (3) Bilaimara to Naharani via Namkir chuk fom Ch 0.00m",Works,Open Tender,Item Rate,Civil Works – Roads,No,No,NA ,14-Jul-2025 09:00 AM,17-Jul-2025 12:00 PM ,180.0,No ,No,Online,28-Jul-2025 02:30 PM,Public Works Roads Department,Jonai,787060.0,2.0,"2,07,82,000",BIRAT BASUMATARY,"20,780,000",Rejected-Finance,16-Jun-2026,Public Works Roads Department
2025_PWBNH_49035_3,CE/TB-III(H_E)/40/2025/16 Dated Guwahati the 01/12/2025,Construction of New Building of 100 Secondary Schools under RIDF-XXXI (2025-26) for Batgharia HSS under Dhemaji DTBD( Package-55),Construction of New Building of 100 Secondary Schools under RIDF-XXXI (2025-26) for Batgharia HSS under Dhemaji DTBD( Package-55),Works,Open Tender,Item Rate,Civil Works - Building,No,No,NA ,04-Dec-2025 01:00 PM,10-Dec-2025 11:30 AM ,180.0,No ,No,Online,24-Dec-2025 04:00 PM,Public Works Building and NH Department||Chief Engineer-Building - PWBNH,Dhemaji,787057.0,2.0,"4,08,30,689",BALURAM DIHINGIA,"43,650,000",Rejected-AOC,10-Jun-2026,Public Works Building and NH Department||Chief Engineer-Building - PWBNH
2026_PWD_50815_2,CE/DEV/TB/120/2025-26/44 Dtd- 29.01.2026,"SOPD_G_25_26_56 Construction of Bhati Namdang Road (Ch. 0.00m to Ch. 1700m) under SOPD_G for the year 2025-26 of District-Dibrugarh, Tingkhong LAC","SOPD_G_25_26_56 Construction of Bhati Namdang Road (Ch. 0.00m to Ch. 1700m) under SOPD_G for the year 2025-26 of District-Dibrugarh, Tingkhong LAC",Works,Open Tender,Item Rate,Civil Works – Roads,No,No,NA ,04-Feb-2026 06:40 PM,06-Feb-2026 12:00 PM ,180.0,No ,No,Online,13-Feb-2026 02:30 PM,Public Works Roads Department,Dibrugarh,786001.0,2.0,"1,32,63,000",RIPAN BORAH,"13,262,000",Rejected-Finance,17-Jun-2026,Public Works Roads Department
2025_PWD_48289_2,CE/MAINT/SOPDG/01/2025-26/45,MAINT/SOPD-G/2025-26/154,MAINT/SOPD-G/2025-26/154_1_Reconstruction of Road from Tumni to Simlakandi High School and 2_Reconstruction of Road from HM Road to Kharuabanda via PHE Office 3_ Reconstruction of Road from Kutirghat Pathuria Road to Namargaon under SOPD_G for the ye,Works,Open Tender,Item Rate,Civil Works – Roads,No,No,NA ,30-Oct-2025 02:00 PM,31-Oct-2025 12:00 PM ,180.0,No ,No,Online,20-Nov-2025 04:00 PM,Public Works Roads Department,SouthSalmara_Mankachar,783131.0,2.0,"2,07,69,000",MR SHOBHAN KUMAR SAHA,"16,615,200",Accepted-AOC,16-Jun-2026,Public Works Roads Department
2025_PWBNH_49607_1,Tech-I(H_E)/95/2025/52 Dated Guwahati the 22nd December 2025,Construction of 100 Secondary Schools in 35 Districts of Assam under RIDF-XXXI (2025-26) for Belsor HS School under Nalbari DTBD Package 35,Construction of 100 Secondary Schools in 35 Districts of Assam under RIDF-XXXI (2025-26) for Belsor HS School under Nalbari DTBD Package 35,Works,Open Tender,Item Rate,Civil Works - Building,No,No,NA ,23-Dec-2025 05:00 PM,29-Dec-2025 11:30 AM ,180.0,No ,No,Online,03-Jan-2026 04:00 PM,Public Works Building and NH Department||Chief Engineer-Building - PWBNH,Nalbari,781303.0,2.0,"4,11,28,125",MD. MUNNAF AHMED,"44,100,000.5",Accepted-AOC,24-Jun-2026,Public Works Building and NH Department||Chief Engineer-Building - PWBNH
2025_PWD_46694_6,CE/DEV/TB/54/2025-26/09 Dated 11.08.2025,MMUPPNA-RIDF-XXXI-25-26-36 Improvement of Road from Tumpreng Hongkram Road to extension portion at Namtaradubi under Mukhya Mantrir Unnotta Pakipath Nirman Achani (MMUPPNA) Under RIDF-XXXI of NABARD for the year 2025-26.,MMUPPNA-RIDF-XXXI-25-26-36 Improvement of Road from Tumpreng Hongkram Road to extension portion at Namtaradubi under Mukhya Mantrir Unnotta Pakipath Nirman Achani (MMUPPNA) Under RIDF-XXXI of NABARD for the year 2025-26.,Works,Open Tender,Item Rate,Civil Works – Roads,No,No,NA ,19-Aug-2025 06:00 PM,21-Aug-2025 12:00 PM ,180.0,No ,No,Online,09-Sep-2025 02:30 PM,Public Works Roads Department,West Karbi Anglong,782460.0,2.0,"3,77,00,000",Sri Giri Kanta Borah,"37,699,000",Accepted-AOC,04-Jun-2026,Public Works Roads Department
2025_PWD_47347_1,CE/DEV/TB/122/2025-26/10 Dtd- 18.08.2025,"BTR_RIDF_XXXI_25_26_58 Improvement of road from 1. Dihira M.V school to Bhutankhuti LP School,2. Barimakha Model village road under RIDF-XXXI of NABARD for the year 2025-26","BTR_RIDF_XXXI_25_26_58 Improvement of road from 1. Dihira M.V school to Bhutankhuti LP School,2. Barimakha Model village road under RIDF-XXXI of NABARD for the year 2025-26",Works,Open Tender,Item Rate,Civil Works – Roads,No,No,NA ,06-Sep-2025 05:00 PM,06-Sep-2025 06:00 PM ,180.0,No ,No,Online,20-Sep-2025 02:30 PM,Public Works Roads Department,Baksa,781315.0,2.0,"3,14,46,000",NITUL KUMAR RABHA,"31,445,974",Rejected-Finance,18-Jun-2026,Public Works Roads Department
2026_ID_50828_4,9 _SDMF_2025-26_I_1422306_2026 Date_ 04_02_2026,Bank Protection Work at Bajali ELIS (Choudhurypara Point) under State Disaster Mitigation Fund (SDMF) for the year 2023-24 under Tihu Division Irrigation Tihu Package_4,Bank Protection Work at Bajali ELIS (Choudhurypara Point) under State Disaster Mitigation Fund (SDMF) for the year 2023-24 under Tihu Division Irrigation Tihu Package_4,Works,Open Tender,Item Rate,Civil Works,No,No,NA ,05-Feb-2026 06:00 PM,07-Feb-2026 02:00 PM ,180.0,No ,No,Online,27-Feb-2026 03:00 PM,Irrigation Department||Chief Engineer(Major)-Irrigation Dept,Tihu,781371.0,2.0,"46,58,817",APURBA BARUA,"4,192,935.28",Accepted-AOC,02-Jun-2026,Irrigation Department||Chief Engineer(Major)-Irrigation Dept
2025_ICD_47895_1,DNPL/PC/2025/CRS/ASRTPIP/72/14,PROCUREMENT OF ASSORTED PIPES,PROCUREMENT OF ASSORTED PIPES,Goods,Open Tender,Supply,Mechanical Engg Items,No,No,NA ,08-Oct-2025 03:30 PM,13-Oct-2025 02:00 PM ,180.0,No ,No,Online,06-Nov-2025 11:00 AM,Industries and Commerce Department||DNP Limited,Duliajan,786602.0,2.0,,AMARDEEP STEEL CENTRE LLP,"1,835,984.67",Rejected-Technical,23-Jun-2026,Industries and Commerce Department||DNP Limited
2025_PWD_45491_14,CE/Commn/16/2025-26/2,Margherita / SOPD/ 4,1) Construction of Road from Sang Narayan Tiniali to Arunachal CPWD Road via Gurkha Shiv Mandir 2) Extension of Office Building Improvement of Office Parking Area of Digboi Margherita Territorial Road Division under SOPDG 25-26,Works,Open Tender,Item Rate,Civil Works – Roads,No,No,NA ,10-Jul-2025 06:30 PM,18-Jul-2025 04:00 PM ,180.0,No ,No,Online,30-Jul-2025 02:30 PM,Public Works Roads Department,Margherita,786181.0,2.0,"1,70,09,000",Kalyan Chetia,"17,008,000",Rejected-AOC,06-Jun-2026,Public Works Roads Department
2025_PWRDW_49401_9,RFB No. 716719/10,Biswanath/16 i) Br. No. 1/1 on Tinikunia Bourai TE Road,CE/EAP/ARRBP/OCB/Bridge1/Biswanath/16 Construction of Bridge in Biswanath district i) Br. No. 1/1 on Tinikunia Bourai TE Road,Works,Open Tender,Item Rate,Civil Works - Bridges,No,No,NA ,17-Dec-2025 09:00 AM,23-Dec-2025 11:00 AM ,180.0,No ,No,Online,06-Jan-2026 02:30 PM,Public Works Roads Department-Externally Aided Project||Public Works Road Department- World Bank Funded Tenders||PWD (R) - ARRBP,Biswanath,784176.0,2.0,"5,12,34,000",BINIT KUMAR AGARWALLA,"52,747,520",Accepted-AOC,02-Jun-2026,Public Works Roads Department-Externally Aided Project||Public Works Road Department- World Bank Funded Tenders||PWD (R) - ARRBP
2026_PWD_51128_1,CE/NEC/SSR/54/2025-26,CE/NEC/SSR/54/2025-26,Construction of Road from Singri to no 1 sitalmari in Assam under NESIDS,Works,Open Tender,Lump-sum,Civil Works,No,No,NA ,13-Feb-2026 04:30 PM,19-Feb-2026 12:00 PM ,180.0,No ,No,Online,06-Mar-2026 02:00 PM,Public Works Roads Department,Singri,784110.0,2.0,,Pabitra Boro,"193,230,000",Accepted-AOC,22-Jun-2026,Public Works Roads Department
2025_PWRDW_49401_11,RFB No. 716719/10,Sonitpur/21 i) Br. No. 1/1 on Singri to Ratanjuli Road,CE/EAP/ARRBP/OCB/Bridge1/Sonitpur/21 Construction of Bridge in Sonitpur district i) Br. No. 1/1 on Singri to Ratanjuli Road,Works,Open Tender,Item Rate,Civil Works - Bridges,No,No,NA ,17-Dec-2025 09:00 AM,23-Dec-2025 11:00 AM ,180.0,No ,No,Online,06-Jan-2026 02:30 PM,Public Works Roads Department-Externally Aided Project||Public Works Road Department- World Bank Funded Tenders||PWD (R) - ARRBP,Sonitpur,784112.0,2.0,"2,71,06,000",DEEPAK KUMAR BUCHA,"28,311,153.08",Accepted-AOC,26-Jun-2026,Public Works Roads Department-Externally Aided Project||Public Works Road Department- World Bank Funded Tenders||PWD (R) - ARRBP
2025_PWBNH_47384_2,CE/TB-III/(H_E)/21/2024/6 Dated 19/085/2025,"Construction of 50 bedded Critical Care Hospital Block (CCB) at Golaghat Medical College and Hospital in Golaghat district, Assam under PMABHIM","Construction of 50 bedded Critical Care Hospital Block (CCB) at Golaghat Medical College and Hospital in Golaghat district, Assam under PMABHIM",Works,Open Tender,Item Rate,Civil Works - Building,No,No,NA ,09-Sep-2025 01:05 PM,15-Sep-2025 11:30 AM ,180.0,No ,No,Online,10-Oct-2025 03:30 PM,Public Works Building and NH Department||Chief Engineer-Building - PWBNH,Golaghat,785621.0,2.0,"19,03,54,982",M/S. M.P. AGARWALLA,"212,503,640",Accepted-AOC,23-Jun-2026,Public Works Building and NH Department||Chief Engineer-Building - PWBNH
2025_PWRDW_49401_8,RFB No. 716719/10,Biswanath/15 i) Br. No. 1/1 on Lohitmukh Lopeichuk connecting Road,CE/EAP/ARRBP/OCB/Bridge1/Biswanath/15 Construction of Bridge in Biswanath district i) Br. No. 1/1 on Lohitmukh Lopeichuk connecting Road,Works,Open Tender,Item Rate,Civil Works - Bridges,No,No,NA ,17-Dec-2025 09:00 AM,23-Dec-2025 11:00 AM ,180.0,No ,No,Online,06-Jan-2026 02:30 PM,Public Works Roads Department-Externally Aided Project||Public Works Road Department- World Bank Funded Tenders||PWD (R) - ARRBP,Biswanath,784176.0,2.0,"4,96,41,000",Dhruba Jyoti Saikia,"52,004,018.32",Accepted-AOC,02-Jun-2026,Public Works Roads Department-Externally Aided Project||Public Works Road Department- World Bank Funded Tenders||PWD (R) - ARRBP
2025_BTC_49248_25,ACE-22/PWD/NIT/GOODWILL/25-26,Construction of CC Block road from Ganda Longa to Kanpur village under CMs Goodwill Mission Project under RIDF-XXXI of NABARD for the year 2025-26. (Package No. TN_68_UDL_RIDF-XXXI_25),Construction of CC Block road from Ganda Longa to Kanpur village under CMs Goodwill Mission Project under RIDF-XXXI of NABARD for the year 2025-26.,Works,Open Tender,Item Rate,Civil Works – Roads,No,No,NA ,12-Dec-2025 10:00 AM,26-Dec-2025 12:00 PM ,180.0,No ,No,Online,03-Jan-2026 11:00 AM,Bodoland Territorial Council-PWD||Director Cum CHD - PWD BTC,Udalguri,784509.0,2.0,"1,39,99,994",MEERA DAIMARI,"13,997,994",Rejected-AOC,17-Jun-2026,Bodoland Territorial Council-PWD||Director Cum CHD - PWD BTC
2024_PWRDW_41734_10,CEEAPARRBP02TENDERS2024/33,Construction of Bridge in Kokrajhar district i.Br. No. 3/1 on Dumbruguri to Fulkumari,CE/EAP/ARRBP/OCB/Bridge-1/Kokrajhar/06 Construction of Bridge in Kokrajhar district i.Br. No. 3/1 on Dumbruguri to Fulkumari,Works,Open Tender,Item Rate,Civil Works,No,No,NA ,27-Dec-2024 06:55 PM,08-Jan-2025 11:00 AM ,90.0,No ,No,Online,24-Jan-2025 02:30 PM,Public Works Roads Department-Externally Aided Project||Public Works Road Department- World Bank Funded Tenders||Assam State Bridge Infrastructure Program,Kokrajhar,783370.0,2.0,"1,43,25,000",AMIT BRAHMA,"14,315,374",Rejected-Finance,06-Jun-2026,Public Works Roads Department-Externally Aided Project||Public Works Road Department- World Bank Funded Tenders||Assam State Bridge Infrastructure Program
2026_DoWR_49886_1,JORHAT/2025-26/ PDNA/WORK/III,Restoration of flood damage for PDNA 2022 of B/Dyke from Gohaingaon to Charigaon at Dainigaon area.,Restoration of flood damage for PDNA 2022 of B/Dyke from Gohaingaon to Charigaon at Dainigaon area.,Works,Open Tender,Works,Civil Works,No,No,NA ,03-Jan-2026 12:00 PM,NA ,180.0,No ,No,Online,13-Jan-2026 03:00 PM,Department of Water Resources||Chief Engineer - DoWR,Jorhat,785001.0,2.0,"40,95,297",MOHAN CH DAS,"4,095,054.47",Accepted-AOC,10-Jun-2026,Department of Water Resources||Chief Engineer - DoWR
2025_BTC_49231_1,No.ACE-22/PWD/NIT/GOODWILL,"Construction of road from Dhaligaon to Dwlwgami with 1 no. RCC Box Cell Bridge (Length-1.40 Km) of Chirang District, BTC, Assam under CMs Goodwill Mission Project under RIDF-XXXI of NABARD for the year 2025-26. TN_71_CHR_RIDF-XXXI_16","Construction of road from Dhaligaon to Dwlwgami with 1 no. RCC Box Cell Bridge (Length-1.40 Km) of Chirang District, BTC, Assam under CMs Goodwill Mission Project under RIDF-XXXI of NABARD for the year 2025-26. TN_71_CHR_RIDF-XXXI_16",Works,Open Tender,Item Rate,Civil Works – Roads,No,No,NA ,12-Dec-2025 10:00 AM,NA ,180.0,No ,No,Online,03-Jan-2026 02:00 PM,Bodoland Territorial Council-PWD||Director Cum CHD - PWD BTC,Chirang,783393.0,2.0,"1,99,98,228",Globe India Enterprise,"19,972,973.59",Accepted-AOC,04-Jun-2026,Bodoland Territorial Council-PWD||Director Cum CHD - PWD BTC
2025_PWD_49177_1,EE/DCLKT/NIT/SOPD-G/1/2025/5,"Construction of i Mohan Deodhai Path at Haldhibari Deodhai Gaon L 0.73 Km, ii Indira Ali at Pathalibam L 1.20 Km by providing Gravel Wearing Course GWC under SOPD-G for the year 2025-26","Construction of i Mohan Deodhai Path at Haldhibari Deodhai Gaon L 0.73 Km, ii Indira Ali at Pathalibam L 1.20 Km",Works,Open Tender,Item Rate,Civil Works – Roads,No,No,NA ,11-Dec-2025 02:00 PM,NA ,180.0,No ,No,Online,24-Dec-2025 02:30 PM,Public Works Roads Department,Khowang,785676.0,2.0,"22,21,000",Chitra Ranjan Gogi,"2,218,937",Rejected-AOC,12-Jun-2026,Public Works Roads Department
2026_AHVD_51680_7,E-763721/25-26/DFA/1653637/03,"Construction of Poulty Shed, Duch shed, Feed mill cum Godownand and training Builiding at Duch cum poulty Farm, Joysagar in Sivasagar District Under RIDF- XXXI","Construction of Poulty Shed, Duch shed, Feed mill cum Godownand and training Builiding at Duch cum poulty Farm, Joysagar in Sivasagar District Under RIDF- XXXI",Works,Open Tender,Item Rate,Civil Works,No,No,NA ,05-Mar-2026 05:55 PM,09-Mar-2026 01:00 PM ,180.0,No ,No,Online,22-Apr-2026 02:00 PM,Animal Husbandry and Veterinary Department||Directorate of A.H. and Veterinary||Assam Livestock and Poultry Corporation Ltd.,Sivasagar,785665.0,2.0,"2,59,00,000",Friend Enterprise,"25,899,000",Rejected-Finance,17-Jun-2026,Animal Husbandry and Veterinary Department||Directorate of A.H. and Veterinary||Assam Livestock and Poultry Corporation Ltd.
2026_ID_50828_5,9 _SDMF_2025-26_I_1422306_2026 Date_ 04_02_2026,Bank Protection Work at Barpeta ELIS (Hariharghat Point) under State Disaster Mitigation Fund (SDMF) for the year 2023-24under Tihu Division Irrigation Tihu Package_5,Bank Protection Work at Barpeta ELIS (Hariharghat Point) under State Disaster Mitigation Fund (SDMF) for the year 2023-24under Tihu Division Irrigation Tihu Package_5,Works,Open Tender,Item Rate,Civil Works,No,No,NA ,05-Feb-2026 06:00 PM,07-Feb-2026 02:00 PM ,180.0,No ,No,Online,27-Feb-2026 03:00 PM,Irrigation Department||Chief Engineer(Major)-Irrigation Dept,Tihu,781371.0,2.0,"34,89,443",PARAG TALUKDAR,"3,140,498.58",Rejected-Technical,02-Jun-2026,Irrigation Department||Chief Engineer(Major)-Irrigation Dept
2026_BoTC_51787_1,TECH-28/SE(RB)/2019-20/21,Const. of ICBP road at Jaobari village at Bijni in Chirang District for the year 2025-26 (Part-I) (From Ch.0.00m to Ch.950.00m). TN-394-7.,Const. of ICBP road at Jaobari village at Bijni in Chirang District for the year 2025-26 (Part-I) (From Ch.0.00m to Ch.950.00m). TN-394-7.,Works,Open Tender,Works,Civil Works – Roads,No,No,NA ,09-Mar-2026 02:00 PM,NA ,180.0,No ,No,Online,30-Mar-2026 02:00 PM,Bodoland Territorial Council||PWD-BTC,Chirang,783385.0,2.0,"99,99,533",PINKU NARZARY,"9,997,649",Rejected-Finance,16-Jun-2026,Bodoland Territorial Council||PWD-BTC
2026_BoTC_52284_1,TECH-28/SE(RB)/2019-20/26,Const. of ICBP road with 1 No. Culvert at Sigunbari Saotal Bosti to Barlawgaon Dahalpara road at Bijni in Chirang District for the year 2025-26. TN- 394-1.,Const. of ICBP road with 1 No. Culvert at Sigunbari Saotal Bosti to Barlawgaon Dahalpara road at Bijni in Chirang District for the year 2025-26. TN- 394-1.,Works,Open Tender,Works,Civil Works – Roads,No,No,NA ,11-May-2026 06:00 PM,NA ,180.0,No ,No,Online,20-May-2026 02:00 PM,Bodoland Territorial Council||PWD-BTC,Chirang,783385.0,2.0,"99,99,781",Sibji Rabi Das,"9,993,955",Rejected-Finance,09-Jun-2026,Bodoland Territorial Council||PWD-BTC
2025_PWD_46694_7,CE/DEV/TB/54/2025-26/09 Dated 11.08.2025,MMUPPNA-RIDF-XXXI-25-26-37 Improvement of road from Satgaon to Langsudo Road under Mukhya Mantrir Unnotta Pakipath Nirman Achani (MMUPPNA) Under RIDF-XXXI of NABARD for the year 2025-26.,MMUPPNA-RIDF-XXXI-25-26-37 Improvement of road from Satgaon to Langsudo Road under Mukhya Mantrir Unnotta Pakipath Nirman Achani (MMUPPNA) Under RIDF-XXXI of NABARD for the year 2025-26.,Works,Open Tender,Item Rate,Civil Works – Roads,No,No,NA ,19-Aug-2025 06:00 PM,21-Aug-2025 12:00 PM ,180.0,No ,No,Online,09-Sep-2025 02:30 PM,Public Works Roads Department,West Karbi Anglong,782460.0,2.0,"6,95,00,000",Sri Giri Kanta Borah,"69,499,000",Accepted-AOC,04-Jun-2026,Public Works Roads Department
2026_PWD_51149_1,EE/HDTRD/TB/95/2024-25/13,HDTRD/PDNA-22/12 Recovery and Reconstruction of Karikhana to Manduli Road under NDRF(PDNA-2022) for the year 2025-26 in Hojai District,Recovery and Reconstruction of Karikhana to Manduli Road under NDRF(PDNA-2022) for the year 2025-26 in Hojai District,Works,Open Tender,Item Rate,Civil Works,No,No,NA ,14-Feb-2026 09:00 AM,14-Feb-2026 03:00 PM ,180.0,No ,No,Online,19-Feb-2026 02:30 PM,Public Works Roads Department,Hojai,782435.0,2.0,"1,29,97,000",BILALUDDIN AHMED,"12,997,000",Accepted-AOC,19-Jun-2026,Public Works Roads Department
2025_PWBNH_49035_2,CE/TB-III(H_E)/40/2025/16 Dated Guwahati the 01/12/2025,"Construction of New Building of 100 Secondary Schools under RIDF-XXXI (2025-26) for Jogai Mathura HSS under Lakhipur, Borkhola and Katigorah DTBD ( Package-52)","Construction of New Building of 100 Secondary Schools under RIDF-XXXI (2025-26) for Jogai Mathura HSS under Lakhipur, Borkhola and Katigorah DTBD ( Package-52)",Works,Open Tender,Item Rate,Civil Works - Building,No,No,NA ,04-Dec-2025 12:30 PM,10-Dec-2025 11:30 AM ,180.0,No ,No,Online,24-Dec-2025 04:00 PM,Public Works Building and NH Department||Chief Engineer-Building - PWBNH,Katigorah,788804.0,2.0,"4,12,18,262",Ganesh Daimary,"44,864,262",Rejected-AOC,17-Jun-2026,Public Works Building and NH Department||Chief Engineer-Building - PWBNH
2026_PWD_51699_1,SE/MRC/TB/NIT/01/2023-24/93,SE/MRC/TB/NIT/01/2023-24/93,Name of Work Construction of Road from NH-27 at Dharamtul to Barangabari via Morigaon Town under Asom Mala 3.0 for the year 2025-26 of Morigaon District. Morigaon and Jagirod LAC (SC) (Construction of Project Office Building),Works,Open Tender,Item Rate,Civil Works – Roads,No,No,NA ,06-Mar-2026 04:00 PM,NA ,180.0,No ,No,Online,13-Mar-2026 04:00 PM,Public Works Roads Department||CE PWD(R) - PWD,Morigaon,782105.0,2.0,"21,86,236",BALEN CHANDRA DAS,"2,186,236",Accepted-AOC,02-Jun-2026,Public Works Roads Department||CE PWD(R) - PWD
2026_CU_50825_1,CU/EC/2026/166/1531-36,BALANCE WORK FOR CONSTRUCTION OF ACADEMIC BLOCK FOR GEOLOGY DEPARTMENT,"Civil, Electrical, Sanitary and Fire Fighting Works.",Works,Open Tender,Item Rate,Civil Works - Building,No,No,NA ,06-Feb-2026 04:00 PM,NA ,180.0,No ,No,Online,13-Feb-2026 03:00 PM,Cotton University,COTTON UNIVERSITY,781001.0,2.0,"1,47,26,555",Kamal Singh Dugar,"13,005,496",Rejected-Finance,02-Jun-2026,Cotton University
2026_BoTC_52244_1,SE(B)/21-22/Pt-IV/04/567_1,Package No.567_1,Renovation of Ground floor and repairing of First and second floor of Bodoland Guest house at Udalguri.,Works,Open Tender,Item Rate,Civil Works - Building,No,No,NA ,08-May-2026 04:00 PM,NA ,180.0,No ,No,Online,29-May-2026 01:30 PM,Bodoland Territorial Council||PWD-BTC,Udalguri dist,784509.0,2.0,"89,34,647",MANAS DAS,"9,422,000",Accepted-AOC,10-Jun-2026,Bodoland Territorial Council||PWD-BTC
2026_BTC_50970_1,No.ACE-133/PWD/G.79/2025-26/66,"Improvement of Orang Bodo Sahitya Bhawan, Orang under SOPD Bodoland Welfare Department 2025-26. TN_108_07","Improvement of Orang Bodo Sahitya Bhawan, Orang under SOPD Bodoland Welfare Department 2025-26. TN_108_07",Works,Open Tender,Item Rate,Civil Works - Building,No,No,NA ,09-Feb-2026 09:00 AM,NA ,180.0,No ,No,Online,21-Feb-2026 02:00 PM,Bodoland Territorial Council-PWD||Director Cum CHD - PWD BTC,Kokrajhar,783370.0,2.0,"30,00,000",JAGANNATH DAIMARI,"2,999,315.01",Rejected-AOC,03-Jun-2026,Bodoland Territorial Council-PWD||Director Cum CHD - PWD BTC
2025_PWD_49573_27,CE/Commn/192/PDNA/2025-26/02,PDNA/ Dima Hasao/08,Recovery and Reconstruction of Natun Gunjung North Bagetar New Hospital Road under NDRF(PDNA-2022) for the year 2025-26.,Works,Open Tender,Item Rate,Civil Works – Roads,No,No,NA ,23-Dec-2025 04:00 PM,26-Dec-2025 04:00 PM ,180.0,No ,No,Online,09-Jan-2026 02:30 PM,Public Works Roads Department,Dima Hasao,788819.0,2.0,"1,00,00,000",BORDIP LANGTHASA,"8,858,599",Rejected-AOC,16-Jun-2026,Public Works Roads Department
2026_PCCF_50796_1,JRT/ SOPD/ Reduce Man Animal Conflict / 2025-26/04,Construction of Tongi Ghar,Construction of Tongi Ghar under Mariani Range of Jorhat Division,Works,Open Tender,Works,Civil Works,No,No,NA ,05-Feb-2026 06:30 PM,NA ,45.0,No ,No,Online,26-Feb-2026 04:00 PM,"Pr. Chief Conservator of Forest and Head of Forest Force||Chief Conservator of Forests (Upper Assam Zone)||Eastern Assam Circle, Jorhat||Jorhat Division",Mariani,785634.0,2.0,"22,50,000",Arpan Sarman,"2,250,000",Rejected-Technical,23-Jun-2026,"Pr. Chief Conservator of Forest and Head of Forest Force||Chief Conservator of Forests (Upper Assam Zone)||Eastern Assam Circle, Jorhat||Jorhat Division"
2026_BoTC_50233_1,TECH-28/SE(RB)/2019-20/05,Recovery and Reconstruction of Sujit Narzary Road Br. .No3/1. Under NDRF (PDNA-2022) For The Year 2025-26. TN-386-2.,Recovery and Reconstruction of Sujit Narzary Road Br. .No3/1. Under NDRF (PDNA-2022) For The Year 2025-26. TN-386-2.,Works,Open Tender,Works,Civil Works – Roads,No,No,NA ,13-Jan-2026 06:00 PM,NA ,180.0,No ,No,Online,03-Feb-2026 02:00 PM,Bodoland Territorial Council||PWD-BTC,Baksa,781346.0,2.0,"14,99,965",Bristi Boro,"1,498,490",Accepted-AOC,18-Jun-2026,Bodoland Territorial Council||PWD-BTC
2026_PWD_50395_1,BMCTRD/NDRF/2025-26/MAN_15,BMCTRD/NDRF/2025-26/MAN_15,Recovery and Reconstruction of Manash Bridge approach to Barpeta FAA Medical College SH 2 under NDRF PDNA 2022 for the year 2025-26,Works,Open Tender,Item Rate,Civil Works – Roads,No,No,NA ,21-Jan-2026 11:00 AM,NA ,180.0,No ,No,Online,03-Feb-2026 11:00 AM,Public Works Roads Department,Barpeta,781301.0,2.0,"95,00,000",BISWADEV DAS,"9,498,946",Rejected-Technical,20-Aug-2026,Public Works Roads Department
2026_PWD_52477_1,CS/JTRD/SOPD-G/10/2026-27,Construction of Dijendra Path near North Guwahati College Chowk under 50PD-G for the year 2025-26.,Construction of Dijendra Path near North Guwahati College Chowk under 50PD-G for the year 2025-26.,Works,Open Tender,Item Rate,Civil Works – Roads,No,No,NA ,22-May-2026 03:00 PM,NA ,180.0,No ,No,Online,30-May-2026 02:00 PM,Public Works Roads Department,North Guwahati,781030.0,2.0,"20,54,000",Sri Dhiraj Bania,"2,053,800",Accepted-AOC,18-Jun-2026,Public Works Roads Department
2026_WPTBC_52475_1,SCDCTECHDWSC2,Construction of Community Hall at Kamrup District,Construction of Community Hall at Kamrup District,Works,Open Tender,Item Rate,Civil Works,No,No,NA ,22-May-2026 03:00 PM,NA ,180.0,No ,No,Online,01-Jun-2026 03:00 PM,Welfare of Plain Tribes and Backward Classes||Directorate of Welfare of Scheduled Caste||Assam State Development Corporation for SC,"Dispur,Ghy",781006.0,2.0,"24,60,000",PUTUL MILI,"2,460,000",Rejected-AOC,25-Jun-2026,Welfare of Plain Tribes and Backward Classes||Directorate of Welfare of Scheduled Caste||Assam State Development Corporation for SC
2026_ICD_50218_1,C and P/INST/EVC METER/2026-27/,"Supply of Turbine Gas Flow Meter with EVC, G- 160 and G -250","Supply of Turbine Gas Flow Meter with EVC, G- 160 and G -250",Services,Open Tender,Buy,Supply/Erection/Commissioning Services,No,No,NA ,13-Jan-2026 12:00 PM,NA ,120.0,No ,No,Online,18-Feb-2026 12:00 PM,Industries and Commerce Department||Assam Gas Company Ltd - ICD,"AGCL, Duliajan",786602.0,2.0,,Honeywell Automation India Limited,"12,626,000",Rejected-Finance,16-Jun-2026,Industries and Commerce Department||Assam Gas Company Ltd - ICD
2025_PWD_47473_1,SEMRC/TB/NIT/O1/2023-24/69,Construction of road from Guwalguri Adarsha Gaon PWD Road to Kuji Beel Par Construction of road from Khandajan Bakori Chapori Road to Singimari via Singimari Namghar Construction of Mayangial to Mayangial village road,Construction of road from Guwalguri Adarsha Gaon PWD Road to Kuji Beel Par Construction of road from Khandajan Bakori Chapori Road to Singimari via Singimari Namghar Construction of Mayangial to Mayangial village road,Works,Open Tender,Item Rate,Civil Works – Roads,No,No,NA ,11-Sep-2025 04:00 PM,NA ,180.0,No ,No,Online,26-Sep-2025 05:00 PM,Public Works Roads Department||CE PWD(R) - PWD,SE Morigaon,782105.0,2.0,"1,79,94,000",ANJAN KUMAR NATH,"17,993,000",Rejected-Finance,23-Jun-2026,Public Works Roads Department||CE PWD(R) - PWD
2026_BoTC_50829_1,TECH-28/SE(RB)/2019-20/09,Construction of 1 No. RCC Box Cell Culvert with 2 Cell near 978 Turibari LP School Patabari PWD under Patabari VCDC under Sidli Chirang Dev. Block under Chirang District. TN-388-1.,Construction of 1 No. RCC Box Cell Culvert with 2 Cell near 978 Turibari LP School Patabari PWD under Patabari VCDC under Sidli Chirang Dev. Block under Chirang District. TN-388-1.,Works,Open Tender,Works,Civil Works – Roads,No,No,NA ,05-Feb-2026 03:00 PM,NA ,180.0,No ,No,Online,19-Feb-2026 02:00 PM,Bodoland Territorial Council||PWD-BTC,Chirang,783385.0,2.0,"31,18,906",Birkang Wary,"3,117,645",Rejected-Finance,16-Jun-2026,Bodoland Territorial Council||PWD-BTC
2025_BTC_49356_1,No.ACE-22/PWD/NIT/GW/25-26/19,Construction of road from Bharatnagar to Takampur road by providing SDBC under CMs Goodwill Mission-RIDF-XXXI for the year 2025-26. TN_67KOK_RIDF-XXXI-46,Construction of road from Bharatnagar to Takampur road by providing SDBC under CMs Goodwill Mission-RIDF-XXXI for the year 2025-26. TN_67KOK_RIDF-XXXI-46,Works,Open Tender,Item Rate,Civil Works – Roads,No,No,NA ,15-Dec-2025 12:00 PM,NA ,180.0,No ,No,Online,07-Jan-2026 11:00 AM,Bodoland Territorial Council-PWD||Director Cum CHD - PWD BTC,Kokrajhar,783370.0,2.0,"1,00,00,000",Arjun Saha,"9,999,460",Rejected-AOC,09-Jun-2026,Bodoland Territorial Council-PWD||Director Cum CHD - PWD BTC
2026_BoTC_52246_1,SE(B)/21-22/Pt-IV/14/568_1,Package No.568_1,Construction of Marketing Infrastructure at Jaraguri Bazar and Gokulkata Bazar in Kokrajhar District under RIDF-XXXI.,Works,Open Tender,Item Rate,Civil Works - Building,No,No,NA ,08-May-2026 04:00 PM,NA ,180.0,No ,No,Online,29-May-2026 01:30 PM,Bodoland Territorial Council||PWD-BTC,Kokrajhar dist,783361.0,2.0,"75,52,041",MANAS DAS,"7,998,300",Accepted-AOC,10-Jun-2026,Bodoland Territorial Council||PWD-BTC
2026_BTC_50972_1,No.ACE-133/PWD/G.79/2025-26/66,"Renovation and improvement of AATSA Bhawan building at Naharjhar under SOPD Bodoland Welfare Department, 2025-26. TN_108_09","Renovation and improvement of AATSA Bhawan building at Naharjhar under SOPD Bodoland Welfare Department, 2025-26. TN_108_09",Works,Open Tender,Item Rate,Civil Works - Building,No,No,NA ,09-Feb-2026 09:00 AM,NA ,180.0,No ,No,Online,21-Feb-2026 02:00 PM,Bodoland Territorial Council-PWD||Director Cum CHD - PWD BTC,Kokrajhar,783370.0,2.0,"26,27,843",JAGANNATH DAIMARI,"2,625,696",Rejected-AOC,06-Jun-2026,Bodoland Territorial Council-PWD||Director Cum CHD - PWD BTC
2026_PWD_50168_16,BSPTRD/TECH/PDNA/168/2025-26,BSPTRD/PDNA/2025-26/16,Recovery and Reconstruction of Hatirtari to Kharma road via Kohinoor MEM under PKG. No. AS-01-195 under NDRF (PDNA-2022) for the year 2025-26 (25-Pakabetbari LAC),Works,Open Tender,Item Rate,Civil Works – Roads,No,No,NA ,13-Jan-2026 10:00 AM,NA ,180.0,No ,No,Online,02-Feb-2026 02:00 PM,Public Works Roads Department,Barpeta Road,781315.0,2.0,"50,00,000",BISWADEV DAS,"4,249,999.99",Rejected-Finance,26-Jun-2026,Public Works Roads Department
2026_GMC_50843_2,GER/CE/2543/2026/13 Date_04 /02/2026,Construction of Storm Water Inner Drain from Jyoti Path to Shiv Mandir Jonakpur,Construction of Various Works under Guwahati Municipal Corporation,Works,Open Tender,Lump-sum,Miscellaneous Works,No,No,NA ,05-Feb-2026 05:00 PM,09-Feb-2026 12:00 PM ,180.0,No ,No,Online,27-Feb-2026 02:30 PM,Guwahati Municipal Corporation,Guwahati,781006.0,2.0,,BISWAJIT SARMA,"15,005,120",Rejected-Technical,16-Jun-2026,Guwahati Municipal Corporation
2026_GMC_51865_1,GER/CE/2525/2025/Part_I/48 Dated_07/03/2026,Package No. DSLT-Div-IV/3,"Cleaning, Desilting and Maintenance of Drains (Package No. DSLT-Div-IV/3) under Mitigation of Urban Flood in Guwahati City under Guwahati Municipal Corporation for the year 2026",Works,Open Tender,Lump-sum,Miscellaneous Works,No,No,NA ,10-Mar-2026 06:00 PM,NA ,120.0,No ,No,Online,30-Mar-2026 03:00 PM,Guwahati Municipal Corporation,Guwahati,781006.0,2.0,"13,41,000",ASHOK KUMAR RAYMEDHI,"843,489",Rejected-AOC,20-Jun-2026,Guwahati Municipal Corporation
2026_BoTC_49980_1,SE(RB)/20-21/Pt-III/18/195_4,Package No.195_4,"Construction of ICBP road from Landanguri Chuburi PWD road to Siliputa under PWD, AOP BTC for the year 2024-25.",Works,Open Tender,Item Rate,Civil Works – Roads,No,No,NA ,06-Jan-2026 02:00 PM,NA ,180.0,No ,No,Online,20-Jan-2026 01:30 PM,Bodoland Territorial Council||PWD-BTC,Udalguri dist,784509.0,2.0,"1,42,15,000",BHABA DEV MAHANTA,"14,214,000",Accepted-AOC,03-Jun-2026,Bodoland Territorial Council||PWD-BTC
2026_PWD_49839_6,SKTRD/Tech/122/2025-26,SKTRD/NDRF(PDNA-2022)/25-26/6,Recovery and Reconstruction of Jaokatagaon to Nimurtari under NDRF (PDNA-2022) for the year 2025-26.,Works,Open Tender,Item Rate,Civil Works – Roads,No,No,NA ,02-Jan-2026 02:00 PM,09-Jan-2026 12:00 PM ,180.0,No ,No,Online,22-Jan-2026 02:30 PM,Public Works Roads Department,Kamrup Rural,781125.0,2.0,"18,00,000",BISWAJIT RABHA,"1,556,994.38",Rejected-Finance,01-Jun-2026,Public Works Roads Department
2025_PWD_45926_36,CE/DEV/TB/60/2025-26/06 Dtd- 14.07.2025,MMPPNA_RIDF_XXXI_25_26_165 Construction of Road from NH 15 at Rangajan to Karibil HS School via Rangajan Kachari LP School under Mukhya Mantrir Paki Path Nirman Achani (MMPPNA) under RIDF-XXXI of NABARD for the year 2025-26.,MMPPNA_RIDF_XXXI_25_26_165 Construction of Road from NH 15 at Rangajan to Karibil HS School via Rangajan Kachari LP School under Mukhya Mantrir Paki Path Nirman Achani (MMPPNA) under RIDF-XXXI of NABARD for the year 2025-26.,Works,Open Tender,Item Rate,Civil Works – Roads,No,No,NA ,28-Jul-2025 12:00 PM,04-Aug-2025 12:00 PM ,180.0,No ,No,Online,14-Aug-2025 02:30 PM,Public Works Roads Department,Behali,784166.0,2.0,"3,07,01,000",ARPANAM KAKATI,"30,700,000",Rejected-Finance,22-Jun-2026,Public Works Roads Department
2025_WREAP_49485_1,NCS-AF-07-RP/Lot 4,"Engagement of NGO/ Firm for Implementation support of resettlement plan in four subproject areas (Lot 4- Barpeta, Dhubri and Goalpara Districts)","Engagement of NGO/ Firm for Implementation support of resettlement plan in four subproject areas (Lot 4- Barpeta, Dhubri and Goalpara Districts)",Services,Limited,Lump-sum,Miscellaneous Services,No,No,NA ,19-Dec-2025 02:35 PM,26-Dec-2025 03:00 PM ,90.0,No ,No,Not Applicable,12-Jan-2026 04:00 PM,Department of Water Resources-Externally Aided Project||Flood and River Erosion Management Agency of Assam||WRD- ADB Funded Tenders,"Barpeta, Dhubri and Goalpara Districts",781029.0,1.0,,AMAR PRAYAS GOSTHI,"5,010,000",Rejected-Technical,16-Jun-2026,Department of Water Resources-Externally Aided Project||Flood and River Erosion Management Agency of Assam||WRD- ADB Funded Tenders
2025_PWD_47611_5,CE/MAINT/SOPDG/01/2025-26/29,MAINT/SOPD-G/2025-26/136,"MAINT/SOPD-G/2025-26/136_1_Construction of ICBP Road from Approach Road to Integrated DC Office 2_Construction of Road from Pathsala Nityananda PMGSY Road to proposed Human Right Council of India, Janakalyan Division Office Pathsala at Sundarpur 3_",Works,Open Tender,Item Rate,Civil Works – Roads,No,No,NA ,19-Sep-2025 06:00 PM,22-Sep-2025 12:00 PM ,180.0,No ,No,Online,04-Oct-2025 03:00 PM,Public Works Roads Department,Bajali,781325.0,2.0,"1,10,54,000",SURAJIT PATGIRI,"11,050,000",Accepted-AOC,19-Jun-2026,Public Works Roads Department
2025_PWD_49573_25,CE/Commn/192/PDNA/2025-26/02,PDNA/ Dima Hasao/07,Recovery and Reconstruction of Natun Gunjung Bagetar Road under NDRF(PDNA-2022) for the year 2025-26.,Works,Open Tender,Item Rate,Civil Works – Roads,No,No,NA ,23-Dec-2025 04:00 PM,26-Dec-2025 04:00 PM ,180.0,No ,No,Online,09-Jan-2026 02:30 PM,Public Works Roads Department,Dima Hasao,788819.0,2.0,"1,20,00,000",BORDIP LANGTHASA,"11,400,000",Rejected-AOC,16-Jun-2026,Public Works Roads Department
2026_AHVD_51679_1,E-763721/25-26/DFA/1653637/4,"Construction of fully automated multi purpose feed plant (2-3 TPH) Nucleus cum Heifer shed, Work station etc. at govt. Livestock Farm, Barapetta in Barpeta District","Construction of fully automated multi purpose feed plant (2-3 TPH) Nucleus cum Heifer shed, Work station etc. at govt. Livestock Farm, Barapetta in Barpeta District under RIDF XXXI",Works,Open Tender,Item Rate,Civil Works,No,No,NA ,05-Mar-2026 02:45 PM,09-Mar-2026 01:00 PM ,180.0,No ,No,Online,22-Apr-2026 02:00 PM,Animal Husbandry and Veterinary Department||Directorate of A.H. and Veterinary||Assam Livestock and Poultry Corporation Ltd.,Barapetta,781003.0,2.0,"2,43,00,000",GOPAL CHANDRA BORAH,"24,200,000.19",Accepted-AOC,17-Jun-2026,Animal Husbandry and Veterinary Department||Directorate of A.H. and Veterinary||Assam Livestock and Poultry Corporation Ltd.
2026_PWRDW_50089_5,eCF No. 743008/1,Bridge1/Dhubri/06 Br. No. 1/1 on Panbari Idgah to Navoday Vidyalaya.,CE/EAP/ARRBP/OCB/Bridge1/Dhubri/06 Br. No. 1/1 on Panbari Idgah to Navoday Vidyalaya.,Works,Open Tender,Item Rate,Civil Works - Bridges,No,No,NA ,09-Jan-2026 09:00 AM,13-Jan-2026 11:00 AM ,180.0,No ,No,Online,22-Jan-2026 02:30 PM,Public Works Roads Department-Externally Aided Project||Public Works Road Department- World Bank Funded Tenders||Assam State Bridge Infrastructure Program,Dhubri District,783301.0,2.0,"2,13,63,600",Hafizur Rahman,"22,355,000",Accepted-AOC,22-Jun-2026,Public Works Roads Department-Externally Aided Project||Public Works Road Department- World Bank Funded Tenders||Assam State Bridge Infrastructure Program
2026_BoTC_51785_1,TECH-28/SE(RB)/2019-20/21,Const. of ICBP road from Samgami to Choudhuripara village at Bijni in Chirang District BTC for the year 2025-26. TN-394-5.,Const. of ICBP road from Samgami to Choudhuripara village at Bijni in Chirang District BTC for the year 2025-26. TN-394-5.,Works,Open Tender,Works,Civil Works – Roads,No,No,NA ,09-Mar-2026 02:00 PM,NA ,180.0,No ,No,Online,30-Mar-2026 02:00 PM,Bodoland Territorial Council||PWD-BTC,Chirang,783385.0,2.0,"99,99,920",Sanfung Basumatary,"9,990,700",Accepted-AOC,06-Jun-2026,Bodoland Territorial Council||PWD-BTC
2024_DoIT_37321_1,AEDC/SDC/IT/2023-24/007,Supply and Installation of Network Components,Supply and Installation of Network Components,Works,Open Tender,Item Wise,Network /Communication Equipments,No,No,NA ,15-Mar-2024 05:30 PM,NA ,180.0,No ,No,Online,01-Apr-2024 04:30 PM,Principal Secretary-Department of Information Technology||Assam Electronics Development Corporation Ltd-DoIT||Store and Purchase - AMTRON - DoIT,Guwahati,781021.0,2.0,,DIGITAL INTEGRATION,"6,764,350",Rejected-Finance,10-Sep-2024,Principal Secretary-Department of Information Technology||Assam Electronics Development Corporation Ltd-DoIT||Store and Purchase - AMTRON - DoIT
2026_WPTBC_51852_1,SCDCTECHHOSTELBEHALI,Construction of SC Boys Hostel at Behali Degree College Behali Dist Biswanath,Construction of SC Boys Hostel at Behali Degree College Behali Dist Biswanath,Works,Open Tender,Item Rate,Civil Works,No,No,NA ,10-Mar-2026 03:30 PM,NA ,180.0,No ,No,Online,16-Mar-2026 02:00 PM,Welfare of Plain Tribes and Backward Classes||Directorate of Welfare of Scheduled Caste||Assam State Development Corporation for SC,"DISPUR, GHY-06",781006.0,2.0,"3,50,00,000",Gaziul Hassan,"34,994,999.81",Rejected-Technical,19-Jun-2026,Welfare of Plain Tribes and Backward Classes||Directorate of Welfare of Scheduled Caste||Assam State Development Corporation for SC
2025_PWBNH_49607_2,Tech-I(H_E)/95/2025/52 Dated Guwahati the 22nd December 2025,Construction of 100 Secondary Schools in 35 Districts of Assam under RIDF-XXXI (2025-26) for Sukdal High School under Morigaon DTBD (Ground floor with future Assam type provision of first floor) Package 26,Construction of 100 Secondary Schools in 35 Districts of Assam under RIDF-XXXI (2025-26) for Sukdal High School under Morigaon DTBD (Ground floor with future Assam type provision of first floor) Package 26,Works,Open Tender,Item Rate,Civil Works - Building,No,No,NA ,23-Dec-2025 05:00 PM,29-Dec-2025 11:30 AM ,180.0,No ,No,Online,03-Jan-2026 04:00 PM,Public Works Building and NH Department||Chief Engineer-Building - PWBNH,Morigaon,782104.0,2.0,"4,11,28,125",Bidyut Jyoti Khand,"42,478,125",Accepted-AOC,11-Jun-2026,Public Works Building and NH Department||Chief Engineer-Building - PWBNH
2025_IPRPS_48716_1,E-1496003,Printing and Supply of Sheet Calendar 2026,Printing and Supply of Sheet Calendar 2026,Goods,Open Tender,Supply,Supply of Materials,No,No,NA ,19-Nov-2025 04:00 PM,NA ,180.0,No ,No,Online,15-Dec-2025 02:30 PM,Information - Public Relations - Printing and Stationery Department||Directorate of Printing and Stationery-Assam,Directorate of printing and Stationery,781021.0,2.0,"2,70,000",AURORA FINE ARTS,"247,800",Not Admitted-Finance,22-Jun-2026,Information - Public Relations - Printing and Stationery Department||Directorate of Printing and Stationery-Assam
2026_DoWR_51370_1,DIBRUGARH/2025-26/SOPD-G/III,Reconstruction of flood protection bund of Tengakhat Mouza on the Right bank of river Buridehing.,Reconstruction of flood protection bund of Tengakhat Mouza on the Right bank of river Buridehing.,Works,Open Tender,Works,Civil Works,No,No,NA ,19-Feb-2026 06:55 PM,NA ,180.0,No ,No,Online,28-Feb-2026 03:00 PM,Department of Water Resources||Chief Engineer - DoWR,DIBRUGARH,786001.0,2.0,"10,35,07,132",Maa Kamakhya art,"103,501,236.45",Accepted-AOC,01-Jun-2026,Department of Water Resources||Chief Engineer - DoWR
2026_AHVD_51680_5,E-763721/25-26/DFA/1653637/03,Construction of new Vety. Multicare Hospital at Lichubari in Jorhat District Under RIDF- XXXI,Construction of new Vety. Multicare Hospital at Lichubari in Jorhat District Under RIDF- XXXI,Works,Open Tender,Item Rate,Civil Works,No,No,NA ,05-Mar-2026 05:30 PM,09-Mar-2026 01:00 PM ,180.0,No ,No,Online,22-Apr-2026 02:00 PM,Animal Husbandry and Veterinary Department||Directorate of A.H. and Veterinary||Assam Livestock and Poultry Corporation Ltd.,Jorhat,785008.0,2.0,"3,92,86,900",ARCHNIRMAN PRIVATE LIMITED,"35,358,210",Rejected-Technical,17-Jun-2026,Animal Husbandry and Veterinary Department||Directorate of A.H. and Veterinary||Assam Livestock and Poultry Corporation Ltd.
2026_ID_50828_7,9 _SDMF_2025-26_I_1422306_2026 Date_ 04_02_2026,Bank Protection Work at Moradiya FIS under State Disaster Mitigation Fund (SDMF) for the year 2023-24 under Tihu Division Irrigation Tihu Package_7,Bank Protection Work at Moradiya FIS under State Disaster Mitigation Fund (SDMF) for the year 2023-24 under Tihu Division Irrigation Tihu Package_7,Works,Open Tender,Item Rate,Civil Works,No,No,NA ,05-Feb-2026 06:00 PM,07-Feb-2026 02:00 PM ,180.0,No ,No,Online,27-Feb-2026 03:00 PM,Irrigation Department||Chief Engineer(Major)-Irrigation Dept,Tihu,781371.0,2.0,"79,03,066",RAJIB KUMAR CHOUDHURY,"7,112,758.98",Rejected-Technical,23-Jun-2026,Irrigation Department||Chief Engineer(Major)-Irrigation Dept
2026_PWD_51541_2,CE/Cmmn/192/Pt-I/PDNA/25-26/5,PDNA/Nalbari/16,"Recovery and Reconstruction of (1) Morowa Kamlpur to Kaya Baharghat road Providing Shoulder,WBMIII, PC and SC, SDBC along with other 19 nos of roads under NDRF (PDNA-2022) for the year 2025-26.",Works,Open Tender,Item Rate,Civil Works – Roads,No,No,NA ,26-Feb-2026 05:00 PM,27-Feb-2026 04:00 PM ,180.0,No ,No,Online,06-Mar-2026 02:30 PM,Public Works Roads Department||CE PWD(R) - PWD||Traffic Engineering Cell - PWD,Nalbari,781310.0,2.0,"4,69,20,900",MS J S Construction,"37,536,720",Rejected-AOC,23-Jun-2026,Public Works Roads Department||CE PWD(R) - PWD||Traffic Engineering Cell - PWD
2025_PWD_46196_20,CE/DEV/TB/122/2025-26/06 Dated. 04-08-2025,BTR_SOPD_G_25_26_34 Construction of CC Block Road from Gaoburah Chowk Kalajhar Sapangaon PMGSY Road to Nepalipara Grazing Sonapur PMGSY Connecting Road via BBC Rubber Garden under SOPD-G for the year 2025-26.,BTR_SOPD_G_25_26_34 Construction of CC Block Road from Gaoburah Chowk Kalajhar Sapangaon PMGSY Road to Nepalipara Grazing Sonapur PMGSY Connecting Road via BBC Rubber Garden under SOPD-G for the year 2025-26.,Works,Open Tender,Item Rate,Civil Works – Roads,No,No,NA ,06-Aug-2025 06:00 PM,11-Aug-2025 12:00 PM ,180.0,No ,No,Online,14-Aug-2025 02:30 PM,Public Works Roads Department,Udalguri,784509.0,2.0,"63,00,000",ABINASH DAIMARI,"6,299,900",Accepted-AOC,30-Jun-2026,Public Works Roads Department
2026_PWD_50011_3,CE/Commn/198/SDMF/2025-26/01,Lakhimpur/SDMF/3,Im of Rd fm Charikaria Bridge to Sankardev Path at Charikaria River Bridge Approach near Dhakuakhana Chariali for Mitigation of Disasters through Vetiver-Enhanced Slpe Stabilization and Gabion Wall Integration under SDMF for the yr 2025-26 Lakhimpur,Works,Open Tender,Item Rate,Civil Works – Roads,No,No,NA ,07-Jan-2026 04:00 PM,21-Jan-2026 04:00 PM ,180.0,No ,No,Online,28-Jan-2026 02:30 PM,Public Works Roads Department,Lakhimpur,787001.0,2.0,"4,19,08,000",JYOTSON CONSTRUCTION,"41,846,521",Accepted-AOC,26-Jun-2026,Public Works Roads Department
2026_BoTC_50249_1,TECH-28/SE(RB)/2019-20/05,Recovery and Reconstruction of Nayabasti to Dakhinkuchi road under NDRF (PDNA-2022) for the year 2025-26. TN_386_12,Recovery and Reconstruction of Nayabasti to Dakhinkuchi road under NDRF (PDNA-2022) for the year 2025-26. TN_386_12,Works,Open Tender,Works,Civil Works – Roads,No,No,NA ,13-Jan-2026 06:00 PM,NA ,180.0,No ,No,Online,03-Feb-2026 02:00 PM,Bodoland Territorial Council||PWD-BTC,Baksa,781346.0,2.0,"24,99,900",Detshrang Goyary,"2,498,940",Accepted-AOC,16-Jun-2026,Bodoland Territorial Council||PWD-BTC
2025_PWBNH_49784_1,CE/TB-II(Bldg.)/110/2024/7 Dated 23.12.2025,"Proposed SDJM Court Building (G Plus 3) at Titabar, District Jorhat, Assam","Proposed SDJM Court Building (G Plus 3) at Titabar, District Jorhat, Assam",Works,Open Tender,Item Rate,Civil Works - Building,No,No,NA ,31-Dec-2025 11:00 AM,08-Jan-2026 11:00 AM ,180.0,No ,No,Online,21-Jan-2026 04:00 PM,Public Works Building and NH Department||Chief Engineer-Building - PWBNH,Jorhat,785001.0,2.0,"29,95,88,566",JC Construction Pvt Ltd,"317,942,456",Not Admitted-Fee/PreQual/Technical,06-Jun-2026,Public Works Building and NH Department||Chief Engineer-Building - PWBNH
2026_PWD_50373_1,BMCTRD/NDRF/2025-26/BAR-04,BMCTRD/NDRF/2025-26/BAR-04,Reconstruction and Recovery of Neularvita to Satrapaka via Jabrikuchi road under NDRF(PDNA-2022) for the year 2025-26,Works,Open Tender,Item Rate,Civil Works – Roads,No,No,NA ,21-Jan-2026 11:00 AM,NA ,180.0,No ,No,Online,03-Feb-2026 11:00 AM,Public Works Roads Department,Barpeta District,781301.0,2.0,"30,00,000",ABBASUZ ZAMAN,"2,400,000",Accepted-AOC,23-Jun-2026,Public Works Roads Department
2026_PWD_49922_11,Tech/NDTRD/NIT/1028/4212 dated 03.01.2026,Tihu_PDNA_2025-26_23,Recovery and Reconstruction of Amoni to Pakhura via Jokmari under NDRF (PDNA -2022) for the year 2025-26.,Works,Open Tender,Item Rate,Civil Works – Roads,No,No,NA ,08-Jan-2026 10:30 AM,NA ,180.0,No ,No,Online,21-Jan-2026 10:30 AM,Public Works Roads Department,Nalbari,781335.0,2.0,"28,75,000",APURBA BEZBARUAH,"2,300,000",Accepted-AOC,11-Jun-2026,Public Works Roads Department
2026_BoTC_52342_1,SE(RB)/20-21/Pt-IV/11/215_1,Package No.215_1,Improvement/Strengthening of 01 Rural Road in Kokrajhar District of Assam under RIDF-XXXI (2025-26),Works,Open Tender,Item Rate,Civil Works – Roads,No,No,NA ,14-May-2026 12:00 PM,26-May-2026 11:00 AM ,180.0,No ,No,Online,05-Jun-2026 01:30 PM,Bodoland Territorial Council||PWD-BTC,Kokrajhar district,783361.0,2.0,"1,30,00,000",MANAS DAS,"12,999,000",Accepted-AOC,19-Jun-2026,Bodoland Territorial Council||PWD-BTC
2025_DoWR_49155_1,SIVASAGAR/2025-26/SOPD-G/II,Raising and strengthening of Darika bund left bank from Bahgarh to AT road including anti-erosion measures at different reaches (Ph- II).,Raising and strengthening of Darika bund left bank from Bahgarh to AT road including anti-erosion measures at different reaches (Ph- II).,Works,Open Tender,Works,Civil Works,No,No,NA ,10-Dec-2025 06:00 PM,NA ,180.0,No ,No,Online,30-Dec-2025 03:00 PM,Department of Water Resources||Chief Engineer - DoWR,Sivasagar,785640.0,2.0,"3,96,48,297",M/S. M.P. AGARWALLA,"39,640,304.7",Accepted-AOC,13-Jun-2026,Department of Water Resources||Chief Engineer - DoWR
2025_PWD_45820_81,CE/STBR/SOPD-G/NIT/07/2025 26/1 Dated 26-06-2025,STBR/SOPD-G/Raha-06/24 Construction of Road from (i) Palashabari to Silputabori (ii) Katangabori Shiv mandir to Baulaguri Bakultol under Mukhya Mantrir Pakipath Nirman Aachani (MMPPNA) under SOPD-G for the year 2025-26 in Nagaon District under Raha,STBR/SOPD-G/Raha-06/24 Construction of Road from (i) Palashabari to Silputabori (ii) Katangabori Shiv mandir to Baulaguri Bakultol under Mukhya Mantrir Pakipath Nirman Aachani (MMPPNA) under SOPD-G for the year 2025-26 in Nagaon District under Raha,Works,Open Tender,Item Rate,Civil Works – Roads,No,No,NA ,30-Jul-2025 06:00 PM,31-Jul-2025 11:00 AM ,180.0,No ,No,Online,11-Aug-2025 11:00 AM,Public Works Roads Department,Raha,782103.0,2.0,"89,05,000",Chittaranjan Nath,"8,902,000",Rejected-AOC,29-Jun-2026,Public Works Roads Department
2026_ID_50828_6,9 _SDMF_2025-26_I_1422306_2026 Date_ 04_02_2026,Bank Protection Work at Chaibari ELIS under State Disaster Mitigation Fund (SDMF) for the year 2023-244under Tihu Division Irrigation Tihu Package_6,Bank Protection Work Bank Protection Work at Chaibari ELIS under State Disaster Mitigation Fund (SDMF) for the year 2023-244under Tihu Division Irrigation Tihu Package_6,Works,Open Tender,Item Rate,Civil Works,No,No,NA ,05-Feb-2026 06:00 PM,07-Feb-2026 02:00 PM ,180.0,No ,No,Online,27-Feb-2026 03:00 PM,Irrigation Department||Chief Engineer(Major)-Irrigation Dept,Tihu,781371.0,2.0,"69,17,370",RAJIB KUMAR CHOUDHURY,"6,225,632.38",Rejected-Technical,02-Jun-2026,Irrigation Department||Chief Engineer(Major)-Irrigation Dept
2026_BTC_50996_1,No.ACE-133/PWD/G.79/2025-26/67,Repairing and Renovation of Kalipukhuri High School. TN_107_24,Repairing and Renovation of Kalipukhuri High School. TN_107_24,Works,Open Tender,Item Rate,Civil Works - Building,No,No,NA ,10-Feb-2026 02:00 PM,NA ,180.0,No ,No,Online,23-Feb-2026 02:00 PM,Bodoland Territorial Council-PWD||Director Cum CHD - PWD BTC,Kokrajhar,783370.0,2.0,"59,93,977",DHARAMSING NARZARY,"5,992,275.61",Accepted-AOC,06-Jun-2026,Bodoland Territorial Council-PWD||Director Cum CHD - PWD BTC
2026_KAAC_51855_1,ACEH/CS/AAP/83/2025-26/10,Improvement of BA Road at Chingthu Ronghang gaon to Dikrutso Waterfall road,Improvement of BA Road at Chingthu Ronghang gaon to Dikrutso Waterfall road,Works,Open Tender,Item Rate,Civil Works – Roads,No,No,NA ,11-Mar-2026 03:00 PM,NA ,180.0,No ,No,Online,16-Mar-2026 01:00 PM,Karbi Anglong Autonomous Council||PWD||Addl. Chief Engineer Diphu,Dokmoka,782450.0,2.0,"7,11,92,339",REBIKA ENGTIPI,"71,182,464",Accepted-AOC,19-Jun-2026,Karbi Anglong Autonomous Council||PWD||Addl. Chief Engineer Diphu
2026_WPTBC_51640_1,PTDC/Engg/2026-27/517,Construction of Tea Tribes and Adivasi Girls Hostel at Mariani.,Construction of Tea Tribes and Adivasi Girls Hostel at Mariani.,Works,Open Tender,Item Rate,Civil Works,No,No,NA ,03-Mar-2026 01:45 PM,03-Mar-2026 04:00 PM ,180.0,No ,No,Online,16-Mar-2026 03:00 PM,Welfare of Plain Tribes and Backward Classes||Director - WPT and BC||Assam Plains Tribes Development Corporation Ltd.,Mariani,785634.0,2.0,"1,00,00,000",A B Corporation,"9,990,000",Rejected-Technical,04-Jun-2026,Welfare of Plain Tribes and Backward Classes||Director - WPT and BC||Assam Plains Tribes Development Corporation Ltd.
2025_PWD_44196_1,CE/EAP/ADRHARDP/NIT/26/2025/23,CE/EAP/ADRHARDP/Corr2/Pkg.4 Upgradation and 4year maintenance of Corridor2 Near Maibang_Km. 54/476 to Near Gunjung_Km 82/100_Excluding the section from Km 78.530 to Km 79.960_1.43km,CE/EAP/ADRHARDP/Corr2/Pkg.4 Upgradation and 4-year maintenance of Corridor2 Near Maibang_Km. 54/476 to Near Gunjung_Km 82/100_Excluding the section from Km 78.530 to Km 79.960_1.43 km under ADRHARDP,Works,Open Tender,Item Rate,Civil Works – Roads,No,No,NA ,30-Apr-2025 05:00 PM,09-May-2025 11:30 AM ,120.0,No ,No,Online,30-May-2025 02:30 PM,Public Works Roads Department,Dima Hasao District,788819.0,2.0,,ANUPAM NIRMAN PVT. LTD.,"1,259,948,087",Rejected-Finance,13-Mar-2026,Public Works Roads Department
2026_PWBNH_51243_1,BDTBD/25-26/MC/24/NEW/1624-A,"Construction of Boundary wall at east and a small part of north side at newly constructed multistoried Judicial Court Building, Barpeta (Damaged caused by Recent Flood 2022)","Construction of Boundary wall at east and a small part of north side at newly constructed multistoried Judicial Court Building, Barpeta (Damaged caused by Recent Flood 2022)",Works,Open Tender,Item Rate,Civil Works - Building,No,No,NA ,20-Feb-2026 04:30 PM,NA ,180.0,No ,No,Online,27-Feb-2026 03:30 PM,Public Works Building and NH Department||Chief Engineer-Building - PWBNH,Barpeta Town,781301.0,2.0,"59,68,242",M/S AVA Trading Co,"6,206,690",Rejected-Finance,20-Jun-2026,Public Works Building and NH Department||Chief Engineer-Building - PWBNH
2026_GMC_51919_1,GMC/Div-III/04/2024/12 Date_12/03/2026,"Construction of guard wall and step road at Udayachal, Christianbasti under ward no. 40","Construction of guard wall and step road at Udayachal, Christianbasti under ward no. 40",Works,Open Tender,Lump-sum,Civil Works,No,No,NA ,13-Mar-2026 02:15 PM,NA ,120.0,No ,No,Online,03-Apr-2026 03:00 PM,Guwahati Municipal Corporation,Guwahati,781006.0,2.0,,ASHOK KUMAR RAYMEDHI,"1,700,000",Accepted-AOC,29-Jun-2026,Guwahati Municipal Corporation
2025_PWD_45554_28,CE/STBR/09/NIT/RIDF-XXXI/2025 26/1 Dated 24-06-2025,STBR/RIDF-XXXI/JAGIROAD-01/28 Construction of R.C.C Bridge at 1 No. Burgaon to Boramari Road under Mukhya Mantrir Unnata Paki Path Nirman Achani (MMUPPNA) under RIDF-XXXI for the year 2025-26,STBR/RIDF-XXXI/JAGIROAD-01/28 Construction of R.C.C Bridge at 1 No. Burgaon to Boramari Road under Mukhya Mantrir Unnata Paki Path Nirman Achani (MMUPPNA) under RIDF-XXXI for the year 2025-26,Works,Open Tender,Item Rate,Civil Works – Roads,No,No,NA ,17-Jul-2025 06:00 PM,18-Jul-2025 11:00 AM ,180.0,No ,No,Online,01-Aug-2025 11:00 AM,Public Works Roads Department,JAGIROAD,782410.0,2.0,"1,76,48,900",Dharmajyoti Bordoloi,"17,635,000",Rejected-AOC,29-Jun-2026,Public Works Roads Department
2026_GMC_50843_3,GER/CE/2543/2026/13 Date_04 /02/2026,"Construction of Drain from Suchila Path to Dehal Than with Silt Chamber, Ward No 45",Construction of Various Works under Guwahati Municipal Corporation,Works,Open Tender,Lump-sum,Miscellaneous Works,No,No,NA ,05-Feb-2026 05:00 PM,09-Feb-2026 12:00 PM ,180.0,No ,No,Online,27-Feb-2026 02:30 PM,Guwahati Municipal Corporation,Guwahati,781006.0,2.0,,BHAGNESWAR KALITA,"3,125,835.9",Rejected-AOC,19-Jun-2026,Guwahati Municipal Corporation
2026_PWD_52381_1,CE/Commn/08/2025-26/,Sivasagar,Construction and upgradation of Bhekuri Chapori Road Cum Embankment L 8.00 Km including road cum embankment from Sesa Tiniali to Laibeel L 2.8 Km by providing ICBP unde SOPD-G for the year 2025-26 of Sivasagar District under Sivasagar Demow TRD,Works,Open Tender,Item Rate,Civil Works – Roads,No,No,NA ,16-May-2026 06:00 PM,NA ,180.0,No ,No,Online,29-May-2026 02:30 PM,Public Works Roads Department,Sivasagar,785640.0,2.0,"18,63,27,470",M/S B. L. AGARWALA,"186,327,470",Rejected-AOC,24-Jun-2026,Public Works Roads Department
2025_DoWR_49009_1,DIBRUGARH/2025-26/SOPD-G/II,Strengthening of Moinamiri Bund (from Gozaigaon to Rongagorah) for 2025-26.,Strengthening of Moinamiri Bund (from Gozaigaon to Rongagorah) for 2025-26.,Works,Open Tender,Works,Civil Works,No,No,NA ,03-Dec-2025 09:00 AM,NA ,180.0,No ,No,Online,23-Dec-2025 03:00 PM,Department of Water Resources||Chief Engineer - DoWR,Dibrugarh,785001.0,2.0,"3,72,61,933",Navish Tulshyan,"37,255,582.99",Rejected-AOC,16-Jun-2026,Department of Water Resources||Chief Engineer - DoWR
2025_DoWR_49538_1,KAMRUP METRO/2025-26/SOPD-G/I,Anti-erosion measures to protect Dharapur area from the erosion of river Brahmaputra.,Anti-erosion measures to protect Dharapur area from the erosion of river Brahmaputra.,Works,Open Tender,Works,Civil Works,No,No,NA ,20-Dec-2025 06:55 PM,NA ,180.0,No ,No,Online,03-Jan-2026 03:00 PM,Department of Water Resources||Chief Engineer - DoWR,KAMRUP METRO,781008.0,2.0,"3,38,71,857",M/S DEKA ENTERPRISE,"33,671,850.46",Rejected-AOC,16-Jun-2026,Department of Water Resources||Chief Engineer - DoWR
2025_PWD_45554_10,CE/STBR/09/NIT/RIDF-XXXI/2025 26/1 Dated 24-06-2025,"STBR/RIDF-XXXI/DALGAON-01/10 Construction of R.C.C Bridge No. 1/1 on Morabega to Galandikash Road under Mukhya Mantrir Unnata Paki Path Nirman Achani (MMUPPNA) under RIDF-XXXI of NABARD for the year 2025-26 in Mangaldai, Dalgaon and Sipajhar Territ","STBR/RIDF-XXXI/DALGAON-01/10 Construction of R.C.C Bridge No. 1/1 on Morabega to Galandikash Road under Mukhya Mantrir Unnata Paki Path Nirman Achani (MMUPPNA) under RIDF-XXXI of NABARD for the year 2025-26 in Mangaldai, Dalgaon and Sipajhar Territ",Works,Open Tender,Item Rate,Civil Works – Roads,No,No,NA ,14-Jul-2025 04:00 PM,17-Jul-2025 11:00 AM ,180.0,No ,No,Online,01-Aug-2025 11:00 AM,Public Works Roads Department,Dalgaon,784116.0,2.0,"1,71,67,000",DIPAK DAS,"17,167,000",Accepted-AOC,29-Jun-2026,Public Works Roads Department
2026_PWD_49839_3,SKTRD/Tech/122/2025-26,SKTRD/NDRF(PDNA-2022)/25-26/3,Recovery and Reconstruction of Palahartari Nitarkhola Reserve Road under NDRF (PDNA-2022) for the year 2025-26.,Works,Open Tender,Item Rate,Civil Works – Roads,No,No,NA ,02-Jan-2026 02:00 PM,09-Jan-2026 12:00 PM ,180.0,No ,No,Online,22-Jan-2026 02:30 PM,Public Works Roads Department,Kamrup Rural,781125.0,2.0,"10,00,000",M.S. J.M.Enterprise,"835,000",Accepted-AOC,19-Jun-2026,Public Works Roads Department
2025_PWD_45926_106,CE/DEV/TB/60/2025-26/06 Dtd- 14.07.2025,"MMPPNA_RIDF_XXXI_25_26_154 Construction of road from (1) Sakomura ME School to Gharacia Satra via Lakhi Mandir, (2) Patiladoha Bowbari to Patiladoha Garoleti Kali Mandir and (3) Amguri Satra to Salbari Bongaigaon Road (Asom Mala Road) under Mukhya Ma","MMPPNA_RIDF_XXXI_25_26_154 Construction of road from (1) Sakomura ME School to Gharacia Satra via Lakhi Mandir, (2) Patiladoha Bowbari to Patiladoha Garoleti Kali Mandir and (3) Amguri Satra to Salbari Bongaigaon Road (Asom Mala Road) under Mukhya Ma",Works,Open Tender,Item Rate,Civil Works – Roads,No,No,NA ,30-Jul-2025 02:00 PM,04-Aug-2025 12:00 PM ,180.0,No ,No,Online,14-Aug-2025 02:30 PM,Public Works Roads Department,Abhayapuri,783384.0,2.0,"3,25,79,000",Ritu Kumar Das,"32,579,000",Accepted-AOC,26-Jun-2026,Public Works Roads Department
2025_DoWR_49681_1,BAKSA/2025-26/PDNA/WORKS/II,Restoration of damaged embankment from Borakhat to Majusiral on the R/B of river Pagladia.,Restoration of damaged embankment from Borakhat to Majusiral on the R/B of river Pagladia.,Works,Open Tender,Works,Civil Works,No,No,NA ,26-Dec-2025 06:55 PM,NA ,180.0,No ,No,Online,07-Jan-2026 03:00 PM,Department of Water Resources||Chief Engineer - DoWR,BAKSA,781320.0,2.0,"3,29,40,428",BICHITRA BARUAH,"29,481,683",Rejected-Technical,06-Jun-2026,Department of Water Resources||Chief Engineer - DoWR
2025_ICD_45939_1,C AND P/RB AND C/CNG DISPENSER/2025/01,SUPPLY INSTALLATION COMMISSIONING OF CNG DISPENSERS,"SUPPLY, INSTALLATION, COMMISSIONING OF CNG DISPENSERS",Works,Open Tender,Buy,Miscellaneous Works,No,No,NA ,26-Jul-2025 11:00 AM,06-Aug-2025 02:00 PM ,120.0,No ,No,Online,04-Sep-2025 03:30 PM,Industries and Commerce Department||Assam Gas Company Ltd - ICD,As per NIT,786602.0,2.0,,Compac Industries India Ltd,"61,771,820",Accepted-AOC,03-Jun-2026,Industries and Commerce Department||Assam Gas Company Ltd - ICD
2026_APDCL_50522_1,"CGM(DandS)/APDCL/LAR/IGGL, Baihata Chariali/2025-26/02","Construction of 33kV Dedicated line to provide power supply to IGGL,Barpalaha,Baihata Chariali,Kamrup,Assam from 132/33kV Kamalpur Grid SS to IGGL main entrance gate, Baihata Chariali under Baihata Chariali ESD under Deposit Work on Full Turnkey Mode","Construction of 33kV Dedicated line to provide power supply to IGGL,Barpalaha,Baihata Chariali,Kamrup,Assam from 132/33kV Kamalpur Grid SS to IGGL main entrance gate, Baihata Chariali under Baihata Chariali ESD under Deposit Work on Full Turnkey Mode",Works,Open Tender,Turn-key,Electrical Works,No,No,NA ,23-Jan-2026 09:00 AM,30-Jan-2026 02:00 PM ,240.0,No ,No,Online,24-Feb-2026 02:00 PM,Assam Power Distribution Company Ltd||CGM(D) Lower Assam Region - APDCL,Baihata Chariali,781381.0,2.0,"8,79,45,570",Ms HEMEN DEKA,"70,356,456.01",Rejected-Technical,11-Jun-2026,Assam Power Distribution Company Ltd||CGM(D) Lower Assam Region - APDCL
2026_PWD_51587_1,CS/JTRD/SOPD-G/135/2025-26,5 years annual maintenance charges or the work construction of Pontoon Bridge at Dharapur Majirgaon Embankment Road Mojuli to Rani Chapari Char under SOPD G for the year 2025 26,5 years annual maintenance charges or the work construction of Pontoon Bridge at Dharapur Majirgaon Embankment Road Mojuli to Rani Chapari Char under SOPD G for the year 2025 26,Works,Open Tender,Item Rate,Civil Works - Bridges,No,No,NA ,27-Feb-2026 04:00 PM,06-Mar-2026 10:00 AM ,180.0,No ,No,Online,13-Mar-2026 04:00 PM,Public Works Roads Department,Dharapur,781017.0,2.0,"44,10,000",BLUMEN RESOURCES PRIVATE LIMITYED,"4,410,000",Accepted-AOC,22-Jun-2026,Public Works Roads Department
2026_BTC_51210_1,No.ACE-133/PWD/G.79/2025-26/69,Construction of Boundary Wall at Panchali Jatiya Bidyalaya under SOPD Bodoland Welfare Department 2025-26. TN_111_03,Construction of Boundary Wall at Panchali Jatiya Bidyalaya under SOPD Bodoland Welfare Department 2025-26. TN_111_03,Works,Open Tender,Item Rate,Civil Works - Building,No,No,NA ,16-Feb-2026 12:00 PM,NA ,180.0,No ,No,Online,05-Mar-2026 11:00 AM,Bodoland Territorial Council-PWD||Director Cum CHD - PWD BTC,Udlaguri,784509.0,2.0,"6,99,968",KHAGEN CHANDRA MOCHAHARI,"697,834.02",Accepted-AOC,03-Jun-2026,Bodoland Territorial Council-PWD||Director Cum CHD - PWD BTC
2025_PWD_46685_8,CE/DEV/TB/60/2025-26/13 Dtd- 31.07.2025,"MMPPNA_RIDF_XXXI_25_26_394 Construction of Road from (1) NH road at Longkoi Bey Village to Hamla Gaon Tiniali, (2)Sing Bey Village , (3)approach road to Langklangvong Model Village under Mukhya Mantir Pakipath Nirman Achani (MMPPNA) Under RIDF-XXXI","MMPPNA_RIDF_XXXI_25_26_394 Construction of Road from (1) NH road at Longkoi Bey Village to Hamla Gaon Tiniali, (2)Sing Bey Village , (3)approach road to Langklangvong Model Village under Mukhya Mantir Pakipath Nirman Achani (MMPPNA) Under RIDF-XXXI",Works,Open Tender,Item Rate,Civil Works – Roads,No,No,NA ,19-Aug-2025 06:00 PM,21-Aug-2025 12:00 PM ,180.0,No ,No,Online,09-Sep-2025 02:30 PM,Public Works Roads Department,Karbi Anglong,782410.0,2.0,"5,26,00,000",JAMES PHANGCHO,"52,600,000",Accepted-AOC,26-Jun-2026,Public Works Roads Department
2025_UDD_48259_1,AS/AMRUT-2.0/31/2025/78,Implementation of Smart Water Management System for Tezpur 24 x 7 Water Supply Project Phase I under Amrut 2 in Assam including 5 years Operation and Maintenance on EPC Mode,Implementation of Smart Water Management System for Tezpur 24 x 7 Water Supply Project Phase I under Amrut 2 in Assam including 5 years Operation and Maintenance on EPC Mode,Works,Open Tender,Works,Composite Works,No,No,NA ,29-Oct-2025 12:30 PM,30-Oct-2025 12:00 PM ,180.0,No ,No,Online,15-Dec-2025 02:00 PM,Urban Development Department||Mission Directorate AMRUT Assam||City Mission Office Guwahati,Tezpur,784001.0,2.0,"19,15,99,027",MR DIPAK SARMA,"191,358,026.86",Rejected-Finance,11-Jun-2026,Urban Development Department||Mission Directorate AMRUT Assam||City Mission Office Guwahati
2025_PWD_45491_13,CE/Commn/16/2025-26/2,Digboi/SOPD/6,1) Construction of road from NF Railway Line to Tingrai Forest Village 2) Construction of NH-38 to Lakshmi Mandir 3) Construction of Obhatajan New Colony Road 4) Construction of Laboratory Building at SOPDG 25-26,Works,Open Tender,Item Rate,Civil Works – Roads,No,No,NA ,10-Jul-2025 06:30 PM,18-Jul-2025 04:00 PM ,180.0,No ,No,Online,30-Jul-2025 02:30 PM,Public Works Roads Department,Digboi,786171.0,2.0,"1,35,46,000",AKHIM MORAN,"13,544,000",Rejected-AOC,06-Jun-2026,Public Works Roads Department
2025_WREAP_49481_1,NCS-AF-07-RP/Lot 2,"Engagement of NGO/ Firm for Implementation support of resettlement plan in four subproject areas (Lot 2- Sivasagar, Jorhat and Golaghat Districts)","Engagement of NGO/ Firm for Implementation support of resettlement plan in four subproject areas (Lot 2- Sivasagar, Jorhat and Golaghat Districts)",Services,Limited,Lump-sum,Miscellaneous Services,No,No,NA ,19-Dec-2025 02:20 PM,26-Dec-2025 03:00 PM ,90.0,No ,No,Not Applicable,12-Jan-2026 04:00 PM,Department of Water Resources-Externally Aided Project||Flood and River Erosion Management Agency of Assam||WRD- ADB Funded Tenders,"Sivasagar, Jorhat and Golaghat Districts",781029.0,1.0,,AMAR PRAYAS GOSTHI,"4,285,000",Rejected-Technical,16-Jun-2026,Department of Water Resources-Externally Aided Project||Flood and River Erosion Management Agency of Assam||WRD- ADB Funded Tenders
2025_PWBNH_45814_1,Arch/I/1157213/2025 Dated 12-07-2025,"PMC services for Construction of Open Stadium at Amingaon Sports Complex, Kamrup, Assam","PMC services for Construction of Open Stadium at Amingaon Sports Complex, Kamrup, Assam",Works,Open Tender,Item Rate,Civil Works - Building,No,No,NA ,21-Jul-2025 03:00 PM,27-Jul-2025 12:30 PM ,180.0,No ,No,Online,12-Aug-2025 04:00 PM,Public Works Building and NH Department||Chief Engineer-Building - PWBNH,Amingaon,781031.0,2.0,"2,09,00,000",ARC Test House and Consultant LLP,"3,725,250",Accepted-AOC,25-Jun-2026,Public Works Building and NH Department||Chief Engineer-Building - PWBNH
2026_PWD_49922_14,Tech/NDTRD/NIT/1028/4212 dated 03.01.2026,Tihu_PDNA_2025-26_26,Recovery and Reconstruction of Bihampur-Belsor-Barnibari road ( Near Belsor Police Station) under NDRF (PDNA-2022) for the year 2025-26.,Works,Open Tender,Item Rate,Civil Works – Roads,No,No,NA ,08-Jan-2026 10:30 AM,NA ,180.0,No ,No,Online,21-Jan-2026 10:30 AM,Public Works Roads Department,Nalbari,781335.0,2.0,"22,00,000",M/S KUSUM ENTERPRISE,"1,980,000",Rejected-Finance,09-Jun-2026,Public Works Roads Department
2026_ID_50828_3,9 _SDMF_2025-26_I_1422306_2026 Date_ 04_02_2026,Bank Protection Work at Bajali ELIS (Kaharpara Point) under State Disaster Mitigation Fund (SDMF) for the year 2023-24 under Tihu Division Irrigation Tihu Package_3,Bank Protection Work at Bajali ELIS (Kaharpara Point) under State Disaster Mitigation Fund (SDMF) for the year 2023-24 under Tihu Division Irrigation Tihu Package_3,Works,Open Tender,Item Rate,Civil Works,No,No,NA ,05-Feb-2026 06:00 PM,NA ,180.0,No ,No,Online,27-Feb-2026 03:00 PM,Irrigation Department||Chief Engineer(Major)-Irrigation Dept,Tihu,781371.0,2.0,"37,26,035",PARAG TALUKDAR,"3,353,431.49",Rejected-Technical,02-Jun-2026,Irrigation Department||Chief Engineer(Major)-Irrigation Dept
2026_AHVD_51680_1,E-763721/25-26/DFA/1653637/03,"Construction of fully automated multi purpose feed plant with Godown and Weigh Bridge (4-6 TPH) , Boiler set etc. at Govt. Duck cum poultry farm, Kaliabor in Nagaon District","Construction of fully automated multi purpose feed plant with Godown and Weigh Bridge (4-6 TPH) , Boiler set etc. at Govt. Duck cum poultry farm, Kaliabor in Nagaon District under RIDF XXXI",Works,Open Tender,Item Rate,Civil Works,No,No,NA ,05-Mar-2026 03:35 PM,09-Mar-2026 01:00 PM ,180.0,No ,No,Online,22-Apr-2026 02:00 PM,Animal Husbandry and Veterinary Department||Directorate of A.H. and Veterinary||Assam Livestock and Poultry Corporation Ltd.,Kaliabor,781003.0,2.0,"3,03,00,000",APURBA KUMAR DEKA,"30,210,027.07",Rejected-Technical,17-Jun-2026,Animal Husbandry and Veterinary Department||Directorate of A.H. and Veterinary||Assam Livestock and Poultry Corporation Ltd.
2025_PWD_46191_11,CE/DEV/TB/122/2025-26/1 Dtd- 01.08.2025,BTR_RIDF_XXXI_25_26_16 Construction of RCC Bridge at No-1 Singrimari to Nachansali link road (1x14.50) and (1x18.75) under RIDF-XXXI of NABARD for the year 2025-26.,BTR_RIDF_XXXI_25_26_16 Construction of RCC Bridge at No-1 Singrimari to Nachansali link road (1x14.50) and (1x18.75) under RIDF-XXXI of NABARD for the year 2025-26.,Works,Open Tender,Item Rate,Civil Works – Roads,No,No,NA ,06-Aug-2025 04:00 PM,11-Aug-2025 12:00 PM ,180.0,No ,No,Online,14-Aug-2025 02:30 PM,Public Works Roads Department,Bhergaon,784522.0,2.0,"3,64,40,000",M/S ELITE AGENCY,"30,974,000",Rejected-Finance,11-Jun-2026,Public Works Roads Department
2025_DoWR_49564_1,KOKRAJHAR/2025-26/SOPD-G/I,Anti erosion measures to protect village Kurshakati and its adjoining areas from the erosion of river Guruphella on its R/B.,Anti erosion measures to protect village Kurshakati and its adjoining areas from the erosion of river Guruphella on its R/B.,Works,Open Tender,Works,Civil Works,No,No,NA ,22-Dec-2025 09:00 AM,NA ,180.0,No ,No,Online,05-Jan-2026 03:00 PM,Department of Water Resources||Chief Engineer - DoWR,KOKRAJHAR,783370.0,2.0,"2,97,08,967",Assam Builders & Suppliers,"29,707,760.88",Accepted-AOC,10-Jun-2026,Department of Water Resources||Chief Engineer - DoWR
2025_PWD_45820_121,CE/STBR/SOPD-G/NIT/07/2025 26/1 Dated 26-06-2025,STBR/SOPD-G/Jalukbari -09/48 Improvement of Majgaon Ranguli Pahar Road under SOPD-G for the year 2025-26,STBR/SOPD-G/Jalukbari -09/48 Improvement of Majgaon Ranguli Pahar Road under SOPD-G for the year 2025-26,Works,Open Tender,Item Rate,Civil Works – Roads,No,No,NA ,02-Aug-2025 12:00 PM,04-Aug-2025 11:00 AM ,180.0,No ,No,Online,19-Aug-2025 11:00 AM,Public Works Roads Department,Jalukbari,781013.0,2.0,"21,78,000",Mrinal Baruah,"2,177,995",Accepted-AOC,29-Jun-2026,Public Works Roads Department
2026_DoWR_50349_1,SIVASAGAR/2025-26/PDNA/WORK/IX,Restoration of damaged section of Desang bund left bank from Rajgarh to Pathaligarh (From Ch. 13030 m to 15030 m).,Restoration of damaged section of Desang bund left bank from Rajgarh to Pathaligarh (From Ch. 13030 m to 15030 m).,Works,Open Tender,Works,Civil Works,No,No,NA ,19-Jan-2026 06:55 PM,NA ,180.0,No ,No,Online,30-Jan-2026 03:00 PM,Department of Water Resources||Chief Engineer - DoWR,SIVASAGAR,785640.0,2.0,"1,52,80,599",SANJIB BORUAH,"15,279,916.19",Rejected-AOC,06-Jun-2026,Department of Water Resources||Chief Engineer - DoWR
2026_BTC_49865_1,No.ACE-106/PWD/IFB/PT-I/23-24,"Construction of Office of Academic Council for the year 2025-26, Mushalpur, Baksa. TN_02_6_R-1","Construction of Office of Academic Council for the year 2025-26, Mushalpur, Baksa. TN_02_6_R-1",Works,Open Tender,Item Rate,Civil Works - Building,No,No,NA ,02-Jan-2026 06:00 PM,NA ,180.0,No ,No,Online,22-Jan-2026 02:00 PM,Bodoland Territorial Council-PWD||Director Cum CHD - PWD BTC,Baksa,781327.0,2.0,"46,11,648",Dinamani Haloi,"4,610,716.67",Rejected-Technical,12-Jun-2026,Bodoland Territorial Council-PWD||Director Cum CHD - PWD BTC
2026_PWBNH_52128_1,SE/BII/Revenuedept/Secretariat,"Refurbishment of the Revenue and D.M. Department, E-Block, Assam Secretariat (Relief and Rehabilitation Branch, Registration Branch, Reforms Branch) (Part-I)","Renovation and Refurbishment of the Revenue and D.M. Department, E-Block, Assam Secretariat (Relief and Rehabilitation Branch, Registration Branch, Reforms Branch) (Part-I)",Works,Open Tender,Item Wise,Civil Works - Building,No,No,NA ,17-Mar-2026 02:30 PM,20-Mar-2026 12:00 PM ,180.0,No ,No,Online,08-Apr-2026 11:30 AM,Public Works Building and NH Department||Chief Engineer-Building - PWBNH||SE-Guwahati Circle-2 - PWBNH,Assam Secretariat,781006.0,2.0,"45,62,631",M/S D.M. INFRA DEVELOPER,"4,976,696",Accepted-AOC,20-May-2026,Public Works Building and NH Department||Chief Engineer-Building - PWBNH||SE-Guwahati Circle-2 - PWBNH
2026_SSA_50537_1,E-705066/270,Group-6,"Construction of additional classroom (Balance works) in the following schools Dalu Higher Secondary School under Salchapra block - (3nos.),",Works,Open Tender,Works,Civil Works - Building,No,No,NA ,23-Jan-2026 09:00 AM,NA ,180.0,No ,No,Online,14-Feb-2026 03:00 PM,Axom Sarba Siksha Abhijan Mission,Cachar,781019.0,2.0,"1,80,21,142",BIRKHW BASUMATARY,"16,219,028",Rejected-Technical,17-Jun-2026,Axom Sarba Siksha Abhijan Mission
2026_APGCL_50742_1,GM/NTPS/2026-5,Supply of 500 mm butterfly valve,"500 mm butterfly valve for discharge line of Auxiliary Cooling Water Pump(ACWP)#2 at Namrup Replacement Power Project (NRPP),NTPS, APGCL, Namrup.",Works,Open Tender,Tender cum Auction,Miscellaneous Works,No,No,NA ,04-Feb-2026 10:00 AM,NA ,180.0,No ,No,Online,26-Feb-2026 12:00 PM,Assam Power Generation Company Limited,Namrup Thermal Power Station,786622.0,2.0,,FLUID VALVE MANUFACTURING COMPANY,"613,600",Rejected-Technical,19-Jun-2026,Assam Power Generation Company Limited
2025_PWD_48739_1,MDSTRD_SPJ_SOPD-G_25_26_1,MDSTRD_SPJ_SOPD-G_25_26_1,Construction of SPT Br No 3/1 on Rangamari Kurua embankment under SOPD G for the year 2025-26 under PWRD Mangaldai Dalgaon and Sipajhar Territorial Road Division Sipajhar LAC,Works,Open Tender,Item Rate,Civil Works - Bridges,No,Yes,NA ,21-Nov-2025 01:00 PM,08-Dec-2025 12:00 PM ,180.0,No ,No,Online,11-Dec-2025 01:00 PM,Public Works Roads Department,Sipajhar,784145.0,2.0,"51,00,000",HIMANGSHU GAUTAM,"5,099,946",Accepted-AOC,08-Jun-2026,Public Works Roads Department
2025_PWD_47322_3,CE/DEV/TB/60/2025-26/27 Dtd- 26.08.2025,"MMPPNA_RIDF_XXXI_25_26_513 Improvement of (1) road from Naojan Bazaar to CDS Playground from Ch. 0.00 km to 2.00 km (L-2.00km), (2) Ladonasa to MV Road (Ch. 6500.00m to Ch. 8500.00m) L- 2.00 km (3) Improvement of Uriamghat Sonalinagar Road from Ch. 0","MMPPNA_RIDF_XXXI_25_26_513 Improvement of (1) road from Naojan Bazaar to CDS Playground from Ch. 0.00 km to 2.00 km (L-2.00km), (2) Ladonasa to MV Road (Ch. 6500.00m to Ch. 8500.00m) L- 2.00 km (3) Improvement of Uriamghat Sonalinagar Road from Ch. 0",Works,Open Tender,Item Rate,Civil Works – Roads,No,No,NA ,05-Sep-2025 06:55 PM,09-Sep-2025 12:00 PM ,180.0,No ,No,Online,23-Sep-2025 02:30 PM,Public Works Roads Department,Sarupathar,785601.0,2.0,"3,93,98,000",M/S. M.P. AGARWALLA,"39,387,321",Rejected-Finance,02-Jun-2026,Public Works Roads Department
2024_DoIT_41531_1,AEDC/SDC/IT/2024-25/012,"Supply, Installation and Maintenance of Security Components","Supply, Installation and Maintenance of Security Components",Works,Open Tender,Works,Miscellaneous Works,No,No,NA ,20-Dec-2024 06:00 PM,NA ,180.0,No ,No,Online,06-Jan-2025 01:00 PM,Principal Secretary-Department of Information Technology||Assam Electronics Development Corporation Ltd-DoIT,Guwahati,781021.0,2.0,,DIGITAL INTEGRATION,"7,823,341",Accepted-AOC,04-Jun-2026,Principal Secretary-Department of Information Technology||Assam Electronics Development Corporation Ltd-DoIT
2026_PWD_50189_11,EE/HDTRD/TB/95/2024-25/05,HDTRD/PDNA-22/11 Recovery and Reconstruction of Hojai Tumpreng Road to Dakhin Kumurakata Forest village Road under NDRF(PDNA-2022) in Hojai District (Hojai LAC),HDTRD/PDNA-22/11 Recovery and Reconstruction of Hojai Tumpreng Road to Dakhin Kumurakata Forest village Road under NDRF(PDNA-2022) in Hojai District (Hojai LAC),Works,Open Tender,Item Rate,Civil Works,No,No,NA ,14-Jan-2026 10:00 AM,17-Jan-2026 03:00 PM ,180.0,No ,No,Online,29-Jan-2026 02:30 PM,Public Works Roads Department,Hojai,782435.0,2.0,"53,96,000",Sri Gopal Ghosh,"5,395,188",Rejected-AOC,04-Jun-2026,Public Works Roads Department
2026_BTC_52363_1,No.42/ACE/PWD/BTC/2026-27/06,"Supplementary items (HVAC, Fire Fighting and Fire Alarm) of the project Construction of Interior works for CIT Auditorium at Central Institute of Technology (CIT), Kokrajhar. (TN_03_02)","Supplementary items (HVAC, Fire Fighting and Fire Alarm) of the project Construction of Interior works for CIT Auditorium at Central Institute of Technology (CIT), Kokrajhar. (TN_03_02)",Works,Open Tender,Item Rate,Electrical Works,No,No,NA ,16-May-2026 10:00 AM,NA ,180.0,No ,No,Online,08-Jun-2026 02:00 PM,Bodoland Territorial Council-PWD||Director Cum CHD - PWD BTC,Kokrajhar,783370.0,2.0,"1,90,02,466",BISWAJIT DEBNATH,"17,782,000",Rejected-AOC,22-Jun-2026,Bodoland Territorial Council-PWD||Director Cum CHD - PWD BTC
2026_DOT_50514_1,ATDC.2822/2017/Pt-II/4388 dtd. 17.01.2026,"Development, Operation and Management Contract for running the Prashaanti Yatriniwas, Barpeta","Development, Operation and Management Contract for running the Prashaanti Yatriniwas, Barpeta",Services,Open Tender,Item Rate,Hotel/ Catering,No,No,NA ,22-Jan-2026 05:00 PM,28-Jan-2026 12:00 PM ,180.0,No ,No,Online,06-Feb-2026 01:00 PM,Department of Tourism||Assam Tourism Development Corporation Ltd. - DOT||HO-Guwahati-ATDCL - DOT,Barpeta,781301.0,2.0,"30,000",KUMARS GREEN RESORTS AND WEDDING LAWN,"45,000",Accepted-AOC,16-Jun-2026,Department of Tourism||Assam Tourism Development Corporation Ltd. - DOT||HO-Guwahati-ATDCL - DOT
2025_PWD_46306_2,CE/DEV/TB/119/2025-26/1 Dtd- 28.07.2025,MMPPNA_RIDF_XXXI_25_26_355 Construction of PGHJ Road to Ashrang village under Mukhya Mantrir Paki Path Nirman Achani under RIDF-XXXI of NABARD for the year 2025-26.,MMPPNA_RIDF_XXXI_25_26_355 Construction of PGHJ Road to Ashrang village under Mukhya Mantrir Paki Path Nirman Achani under RIDF-XXXI of NABARD for the year 2025-26.,Works,Open Tender,Item Rate,Civil Works – Roads,No,No,NA ,12-Aug-2025 09:00 AM,15-Aug-2025 12:00 PM ,180.0,No ,No,Online,26-Aug-2025 02:30 PM,Public Works Roads Department,Haflong,788819.0,2.0,"1,00,00,000",Arban Joel Kachari,"8,700,000",Accepted-AOC,12-Jun-2026,Public Works Roads Department
2026_BoTC_51781_1,TECH-28/SE(RB)/2019-20/21,Const.of ICBP road from Galapara village road to Morapara road at Galapara village at Bijni in Chirang District for the year 2025-26. TN-394-2.,Const.of ICBP road from Galapara village road to Morapara road at Galapara village at Bijni in Chirang District for the year 2025-26. TN-394-2.,Works,Open Tender,Works,Civil Works – Roads,No,No,NA ,09-Mar-2026 02:00 PM,NA ,180.0,No ,No,Online,30-Mar-2026 02:00 PM,Bodoland Territorial Council||PWD-BTC,Chirang,783385.0,2.0,"99,99,938",Arjun Saha,"9,999,675",Rejected-Finance,03-Jun-2026,Bodoland Territorial Council||PWD-BTC
2025_PWD_46628_5,CE/MAINT/SOPDG/01/2025-26/12 Date_13_8_2025,MAINT/SOPD-G/2025-26/143,"MAINT/SOPD-G/2025-26/143_1_Improvement of (GWC) Road from Hiramy Talukdar House to Kalag Pandula link Road, 2_Improvement of (GWC) Road from Dakshin Jagara link to Umesh Haloi House road,3_Improvement of (GWC) Road from Lachima Harighata road toward",Works,Open Tender,Item Rate,Civil Works – Roads,No,No,NA ,19-Aug-2025 03:00 PM,20-Aug-2025 12:05 PM ,180.0,No ,No,Online,06-Sep-2025 03:00 PM,Public Works Roads Department,Nalbari,781335.0,2.0,"9,26,39,000",Jiyaur Pasa,"92,628,924",Not Admitted-Fee/PreQual/Technical,11-Jun-2026,Public Works Roads Department
2025_PWD_47980_1,Tech/NDTRD/NIT/1028/2931,Tihu_SOPD-G_2025-26_08,Improvement of GWC Road from Palla Road to Bhagawati Supa via Kamaleswar Vidyapeeth under SOPD-G for the year 2025-26.,Works,Open Tender,Item Rate,Civil Works – Roads,No,No,NA ,13-Oct-2025 10:30 AM,NA ,180.0,No ,No,Online,04-Nov-2025 10:30 AM,Public Works Roads Department,Nalbari,781335.0,2.0,"8,67,000",SRI BIMAN JYOTI DEKA,"866,477",Rejected-Finance,17-Jun-2026,Public Works Roads Department
2025_ICD_47427_1,C AND P/GI PIPES/2025-26/16,Procurement of GI Pipe,Procurement of GI Pipe,Goods,Open Tender,Buy,Supply of Materials,No,No,NA ,10-Sep-2025 03:00 PM,NA ,120.0,No ,No,Online,07-Oct-2025 02:00 PM,Industries and Commerce Department||Assam Gas Company Ltd - ICD,"AGCL Stores, Duliajan",786602.0,2.0,,Evergreen Seamless Pipes and Tubes Pvt. Ltd.,0,Rejected-Technical,09-Jun-2026,Industries and Commerce Department||Assam Gas Company Ltd - ICD
2025_DoWR_47409_3,DIBRUGARH/2025-26/RIDF/II,A/E measures to Flood protection bund of Tengakhat Mouza on the R/B of river Buridehing at Pandhuaghat area.,A/E measures to Flood protection bund of Tengakhat Mouza on the R/B of river Buridehing at Pandhuaghat area.,Works,Open Tender,Works,Civil Works,No,No,NA ,27-Dec-2025 06:55 PM,NA ,180.0,No ,No,Online,03-Jan-2026 03:00 PM,Department of Water Resources||Chief Engineer - DoWR,Dibrugarh,786001.0,2.0,"4,18,34,523",MODI ENTERPRISE,"41,833,001.74",Rejected-Technical,04-Jun-2026,Department of Water Resources||Chief Engineer - DoWR
2026_ICD_50963_1,SIDC/CD/MSME/2075/2023-24/8689,"Construction of Rubble Masonry Boundary Wall and Development of Land by earth filling for setting up a New Industrial Estate Chapor, Dhubri under ASIDC Ltd.","Construction of Rubble Masonry Boundary Wall and Development of Land by earth filling for setting up a New Industrial Estate Chapor, Dhubri under ASIDC Ltd.",Works,Open Tender,Works,Civil Works,No,No,NA ,09-Feb-2026 09:00 AM,NA ,120.0,No ,No,Online,23-Feb-2026 03:00 PM,Industries and Commerce Department||Assam Small Industries Development Corpn. Ltd.,Vill Jamduar Chapor Dhubri Assam,783371.0,2.0,"7,12,45,207",A R ASSOCIATES,"71,181,839.19",Rejected-Technical,16-Jun-2026,Industries and Commerce Department||Assam Small Industries Development Corpn. Ltd.
2026_BoTC_51783_1,TECH-28/SE(RB)/2019-20/21,Const. of ICBP road from Dangaigaon Shiv Mandir to Paddy Field road to Dangaigaon village at Bijni in Chirang District for the year 2025-26. TN-394-3.,Const. of ICBP road from Dangaigaon Shiv Mandir to Paddy Field road to Dangaigaon village at Bijni in Chirang District for the year 2025-26. TN-394-3.,Works,Open Tender,Works,Civil Works – Roads,No,No,NA ,09-Mar-2026 02:00 PM,NA ,180.0,No ,No,Online,30-Mar-2026 02:00 PM,Bodoland Territorial Council||PWD-BTC,Chirang,783385.0,2.0,"99,99,840",Arjun Saha,"9,999,508",Rejected-Finance,03-Jun-2026,Bodoland Territorial Council||PWD-BTC
2026_PWBNH_51715_1,SE(B)/DBC/LHAMCH/25-26/89,"Repair Renovation of Ladies Hostel No. 1 of Assam Medical College and Hospital, Dibrugarh.","Repair Renovation of Ladies Hostel No. 1 of Assam Medical College and Hospital, Dibrugarh.",Works,Open Tender,Item Rate,Civil Works - Building,No,No,NA ,06-Mar-2026 02:45 PM,09-Mar-2026 11:00 AM ,180.0,No ,No,Online,14-Mar-2026 03:00 PM,Public Works Building and NH Department||Chief Engineer-Building - PWBNH,DIBRUGARH,786001.0,2.0,"67,16,551",BHAGYA JYOTI PATRA,"7,256,620",Rejected-AOC,10-Jun-2026,Public Works Building and NH Department||Chief Engineer-Building - PWBNH
2025_PWD_45554_13,CE/STBR/09/NIT/RIDF-XXXI/2025 26/1 Dated 24-06-2025,"STBR/RIDF-XXXI/DALGAON-04/13 Construction of R.C.C Bridge No. 1/1 on Baligaon to Alisinga Road under Mukhya Mantrir Unnata Paki Path Nirman Achani (MMUPPNA) under RIDF-XXXI of NABARD for the year 2025-26 in Mangaldal, Dalgaon and Sipajhar Territori","STBR/RIDF-XXXI/DALGAON-04/13 Construction of R.C.C Bridge No. 1/1 on Baligaon to Alisinga Road under Mukhya Mantrir Unnata Paki Path Nirman Achani (MMUPPNA) under RIDF-XXXI of NABARD for the year 2025-26 in Mangaldal, Dalgaon and Sipajhar Territori",Works,Open Tender,Item Rate,Civil Works – Roads,No,No,NA ,15-Jul-2025 05:00 PM,17-Jul-2025 11:00 AM ,180.0,No ,No,Online,01-Aug-2025 11:00 AM,Public Works Roads Department,Dalgaon,784116.0,2.0,"2,24,22,000",DIPAK DAS,"19,933,587",Accepted-AOC,29-Jun-2026,Public Works Roads Department
2026_PWRDW_50089_3,eCF No. 743008/1,Bridge1/Bongaigaon/02 Br. No. 1/1 on Raghunandan Pochagaon PtII Road,CE/EAP/ARRBP/OCB/Bridge1/Bongaigaon/02 Br. No. 1/1 on Raghunandan Pochagaon PtII Road,Works,Open Tender,Item Rate,Civil Works - Bridges,No,No,NA ,09-Jan-2026 09:00 AM,13-Jan-2026 11:00 AM ,180.0,No ,No,Online,22-Jan-2026 02:30 PM,Public Works Roads Department-Externally Aided Project||Public Works Road Department- World Bank Funded Tenders||Assam State Bridge Infrastructure Program,Bongaigaon District,783380.0,2.0,"1,81,11,400",DHARAM PRAKASH SHAH,"19,015,158",Rejected-Technical,22-Jun-2026,Public Works Roads Department-Externally Aided Project||Public Works Road Department- World Bank Funded Tenders||Assam State Bridge Infrastructure Program
2025_NHM_49058_1,NHM/ECF/682486,"Construction of Integrated Public Health Laboratory at old TRB Civil Hospital in Kamrup District under PM ABHIM for FY 2025-26 under NHM, Assam","Construction of Integrated Public Health Laboratory at old TRB Civil Hospital in Kamrup District under PM ABHIM for FY 2025-26 under NHM, Assam",Works,Open Tender,Item Rate,Civil Works - Building,No,No,NA ,05-Dec-2025 05:00 PM,NA ,180.0,No ,No,Online,26-Dec-2025 03:30 PM,National Health Mission||State Programme Management Unit - NHM,Kamrup,781012.0,2.0,"1,20,08,062",Devajit Kutum,"12,000,000",Rejected-Finance,26-Jun-2026,National Health Mission||State Programme Management Unit - NHM
2026_BTC_52361_1,No.42/ACE/PWD/BTC/2026-27/06,"Construction of Interior Works of CIT Auditorium at Central Institute of Technology, Kokrajhar. (TN_03_01)","Construction of Interior Works of CIT Auditorium at Central Institute of Technology, Kokrajhar. (TN_03_01)",Works,Open Tender,Item Rate,Audio-Visual Equipment,No,No,NA ,16-May-2026 10:00 AM,NA ,180.0,No ,No,Online,08-Jun-2026 02:00 PM,Bodoland Territorial Council-PWD||Director Cum CHD - PWD BTC,Kokrajhar,783370.0,2.0,"4,47,95,315",AMIO KUNGOR BASUMATARY,"46,138,000.85",Rejected-AOC,22-Jun-2026,Bodoland Territorial Council-PWD||Director Cum CHD - PWD BTC
2026_GMC_51863_1,GMC/Div-V/183/2024/44 Date_05/03/2026,Construction of Garbage Transfer Station at Dhakhingaon under Ward no-41,Construction of Garbage Transfer Station at Dakhingaon. 1. Construction of Garbage Transfer Station at Dakhingaon (Part-A) 2. Construction of Garbage Transfer Station at Dakhingaon (Part-B),Works,Open Tender,Lump-sum,Civil Works,No,No,NA ,10-Mar-2026 06:00 PM,NA ,120.0,No ,No,Online,27-Mar-2026 03:00 PM,Guwahati Municipal Corporation,Guwahati,781006.0,2.0,"48,13,000",Matiur Rahman,"3,850,400",Rejected-AOC,20-Jun-2026,Guwahati Municipal Corporation
2025_GU_49673_1,Instr USIC/AssamTenders/2025/935 Date 18.12.2025,Supply of various tools and equipment for the Dept. of Instrumentation and USIC Gauhati University,Supply of various tools and equipment for the Dept. of Instrumentation and USIC Gauhati University,Goods,Open Tender,Item Wise,Supply of Materials,No,No,NA ,26-Dec-2025 04:00 PM,NA ,90.0,No ,No,Online,20-Jan-2026 03:30 PM,Gauhati University,Gauhati University,781014.0,2.0,,Automation Tools and Equipments,"95,977",Accepted-AOC,19-Jun-2026,Gauhati University
2025_PWD_49626_1,CE/CMRDP/MMPNA/2022/60,MMPNA/2022-23/182(A),MMPNA/2022-23/182(A)_Periodic Renewal of Road from Laluk Bishrampur Dhekiajuli road _0.00Km to 5.688Km_under Mukhya Mantrir Path Nabikaran Aachani under Naoboicha LAC for the year 2022_23_Balance Work_,Works,Open Tender,Item Rate,Civil Works – Roads,No,No,NA ,26-Dec-2025 02:00 PM,29-Dec-2025 12:00 PM ,180.0,No ,No,Online,03-Jan-2026 03:00 PM,Public Works Roads Department,Ranganadi,791119.0,2.0,"76,37,000",ASSAM ENTERPRISE,"7,637,000",Accepted-AOC,02-Jun-2026,Public Works Roads Department
2026_ID_50935_1,10 (SDMF) 2025-26/I/1426542/2026 Date_ 06-02-2026,Flood Mitigation Project in Patacharkuchi area through main canal of Kaldiya Flow Irrigation Scheme under State Disaster Mitigation Fund (SDMF) for the year 2023-24 under Tihu Division _Irrigation Tihu Package_1,Flood Mitigation Project in Patacharkuchi area through main canal of Kaldiya Flow Irrigation Scheme under State Disaster Mitigation Fund (SDMF) for the year 2023-24 under Tihu Division _Irrigation Tihu Package_1,Works,Open Tender,Item Rate,Civil Works,No,No,NA ,07-Feb-2026 06:00 PM,11-Feb-2026 02:00 PM ,180.0,No ,No,Online,05-Mar-2026 03:00 PM,Irrigation Department||Chief Engineer(Major)-Irrigation Dept,Tihu,781371.0,2.0,"16,32,64,577",ASHOK KUMAR BAJAJ,"146,938,119.3",Accepted-AOC,26-Jun-2026,Irrigation Department||Chief Engineer(Major)-Irrigation Dept
2026_PWD_50011_5,CE/Commn/198/SDMF/2025-26/01,Lakhimpur/SDMF/5,Integrated Slope-Stabilized Road Improvement from Katharbari to Khajua Patir Tiniali via Krishnapur Chariali using RCC Cantilever Retaining Wall and Banana Fiber Geotextile-Based Bio-Mitigative Technology for Disaster Resilience in Lakhimpur District,Works,Open Tender,Item Rate,Civil Works – Roads,No,No,NA ,07-Jan-2026 04:00 PM,21-Jan-2026 04:00 PM ,180.0,No ,No,Online,28-Jan-2026 02:30 PM,Public Works Roads Department,Lakhimpur,787001.0,2.0,"4,91,75,000",JYOTSON CONSTRUCTION,"49,129,321",Accepted-AOC,29-Jun-2026,Public Works Roads Department
2025_PWD_46196_26,CE/DEV/TB/122/2025-26/06 Dated. 04-08-2025,BTR_SOPD_G_25_26_22 Constrution of (1) ICBP Bhawanipur Village link road via Mawariya Goyary House (2) ICBP road at Bwikhungaon Borobasti village road under SOPD-G for the year 2025-26.,BTR_SOPD_G_25_26_22 Constrution of (1) ICBP Bhawanipur Village link road via Mawariya Goyary House (2) ICBP road at Bwikhungaon Borobasti village road under SOPD-G for the year 2025-26.,Works,Open Tender,Item Rate,Civil Works – Roads,No,No,NA ,07-Aug-2025 03:00 PM,11-Aug-2025 12:00 PM ,180.0,No ,No,Online,14-Aug-2025 02:30 PM,Public Works Roads Department,Sidli-Chirang,783373.0,2.0,"57,00,000",ACHINTA NARZARY,"5,695,000",Rejected-Finance,09-Jun-2026,Public Works Roads Department
2026_ID_50828_1,9 _SDMF_2025-26_I_1422306_2026 Date_ 04_02_2026,Bank Protection Work at Kaldiya FIS under State Disaster Mitigation Fund (SDMF) for the year 2023-24 under Tihu Division Irrigation Tihu Package_1,BBank Protection Work at Kaldiya FIS under State Disaster Mitigation Fund (SDMF) for the year 2023-24 under Tihu Division Irrigation Tihu Package_1,Works,Open Tender,Item Rate,Civil Works,No,No,NA ,05-Feb-2026 06:00 PM,NA ,180.0,No ,No,Online,27-Feb-2026 03:00 PM,Irrigation Department||Chief Engineer(Major)-Irrigation Dept,Tihu,781371.0,2.0,"68,01,837",Parag Moni Sen Deka,"6,121,799.99",Rejected-Technical,02-Jun-2026,Irrigation Department||Chief Engineer(Major)-Irrigation Dept
2026_AHVD_51680_3,E-763721/25-26/DFA/1653637/03,"up-gradation for Low Cost Animal Feed Manufracturing Unit cum R and D Unit at Govt. Seed Production Farm, Matia in Goalpara District under RIDF-XXXI","up-gradation for Low Cost Animal Feed Manufracturing Unit cum R and D Unit at Govt. Seed Production Farm, Matia in Goalpara District under RIDF-XXXI",Works,Open Tender,Item Rate,Civil Works,No,No,NA ,05-Mar-2026 05:30 PM,09-Mar-2026 01:00 PM ,180.0,No ,No,Online,22-Apr-2026 02:00 PM,Animal Husbandry and Veterinary Department||Directorate of A.H. and Veterinary||Assam Livestock and Poultry Corporation Ltd.,Goalpara,783125.0,2.0,"8,20,00,000",GOPAL CHANDRA BORAH,"81,880,009.88",Accepted-AOC,17-Jun-2026,Animal Husbandry and Veterinary Department||Directorate of A.H. and Veterinary||Assam Livestock and Poultry Corporation Ltd.
2025_BTC_49248_21,ACE-22/PWD/NIT/GOODWILL/25-26,Construction of CC Block road at No.1 Fasia village Harisinga VCDC under CMs Goodwill Mission Project under RIDF-XXXI of NABARD for the year 2025-26. (Package No. TN_68_UDL_RIDF-XXXI_21),Construction of CC Block road at No.1 Fasia village Harisinga VCDC under CMs Goodwill Mission Project under RIDF-XXXI of NABARD for the year 2025-26.,Works,Open Tender,Item Rate,Civil Works – Roads,No,No,NA ,12-Dec-2025 10:00 AM,26-Dec-2025 12:00 PM ,180.0,No ,No,Online,03-Jan-2026 11:00 AM,Bodoland Territorial Council-PWD||Director Cum CHD - PWD BTC,Udalguri,784509.0,2.0,"99,99,938",ABONG BRAHMA,"9,999,000",Accepted-AOC,17-Jun-2026,Bodoland Territorial Council-PWD||Director Cum CHD - PWD BTC
2026_PWRDW_50657_11,EAP/ARRBP/02/TENDERS/2024/60,ARRBP/OCB/Bridge 1/South Salmara Mankachar/04 Bridge No. 1by1 on Kutrighat Molamari Road.,CE/EAP/ARRBP/OCB/Bridge 1/South Salmara Mankachar/04 Bridge No. 1by1 on Kutrighat Molamari Road.,Works,Open Tender,Item Rate,Civil Works - Bridges,No,No,NA ,04-Feb-2026 04:30 PM,10-Feb-2026 11:00 AM ,180.0,No ,No,Online,17-Feb-2026 02:30 PM,Public Works Roads Department-Externally Aided Project||Public Works Road Department- World Bank Funded Tenders||Assam State Bridge Infrastructure Program,South Salmara Mankachar district,783127.0,2.0,"1,78,76,200",SHAMIM AMEEN,"18,680,089",Accepted-AOC,22-Jun-2026,Public Works Roads Department-Externally Aided Project||Public Works Road Department- World Bank Funded Tenders||Assam State Bridge Infrastructure Program
2025_PWD_45820_79,CE/STBR/SOPD-G/NIT/07/2025 26/1 Dated 26-06-2025,STBR/SOPD-G/Raha -04/22 Construction of Road from (i) Kuruabahi Satra Namghor to Kuruabahi Chariali Road (ii) Swahid Bhabendra Bordoloi path(From Bebejia to bangthaigaon) under Mukhya Mantrir Pakipath Nirman Achani (MMPPNA) under SOPD(G) for the ye,STBR/SOPD-G/Raha -04/22 Construction of Road from (i) Kuruabahi Satra Namghor to Kuruabahi Chariali Road (ii) Swahid Bhabendra Bordoloi path(From Bebejia to bangthaigaon) under Mukhya Mantrir Pakipath Nirman Achani (MMPPNA) under SOPD(G) for the ye,Works,Open Tender,Item Rate,Civil Works – Roads,No,No,NA ,30-Jul-2025 06:00 PM,31-Jul-2025 11:00 AM ,180.0,No ,No,Online,11-Aug-2025 11:00 AM,Public Works Roads Department,Raha,782103.0,2.0,"62,81,000",Chittaranjan Nath,"6,281,000",Accepted-AOC,29-Jun-2026,Public Works Roads Department
2026_UDD_50962_1,GMB/15FC/TIED/2025-26/277-303,"Construction of Piped Water Supply Scheme at Mallapatty, Gauripur, Ward no.11","Construction of Piped Water Supply Scheme at Mallapatty, Gauripur, Ward no.11",Works,Open Tender,Item Rate,Civil Works,No,No,NA ,09-Feb-2026 10:00 AM,15-Feb-2026 11:00 AM ,180.0,No ,No,Online,21-Feb-2026 04:00 PM,Urban Development Department||Directorate of Municipality Administration - UDD||Gauripur Municipal Board,GAURIPUR,783331.0,2.0,"39,85,000",GAUTAM CHANDRA ROY,"3,906,804",Rejected-AOC,03-Jun-2026,Urban Development Department||Directorate of Municipality Administration - UDD||Gauripur Municipal Board
2026_SCD_49976_10,Tender/NIT/Pt-I/2025-26/5924,Boulder Revetment and Pitching Work along the bank of Chaulkhowa River at No.2 Ghorathal Village under RIDF-XXXI during 2025-26,Boulder Revetment and Pitching Work along the bank of Chaulkhowa River at No.2 Ghorathal Village under RIDF-XXXI during 2025-26,Works,Open Tender,Item Rate,Civil Works,No,No,NA ,06-Jan-2026 02:00 PM,12-Jan-2026 12:00 PM ,180.0,No ,No,Online,28-Jan-2026 03:00 PM,Soil Conservation Department||Director - SCD,Nalbari Soil Conservation Division,781335.0,2.0,"44,78,700",Deraj Saikia,"3,533,694",Rejected-Finance,26-Jun-2026,Soil Conservation Department||Director - SCD
2026_PWD_49922_17,Tech/NDTRD/NIT/1028/4212 dated 03.01.2026,Tihu_PDNA_2025-26_29,Recovery and Reconstruction of Amoni to Bhakatpara via Major supa road under NDRF (PDNA-2022) for the year 2025-26.,Works,Open Tender,Item Rate,Civil Works – Roads,No,No,NA ,08-Jan-2026 10:30 AM,NA ,180.0,No ,No,Online,21-Jan-2026 10:30 AM,Public Works Roads Department,Nalbari,781335.0,2.0,"80,00,000",Alifur Rahman,"7,997,774",Accepted-AOC,10-Jun-2026,Public Works Roads Department
2025_PWD_45491_10,CE/Commn/16/2025-26/2,Digboi/SOPD/3,1)Const of road from Golai 12 Futia 15 No. Line road 2) Const of road from 2 No Tokowani Moran Gaon Path 3) Construction of road from Tamuli Bon Gaon Gokhai Ghar Path 4) Const of road from Borjan Namghar to Lithia road under SOPD 25-26,Works,Open Tender,Item Rate,Civil Works – Roads,No,No,NA ,10-Jul-2025 06:00 PM,18-Jul-2025 04:00 PM ,180.0,No ,No,Online,30-Jul-2025 02:30 PM,Public Works Roads Department,Digboi,786171.0,2.0,"2,00,95,000",AKHIM MORAN,"20,094,000",Rejected-AOC,06-Jun-2026,Public Works Roads Department
2025_PWD_45820_78,CE/STBR/SOPD-G/NIT/07/2025 26/1 Dated 26-06-2025,STBR/SOPD-G/Raha -03/21 Construction of Road from Maj Jamuguri PWD road near Shiva mandir to Kuruabahi Jamuguri PWD Road under Mukhya Mantrir Pakipath Nirman Achani (MMPPNA) under SOPD(G) for the year 2025-26 in Nagaon District under Raha LAC,STBR/SOPD-G/Raha -03/21 Construction of Road from Maj Jamuguri PWD road near Shiva mandir to Kuruabahi Jamuguri PWD Road under Mukhya Mantrir Pakipath Nirman Achani (MMPPNA) under SOPD(G) for the year 2025-26 in Nagaon District under Raha LAC,Works,Open Tender,Item Rate,Civil Works – Roads,No,No,NA ,30-Jul-2025 06:00 PM,31-Jul-2025 11:00 AM ,180.0,No ,No,Online,11-Aug-2025 11:00 AM,Public Works Roads Department,Raha,782103.0,2.0,"42,49,000",Chittaranjan Nath,"4,228,900",Accepted-AOC,29-Jun-2026,Public Works Roads Department
2025_PWD_45820_87,CE/STBR/SOPD-G/NIT/07/2025 26/1 Dated 26-06-2025,STBR/SOPD-G/Dimoria-03/91 Improvement of Naukuchi Markong road under SOPD (G) for the year 2025-26,STBR/SOPD-G/Dimoria-03/91 Improvement of Naukuchi Markong road under SOPD (G) for the year 2025-26,Works,Open Tender,Item Rate,Civil Works – Roads,No,No,NA ,31-Jul-2025 03:00 PM,01-Aug-2025 11:00 AM ,180.0,No ,No,Online,11-Aug-2025 11:00 AM,Public Works Roads Department,Dimoria,782403.0,2.0,"16,00,000",M/S KRISHNA ENTERPRISE,"1,585,660",Rejected-AOC,29-Jun-2026,Public Works Roads Department
2026_DoWR_51237_1,MORIGAON/2025-26/SOPD-G/X,Construction of Flood Embankment on Right Bank of River Pokoria from Tetliguri to Patekibori.(Ph IV)Package No. 01,Construction of Flood Embankment on Right Bank of River Pokoria from Tetliguri to Patekibori.(Ph IV)Package No. 01,Works,Open Tender,Works,Civil Works,No,No,NA ,16-Feb-2026 06:55 PM,NA ,180.0,No ,No,Online,25-Feb-2026 03:00 PM,Department of Water Resources||Chief Engineer - DoWR,"Teteliguri, Morigaon",782411.0,2.0,"1,71,26,894",KEA CONSULTANTS PRIVATE LIMITED,"17,076,894.4",Rejected-AOC,24-Jun-2026,Department of Water Resources||Chief Engineer - DoWR
2026_PWD_51541_5,CE/Cmmn/192/Pt-I/PDNA/25-26/5,PDNA/Nalbari/05,Recovery and Reconstruction of (1) Sariahtoli to NH-31 and 20 other roads under NDRF(PDNA-2022) for the year 2025-26.,Works,Open Tender,Item Rate,Civil Works – Roads,No,No,NA ,27-Feb-2026 02:00 PM,27-Feb-2026 04:00 PM ,180.0,No ,No,Online,06-Mar-2026 02:30 PM,Public Works Roads Department||CE PWD(R) - PWD||Traffic Engineering Cell - PWD,Nalbari,781310.0,2.0,"4,96,86,500",Jiyaur Pasa,"37,741,000",Rejected-AOC,24-Jun-2026,Public Works Roads Department||CE PWD(R) - PWD||Traffic Engineering Cell - PWD
2025_PWD_49208_2,EE/DCLKT/NIT/SOPD-G/1/2025/7,(Group 5- Construction of 1 no. Mirihula Path (L 0.30 Km)) under Mukhya Mantrir Pakipath Nirman Achanai (MMPPNA) under SOPD-G for the year 2025-26,"Construction of (i) Hatikhola Sonali Path (L 0.300 Km), (ii) Piyoli Nagar Namghar Path to Idgah Path (L 0.300 Km), (iii) Pragati Path (L 0.280 Km), (iv) Samanay Path (HM Nursing home) (L 0.20 Km), (v) 1 No Mirihula Path (L 0.30 Km), (vi) Mirihula Nam",Works,Open Tender,Item Rate,Civil Works – Roads,No,No,NA ,28-Jan-2026 02:00 PM,NA ,180.0,No ,No,Online,07-Feb-2026 02:30 PM,Public Works Roads Department,Tingkhong,786612.0,2.0,"29,34,000",Babakan Sonowal,"2,934,000",Accepted-AOC,30-Jun-2026,Public Works Roads Department
2025_DAASC_48924_1,ASC/P864/FMProt/25-26/1897 (A),"SUPPLY AND INSTALLATION OF SEED PROCESSING PLANT AT DALGAON SEED FARM, DARRANG","SUPPLY AND INSTALLATION OF SEED PROCESSING PLANT AT DALGAON SEED FARM, DARRANG",Goods,Open Tender,Item Rate,Machineries,No,No,NA ,01-Dec-2025 11:30 AM,03-Dec-2025 12:00 PM ,90.0,No ,No,Online,18-Dec-2025 12:00 PM,Directorate of Agriculture and Assam Seed Corporation,"Dalgaon seed farm, ASC Ltd.",784116.0,2.0,,IVNA ASSOCIATES,"4,936,800",Rejected-AOC,05-Jun-2026,Directorate of Agriculture and Assam Seed Corporation
2026_BTC_50915_1,No.ACE-133/PWD/G.79/2025-26/65,"Repair and Renovation of High ME School under WBD Department in BTC area under SOPD for the year 2025-26 (Uttar Betna HS School, Maharipara, Tamulpur). TN_107_07","Repair and Renovation of High ME School under WBD Department in BTC area under SOPD for the year 2025-26 (Uttar Betna HS School, Maharipara, Tamulpur). TN_107_07",Works,Open Tender,Item Rate,Civil Works - Building,No,No,NA ,07-Feb-2026 12:00 PM,NA ,180.0,No ,No,Online,21-Feb-2026 02:00 PM,Bodoland Territorial Council-PWD||Director Cum CHD - PWD BTC,Kokrajhar,783370.0,2.0,"59,99,950",Ananda Ram Boro,"5,981,338.43",Accepted-AOC,09-Jun-2026,Bodoland Territorial Council-PWD||Director Cum CHD - PWD BTC
2025_DAASC_45219_1,ASC/MKT/902/ETender/25-26/691b,Procurement of Hybrid Vegetables Seeds,Procurement of Hybrid Vegetables Seeds,Goods,Open Tender,Supply,Crop Products,No,No,NA ,27-Jun-2025 12:00 PM,01-Jul-2025 11:30 AM ,90.0,No ,No,Online,29-Jul-2025 04:30 PM,Directorate of Agriculture and Assam Seed Corporation,Assam Seeds Corporation Ltd.,781022.0,2.0,,AAMARA INDIA,1.0,Rejected-AOC,05-Jun-2026,Directorate of Agriculture and Assam Seed Corporation
2026_DoWR_50442_1,DIBRUGARH/2025-26/M AND R/II,Raising and Strengthening to Sassoni -Tingkhong Bund from Amguri to Uriamguri on the left bank of river Buridehing including construction of existing damaged sluice gate at Uriamguri.,Raising and Strengthening to Sassoni -Tingkhong Bund from Amguri to Uriamguri on the left bank of river Buridehing including construction of existing damaged sluice gate at Uriamguri.,Works,Open Tender,Works,Civil Works,No,No,NA ,21-Jan-2026 06:55 PM,NA ,180.0,No ,No,Online,30-Jan-2026 03:00 PM,Department of Water Resources||Chief Engineer - DoWR,"Uriamguri, Dibrugarh",786610.0,2.0,"9,96,00,249",M/S PRADIP KUMAR ADHYAPAK,"99,537,122.48",Rejected-AOC,16-Jun-2026,Department of Water Resources||Chief Engineer - DoWR
2025_UDD_47935_1,NHK_MB/SBM/7276,"Request for Proposal To Select an Agency for Design, Supply, Testing and Commissioning of Material Recovery Facility (MRF) AND Waste to Compost Plant, at NAHARKATIA MUNICIPAL BOARD, Assam","Request for Proposal To Select an Agency for Design, Supply, Testing and Commissioning of Material Recovery Facility (MRF) AND Waste to Compost Plant, at NAHARKATIA MUNICIPAL BOARD, Assam",Works,Open Tender,Item Rate,Civil Works - Others,No,No,NA ,10-Oct-2025 11:00 AM,27-Oct-2025 11:00 AM ,365.0,No ,No,Online,31-Oct-2025 03:00 PM,Urban Development Department||Directorate of Municipality Administration - UDD||Naharkatia Municipal Board,NAHARKATIA,786610.0,2.0,,M/S MINTU SAIKIA,"7,524,871.32",Accepted-AOC,21-Jun-2026,Urban Development Department||Directorate of Municipality Administration - UDD||Naharkatia Municipal Board
2025_PWD_45408_117,CE/DEV/TB/60/2025-26/01 Dtd- 21.06.2025,MMPPNA_RIDF_XXXI_25_26_123 Construction of (i) Paghali to Kanuwamari via Paghali Balak Muktab (Ch. 0.00m to 2000.00m) and ii) Sonaibali Kanuwamari Road to Sonaibali Boroma Road via Sonaibali Balika Muktab Vidyalaya (Ch. 0.00m to 1200.00 m) including,MMPPNA_RIDF_XXXI_25_26_123 Construction of (i) Paghali to Kanuwamari via Paghali Balak Muktab (Ch. 0.00m to 2000.00m) and ii) Sonaibali Kanuwamari Road to Sonaibali Boroma Road via Sonaibali Balika Muktab Vidyalaya (Ch. 0.00m to 1200.00 m) including,Works,Open Tender,Item Rate,Civil Works – Roads,No,No,NA ,14-Jul-2025 09:00 AM,17-Jul-2025 12:00 PM ,180.0,No ,No,Online,28-Jul-2025 02:30 PM,Public Works Roads Department,Samaguri,782140.0,2.0,"2,48,39,000",Amar Jyoti Bhattacharjye,"24,839,000",Accepted-AOC,12-Jun-2026,Public Works Roads Department
2026_PWD_51154_1,T/CC/ETN/SIL/2025-26/1178(T),"Metalling and Blacktopping of a road from NH-54 Sildubi Point to Kazidhar Dhonhari PWD Road at Dakshin Syedpur G.P (Ch 0.00m to Ch1500.00m) under Chief Ministers Special Package for Barak Valley, Ph-II for the year 2014-15. (Balance Work)","Metalling and Blacktopping of a rd from NH-54 Sildubi Pt to Kazidhar Dhonhari PWD Rd at Dakshin Syedpur G.P (Ch 0.00m to Ch1500.00m) under Chief Ministers Spl Package for Barak Valley, Ph-II for the yr 2014-15. (BW) P/No.CAC_CMs_BV_(Ph-II)_118(BW)",Works,Open Tender,Item Rate,Civil Works – Roads,No,No,NA ,16-Feb-2026 09:00 AM,23-Feb-2026 02:00 PM ,180.0,No ,No,Online,25-Feb-2026 03:10 PM,Public Works Roads Department,Cachar District.,788115.0,2.0,"70,90,753",ANSARUL HOQUE LASKAR,"7,090,750",Accepted-AOC,02-Jun-2026,Public Works Roads Department
2026_BoTC_52259_1,SE(RB)/20-21/Pt-IV/04/213_3,Package No.213_3,"Construction of CC Block Road from Niz Balisita Baptist Church Road to Bhurachuburi M.E. and High School under SOPD, BTC for the year 2025-26.",Works,Open Tender,Item Rate,Civil Works – Roads,No,No,NA ,08-May-2026 05:00 PM,NA ,180.0,No ,No,Online,29-May-2026 01:30 PM,Bodoland Territorial Council||PWD-BTC,Udalguri dist,784510.0,2.0,"1,68,56,979",MANAS DAS,"16,855,900",Accepted-AOC,10-Jun-2026,Bodoland Territorial Council||PWD-BTC
2026_HFWD_50053_1,AMSC-EQUI0PROC/103/2024-EQUP PRO-AMSC ECF 596548,SUPPLY OF COCHLEAR IMPLANT,SUPPLY OF COCHLEAR IMPLANT,Goods,Open Tender,Supply,Medical Equipments/Waste,No,No,NA ,08-Jan-2026 11:00 AM,13-Jan-2026 03:00 PM ,180.0,No ,No,Online,28-Jan-2026 04:30 PM,Health and Family Welfare Department||Assam Medical Services Corporation Limited,GUWAHATI,781026.0,2.0,"71,24,364",Advanced Bionics India Private Limited,1.0,Rejected-Technical,20-Jun-2026,Health and Family Welfare Department||Assam Medical Services Corporation Limited
2025_PWD_48888_5,EAP/ARRBP eCF No. 720769/5,Dibrugarh/15 Repair and Maintenance of Bridge i) Br No. 10/1 on Khowang Bhamum Road,Repair and Maintenance of Bridge in Dibrugarh District i) Br No. 10/1 on Khowang Bhamum Road,Works,Open Tender,Item Rate,Civil Works - Bridges,No,No,NA ,01-Dec-2025 09:00 AM,08-Dec-2025 11:00 AM ,90.0,No ,No,Online,15-Dec-2025 02:30 PM,Public Works Roads Department,Dibrugarh District,785675.0,2.0,"25,85,000",AMRIT CHANGMAI,"2,713,991.4",Accepted-AOC,16-Jun-2026,Public Works Roads Department
2025_PWHE_48639_1,IN-ASSAM PWD-510404-CW-RFB,Package No 46 Construction of Class Rooms under Assam School Education and Adolescent Well-Being Project (ASAP) under Sivasagar DTBD for i. Rupahimukh Janajati H.S ii. Santak High School,Package No 46 Construction of Class Rooms under Assam School Education and Adolescent Well-Being Project (ASAP) under Sivasagar DTBD for i. Rupahimukh Janajati H.S ii. Santak High School,Works,Open Tender,Item Rate,Civil Works - Building,No,No,NA ,15-Nov-2025 10:00 AM,21-Nov-2025 11:30 AM ,180.0,No ,No,Online,29-Nov-2025 02:30 PM,Public Works Health and Education Department-Externally Aided Project||Public Works Health and Education Department-WB,Sivasagar,785640.0,2.0,"6,91,09,090",M/S LOHIT CHANDRA GOGOI,"60,131,818",Rejected-Technical,18-Jun-2026,Public Works Health and Education Department-Externally Aided Project||Public Works Health and Education Department-WB
