Tender ID,tender_externalreference,tender_title,Work Description,Tender Category,Tender Type,Form of contract,Product Category,Is Multi Currency Allowed For BOQ,Allow Two Stage Bidding,Independent External Monitor/Remarks,Published Date,Pre Bid Meeting Date,Bid Validity(Days),Should Allow NDA Tender,Allow Preferential Bidder,Payment Mode,Bid Opening Date,Organisation Chain,location,Pincode,No of Bids Received,Tender Value in ₹,Bidder Name,Awarded Value,Status,Contract Date :,Department
2026_WPTBC_51122_1,SCDCDehalThan,"Construction of Conference Hall and Boundary Wall at Dehal Than at Taloni Dharbam Village, Sonapur, under Dimoria LAC","Construction of Conference Hall and Boundary Wall at Dehal Than at Taloni Dharbam Village, Sonapur, under Dimoria LAC",Works,Open Tender,Item Rate,Civil Works,No,No,NA ,13-Feb-2026 03:00 PM,NA ,180.0,No ,No,Online,19-Feb-2026 02:00 PM,Welfare of Plain Tribes and Backward Classes||Directorate of Welfare of Scheduled Caste||Assam State Development Corporation for SC,"DISPUR, GHY-06",781006.0,2.0,"25,00,000",SHIV CONSTRUCTION CO,"2,500,000",Rejected-AOC,24-Feb-2026,Welfare of Plain Tribes and Backward Classes||Directorate of Welfare of Scheduled Caste||Assam State Development Corporation for SC
2025_PWD_46985_12,CE/Commn/16/202526/18(ReBid),Sadiya/SOPD/2,"Imp.ofi)Gndhoguri Hahkhti,ii)Kako Brali iii)Kulliptr Tiniali iv)Nepali Siring v)NH37 Nkul Hse vi)NH37 to Dangari Haluwabasti vii)Na Brmua LP schl to Kathini Bstiviii)Gdabari Tiniali to Lapani schl ix)Drkmk to Tngapn under SOPD-G for 25-26",Works,Open Tender,Item Rate,Civil Works – Roads,No,No,NA ,28-Aug-2025 12:00 PM,28-Aug-2025 04:00 PM ,180.0,No ,No,Online,04-Sep-2025 02:30 PM,Public Works Roads Department||CE PWD(R) - PWD||Traffic Engineering Cell - PWD,Sadiya,786155.0,2.0,"1,44,92,000",SUJIT KUMAR MOHESWARI,"14,492,026",Accepted-AOC,05-Feb-2026,Public Works Roads Department||CE PWD(R) - PWD||Traffic Engineering Cell - PWD
2025_PWHE_47579_1,IN-ASSAM PWD-513280-CW-RFB,Package_60 Construction of Class Rooms under Assam School Education and Adolescent Well-Being Project (ASAP) under Biswanath District Territorial Bldg. Division for i. No.1 Santipur Bodo LPS,Package_60 Construction of Class Rooms under Assam School Education and Adolescent Well-Being Project (ASAP) under Biswanath District Territorial Bldg. Division for i. No.1 Santipur Bodo LPS,Works,Open Tender,Item Rate,Civil Works - Building,No,No,NA ,18-Sep-2025 04:30 PM,03-Oct-2025 11:30 AM ,180.0,No ,No,Online,22-Oct-2025 05:00 PM,Public Works Health and Education Department-Externally Aided Project||Public Works Health and Education Department-WB,Biswanath,784176.0,2.0,"3,87,62,485",MANAB HAZARIKA,"43,026,358",Rejected-Technical,02-Feb-2026,Public Works Health and Education Department-Externally Aided Project||Public Works Health and Education Department-WB
2025_PWD_48003_1,CE/BR/10/2024/34,3rd Party/LKM/CRIF/2024-25/02,"3rd Party Monitoring and Quality Control for the work Widening andStrengthening of Road from 8th km of Dejoo Kimin Road to NH-15 at Harmutty via Phulbari, Dhekiajuli andSantipur (Ch.5350.00 m to Ch.9196.00 m, Ch.9950.00 m to Ch.11800.00 m, Ch.11",Works,Open Tender,Item Rate,Civil Works – Roads,No,No,NA ,13-Oct-2025 04:00 PM,17-Oct-2025 02:00 PM ,180.0,No ,No,Online,29-Oct-2025 12:00 PM,Public Works Roads Department,Lakhimpur,787001.0,2.0,"38,76,053",Prakalpa Civil Design Consultancy Pvt. Ltd.,"3,857,700",Not Admitted-Fee/PreQual/Technical,04-Feb-2026,Public Works Roads Department
2025_PWD_45399_20,CE/DEV/TB/54/2025-26/01 Dtd- 13.06.2025,"MMUPPNA_RIDF_XXXI_25_26_25 Improvement and Widening of Aideobari Road (Remaining Portion) (From Ch. 8050.00M to Ch. 13354.00M, L - 5.304KM),Total Length - 5.304 Km under Mukhya Mantrir Unnoto Paki Path Nirman Achani (MMUPPNA) under RIDF-XXXI of NABAR","MMUPPNA_RIDF_XXXI_25_26_25 Improvement and Widening of Aideobari Road (Remaining Portion) (From Ch. 8050.00M to Ch. 13354.00M, L - 5.304KM),Total Length - 5.304 Km under Mukhya Mantrir Unnoto Paki Path Nirman Achani (MMUPPNA) under RIDF-XXXI of NABAR",Works,Open Tender,Item Rate,Civil Works – Roads,No,No,NA ,07-Jul-2025 09:00 AM,14-Jul-2025 12:00 PM ,180.0,No ,No,Online,25-Jul-2025 02:30 PM,Public Works Roads Department,Charaideo,785690.0,2.0,"6,35,60,000",Rajib Borah,"63,560,000",Rejected-Finance,09-Feb-2026,Public Works Roads Department
2025_PWD_48347_1,TB/281/DNTRD,Improvement of road from NH15 at Uttar Kulabali to Boginodi Lalpani Road (from Ch. 800.00M to Ch. 2500.00M) by Cell Filled Concrete Technology under SDMF for the year 2023-24 in Lakhimpur District.,Improvement of road from NH15 at Uttar Kulabali to Boginodi Lalpani Road (from Ch. 800.00M to Ch. 2500.00M) by Cell Filled Concrete Technology under SDMF for the year 2023-24 in Lakhimpur District.,Works,Open Tender,Works,Civil Works – Roads,No,No,NA ,01-Nov-2025 10:00 AM,NA ,90.0,No ,No,Online,11-Nov-2025 10:00 AM,Public Works Roads Department,Dhakuakhana,787053.0,2.0,"1,24,12,153",GAUTAM CHANGMAI,"12,411,653",Rejected-AOC,04-Feb-2026,Public Works Roads Department
2025_UDD_48526_1,SMB/PW/XV FC Tied/2025-26/988,"Rejuvenation of Water Harvesting Pond at Sambhu Sagar Park, Ward No-14, Sribhumi, Under 15 FC (Tied Grant) for the year 2024-25","Rejuvenation of Water Harvesting Pond at Sambhu Sagar Park, Ward No-14, Sribhumi, Under 15th FC (Tied Grant) for the year 2024-25.",Works,Open Tender,Works,Miscellaneous Works,No,No,NA ,11-Nov-2025 05:00 PM,NA ,180.0,No ,No,Online,04-Dec-2025 12:00 PM,Urban Development Department||Directorate of Municipality Administration - UDD||Karimganj Municipal Board,"Sribhumi, Assam",788710.0,2.0,"46,39,858",BIMAL DAS,"4,175,872.2",Rejected-AOC,04-Feb-2026,Urban Development Department||Directorate of Municipality Administration - UDD||Karimganj Municipal Board
2025_NHM_46221_1,NHM/ECF/254257,Construction of Block Public Health Unit at various places of Assam under FC FV Health Grant for FY 2023 24 under NHM Assam Patherighat BPHC in Darrang district,Construction of Block Public Health Unit at various places of Assam under FC FV Health Grant for FY 2023 24 under NHM Assam Patherighat BPHC in Darrang district,Works,Open Tender,Item Rate,Civil Works - Building,No,No,NA ,07-Aug-2025 12:00 PM,NA ,180.0,No ,No,Online,22-Aug-2025 02:00 PM,National Health Mission||State Programme Management Unit - NHM,Patherighat BPHC in Darrang district,781028.0,2.0,"49,99,919",GREENWOOD,"4,999,900",Rejected-AOC,27-Feb-2026,National Health Mission||State Programme Management Unit - NHM
2025_DoWR_49637_1,N LAKHIMPUR/2025-26/ PDNA/SUPPLY/I,"Restoration of flood damage for PDNA 2022 Procurement of Geo tube, Geo bag Type-A and B, Geo-sheet under North Lakhimpur W.R. Division, North Lakhimpur.","Restoration of flood damage for PDNA 2022 Procurement of Geo tube, Geo bag Type-A and B, Geo sheet under North Lakhimpur W.R. Division, North Lakhimpur.",Goods,Open Tender,Supply,Supply of Materials,No,No,NA ,25-Dec-2025 06:55 PM,NA ,180.0,No ,No,Online,07-Jan-2026 03:00 PM,Department of Water Resources||Chief Engineer - DoWR,North Lakhimpur,787001.0,2.0,"6,09,31,369",SMILE NONWOVENS PVT. LTD.,"60,920,698.59",Accepted-AOC,27-Feb-2026,Department of Water Resources||Chief Engineer - DoWR
2025_GMC_47796_1,GER/CE/2505/2025/17 Dated_25/09/2025,Construction of Toilet under Ward No-04,Construction of Various Toilet under Guwahati Municipal Corporation,Works,Open Tender,Lump-sum,Civil Works,No,No,NA ,03-Oct-2025 06:00 PM,08-Oct-2025 12:00 PM ,120.0,No ,No,Online,24-Oct-2025 02:30 PM,Guwahati Municipal Corporation,Guwahati,781006.0,2.0,,M/S MAYA ENTERPRISE,"1,758,000",Accepted-AOC,04-Feb-2026,Guwahati Municipal Corporation
2025_PWD_45926_109,CE/DEV/TB/60/2025-26/06 Dtd- 14.07.2025,"MMPPNA_RIDF_XXXI_25_26_192 Construction of road from (1) Dholagaon Ujanpara Bhatipara road to Fokoruddin Ali Ahmed Link Road, (2) Majgaon Nigamghola Road (From Radha Gobinda Park) to Majgaon Railway Station Road, (3) Chaprakata Hapachara PMGSY Road t","MMPPNA_RIDF_XXXI_25_26_192 Construction of road from (1) Dholagaon Ujanpara Bhatipara road to Fokoruddin Ali Ahmed Link Road, (2) Majgaon Nigamghola Road (From Radha Gobinda Park) to Majgaon Railway Station Road, (3) Chaprakata Hapachara PMGSY Road t",Works,Open Tender,Item Rate,Civil Works – Roads,No,No,NA ,30-Jul-2025 06:00 PM,04-Aug-2025 12:00 PM ,180.0,No ,No,Online,14-Aug-2025 02:30 PM,Public Works Roads Department,Bongaigaon,783380.0,2.0,"3,62,85,000",MR NABAJYOTI BARMAN,"36,283,000",Accepted-AOC,05-Feb-2026,Public Works Roads Department
2025_PWD_45926_28,CE/DEV/TB/60/2025-26/06 Dtd- 14.07.2025,MMPPNA_RIDF_XXXI_25_26_319 Construction of Road from Rampur tiniali to Rajghar Kachari Road from chainage 0.00 m to 3250.00 M (L-3.250 KM) under Mukhya Mantrir Paki Path Nirman Achani (MMPPNA) under RIDF-XXXI of NABARD for the year 2025-26.,MMPPNA_RIDF_XXXI_25_26_319 Construction of Road from Rampur tiniali to Rajghar Kachari Road from chainage 0.00 m to 3250.00 M (L-3.250 KM) under Mukhya Mantrir Paki Path Nirman Achani (MMPPNA) under RIDF-XXXI of NABARD for the year 2025-26.,Works,Open Tender,Item Rate,Civil Works – Roads,No,No,NA ,28-Jul-2025 09:00 AM,04-Aug-2025 12:00 PM ,180.0,No ,No,Online,14-Aug-2025 02:30 PM,Public Works Roads Department,Ranganadi,787052.0,2.0,"2,17,82,000",Bishnu Protim Borah,"21,782,000",Accepted-AOC,23-Feb-2026,Public Works Roads Department
2025_PWD_45554_23,CE/STBR/09/NIT/RIDF-XXXI/2025 26/1 Dated 24-06-2025,STBR/RIDF-XXXI/BISWANATH-04/23 Construction of Bridge No. 1/1 on Saleikhati to Phukanchang Road under Mukhya Mantrir Unnata Paki Path Nirman Achani (MMUPPNA) under RIDF-XXXI of NABARD for the year 2025-26,STBR/RIDF-XXXI/BISWANATH-04/23 Construction of Bridge No. 1/1 on Saleikhati to Phukanchang Road under Mukhya Mantrir Unnata Paki Path Nirman Achani (MMUPPNA) under RIDF-XXXI of NABARD for the year 2025-26,Works,Open Tender,Item Rate,Civil Works – Roads,No,No,NA ,17-Jul-2025 12:00 PM,18-Jul-2025 11:00 AM ,180.0,No ,No,Online,01-Aug-2025 11:00 AM,Public Works Roads Department,Biswanath,784176.0,2.0,"3,26,32,000",SAILAJA COMMERCIAL CONSTRUCTION PVT LTD,"32,632,000",Rejected-AOC,21-Feb-2026,Public Works Roads Department
2025_BTC_49182_2,No. 125/ACE/NIT/Infra/BTC/22-23,"Construction of Food Processing Plant with Cold storage facilities at Lalpool, Udalguri District on EPC (Engineering, Procurement and Construction) Mode-I.","Construction of Food Processing Plant with Cold storage facilities at Lalpool, Udalguri District on EPC (Engineering, Procurement and Construction) Mode-I.",Works,Open Tender,Works,Civil Works,No,No,NA ,11-Dec-2025 10:00 AM,16-Dec-2025 12:00 PM ,180.0,No ,No,Online,03-Jan-2026 03:00 PM,Bodoland Territorial Council-PWD||Director Cum CHD - PWD BTC,Udalguri,784509.0,2.0,"33,39,10,247",HIGH-TECH ECOGREEN CONTRACTORS LLP,"333,900,000",Rejected-AOC,26-Feb-2026,Bodoland Territorial Council-PWD||Director Cum CHD - PWD BTC
2025_DoIT_47725_1,AEDC/SDC/2025-26/11,Provisioning of Power Upgrade at Existing Racks,Provisioning of Power Upgrade at Existing Racks,Services,Open Tender,Item Rate,Information Technology,No,No,NA ,26-Sep-2025 04:00 PM,NA ,180.0,No ,No,Online,13-Oct-2025 03:30 PM,Principal Secretary-Department of Information Technology||Assam Electronics Development Corporation Ltd-DoIT,Guwahati,781021.0,2.0,,Sify Technologies Ltd,"5,949,839",Rejected-Finance,24-Oct-2025,Principal Secretary-Department of Information Technology||Assam Electronics Development Corporation Ltd-DoIT
2026_WPTBC_50047_1,PTDC/Engg/2024-25/463/07,Construction of Hostel at Colleges at 20 District of Assam,"Construction of Hostel at Colleges at 20 District of Assam at Rs. 100.00 Lakh for each Hostel under Article 275 (I) of the Constitution of India during the year 2025-26 (Tingkhong College, Dibrugarh).",Works,Open Tender,Works,Civil Works,No,No,NA ,08-Jan-2026 04:10 PM,12-Jan-2026 12:00 PM ,180.0,No ,No,Online,26-Jan-2026 03:00 PM,Welfare of Plain Tribes and Backward Classes||Director - WPT and BC,"Tingkhong College, Dibrughar",786612.0,2.0,"1,00,00,000",NH TECHNOCRATS,"9,999,500",Accepted-AOC,12-Feb-2026,Welfare of Plain Tribes and Backward Classes||Director - WPT and BC
2025_PWD_45408_132,CE/DEV/TB/60/2025-26/01 Dtd- 21.06.2025,"MMPPNA_RIDF_XXXI_25_26_76 (1) Construction of Road from Konuwamari to Arakollong (Majuli) and Road from Dakhin Beloguri Durga Mandir to Loknath Mandir, (2) Improvement of Road from Naltali (LP School) to Silghat Kuwaritol Road (Silghat Bihdubi Matsya","MMPPNA_RIDF_XXXI_25_26_76 (1) Construction of Road from Konuwamari to Arakollong (Majuli) and Road from Dakhin Beloguri Durga Mandir to Loknath Mandir, (2) Improvement of Road from Naltali (LP School) to Silghat Kuwaritol Road (Silghat Bihdubi Matsya",Works,Open Tender,Item Rate,Civil Works – Roads,No,No,NA ,14-Jul-2025 06:00 PM,17-Jul-2025 12:00 PM ,180.0,No ,No,Online,28-Jul-2025 02:30 PM,Public Works Roads Department,Kaliabor,782137.0,2.0,"3,06,71,000",Md. Mojammil Hoque,"30,661,000",Accepted-AOC,05-Feb-2026,Public Works Roads Department
2025_SEED_45991_1,ASDM-3701/2025/ Nagaon,Nagaon PLSDTP,Nagaon PLSDTP,Services,Open Tender,EOI,Miscellaneous Services,No,No,NA ,28-Jul-2025 05:00 PM,NA ,180.0,No ,No,Online,20-Aug-2025 01:00 PM,Skill Employment and Entrepreneurship Department||Assam Skill Development Mission,Assam Skill Development Mission,781035.0,1.0,"8,60,325",Route To Connect,"845,325",Not Admitted-Fee/PreQual/Technical/Finance,04-Feb-2026,Skill Employment and Entrepreneurship Department||Assam Skill Development Mission
2025_PWD_45818_65,CE/Commn/16/2025-26/04,Dibrugarh/MMPPNA/08,Reparing of Jyotinagar Road TRP Road under MukhyaMantrir Path NabikaranAchoni(MMPNA) under SOPD for 2025-26,Works,Open Tender,Item Rate,Civil Works – Roads,No,No,NA ,24-Jul-2025 06:00 PM,28-Jul-2025 04:00 PM ,180.0,No ,No,Online,11-Aug-2025 02:30 PM,Public Works Roads Department,Dibrugarh,786001.0,2.0,"1,35,44,000",NUMAL SAIKIA,"13,543,907",Accepted-AOC,13-Feb-2026,Public Works Roads Department
2025_PWHE_47075_1,IN-ASSAM PWD-510367-CW-RFB,Construction of Class Rooms under Assam School Education and Adolescent Well-Being Project (ASAP) under Lakhimpur DTBD for i. Kapak Chapori H.S. ii. Lilabari H.S. iii. Pachim Subansiri Janajati H.S. iv. Kadam Mulagabharu H.S.,Construction of Class Rooms under Assam School Education and Adolescent Well-Being Project (ASAP) under Lakhimpur DTBD for i. Kapak Chapori H.S. ii. Lilabari H.S. iii. Pachim Subansiri Janajati H.S. iv. Kadam Mulagabharu H.S.,Works,Open Tender,Item Rate,Civil Works - Building,No,No,NA ,28-Aug-2025 04:30 PM,15-Sep-2025 11:30 AM ,180.0,No ,No,Online,03-Oct-2025 05:00 PM,Public Works Health and Education Department-Externally Aided Project||Public Works Health and Education Department-WB,Lakhimpur,787001.0,2.0,"13,67,10,020",M/S SONIA ENTERPRISE,"142,861,970",Rejected-AOC,21-Feb-2026,Public Works Health and Education Department-Externally Aided Project||Public Works Health and Education Department-WB
2025_PCCF_47383_1,6323.0,SOPD Roads and Bridge,Construction of Roads by providing GSB length 7 KM,Works,Open Tender,Percentage,Civil Works – Roads,No,No,NA ,09-Sep-2025 04:05 PM,22-Sep-2025 11:30 AM ,90.0,No ,No,Online,03-Oct-2025 11:00 AM,"Pr. Chief Conservator of Forest and Head of Forest Force||Chief Conservator of Forests (Upper Assam Zone)||Northern Assam Circle, Tezpur||Sonitpur West Division",Batasipur RF Boundary to Sopai Road,784001.0,2.0,"35,56,000",MWGTHAMGSA RAMCHIARY,"3,555,288",Rejected-Finance,04-Feb-2026,"Pr. Chief Conservator of Forest and Head of Forest Force||Chief Conservator of Forests (Upper Assam Zone)||Northern Assam Circle, Tezpur||Sonitpur West Division"
2025_PWRDW_45232_4,CE/EAP/ARRBP01TENDERS2024/62,Construction of Bridge in Darrang district i) Br. No. 1/1 on Kuruwagaon Chotogaon connecting Road,Package No. CE/EAP/ARRBP/OCB/Bridge-1/Darrang/04A Construction of Bridge in Darrang district i) Br. No. 1/1 on Kuruwagaon Chotogaon connecting Road,Works,Open Tender,Item Rate,Civil Works - Bridges,No,No,NA ,30-Jun-2025 05:15 PM,04-Jul-2025 11:00 AM ,180.0,No ,No,Online,28-Jul-2025 02:30 PM,Public Works Roads Department-Externally Aided Project||Public Works Road Department- World Bank Funded Tenders||Assam State Bridge Infrastructure Program,Majuli,785106.0,2.0,"3,35,96,000",JYOTI PRAKASH BAISHYA,"31,876,998.26",Rejected-Finance,14-Feb-2026,Public Works Roads Department-Externally Aided Project||Public Works Road Department- World Bank Funded Tenders||Assam State Bridge Infrastructure Program
2025_PHED_43664_2,JJMA_27_Proc_2024_13429_34,"Empanelment of Agencies for Supply of different Chemicals and Reagents for various Water Testing Laboratories Under JJM, Assam.","Empanelment of Agencies for Supply of different Chemicals and Reagents for various Water Testing Laboratories Under Jal Jeevan Mission, Assam.",Goods,Open Tender,Empanelment,Lab Chemistry Reagents,No,No,NA ,22-Jul-2025 12:00 PM,31-Jul-2025 04:00 PM ,180.0,No ,No,Online,12-Aug-2025 03:00 PM,Public Health Engineering Department||Chief Engineer PHE(P)-Assam-PHED||Lower Assam Zone-Guwahati-PHED||Guwahati Circle-Guwahati-PHED,Guwahati,781035.0,2.0,0.0,S.B Suppliers,0.0,Rejected-Technical,26-Feb-2026,Public Health Engineering Department||Chief Engineer PHE(P)-Assam-PHED||Lower Assam Zone-Guwahati-PHED||Guwahati Circle-Guwahati-PHED
2025_PWD_42409_1,B.N. Saikia Road (Flood Mitigation),BN saikia Road,"Re-Construction of Drain Cum Foot path, Cross Culvert etc on Dr. B.N. Saikia Road, Sixty feet width road, remaining portion from Down Town to Supermarket area under SOPD (G) for Flood Mitigation of Wireless Area for the year 2024-25",Works,Open Tender,Item Wise,Civil Works – Roads,No,No,NA ,31-Jan-2025 09:00 AM,NA ,180.0,No ,No,Online,17-Feb-2025 02:30 PM,Public Works Roads Department,Guwahati,781006.0,3.0,"12,88,55,000",M/s Manisha Construction,"128,854,000",Accepted-AOC,13-Feb-2026,Public Works Roads Department
2025_PWD_46604_61,CE/STBR/SOPD-G/NIT/07/2025 26/8 Dated 29-07-2025,STBR/SOPD-G/Sipajhar-12/21 Construction of Jatiya Bidyalay to Tourism Spot Approach Road under SOPD-G for the year 2025-26,STBR/SOPD-G/Sipajhar-12/21 Construction of Jatiya Bidyalay to Tourism Spot Approach Road under SOPD-G for the year 2025-26,Works,Open Tender,Item Rate,Civil Works – Roads,No,No,NA ,22-Aug-2025 09:00 AM,23-Aug-2025 11:00 AM ,180.0,No ,No,Online,02-Sep-2025 11:00 AM,Public Works Roads Department,Sipajhar,784145.0,2.0,"7,26,400",DHURBA JYOTI BORAH,"726,281",Accepted-AOC,23-Feb-2026,Public Works Roads Department
2025_PWD_48434_2,CE/DEV/TB/116/2025-26/41 Dtd- 08.10.2025,ASOM_MALA_3.0_25_26_41 Improvement and Upgradation of road from Lowairpoa to Kanmun from Ch. 0.00 km (Zerjheri) under Asom Mala 3.0 for the year 2025-26,ASOM_MALA_3.0_25_26_41 Improvement and Upgradation of road from Lowairpoa to Kanmun from Ch. 0.00 km (Zerjheri) under Asom Mala 3.0 for the year 2025-26,Works,Open Tender,Item Rate,Civil Works – Roads,No,No,NA ,06-Nov-2025 01:00 PM,06-Nov-2025 02:00 PM ,180.0,No ,No,Online,11-Nov-2025 02:30 PM,Public Works Roads Department,Sribhumi,788711.0,2.0,"55,53,49,000",BINNI CONSTRUCTION PVT LTD,"555,347,930",Accepted-AOC,11-Feb-2026,Public Works Roads Department
2025_PWRDW_43984_8,CE/EAP/ARRBP/02/TENDER/2024/42,Construction of Bridge Kokrajhar district Br. No. 1/1 on Sanlatali to Kotaitola,CE/EAP/ARRBP/OCB/Bridge-1/Kokrajhar/08 Construction of Bridge Kokrajhar district- Br. No. 1/1 on Sanlatali to Kotaitola,Works,Open Tender,Item Rate,Civil Works - Bridges,No,No,NA ,11-Apr-2025 04:00 PM,17-Apr-2025 11:00 AM ,180.0,No ,No,Online,29-Apr-2025 02:30 PM,Public Works Roads Department-Externally Aided Project||Public Works Road Department- World Bank Funded Tenders||Assam State Bridge Infrastructure Program,Kokrajhar,783370.0,2.0,"4,46,61,000",UNICON PROJECTS PVT. LTD.,"46,889,799",Accepted-AOC,13-Feb-2026,Public Works Roads Department-Externally Aided Project||Public Works Road Department- World Bank Funded Tenders||Assam State Bridge Infrastructure Program
2025_PWD_46196_16,CE/DEV/TB/122/2025-26/06 Dated. 04-08-2025,BTR_SOPD_G_25_26_28 (1) Reconstruction of Road from Kachukata chock to Padmapar ME School (2) Construction of road from Jokmari Sunanda Das house to Lt Madan Choudhury house (3) Construction of road from Dongpar Suburi Madhav Kalita house to Milan Ba,BTR_SOPD_G_25_26_28 (1) Reconstruction of Road from Kachukata chock to Padmapar ME School (2) Construction of road from Jokmari Sunanda Das house to Lt Madan Choudhury house (3) Construction of road from Dongpar Suburi Madhav Kalita house to Milan Ba,Works,Open Tender,Item Rate,Civil Works – Roads,No,No,NA ,06-Aug-2025 06:00 PM,11-Aug-2025 12:00 PM ,180.0,No ,No,Online,18-Aug-2025 02:30 PM,Public Works Roads Department,Tamulpur,781367.0,2.0,"83,64,000",NABAJYOTI SARMA,"8,354,700",Rejected-Finance,24-Feb-2026,Public Works Roads Department
2025_PWRDW_48471_9,EAP/ARRBP/02/TENDERS/2024/52,Construction of Bridge in Bongaigaon district i. Br. No. 1/1 on Khusrupara village over river kujia,Construction of Bridge in Bongaigaon district i. Br. No. 1/1 on Khusrupara village over river kujia Package No. - CE/EAP/ARRBP/OCB/Bridge 1/Bongaigaon/03,Works,Open Tender,Item Rate,Civil Works - Bridges,No,No,NA ,13-Nov-2025 06:55 PM,17-Nov-2025 11:00 AM ,180.0,No ,No,Online,26-Nov-2025 02:30 PM,Public Works Roads Department-Externally Aided Project||Public Works Road Department- World Bank Funded Tenders||Assam State Bridge Infrastructure Program,Bongaigaon,783380.0,2.0,"2,22,98,000",Rudra Kumar Pathak,"23,412,899",Rejected-Finance,12-Feb-2026,Public Works Roads Department-Externally Aided Project||Public Works Road Department- World Bank Funded Tenders||Assam State Bridge Infrastructure Program
2025_UDD_48894_1,MMB/1192/2025/1279dated 27/11/2025,"Construction of Market Shade at old fish Market area ward no-03, Mangaldai under 15th Finance Commission 2024-25 (1st and 2nd instalment) untied grant.","Construction of Market Shade at old fish Market area ward no-03, Mangaldai under 15th Finance Commission 2024-25 (1st and 2nd instalment) untied grant.",Works,Open Tender,Item Rate,Civil Works - Others,No,No,NA ,27-Nov-2025 05:00 PM,NA ,180.0,No ,No,Online,19-Dec-2025 12:30 PM,Urban Development Department||Directorate of Municipality Administration - UDD||Mangaldai Municipal Board,"Ward No. 3, Mangaldai Town",784125.0,2.0,"73,00,000",BHUBANESWAR BARUAH,"7,295,584",Accepted-AOC,03-Feb-2026,Urban Development Department||Directorate of Municipality Administration - UDD||Mangaldai Municipal Board
2025_DoIT_48843_1,AITEC CSDS/2025/52/DFA/1498984,Supply of Apple IMac with keyboard and Track Pad,Supply of Apple IMac with keyboard and Track Pad,Goods,Open Tender,Item Rate,Computer- H/W,No,No,NA ,25-Nov-2025 04:30 PM,NA ,30.0,No ,No,Online,12-Dec-2025 04:30 PM,Principal Secretary-Department of Information Technology||Assam Electronics Development Corporation Ltd-DoIT,Dispur,781006.0,2.0,,Datamation Services,"293,230",Rejected-Technical,03-Feb-2026,Principal Secretary-Department of Information Technology||Assam Electronics Development Corporation Ltd-DoIT
2025_GMC_47287_4,GER/CE/2504/2025/05 Dated_01/09/2025,Construction of Community Hall under Ward No-13,Construction of Community Hall under Ward No-13,Works,Open Tender,Lump-sum,Civil Works,No,No,NA ,04-Sep-2025 06:00 PM,08-Sep-2025 12:00 PM ,120.0,No ,No,Online,07-Oct-2025 02:30 PM,Guwahati Municipal Corporation,Guwahati,781006.0,2.0,,M/S MAYA ENTERPRISE,"1,557,800",Rejected-AOC,04-Feb-2026,Guwahati Municipal Corporation
2025_GMC_47287_5,GER/CE/2504/2025/05 Dated_01/09/2025,Construction of Community Hall under Ward No-14,Construction of Community Hall under Ward No-14,Works,Open Tender,Lump-sum,Civil Works,No,No,NA ,04-Sep-2025 06:30 PM,08-Sep-2025 12:00 PM ,120.0,No ,No,Online,07-Oct-2025 02:30 PM,Guwahati Municipal Corporation,Guwahati,781006.0,2.0,,Siddhartha Das,"1,679,400",Rejected-AOC,04-Feb-2026,Guwahati Municipal Corporation
2025_PWHE_48101_1,IN-ASSAM PWD-508036-CW-RFB,Package No.6 Construction of Class Rooms under Assam School Education and Adolescent Well-Being Project (ASAP) under Dhemaji (ST) DTBD for i. M.M.K. Tribal High School ii. Garumara Burisuti Mishing H.S. iii. Lakhipur High School iv. Surbudoi High Sch,Package No.6 Construction of Class Rooms under Assam School Education and Adolescent Well-Being Project (ASAP) under Dhemaji (ST) DTBD for i. M.M.K. Tribal High School ii. Garumara Burisuti Mishing H.S. iii. Lakhipur High School iv. Surbudoi High Sch,Works,Open Tender,Item Rate,Civil Works - Building,No,No,NA ,16-Oct-2025 06:00 PM,21-Oct-2025 11:30 AM ,180.0,No ,No,Online,31-Oct-2025 05:00 PM,Public Works Health and Education Department-Externally Aided Project||Public Works Health and Education Department-WB,Dhemaji,787057.0,2.0,"13,92,57,765",M/S Chandan Gogoi,"148,852,160",Rejected-AOC,13-Feb-2026,Public Works Health and Education Department-Externally Aided Project||Public Works Health and Education Department-WB
2023_PWD_32885_48,CE/DEV/TB/08/2023-24/16,"MMNPPNA_23_24_172 Widening Strengthening of Station Feeder road as Gaurab Path under Mukhya Mantrir Nagariya Pakipath Nirman Achani (MMNPPNA) for the year 2023-24, Chapakhowa MB","MMNPPNA_23_24_172 Widening Strengthening of Station Feeder road as Gaurab Path under Mukhya Mantrir Nagariya Pakipath Nirman Achani (MMNPPNA) for the year 2023-24, Chapakhowa MB",Works,Open Tender,Item Rate,Civil Works,No,No,NA ,11-Oct-2023 06:55 PM,19-Oct-2023 12:00 PM ,180.0,No ,No,Online,27-Oct-2023 02:00 PM,Public Works Roads Department,Chapakhowa MB,781003.0,2.0,"1,26,34,000",Biswajit Gogoi,"12,629,000",Accepted-AOC,13-Feb-2026,Public Works Roads Department
2025_PWD_47356_1,NIT/JTTRD/2024-25/001/1221,"Balance work estimate for Imp and Const of 1. Rongajan Jalukani Road by providing DBM and BC Ch.0.00 m to 12800.00m 2. Sologuri Road under RIDF_XXVII by NABARD for 2021_22 under PWD, Jorhat, Dergaon and Titabor Territorial Road Division","Balance work estimate for Imp and Const of 1. Rongajan Jalukani Road by providing DBM and BC Ch.0.00 m to 12800.00m 2. Sologuri Road under RIDF_XXVII by NABARD for 2021_22 under PWD, Jorhat, Dergaon and Titabor Territorial Road Division",Works,Open Tender,Item Wise,Civil Works – Roads,No,No,NA ,09-Sep-2025 11:00 AM,NA ,180.0,No ,No,Online,11-Sep-2025 04:30 PM,Public Works Roads Department,"Titabor, Jorhat",785630.0,2.0,"3,79,11,725",Md Firoz Khan,"42,840,249.2",Accepted-AOC,12-Feb-2026,Public Works Roads Department
2025_PWD_45498_10,CE/Commn/16/2025-26/03,Dhemaji/ SOPD/ 2,"Improvement of 6 No.of Roads under SOPD-G for the year 2025-26, 78 No. Dhemaji (ST)LAC",Works,Open Tender,Item Rate,Civil Works – Roads,No,No,NA ,11-Jul-2025 11:00 AM,18-Jul-2025 04:00 PM ,180.0,No ,No,Online,30-Jul-2025 02:30 PM,Public Works Roads Department,Dhemaji,787057.0,2.0,"2,98,98,500",MANTU TAID,"29,898,500",Rejected-AOC,02-Feb-2026,Public Works Roads Department
2025_PWRDW_48471_8,EAP/ARRBP/02/TENDERS/2024/52,Construction of R.C.C bridge No 5/1 on Poatgaon Simbargaon Road/Kokrajhar/12,Package No. - CE/EAP/ARRBP/OCB/Bridge Kokrajhar/12 Construction of R.C.C bridge No 5/1 on Poatgaon Simbargaon Road,Works,Open Tender,Item Rate,Civil Works - Bridges,No,No,NA ,11-Nov-2025 05:00 PM,18-Nov-2025 11:00 AM ,180.0,No ,No,Online,26-Nov-2025 02:30 PM,Public Works Roads Department-Externally Aided Project||Public Works Road Department- World Bank Funded Tenders||Assam State Bridge Infrastructure Program,kokrajhar,783370.0,2.0,"1,18,53,300",SABIRAM BASUMATARY,"12,442,000",Accepted-AOC,13-Feb-2026,Public Works Roads Department-Externally Aided Project||Public Works Road Department- World Bank Funded Tenders||Assam State Bridge Infrastructure Program
2025_PWD_45820_112,CE/STBR/SOPD-G/NIT/07/2025 26/1 Dated 26-06-2025,"STBR/SOPD-G/Jalukbari -06/45 Improvement of Lathia Bagisa Main Road, Left Byelane 1 of Lathia Bagisa Sub center Road under SOPD-G for the year 2025-26","STBR/SOPD-G/Jalukbari -06/45 Improvement of Lathia Bagisa Main Road, Left Byelane 1 of Lathia Bagisa Sub center Road under SOPD-G for the year 2025-26",Works,Open Tender,Item Rate,Civil Works – Roads,No,No,NA ,02-Aug-2025 12:00 PM,04-Aug-2025 11:00 AM ,180.0,No ,No,Online,19-Aug-2025 11:00 AM,Public Works Roads Department,Jalukbari,781013.0,2.0,"47,56,000",AMARJEET DEKA,"4,755,991",Accepted-AOC,03-Feb-2026,Public Works Roads Department
2025_PWD_49573_4,CE/Commn/192/PDNA/2025-26/02,PDNA/ Dhubri /03,Reconstruction of road from KrishnanagarKazaikataHudurchar Road (Ch 1.00 km to 7.70 km) under NDRF (PDNA -2022) for the year 2025-26,Works,Open Tender,Item Rate,Civil Works – Roads,No,No,NA ,23-Dec-2025 09:55 AM,26-Dec-2025 04:00 PM ,180.0,No ,No,Online,05-Jan-2026 02:30 PM,Public Works Roads Department,Dhubri,783301.0,2.0,"2,49,97,000",Jagadish Baruah,"24,997,000",Accepted-AOC,23-Feb-2026,Public Works Roads Department
2025_HFWD_49202_1,AMSC-LOGI0SPLY/128/2025,Hiring of Transporter for Distribution of Consignments in Different Health Institutions in the State of Assam,Hiring of Transporter for Distribution of Consignments in Different Health Institutions in the State of Assam,Services,Open Tender,Item Wise,Shipping/ Transportation/ Vehicle,No,No,NA ,11-Dec-2025 06:00 PM,17-Dec-2025 03:00 PM ,180.0,No ,No,Online,31-Dec-2025 04:30 PM,Health and Family Welfare Department||Assam Medical Services Corporation Limited,Guwahati,781026.0,2.0,"2,40,00,000",DEEP MONI MAZUMDER,0.0,Rejected-Technical,16-Feb-2026,Health and Family Welfare Department||Assam Medical Services Corporation Limited
2025_PWD_45554_1,CE/STBR/09/NIT/RIDF-XXXI/2025 26/1 Dated 24-06-2025,"STBR/RIDF-XXXI/CHENGA-01/01 Construction of RCC Bridge No. 1/1 on Paharpur Bhairarpam Chari Ali under Mukhya Mantrir Unnata Paki Path Nirman Achani (MMUPPNA) under RIDF-XXXI of NABARD for the year 2025-26, Chenga LAC","STBR/RIDF-XXXI/CHENGA-01/01 Construction of RCC Bridge No. 1/1 on Paharpur Bhairarpam Chari Ali under Mukhya Mantrir Unnata Paki Path Nirman Achani (MMUPPNA) under RIDF-XXXI of NABARD for the year 2025-26, Chenga LAC",Works,Open Tender,Item Rate,Civil Works – Roads,No,No,NA ,14-Jul-2025 04:00 PM,17-Jul-2025 11:00 AM ,180.0,No ,No,Online,01-Aug-2025 11:00 AM,Public Works Roads Department,Chenga,781305.0,2.0,"3,02,86,000",ABDUR REZZAK,"30,280,000",Accepted-AOC,16-Feb-2026,Public Works Roads Department
2025_PWRDW_45232_10,CE/EAP/ARRBP01TENDERS2024/62,Construction of Bridge in Charaideo district i) Br. No. 16/2 on Lahdoigarh Road,Package No. CE/EAP/ARRBP/OCB/Bridge-1/Charaideo/03B Construction of Bridge in Charaideo district i) Br. No. 16/2 on Lahdoigarh Road,Works,Open Tender,Item Rate,Civil Works - Bridges,No,No,NA ,01-Jul-2025 05:00 PM,04-Jul-2025 11:00 AM ,180.0,No ,No,Online,28-Jul-2025 02:30 PM,Public Works Roads Department-Externally Aided Project||Public Works Road Department- World Bank Funded Tenders||Assam State Bridge Infrastructure Program,Charaideo,785640.0,2.0,"1,10,89,000",Prosanta Boruah,"11,086,049.07",Not Admitted-Fee/PreQual/Technical,02-Feb-2026,Public Works Roads Department-Externally Aided Project||Public Works Road Department- World Bank Funded Tenders||Assam State Bridge Infrastructure Program
2025_PWD_46604_2,CE/STBR/SOPD-G/NIT/07/2025 26/8 Dated 29-07-2025,"STBR/SOPD-G/Tezpur-02/02 Improvement/ Construction of (1) Tiger Hill Link Road (Hari Har Dham Path) (Length 320.00m) (2) Ketengatika Road (Length 650.00m)(3)Sukleswar Nagar Road and Bye Lane 1, 2, 3 and 6 under Mukhya Mantrir Nagariya Pakipath Nir","STBR/SOPD-G/Tezpur-02/02 Improvement/ Construction of (1) Tiger Hill Link Road (Hari Har Dham Path) (Length 320.00m) (2) Ketengatika Road (Length 650.00m)(3)Sukleswar Nagar Road and Bye Lane 1, 2, 3 and 6 under Mukhya Mantrir Nagariya Pakipath Nir",Works,Open Tender,Item Rate,Civil Works – Roads,No,No,NA ,18-Aug-2025 02:00 PM,20-Aug-2025 11:00 AM ,180.0,No ,No,Online,02-Sep-2025 11:00 AM,Public Works Roads Department,Tezpur,784001.0,2.0,"1,37,82,000",M/S UDIPTA KUMAR BORAH,"13,772,000",Accepted-AOC,18-Feb-2026,Public Works Roads Department
2025_PWRDW_45232_5,CE/EAP/ARRBP01TENDERS2024/62,Construction of Bridge in Darrang district i) Br. No. 2/3 on Turai Taragaon Road,Package No. CE/EAP/ARRBP/OCB/Bridge-1/Darrang/04B Construction of Bridge in Darrang district i) Br. No. 2/3 on Turai Taragaon Road,Works,Open Tender,Item Rate,Civil Works - Bridges,No,No,NA ,30-Jun-2025 06:50 PM,04-Jul-2025 11:00 AM ,180.0,No ,No,Online,28-Jul-2025 02:30 PM,Public Works Roads Department-Externally Aided Project||Public Works Road Department- World Bank Funded Tenders||Assam State Bridge Infrastructure Program,Darrang,784125.0,2.0,"1,58,90,000",JYOTI PRAKASH BAISHYA,"14,998,614.11",Rejected-Technical,14-Feb-2026,Public Works Roads Department-Externally Aided Project||Public Works Road Department- World Bank Funded Tenders||Assam State Bridge Infrastructure Program
2025_PWD_46685_32,CE/DEV/TB/60/2025-26/13 Dtd- 31.07.2025,MMPPNA_RIDF_XXXI_25_26_374 Construction of Road from NH29 to Phutoni Teron gaon under Mukhya Mantrir Pakipath Nirman Achani (MMPPNA) under RIDF - XXXI of NABARD for the Year 2025-26,MMPPNA_RIDF_XXXI_25_26_374 Construction of Road from NH29 to Phutoni Teron gaon under Mukhya Mantrir Pakipath Nirman Achani (MMPPNA) under RIDF - XXXI of NABARD for the Year 2025-26,Works,Open Tender,Item Rate,Civil Works – Roads,No,No,NA ,21-Aug-2025 02:00 PM,21-Aug-2025 03:00 PM ,180.0,No ,No,Online,09-Sep-2025 02:30 PM,Public Works Roads Department,Karbi Anglong,782410.0,2.0,"1,89,46,000",MD.ABDUR RAHMAN,"18,944,506",Accepted-AOC,03-Feb-2026,Public Works Roads Department
2025_PWD_45818_64,CE/Commn/16/2025-26/04,Dibrugarh/MMPPNA/07,"Repairing of Mancotta Road AT Road RKB road KC Gogoi Road Rupnagar road Convoy Road HS Road by providing WBM, Bituminous Concrete and Road Safety measures MukhyaMantrir Path NabikaranAchoni MMPNA under SOPD for 2025-26",Works,Open Tender,Item Rate,Civil Works – Roads,No,No,NA ,24-Jul-2025 06:00 PM,28-Jul-2025 04:00 PM ,180.0,No ,No,Online,11-Aug-2025 02:30 PM,Public Works Roads Department,Dibrugarh,786001.0,2.0,"1,41,68,000",Ranjan Dutta,"14,168,000",Rejected-AOC,27-Feb-2026,Public Works Roads Department
2025_PWD_46191_2,CE/DEV/TB/122/2025-26/1 Dtd- 01.08.2025,BTR_RIDF_XXXI_25_26_02 Construction of ICBP road from Andres Basumatary house Koklabari to Pakriguri Bathou Mandir via Dr. Sankar Basumatary house under RIDF-XXXI of NABARD for the year 2025-26.,BTR_RIDF_XXXI_25_26_02 Construction of ICBP road from Andres Basumatary house Koklabari to Pakriguri Bathou Mandir via Dr. Sankar Basumatary house under RIDF-XXXI of NABARD for the year 2025-26.,Works,Open Tender,Item Rate,Civil Works – Roads,No,No,NA ,06-Aug-2025 02:00 PM,11-Aug-2025 12:00 PM ,180.0,No ,No,Online,18-Aug-2025 02:30 PM,Public Works Roads Department,Baksa,781315.0,2.0,"1,50,00,000",NABAJYOTI SARMA,"13,200,000",Rejected-Finance,23-Feb-2026,Public Works Roads Department
2025_PWD_45408_133,CE/DEV/TB/60/2025-26/01 Dtd- 21.06.2025,"MMPPNA_RIDF_XXXI_25_26_148 Construction of Road from (i) Nilmoi Dhuwapathar Road to Baghmora ME School (Ch 0.00 m to Ch 1900.00 m), (ii) Geleki Chariali to Na-Pukhuri (Ch 0.00 m to Ch 1700.00 m), (iii) NH-52 B to Laipuli (Ch 0.00 m to Ch 1100.00 m),","MMPPNA_RIDF_XXXI_25_26_148 Construction of Road from (i) Nilmoi Dhuwapathar Road to Baghmora ME School (Ch 0.00 m to Ch 1900.00 m), (ii) Geleki Chariali to Na-Pukhuri (Ch 0.00 m to Ch 1700.00 m), (iii) NH-52 B to Laipuli (Ch 0.00 m to Ch 1100.00 m),",Works,Open Tender,Item Rate,Civil Works – Roads,No,No,NA ,14-Jul-2025 06:00 PM,17-Jul-2025 12:00 PM ,180.0,No ,No,Online,28-Jul-2025 02:30 PM,Public Works Roads Department,Tingkhong,786612.0,2.0,"4,91,48,000",SANTOSH GARODIA,"49,147,979.67",Rejected-Finance,07-Feb-2026,Public Works Roads Department
2025_PWD_45408_127,CE/DEV/TB/60/2025-26/01 Dtd- 21.06.2025,"MMPPNA_RIDF_XXXI_25_26_13 Construction of road from (1) Rengbeng to Potiapam Bridge Approach, (2) Sarupathar Jamunamukh road to Nagayapam, (3) Changjuria to Potiapam at Bagborali under Mukhya Mantrir Paki Path Nirman Achani (MMPPNA) under RIDF-XXXI o","MMPPNA_RIDF_XXXI_25_26_13 Construction of road from (1) Rengbeng to Potiapam Bridge Approach, (2) Sarupathar Jamunamukh road to Nagayapam, (3) Changjuria to Potiapam at Bagborali under Mukhya Mantrir Paki Path Nirman Achani (MMPPNA) under RIDF-XXXI o",Works,Open Tender,Item Rate,Civil Works – Roads,No,No,NA ,14-Jul-2025 04:00 PM,17-Jul-2025 12:00 PM ,180.0,No ,No,Online,28-Jul-2025 02:30 PM,Public Works Roads Department,Barhampur,786001.0,2.0,"4,35,85,000",Sri Giri Kanta Borah,"43,584,500",Accepted-AOC,21-Feb-2026,Public Works Roads Department
2025_PWD_45926_29,CE/DEV/TB/60/2025-26/06 Dtd- 14.07.2025,MMPPNA_RIDF_XXXI_25_26_320 Estimate for Construction of Road from Borbam Pathar to Bahbari Road via Sumoni from Ch. 0.00 m to 2800.00 M (L-2.800KM) under Mukhya Mantrir Paki Path Nirman Achani (MMPPNA) under RIDF-XXXI of NABARD for the year 2025-26.,MMPPNA_RIDF_XXXI_25_26_320 Estimate for Construction of Road from Borbam Pathar to Bahbari Road via Sumoni from Ch. 0.00 m to 2800.00 M (L-2.800KM) under Mukhya Mantrir Paki Path Nirman Achani (MMPPNA) under RIDF-XXXI of NABARD for the year 2025-26.,Works,Open Tender,Item Rate,Civil Works – Roads,No,No,NA ,28-Jul-2025 09:00 AM,04-Aug-2025 12:00 PM ,180.0,No ,No,Online,14-Aug-2025 02:30 PM,Public Works Roads Department,Ranganadi,787052.0,2.0,"2,50,50,000",Rana Dev Saikia,"25,047,000",Rejected-Finance,16-Feb-2026,Public Works Roads Department
2025_KAAC_47188_1,NoACEH/CS/SSA/03/2025-26/RE 27,Construction of 50 bedded hostel separately for boys and girls under Dharti Aaba Janjatiya Gram Utkarsh Abhiyan at Borlangfer High School,Construction of 50 bedded hostel separately for boys and girls under Dharti Aaba Janjatiya Gram Utkarsh Abhiyan at Borlangfer High School,Works,Open Tender,Item Rate,Civil Works - Building,No,No,NA ,03-Sep-2025 11:00 AM,05-Sep-2025 12:00 PM ,180.0,No ,No,Online,15-Sep-2025 11:00 AM,Karbi Anglong Autonomous Council||PWD||Addl. Chief Engineer Diphu,Lumbajong,782460.0,2.0,"3,78,75,000",Power Tools and Engineering,"37,858,695.23",Rejected-Technical,10-Feb-2026,Karbi Anglong Autonomous Council||PWD||Addl. Chief Engineer Diphu
2025_PWD_45926_15,CE/DEV/TB/60/2025-26/06 Dtd- 14.07.2025,"MMPPNA_RIDF_XXXI_25_26_158 Construction of Road from (1) Balikhuti to Khelmati via kokalbhagi, (2) NH 15 to Gabharu Koach gaon (from ch 300.00m to ch 2250.00m) under Mukhya Mantrir Paki Path Nirman Achani (MMPPNA) under RIDF-XXXI of NABARD for the ye","MMPPNA_RIDF_XXXI_25_26_158 Construction of Road from (1) Balikhuti to Khelmati via kokalbhagi, (2) NH 15 to Gabharu Koach gaon (from ch 300.00m to ch 2250.00m) under Mukhya Mantrir Paki Path Nirman Achani (MMPPNA) under RIDF-XXXI of NABARD for the ye",Works,Open Tender,Item Rate,Civil Works – Roads,No,No,NA ,26-Jul-2025 06:00 PM,04-Aug-2025 12:00 PM ,180.0,No ,No,Online,14-Aug-2025 02:30 PM,Public Works Roads Department,Barchalla,782103.0,2.0,"2,78,71,000",M/S S.H. Enterprise,"27,871,000",Accepted-AOC,13-Feb-2026,Public Works Roads Department
2025_PWD_48899_1,CE/DEV/TB/116/2025-26/67 Dtd- 20.11.2025,ASOM_MALA_3.0_25_26_64 Improvement and Upgradation of Raha Chaparmukh Kampur Baithalangso Road (From Ch 13.50 Km at Bahakabari to Ch 24.40 Km at Bogoritol) under Asom Mala 3.0 for the year 2025-26,ASOM_MALA_3.0_25_26_64 Improvement and Upgradation of Raha Chaparmukh Kampur Baithalangso Road (From Ch 13.50 Km at Bahakabari to Ch 24.40 Km at Bogoritol) under Asom Mala 3.0 for the year 2025-26,Works,Open Tender,Item Rate,Civil Works – Roads,No,No,NA ,27-Nov-2025 06:00 PM,03-Dec-2025 12:00 PM ,180.0,No ,No,Online,16-Dec-2025 02:30 PM,Public Works Roads Department,Nagaon,782001.0,2.0,"29,14,46,000",SANWARMAL KHETAWAT,"291,446,000",Rejected-Finance,03-Feb-2026,Public Works Roads Department
2025_PWBNH_48858_1,Tech/RCH/156/2024-25/2972-A,"Construction of Raidangia Anchalik Rasha Community Hall (Assam Type) of Khowang Mouza at Moran in Dibrugarh District, Assam","Construction of Raidangia Anchalik Rasha Community Hall (Assam Type) of Khowang Mouza at Moran in Dibrugarh District, Assam",Works,Open Tender,Item Rate,Civil Works - Building,No,No,NA ,27-Nov-2025 02:00 PM,03-Dec-2025 12:00 PM ,180.0,No ,No,Online,17-Dec-2025 02:00 PM,Public Works Building and NH Department||Chief Engineer-Building - PWBNH,Moran,785669.0,2.0,"45,90,370",Monuranjan Konwar,"4,590,350",Accepted-AOC,11-Feb-2026,Public Works Building and NH Department||Chief Engineer-Building - PWBNH
2025_PWD_44145_1,CS/JTRD/SOPD-G/5/2025-26,Restoration of damaged road surface from caused due to underground water supply pipe laying under Guwahati Water Supply Project along roads executed by L and T Construction under Jalukbari Territorial Road Division under SOPD G for the year 2025 26,Restoration of damaged road surface from caused due to underground water supply pipe laying under Guwahati Water Supply Project along roads executed by L and T Construction under Jalukbari Territorial Road Division under SOPD G for the year 2025 26,Works,Open Tender,Item Rate,Civil Works – Roads,No,No,NA ,29-Apr-2025 02:00 PM,02-May-2025 02:00 PM ,180.0,No ,No,Online,14-May-2025 04:00 PM,Public Works Roads Department,various location,781011.0,2.0,"2,13,21,358",CHANDAN HALOI,"21,321,301.99",Accepted-AOC,06-Feb-2026,Public Works Roads Department
2025_ICD_47792_1,APL/CnP/024/PP/25-26/1832,Reformation Catalysts,Procurement of Reformation Catalysts,Goods,Single,Item Rate,Supply of Materials,No,No,NA ,03-Oct-2025 12:00 PM,NA ,120.0,No ,No,Online,30-Oct-2025 10:00 AM,Industries and Commerce Department||Assam Petro-Chemicals Ltd.||Head office Namrup||Materials Management Department,"APL, Namrup",786623.0,1.0,"1,18,80,000",Johnson Matthey Chemicals India Pvt Ltd,"11,915,640",Accepted-AOC,06-Feb-2026,Industries and Commerce Department||Assam Petro-Chemicals Ltd.||Head office Namrup||Materials Management Department
2025_PWHE_47134_1,IN-ASSAM PWD-510414-CW-RFB,onstruction of Class Rooms under Assam School Education and Adolescent Well-Being Project (ASAP) under Hojai DTBD for i. Purana kaki High School ii. Borhola M.E.S. iii. Shri Madhav Dev Hindi M.E.,onstruction of Class Rooms under Assam School Education and Adolescent Well-Being Project (ASAP) under Hojai DTBD for i. Purana kaki High School ii. Borhola M.E.S. iii. Shri Madhav Dev Hindi M.E.,Works,Open Tender,Item Rate,Civil Works - Building,No,No,NA ,30-Aug-2025 04:30 PM,15-Sep-2025 11:30 AM ,180.0,No ,No,Online,07-Oct-2025 05:00 PM,Public Works Health and Education Department-Externally Aided Project||Public Works Health and Education Department-WB,Hojai,782435.0,2.0,"11,12,20,410",AJ Enterprise,"122,200,000",Accepted-AOC,27-Feb-2026,Public Works Health and Education Department-Externally Aided Project||Public Works Health and Education Department-WB
2025_ITFCD_48586_1,E-667725,"Renovation of Gallery at Bardowa Museum, Nagaon","Renovation of Gallery at Bardowa Museum, Nagaon",Works,Open Tender,Works,Civil Works - Others,No,No,NA ,13-Nov-2025 03:00 PM,26-Nov-2025 12:00 PM ,270.0,No ,No,Online,06-Dec-2025 02:30 PM,Indigenous and Tribal Faith and Culture Department||Directorate of Museums,Bordowa Museum Nagaon,782442.0,2.0,"11,38,162",M/S Ab & Co.,"1,077,540",Rejected-AOC,01-Jan-2026,Indigenous and Tribal Faith and Culture Department||Directorate of Museums
2025_PWD_47639_2,CE/STBR/SOPD G/NIT/O7/2025-26/27 Dtd. 19-09-2025,STBR/SOPD-G/Hailakandi-01/3 (i) Improvement and upgradation of Road with Cover Drain and Culvert of Gangpar Dhumkar PMGSY Road to Tool Road Via Byelane-1 under MMPNA of SOPD(G) for the year 2025-26. (ii) Improvement and upgradation of Road starts fr,STBR/SOPD-G/Hailakandi-01/3 (i) Improvement and upgradation of Road with Cover Drain and Culvert of Gangpar Dhumkar PMGSY Road to Tool Road Via Byelane-1 under MMPNA of SOPD(G) for the year 2025-26. (ii) Improvement and upgradation of Road starts fr,Works,Open Tender,Item Rate,Civil Works – Roads,No,No,NA ,22-Sep-2025 10:30 AM,26-Sep-2025 11:00 AM ,180.0,No ,No,Online,09-Oct-2025 11:00 AM,Public Works Roads Department,Hailakandi,788151.0,2.0,"2,55,78,000",NAZMUL ISLAM LASKAR,"25,578,000",Accepted-AOC,13-Feb-2026,Public Works Roads Department
2025_PWD_47085_20,CE/DEV/TB/60/2025-26/15 Dtd- 06.08.2025,"MMPPNA_RIDF_XXXI_25_26_419 (1) Improvement of road from NH-17 to BF Road via Gopigaon Pt-III road (Ch. 0.00 m to Ch. 1500.00 m), (2) Improvement of road from Baniapara BUG Bridge approach to NH 17 at Chirakuta Road (Ch. 1200.00 m to Ch. 2400.00 m), (","MMPPNA_RIDF_XXXI_25_26_419 (1) Improvement of road from NH-17 to BF Road via Gopigaon Pt-III road (Ch. 0.00 m to Ch. 1500.00 m), (2) Improvement of road from Baniapara BUG Bridge approach to NH 17 at Chirakuta Road (Ch. 1200.00 m to Ch. 2400.00 m), (",Works,Open Tender,Item Rate,Civil Works – Roads,No,No,NA ,30-Aug-2025 02:00 PM,04-Sep-2025 12:00 PM ,180.0,No ,No,Online,19-Sep-2025 02:30 PM,Public Works Roads Department,Bilasipara,783348.0,2.0,"2,98,59,000",HINDUSTAN AGENCY,"29,856,000",Rejected-Finance,13-Feb-2026,Public Works Roads Department
2025_PWD_45408_5,CE/DEV/TB/60/2025-26/01 Dtd- 21.06.2025,MMPPNA_RIDF_XXXI_25_26_85 (1) Improvement and Widening of road from Garamur Tiniali to New D.C. office (from Ch 0.00m to Ch 1300.00m) (2) Construction of Mughuwachuk E and D to Jengraimukh Thana and Kangkan Nagar Path at Gopalpur under Mukhya Mantrir,MMPPNA_RIDF_XXXI_25_26_85 (1) Improvement and Widening of road from Garamur Tiniali to New D.C. office (from Ch 0.00m to Ch 1300.00m) (2) Construction of Mughuwachuk E and D to Jengraimukh Thana and Kangkan Nagar Path at Gopalpur under Mukhya Mantrir,Works,Open Tender,Item Rate,Civil Works – Roads,No,No,NA ,08-Jul-2025 09:00 AM,17-Jul-2025 12:00 PM ,180.0,No ,No,Online,28-Jul-2025 02:30 PM,Public Works Roads Department,Majuli,785106.0,2.0,"2,92,97,000",Sanjib Sarma,"29,292,000",Rejected-Finance,21-Feb-2026,Public Works Roads Department
2025_ID_48580_2,21 (SOPD-G) 2025-26 Date_11.11.2025,"Chamordubi ELIS under SOPD-G under Lakhimpur LAC for the year 2025-26 under Lakhimpur-Ranganodi-Bihpuria Division (Irrigation), North Lakhimpur (Package no. 02)","Chamordubi ELIS under SOPD-G under Lakhimpur LAC for the year 2025-26 under Lakhimpur-Ranganodi-Bihpuria Division (Irrigation), North Lakhimpur (Package no. 02)",Works,Open Tender,Item Rate,Civil Works,No,No,NA ,13-Nov-2025 06:00 PM,NA ,180.0,No ,No,Online,06-Dec-2025 03:00 PM,Irrigation Department||Chief Engineer(Major)-Irrigation Dept,Lakhimpur,787001.0,2.0,"1,98,38,216",REBAT SONOWAL,"17,854,394",Rejected-AOC,26-Feb-2026,Irrigation Department||Chief Engineer(Major)-Irrigation Dept
2025_SEED_45988_1,ASDM-3703/2025/Sonitpur,Sonitpur PLSDTP,Sonitpur PLSDTP,Services,Open Tender,EOI,Miscellaneous Services,No,No,NA ,28-Jul-2025 05:00 PM,NA ,180.0,No ,No,Online,28-Aug-2025 01:00 PM,Skill Employment and Entrepreneurship Department||Assam Skill Development Mission,Assam Skill Development Mission,781035.0,1.0,"6,95,775",VIVO SKILLS and TRAINING,"680,775",Not Admitted-Fee/PreQual/Technical/Finance,02-Feb-2026,Skill Employment and Entrepreneurship Department||Assam Skill Development Mission
2025_PWHE_48179_1,IN-ASSAM PWD-510376-CW-RFB,Package No. 33 Construction of Class Rooms under Assam School Education and Adolescent Well-Being Project (ASAP) under South Kamrup TBD for i. Boko Girls H.S. ii. Hahim High School iii. Gohalkona H.S.,Package No. 33 Construction of Class Rooms under Assam School Education and Adolescent Well-Being Project (ASAP) under South Kamrup TBD for i. Boko Girls H.S. ii. Hahim High School iii. Gohalkona H.S.,Works,Open Tender,Item Rate,Civil Works - Building,No,No,NA ,22-Oct-2025 04:30 PM,29-Oct-2025 11:30 AM ,180.0,No ,No,Online,06-Nov-2025 05:00 PM,Public Works Health and Education Department-Externally Aided Project||Public Works Health and Education Department-WB,South Kamrup,781123.0,2.0,"10,25,32,515",PRERONA REAL ESTATE PRIVATE LIMITED,"108,938,400",Rejected-Technical,21-Feb-2026,Public Works Health and Education Department-Externally Aided Project||Public Works Health and Education Department-WB
2022_NHM_28018_90,NHM 32031 4 2021 Construction NHM Part 34 62,Establishment of Proposed 6 bedded ward at various SHCs n PHCs of Assam under ECRP II NHM Assam Group 90 5 nos scheme in Goalpara district,Establishment of Proposed 6 bedded ward at various SHCs n PHCs of Assam under ECRP II NHM Assam Group 90 5 nos scheme in Goalpara district,Works,Open Tender,Turn-key,Civil Works - Building,No,No,NA ,07-Dec-2022 09:00 AM,NA ,180.0,No ,No,Online,30-Dec-2022 03:30 PM,National Health Mission||State Programme Management Unit - NHM,Goalpara District,783101.0,2.0,"57,99,785",Islam Jankar Rahman,"5,799,785",Accepted-AOC,18-Feb-2026,National Health Mission||State Programme Management Unit - NHM
2025_APDCL_44852_1,APDCL/CGM/NRE-202/2025-26/21,"Installation of Grid-Interactive Rooftop Solar PV Systems with Battery Backup in Hospitals under National Health Mission, Assam","Installation of Grid-Interactive Rooftop Solar PV Systems with Battery Backup in Hospitals under National Health Mission, Assam",Works,Open Tender,Turn-key,Electrical Works,No,No,NA ,11-Jun-2025 06:15 PM,18-Jun-2025 12:30 PM ,120.0,No ,No,Online,23-Jul-2025 02:00 PM,Assam Power Distribution Company Ltd||CGM (NRE),All Assam,781001.0,2.0,,MADHAV SOLAR ENERGY LIMITED,"24,193,502",Rejected-Technical,11-Feb-2026,Assam Power Distribution Company Ltd||CGM (NRE)
2025_SEED_45975_1,ASDM-3687/2025/Golaghat,Golaghat PLSDTP,Golaghat PLSDTP,Services,Open Tender,EOI,Miscellaneous Services,No,No,NA ,28-Jul-2025 05:00 PM,NA ,180.0,No ,No,Online,20-Aug-2025 01:00 PM,Skill Employment and Entrepreneurship Department||Assam Skill Development Mission,Assam Skill Development Mission,781035.0,1.0,"9,25,650",JAZZY,"910,650",Accepted-AOC,04-Feb-2026,Skill Employment and Entrepreneurship Department||Assam Skill Development Mission
2025_DHTS_47811_1,DHTE(X) 4/2025-26/130,"Procurement of works of temporary construction of stalls, Expo office, Electrification, Water supply and Sanitary Works, Gate and Maintenance of ground, back up services etc. on hire basis along with Publicity works at Guwahati","Procurement of works of temporary construction of stalls, Expo office, Electrification, Water supply and Sanitary Works, Gate and Maintenance of ground, back up services etc. on hire basis along with Publicity works at Guwahati",Works,Open Tender,Item Rate,Civil Works,No,No,NA ,04-Oct-2025 12:30 PM,NA ,180.0,No ,No,Online,13-Oct-2025 03:00 PM,Department of Handloom Textile and Sericulture||Directorate of Handloom and Textiles-DHTS,Guwahati,781001.0,2.0,"29,53,000",PRASANTA GOGOI,"2,953,000",Rejected-Technical,26-Feb-2026,Department of Handloom Textile and Sericulture||Directorate of Handloom and Textiles-DHTS
2025_PWRDW_48471_11,EAP/ARRBP/02/TENDERS/2024/52,Construction of Bridge in Kokrajhar District i. Br No 2/1 on Harafuta Simaltapu Road via Nayagaon over Harafuta River,Construction of Bridge in Kokrajhar District i. Br No 2/1 on Harafuta Simaltapu Road via Nayagaon over Harafuta River Package No CE/EAP/ARRBP/OCB/Bridge-1/Kokrajhar/11,Works,Open Tender,Item Rate,Civil Works - Bridges,No,No,NA ,13-Nov-2025 06:55 PM,17-Nov-2025 11:00 AM ,180.0,No ,No,Online,26-Nov-2025 02:30 PM,Public Works Roads Department-Externally Aided Project||Public Works Road Department- World Bank Funded Tenders||Assam State Bridge Infrastructure Program,Kokrajhar,783370.0,2.0,"4,70,72,000",RAJU CHANDRA BASUMATARY,"44,218,000",Accepted-AOC,13-Feb-2026,Public Works Roads Department-Externally Aided Project||Public Works Road Department- World Bank Funded Tenders||Assam State Bridge Infrastructure Program
2025_PWRDW_46124_11,RFB No CE/EAP/ARRBP/02/TENDERS/2024/ 47,Construction of Bridge in Bongaigaon district Br.no 1/1 on Bajitpara Dharakata Road,CE/EAP/ARRBP/OCB/Bridge1/Bongaigaon/6 Construction of Bridge in Bongaigaon district Br.no 1/1 on Bajitpara Dharakata Road,Works,Open Tender,Item Rate,Civil Works - Bridges,No,No,NA ,08-Aug-2025 05:00 PM,19-Aug-2025 11:00 AM ,180.0,No ,No,Online,04-Sep-2025 02:30 PM,Public Works Roads Department-Externally Aided Project||Public Works Road Department- World Bank Funded Tenders||Assam State Bridge Infrastructure Program,Bongaigaon,783380.0,2.0,"2,09,67,000",PADMAVATI CONSTRUCTION,"22,015,000",Rejected-Finance,13-Feb-2026,Public Works Roads Department-Externally Aided Project||Public Works Road Department- World Bank Funded Tenders||Assam State Bridge Infrastructure Program
2025_PWD_44203_1,CS/JTRD/SOPD-G/9/2025-26,Restoration of damaged road surface from caused due to underground water supply pipe laying under Guwahati Water Supply Project along roads executed by L and T Construction under Jalukbari TRD under SOPD G for the year 2025 26 Gr VI,Restoration of damaged road surface from caused due to underground water supply pipe laying under Guwahati Water Supply Project along roads executed by L and T Construction under Jalukbari TRD under SOPD G for the year 2025 26 Gr VI,Works,Open Tender,Item Rate,Civil Works – Roads,No,No,NA ,01-May-2025 10:00 AM,02-May-2025 10:00 AM ,180.0,No ,No,Online,14-May-2025 04:00 PM,Public Works Roads Department,various location,781011.0,2.0,"2,13,23,477",CHANDAN HALOI,"21,321,249.59",Accepted-AOC,06-Feb-2026,Public Works Roads Department
2025_PWD_48805_2,CE/DEV/TB/116/2025-26/58 Dtd- 14.11.2025,"ASOM_MALA_3.0_25_26_62 Improvement and Upgradation of Sunarigaon-Kaliabor Ouguri-Missamukh-Missa From Ch. 0.00 to Ch.10.00 Km under ASOM MALA 3.0 under Kaliabor and Samaguri Territorial Road Division for the year 2025-2026, (Kaliabor LAC)","ASOM_MALA_3.0_25_26_62 Improvement and Upgradation of Sunarigaon-Kaliabor Ouguri-Missamukh-Missa From Ch. 0.00 to Ch.10.00 Km under ASOM MALA 3.0 under Kaliabor and Samaguri Territorial Road Division for the year 2025-2026, (Kaliabor LAC)",Works,Open Tender,Item Rate,Civil Works – Roads,No,No,NA ,21-Nov-2025 01:00 PM,28-Nov-2025 12:00 PM ,180.0,No ,No,Online,09-Dec-2025 02:30 PM,Public Works Roads Department,Nagaon,782001.0,2.0,"28,75,09,000",Madhab Enterprise,"287,504,000",Accepted-AOC,20-Feb-2026,Public Works Roads Department
2025_PWD_45399_23,CE/DEV/TB/54/2025-26/01 Dtd- 13.06.2025,"MMUPPNA_RIDF_XXXI_25_26_28 Improvement and Widening of road from (i) Bahadur Chariali to Sukani Langkasi via Mahakali (L-7.55km), (ii) Panitola Bordubi road at Dharia Roitak Tiniali to FGGS Deohal (L-3.50km) under Mukhya Mantrir Unnoto Paki Path Nirm","MMUPPNA_RIDF_XXXI_25_26_28 Improvement and Widening of road from (i) Bahadur Chariali to Sukani Langkasi via Mahakali (L-7.55km), (ii) Panitola Bordubi road at Dharia Roitak Tiniali to FGGS Deohal (L-3.50km) under Mukhya Mantrir Unnoto Paki Path Nirm",Works,Open Tender,Item Rate,Civil Works – Roads,No,No,NA ,07-Jul-2025 09:00 AM,14-Jul-2025 12:00 PM ,180.0,No ,No,Online,25-Jul-2025 02:30 PM,Public Works Roads Department,Tinsukia,786125.0,2.0,"13,31,94,000",NURUL AMIN,"115,021,160",Rejected-Finance,20-Feb-2026,Public Works Roads Department
2025_DoWR_47405_1,DARRANG/2025-26/RIDF/II,"Construction of New Embankment at RB of Dhansiri river from kopati to Shyampur, Package 1.","Construction of New Embankment at RB of Dhansiri river from kopati to Shyampur, Package 1.",Works,Open Tender,Works,Civil Works,No,No,NA ,09-Sep-2025 06:55 PM,NA ,180.0,No ,No,Online,04-Oct-2025 03:00 PM,Department of Water Resources||Chief Engineer - DoWR,DARRANG,784522.0,2.0,"7,36,58,989",Bora Electricals,"73,506,002.89",Accepted-AOC,14-Feb-2026,Department of Water Resources||Chief Engineer - DoWR
2025_PWD_45408_7,CE/DEV/TB/60/2025-26/01 Dtd- 21.06.2025,MMPPNA_RIDF_XXXI_25_26_87 Construction of (1) 1 No Karhal Goan Road (2) Gyan Mandir to Muhidhor Chuburi Road under Mukhya Mantrir Paki Path Nirman Achani (MMPPNA) under RIDF-XXXI of NABARD for the year 2025-26.,MMPPNA_RIDF_XXXI_25_26_87 Construction of (1) 1 No Karhal Goan Road (2) Gyan Mandir to Muhidhor Chuburi Road under Mukhya Mantrir Paki Path Nirman Achani (MMPPNA) under RIDF-XXXI of NABARD for the year 2025-26.,Works,Open Tender,Item Rate,Civil Works – Roads,No,No,NA ,08-Jul-2025 09:00 AM,17-Jul-2025 12:00 PM ,180.0,No ,No,Online,28-Jul-2025 02:30 PM,Public Works Roads Department,Majuli,785106.0,2.0,"2,41,62,000",Rabin Nagaria,"24,159,000",Accepted-AOC,19-Feb-2026,Public Works Roads Department
2025_PWRDW_45898_13,CE/EAP/ARRBP/BR/01/2024/16,CE/EAP/Bridge1/Karimganj/15 Br No. 2/3 on Cheragibazar to Kotamoni road,CE/EAP/ARRBP/OCB/Bridge1/Karimganj/15 Construction of Bridge in Karimganj District (i) Br No. 2/3 on Cheragibazar to Kotamoni road,Works,Open Tender,Item Rate,Civil Works - Bridges,No,No,NA ,25-Jul-2025 01:00 PM,02-Aug-2025 11:00 AM ,90.0,No ,No,Online,14-Aug-2025 02:30 PM,Public Works Roads Department-Externally Aided Project||Public Works Road Department- World Bank Funded Tenders||Assam State Bridge Infrastructure Program,Karimganj District,788710.0,2.0,"2,83,56,000",M/S R.A.Mazumder,"29,773,516",Accepted-AOC,05-Feb-2026,Public Works Roads Department-Externally Aided Project||Public Works Road Department- World Bank Funded Tenders||Assam State Bridge Infrastructure Program
2025_PWD_49573_10,CE/Commn/192/PDNA/2025-26/02,PDNA/ Dima Hasao/01,"Recovery and Re-construction of Mahur Ainachera Road (including road stretch of PMGSY AS-18-057, L062-Gamvom to Jinam Hmar via Nagalsong New Nagalsong) under NDRF(PDNA-2022) for the year 2025-26",Works,Open Tender,Item Rate,Civil Works – Roads,No,No,NA ,23-Dec-2025 04:00 PM,26-Dec-2025 04:00 PM ,180.0,No ,No,Online,09-Jan-2026 02:30 PM,Public Works Roads Department,Dima Hasao,788819.0,2.0,"5,00,00,000",Sri Peheisang Raimme,"49,995,855",Not Admitted-Fee/PreQual/Technical,12-Feb-2026,Public Works Roads Department
2025_PWHE_48186_1,IN-ASSAM PWD-510407-CW-RFB,Package No. 48 Construction of Class Rooms under Assam School Education and Adolescent Well-Being Project (ASAP) under Majuli DTBD for i. Auniati Bishnudev H.S. ii. Shri Lohit H.S. iii. Ahatguri H.S.,Package No. 48 Construction of Class Rooms under Assam School Education and Adolescent Well-Being Project (ASAP) under Majuli DTBD for i. Auniati Bishnudev H.S. ii. Shri Lohit H.S. iii. Ahatguri H.S.,Works,Open Tender,Item Rate,Civil Works - Building,No,No,NA ,22-Oct-2025 04:30 PM,29-Oct-2025 11:30 AM ,180.0,No ,No,Online,06-Nov-2025 05:00 PM,Public Works Health and Education Department-Externally Aided Project||Public Works Health and Education Department-WB,Majuli,785106.0,2.0,"10,25,32,515",M/S M.Bee Traders,"105,300,000",Accepted-AOC,23-Feb-2026,Public Works Health and Education Department-Externally Aided Project||Public Works Health and Education Department-WB
2025_PWD_45926_136,CE/DEV/TB/60/2025-26/06 Dtd- 14.07.2025,"MMPPNA_RIDF_XXXI_25_26_290 Construction of (1) Napam Gaon to Gharphalia connecting Road, (2) Road from Johakhat to Late Horeswar Sarmah Barua connecting road under Mukhya Mantir Paki Path Nirman Achani (MMPPNA) under RIDF-XXXI of NABARD for the year","MMPPNA_RIDF_XXXI_25_26_290 Construction of (1) Napam Gaon to Gharphalia connecting Road, (2) Road from Johakhat to Late Horeswar Sarmah Barua connecting road under Mukhya Mantir Paki Path Nirman Achani (MMPPNA) under RIDF-XXXI of NABARD for the year",Works,Open Tender,Item Rate,Civil Works – Roads,No,No,NA ,31-Jul-2025 06:00 PM,04-Aug-2025 12:00 PM ,180.0,No ,No,Online,14-Aug-2025 02:30 PM,Public Works Roads Department,Mariani,785634.0,2.0,"2,68,92,000",Aklanta Bora,"26,884,721",Accepted-AOC,26-Feb-2026,Public Works Roads Department
2025_WPTBC_49542_1,PTDC/Engg/2024-25/456,"Infrastructure Development of Borpomua Rengam HSS, District Majuli under Infrastructure Development in ITDP and outside ITDP areas of Assam during the year 2025-26.","Infrastructure Development of Borpomua Rengam HSS, District Majuli under Infrastructure Development in ITDP and outside ITDP areas of Assam during the year 2025-26.",Works,Open Tender,Item Rate,Civil Works,No,No,NA ,22-Dec-2025 06:00 PM,26-Dec-2025 11:00 AM ,180.0,No ,No,Online,08-Jan-2026 03:00 PM,Welfare of Plain Tribes and Backward Classes||Director - WPT and BC,Majuli,785105.0,2.0,"50,00,000",M/S N M STORE,"5,000,000",Accepted-AOC,06-Feb-2026,Welfare of Plain Tribes and Backward Classes||Director - WPT and BC
2026_GMDA_49918_1,GMDA/DEV/46/2025/Pt-I/125,"Rejuvenation and Bioremediation of Silsako Beel, Guwahati, Assam under PMKSY HKKP RRR Excavation of Silsako Beel Part 1A and 1B","Rejuvenation and Bioremediation of Silsako Beel, Guwahati, Assam under PMKSY HKKP RRR Excavation of Silsako Beel Part 1A and 1B",Works,Open Tender,Item Rate,Civil Works,No,No,NA ,03-Jan-2026 06:00 PM,NA ,180.0,No ,No,Online,28-Jan-2026 03:00 PM,Guwahati Metropolitan Development Authority||Guwahati Development Department - GMDA,"Bhangagarh, Guwahati",781005.0,2.0,"11,46,89,000",NEWNESS,"114,675,886.75",Accepted-AOC,13-Feb-2026,Guwahati Metropolitan Development Authority||Guwahati Development Department - GMDA
2025_PWD_49573_38,CE/Commn/192/PDNA/2025-26/02,PDNA/Nagaon/03,Recovery and Reconstruction of Kuhimari No.1 to Simlaipathar East via Ujangaon under NDRF (PDNA-2022) for the year 2025-26,Works,Open Tender,Item Rate,Civil Works – Roads,No,No,NA ,24-Dec-2025 09:00 AM,26-Dec-2025 04:00 PM ,180.0,No ,No,Online,05-Jan-2026 02:30 PM,Public Works Roads Department,Nagaon,782001.0,2.0,"1,20,00,000",NRIPEN CHANDRA SARMA,"11,999,898",Accepted-AOC,18-Feb-2026,Public Works Roads Department
2025_PWD_45408_131,CE/DEV/TB/60/2025-26/01 Dtd- 21.06.2025,"MMPPNA_RIDF_XXXI_25_26_147 Construction of Road from (i) Tingkhong Dev. Block to NH52B at Tipomia MV School, (ii) Road from Keseruguri to Nilmoni Dhuwapathar (Ch 0.00 m to Ch 1000.00 m), (iii) Taria Tiniali to Ouphulia Kadamoni Namghar Connecting Roa","MMPPNA_RIDF_XXXI_25_26_147 Construction of Road from (i) Tingkhong Dev. Block to NH52B at Tipomia MV School, (ii) Road from Keseruguri to Nilmoni Dhuwapathar (Ch 0.00 m to Ch 1000.00 m), (iii) Taria Tiniali to Ouphulia Kadamoni Namghar Connecting Roa",Works,Open Tender,Item Rate,Civil Works – Roads,No,No,NA ,14-Jul-2025 06:00 PM,17-Jul-2025 12:00 PM ,180.0,No ,No,Online,28-Jul-2025 02:30 PM,Public Works Roads Department,Tingkhong,786612.0,2.0,"3,41,72,000",Sri Biju Hazarika,"34,171,916.18",Rejected-Finance,11-Feb-2026,Public Works Roads Department
2025_ID_48484_1,BCMDI/Tech/NIT/21/2025/5,Installation of 5 (five) Points STW Scheme at Barpeta LAC under SOPD-G during the FY 2025-26.,Installation of 5 (five) Points STW Scheme at Barpeta LAC under SOPD-G during the FY 2025-26.,Works,Open Tender,Item Rate,Civil Works,No,No,NA ,07-Nov-2025 05:55 PM,13-Nov-2025 02:00 PM ,180.0,No ,No,Online,28-Nov-2025 03:00 PM,Irrigation Department||Chief Engineer(Major)-Irrigation Dept||Barpeta Circle||Barpeta Baghbar Division,Barpeta LAC,781301.0,2.0,"33,40,154",MS REEVRAJ ENTERPRISE JV,"1,803,682",Rejected-AOC,12-Feb-2026,Irrigation Department||Chief Engineer(Major)-Irrigation Dept||Barpeta Circle||Barpeta Baghbar Division
2025_PWRDW_46409_16,CE/EAP/ARRBP/BR/01/2024/19,ARRBP/OCB/ Bridge-1/Lakhimpur/25 Br No. 1/1 on Kherajkhat jr. College Approach Road to Deotala Link road,CE/EAP/ARRBP/OCB/ Bridge1/Lakhimpur/25 Construction of Bridge in Lakhimpur District i) Br No. 1/1 on Kherajkhat jr. College Approach Road to Deotala Link road,Works,Open Tender,Item Rate,Civil Works - Bridges,No,No,NA ,14-Aug-2025 06:55 PM,20-Aug-2025 11:00 AM ,90.0,No ,No,Online,10-Sep-2025 02:30 PM,Public Works Roads Department-Externally Aided Project||Public Works Road Department- World Bank Funded Tenders||Assam State Bridge Infrastructure Program,Lakhimpur District,782460.0,2.0,"83,36,000",Nasir Uddin,"7,502,400",Rejected-Technical,02-Feb-2026,Public Works Roads Department-Externally Aided Project||Public Works Road Department- World Bank Funded Tenders||Assam State Bridge Infrastructure Program
2025_KAAC_46486_1,ACEH/CS/SSA/03/2025-26/NSL39,Construction of 50 bedded hostel separately for boys and girls at BKB Parkup Pahar High School under the scheme Dharti Aaba Janjatiya Gram Utkarsh Abhiyan,Construction of 50 bedded hostel separately for boys and girls at BKB Parkup Pahar High School under the scheme Dharti Aaba Janjatiya Gram Utkarsh Abhiyan,Works,Open Tender,Item Rate,Civil Works - Building,No,No,NA ,18-Aug-2025 11:00 AM,20-Aug-2025 12:00 PM ,180.0,No ,No,Online,30-Aug-2025 11:00 AM,Karbi Anglong Autonomous Council||PWD||Addl. Chief Engineer Diphu,Rongmongwe,782461.0,2.0,"3,78,75,000",Power Tools and Engineering,"37,858,695.23",Rejected-AOC,09-Feb-2026,Karbi Anglong Autonomous Council||PWD||Addl. Chief Engineer Diphu
2025_PWD_45408_125,CE/DEV/TB/60/2025-26/01 Dtd- 21.06.2025,"MMPPNA_RIDF_XXXI_25_26_11 Construction of road from (1) Samaguri to Rabha Gaon Road, (2) Samaguri Udmari Road to Murhani Udmari Road via Mahongbasti (Ch. 1800.00m to 3700.00m) under Mukhya Mantrir Paki Path Nirman Achani (MMPPNA) under RIDF-XXXI of N","MMPPNA_RIDF_XXXI_25_26_11 Construction of road from (1) Samaguri to Rabha Gaon Road, (2) Samaguri Udmari Road to Murhani Udmari Road via Mahongbasti (Ch. 1800.00m to 3700.00m) under Mukhya Mantrir Paki Path Nirman Achani (MMPPNA) under RIDF-XXXI of N",Works,Open Tender,Item Rate,Civil Works – Roads,No,No,NA ,14-Jul-2025 04:00 PM,17-Jul-2025 12:00 PM ,180.0,No ,No,Online,28-Jul-2025 02:30 PM,Public Works Roads Department,Barhampur,786001.0,2.0,"2,83,75,000",Bani Kanta Gogoi,"28,374,001",Accepted-AOC,10-Feb-2026,Public Works Roads Department
2025_APDCL_47059_1,APDCL/CGM (IT_Projects)/CSP/ARMS/2025/1,Providing Cloud Services and related Managed Services for hosting APDCL Revenue Management System (ARMS) and Other IT Applications in Microsoft Azure Cloud.,Providing Cloud Services and related Managed Services for hosting APDCL Revenue Management System (ARMS) and Other IT Applications in Microsoft Azure Cloud.,Services,Open Tender,Turn-key,Miscellaneous Services,No,No,NA ,28-Aug-2025 04:00 PM,02-Sep-2025 12:00 PM ,180.0,No ,No,Online,04-Oct-2025 12:00 PM,Assam Power Distribution Company Ltd||CGM (IT and Projects),Guwahati,781001.0,2.0,,Thoughtsol Infotech Private Limited,"84,465,225.25",Rejected-Finance,17-Feb-2026,Assam Power Distribution Company Ltd||CGM (IT and Projects)
2025_UDD_49578_1,NMB.VII38APARTII/2025-26/301,Construction of hard shoulder with ICBP (Left Side) on Bidya Baruah Road) from Ch.0.00 m to Ch.510.00,Construction of hard shoulder with ICBP (Left Side) on Bidya Baruah Road) from Ch.0.00 m to Ch.510.00,Works,Open Tender,Works,Civil Works,No,No,NA ,30-Dec-2025 02:30 PM,NA ,180.0,No ,No,Online,20-Jan-2026 03:00 PM,Urban Development Department||Directorate of Municipality Administration - UDD||Nagaon Municipal Board,Nagaon,782001.0,2.0,"30,67,600",PARDEEP KUMAR JAIN,"3,067,419.8",Accepted-AOC,21-Feb-2026,Urban Development Department||Directorate of Municipality Administration - UDD||Nagaon Municipal Board
2025_KAAC_48944_1,"No.ACEH/CS/AAP/77/2025-26/3,",Construction of Sand Gravelling Road from Muriap to Upilangso via Baida,Construction of Sand Gravelling Road from Muriap to Upilangso via Baida,Works,Open Tender,Item Rate,Civil Works – Roads,No,No,NA ,01-Dec-2025 11:00 AM,03-Dec-2025 02:00 PM ,180.0,No ,No,Online,16-Dec-2025 10:00 AM,Karbi Anglong Autonomous Council||PWD||Addl. Chief Engineer Diphu,Hamren,782486.0,2.0,"3,80,43,850",MENSING KRO,"37,805,594.6",Accepted-AOC,04-Feb-2026,Karbi Anglong Autonomous Council||PWD||Addl. Chief Engineer Diphu
2025_PWD_45408_119,CE/DEV/TB/60/2025-26/01 Dtd- 21.06.2025,"MMPPNA_RIDF_XXXI_25_26_125 Construction of Road from (1) Pachim Singimari bil par jame masjid to Pub amrakanda LP school, (2) Uttar Kawaimari to Jamtol Chariali, (3) Pub Lorimukh to Moriputhikhaity under Mukhya Mantrir Paki Path Nirman Achani (MMPPNA","MMPPNA_RIDF_XXXI_25_26_125 Construction of Road from (1) Pachim Singimari bil par jame masjid to Pub amrakanda LP school, (2) Uttar Kawaimari to Jamtol Chariali, (3) Pub Lorimukh to Moriputhikhaity under Mukhya Mantrir Paki Path Nirman Achani (MMPPNA",Works,Open Tender,Item Rate,Civil Works – Roads,No,No,NA ,14-Jul-2025 09:00 AM,17-Jul-2025 12:00 PM ,180.0,No ,No,Online,28-Jul-2025 02:30 PM,Public Works Roads Department,Samaguri,782140.0,2.0,"3,29,00,000",Alal Uddin,"32,900,000",Accepted-AOC,05-Feb-2026,Public Works Roads Department
2025_PWD_45926_6,CE/DEV/TB/60/2025-26/06 Dtd- 14.07.2025,"MMPPNA_RIDF_XXXI_25_26_270 Construction of (1) Dhemechi Haldhibari Road (Ch. 0.00 m to Ch. 1100.00 m), (2) Pathalibam High School to Hologuri Road (Ch. 0.00 m to Ch. 1150.00 m), (3) Road from Tikhorai Main Road to Dighalia Block (Ch. 0.00 m to Ch. 10","MMPPNA_RIDF_XXXI_25_26_270 Construction of (1) Dhemechi Haldhibari Road (Ch. 0.00 m to Ch. 1100.00 m), (2) Pathalibam High School to Hologuri Road (Ch. 0.00 m to Ch. 1150.00 m), (3) Road from Tikhorai Main Road to Dighalia Block (Ch. 0.00 m to Ch. 10",Works,Open Tender,Item Rate,Civil Works – Roads,No,No,NA ,26-Jul-2025 09:00 AM,04-Aug-2025 12:00 PM ,180.0,No ,No,Online,14-Aug-2025 02:30 PM,Public Works Roads Department,Khowang,785675.0,2.0,"2,44,10,000",Sri Biju Hazarika,"24,409,892",Rejected-Finance,23-Feb-2026,Public Works Roads Department
2025_PWHE_47053_1,IN-ASSAM PWD-510298-CW-RFB,Construction of Additional Class Rooms under Assam School Education and Adolescent Well-Being Project (ASAP) Under Dhemaji (ST) DTBD for i. Somkong H.S. ii. Bijoypur High School iii. Karpumpuli High School iv. Telam Tribal H.S.,Construction of Additional Class Rooms under Assam School Education and Adolescent Well-Being Project (ASAP) Under Dhemaji (ST) DTBD for i. Somkong H.S. ii. Bijoypur High School iii. Karpumpuli High School iv. Telam Tribal H.S.,Works,Open Tender,Item Rate,Civil Works - Building,No,No,NA ,28-Aug-2025 02:00 PM,15-Sep-2025 11:30 AM ,180.0,No ,No,Online,03-Oct-2025 02:30 PM,Public Works Health and Education Department-Externally Aided Project||Public Works Health and Education Department-WB,Dhemaji,787057.0,2.0,"13,95,57,765",M/S Chandan Gogoi,"159,569,600",Accepted-AOC,13-Feb-2026,Public Works Health and Education Department-Externally Aided Project||Public Works Health and Education Department-WB
2025_DoWR_49568_1,MORIGAON/2025-26/PDNA/SUPPLY/I,Restoration of left bank embankment of river Killing from Amlighat to Bihita area damaged during flood of 2022 (Procurement of supply materials).,Restoration of left bank embankment of river Killing from Amlighat to Bihita area damaged during flood of 2022 (Procurement of supply materials).,Goods,Open Tender,Supply,Supply of Materials,No,No,NA ,22-Dec-2025 09:00 AM,NA ,180.0,No ,No,Online,05-Jan-2026 03:00 PM,Department of Water Resources||Chief Engineer - DoWR,Morigaon,782105.0,2.0,"3,07,23,173",SMILE NONWOVENS PVT. LTD.,"30,715,081.84",Accepted-AOC,27-Feb-2026,Department of Water Resources||Chief Engineer - DoWR
2025_APDCL_48560_1,GM /DZ/APDCL/UAR/2025 26/ Hokonguri TE PartA 254,GM /DZ/APDCL/UAR/2025 26/Hokonguri TE Part A 254,Construction of 11KV spur line to provide power supply to M/S Hokonguri Tea Estate from 11KV Udyog feeder from 33/11KV Gnagabari SS under Tinsukia ESDII,Works,Open Tender,Turn-key,Electrical Works,No,No,NA ,12-Nov-2025 05:00 PM,NA ,90.0,No ,No,Online,17-Nov-2025 02:30 PM,Assam Power Distribution Company Ltd||CGM(D) Upper Assam Region - APDCL||GM(Dibrugarh Zone) - APDCL,M/S Hokonguri Tea Estate under Tinsukia ESDII,786150.0,2.0,"22,83,401",M/s Jyoti Electrical,"2,264,705.01",Rejected-AOC,28-Nov-2025,Assam Power Distribution Company Ltd||CGM(D) Upper Assam Region - APDCL||GM(Dibrugarh Zone) - APDCL
2025_PWD_46622_3,CE/Commn/16/2025-26/16(Re-Bid),Dalgaon/MMPNA/02,Re construction of (1) sarisabari to NH 52 road (2) road from Ghansimalu Bazar to Kamarpara via Baraipara road (3) Kharupetia Steamerghat Road (4) Punia Bhakatparastoad (5) road from Batabari to Jangalpara under MMPNA under SOPD-G for the yr 2025-26,Works,Open Tender,Item Rate,Civil Works – Roads,No,No,NA ,18-Aug-2025 05:00 PM,22-Aug-2025 04:00 PM ,180.0,No ,No,Online,26-Aug-2025 02:30 PM,Public Works Roads Department,Dalgaon,814116.0,2.0,"1,69,38,000",GAJRAJ ENTERPRISE,"16,938,000",Rejected-AOC,19-Feb-2026,Public Works Roads Department
2025_ID_48479_1,DGEDI/T-1/Pt-VII/2021/1775,"Installation of one point STW scheme in Dohela Village,one point in Majpara Village and one point in Tiplai Village under 15 Dudhnoi (ST) LAC for the year 2025-26","Installation of one point STW scheme in Dohela Village,one point in Majpara Village and one point in Tiplai Village under 15 Dudhnoi (ST) LAC for the year 2025-26",Works,Open Tender,Works,Civil Works - Others,No,No,NA ,07-Nov-2025 05:30 PM,NA ,180.0,No ,No,Online,03-Dec-2025 11:00 AM,Irrigation Department||Chief Engineer(Major)-Irrigation Dept||Goalpara Circle||Dudhnoi Goalpara East Division,Dohela,783124.0,2.0,"20,04,057",Tarjan Rabha,"1,803,651",Rejected-Technical,01-Feb-2026,Irrigation Department||Chief Engineer(Major)-Irrigation Dept||Goalpara Circle||Dudhnoi Goalpara East Division
2026_UDD_49962_1,Mrg.MB/15thFC/74/5016,LEGACY WASTE DUMPSITE REMEDIATION THROUGH BIOMINING AND DISPOSAL OF RESIDUALWASTE IN MARGHERITA PHASE II,LEGACY WASTE DUMPSITE REMEDIATION THROUGH BIOMINING AND DISPOSAL OF RESIDUALWASTE IN MARGHERITA PHASE II,Works,Open Tender,Item Rate,Composite Works,No,No,NA ,06-Jan-2026 09:00 AM,09-Jan-2026 11:30 AM ,180.0,No ,No,Online,16-Jan-2026 09:00 AM,Urban Development Department||Directorate of Municipality Administration - UDD||Margherita Municipal Board,MARGHERITA,786181.0,2.0,"80,00,000",Call And Fix,"7,999,043.2",Accepted-AOC,30-Jan-2026,Urban Development Department||Directorate of Municipality Administration - UDD||Margherita Municipal Board
2025_PWHE_48103_1,IN-ASSAM PWD-510351-CW-RFB,Package No.20 Constn of Class Rooms under Assam School Education and Adolescent Well Being Project (ASAP) under Udalguri And Baksa District Territorial Building Division for i. Pub Kumarikata MES. ii. Nava Millan ME School iii. Mudaibari ME School iv,Package No.20 Constn of Class Rooms under Assam School Education and Adolescent Well Being Project (ASAP) under Udalguri And Baksa District Territorial Building Division for i. Pub Kumarikata MES. ii. Nava Millan ME School iii. Mudaibari ME School iv,Works,Open Tender,Item Rate,Civil Works - Building,No,No,NA ,16-Oct-2025 06:55 PM,21-Oct-2025 11:30 AM ,180.0,No ,No,Online,31-Oct-2025 05:00 PM,Public Works Health and Education Department-Externally Aided Project||Public Works Health and Education Department-WB,Udalguri,784509.0,2.0,"15,06,08,725",VERSHA TECHNOTRADE PVT. LTD.,"172,051,200",Rejected-Technical,21-Feb-2026,Public Works Health and Education Department-Externally Aided Project||Public Works Health and Education Department-WB
2025_PWRDW_45232_12,CE/EAP/ARRBP01TENDERS2024/62,Construction of Bridge in Charaideo district i) Br. No. 2/2 on Kalakata Gohain Gaon,Package No. CE/EAP/ARRBP/OCB/Bridge-1/Charaideo/03A Construction of Bridge in Charaideo district i) Br. No. 2/2 on Kalakata Gohain Gaon,Works,Open Tender,Item Rate,Civil Works - Bridges,No,No,NA ,01-Jul-2025 06:30 PM,04-Jul-2025 11:00 AM ,180.0,No ,No,Online,28-Jul-2025 02:30 PM,Public Works Roads Department-Externally Aided Project||Public Works Road Department- World Bank Funded Tenders||Assam State Bridge Infrastructure Program,Charaideo,785640.0,2.0,"1,13,59,000",Prosanta Boruah,"11,356,353",Rejected-AOC,02-Feb-2026,Public Works Roads Department-Externally Aided Project||Public Works Road Department- World Bank Funded Tenders||Assam State Bridge Infrastructure Program
2025_PWD_48434_1,CE/DEV/TB/116/2025-26/41 Dtd- 08.10.2025,ASOM_MALA_3.0_25_26_42 Improvement and Upgradation of Anipur to Zamunag roadfrom Ch. 0.00 km (Anipur Tiniali) to Ch. 10.000 k (Chamtilla) via Durllabcherra market under under Asom Mala 3.0 for the year 2025-26,ASOM_MALA_3.0_25_26_42 Improvement and Upgradation of Anipur to Zamunag roadfrom Ch. 0.00 km (Anipur Tiniali) to Ch. 10.000 k (Chamtilla) via Durllabcherra market under under Asom Mala 3.0 for the year 2025-26,Works,Open Tender,Item Rate,Civil Works – Roads,No,No,NA ,05-Nov-2025 09:00 AM,05-Nov-2025 10:00 AM ,180.0,No ,No,Online,11-Nov-2025 02:30 PM,Public Works Roads Department,Sribhumi,788711.0,2.0,"38,26,79,000",BINNI CONSTRUCTION PVT LTD,"382,678,645",Accepted-AOC,11-Feb-2026,Public Works Roads Department
2025_PWD_46604_62,CE/STBR/SOPD-G/NIT/07/2025 26/8 Dated 29-07-2025,"STBR/SOPD-G/Sipajhar-22/31 Construction of road from 3rd km of Kadamtali Na-Ali PMGSY Road to Murar Chuba (From Ch. 0.00Km to 0.690 Km 0.690 km) under SOPD-G for the year 2025-26, Sipajhar LAC","STBR/SOPD-G/Sipajhar-22/31 Construction of road from 3rd km of Kadamtali Na-Ali PMGSY Road to Murar Chuba (From Ch. 0.00Km to 0.690 Km 0.690 km) under SOPD-G for the year 2025-26, Sipajhar LAC",Works,Open Tender,Item Rate,Civil Works – Roads,No,No,NA ,22-Aug-2025 09:00 AM,23-Aug-2025 11:00 AM ,180.0,No ,No,Online,02-Sep-2025 11:00 AM,Public Works Roads Department,Sipajhar,784145.0,2.0,"8,78,000",A J ENTERPRISE,"877,807",Accepted-AOC,23-Feb-2026,Public Works Roads Department
2025_PWD_49114_9,SKTRD/Tech/117/2025-26,SKTRD/SOPD-G/25-26/33,SKTRD/SOPD-G/25-26/33_Improvement of PWD Road to Salosuti Rangapani Road under SOPD (G) for the year 2025-26,Works,Open Tender,Item Rate,Civil Works – Roads,No,No,NA ,09-Dec-2025 02:00 PM,15-Dec-2025 12:00 PM ,180.0,No ,No,Online,29-Dec-2025 02:30 PM,Public Works Roads Department,Kamrup Rural,781125.0,2.0,"22,26,000",MANTU KALITA,"2,226,000",Not Admitted-Finance,23-Feb-2026,Public Works Roads Department
2025_PWD_45820_110,CE/STBR/SOPD-G/NIT/07/2025 26/1 Dated 26-06-2025,STBR/SOPD-G/Jalukbari -24/63 Construction of Road from Khuhabari Sani Mandir to LGB Airport Boundary Wall under SOPD-G for the year 2025-26,STBR/SOPD-G/Jalukbari -24/63 Construction of Road from Khuhabari Sani Mandir to LGB Airport Boundary Wall under SOPD-G for the year 2025-26,Works,Open Tender,Item Rate,Civil Works – Roads,No,No,NA ,02-Aug-2025 12:00 PM,04-Aug-2025 11:00 AM ,180.0,No ,No,Online,19-Aug-2025 11:00 AM,Public Works Roads Department,Jalukbari,781013.0,2.0,"27,11,000",KAMAL THAKURIA,"2,711,000",Accepted-AOC,03-Feb-2026,Public Works Roads Department
2025_PWD_45820_104,CE/STBR/SOPD-G/NIT/07/2025 26/1 Dated 26-06-2025,STBR/SOPD-G/Jalukbari-20/59 Improvement of Chaneki Path under SOPD-G for the year 2025-26,STBR/SOPD-G/Jalukbari-20/59 Improvement of Chaneki Path under SOPD-G for the year 2025-26,Works,Open Tender,Item Rate,Civil Works – Roads,No,No,NA ,01-Aug-2025 06:00 PM,02-Aug-2025 11:00 AM ,180.0,No ,No,Online,19-Aug-2025 11:00 AM,Public Works Roads Department,Jalukbari,781013.0,2.0,"22,99,000",Phani Dhar Deka,"2,298,995",Accepted-AOC,24-Feb-2026,Public Works Roads Department
2025_PWD_45820_89,CE/STBR/SOPD-G/NIT/07/2025 26/1 Dated 26-06-2025,STBR/SOPD-G/Dimoria-05/93 Construction of balance portion of Bishnu Boro Chenimur Path for the year 2025-26 (Dimoria LAC),STBR/SOPD-G/Dimoria-05/93 Construction of balance portion of Bishnu Boro Chenimur Path for the year 2025-26 (Dimoria LAC),Works,Open Tender,Item Rate,Civil Works – Roads,No,No,NA ,31-Jul-2025 03:00 PM,01-Aug-2025 11:00 AM ,180.0,No ,No,Online,11-Aug-2025 11:00 AM,Public Works Roads Department,Dimoria,782403.0,2.0,"80,00,000",M/S TRINAV ENTERPRISE,"7,998,737",Rejected-AOC,09-Feb-2026,Public Works Roads Department
2025_KAAC_46566_1,ACEH/CS/SSA/03/2025-26/NSL53,Construction of 50 bedded hostel separately for boys and girls at Amguri High School under the scheme Dharti Aaba Janjatiya Gram Utkarsh Abhiyan,Construction of 50 bedded hostel separately for boys and girls at Amguri High School under the scheme Dharti Aaba Janjatiya Gram Utkarsh Abhiyan,Works,Open Tender,Item Rate,Civil Works - Building,No,No,NA ,18-Aug-2025 11:00 AM,20-Aug-2025 12:00 PM ,180.0,No ,No,Online,30-Aug-2025 11:00 AM,Karbi Anglong Autonomous Council||PWD||Addl. Chief Engineer Diphu,Amri,782448.0,2.0,"3,78,75,000",Shiva Chetry,"37,874,971.75",Rejected-AOC,21-Feb-2026,Karbi Anglong Autonomous Council||PWD||Addl. Chief Engineer Diphu
2025_PWD_45820_62,CE/STBR/SOPD-G/NIT/07/2025 26/1 Dated 26-06-2025,STBR/SOPD-G/Barhampur-03/32 Improvement of (1). Kampur Jamunamukh to Sankar Sangho L.P. School (2) Changchaki Bakulaguri road at Kapilikan to Atigaon( Jamunamukh RCC Bridge) under SOPD-G for the year 2025-26,STBR/SOPD-G/Barhampur-03/32 Improvement of (1). Kampur Jamunamukh to Sankar Sangho L.P. School (2) Changchaki Bakulaguri road at Kapilikan to Atigaon( Jamunamukh RCC Bridge) under SOPD-G for the year 2025-26,Works,Open Tender,Item Rate,Civil Works – Roads,No,No,NA ,28-Jul-2025 03:00 PM,30-Jul-2025 11:00 AM ,180.0,No ,No,Online,11-Aug-2025 11:00 AM,Public Works Roads Department,Barhampur,782102.0,2.0,"40,28,600",RIBUL AHMED,"4,028,596",Rejected-AOC,09-Feb-2026,Public Works Roads Department
2025_PWD_45827_57,CE/MAINT/SOPDG/01/2025-26/02,MAINT/SOPD-G/2025-26/66,"MAINT/SOPD-G/2025-26/66_1Construction of Char Bhawan at Mandia under SOPDG for the year 202526, Mandia LAC",Works,Open Tender,Item Rate,Civil Works - Building,No,No,NA ,24-Jul-2025 09:00 AM,24-Jul-2025 12:00 PM ,180.0,No ,No,Online,14-Aug-2025 11:00 AM,Public Works Roads Department,Barpeta,781301.0,2.0,"1,80,13,000",M/S R.B. Associates,"9,998,000",Rejected-Finance,11-Feb-2026,Public Works Roads Department
2025_GMC_47287_6,GER/CE/2504/2025/05 Dated_01/09/2025,Construction of Community Hall under Ward No-15,Construction of Community Hall under Ward No-15,Works,Open Tender,Lump-sum,Civil Works,No,No,NA ,05-Sep-2025 06:00 PM,08-Sep-2025 12:00 PM ,120.0,No ,No,Online,07-Oct-2025 02:30 PM,Guwahati Municipal Corporation,Guwahati,781006.0,2.0,,P.S. ENTERPRISE,"1,600,000",Rejected-AOC,04-Feb-2026,Guwahati Municipal Corporation
2025_GMDA_49308_1,GMDA/DEV/07/2025/12,"Repairing and renovation of Karmashree Hiteshwar Saikia Auditorium at Boripara, Maligaon","Repairing and renovation of Karmashree Hiteshwar Saikia Auditorium at Boripara, Maligaon",Works,Open Tender,Item Rate,Civil Works,No,No,NA ,15-Dec-2025 04:00 PM,24-Dec-2025 11:30 AM ,180.0,No ,No,Online,05-Jan-2026 03:00 PM,Guwahati Metropolitan Development Authority||Guwahati Development Department - GMDA,GUWAHATI,781005.0,2.0,"3,07,96,730",RAKESH KUMAR SINGH,"30,796,641.43",Rejected-AOC,27-Feb-2026,Guwahati Metropolitan Development Authority||Guwahati Development Department - GMDA
2025_PWD_45820_63,CE/STBR/SOPD-G/NIT/07/2025 26/1 Dated 26-06-2025,"STBR/SOPD-G/Barhampur-02/31 Improvement of (1). Bagbarali Rangagarah to Samaguri Udmari Road, (2) KA Road to Ghatibasti L.P. School Road (3) Sariohtoli to CN Road under SOPD-G for the year 2025-26","STBR/SOPD-G/Barhampur-02/31 Improvement of (1). Bagbarali Rangagarah to Samaguri Udmari Road, (2) KA Road to Ghatibasti L.P. School Road (3) Sariohtoli to CN Road under SOPD-G for the year 2025-26",Works,Open Tender,Item Rate,Civil Works – Roads,No,No,NA ,28-Jul-2025 03:00 PM,30-Jul-2025 11:00 AM ,180.0,No ,No,Online,11-Aug-2025 11:00 AM,Public Works Roads Department,Barhampur,782102.0,2.0,"45,44,400",Amar Jyoti Bhattacharjye,"4,544,298",Accepted-AOC,11-Feb-2026,Public Works Roads Department
2025_SEED_45993_1,ASDM-3690/2025/ Hojai,Hojai PLSDTP,Hojai PLSDTP,Services,Open Tender,EOI,Miscellaneous Services,No,No,NA ,28-Jul-2025 05:00 PM,NA ,180.0,No ,No,Online,20-Aug-2025 01:00 PM,Skill Employment and Entrepreneurship Department||Assam Skill Development Mission,Assam Skill Development Mission,781035.0,1.0,"10,05,000",Ajitaaksh Ventures Pvt Ltd,"990,000",Accepted-AOC,04-Feb-2026,Skill Employment and Entrepreneurship Department||Assam Skill Development Mission
2025_PWD_45820_105,CE/STBR/SOPD-G/NIT/07/2025 26/1 Dated 26-06-2025,STBR/SOPD-G/Jalukbari-23/62 Construction of Garal Manasha Mandir Approach Road under SOPD-G for the year 2025-26,STBR/SOPD-G/Jalukbari-23/62 Construction of Garal Manasha Mandir Approach Road under SOPD-G for the year 2025-26,Works,Open Tender,Item Rate,Civil Works – Roads,No,No,NA ,01-Aug-2025 06:00 PM,02-Aug-2025 11:00 AM ,180.0,No ,No,Online,19-Aug-2025 11:00 AM,Public Works Roads Department,Jalukbari,781013.0,2.0,"11,66,000",KAMAL THAKURIA,"1,166,000",Accepted-AOC,03-Feb-2026,Public Works Roads Department
2025_PWD_45820_88,CE/STBR/SOPD-G/NIT/07/2025 26/1 Dated 26-06-2025,STBR/SOPD-G/Dimoria -04/92 Improvement of Road from Kamalajari Fatgaon village road under SOPD (G) for the year 2025-26,STBR/SOPD-G/Dimoria -04/92 Improvement of Road from Kamalajari Fatgaon village road under SOPD (G) for the year 2025-26,Works,Open Tender,Item Rate,Civil Works – Roads,No,No,NA ,31-Jul-2025 03:00 PM,01-Aug-2025 11:00 AM ,180.0,No ,No,Online,11-Aug-2025 11:00 AM,Public Works Roads Department,Dimoria,782403.0,2.0,"80,00,000",SARAIGHAT ENGINEERS,"8,000,000",Rejected-AOC,07-Feb-2026,Public Works Roads Department
2025_PWD_49114_8,SKTRD/Tech/117/2025-26,SKTRD/SOPD-G/25-26/32,SKTRD/SOPD-G/25-26/32_Improvement of Natun Kathami Chariali to Mahaber Pather Road under SOPD (G) for the year 2025-26.,Works,Open Tender,Item Rate,Civil Works – Roads,No,No,NA ,09-Dec-2025 02:00 PM,15-Dec-2025 12:00 PM ,180.0,No ,No,Online,29-Dec-2025 02:30 PM,Public Works Roads Department,Kamrup Rural,781125.0,2.0,"25,09,000",MANTU KALITA,"2,509,000",Not Admitted-Finance,23-Feb-2026,Public Works Roads Department
2025_PWD_46631_8,SNSTRD/T-2/ SOPD-G/ET/2025-26/02,"SNSTRD_SOPD-G_ET_25_26_08 Construction of road from NH-37 to river Barak via Village Bundashil under SOPD-G for the year 2025-26 in North Karimganj LAC, Sribhumi.","SNSTRD_SOPD-G_ET_25_26_08 Construction of road from NH-37 to river Barak via Village Bundashil under SOPD-G for the year 2025-26 in North Karimganj LAC, Sribhumi.",Works,Open Tender,Item Rate,Civil Works,No,No,NA ,20-Aug-2025 02:00 PM,20-Aug-2025 02:00 PM ,180.0,No ,No,Online,01-Sep-2025 12:00 PM,Public Works Roads Department,Sribhumi,788710.0,2.0,"1,20,61,920",BIPLAB BANIK,"12,061,770",Accepted-AOC,21-Feb-2026,Public Works Roads Department
2025_PWD_47667_2,CE/DEV/TB/116/2025-26/24 Dtd- 16.09.2025,ASOM_MALA_3.0_25_26_29 Improvement and Upgradation of Amingaon-North Guwahati-Lenga-Kuruwa Duminichowki-Dipila Road (From Duminichowki to Bamon Chowk) in the district of Darrang under Asom Mala 3.0 for the year 2025-26.,ASOM_MALA_3.0_25_26_29 Improvement and Upgradation of Amingaon-North Guwahati-Lenga-Kuruwa Duminichowki-Dipila Road (From Duminichowki to Bamon Chowk) in the district of Darrang under Asom Mala 3.0 for the year 2025-26.,Works,Open Tender,Item Rate,Civil Works – Roads,No,No,NA ,24-Sep-2025 06:30 PM,29-Sep-2025 12:00 PM ,180.0,No ,No,Online,13-Oct-2025 02:30 PM,Public Works Roads Department,Darrang,784125.0,2.0,"42,01,66,000",Tech.Point Engineers,"357,141,100",Rejected-Finance,07-Feb-2026,Public Works Roads Department
2025_DHTS_47808_1,DHTE(X) 3/2025-26/134,"Procurement of works of temporary construction of stalls, Expo office, Electrification, Water supply and Sanitary Works, Gate and Maintenance of ground, back up services etc. on hire basis along with Publicity works at Lakhimpur","Procurement of works of temporary construction of stalls, Expo office, Electrification, Water supply and Sanitary Works, Gate and Maintenance of ground, back up services etc. on hire basis along with Publicity works at Lakhimpur",Works,Open Tender,Item Rate,Civil Works,No,No,NA ,04-Oct-2025 12:30 PM,NA ,180.0,No ,No,Online,24-Oct-2025 01:00 PM,Department of Handloom Textile and Sericulture||Directorate of Handloom and Textiles-DHTS,Lakhimpur,787001.0,2.0,"19,00,000",PRASANTA GOGOI,"1,812,980",Accepted-AOC,26-Feb-2026,Department of Handloom Textile and Sericulture||Directorate of Handloom and Textiles-DHTS
2025_UDD_48441_1,3 of 2025-26,Construction of uncompleted portion of R.C.C market building at Gokul Pathak Bus Terminus under General basic grant award of the 15th Finance commission for the year 2024-25,Construction of uncompleted portion of R.C.C market building at Gokul Pathak Bus Terminus under General basic grant award of the 15th Finance commission for the year 2024-25,Works,Open Tender,Item Rate,Civil Works - Building,No,No,NA ,05-Nov-2025 04:00 PM,NA ,180.0,No ,No,Online,27-Nov-2025 03:00 PM,Urban Development Department||Directorate of Municipality Administration - UDD||Barpeta Municipal Board,BMB,781301.0,2.0,"30,24,000",Debadib Das,"2,721,600",Accepted-AOC,30-Jan-2026,Urban Development Department||Directorate of Municipality Administration - UDD||Barpeta Municipal Board
2026_PWBNH_50177_1,"CS/SE/GBC/2025-26/10/115-A, Dated. 08-01-2026",Additional Estimate for the Construction of RCC 3 (three) storied Gr-I Judicial Officer Quarter 4 (four) units at Goalpara,Additional Estimate for the Construction of RCC 3 (three) storied Gr-I Judicial Officer Quarter 4 (four) units at Goalpara,Works,Open Tender,Works,Civil Works - Building,No,No,NA ,12-Jan-2026 04:00 PM,16-Jan-2026 12:00 PM ,180.0,No ,No,Online,29-Jan-2026 12:00 PM,Public Works Building and NH Department||Chief Engineer-Building - PWBNH,"Bhalukdubi, Goalpara",783101.0,2.0,"1,54,94,844",Dinabandhu Das,"15,994,437",Accepted-AOC,16-Feb-2026,Public Works Building and NH Department||Chief Engineer-Building - PWBNH
2025_KAAC_47193_1,ACEH/CS/SSA/03/2025-26/Re60,Construction of 50 bedded hostel separately for boys and girls at Rangsina Sr. Sec. School under the scheme Dharti Aaba Janjatiya Gram Utkarsh Abhiyan,Construction of 50 bedded hostel separately for boys and girls at Rangsina Sr. Sec. School under the scheme Dharti Aaba Janjatiya Gram Utkarsh Abhiyan,Works,Open Tender,Item Rate,Civil Works - Building,No,No,NA ,03-Sep-2025 11:00 AM,05-Sep-2025 12:00 PM ,180.0,No ,No,Online,15-Sep-2025 11:00 AM,Karbi Anglong Autonomous Council||PWD||Addl. Chief Engineer Diphu,Rongkhang,782486.0,2.0,"3,78,75,000",Power Tools and Engineering,"37,858,695.23",Rejected-AOC,11-Feb-2026,Karbi Anglong Autonomous Council||PWD||Addl. Chief Engineer Diphu
2026_BoTC_50159_1,Forest/04/2025-2026,Erection of fencing for 4771 running meter with RCC Cement post at Lal Khura,"Erection of fencing for 4771 running meter with RCC Cement post at Lal Khura within Atharokhota RF under Basugaon and Sabkata SF Beat range under Social Forestry Division, Kokrajhar under CAMPA APO 2025-26",Works,Open Tender,Works,Civil Works,No,No,NA ,10-Jan-2026 09:00 AM,NA ,180.0,No ,No,Online,29-Jan-2026 03:30 PM,Bodoland Territorial Council||Forests-BTC,kokrajhar,783370.0,2.0,"79,24,631",BIRKHANG BASUMATARY,"7,132,167.9",Rejected-Finance,13-Feb-2026,Bodoland Territorial Council||Forests-BTC
2025_PWD_48556_33,ARRBP/BR/01/2024/E696387/41,Dima Hasao/16 i) Br No. 10/1 on Asalu Wadrengdisa Road,Dima Hasao/16 Construction of Bridge in Dima Hasao District i) Br No. 10/1 on Asalu Wadrengdisa Road,Works,Open Tender,Item Rate,Civil Works - Bridges,No,No,NA ,14-Nov-2025 09:00 AM,21-Nov-2025 11:00 AM ,90.0,No ,No,Online,28-Nov-2025 02:30 PM,Public Works Roads Department,Dima Hasao District,788819.0,2.0,"1,58,91,000",Mona Kemprai,"16,677,600",Accepted-AOC,13-Feb-2026,Public Works Roads Department
2025_PWD_45408_130,CE/DEV/TB/60/2025-26/01 Dtd- 21.06.2025,"MMPPNA_RIDF_XXXI_25_26_146 Construction of (i) Road from Loramukh Tiniali to Loramukh Namghar (Ch 0.00 m to Ch 1300.00 m), (ii) 2 No. Rongabononi Road (Ch 0.00 m to Ch 1300.00 m), (iii) Road from Gharbandi Bamunpukhuri to Bamunpukhuri ME School (Ch 0","MMPPNA_RIDF_XXXI_25_26_146 Construction of (i) Road from Loramukh Tiniali to Loramukh Namghar (Ch 0.00 m to Ch 1300.00 m), (ii) 2 No. Rongabononi Road (Ch 0.00 m to Ch 1300.00 m), (iii) Road from Gharbandi Bamunpukhuri to Bamunpukhuri ME School (Ch 0",Works,Open Tender,Item Rate,Civil Works – Roads,No,No,NA ,14-Jul-2025 06:00 PM,17-Jul-2025 12:00 PM ,180.0,No ,No,Online,28-Jul-2025 02:30 PM,Public Works Roads Department,Tingkhong,786612.0,2.0,"3,52,00,000",Anuj Saikia,"35,198,900",Accepted-AOC,02-Feb-2026,Public Works Roads Department
2026_PWBNH_50523_1,SE/BII/Tech/DrugsControl,"Supply and installation of furnitures with file cabinet rack and 24 seater conference table along with electrical works at new State HQ building of Drugs Control Administration, Hengrabari, Guwahati-36","Supply and installation of furnitures with file cabinet rack and 24 seater conference table along with electrical works at new State HQ building of Drugs Control Administration, Hengrabari, Guwahati-36",Works,Open Tender,Item Wise,Civil Works - Building,No,No,NA ,23-Jan-2026 12:00 PM,28-Jan-2026 12:00 PM ,180.0,No ,No,Online,13-Feb-2026 04:30 PM,Public Works Building and NH Department||Chief Engineer-Building - PWBNH||SE-Guwahati Circle-2 - PWBNH,"Hengrabari, Guwahati",781036.0,2.0,"1,11,14,036",Pranita Das Gogoi and Co,"11,109,036",Rejected-AOC,24-Feb-2026,Public Works Building and NH Department||Chief Engineer-Building - PWBNH||SE-Guwahati Circle-2 - PWBNH
2026_WPTBC_50198_1,SCDCRatnadhajPalGuestHouse,Construction of Ratnadhaj Pal Guest House at Golaghat (Phase I),Construction of Ratnadhaj Pal Guest House at Golaghat (Phase I),Works,Open Tender,Item Rate,Civil Works,No,No,NA ,12-Jan-2026 06:15 PM,NA ,180.0,No ,No,Online,20-Jan-2026 03:00 PM,Welfare of Plain Tribes and Backward Classes||Directorate of Welfare of Scheduled Caste||Assam State Development Corporation for SC,"DISPUR, GHY-06",781006.0,2.0,"1,10,00,000",PRATIM GOGOI,"11,000,000",Rejected-Technical,27-Feb-2026,Welfare of Plain Tribes and Backward Classes||Directorate of Welfare of Scheduled Caste||Assam State Development Corporation for SC
2025_PWD_45926_137,CE/DEV/TB/60/2025-26/06 Dtd- 14.07.2025,"MMPPNA_RIDF_XXXI_25_26_291 Construction of road from (1) Road from Teok 2 No. Bashbari Road (opp. Bengarden School), (2) Lahdoigorh Road to Lakhibari Road under Mukhya Mantir Paki Path Nirman Achani (MMPPNA) under RIDF-XXXI of NABARD for the year 202","MMPPNA_RIDF_XXXI_25_26_291 Construction of road from (1) Road from Teok 2 No. Bashbari Road (opp. Bengarden School), (2) Lahdoigorh Road to Lakhibari Road under Mukhya Mantir Paki Path Nirman Achani (MMPPNA) under RIDF-XXXI of NABARD for the year 202",Works,Open Tender,Item Rate,Civil Works – Roads,No,No,NA ,31-Jul-2025 06:00 PM,04-Aug-2025 12:00 PM ,180.0,No ,No,Online,14-Aug-2025 02:30 PM,Public Works Roads Department,Mariani,785634.0,2.0,"3,16,08,000",MRIGEN BORUAH,"31,607,500",Rejected-Finance,03-Feb-2026,Public Works Roads Department
2025_PWRDW_45898_12,CE/EAP/ARRBP/BR/01/2024/16,CE/EAP/Bridge1/Karimganj/14 Br No. 1/1 on Pathu PWD Road,CE/EAP/ARRBP/OCB/Bridge1/Karimganj/14 Construction of Bridge in Karimganj District i) Br No. 1/1 on Pathu PWD Road To Sajpur,Works,Open Tender,Item Rate,Civil Works - Bridges,No,No,NA ,25-Jul-2025 09:55 AM,02-Aug-2025 11:00 AM ,90.0,No ,No,Online,14-Aug-2025 02:30 PM,Public Works Roads Department-Externally Aided Project||Public Works Road Department- World Bank Funded Tenders||Assam State Bridge Infrastructure Program,Karimganj District,788710.0,2.0,"1,55,24,000",NANDAN DAS,"16,298,011",Rejected-Technical,05-Feb-2026,Public Works Roads Department-Externally Aided Project||Public Works Road Department- World Bank Funded Tenders||Assam State Bridge Infrastructure Program
2025_GMC_47796_3,GER/CE/2505/2025/17 Dated_25/09/2025,Construction of Toilet under Ward No-45,Construction of Various Toilet under Guwahati Municipal Corporation,Works,Open Tender,Lump-sum,Civil Works,No,No,NA ,03-Oct-2025 06:00 PM,08-Oct-2025 12:00 PM ,120.0,No ,No,Online,24-Oct-2025 02:30 PM,Guwahati Municipal Corporation,Guwahati,781006.0,2.0,,Matiur Rahman,"1,560,000",Rejected-AOC,04-Feb-2026,Guwahati Municipal Corporation
2025_PWD_48899_2,CE/DEV/TB/116/2025-26/67 Dtd- 20.11.2025,ASOM_MALA_3.0_25_26_65 Improvement and Upgradation of road from Urigaon Chariali to Borghat Chariali via Dimaruguri Tiniali and Morikolong Chariali Road (Length -9.90 KM) under Asom Mala 3.0 for the year 2025-26,ASOM_MALA_3.0_25_26_65 Improvement and Upgradation of road from Urigaon Chariali to Borghat Chariali via Dimaruguri Tiniali and Morikolong Chariali Road (Length -9.90 KM) under Asom Mala 3.0 for the year 2025-26,Works,Open Tender,Item Rate,Civil Works – Roads,No,No,NA ,27-Nov-2025 06:55 PM,03-Dec-2025 12:00 PM ,180.0,No ,No,Online,16-Dec-2025 02:30 PM,Public Works Roads Department,Nagaon,782001.0,2.0,"29,84,52,000",SANWARMAL KHETAWAT,"298,450,821.33",Rejected-Finance,07-Feb-2026,Public Works Roads Department
2025_PWD_45408_6,CE/DEV/TB/60/2025-26/01 Dtd- 21.06.2025,MMPPNA_RIDF_XXXI_25_26_86 Construction of road from (1) Majuli road to Pohardia (Upper Sonowal New Road) (2) Bebejia to Kuli Chapori (from Ch. 0.00m to Ch. 1050.00m) under Mukhya Mantrir Paki Path Nirman Achani (MMPPNA) under RIDF-XXXI of NABARD for,MMPPNA_RIDF_XXXI_25_26_86 Construction of road from (1) Majuli road to Pohardia (Upper Sonowal New Road) (2) Bebejia to Kuli Chapori (from Ch. 0.00m to Ch. 1050.00m) under Mukhya Mantrir Paki Path Nirman Achani (MMPPNA) under RIDF-XXXI of NABARD for,Works,Open Tender,Item Rate,Civil Works – Roads,No,No,NA ,08-Jul-2025 09:00 AM,17-Jul-2025 12:00 PM ,180.0,No ,No,Online,28-Jul-2025 02:30 PM,Public Works Roads Department,Majuli,785106.0,2.0,"2,18,20,000",Sri Surjya Kumar Bhuyan,"21,818,137",Rejected-Finance,03-Feb-2026,Public Works Roads Department
2026_PWD_49837_1,CE/DEV/TB/120/2025-26/38 Dtd- 17.12.2025,SOPD_G_25_26_49 Construction of Approach Road from Silchar Hailakandi Road at Ghungoor (SH-39) to Ghungoor Dairy at Veterinary Campus of Silchar under SOPD-G for the year 2025-2026.,SOPD_G_25_26_49 Construction of Approach Road from Silchar Hailakandi Road at Ghungoor (SH-39) to Ghungoor Dairy at Veterinary Campus of Silchar under SOPD-G for the year 2025-2026.,Works,Open Tender,Item Rate,Civil Works – Roads,No,No,NA ,01-Jan-2026 06:00 PM,01-Jan-2026 06:15 PM ,180.0,No ,No,Online,12-Jan-2026 02:30 PM,Public Works Roads Department,Borkhola,788110.0,2.0,"2,30,44,000",Pragati Enterprise,"23,043,000",Accepted-AOC,12-Feb-2026,Public Works Roads Department
2025_PWD_47639_1,CE/STBR/SOPD G/NIT/O7/2025-26/27 Dtd. 19-09-2025,"STBR/SOPD G/Algapur-Kalticherra-01/01 (1) Improvement Of PMGSY Road (Package No 02) Kanchanpur Road Via Chunibasti to Kanchanpur RA, (L 1.089 km), (ii) Construction of Road Starting from PMGSY Road (Package No. 02) Kanchanpur PWD Road to Tel Katta Kh","STBR/SOPD-G/Algapur-Kalticherra-01/01 (1) Improvement Of PMGSY Road (Package No 02) Kanchanpur Road Via Chunibasti to Kanchanpur RA, (L 1.089 km), (ii) Construction of Road Starting from PMGSY Road (Package No. 02) Kanchanpur PWD Road to Tel Katta Kh",Works,Open Tender,Item Rate,Civil Works – Roads,No,No,NA ,22-Sep-2025 10:30 AM,26-Sep-2025 11:00 AM ,180.0,No ,No,Online,09-Oct-2025 11:00 AM,Public Works Roads Department,Algapur,788025.0,2.0,"1,56,84,000",NACHIR UDDIN LASKAR,"15,683,578",Accepted-AOC,09-Feb-2026,Public Works Roads Department
2025_PWRDW_45485_4,CE/EAP/ARRBP01TENDERS2024/66A,Construction of Bridges in Biswanath district i) Br. No. 1/1 on Kathaldonga to Gajalbari Hospital Road,CE/EAP/ARRBP/OCB/Bridge-1/Biswanath/10 Construction of Bridges in Biswanath district i) Br. No. 1/1 on Kathaldonga to Gajalbari Hospital Road,Works,Open Tender,Item Rate,Civil Works - Bridges,No,No,NA ,11-Jul-2025 09:00 AM,18-Jul-2025 11:00 AM ,180.0,No ,No,Online,11-Aug-2025 02:30 PM,Public Works Roads Department-Externally Aided Project||Public Works Road Department- World Bank Funded Tenders||Assam State Bridge Infrastructure Program,Biswanath,784176.0,2.0,"2,94,01,000",Rupi Hazarika,"27,580,468.25",Rejected-Finance,10-Feb-2026,Public Works Roads Department-Externally Aided Project||Public Works Road Department- World Bank Funded Tenders||Assam State Bridge Infrastructure Program
2025_PWD_45820_4,CE/STBR/SOPD-G/NIT/07/2025 26/1 Dated 26-06-2025,"STBR/SOPD-G/Udharbond-04/04 (I) Improvement of road from 1st Km of Doyapur Arkatipore road to Chappanhal via Baghmara, (L 0.720 km), (II) Improvement of Road from Endogram Gate to Jhulanpool, (L 0.670 km), (III) Improvement of Chappanhal Hospital Roa","STBR/SOPD-G/Udharbond-04/04 (I) Improvement of road from 1st Km of Doyapur Arkatipore road to Chappanhal via Baghmara, (L 0.720 km), (II) Improvement of Road from Endogram Gate to Jhulanpool, (L 0.670 km), (III) Improvement of Chappanhal Hospital Roa",Works,Open Tender,Item Rate,Civil Works – Roads,No,No,NA ,22-Jul-2025 12:00 PM,30-Jul-2025 11:00 AM ,180.0,No ,No,Online,11-Aug-2025 11:00 AM,Public Works Roads Department,Udharbond,788030.0,2.0,"2,09,10,000",Utpal Das,"20,905,784",Rejected-AOC,20-Feb-2026,Public Works Roads Department
2025_PWD_45399_22,CE/DEV/TB/54/2025-26/01 Dtd- 13.06.2025,MMUPPNA_RIDF_XXXI_25_26_27 Improvement/Widening of Road from Mission Chariali to ASTC via Tribeni (Tezpur Main Road) (Ch. 0.00m to Ch. 4600.00m) under Mukhya Mantrir Unnoto Paki Path Nirman Achani (MMUPPNA) under RIDF-XXXI of NABARD for the year 2025,MMUPPNA_RIDF_XXXI_25_26_27 Improvement/Widening of Road from Mission Chariali to ASTC via Tribeni (Tezpur Main Road) (Ch. 0.00m to Ch. 4600.00m) under Mukhya Mantrir Unnoto Paki Path Nirman Achani (MMUPPNA) under RIDF-XXXI of NABARD for the year 2025,Works,Open Tender,Item Rate,Civil Works – Roads,No,No,NA ,07-Jul-2025 09:00 AM,14-Jul-2025 12:00 PM ,180.0,No ,No,Online,25-Jul-2025 02:30 PM,Public Works Roads Department,Tezpur,784001.0,2.0,"4,15,00,000",Mousum Bora,"41,499,990",Accepted-AOC,06-Feb-2026,Public Works Roads Department
2025_PWD_47009_1,Tech/2083 dated 18/08/2025,Restoration of SPT Bridge at Kumtibari-Bathan road over Baralia river under SOPD-G for the year 2025-26,Restoration of SPT Bridge at Kumtibari-Bathan road over Baralia river under SOPD-G for the year 2025-26 Pkg no. NKTRD(R)/ SOPD(G)/ 2025-26/17,Works,Open Tender,Item Rate,Civil Works - Bridges,No,No,NA ,27-Aug-2025 11:00 AM,27-Aug-2025 12:00 PM ,180.0,No ,No,Online,08-Sep-2025 01:00 PM,Public Works Roads Department,Rangia LAC,781354.0,2.0,"9,93,000",SRI RIPUL CHANDRA DEKA,"878,803",Rejected-AOC,25-Feb-2026,Public Works Roads Department
2025_PWD_47084_8,CE/DEV/TB/60/2025-26/19 Dtd- 20.08.2025,MMPPNA_RIDF_XXXI_25_26_510 Improvement of Road from NH-115 7 No Shantipur to Ghuramara LP School Connecting Road under Mukhya Mantrir Paki Path Nirman Achani (MMPPNA) under RIDF-XXXI of NABARD for the year 2025-26.,MMPPNA_RIDF_XXXI_25_26_510 Improvement of Road from NH-115 7 No Shantipur to Ghuramara LP School Connecting Road under Mukhya Mantrir Paki Path Nirman Achani (MMPPNA) under RIDF-XXXI of NABARD for the year 2025-26.,Works,Open Tender,Item Rate,Civil Works – Roads,No,No,NA ,29-Aug-2025 09:00 AM,04-Sep-2025 12:00 PM ,180.0,No ,No,Online,19-Sep-2025 02:30 PM,Public Works Roads Department,Sadia,786155.0,2.0,"2,16,03,000",SHAILENDRA SINGH,"21,600,000",Rejected-Finance,20-Feb-2026,Public Works Roads Department
2025_FD_47395_1,AFD(SM)-36/PMMSY/2023-24/169,Supply of Rice Polish for PEN Culture and Paddy cum Fish Culture,Rice Polish for PEN Culture and Paddy cum Fish Culture,Goods,Open Tender,Supply,Crop Products,No,No,NA ,10-Sep-2025 10:00 AM,NA ,180.0,No ,No,Online,08-Oct-2025 01:00 PM,Department of Fisheries||Directorate of Fisheries Assam||DDF LAZ Howly||DFDO South Salmara,SOUTH SALMARA MANKACHAR,783135.0,2.0,"1,50,000",Mogit Farocky,"135,000",Not Admitted-Fee/PreQual/Technical,05-Feb-2026,Department of Fisheries||Directorate of Fisheries Assam||DDF LAZ Howly||DFDO South Salmara
2025_PWD_48060_4,CE/MAINT/SOPDG/01/2025-26/40,MAINT/SOPD-G/2025-26/124,MAINT/SOPD-G/2025-26/124_1_Reconstruction of Road from NH_17 to Maslam Road and 2_Reconstruction of Road from Daranggiri to Santipur via Jakuwapara Road of MMPNA under SOPD_G for the year 2025_26 of Goalpara District_15 Dudhnoi ST LAC_,Works,Open Tender,Item Rate,Civil Works – Roads,No,No,NA ,16-Oct-2025 02:00 PM,17-Oct-2025 12:00 PM ,180.0,No ,No,Online,31-Oct-2025 04:00 PM,Public Works Roads Department,Goalpara,783124.0,2.0,"1,08,16,000",KAMAL MEDHI,"9,193,600",Rejected-Finance,26-Feb-2026,Public Works Roads Department
2025_PWRDW_46124_14,RFB No CE/EAP/ARRBP/02/TENDERS/2024/ 47,Construction of Bridge in Chirang district Br no 2/1 Ravapara Kakragaon Road,CE/EAP/ARRBP/OCB/Bridge1/Chirang/14 Construction of Bridge in Chirang district Br no 2/1 Ravapara Kakragaon Road,Works,Open Tender,Item Rate,Civil Works - Bridges,No,No,NA ,08-Aug-2025 05:00 PM,19-Aug-2025 11:00 AM ,180.0,No ,No,Online,04-Sep-2025 02:30 PM,Public Works Roads Department-Externally Aided Project||Public Works Road Department- World Bank Funded Tenders||Assam State Bridge Infrastructure Program,Chirang district,783385.0,2.0,"4,88,76,000",PADMAVATI CONSTRUCTION,"51,319,000",Rejected-Finance,12-Feb-2026,Public Works Roads Department-Externally Aided Project||Public Works Road Department- World Bank Funded Tenders||Assam State Bridge Infrastructure Program
2018_PWBNH_7921_1,ADP/13/2018/05 dtd. 09/07/2018_Auditorium,Construction of Auditorium cum Cultural Complex Centre at Jengraimukh_ Majuli under Infrastructure Development Scheme,"Construction of Auditorium cum Cultural Complex/ Centre at Jengraimukh, Majuli under Infrastructure Development Scheme",Works,Open Tender,Works,Civil Works - Building,No,No,NA ,17-Jul-2018 02:30 PM,20-Jul-2018 12:00 PM ,180.0,No ,No,Offline,25-Jul-2018 01:00 PM,Public Works Building and NH Department||Chief Engineer-Building - PWBNH,"Jengraimukh,Majuli",785105.0,2.0,"1,53,08,536",SRI DUL SAIKIA,"16,686,317",Rejected-AOC,11-Feb-2026,Public Works Building and NH Department||Chief Engineer-Building - PWBNH
2025_SEED_45997_1,ASDM-3682/2025/Dima Hasao,Dima Hasao PLSDTP,Dima Hasao PLSDTP,Services,Open Tender,EOI,Miscellaneous Services,No,No,NA ,28-Jul-2025 05:00 PM,NA ,180.0,No ,No,Online,20-Aug-2025 01:00 PM,Skill Employment and Entrepreneurship Department||Assam Skill Development Mission,Assam Skill Development Mission,781035.0,1.0,"7,91,550",AISECT Limited,"776,550",Accepted-AOC,04-Feb-2026,Skill Employment and Entrepreneurship Department||Assam Skill Development Mission
2026_WPTBC_50490_1,scdc/tech/ac/2025-26,"Construction of Additional Classroom of Tupia Panchgaon Academy, Naduar LAC, Sonitpur District","Construction of Additional Classroom of Tupia Panchgaon Academy, Naduar LAC, Sonitpur District",Works,Open Tender,Item Rate,Civil Works,No,No,NA ,22-Jan-2026 04:00 PM,NA ,180.0,No ,No,Online,30-Jan-2026 03:00 PM,Welfare of Plain Tribes and Backward Classes||Directorate of Welfare of Scheduled Caste||Assam State Development Corporation for SC,Sonitpur,781006.0,2.0,"50,00,000",M/S U A ENTERPRISE,"5,000,000",Accepted-AOC,20-Feb-2026,Welfare of Plain Tribes and Backward Classes||Directorate of Welfare of Scheduled Caste||Assam State Development Corporation for SC
2026_WPTBC_50041_1,PTDC/Engg/2024-25/463/02,Construction of Hostel at Colleges at 20 District of Assam,"Construction of Hostel at Colleges at 20 District of Assam under Article 275 (I) of the Constitution of India during the year 2025-26 (Chaiduar College, Biswanath).",Works,Open Tender,Works,Civil Works,No,No,NA ,08-Jan-2026 09:00 AM,12-Jan-2026 12:00 PM ,180.0,No ,No,Online,26-Jan-2026 03:00 PM,Welfare of Plain Tribes and Backward Classes||Director - WPT and BC,Biswanath,784176.0,2.0,"1,00,00,000",Pradip Patir,"9,999,500",Accepted-AOC,19-Feb-2026,Welfare of Plain Tribes and Backward Classes||Director - WPT and BC
2025_PWBNH_48218_1,CS/SE (B-I)/161/2025-26/600-606 Dated 17th October 2025,"Construction of New Assam House, at Sector-l3, Dwarka, New Delhi (Furniture and Interior Works","Construction of New Assam House, at Sector-l3, Dwarka, New Delhi (Furniture and Interior Works",Works,Open Tender,Item Rate,Civil Works - Building,No,No,NA ,24-Oct-2025 02:00 PM,03-Nov-2025 11:00 AM ,180.0,No ,No,Online,14-Nov-2025 03:00 PM,Public Works Building and NH Department||Chief Engineer-Building - PWBNH||SE-Guwahati Circle-2 - PWBNH||EE- Guwahati Building Division-2 - PWBNH,New Delhi,110075.0,2.0,"1,71,81,414",AVR INFRASPACE PRIVATE LIMITED,"15,587,370",Accepted-AOC,24-Feb-2026,Public Works Building and NH Department||Chief Engineer-Building - PWBNH||SE-Guwahati Circle-2 - PWBNH||EE- Guwahati Building Division-2 - PWBNH
2025_PWD_45554_25,CE/STBR/09/NIT/RIDF-XXXI/2025 26/1 Dated 24-06-2025,STBR/RIDF-XXXI/DHAKUAKHANA 01/25 Construction of RCC Bridge No. 3/1 on road from Katharbari to Krishnapur under Mukhya Mantrir Unnata Paki Path Nirman Achani (MMUPPNA)under RIDF-XXXI of NABARD for the year 2025-26,STBR/RIDF-XXXI/DHAKUAKHANA 01/25 Construction of RCC Bridge No. 3/1 on road from Katharbari to Krishnapur under Mukhya Mantrir Unnata Paki Path Nirman Achani (MMUPPNA)under RIDF-XXXI of NABARD for the year 2025-26,Works,Open Tender,Item Rate,Civil Works – Roads,No,No,NA ,17-Jul-2025 12:00 PM,18-Jul-2025 11:00 AM ,180.0,No ,No,Online,01-Aug-2025 11:00 AM,Public Works Roads Department,DHAKUAKHANA,787055.0,2.0,"12,45,95,000",Ashok Kumar Agarwalla,"124,523,135",Accepted-AOC,07-Feb-2026,Public Works Roads Department
2025_PWHE_48123_1,IN-ASSAM PWD-510362-CW-RFB,Package No. 25 Construction of Class Rooms under Assam School Education and Adolescent Well-Being Project (ASAP) under Kokrajhar and Chirang DTBD for i. Athiabari ME School ii. Telipara ME School iii. Mahendrapur ME School (NP) iv. Ballimari Shilvaji,Package No. 25 Construction of Class Rooms under Assam School Education and Adolescent Well-Being Project (ASAP) under Kokrajhar and Chirang DTBD for i. Athiabari ME School ii. Telipara ME School iii. Mahendrapur ME School (NP) iv. Ballimari Shilvaji,Works,Open Tender,Item Rate,Civil Works - Building,No,No,NA ,17-Oct-2025 01:00 PM,21-Oct-2025 11:30 AM ,180.0,No ,No,Online,31-Oct-2025 05:00 PM,Public Works Health and Education Department-Externally Aided Project||Public Works Health and Education Department-WB,Kokrajhar,783370.0,2.0,"19,14,56,670",Power Tools and Engineering,"209,588,800",Rejected-AOC,12-Feb-2026,Public Works Health and Education Department-Externally Aided Project||Public Works Health and Education Department-WB
2025_PWD_45554_19,CE/STBR/09/NIT/RIDF-XXXI/2025 26/1 Dated 24-06-2025,STBR/RIDF-XXXI/BEHALI-05/19 Construction of RCC Br. No. 2/1 on Nalinibari to Posagula Road under Mukhya Mantrir Unnata Paki Path Nirman Achani (MMUPPNA) under RIDF-XXXI of NABARD for the year 2025-26 under Biswanath District Territorial Road Divisio,STBR/RIDF-XXXI/BEHALI-05/19 Construction of RCC Br. No. 2/1 on Nalinibari to Posagula Road under Mukhya Mantrir Unnata Paki Path Nirman Achani (MMUPPNA) under RIDF-XXXI of NABARD for the year 2025-26 under Biswanath District Territorial Road Divisio,Works,Open Tender,Item Rate,Civil Works – Roads,No,No,NA ,17-Jul-2025 12:00 PM,18-Jul-2025 11:00 AM ,180.0,No ,No,Online,01-Aug-2025 11:00 AM,Public Works Roads Department,BEHALI,784166.0,2.0,"1,78,10,400",SAILAJA COMMERCIAL CONSTRUCTION PVT LTD,"17,810,400",Rejected-AOC,21-Feb-2026,Public Works Roads Department
2025_PWD_46331_1,CE/DEV/TB/116/2025-26/01 Dtd- 29.07.2025,ASOM_MALA_ 3.0_25_26_01 Improvement and Upgradation of SH-43 (Narayanpur-Bihpuria- Laluk Road) (From Ch-0.00 Km to Ch-25.05 Km) under ASOM MALA 3.0 for the year 2025-26.,ASOM_MALA_ 3.0_25_26_01 Improvement and Upgradation of SH-43 (Narayanpur-Bihpuria- Laluk Road) (From Ch-0.00 Km to Ch-25.05 Km) under ASOM MALA 3.0 for the year 2025-26.,Works,Open Tender,Item Rate,Civil Works – Roads,No,No,NA ,13-Aug-2025 09:00 AM,16-Aug-2025 12:00 PM ,180.0,No ,No,Online,29-Aug-2025 02:30 PM,Public Works Roads Department,Lakhimpur,787001.0,2.0,"27,46,06,000",SAILAJA COMMERCIAL CONSTRUCTION PVT LTD,"274,581,000",Rejected-Finance,23-Feb-2026,Public Works Roads Department
2025_PWD_45408_14,CE/DEV/TB/60/2025-26/01 Dtd- 21.06.2025,"MMPPNA_RIDF_XXXI_25_26_92 Construction of (i) Construction of kherbari Path road, (ii) Ouguri to Majhibasti conecting road, (iii) road from Doimukhiya Jokaichuk connecting road to Bilem Tiniali connecting road via Keseruguri Prathamik Jokaichuk Vidya","MMPPNA_RIDF_XXXI_25_26_92 Construction of (i) Construction of kherbari Path road, (ii) Ouguri to Majhibasti conecting road, (iii) road from Doimukhiya Jokaichuk connecting road to Bilem Tiniali connecting road via Keseruguri Prathamik Jokaichuk Vidya",Works,Open Tender,Item Rate,Civil Works – Roads,No,No,NA ,08-Jul-2025 02:00 PM,17-Jul-2025 12:00 PM ,180.0,No ,No,Online,28-Jul-2025 02:30 PM,Public Works Roads Department,Makum,786170.0,2.0,"3,79,88,000",SULABH DOHUTIA,"37,988,000",Accepted-AOC,20-Feb-2026,Public Works Roads Department
2025_PWD_45926_133,CE/DEV/TB/60/2025-26/06 Dtd- 14.07.2025,"MMPPNA_RIDF_XXXI_25_26_287 Construction of Road from (1) Goalgaon to Arunamukh via Ajarguri of Bori Gaon Village, (2) Balama Lahan Gaon to Gohain Gaon, (3) Tamulichiga Gaon to Chaparichuk under Mukhya Mantir Paki Path Nirman Achani (MMPPNA) under RID","MMPPNA_RIDF_XXXI_25_26_287 Construction of Road from (1) Goalgaon to Arunamukh via Ajarguri of Bori Gaon Village, (2) Balama Lahan Gaon to Gohain Gaon, (3) Tamulichiga Gaon to Chaparichuk under Mukhya Mantir Paki Path Nirman Achani (MMPPNA) under RID",Works,Open Tender,Item Rate,Civil Works – Roads,No,No,NA ,31-Jul-2025 06:00 PM,04-Aug-2025 12:00 PM ,180.0,No ,No,Online,14-Aug-2025 02:30 PM,Public Works Roads Department,Mariani,785634.0,2.0,"3,85,25,600",Sri Subhasish Das,"38,525,000",Rejected-Finance,02-Feb-2026,Public Works Roads Department
2025_NHM_46221_7,NHM/ECF/254257,Construction of Block Public Health Unit at various places of Assam under FC FV Health Grant for FY 2023 24 under NHM Assam GELEKEY BPHC in Bongaigaon district,Construction of Block Public Health Unit at various places of Assam under FC FV Health Grant for FY 2023 24 under NHM Assam GELEKEY BPHC in Bongaigaon district,Works,Open Tender,Item Rate,Civil Works - Building,No,No,NA ,07-Aug-2025 03:00 PM,NA ,180.0,No ,No,Online,22-Aug-2025 02:00 PM,National Health Mission||State Programme Management Unit - NHM,GELEKEY BPHC in Bongaigaon district,781028.0,2.0,"49,99,919",M/S SAMARTH ENTERPRISES,"4,499,927",Rejected-Technical,27-Feb-2026,National Health Mission||State Programme Management Unit - NHM
2025_PWD_45408_108,CE/DEV/TB/60/2025-26/01 Dtd- 21.06.2025,MMPPNA_RIDF_XXXI_25_26_66 Construction of Amingaon Kalibari Road including Left Byelane with RCC Load Bearing Drain under Mukhya Mandir Paki Path Nirman Achani (MMPPNA) under RIDF-XXXI of NABARD for the year 2025-26,MMPPNA_RIDF_XXXI_25_26_66 Construction of Amingaon Kalibari Road including Left Byelane with RCC Load Bearing Drain under Mukhya Mandir Paki Path Nirman Achani (MMPPNA) under RIDF-XXXI of NABARD for the year 2025-26,Works,Open Tender,Item Rate,Civil Works – Roads,No,No,NA ,11-Jul-2025 06:00 PM,17-Jul-2025 12:00 PM ,180.0,No ,No,Online,28-Jul-2025 02:30 PM,Public Works Roads Department,Hajo-Sualkuchi,781103.0,2.0,"6,60,15,000",SHERUKHAN,"66,014,500",Rejected-Finance,11-Feb-2026,Public Works Roads Department
2025_PWD_46685_35,CE/DEV/TB/60/2025-26/13 Dtd- 31.07.2025,MMPPNA_RIDF_XXXI_25_26_377 Construction of Road from DSC road to Nopak killing Gaon under Mukhya Mantrir Pakipath Nirman Achani (MMPPNA) under RIDF - XXXI of NABARDfor the Year 2025-26,MMPPNA_RIDF_XXXI_25_26_377 Construction of Road from DSC road to Nopak killing Gaon under Mukhya Mantrir Pakipath Nirman Achani (MMPPNA) under RIDF - XXXI of NABARDfor the Year 2025-26,Works,Open Tender,Item Rate,Civil Works – Roads,No,No,NA ,21-Aug-2025 02:00 PM,21-Aug-2025 03:00 PM ,180.0,No ,No,Online,09-Sep-2025 02:30 PM,Public Works Roads Department,Karbi Anglong,782410.0,2.0,"1,51,13,000",M/s R.D.Constructions,"15,103,592",Accepted-AOC,20-Feb-2026,Public Works Roads Department
2025_FD_47391_1,AFD(SM)-36/PMMSY/2023-24/169,Supply of Formulated Fish Feed,Formulated Fish Feed (4mm pelleted with 26-28 Percentage CP)-under components for Inputs for Fresh Water Aquaculture (Floating Feed and Sinking Feed (50-50),Goods,Open Tender,Supply,Crop Products,No,No,NA ,10-Sep-2025 10:00 AM,NA ,180.0,No ,No,Online,08-Oct-2025 01:00 PM,Department of Fisheries||Directorate of Fisheries Assam||DDF LAZ Howly||DFDO South Salmara,SOUTH SALMARA MANKACHAR,783135.0,2.0,"18,20,000",Mogit Farocky,"1,638,001.1",Not Admitted-Fee/PreQual/Technical,05-Feb-2026,Department of Fisheries||Directorate of Fisheries Assam||DDF LAZ Howly||DFDO South Salmara
2025_PWBNH_49609_1,CE/TB-III(B)/100/2025/10 Dated Guwahati the 8th Dec 2025,"Additional Estimate for Construction of Dr. Bhupen Hazarika Kalatirtha at Panigaon Nogaon, Assam (Phase I)","Additional Estimate for Construction of Dr. Bhupen Hazarika Kalatirtha at Panigaon Nogaon, Assam (Phase I)",Works,Open Tender,Item Rate,Civil Works - Building,No,No,NA ,23-Dec-2025 06:00 PM,24-Dec-2025 11:00 AM ,180.0,No ,No,Online,06-Jan-2026 03:00 PM,Public Works Building and NH Department||Chief Engineer-Building - PWBNH,Nagaon,781303.0,2.0,"3,30,07,135",UCN CONSTRUCTION COMPANY PRIVATE LIMITED,"33,000,000",Rejected-AOC,26-Feb-2026,Public Works Building and NH Department||Chief Engineer-Building - PWBNH
2025_DoWR_47308_1,KAMRUP METRO/2025-26/FFM/XVI,Procurement of flood fighting materials (PSC Porcupine) for Water Resources Department for the year 2025-26 (Northern Assam Zone) Ph-II.,Procurement of flood fighting materials (PSC Porcupine) for Water Resources Department for the year 2025-26 (Northern Assam Zone) Ph-II.,Goods,Open Tender,Supply,Supply of Materials,No,No,NA ,05-Sep-2025 06:55 PM,NA ,180.0,No ,No,Online,25-Sep-2025 03:00 PM,Department of Water Resources||Chief Engineer - DoWR,KAMRUP METRO,781008.0,2.0,"1,45,23,981",HEMEN KUMAR DUTTA,"13,071,699",Accepted-AOC,09-Feb-2026,Department of Water Resources||Chief Engineer - DoWR
2026_PWBNH_50317_1,SE/TB/TEN/05/2025-26/ 876 Dated 12.01.2026,"Site development of parade ground near SDO (Civil) office, Gohpur in Biswanath District","Site development of parade ground near SDO (Civil) office, Gohpur in Biswanath District",Works,Open Tender,Item Rate,Civil Works - Building,No,No,NA ,19-Jan-2026 02:00 PM,22-Jan-2026 12:00 PM ,180.0,No ,No,Online,10-Feb-2026 01:00 PM,Public Works Building and NH Department||Chief Engineer-Building - PWBNH||SE-Tezpur Circle - PWBNH,Gohpur,784168.0,2.0,"70,86,729",NAYAN JYOTI BORAH,"7,386,718",Rejected-AOC,25-Feb-2026,Public Works Building and NH Department||Chief Engineer-Building - PWBNH||SE-Tezpur Circle - PWBNH
2025_SEED_45957_1,ASDM-3698/2025/Morigaon,Morigaon PLSDTP,Morigaon PLSDTP,Services,Open Tender,EOI,Miscellaneous Services,No,No,NA ,28-Jul-2025 05:00 PM,NA ,180.0,No ,No,Online,20-Aug-2025 01:00 PM,Skill Employment and Entrepreneurship Department||Assam Skill Development Mission,Assam Skill Development Mission,781035.0,1.0,"12,75,900",ASSAM PROFESSIONAL ACADEMY SOCIETY,"1,260,900",Accepted-AOC,03-Feb-2026,Skill Employment and Entrepreneurship Department||Assam Skill Development Mission
2025_ID_48720_1,HSGCDI(TECH)09/2025/03 dtd. 17/11/2025,INSTALLATION OF SOLAR POWERED MDTW SCHEME( 2POINTS) AT HAJO- SUALKUCHI LAC UNDER SOPD-G FOR THE YEAR 2025-26,INSTALLATION OF SOLAR POWERED MDTW SCHEME( 2POINTS) AT HAJO SUALKUCHI LAC UNDER SOPD-G FOR THE YEAR 2025-26,Works,Open Tender,Item Wise,Civil Works,No,No,NA ,19-Nov-2025 05:00 PM,NA ,180.0,No ,No,Online,11-Dec-2025 04:00 PM,Irrigation Department||Chief Engineer(Minor Irrigation)-Irrigation Dept||Kamrup Circle||Hajo Jalukbari Division,Hajo Sualkuchi LAC,781102.0,2.0,"57,60,014",HIRANYA BEZBARUAH,"5,184,012.6",Rejected-AOC,07-Feb-2026,Irrigation Department||Chief Engineer(Minor Irrigation)-Irrigation Dept||Kamrup Circle||Hajo Jalukbari Division
2025_ID_49392_2,SIG/Q-102/2014/24 DTD 15/12/2025,Di-dieselization of Dhanua Raghupara DTWS (Point No-2),Di-dieselization of Dhanua Raghupara DTWS (Point No-2),Works,Open Tender,Item Rate,Civil Works - Others,No,No,NA ,16-Dec-2025 04:00 PM,23-Dec-2025 02:00 PM ,180.0,No ,No,Online,09-Jan-2026 11:00 AM,Irrigation Department||Chief Engineer(Major)-Irrigation Dept||Goalpara Circle,Fekamari Mankachar,783135.0,2.0,"21,03,000",Innus Ali,"1,892,700",Rejected-Technical,25-Feb-2026,Irrigation Department||Chief Engineer(Major)-Irrigation Dept||Goalpara Circle
2025_PWD_45554_6,CE/STBR/09/NIT/RIDF-XXXI/2025 26/1 Dated 24-06-2025,STBR/RIDF-XXXI/DHUBRI-01/06 Construction of RCC Bridge No. 1/1 on Road from 14th Km of Bandihana Majerchar Roa to Poyesti Chalakura Ghatpar under under Mukhya Mantrir Unnata Paki Path Nirman Achani (MMUPPNA) under RIDF-XXXI of NABARD for the year 20,STBR/RIDF-XXXI/DHUBRI-01/06 Construction of RCC Bridge No. 1/1 on Road from 14th Km of Bandihana Majerchar Roa to Poyesti Chalakura Ghatpar under under Mukhya Mantrir Unnata Paki Path Nirman Achani (MMUPPNA) under RIDF-XXXI of NABARD for the year 20,Works,Open Tender,Item Rate,Civil Works – Roads,No,No,NA ,14-Jul-2025 04:00 PM,17-Jul-2025 11:00 AM ,180.0,No ,No,Online,01-Aug-2025 11:00 AM,Public Works Roads Department,Dhubri,783301.0,2.0,"2,84,00,000",M/S Kusumbar Construction,"28,400,000",Accepted-AOC,07-Feb-2026,Public Works Roads Department
2025_PWD_49670_1,PWD/SPR/B.DEV./01/2025-26/01,"Construction of Laxmikachari Road in Chungajan MV Gaon Panchayat, Under Border Development Activities in the Inter State Border, 2023-24","Construction of Laxmikachari Road in Chungajan MV Gaon Panchayat, Under Border Development Activities in the Inter State Border, 2023-24",Works,Open Tender,Works,Civil Works – Roads,No,No,NA ,29-Dec-2025 02:15 PM,31-Dec-2025 12:00 PM ,180.0,No ,No,Online,08-Jan-2026 02:00 PM,Public Works Roads Department||Eastern Zone - PWRD||Golaghat Road Circle||Sarupathar Territorial Road Division,Sarupathar,785601.0,2.0,"29,98,000",MARUTI TRADE & CONSTRUCTION,"2,997,231",Accepted-AOC,22-Jan-2026,Public Works Roads Department||Eastern Zone - PWRD||Golaghat Road Circle||Sarupathar Territorial Road Division
2025_PWD_45827_91,CE/MAINT/SOPDG/01/2025-26/02,MAINT/SOPD-G/2025-26/106,"MAINT/SOPD-G/2025-26/106_1_Improvement of Road from Jharobori Joji Road to Haropara Part 3, 2_Improvement of Road from Jharobori Joji Road to Haropara Part 2, 3_Improvement of Road from Laduguri to Sulikata and 4_Improvement of Road from Joji to Ghor",Works,Open Tender,Item Rate,Civil Works – Roads,No,No,NA ,24-Jul-2025 12:00 PM,24-Jul-2025 12:00 PM ,180.0,No ,No,Online,14-Aug-2025 11:00 AM,Public Works Roads Department,Kamrup Rural,781123.0,2.0,"1,42,81,000",Sri Binay Kalita,"14,281,000",Rejected-Finance,06-Feb-2026,Public Works Roads Department
2026_PWD_49876_1,SDTRD/TB/NIT/11/2025-26/2522 DT. 31-12-2025,EE/SDTRD/SOPD-G/2025-26/01,Construction of 1 no. Udaipur to Nagaon road by providing ICBP under SOPD-G under Sivasagar and Demow Territorial Road Division for the year 2025-26 Demow LAC Length 1.610 Km,Works,Open Tender,Item Rate,Civil Works – Roads,No,No,NA ,03-Jan-2026 02:00 PM,NA ,180.0,No ,No,Online,16-Jan-2026 11:00 AM,Public Works Roads Department,Sivasagar,785640.0,2.0,"1,20,80,000",M/s LAXMI ENTERPRISE,"12,079,990",Rejected-AOC,11-Feb-2026,Public Works Roads Department
2025_PWD_47678_1,CE/DEV/TB/60/2025-26/40 Dtd- 16.09.2025,"MMPPNA_RIDF_XXXI_25_26_529 (i) Improvement of Road from (i) NEC Road at Sangmi Hanse to Langki IK L.P. School via Phang Adong , (ii) NH-39 at Hatigarh via DVN School Ch.0.00m to Ch.1000.00 m, (iii) 4-lane to Borlengri Sri Sri Durga Mandir,(iv) 4-l","MMPPNA_RIDF_XXXI_25_26_529 (i) Improvement of Road from (i) NEC Road at Sangmi Hanse to Langki IK L.P. School via Phang Adong , (ii) NH-39 at Hatigarh via DVN School Ch.0.00m to Ch.1000.00 m, (iii) 4-lane to Borlengri Sri Sri Durga Mandir,(iv) 4-l",Works,Open Tender,Item Rate,Civil Works – Roads,No,No,NA ,24-Sep-2025 06:00 PM,26-Sep-2025 12:00 PM ,180.0,No ,No,Online,08-Oct-2025 02:30 PM,Public Works Roads Department,Bokajan,782490.0,2.0,"10,99,44,000",Dulal Dutta and Sons,"109,944,000",Accepted-AOC,10-Feb-2026,Public Works Roads Department
2025_PWD_45820_101,CE/STBR/SOPD-G/NIT/07/2025 26/1 Dated 26-06-2025,STBR/SOPD-G/Jalukbari-25/64 Improvement of Road from Baruapara to Bhattapara road via Kheliapara under SOPD-G for the year 2025-26,STBR/SOPD-G/Jalukbari-25/64 Improvement of Road from Baruapara to Bhattapara road via Kheliapara under SOPD-G for the year 2025-26,Works,Open Tender,Item Rate,Civil Works – Roads,No,No,NA ,01-Aug-2025 06:00 PM,02-Aug-2025 11:00 AM ,180.0,No ,No,Online,19-Aug-2025 11:00 AM,Public Works Roads Department,Jalukbari,781013.0,2.0,"52,12,000",KAMAL THAKURIA,"5,212,000",Accepted-AOC,03-Feb-2026,Public Works Roads Department
2026_WPTBC_51124_1,SCDCKarbaDarbar,"Construction of Approach Road and Boundary Wall at Karbi Darbar, Sonapur, Dimoria LAC","Construction of Approach Road and Boundary Wall at Karbi Darbar, Sonapur, Dimoria LAC",Works,Open Tender,Item Rate,Civil Works,No,No,NA ,13-Feb-2026 02:30 PM,NA ,180.0,No ,No,Online,19-Feb-2026 02:00 PM,Welfare of Plain Tribes and Backward Classes||Directorate of Welfare of Scheduled Caste||Assam State Development Corporation for SC,"DISPUR, GHY-06",781006.0,2.0,"35,00,000",SHIV CONSTRUCTION CO,"3,500,000",Rejected-AOC,24-Feb-2026,Welfare of Plain Tribes and Backward Classes||Directorate of Welfare of Scheduled Caste||Assam State Development Corporation for SC
2025_PWD_45491_27,CE/Commn/16/2025-26/2,Sadia/ SOPD/1,"Imp of i)NH-15 rd to PNGB ii)Da pather Gyndai LP Schl to Hudo Poriya iii) Bor Mechi Ghat Tinali to Maithong river iv)Kosudup to Malbhog rd v) Borachuk bri vi) Maithong Sarbajanin High Schl Tinali to Gonoiguri Hahkati conn road,vii) Ubon Bihutoli",Works,Open Tender,Item Rate,Civil Works – Roads,No,No,NA ,11-Jul-2025 01:00 PM,18-Jul-2025 04:00 PM ,180.0,No ,No,Online,30-Jul-2025 02:30 PM,Public Works Roads Department,Sadia,786155.0,2.0,"1,41,87,000",HERAMBO GOGOI,"14,186,513",Rejected-AOC,17-Feb-2026,Public Works Roads Department
2025_PWD_45820_66,CE/STBR/SOPD-G/NIT/07/2025 26/1 Dated 26-06-2025,"STBR/SOPD G/Nagaon-Batadrava-02/09 Improvement of (1) NH-37 to Majpathori Buhachuk Road (Bhuhachuk to Bhutaigaon) (from Ch.0.00 m to 600.00m from Ch. 1310.00m to Ch. 2510.00), (2) Bhutaigaon Arjuntal Road Part 3 (NH-37 to Putoni via Rly track ) (fro","STBR/SOPD G/Nagaon-Batadrava-02/09 Improvement of (1) NH-37 to Majpathori Buhachuk Road (Bhuhachuk to Bhutaigaon) (from Ch.0.00 m to 600.00m from Ch. 1310.00m to Ch. 2510.00), (2) Bhutaigaon Arjuntal Road Part 3 (NH-37 to Putoni via Rly track ) (fro",Works,Open Tender,Item Rate,Civil Works – Roads,No,No,NA ,28-Jul-2025 04:00 PM,30-Jul-2025 11:00 AM ,180.0,No ,No,Online,11-Aug-2025 11:00 AM,Public Works Roads Department,Batadrava,782122.0,2.0,"2,46,11,700",Rishabh Jain,"24,610,777",Rejected-AOC,11-Feb-2026,Public Works Roads Department
2025_PHED_49502_1,SEPH/TEZ/TC-196/2025-26/ 1717-23 Dated 19/12/2025,Recovery and Reconstruction of Bachachuba PWSS under PDNA 2022 for the year 2025-26,Recovery and Reconstruction of Bachachuba PWSS under PDNA 2022 for the year 2025-26,Works,Open Tender,Item Rate,Civil Works - Water Works,No,No,NA ,20-Dec-2025 10:00 AM,23-Dec-2025 11:00 AM ,90.0,No ,No,Online,31-Dec-2025 03:00 PM,Public Health Engineering Department||Chief Engineer PHE(P)-Assam-PHED||North Assam Zone-Tezpur-PHED||Tezpur Circle-Tezpur-PHED,"Bachachuba, Sipajhar",784145.0,2.0,"31,70,000",SRI BIMAL CH DEKA,"3,169,790",Rejected-Finance,02-Feb-2026,Public Health Engineering Department||Chief Engineer PHE(P)-Assam-PHED||North Assam Zone-Tezpur-PHED||Tezpur Circle-Tezpur-PHED
2024_PWRDW_41734_4,CEEAPARRBP02TENDERS2024/33,Construction of Bridge in Goalpara district i.Br. No. 3/1 on NH-37 to Thepranpara Road,CE/EAP/ARRBP/OCB/Bridge-1/Goalpara/11 Construction of Bridge in Goalpara district i.Br. No. 3/1 on NH-37 to Thepranpara Road,Works,Open Tender,Item Rate,Civil Works,No,No,NA ,27-Dec-2024 06:55 PM,08-Jan-2025 11:00 AM ,90.0,No ,No,Online,24-Jan-2025 02:30 PM,Public Works Roads Department-Externally Aided Project||Public Works Road Department- World Bank Funded Tenders||Assam State Bridge Infrastructure Program,Goalpara,783101.0,2.0,"1,26,71,000",M/S Bass Forum,"11,910,739.95",Accepted-AOC,18-Feb-2026,Public Works Roads Department-Externally Aided Project||Public Works Road Department- World Bank Funded Tenders||Assam State Bridge Infrastructure Program
2025_PWD_45820_114,CE/STBR/SOPD-G/NIT/07/2025 26/1 Dated 26-06-2025,STBR/SOPD-G/Jalukbari -17/56 Improvement of Link Road between Kalbari Road and North Guwahati LPG Bottling Plant Road under SOPD-G for the year 2025-26,STBR/SOPD-G/Jalukbari -17/56 Improvement of Link Road between Kalbari Road and North Guwahati LPG Bottling Plant Road under SOPD-G for the year 2025-26,Works,Open Tender,Item Rate,Civil Works – Roads,No,No,NA ,02-Aug-2025 12:00 PM,04-Aug-2025 11:00 AM ,180.0,No ,No,Online,19-Aug-2025 11:00 AM,Public Works Roads Department,Jalukbari,781013.0,2.0,"24,25,000",MD NASIR KHAN,"2,425,000",Accepted-AOC,05-Feb-2026,Public Works Roads Department
2025_DoWR_47401_1,DARRANG/2025-26/RIDF/I,"Construction of New Embankment from Chereng to Magurmari, Package 2.","Construction of New Embankment from Chereng to Magurmari, Package 2.",Works,Open Tender,Works,Civil Works,No,No,NA ,09-Sep-2025 06:55 PM,NA ,180.0,No ,No,Online,04-Oct-2025 03:00 PM,Department of Water Resources||Chief Engineer - DoWR,DARRANG,784522.0,2.0,"9,36,90,492",RAJIB SAHU,"93,565,643",Accepted-AOC,17-Feb-2026,Department of Water Resources||Chief Engineer - DoWR
2025_PWD_45820_99,CE/STBR/SOPD-G/NIT/07/2025 26/1 Dated 26-06-2025,"STBR/SOPD-G/Dimoria -15/103 Improvement of Road from NH-27 at (Airforce Gate, Digaru) to Bamunkhat under SOPD G for the year 2025-26","STBR/SOPD-G/Dimoria -15/103 Improvement of Road from NH-27 at (Airforce Gate, Digaru) to Bamunkhat under SOPD G for the year 2025-26",Works,Open Tender,Item Rate,Civil Works – Roads,No,No,NA ,31-Jul-2025 03:00 PM,01-Aug-2025 11:00 AM ,180.0,No ,No,Online,11-Aug-2025 11:00 AM,Public Works Roads Department,Dimoria,782403.0,2.0,"50,00,000",SARAIGHAT ENGINEERS,"5,000,000",Rejected-AOC,07-Feb-2026,Public Works Roads Department
2025_GU_45217_1,T/25-26/82 Dated 25.06.2025,"Construction of Boundary wall along with internal campus road from Teachers Qtr 75, GU to APDCL office including other associated works","Construction of Boundary wall along with internal campus road from Teachers Qtr 75, GU to APDCL office including other associated works",Works,Open Tender,Item Rate,Composite Works,No,No,NA ,27-Jun-2025 02:00 PM,14-Jul-2025 02:00 PM ,180.0,No ,No,Online,21-Jul-2025 03:30 PM,Gauhati University,Gauhati University,781014.0,2.0,"59,54,283",HITESH MAZUMDAR,"4,272,668",Rejected-Technical,16-Feb-2026,Gauhati University
2025_HFWD_48633_2,Annual Job Contract of Security Services,Annual Job Contract of Security Services,Annual Job Contract of Security Services,Services,Open Tender,Works,Manpower Supply,No,No,NA ,21-Jan-2026 05:00 PM,NA ,90.0,No ,No,Online,05-Feb-2026 12:00 PM,Health and Family Welfare Department||Directorate of Medical Education-HFWD||Dhubri Medical College and Hospital-HFWD,Dhubri Medical College and Hospital,783325.0,2.0,"3,48,00,000",Prime_Pravi JV,"34,800,000",Rejected-AOC,01-Mar-2026,Health and Family Welfare Department||Directorate of Medical Education-HFWD||Dhubri Medical College and Hospital-HFWD
2025_PWD_45554_7,CE/STBR/09/NIT/RIDF-XXXI/2025 26/1 Dated 24-06-2025,STBR/RIDF-XXXI/GAURIPUR-01/07 Construction of R.C.C. Br. No 2/1 on Kurshakati to Kumarganj road over river Bonai including approaches and protection works under under Mukhya Mantrir Unnata Paki Path Nirman Achani (MMUPPNA) under RIDF-XXXI of NABA,STBR/RIDF-XXXI/GAURIPUR-01/07 Construction of R.C.C. Br. No 2/1 on Kurshakati to Kumarganj road over river Bonai including approaches and protection works under under Mukhya Mantrir Unnata Paki Path Nirman Achani (MMUPPNA) under RIDF-XXXI of NABA,Works,Open Tender,Item Rate,Civil Works – Roads,No,No,NA ,14-Jul-2025 04:00 PM,17-Jul-2025 11:00 AM ,180.0,No ,No,Online,12-Aug-2025 11:00 AM,Public Works Roads Department,GAURIPUR,783331.0,2.0,"3,29,71,000",Jagadish Baruah,"32,970,900",Accepted-AOC,09-Feb-2026,Public Works Roads Department
2025_BoTC_43142_1,FSHRY/BTC/2024-25/PMMSY/1,"Supply of Rice Polish, Mustard Oil Cake (MOC) activity Inputs for Pen Culture in Baksa under PMMSY for the year 2022-23","Group-B Supply of Rice Polish, Mustard Oil Cake (MOC) activity Inputs for Pen Culture in Baksa under PMMSY for the year 2022-23.",Goods,Open Tender,Supply,Miscellaneous Goods,No,No,NA ,27-Feb-2025 09:00 AM,NA ,180.0,No ,No,Online,19-Mar-2025 02:30 PM,Bodoland Territorial Council||Fisheries-BTC,"Baksa, BTR",781372.0,2.0,"1,50,000",MUNIN DAS,"135,000",Accepted-AOC,21-Feb-2026,Bodoland Territorial Council||Fisheries-BTC
2025_PWD_46604_4,CE/STBR/SOPD-G/NIT/07/2025 26/8 Dated 29-07-2025,STBR/SOPD-G/Tezpur-04/04 Improvement/ Construction of (1) Link road to Baleswar Mandir and BamunChuburi (At Bamparbatia)(Length 430.00m) (2)Baralimora Satra-Shiva Than Road (Remaining Part)(Length 200.00m) (3)Prafulla Sarma Path (At Bamparbatia)(Len,STBR/SOPD-G/Tezpur-04/04 Improvement/ Construction of (1) Link road to Baleswar Mandir and BamunChuburi (At Bamparbatia)(Length 430.00m) (2)Baralimora Satra-Shiva Than Road (Remaining Part)(Length 200.00m) (3)Prafulla Sarma Path (At Bamparbatia)(Len,Works,Open Tender,Item Rate,Civil Works – Roads,No,No,NA ,18-Aug-2025 02:00 PM,20-Aug-2025 11:00 AM ,180.0,No ,No,Online,02-Sep-2025 11:00 AM,Public Works Roads Department,Tezpur,784001.0,2.0,"1,49,55,000",Sri Arun Kalita,"14,954,000",Accepted-AOC,18-Feb-2026,Public Works Roads Department
2026_BTC_50100_1,No.30/ACE/PWD/BTC/2025-26/03,"Providing with Installation of Integrated Solar High Must light for illumination infrastructure projects at the rate of Rs.3,60,315.00 x 865 Nos. under SOPD Grant No.79 for the year 2025-26 in various Districts of BTC, Assam. TN_90_01","Providing with Installation of Integrated Solar High Must light for illumination infrastructure projects at the rate of Rs.3,60,315.00 x 865 Nos. under SOPD Grant No.79 for the year 2025-26 in various Districts of BTC, Assam. TN_90_01",Works,Open Tender,Item Rate,Electrical Works,No,No,NA ,08-Jan-2026 03:30 PM,NA ,180.0,No ,No,Online,20-Jan-2026 02:00 PM,Bodoland Territorial Council-PWD||Director Cum CHD - PWD BTC,Kokrajhar,783370.0,2.0,"30,86,17,168",Salasar Agro Service,"311,667,129.3",Rejected-AOC,27-Feb-2026,Bodoland Territorial Council-PWD||Director Cum CHD - PWD BTC
2025_ID_49392_3,SIG/Q-102/2014/24 DTD 15/12/2025,Di-dieselization of Dhanua Raghupara DTWS (Point No-3),Di-dieselization of Dhanua Raghupara DTWS (Point No-3),Works,Open Tender,Item Rate,Civil Works - Others,No,No,NA ,16-Dec-2025 04:00 PM,23-Dec-2025 02:00 PM ,180.0,No ,No,Online,09-Jan-2026 11:00 AM,Irrigation Department||Chief Engineer(Major)-Irrigation Dept||Goalpara Circle,Fekamari Mankachar Moynabandha,783135.0,2.0,"24,33,600",Enamul Hassan Mondal,"2,190,240",Rejected-Technical,25-Feb-2026,Irrigation Department||Chief Engineer(Major)-Irrigation Dept||Goalpara Circle
2025_PWD_45408_121,CE/DEV/TB/60/2025-26/01 Dtd- 21.06.2025,MMPPNA_RIDF_XXXI_25_26_135 (1) Construction of Road from Hatigarh to Hatigarh Shiv Mandir Connecting Road from Ch. 0.00m to Ch. 1000.00m (L-1.00km) (2) Improvement of Afalamukh Ghat to Kamalabari Ghat Road from Ch. 0.00 km to 1.00 km (L-1.00km) (3) C,MMPPNA_RIDF_XXXI_25_26_135 (1) Construction of Road from Hatigarh to Hatigarh Shiv Mandir Connecting Road from Ch. 0.00m to Ch. 1000.00m (L-1.00km) (2) Improvement of Afalamukh Ghat to Kamalabari Ghat Road from Ch. 0.00 km to 1.00 km (L-1.00km) (3) C,Works,Open Tender,Item Rate,Civil Works – Roads,No,No,NA ,14-Jul-2025 09:00 AM,17-Jul-2025 12:00 PM ,180.0,No ,No,Online,28-Jul-2025 02:30 PM,Public Works Roads Department,Teok,785112.0,2.0,"5,42,33,000",Pradip Phukan,"54,232,715",Accepted-AOC,03-Feb-2026,Public Works Roads Department
2025_PCCF_47514_1,SOPD Roads and Bridge 6430,SOPD Roads and Bridge,Construction of 2 nos. SPT Bridge inside Charduar RF at Hugrajuli (RF boundary) to Jingabeel road.,Works,Open Tender,Works,Civil Works,No,No,NA ,15-Sep-2025 02:00 PM,25-Sep-2025 11:30 AM ,90.0,No ,No,Online,07-Oct-2025 11:30 AM,"Pr. Chief Conservator of Forest and Head of Forest Force||Chief Conservator of Forests (Upper Assam Zone)||Northern Assam Circle, Tezpur||Sonitpur West Division",Inside Charduar RF at Hugrajuli to Jingabeel road,784001.0,2.0,"38,17,000",M/S AGNIGARH,"3,816,236",Rejected-Finance,05-Feb-2026,"Pr. Chief Conservator of Forest and Head of Forest Force||Chief Conservator of Forests (Upper Assam Zone)||Northern Assam Circle, Tezpur||Sonitpur West Division"
2025_PWRDW_46409_7,CE/EAP/ARRBP/BR/01/2024/19,ARRBP/OCB/ Bridge-1/Dima Hasao/13 Br No. 1/1 on LJV School to new Harangajao Rly Station,CE/EAP/ARRBP/OCB/ Bridge1/Dima Hasao/13 Construction of Bridge in Dima Hasao District i) Br No. 1/1 on LJV School to new Harangajao Rly Station,Works,Open Tender,Item Rate,Civil Works - Bridges,No,No,NA ,14-Aug-2025 02:55 PM,20-Aug-2025 11:00 AM ,90.0,No ,No,Online,10-Sep-2025 02:30 PM,Public Works Roads Department-Externally Aided Project||Public Works Road Department- World Bank Funded Tenders||Assam State Bridge Infrastructure Program,Dima Hasao District,788819.0,2.0,"3,45,97,000",ANUKUL PAUL,"36,323,863",Accepted-AOC,24-Feb-2026,Public Works Roads Department-Externally Aided Project||Public Works Road Department- World Bank Funded Tenders||Assam State Bridge Infrastructure Program
2025_DoWR_46599_1,CHARAIDEO/2025-26/SOPD G/III,"Protection of Desang L/B from Napm Nepalisuk, 2 No. Borpathar Gaon and its adjoining area from the erosion of river Desang under Mahmora LAC.","Protection of Desang L/B from Napm Nepalisuk, 2 No. Borpathar Gaon and its adjoining area from the erosion of river Desang under Mahmora LAC.",Works,Open Tender,Works,Civil Works,No,No,NA ,16-Aug-2025 06:55 PM,NA ,180.0,No ,No,Online,06-Sep-2025 03:00 PM,Department of Water Resources||Chief Engineer - DoWR,CHARAIDEO,785673.0,2.0,"4,89,66,574",M/S EAST INDIA CONSTRUCTION,"48,955,249.79",Accepted-AOC,07-Feb-2026,Department of Water Resources||Chief Engineer - DoWR
2025_PWD_45554_18,CE/STBR/09/NIT/RIDF-XXXI/2025 26/1 Dated 24-06-2025,STBR/RIDF-XXXI/BEHALI-04/18 Construction of RCC Br. No. 1/1 on Bedeti TE to Lal Pukhuri Road under Mukhya Mantrir Unnata Paki Path Nirman Achani (MMUPPNA) under RIDF-XXXI of NABARD for the year 2025-26,STBR/RIDF-XXXI/BEHALI-04/18 Construction of RCC Br. No. 1/1 on Bedeti TE to Lal Pukhuri Road under Mukhya Mantrir Unnata Paki Path Nirman Achani (MMUPPNA) under RIDF-XXXI of NABARD for the year 2025-26,Works,Open Tender,Item Rate,Civil Works – Roads,No,No,NA ,17-Jul-2025 12:00 PM,18-Jul-2025 11:00 AM ,180.0,No ,No,Online,01-Aug-2025 11:00 AM,Public Works Roads Department,BEHALI,784166.0,2.0,"2,07,14,200",SAILAJA COMMERCIAL CONSTRUCTION PVT LTD,"20,714,200",Rejected-AOC,21-Feb-2026,Public Works Roads Department
2025_PWD_49579_9,DMJ/TRD/NDRF (PDNA)-01/2025-26/10-17 Dtd 20/12/2025,"Recovery and Reconstruction of Machkhowa Belotia Gaon Gohainbari Road Pkg.No. As04477 (Package no. DHE/PR/01)(from Ch.3550.00 m 3950.00 m) under NDRF(PDNA-2022) for the year 2025-26 under Dhemaji TRD, Dhemaji LAC","Recovery and Reconstruction of Machkhowa Belotia Gaon Gohainbari Road Pkg.No. As04477 (Package no. DHE/PR/01)(from Ch.3550.00 m 3950.00 m) under NDRF(PDNA-2022) for the year 2025-26 under Dhemaji TRD, Dhemaji LAC",Works,Open Tender,Works,Civil Works,No,No,NA ,23-Dec-2025 10:00 AM,NA ,180.0,No ,No,Online,09-Jan-2026 11:00 AM,Public Works Roads Department,Dhemaji,787057.0,2.0,"85,20,000",Debasish Gogoi,"8,520,000",Rejected-AOC,26-Feb-2026,Public Works Roads Department
2025_PWD_45408_29,CE/DEV/TB/60/2025-26/01 Dtd- 21.06.2025,"MMPPNA_RIDF_XXXI_25_26_23 Construction of Road from (i) Basapukhuri to Mosondoiri Tiniali from Ch.0.00m to 1380.00m (Length- 1.38 km), (ii) Kamalpur to Bharatpur from Ch.0.00m to 1930.00m (Length- 1.93 km), (iii) Jajolial Namgarh to Jorhatia Shiv Man","MMPPNA_RIDF_XXXI_25_26_23 Construction of Road from (i) Basapukhuri to Mosondoiri Tiniali from Ch.0.00m to 1380.00m (Length- 1.38 km), (ii) Kamalpur to Bharatpur from Ch.0.00m to 1930.00m (Length- 1.93 km), (iii) Jajolial Namgarh to Jorhatia Shiv Man",Works,Open Tender,Item Rate,Civil Works – Roads,No,No,NA ,09-Jul-2025 02:00 PM,17-Jul-2025 12:00 PM ,180.0,No ,No,Online,28-Jul-2025 02:30 PM,Public Works Roads Department,Bihpuria,784161.0,2.0,"3,35,63,000",Bharat Borah,"33,551,624",Accepted-AOC,06-Feb-2026,Public Works Roads Department
2025_PWD_45554_24,CE/STBR/09/NIT/RIDF-XXXI/2025 26/1 Dated 24-06-2025,STBR/RIDF-XXXI/GOHPUR-01/24 Construction of RCC Bridge No 1/1 on NH-15 to Borghuli Road under Mukhya Mantrir Unnata Paki Path Nirman Achani (MMUPPNA) under RIDF-XXXI of NABARD for the year 2025-26,STBR/RIDF-XXXI/GOHPUR-01/24 Construction of RCC Bridge No 1/1 on NH-15 to Borghuli Road under Mukhya Mantrir Unnata Paki Path Nirman Achani (MMUPPNA) under RIDF-XXXI of NABARD for the year 2025-26,Works,Open Tender,Item Rate,Civil Works – Roads,No,No,NA ,17-Jul-2025 12:00 PM,18-Jul-2025 11:00 AM ,180.0,No ,No,Online,01-Aug-2025 11:00 AM,Public Works Roads Department,Gohpur,784168.0,2.0,"1,12,04,000",Maa Kamakhya art,"11,203,000",Accepted-AOC,05-Feb-2026,Public Works Roads Department
2025_WPTBC_45541_1,PTDC/Engg/2024-25/380/Group-08,Construction of 50 beded hostel separately for boys and Girls under the scheme Dharti Aada Janajatiya Gram Utkarsh Adhiyan (Group-08),Construction of 50 beded hostel separately for boys and Girls under the scheme Dharti Aada Janajatiya Gram Utkarsh Adhiyan (Group-08),Works,Open Tender,Item Rate,Civil Works - Building,No,No,NA ,12-Jul-2025 09:00 AM,15-Jul-2025 02:00 PM ,120.0,No ,No,Online,31-Jul-2025 03:00 PM,Welfare of Plain Tribes and Backward Classes||Director - WPT and BC||Assam Plains Tribes Development Corporation Ltd.,Guwahati,781005.0,2.0,"7,80,00,000",SRI MANASH PRATIM KHANIKAR,"77,999,799.98",Rejected-AOC,10-Feb-2026,Welfare of Plain Tribes and Backward Classes||Director - WPT and BC||Assam Plains Tribes Development Corporation Ltd.
2025_PWD_47948_3,CE/DEV/TB/116/2025-26/22 Dtd- 11.09.2025,ASOM_MALA_3.0_25_26_35 Improvement and Upgradation of Meleng Fesual Road (From NH-715 to Kakajan Tea Estate) under Asom Mala 3.0 for the year 2025-26,ASOM_MALA_3.0_25_26_35 Improvement and Upgradation of Meleng Fesual Road (From NH-715 to Kakajan Tea Estate) under Asom Mala 3.0 for the year 2025-26,Works,Open Tender,Item Rate,Civil Works – Roads,No,No,NA ,10-Oct-2025 02:00 PM,14-Oct-2025 12:00 PM ,180.0,No ,No,Online,30-Oct-2025 02:30 PM,Public Works Roads Department,Jorhat,785001.0,2.0,"52,47,06,000",M/S. M.P. AGARWALLA,"524,706,000",Accepted-AOC,06-Feb-2026,Public Works Roads Department
2024_PWRDW_36849_15,RFB No. CEEAPARRBP111TENDERS2024-41,Construction of Bridges in Baksa district i.Br. No. 1/1 on SH-10 to Bhogpur Road ii. Br. No. 3/1 on Athiabari to Manikpur,CE/EAP/ARRBP/OCB/Bridges-2/Baksa/06 Construction of Bridges in Baksa district i.Br. No. 1/1 on SH-10 to Bhogpur Road ii. Br. No. 3/1 on Athiabari to Manikpur,Works,Open Tender,Item Rate,Civil Works,No,No,NA ,04-Mar-2024 06:55 PM,08-Mar-2024 11:00 AM ,90.0,No ,No,Online,10-Apr-2024 02:30 PM,Public Works Roads Department-Externally Aided Project||Public Works Road Department- World Bank Funded Tenders||Assam State Bridge Infrastructure Program,Baksa,781313.0,2.0,"3,33,84,000",Competent Infrastructure and consulting(CICON) Pvt.Ltd,"34,385,044",Accepted-AOC,09-Feb-2026,Public Works Roads Department-Externally Aided Project||Public Works Road Department- World Bank Funded Tenders||Assam State Bridge Infrastructure Program
2025_PWBNH_47705_1,T/TB-I/07/2025/35 dtd. 22/09/2025,"Construction of Sports Complex cum Stadium at Doomdooma College, Doomdooma","Construction of Sports Complex cum Stadium at Doomdooma College, Doomdooma",Works,Open Tender,Item Rate,Civil Works - Building,No,No,NA ,25-Sep-2025 06:55 PM,03-Oct-2025 01:00 PM ,180.0,No ,No,Online,22-Oct-2025 02:30 PM,Public Works Building and NH Department||Chief Engineer-Building - PWBNH,Doomdooma,786151.0,2.0,"12,94,10,683",GIRIN CHUTIA,"129,310,684",Accepted-AOC,13-Feb-2026,Public Works Building and NH Department||Chief Engineer-Building - PWBNH
2025_KAAC_46352_1,NoACEH/CS/SSA/03/2025-26/SLO5,Construction of 50 bedded hostel separately for boys and girls under Dharti Aaba Janjatiya Gram Utkarsh Abhiyan at Tinglijan High School,Construction of 50 bedded hostel separately for boys and girls under Dharti Aaba Janjatiya Gram Utkarsh Abhiyan at Tinglijan High School,Works,Open Tender,Item Rate,Civil Works - Building,No,No,NA ,18-Aug-2025 11:00 AM,20-Aug-2025 12:00 PM ,180.0,No ,No,Online,30-Aug-2025 11:00 AM,Karbi Anglong Autonomous Council||PWD||Addl. Chief Engineer Diphu,Bokajan,782480.0,2.0,"3,78,75,000",Sri Girin Chutia,"35,259,127",Rejected-AOC,21-Feb-2026,Karbi Anglong Autonomous Council||PWD||Addl. Chief Engineer Diphu
2025_PWD_48245_1,KSTRD/SOPD(G)/63/2024-25/1894,Reconstruction of Hatipukhuri Bortal to Hatipukhuri quarter road (Hatipukhuri 1 to Hatipukhuri Part 1 (Chalchali to Road End) (Ch. 0.00 m to Ch. 1750.00 m) under SOPD-G for the year 2025-26,Reconstruction of Hatipukhuri Bortal to Hatipukhuri quarter road (Hatipukhuri 1 to Hatipukhuri Part 1 (Chalchali to Road End) (Ch. 0.00 m to Ch. 1750.00 m) under SOPD-G for the year 2025-26,Works,Open Tender,Item Rate,Civil Works – Roads,No,No,NA ,27-Oct-2025 10:00 AM,NA ,180.0,No ,No,Online,17-Nov-2025 03:00 PM,Public Works Roads Department,Samaguri,782140.0,2.0,"38,50,000",Muddasir Hussain,"3,849,500",Rejected-Finance,18-Feb-2026,Public Works Roads Department
2025_PCCF_47434_1,SOPD Roads and Bridge 6390,SOPD Roads and Bridge,Construction of Hugrajuli RF Boundary to Jingabeel road under Dhekiajuli Range by providing GSB Proposed length 4.6 KM,Works,Open Tender,Percentage,Civil Works,No,No,NA ,10-Sep-2025 04:20 PM,22-Sep-2025 11:30 AM ,90.0,No ,No,Online,03-Oct-2025 11:30 AM,"Pr. Chief Conservator of Forest and Head of Forest Force||Chief Conservator of Forests (Upper Assam Zone)||Northern Assam Circle, Tezpur||Sonitpur West Division",Hugrajuli to Jingabeel,784001.0,2.0,"23,40,000",JAYANTA PATHAK,"2,339,532",Accepted-AOC,05-Feb-2026,"Pr. Chief Conservator of Forest and Head of Forest Force||Chief Conservator of Forests (Upper Assam Zone)||Northern Assam Circle, Tezpur||Sonitpur West Division"
2025_ID_48480_1,BCMDI/Tech/NIT/21/2025/4,Installation of 4 (four) Points STW Scheme at Mandia LAC under SOPD-G during the FY 2025-26.,Installation of 4 (four) Points STW Scheme at Mandia LAC under SOPD-G during the FY 2025-26.,Works,Open Tender,Item Rate,Civil Works,No,No,NA ,07-Nov-2025 05:45 PM,13-Nov-2025 02:00 PM ,180.0,No ,No,Online,28-Nov-2025 03:00 PM,Irrigation Department||Chief Engineer(Major)-Irrigation Dept||Barpeta Circle||Barpeta Baghbar Division,Mandia LAC,781308.0,2.0,"26,72,123",ANOWAR HUSSAIN,"1,202,455",Accepted-AOC,12-Feb-2026,Irrigation Department||Chief Engineer(Major)-Irrigation Dept||Barpeta Circle||Barpeta Baghbar Division
2025_PWRDW_43912_5,CE/EAP/ARRBP/BR/01/2024/13,ARRBP/OCB/Bridges3/Cachar/12 SMD Road,CE/EAP/ARRBP/OCB/Bridges3/Cachar/12 Widening of Bridges in Cachar district i) Br.No. 3/1 on SMD Road ii) Br.No. 6/1 on SMD Road iii) Br.No. 6/2 on SMD Road,Works,Open Tender,Item Rate,Civil Works - Bridges,No,No,NA ,02-Apr-2025 11:10 AM,10-Apr-2025 11:00 AM ,90.0,No ,No,Online,24-Apr-2025 02:30 PM,Public Works Roads Department-Externally Aided Project||Public Works Road Department- World Bank Funded Tenders||Assam State Bridge Infrastructure Program,Cachar district,788001.0,2.0,"3,94,70,000",M/S R.A.Mazumder,"41,443,105",Accepted-AOC,05-Feb-2026,Public Works Roads Department-Externally Aided Project||Public Works Road Department- World Bank Funded Tenders||Assam State Bridge Infrastructure Program
2026_PWD_49890_1,BDTRD/SOPD-G/GWC/25-26/11,Construction of GWC road from Borgaon Center to Telia Gaon Link Road via Manoj Bhuyan House (from Ch. 00.00m to Ch. 1650.00m) under SOPD-G for the year 2025-26 of District Sonitpur (Barchalla LAC),Construction of GWC road from Borgaon Center to Telia Gaon Link Road via Manoj Bhuyan House (from Ch. 00.00m to Ch. 1650.00m) under SOPD-G for the year 2025-26 of District Sonitpur (Barchalla LAC),Works,Open Tender,Item Rate,Civil Works,No,No,NA ,05-Jan-2026 02:00 PM,08-Jan-2026 12:00 PM ,180.0,No ,No,Online,21-Jan-2026 02:00 PM,Public Works Roads Department,Barchalla,784110.0,2.0,"29,79,000",MS AGNIGARH,"2,978,785",Accepted-AOC,27-Feb-2026,Public Works Roads Department
2024_UDD_40924_1,NIT No. 13 of 2024-25,Construction of a Stormwater Drain at L. C.,Construction of a Stormwater Drain at L. C. Nayak Road under the Bank Interest of UIDSSMT Scheme.,Works,Open Tender,Works,Civil Works,No,No,NA ,07-Dec-2024 01:30 PM,NA ,180.0,No ,No,Online,27-Dec-2024 12:00 PM,Urban Development Department||Directorate of Municipality Administration - UDD||Barpeta Municipal Board,BMB,781301.0,2.0,"32,85,000",Mrinal Jyoti das,"3,120,750",Rejected-Finance,24-Dec-2025,Urban Development Department||Directorate of Municipality Administration - UDD||Barpeta Municipal Board
2025_PWD_45820_3,CE/STBR/SOPD-G/NIT/07/2025 26/1 Dated 26-06-2025,"STBR/SOPD-G/Udharbond-03/03 (I) Construction of 5.00 x 5.00m Box Cell Culvert (Single Row) at Udharbond Hospital Road, (L 0,080 km), (II) Improvement of Road from PWD Main Road to Chotolal Tanti House, Tikol TE (Phase-I), (L 0.380 km), (III) Improve","STBR/SOPD-G/Udharbond-03/03 (I) Construction of 5.00 x 5.00m Box Cell Culvert (Single Row) at Udharbond Hospital Road, (L 0,080 km), (II) Improvement of Road from PWD Main Road to Chotolal Tanti House, Tikol TE (Phase-I), (L 0.380 km), (III) Improve",Works,Open Tender,Item Rate,Civil Works – Roads,No,No,NA ,22-Jul-2025 12:00 PM,30-Jul-2025 11:00 AM ,180.0,No ,No,Online,11-Aug-2025 11:00 AM,Public Works Roads Department,Udharbond,788030.0,2.0,"2,29,33,500",SHIV SHAKTI STONE CRUSHER INDUSTRY,"22,928,500",Accepted-AOC,16-Feb-2026,Public Works Roads Department
2026_PWD_49935_1,TB68/JTRD/PDNA-22/2025-26/2092 dtd 26/12/2025,Recovery and Reconstruction of Bhairabpur raod at Kulajan Pam to Bhairabour Ashighar under NDRF (PDNA-2022) for the year 2025-26 under Jonai Territorial Road Division in Dhemaji District.,Recovery and Reconstruction of Bhairabpur raod at Kulajan Pam to Bhairabour Ashighar under NDRF (PDNA-2022) for the year 2025-26 under Jonai Territorial Road Division in Dhemaji District.,Works,Open Tender,Item Rate,Civil Works,No,No,NA ,05-Jan-2026 09:00 AM,NA ,180.0,No ,No,Online,09-Jan-2026 10:00 AM,Public Works Roads Department||Dhemaji Road Circle||Jonai Territorial Road Division,Sissiborgaon,787059.0,2.0,"37,50,000",Utpal Doley,"3,749,700.3",Rejected-AOC,16-Feb-2026,Public Works Roads Department||Dhemaji Road Circle||Jonai Territorial Road Division
2025_PWD_45926_118,CE/DEV/TB/60/2025-26/06 Dtd- 14.07.2025,"MMPPNA_RIDF_XXXI_25_26_275 Construction of (1) Road From Ramnagar (Udalguri) to Paddy Land FTV (Ch. 0.00 m to 3200.00 m), (2) Lanka Lumding (Old NH) Road from Gate No. 1 Railway crossing ROB to NH27 at Bamungaon Forest Gate under Mukhya Mantrir Paki","MMPPNA_RIDF_XXXI_25_26_275 Construction of (1) Road From Ramnagar (Udalguri) to Paddy Land FTV (Ch. 0.00 m to 3200.00 m), (2) Lanka Lumding (Old NH) Road from Gate No. 1 Railway crossing ROB to NH27 at Bamungaon Forest Gate under Mukhya Mantrir Paki",Works,Open Tender,Item Rate,Civil Works – Roads,No,No,NA ,30-Jul-2025 05:00 PM,04-Aug-2025 12:00 PM ,180.0,No ,No,Online,14-Aug-2025 02:30 PM,Public Works Roads Department,Lumding,782447.0,2.0,"5,94,30,000",Rishabh Jain,"59,427,777",Rejected-Finance,10-Feb-2026,Public Works Roads Department
2025_PWD_45554_26,CE/STBR/09/NIT/RIDF-XXXI/2025 26/1 Dated 24-06-2025,STBR/RIDF-XXXI/DIMORIA-01/26 Construction of RCC Bridge over Digaru River at Moupur (Span 3x30 m) under Mukhya Mantrir Unnata Paki Path Nirman Achani (MMUPPNA)under RIDF-XXXI for the year 2025-26,STBR/RIDF-XXXI/DIMORIA-01/26 Construction of RCC Bridge over Digaru River at Moupur (Span 3x30 m) under Mukhya Mantrir Unnata Paki Path Nirman Achani (MMUPPNA)under RIDF-XXXI for the year 2025-26,Works,Open Tender,Item Rate,Civil Works – Roads,No,No,NA ,17-Jul-2025 05:15 PM,18-Jul-2025 11:00 AM ,180.0,No ,No,Online,01-Aug-2025 11:00 AM,Public Works Roads Department,Dimoria,782403.0,2.0,"9,00,00,000",SARAIGHAT ENGINEERS,"89,999,950",Rejected-AOC,07-Feb-2026,Public Works Roads Department
2025_PWD_45926_130,CE/DEV/TB/60/2025-26/06 Dtd- 14.07.2025,"MMPPNA_RIDF_XXXI_25_26_255 Construction of (1) Lahingia Chuck Road (2) Mission Hospital Balance Part, Eastern Theological Approach Road and Chandan Nagar Bye Lane-14 and 12 under Mukhya Mantrir Paki Path Nirman Achani (MMPPNA) under RIDF-XXXI of NABA","MMPPNA_RIDF_XXXI_25_26_255 Construction of (1) Lahingia Chuck Road (2) Mission Hospital Balance Part, Eastern Theological Approach Road and Chandan Nagar Bye Lane-14 and 12 under Mukhya Mantrir Paki Path Nirman Achani (MMPPNA) under RIDF-XXXI of NABA",Works,Open Tender,Item Rate,Civil Works – Roads,No,No,NA ,31-Jul-2025 06:00 PM,04-Aug-2025 12:00 PM ,180.0,No ,No,Online,14-Aug-2025 02:30 PM,Public Works Roads Department,Jorhat,785001.0,2.0,"1,58,41,000",SHYAM SUNDER GATTANI,"15,837,500",Rejected-Finance,23-Feb-2026,Public Works Roads Department
2025_PCCF_48909_1,CF/LASFC/SoPD/CFB/2025,Renovation of Office Room at Conservator of Forests office under Lower Assam SF Circle Bongaigaon,"Renovation of Office Room at Conservator of Forests office under Lower Assam SF Circle, Bongaigaon",Goods,Open Tender,Works,Civil Construction Goods,No,No,NA ,28-Nov-2025 01:00 PM,20-Dec-2025 11:30 AM ,180.0,No ,No,Online,24-Dec-2025 03:30 PM,Pr. Chief Conservator of Forest and Head of Forest Force||Chief Conservator of Forests Social Forestry||Lower Assam Social Forestry Circle||Bongaigaon Division,"O/o the Conservator of Forests, LASFC, Bongaigaon",783380.0,2.0,"35,00,000",ACHINTA NARZARY,"3,150,000",Accepted-AOC,25-Feb-2026,Pr. Chief Conservator of Forest and Head of Forest Force||Chief Conservator of Forests Social Forestry||Lower Assam Social Forestry Circle||Bongaigaon Division
2025_PWRDW_45898_15,CE/EAP/ARRBP/BR/01/2024/16,CE/EAP/Bridge1/Karimganj/17 Br No. 2/3 on LC Road To Ranibari,CE/EAP/ARRBP/OCB/Bridge1/Karimganj/17 Construction of Bridge in Karimganj District (i) Br No. 2/3 on LC Road To Ranibari.,Works,Open Tender,Item Rate,Civil Works - Bridges,No,No,NA ,25-Jul-2025 01:00 PM,02-Aug-2025 11:00 AM ,90.0,No ,No,Online,14-Aug-2025 02:30 PM,Public Works Roads Department-Externally Aided Project||Public Works Road Department- World Bank Funded Tenders||Assam State Bridge Infrastructure Program,Karimganj District,788710.0,2.0,"1,24,27,000",NANDAN DAS,"13,040,586",Accepted-AOC,05-Feb-2026,Public Works Roads Department-Externally Aided Project||Public Works Road Department- World Bank Funded Tenders||Assam State Bridge Infrastructure Program
2025_GMC_47796_4,GER/CE/2505/2025/17 Dated_25/09/2025,Construction of Toilet under Ward No-47,Construction of Various Toilet under Guwahati Municipal Corporation,Works,Open Tender,Lump-sum,Civil Works,No,No,NA ,03-Oct-2025 06:00 PM,08-Oct-2025 12:00 PM ,120.0,No ,No,Online,24-Oct-2025 02:30 PM,Guwahati Municipal Corporation,Guwahati,781006.0,2.0,,Matiur Rahman,"1,560,000",Accepted-AOC,04-Feb-2026,Guwahati Municipal Corporation
2025_DoWR_47446_1,TAMULPUR/2025-26/RIDF/II,Construction of Suklai R/B embankment from Nathkuchi (Kujar Pam) to Suklai RCC bridge.,Construction of Suklai R/B embankment from Nathkuchi (Kujar Pam) to Suklai RCC bridge.,Works,Open Tender,Works,Civil Works,No,No,NA ,10-Sep-2025 06:55 PM,NA ,180.0,No ,No,Online,04-Oct-2025 03:00 PM,Department of Water Resources||Chief Engineer - DoWR,TAMULPUR,781367.0,2.0,"5,71,66,980",K C INFRA PROJECTS PRIVATE LTD,"57,160,980.65",Accepted-AOC,23-Feb-2026,Department of Water Resources||Chief Engineer - DoWR
2025_HFWD_49027_1,Refilling of Fire Extinguishers,Refilling of Fire Extinguishers,Refilling of Fire Extinguishers at Dhubri Medical College and Hospital on Rate Contract Basis,Services,Open Tender,Empanelment,Fire & Safety,No,No,NA ,03-Dec-2025 05:00 PM,NA ,60.0,No ,No,Online,26-Dec-2025 12:00 PM,Health and Family Welfare Department||Directorate of Medical Education-HFWD||Dhubri Medical College and Hospital-HFWD,Dhubri Medical College and Hospital,783325.0,2.0,"3,00,000",J.B. ENGINEERS AND CONSULTANTS,"300,000",Accepted-AOC,11-Feb-2026,Health and Family Welfare Department||Directorate of Medical Education-HFWD||Dhubri Medical College and Hospital-HFWD
2025_PWD_45408_123,CE/DEV/TB/60/2025-26/01 Dtd- 21.06.2025,MMPPNA_RIDF_XXXI_25_26_137 Construction of (1) Road from Sorasowa Gaon to Borahom Gaon connecting Road (2) Tarajan Hanuman Mandir Road from Ch. 0.00m to Ch. 375.00m and Ch. 1040.00m to Ch. 1765.00m (L-1100.00m) (3) Road from Phukanar Ali to KB Road v,MMPPNA_RIDF_XXXI_25_26_137 Construction of (1) Road from Sorasowa Gaon to Borahom Gaon connecting Road (2) Tarajan Hanuman Mandir Road from Ch. 0.00m to Ch. 375.00m and Ch. 1040.00m to Ch. 1765.00m (L-1100.00m) (3) Road from Phukanar Ali to KB Road v,Works,Open Tender,Item Rate,Civil Works – Roads,No,No,NA ,14-Jul-2025 09:00 AM,17-Jul-2025 12:00 PM ,180.0,No ,No,Online,28-Jul-2025 02:30 PM,Public Works Roads Department,Teok,785112.0,2.0,"5,31,09,000",Sri Subhasish Das,"51,409,632",Rejected-Finance,02-Feb-2026,Public Works Roads Department
2025_PWD_48556_34,ARRBP/BR/01/2024/E696387/41,Dima Hasao/17 i) Br. No. 9/1 on Nabladisa Simthuilong Road,Dima Hasao/17 Construction of Bridge in Dima Hasao District i) Br. No. 9/1 on Nabladisa Simthuilong Road,Works,Open Tender,Item Rate,Civil Works - Bridges,No,No,NA ,14-Nov-2025 09:00 AM,21-Nov-2025 11:00 AM ,90.0,No ,No,Online,28-Nov-2025 02:30 PM,Public Works Roads Department,Dima Hasao District,788819.0,2.0,"88,21,000",Mona Kemprai,"9,257,630",Accepted-AOC,13-Feb-2026,Public Works Roads Department
2025_SEED_45971_1,ASDM-3674/2025/Bajali,Bajali PLSDTP,Bajali PLSDTP,Services,Open Tender,EOI,Miscellaneous Services,No,No,NA ,28-Jul-2025 05:00 PM,NA ,180.0,No ,No,Online,20-Aug-2025 01:00 PM,Skill Employment and Entrepreneurship Department||Assam Skill Development Mission,Assam Skill Development Mission,781035.0,1.0,"8,20,575",Ajitaaksh Ventures Pvt Ltd,"805,575",Accepted-AOC,02-Feb-2026,Skill Employment and Entrepreneurship Department||Assam Skill Development Mission
2025_ID_49392_1,SIG/Q-102/2014/24 DTD 15/12/2025,Di-dieselization of Purandiara Kathalbari DTWS (Point No-3),Di-dieselization of Purandiara Kathalbari DTWS (Point No-3),Works,Open Tender,Item Rate,Civil Works - Others,No,No,NA ,16-Dec-2025 04:00 PM,23-Dec-2025 02:00 PM ,180.0,No ,No,Online,09-Jan-2026 11:00 AM,Irrigation Department||Chief Engineer(Major)-Irrigation Dept||Goalpara Circle,Fekamari Mankachar Kathalbari,783135.0,2.0,"23,74,500",Enamul Hassan Mondal,"2,137,050",Rejected-Technical,25-Feb-2026,Irrigation Department||Chief Engineer(Major)-Irrigation Dept||Goalpara Circle
2025_WPTBC_48993_1,PTDC/Engg/2024-25/449,Establishment of Tribal Multipurpose Marketing centre at Goalpara Revenue Village Dwarka under Balijana Revenue Circle under the scheme Dharti Aaba Janajatiya Gram Utkarsh Abhiyan (DAJGUA) during the year 2025-26,Establishment of Tribal Multipurpose Marketing centre at Goalpara Revenue Village Dwarka under Balijana Revenue Circle under the scheme Dharti Aaba Janajatiya Gram Utkarsh Abhiyan (DAJGUA) during the year 2025-26,Works,Open Tender,Item Rate,Civil Works,No,No,NA ,03-Dec-2025 06:00 PM,05-Dec-2025 11:00 AM ,180.0,No ,No,Online,18-Dec-2025 03:00 PM,Welfare of Plain Tribes and Backward Classes||Director - WPT and BC,Goalpara Revenue Village Dwarka,783120.0,2.0,"1,00,00,000",MANJITA RABHA,"9,999,025.45",Accepted-AOC,05-Feb-2026,Welfare of Plain Tribes and Backward Classes||Director - WPT and BC
2026_PWBNH_50075_1,SE/BII/DLRS/RENOVATION,Renovation Modification of the office room of ground floor Civil and Electrical of the office of the Director of Land Record and Surveys etc Assam Rupnagar Guwahati 32,Renovation Modification of the office room of ground floor Civil and Electrical of the office of the Director of Land Record and Surveys etc Assam Rupnagar Guwahati 32,Works,Open Tender,Item Wise,Civil Works - Building,No,No,NA ,12-Jan-2026 12:00 PM,17-Jan-2026 12:00 PM ,180.0,No ,No,Online,03-Feb-2026 11:30 AM,Public Works Building and NH Department||Chief Engineer-Building - PWBNH||SE-Guwahati Circle-2 - PWBNH,"Rupnagar, Guwahati",781032.0,2.0,"33,72,873",Rajeeb Das,"3,560,328",Accepted-AOC,21-Feb-2026,Public Works Building and NH Department||Chief Engineer-Building - PWBNH||SE-Guwahati Circle-2 - PWBNH
2025_PWD_46196_13,CE/DEV/TB/122/2025-26/06 Dated. 04-08-2025,"BTR_SOPD_G_25_26_25 Construction of road from (1) Sashipur Teck Bahadur Magor house to Nepal Mandir, Sashiupur (2) Pagla Baba Shiv Mandir, Darrangamela (3) Abhoayapur chowk to Satya Narayan L.P. School (4) Darrangamela police out post to Market area","BTR_SOPD_G_25_26_25 Construction of road from (1) Sashipur Teck Bahadur Magor house to Nepal Mandir, Sashiupur (2) Pagla Baba Shiv Mandir, Darrangamela (3) Abhoayapur chowk to Satya Narayan L.P. School (4) Darrangamela police out post to Market area",Works,Open Tender,Item Rate,Civil Works – Roads,No,No,NA ,06-Aug-2025 06:00 PM,11-Aug-2025 12:00 PM ,180.0,No ,No,Online,18-Aug-2025 02:30 PM,Public Works Roads Department,Tamulpur,781367.0,2.0,"1,56,38,000",NABAJYOTI SARMA,"15,627,900",Rejected-Finance,24-Feb-2026,Public Works Roads Department
2025_PWD_45820_102,CE/STBR/SOPD-G/NIT/07/2025 26/1 Dated 26-06-2025,STBR/SOPD-G/Jalukbari-21/60 Improvement of Bhogbari Path under SOPD-G for the year 2025-26,STBR/SOPD-G/Jalukbari-21/60 Improvement of Bhogbari Path under SOPD-G for the year 2025-26,Works,Open Tender,Item Rate,Civil Works – Roads,No,No,NA ,01-Aug-2025 06:00 PM,02-Aug-2025 11:00 AM ,180.0,No ,No,Online,19-Aug-2025 11:00 AM,Public Works Roads Department,Jalukbari,781013.0,2.0,"31,07,000",MD NASIR KHAN,"3,107,000",Accepted-AOC,05-Feb-2026,Public Works Roads Department
2025_PWD_47678_2,CE/DEV/TB/60/2025-26/40 Dtd- 16.09.2025,"MMPPNA_RIDF_XXXI_25_26_530 Improvement of Road from (i)BBDC road to Koruwa Basti,(ii) BBDC road at forest gate to Dholajan, (iii) Mohukhuti to Panbari, (iv) Nahorsola road to Kalioni Buddha Mandir,(v) 7th KM of BBDC road to Bensing Gaon, (vi) PWD","MMPPNA_RIDF_XXXI_25_26_530 Improvement of Road from (i)BBDC road to Koruwa Basti,(ii) BBDC road at forest gate to Dholajan, (iii) Mohukhuti to Panbari, (iv) Nahorsola road to Kalioni Buddha Mandir,(v) 7th KM of BBDC road to Bensing Gaon, (vi) PWD",Works,Open Tender,Item Rate,Civil Works – Roads,No,No,NA ,25-Sep-2025 09:00 AM,26-Sep-2025 12:00 PM ,180.0,No ,No,Online,08-Oct-2025 02:30 PM,Public Works Roads Department,Bokajan,782490.0,2.0,"9,22,50,000",Sri Girin Chutia,"92,200,000",Rejected-Finance,12-Feb-2026,Public Works Roads Department
2025_PWD_47418_6,CE/DEV/TB/60/2025-26/31 Dtd- 04.09.2025,MMPPNA_RIDF_XXXI_25_26_519 Improvement of Mout Gaon Rajanakhat to Borghoria and Kanugaon Bamchuk to Das Chuk Connecting Road from Ch. 0.00 m to 2480.00 m under Mukhya Mantrir Paki Path Nirman Achani (MMPPNA) under RIDF-XXXI of NABARD for the year 202,MMPPNA_RIDF_XXXI_25_26_519 Improvement of Mout Gaon Rajanakhat to Borghoria and Kanugaon Bamchuk to Das Chuk Connecting Road from Ch. 0.00 m to 2480.00 m under Mukhya Mantrir Paki Path Nirman Achani (MMPPNA) under RIDF-XXXI of NABARD for the year 202,Works,Open Tender,Item Rate,Civil Works – Roads,No,No,NA ,10-Sep-2025 01:00 PM,11-Sep-2025 12:00 PM ,180.0,No ,No,Online,25-Sep-2025 02:30 PM,Public Works Roads Department,Dergaon,785614.0,2.0,"2,34,17,000",Sri Atul Gogoi,"23,412,000",Accepted-AOC,27-Feb-2026,Public Works Roads Department
2025_BoTC_43140_1,FSHRY/BTC/2024-25/PMMSY/1,Supply of Fish Seed (Fish Fry (2.5-4 inch IMC Seed) activity Inputs for Pen Culture in Baksa under PMMSY for the year 2022-23.,Group-A Supply of Fish Seed (Fish Fry (2.5-4 inch IMC Seed) activity Inputs for Pen Culture in Baksa under PMMSY for the year 2022-23.,Goods,Open Tender,Supply,Miscellaneous Goods,No,No,NA ,27-Feb-2025 09:00 AM,NA ,180.0,No ,No,Online,19-Mar-2025 02:30 PM,Bodoland Territorial Council||Fisheries-BTC,"Baksa, BTR",781372.0,2.0,"1,30,000",MUNIN DAS,"116,999.91",Accepted-AOC,21-Feb-2026,Bodoland Territorial Council||Fisheries-BTC
2025_PWBNH_47949_1,CE/TB-IV(H_E)/54/2025/39 Dated Guwahati the 08th,"Balance work for construction of ITI under MSDP at Sonai in Cachar district, Assam","Balance work for construction of ITI under MSDP at Sonai in Cachar district, Assam",Works,Open Tender,Item Rate,Civil Works - Building,No,No,NA ,10-Oct-2025 05:00 PM,13-Oct-2025 11:30 AM ,180.0,No ,No,Online,03-Nov-2025 03:00 PM,Public Works Building and NH Department||Chief Engineer-Building - PWBNH,Sonai,788119.0,2.0,"2,02,44,399",Sahidur Rahman Mazumder,"20,244,399",Accepted-AOC,07-Feb-2026,Public Works Building and NH Department||Chief Engineer-Building - PWBNH
2025_PWD_45399_5,CE/DEV/TB/54/2025-26/01 Dtd- 13.06.2025,MMUPPNA_RIDF_XXXI_25_26_05 Improvement and Widening of road from Batamari (SH-42 at Ch. 3.17 K.M.) to Machkhowa under Mukhya Mantrir Unnoto Paki Path Nirman Achani (MMUPPNA) under RIDF-XXXI of NABARD for the year 2025-26.,MMUPPNA_RIDF_XXXI_25_26_05 Improvement and Widening of road from Batamari (SH-42 at Ch. 3.17 K.M.) to Machkhowa under Mukhya Mantrir Unnoto Paki Path Nirman Achani (MMUPPNA) under RIDF-XXXI of NABARD for the year 2025-26.,Works,Open Tender,Item Rate,Civil Works – Roads,No,No,NA ,07-Jul-2025 09:00 AM,14-Jul-2025 12:00 PM ,180.0,No ,No,Online,25-Jul-2025 02:30 PM,Public Works Roads Department,Lakhimpur,787001.0,2.0,"12,16,25,000",MADHAB SAIKIA,"121,620,440",Rejected-Finance,09-Feb-2026,Public Works Roads Department
2025_DoIT_46524_1,AEDC/SDC/2025-26/04,"Supply, Installation and Maintenance of Web Application Firewalls","Supply, Installation and Maintenance of Web Application Firewalls",Services,Open Tender,Item Rate,Information Technology,No,No,NA ,14-Aug-2025 05:15 PM,NA ,180.0,No ,No,Online,11-Sep-2025 04:30 PM,Principal Secretary-Department of Information Technology||Assam Electronics Development Corporation Ltd-DoIT,Guwahati,781021.0,2.0,,Poly Informatics Private Limited,"19,722,638",Rejected-Finance,24-Oct-2025,Principal Secretary-Department of Information Technology||Assam Electronics Development Corporation Ltd-DoIT
2025_PWD_45491_24,CE/Commn/16/2025-26/2,Tinsukia/ SOPD/5,"Cons. of (i) Mulanath Path Road (ii) RCC Drain on LBT Road at Bahadur Chariali (Left Side, L 0.20km) (iii) 1 No Kachujan Path (iv) Morankari Gaon Road under SOPD-G for the year 2025-26",Works,Open Tender,Item Rate,Civil Works – Roads,No,No,NA ,11-Jul-2025 01:00 PM,18-Jul-2025 04:00 PM ,180.0,No ,No,Online,30-Jul-2025 02:30 PM,Public Works Roads Department,Tinsukia,786125.0,2.0,"99,31,000",SWARAJ KUMAR DAS,"9,930,000",Rejected-AOC,17-Feb-2026,Public Works Roads Department
2025_PWD_45820_64,CE/STBR/SOPD-G/NIT/07/2025 26/1 Dated 26-06-2025,STBR/SOPD-G/Barhampur-01/30 Improvement of (1). KA Road to Ghatibasti Village Road (2) Samaguri Udmari Road to Murhani Udmari Road via Mahongbasti (Ch. 0.00 m to 1800.00 m) under SOPD-G for the year 2025-26,STBR/SOPD-G/Barhampur-01/30 Improvement of (1). KA Road to Ghatibasti Village Road (2) Samaguri Udmari Road to Murhani Udmari Road via Mahongbasti (Ch. 0.00 m to 1800.00 m) under SOPD-G for the year 2025-26,Works,Open Tender,Item Rate,Civil Works – Roads,No,No,NA ,28-Jul-2025 03:00 PM,30-Jul-2025 11:00 AM ,180.0,No ,No,Online,11-Aug-2025 11:00 AM,Public Works Roads Department,Barhampur,782102.0,2.0,"44,99,600",RIBUL AHMED,"4,499,599",Rejected-AOC,09-Feb-2026,Public Works Roads Department
2025_PWD_45827_78,CE/MAINT/SOPDG/01/2025-26/02,MAINT/SOPD-G/2025-26/139,MAINT/SOPD-G/2025-26/139_1_Construction of ICBP Road from Dr. Jinaram Das Road to Titka Goria (Garisatra) and approach road to Titka Taze Bodo Supa 2_Improvement /Strengthening of SPT Bridge at (i) Nimua village over Kalkhowajan (ii) Kaharpara over R,Works,Open Tender,Item Rate,Civil Works – Roads,No,No,NA ,24-Jul-2025 09:00 AM,24-Jul-2025 12:00 PM ,180.0,No ,No,Online,14-Aug-2025 11:00 AM,Public Works Roads Department,Bajali,781325.0,2.0,"1,04,69,000",SANTANU KUMAR DAS,"10,467,000",Rejected-Finance,02-Feb-2026,Public Works Roads Department
2025_PWD_45820_59,CE/STBR/SOPD-G/NIT/07/2025 26/1 Dated 26-06-2025,"STBR/SOPD-G/Barhampur-06/35 Construction of RCC Drain from National Highway to KK Road (Lachit Nagar) under Mukhya Mantrir Path Nabikaran Aachani(MMPNA) under SOPD-G for the year 2025-26 of Nagaon District, Barhampur LAC","STBR/SOPD-G/Barhampur-06/35 Construction of RCC Drain from National Highway to KK Road (Lachit Nagar) under Mukhya Mantrir Path Nabikaran Aachani(MMPNA) under SOPD-G for the year 2025-26 of Nagaon District, Barhampur LAC",Works,Open Tender,Item Rate,Civil Works – Roads,No,No,NA ,28-Jul-2025 03:00 PM,30-Jul-2025 11:00 AM ,180.0,No ,No,Online,11-Aug-2025 11:00 AM,Public Works Roads Department,Barhampur,782102.0,2.0,"3,32,34,500",Rishabh Jain,"33,227,777",Rejected-AOC,11-Feb-2026,Public Works Roads Department
2026_PWBNH_49944_1,Misc-7/SE(B)/SIV/2021-22/3226,Proposed construction of cricket stadium under Mahmora Charaideo,Proposed construction of cricket stadium under Mahmora Charaideo,Works,Open Tender,Item Rate,Civil Works - Building,No,No,NA ,05-Jan-2026 04:00 PM,16-Jan-2026 11:00 AM ,180.0,No ,No,Online,30-Jan-2026 03:00 PM,Public Works Building and NH Department||Chief Engineer-Building - PWBNH,Cricket Stadium under Mahmora Charaideo,785670.0,2.0,"2,63,19,302",Sri Samiran Mohan,"28,292,800",Rejected-AOC,21-Feb-2026,Public Works Building and NH Department||Chief Engineer-Building - PWBNH
2025_BTC_49571_1,No. 06/ACE/BTC/KOK(R)/2025-26/03,Repair and Maintenance of Road form Kachugaon to Raimona under 2025-26 BTC SOPD Go-Ahead under Kokrajhar District 29- Kokrajhar West LAC. TN_84_01,Repair and Maintenance of Road form Kachugaon to Raimona under 2025-26 BTC SOPD Go-Ahead under Kokrajhar District 29- Kokrajhar West LAC. TN_84_01,Works,Open Tender,Item Rate,Civil Works – Roads,No,No,NA ,23-Dec-2025 10:30 AM,NA ,180.0,No ,No,Online,13-Jan-2026 02:00 PM,Bodoland Territorial Council-PWD||Director Cum CHD - PWD BTC,Kokrajhar,783370.0,2.0,"3,85,26,000",Jethmal Maloo,"38,526,000",Rejected-AOC,17-Feb-2026,Bodoland Territorial Council-PWD||Director Cum CHD - PWD BTC
2025_AEGCL_46991_1,AEGCL /MD/ CGM(UAR) /DC-System /2025/ BID,"Supply, erection, testing and commissioning of battery banks, battery chargers and DCDBs for Upper Assam Region in AEGCL","Supply, erection, testing and commissioning of battery banks, battery chargers and DCDBs for Upper Assam Region in AEGCL",Works,Open Tender,Works,Electrical Works,No,No,NA ,27-Aug-2025 12:00 PM,NA ,180.0,No ,No,Online,17-Sep-2025 02:00 PM,Assam Electricity Grid Corporation Ltd||CGM (T and T),Upper Assam Region of AEGCL,786001.0,2.0,"95,18,487",UNITEK PROJECT & SYSTEMS,"6,917,271",Rejected-Finance,17-Feb-2026,Assam Electricity Grid Corporation Ltd||CGM (T and T)
2025_PWD_45399_4,CE/DEV/TB/54/2025-26/01 Dtd- 13.06.2025,MMUPPNA_RIDF_XXXI_25_26_04 Improvement and Widening of Bagana Kawaimari Barsimla road under Mukhya Mantrir Unnoto Paki Path Nirman Achani (MMUPPNA) under RIDF-XXXI of NABARD for the year 2025-26.,MMUPPNA_RIDF_XXXI_25_26_04 Improvement and Widening of Bagana Kawaimari Barsimla road under Mukhya Mantrir Unnoto Paki Path Nirman Achani (MMUPPNA) under RIDF-XXXI of NABARD for the year 2025-26.,Works,Open Tender,Item Rate,Civil Works – Roads,No,No,NA ,07-Jul-2025 09:00 AM,14-Jul-2025 12:00 PM ,180.0,No ,No,Online,25-Jul-2025 02:30 PM,Public Works Roads Department,Barpeta,781301.0,2.0,"3,33,52,000",M/S Royal Smart Construction,"33,349,871",Rejected-Finance,05-Feb-2026,Public Works Roads Department
2025_PCCF_48910_1,CF/LASFC/SoPD/CFB/2025,Renovation of Quarter Room at Conservator of Forests office under Lower Assam SF Circle Bongaigaon,"Renovation of Quarter Room at Conservator of Forests office under Lower Assam SF Circle, Bongaigaon",Goods,Open Tender,Works,Civil Construction Goods,No,No,NA ,28-Nov-2025 01:00 PM,20-Dec-2025 11:30 AM ,180.0,No ,No,Online,24-Dec-2025 03:30 PM,Pr. Chief Conservator of Forest and Head of Forest Force||Chief Conservator of Forests Social Forestry||Lower Assam Social Forestry Circle||Bongaigaon Division,"O/o the Conservator of Forests, LASFC, Bongaigaon",783380.0,2.0,"25,00,000",ACHINTA NARZARY,"2,250,000",Accepted-AOC,25-Feb-2026,Pr. Chief Conservator of Forest and Head of Forest Force||Chief Conservator of Forests Social Forestry||Lower Assam Social Forestry Circle||Bongaigaon Division
2025_SEED_45955_1,RFP NO ASDM-3691/2025/Jorhat,Jorhat PLSDTP,Jorhat PLSDTP,Services,Open Tender,EOI,Miscellaneous Services,No,No,NA ,28-Jul-2025 05:00 PM,NA ,180.0,No ,No,Online,20-Aug-2025 01:00 PM,Skill Employment and Entrepreneurship Department||Assam Skill Development Mission,Mission Director Assam Skill Development Mission,781035.0,1.0,"10,50,375",Ajitaaksh Ventures Pvt Ltd,"1,035,375",Accepted-AOC,03-Feb-2026,Skill Employment and Entrepreneurship Department||Assam Skill Development Mission
2025_KAAC_46349_1,NoACEH/CS/SSA/03/2025-26/SL02,Construction of 50 bedded hostel separately for boys and girls under Dharti Aaba Janjatiya Gram Utkarsh Abhiyan at Khorsing Terang High School,Construction of 50 bedded hostel separately for boys and girls under Dharti Aaba Janjatiya Gram Utkarsh Abhiyan at Khorsing Terang High School,Works,Open Tender,Item Rate,Civil Works - Building,No,No,NA ,18-Aug-2025 11:00 AM,20-Aug-2025 12:00 PM ,180.0,No ,No,Online,30-Aug-2025 11:00 AM,Karbi Anglong Autonomous Council||PWD||Addl. Chief Engineer Diphu,Bokajan,785606.0,2.0,"3,78,75,000",SRI PRANAB BARMAN,"37,875,000",Rejected-Technical,06-Feb-2026,Karbi Anglong Autonomous Council||PWD||Addl. Chief Engineer Diphu
2026_UDD_50068_1,NO.NrpMB/14th FC/26/04,"Construction of Assam Type Commercial Establishment By Namrup Municipal Board at Namrup A.S.T.C. Campus, Ward No-4,under 14th F.C.","Construction of Assam Type Commercial Establishment By Namrup Municipal Board at Namrup A.S.T.C. Campus, Ward No-4,under 14th F.C.",Works,Open Tender,Item Rate,Civil Works,No,No,NA ,08-Jan-2026 02:00 PM,NA ,180.0,No ,No,Online,28-Jan-2026 02:30 PM,Urban Development Department||Directorate of Municipality Administration - UDD||Namrup Municipal Board,NAMRUP,786623.0,2.0,,ASCON,"9,443,829.46",Accepted-AOC,16-Feb-2026,Urban Development Department||Directorate of Municipality Administration - UDD||Namrup Municipal Board
2026_PWD_50183_6,CE/Commn/192/2025-26/24,PDNA/ Hailakandi /1,Recovery and Reconstruction of Algapur Mohanpur PWD Road under NDRF(PDNA-2022) for the year 2025-26 under Hailakandi District Territorial Road Division,Works,Open Tender,Item Rate,Civil Works – Roads,No,No,NA ,12-Jan-2026 04:00 PM,16-Jan-2026 04:00 PM ,180.0,No ,No,Online,22-Jan-2026 02:30 PM,Public Works Roads Department||CE PWD(R) - PWD||Traffic Engineering Cell - PWD,Hailakandi,788151.0,2.0,"1,20,00,000",M. R. CONSTRUCTION,"10,200,000",Not Admitted-Fee/PreQual/Technical,24-Feb-2026,Public Works Roads Department||CE PWD(R) - PWD||Traffic Engineering Cell - PWD
2025_PWD_47678_3,CE/DEV/TB/60/2025-26/40 Dtd- 16.09.2025,"MMPPNA_RIDF_XXXI_25_26_531 Improvement of road from (i)NH-39 to R. J. road Jilangso via model school, (ii) NH-39 to R. J. road via Rongdo, (iii) NH-39 to Mohkhuti L.P. School via Garampani, (iv) NH-39 to R.J. road via Rongkimi, (v) NH-39 to Din T","MMPPNA_RIDF_XXXI_25_26_531 Improvement of road from (i)NH-39 to R. J. road Jilangso via model school, (ii) NH-39 to R. J. road via Rongdo, (iii) NH-39 to Mohkhuti L.P. School via Garampani, (iv) NH-39 to R.J. road via Rongkimi, (v) NH-39 to Din T",Works,Open Tender,Item Rate,Civil Works – Roads,No,No,NA ,25-Sep-2025 09:00 AM,26-Sep-2025 12:00 PM ,180.0,No ,No,Online,08-Oct-2025 02:30 PM,Public Works Roads Department,Bokajan,782490.0,2.0,"11,39,00,000",Dulal Dutta and Sons,"113,900,000",Accepted-AOC,10-Feb-2026,Public Works Roads Department
2025_PWD_48343_1,CE_STBR_SOPD_G_2025_26_37,STBR_SOPD_G_BORKHOLA_01_43,1_Re_construction of Road from 5th Km of Daloo Moinarbond Road to Ardhavallik 2_ Re_construction of road damaged by flood _In Stretches_ from 5th Km of Daloo Moinerbond Road to Badarpur Kalinagar Part-I_3 Re_construction of Road from NH 54 to Balache,Works,Open Tender,Works,Civil Works,No,No,NA ,03-Nov-2025 02:00 PM,NA ,180.0,No ,No,Online,14-Nov-2025 11:00 AM,Public Works Roads Department,O/o THE CHIEF ENGINEER_PWRD,781003.0,2.0,"2,94,99,000",NAZMUL ISLAM LASKAR,"29,499,000",Accepted-AOC,13-Feb-2026,Public Works Roads Department
2025_PWD_45408_136,CE/DEV/TB/60/2025-26/01 Dtd- 21.06.2025,"MMPPNA_RIDF_XXXI_25_26_149 Construction of Road from (i) 312 No. Khowang Grant to Kherkata (Ch 0.00 m to Ch 1400.00 m), (ii) Boralimari Path (from Ch 0.00 m to Ch 1000.00 m), (iii) Moran Ahom Gaon Path (Ch 600.00 m to Ch 1600.00 m) under Mukhya Mantr","MMPPNA_RIDF_XXXI_25_26_149 Construction of Road from (i) 312 No. Khowang Grant to Kherkata (Ch 0.00 m to Ch 1400.00 m), (ii) Boralimari Path (from Ch 0.00 m to Ch 1000.00 m), (iii) Moran Ahom Gaon Path (Ch 600.00 m to Ch 1600.00 m) under Mukhya Mantr",Works,Open Tender,Item Rate,Civil Works – Roads,No,No,NA ,14-Jul-2025 06:00 PM,17-Jul-2025 12:00 PM ,180.0,No ,No,Online,28-Jul-2025 02:30 PM,Public Works Roads Department,Tingkhong,786612.0,2.0,"3,02,28,000",NUMAL SAIKIA,"30,225,000",Accepted-AOC,10-Feb-2026,Public Works Roads Department
2025_PWRDW_46409_11,CE/EAP/ARRBP/BR/01/2024/19,ARRBP/OCB/ Bridge-1/Karbi Anglong/19 Br No. 1/1 on Bahbari to Lilujan gaon,CE/EAP/ARRBP/OCB/ Bridge1/Karbi Anglong/19 Construction of Bridge in Karbi Anglong District i) Br No. 1/1 on Bahbari to Lilujan gaon,Works,Open Tender,Item Rate,Civil Works - Bridges,No,No,NA ,14-Aug-2025 05:55 PM,20-Aug-2025 11:00 AM ,90.0,No ,No,Online,10-Sep-2025 02:30 PM,Public Works Roads Department-Externally Aided Project||Public Works Road Department- World Bank Funded Tenders||Assam State Bridge Infrastructure Program,Karbi Anglong District,782460.0,2.0,"1,78,51,000",SRI NABA KANTA BORA,"17,627,323",Rejected-Finance,16-Feb-2026,Public Works Roads Department-Externally Aided Project||Public Works Road Department- World Bank Funded Tenders||Assam State Bridge Infrastructure Program
2025_PWD_46685_37,CE/DEV/TB/60/2025-26/13 Dtd- 31.07.2025,MMPPNA_RIDF_XXXI_25_26_379 Construction of Road from Sar Rongpi gaon to Hanboka Hanboka gaon under Mukhya Mantrir Pakipath Nirman Achani (MMPPNA) under RIDF - XXXI of NABARD for the Year 2025-26,MMPPNA_RIDF_XXXI_25_26_379 Construction of Road from Sar Rongpi gaon to Hanboka Hanboka gaon under Mukhya Mantrir Pakipath Nirman Achani (MMPPNA) under RIDF - XXXI of NABARD for the Year 2025-26,Works,Open Tender,Item Rate,Civil Works – Roads,No,No,NA ,21-Aug-2025 02:30 PM,21-Aug-2025 03:00 PM ,180.0,No ,No,Online,09-Sep-2025 02:30 PM,Public Works Roads Department,Karbi Anglong,782410.0,2.0,"1,12,56,000",MD.ABDUR RAHMAN,"11,254,500",Accepted-AOC,03-Feb-2026,Public Works Roads Department
2025_APGCL_47477_1,CGM (HnC)/2025-26/KLHEP /Slope Protection/09(21),Slope protection measures at Hatidubi Dam of KLHEP,"Slope protection measures at landslide affected downstream left bank area of Hatidubi Dam, Karbi Langpi Hydroelectric Project (2 x 50 MW), West Karbi Anglong, Assam.",Works,Open Tender,Works,Civil Works - Others,No,No,NA ,12-Sep-2025 10:00 AM,NA ,180.0,No ,No,Online,07-Oct-2025 03:00 PM,Assam Power Generation Company Limited,"Hatidubi Dam, Karbi Langpi Hydroelectric Project",782450.0,2.0,"7,63,27,784",M/s Pioneer Foundation Engineers Private Limited,"55,339,926",Rejected-Finance,07-Feb-2026,Assam Power Generation Company Limited
2026_PWD_49874_1,BDTRD/SOPD-G/GWC/25-26/05,Construction of GWC road from Dipti Sakladhar House to Dhiraimajuli Link Road for the year 2025-26 under SOPD-G Barchalla LAC,Construction of GWC road from Dipti Sakladhar House to Dhiraimajuli Link Road for the year 2025-26 under SOPD-G Barchalla LAC,Works,Open Tender,Item Rate,Civil Works,No,No,NA ,05-Jan-2026 02:00 PM,08-Jan-2026 12:00 PM ,180.0,No ,No,Online,21-Jan-2026 02:00 PM,Public Works Roads Department,Barchalla,784110.0,2.0,"26,40,000",CHANDRA KUMAR SUBBA,"2,638,439",Accepted-AOC,21-Feb-2026,Public Works Roads Department
2025_PWD_45926_10,CE/DEV/TB/60/2025-26/06 Dtd- 14.07.2025,MMPPNA_RIDF_XXXI_25_26_249 Improvement of Azara Hatkhowapara Road under Mukhya Mantrir Paki Path Nirman Achani (MMPPNA) under RIDF-XXXI of NABARD for the year 2025-26.,MMPPNA_RIDF_XXXI_25_26_249 Improvement of Azara Hatkhowapara Road under Mukhya Mantrir Paki Path Nirman Achani (MMPPNA) under RIDF-XXXI of NABARD for the year 2025-26.,Works,Open Tender,Item Rate,Civil Works – Roads,No,No,NA ,26-Jul-2025 09:00 AM,04-Aug-2025 12:00 PM ,180.0,No ,No,Online,14-Aug-2025 02:30 PM,Public Works Roads Department,Jalukbari,781013.0,2.0,"3,97,92,000",Partha Thakuria,"39,792,000",Rejected-Finance,10-Feb-2026,Public Works Roads Department
2025_PWD_48899_4,CE/DEV/TB/116/2025-26/67 Dtd- 20.11.2025,ASOM_MALA_3.0_25_26_67 Improvement and Upgradation of Munphuloni Road (from Thuramukh (NH-39) to Bogijaan Road from Ch. 0.000 km (Thuramukh (NH-39)) to Ch. 7.000 km (Bhagyapur)) under Asom Mala 3.0 for the year 2025-26,ASOM_MALA_3.0_25_26_67 Improvement and Upgradation of Munphuloni Road (from Thuramukh (NH-39) to Bogijaan Road from Ch. 0.000 km (Thuramukh (NH-39)) to Ch. 7.000 km (Bhagyapur)) under Asom Mala 3.0 for the year 2025-26,Works,Open Tender,Item Rate,Civil Works – Roads,No,No,NA ,27-Nov-2025 06:55 PM,03-Dec-2025 12:00 PM ,180.0,No ,No,Online,16-Dec-2025 02:30 PM,Public Works Roads Department,Golaghat,785621.0,2.0,"24,76,88,000",Rantu Boruah,"247,687,500",Accepted-AOC,23-Feb-2026,Public Works Roads Department
2025_PWD_46647_1,NTRD/TECH/NIT/545/2025-26/1456 Date-11/08/2025,NTRD/SOPD-G/2025-26/02,"Re-construction of Steel Bridge of No.1/1 on Podum Pukhuri Road under SOPDG for the year 2025-26, under Nazira Territorial Road Division Nazira LAC",Works,Open Tender,Item Rate,Civil Works – Roads,No,No,NA ,20-Aug-2025 02:00 PM,27-Aug-2025 01:00 PM ,180.0,No ,No,Online,05-Sep-2025 02:00 PM,Public Works Roads Department,NAZIRA LAC,785685.0,2.0,,Bhorat Buragohain,"988,915",Accepted-AOC,23-Feb-2026,Public Works Roads Department
2025_PWHE_46997_1,ASTHA/GMCH/CW/01,"Expansion and modernization of Guwahati Medical College And Hospital, Guwahati, Assam","Expansion and modernization of Guwahati Medical College And Hospital, Guwahati, Assam",Works,Global Tenders,Lump-sum,Civil Works - Building,No,No,NA ,26-Aug-2025 06:30 PM,08-Sep-2025 12:00 PM ,180.0,No ,No,Online,17-Oct-2025 03:00 PM,Public Works Health and Education Department-Externally Aided Project||Public Works Health and Education Department-ADB,Guwahati,781032.0,2.0,,NCC Limited,"24,340,000,005",Rejected-AOC,05-Feb-2026,Public Works Health and Education Department-Externally Aided Project||Public Works Health and Education Department-ADB
2025_PWRDW_48953_1,EAP/ARRBP/716719/07,Construction of Bridge in Darrang district Br. No. 2/1 on Ramhari Mudoibari Road,Package No. CE/EAP/ARRBP/OCB/Bridge1/Darrang/15 Construction of Bridge in Darrang district Br. No. 2/1 on Ramhari Mudoibari Road,Works,Open Tender,Item Rate,Civil Works - Bridges,No,No,NA ,29-Nov-2025 06:00 PM,01-Dec-2025 11:00 AM ,180.0,No ,No,Online,08-Dec-2025 02:30 PM,Public Works Roads Department-Externally Aided Project||Public Works Road Department- World Bank Funded Tenders||Assam State Bridge Infrastructure Program,Darrang District,784524.0,2.0,"1,74,00,000",FAYZAL HOQUE,"17,400,000",Rejected-Finance,18-Feb-2026,Public Works Roads Department-Externally Aided Project||Public Works Road Department- World Bank Funded Tenders||Assam State Bridge Infrastructure Program
2026_PWBNH_50235_1,LBCNL/2025-26/Majuli/GAD/M-06,Construction of Development of Daily Market at Garmur under Special Development Programme atMajuli,Construction of Development of Daily Market at Garmur under Special Development Programme atMajuli,Works,Open Tender,Item Rate,Civil Works - Building,No,No,NA ,13-Jan-2026 05:00 PM,28-Jan-2026 03:00 PM ,180.0,No ,No,Online,02-Feb-2026 04:00 PM,Public Works Building and NH Department||Chief Engineer-Building - PWBNH,"LAKHIMPUR BUILDING CIRCLE, NORTH LAKHIMPUR",787001.0,2.0,"1,27,12,094",PRANAB BHUYAN,"14,986,658",Accepted-AOC,19-Feb-2026,Public Works Building and NH Department||Chief Engineer-Building - PWBNH
2025_PWHE_47129_1,IN-ASSAM PWD-510410-CW-RFB,"Construction of Class Rooms under Assam School Education and Adolescent Well-Being Project (ASAP) under Bongaigaon District Territorial Building Division, Bongaigaon for i. Sonaikola High School","Construction of Class Rooms under Assam School Education and Adolescent Well-Being Project (ASAP) under Bongaigaon District Territorial Building Division, Bongaigaon for i. Sonaikola High School",Works,Open Tender,Item Rate,Civil Works - Building,No,No,NA ,30-Aug-2025 04:30 PM,15-Sep-2025 11:30 AM ,180.0,No ,No,Online,07-Oct-2025 05:00 PM,Public Works Health and Education Department-Externally Aided Project||Public Works Health and Education Department-WB,Bongaigaon,783380.0,2.0,"3,48,61,000",KHANDAKAR JIYAUR RAHMAN,"36,952,660",Rejected-AOC,21-Feb-2026,Public Works Health and Education Department-Externally Aided Project||Public Works Health and Education Department-WB
2025_PWD_47085_19,CE/DEV/TB/60/2025-26/15 Dtd- 06.08.2025,"MMPPNA_RIDF_XXXI_25_26_418 Improvement of (1) Santipur Khoraghat road (Ch. 0.00 m to Ch. 1000.00 m), (2) Kuthipara (Kodomtola) village road (Ch. 0.00 m to Ch. 1000.00 m), (3) road from Lowpara to Jordulpara village road (Ch. 0.00 m to Ch. 1000.00 m),","MMPPNA_RIDF_XXXI_25_26_418 Improvement of (1) Santipur Khoraghat road (Ch. 0.00 m to Ch. 1000.00 m), (2) Kuthipara (Kodomtola) village road (Ch. 0.00 m to Ch. 1000.00 m), (3) road from Lowpara to Jordulpara village road (Ch. 0.00 m to Ch. 1000.00 m),",Works,Open Tender,Item Rate,Civil Works – Roads,No,No,NA ,30-Aug-2025 02:00 PM,04-Sep-2025 12:00 PM ,180.0,No ,No,Online,19-Sep-2025 02:30 PM,Public Works Roads Department,Bilasipara,783348.0,2.0,"4,75,25,000",DEBAJIT PATGIRI,"47,520,000",Accepted-AOC,27-Feb-2026,Public Works Roads Department
2025_SEED_45968_1,ASDM-3707/2025/Udalguri,Udalguri PLSDTP,Udalguri PLSDTP,Services,Open Tender,EOI,Miscellaneous Services,No,No,NA ,28-Jul-2025 05:00 PM,NA ,180.0,No ,No,Online,20-Aug-2025 01:00 PM,Skill Employment and Entrepreneurship Department||Assam Skill Development Mission,Assam Skill Development Mission,781035.0,1.0,"18,70,500",NRDS Management Private Limited,"1,840,500",Not Admitted-Fee/PreQual/Technical/Finance,04-Feb-2026,Skill Employment and Entrepreneurship Department||Assam Skill Development Mission
2025_PWD_47032_1,CE/DEV/TB/54/2025-26/12 Dtd- 14.08.2025,MMUPPNA_RIDF_XXXI_25_26_42 Improvement and Upgradation of Road from Panigaon Chariali to Dimaruguri Tiniali under Mukhya Mantrir Unnata Pakipath Nirman Achani (MMUPPNA) under RIDF-XXXI of NABARD for the year 2025-26.,MMUPPNA_RIDF_XXXI_25_26_42 Improvement and Upgradation of Road from Panigaon Chariali to Dimaruguri Tiniali under Mukhya Mantrir Unnata Pakipath Nirman Achani (MMUPPNA) under RIDF-XXXI of NABARD for the year 2025-26.,Works,Open Tender,Item Rate,Civil Works – Roads,No,No,NA ,27-Aug-2025 06:00 PM,02-Sep-2025 12:00 PM ,180.0,No ,No,Online,16-Sep-2025 02:30 PM,Public Works Roads Department,Nagaon,782001.0,2.0,"3,06,46,000",Premdhan Construction Co,"30,645,375.3",Accepted-AOC,25-Feb-2026,Public Works Roads Department
2025_PWD_48127_1,No. SE/NRC/TB/NIT/12/2021-22/89,"Const. of Road at Hatimura including const. of drain, footpath and protection work towards Hatimura Temple with development of Beldonga Shiv Mandir campus and imp. of approach road and parking area of Kaliabor B.Ed College under SOPD-G for 2025-26","Const. of Road at Hatimura including const. of drain, footpath and protection work towards Hatimura Temple with development of Beldonga Shiv Mandir campus and imp. of approach road and parking area of Kaliabor B.Ed College under SOPD-G for 2025-26",Works,Open Tender,Item Rate,Civil Works – Roads,No,No,NA ,17-Oct-2025 03:00 PM,NA ,180.0,No ,No,Online,07-Nov-2025 03:00 PM,Public Works Roads Department||CE PWD(R) - PWD,Kaliabor,782137.0,2.0,"1,69,93,300",Madhab Enterprise,"16,993,300",Accepted-AOC,17-Feb-2026,Public Works Roads Department||CE PWD(R) - PWD
2026_BoTC_50306_1,TECH_36/SEB/IFB/2024_25/72,"Proposed Renovation of Auditorium Building for Girls College, Kokrajhar, BTR, AssamTN_31_R","Proposed Renovation of Auditorium Building for Girls College, Kokrajhar, BTR, AssamTN_31_R",Works,Open Tender,Works,Civil Works - Building,No,No,NA ,17-Jan-2026 03:00 PM,NA ,180.0,No ,No,Online,06-Feb-2026 02:00 PM,Bodoland Territorial Council||PWD-BTC,Kokrajhar,783370.0,2.0,"64,64,520",Manik Sarkar,"6,462,680",Rejected-Finance,24-Feb-2026,Bodoland Territorial Council||PWD-BTC
2025_PWD_48060_6,CE/MAINT/SOPDG/01/2025-26/40,MAINT/SOPD-G/2025-26/135,MAINT/SOPD-G/2025-26/135_1_Improvement of Road from Jatiya Vidyalaya to Dakshin Rehabari and Pamelichupa approaches 2_Improvement of Road from Ext. OBK Road to Doloigaon_Kuwara under SOPD_G for the year 2025-26,Works,Open Tender,Item Rate,Civil Works – Roads,No,No,NA ,16-Oct-2025 02:00 PM,17-Oct-2025 12:00 PM ,180.0,No ,No,Online,31-Oct-2025 04:00 PM,Public Works Roads Department,Bajali,781325.0,2.0,"1,31,89,000",Parag Moni Sen Deka,"13,189,000",Accepted-AOC,21-Feb-2026,Public Works Roads Department
2025_DoWR_48166_1,JORHAT/2025-26/NDMF/III,Augmentation of Storage Capacity of Kawoimari Beel for flood regulation.,Augmentation of Storage Capacity of Kawoimari Beel for flood regulation.,Works,Open Tender,Works,Civil Works,No,No,NA ,18-Oct-2025 06:55 PM,NA ,180.0,No ,No,Online,07-Nov-2025 03:00 PM,Department of Water Resources||Chief Engineer - DoWR,JORHAT,785001.0,2.0,"21,20,53,034",RAM SAGAR PRASAD,"212,053,033.95",Rejected-AOC,04-Feb-2026,Department of Water Resources||Chief Engineer - DoWR
2025_PWD_47585_4,CE/DEV/TB/116/2025-26/07 Dtd- 22.08.2025,ASOM_MALA_3.0_25_26_20 Improvement and Upgradation of Nayahat to Sonamoyee Road under Asom Mala 3.0 for the year 2025-26,ASOM_MALA_3.0_25_26_20 Improvement and Upgradation of Nayahat to Sonamoyee Road under Asom Mala 3.0 for the year 2025-26,Works,Open Tender,Item Rate,Civil Works – Roads,No,No,NA ,18-Sep-2025 06:00 PM,19-Sep-2025 12:00 PM ,180.0,No ,No,Online,07-Oct-2025 02:30 PM,Public Works Roads Department,Dhubri,783301.0,2.0,"43,99,43,000",Shree Gautam Construction Co. Ltd.,"439,943,000",Rejected-Finance,27-Feb-2026,Public Works Roads Department
2025_PWBNH_49060_1,SE(B)/JHT/C/S/S-05/2025-26/633,"Construction of Boundary Wall at proposed Assam Chah Janagusthiya Samannay Kalakhetra at Hatikhuli, Bokakhat under Golaghat District, Assam under the Scheme Assam Chah Janagusthiya Samannary Kalakshetra for the year 2023 24 (BALANCE WORK)","Construction of Boundary Wall at proposed Assam Chah Janagusthiya Samannay Kalakhetra at Hatikhuli, Bokakhat under Golaghat District, Assam under the Scheme Assam Chah Janagusthiya Samannary Kalakshetra for the year 2023 24 (BALANCE WORK)",Works,Open Tender,Item Rate,Civil Works - Building,No,No,NA ,05-Dec-2025 03:00 PM,09-Dec-2025 11:00 AM ,180.0,No ,No,Online,18-Dec-2025 03:00 PM,Public Works Building and NH Department||Chief Engineer-Building - PWBNH,"Hatikhuli, Bokakhat",785609.0,2.0,"1,63,51,770",DHANUKA CONSTRUCTION,"14,307,700",Accepted-AOC,04-Feb-2026,Public Works Building and NH Department||Chief Engineer-Building - PWBNH
2025_PWD_47172_7,CE/STBR/SOPD G/NIT/07/2025-26/16 Dated 18-08-2025,"STBR/SOPD-G/Amri-01/07 (I) Construction by ICBP of a Road from Assam Mala Road to Bhartat Engti Arong under MMPPNA (SOPD-G) for the year 2025-26, (II) Construction by ICBP of a Road from Sericulture Muga FarmRoad to Don bosco Road under MMPPNA (SOPD","STBR/SOPD-G/Amri-01/07 (I) Construction by ICBP of a Road from Assam Mala Road to Bhartat Engti Arong under MMPPNA (SOPD-G) for the year 2025-26, (II) Construction by ICBP of a Road from Sericulture Muga FarmRoad to Don bosco Road under MMPPNA (SOPD",Works,Open Tender,Item Rate,Civil Works – Roads,No,No,NA ,03-Sep-2025 09:00 AM,08-Sep-2025 11:00 AM ,180.0,No ,No,Online,19-Sep-2025 11:00 AM,Public Works Roads Department,Hamren,782486.0,2.0,"2,24,36,000",M/S BABA ENGINEERING,"22,435,999",Rejected-AOC,10-Feb-2026,Public Works Roads Department
2025_IPRPS_47343_1,E-1403513,FOR PRINTING AND SUPPLY OF INVITATION LETTERS,supply of FOR PRINTING AND SUPPLY OF INVITATION LETTERS FOR MUKHYAMANTRI MAHILA UDYAMITA ABHIYAAN(MMUA),Goods,Open Tender,Item Rate,Miscellaneous Goods,No,No,NA ,06-Sep-2025 05:00 PM,NA ,180.0,No ,No,Online,15-Sep-2025 01:00 PM,Information - Public Relations - Printing and Stationery Department||Directorate of Printing and Stationery-Assam,Guwahati,781006.0,2.0,"2,50,00,000",AM PUBLICATION,"18,377,961.4",Accepted-AOC,03-Feb-2026,Information - Public Relations - Printing and Stationery Department||Directorate of Printing and Stationery-Assam
2025_ID_49598_1,7 (SOPD-G) 2025-26 Date_22_12_2025,Renovation I.I.S from Kollong River SOPD-G year 2025-26 Nagaon Batadrava Raha Barhampur Div (I),Renovation I.I.S from Kollong River SOPD-G year 2025-26 Nagaon Batadrava Raha Barhampur Div (I),Works,Open Tender,Item Rate,Civil Works,No,No,NA ,23-Dec-2025 06:00 PM,NA ,180.0,No ,No,Online,17-Jan-2026 10:00 AM,Irrigation Department||Chief Engineer(Major)-Irrigation Dept,Nagaon,782001.0,2.0,"2,00,07,689",Mantu Kumar Nath,"20,007,600",Rejected-Finance,24-Feb-2026,Irrigation Department||Chief Engineer(Major)-Irrigation Dept
2025_PWBNH_48986_1,EE(N)/MRI/NMCH/02/2025-26/1459,Repairing Renovation upgradation of Reception Counter area along with 2 Nos Room attached to MRI Unit at Nalbari Medical College and Hospital,Repairing Renovation upgradation of Reception Counter area along with 2 Nos Room attached to MRI Unit at Nalbari Medical College and Hospital,Works,Open Tender,Item Wise,Civil Works - Building,No,No,NA ,01-Dec-2025 06:00 PM,18-Dec-2025 10:00 AM ,180.0,No ,No,Online,20-Dec-2025 03:00 PM,Public Works Building and NH Department||Chief Engineer-Building - PWBNH||SE-Nalbari Building Circle PWBNH||Nalbari District Teritorial Building Division,"Dakshingaon, Ghograpar",781350.0,2.0,"30,61,678",M/S SUNGHILLA ENTERPRISE,"3,141,300",Not Admitted-Fee/PreQual/Technical,10-Feb-2026,Public Works Building and NH Department||Chief Engineer-Building - PWBNH||SE-Nalbari Building Circle PWBNH||Nalbari District Teritorial Building Division
2025_DoWC_49152_1,CH/OH(TF)01/2024/22,Supply of Dietry and Non Dietry Articles,Supply of Dietry and Non Dietry Articles,Goods,Open Tender,Item Wise,Miscellaneous Goods,No,No,NA ,10-Dec-2025 01:00 PM,NA ,180.0,No ,No,Online,05-Jan-2026 02:00 PM,"Department of Women and Child Development||Directorate of Women and Child Development||State Child Protection Society||Children Home for Girls, Jalukbari",Jalukbari,781014.0,2.0,,M/S SARAIGHAT TRADERS,"384,155.05",Rejected-Technical,12-Feb-2026,"Department of Women and Child Development||Directorate of Women and Child Development||State Child Protection Society||Children Home for Girls, Jalukbari"
2025_PWD_45408_71,CE/DEV/TB/60/2025-26/01 Dtd- 21.06.2025,MMPPNA_RIDF_XXXI_25_26_121 Construction of (1) Ghanaphulguri Road Connecting Hatidubi (2) Moinajuli TE Line Road (3) Jungle line Church line road under Mukhya Mantrir Paki Path Nirman Achani (MMPPNA) under RIDF-XXXI of NABARD for the year 2025-26.,MMPPNA_RIDF_XXXI_25_26_121 Construction of (1) Ghanaphulguri Road Connecting Hatidubi (2) Moinajuli TE Line Road (3) Jungle line Church line road under Mukhya Mantrir Paki Path Nirman Achani (MMPPNA) under RIDF-XXXI of NABARD for the year 2025-26.,Works,Open Tender,Item Rate,Civil Works – Roads,No,No,NA ,11-Jul-2025 09:00 AM,17-Jul-2025 12:00 PM ,180.0,No ,No,Online,28-Jul-2025 02:30 PM,Public Works Roads Department,Rangapara,784505.0,2.0,"3,51,06,000",M/S S.H. Enterprise,"35,103,000",Accepted-AOC,19-Feb-2026,Public Works Roads Department
2023_MMD_34926_1,GM/ET/505/4434,Detailed Exploration in the Amlokhi Area in Karbi Anglong District in State of Assam,Detailed Exploration in the Amlokhi Area in Karbi Anglong District in State of Assam,Services,Open Tender,Item Rate,Miscellaneous Services,No,No,NA ,22-Dec-2023 01:00 PM,NA ,120.0,No ,No,Online,01-Feb-2024 01:00 PM,Mines and Minerals Department||Directorate of Geology and Mining,Karbi Anglong,782461.0,2.0,"1,80,00,000",Maheshwaree Mining Private Limited,"13,600",Accepted-AOC,19-Feb-2026,Mines and Minerals Department||Directorate of Geology and Mining
2025_PWD_45926_77,CE/DEV/TB/60/2025-26/06 Dtd- 14.07.2025,MMPPNA_RIDF_XXXI_25_26_264 Construction of Road from (1) HPC Material Gate to Sannyashi Mandir (2) 1518 No. Kalinagar LP School to Salimabadh ME School at Kelma Part-V Village under Mukhya Mantrir Paki Path Nirman Achani (MMPPNA) under RIDF-XXXI of N,MMPPNA_RIDF_XXXI_25_26_264 Construction of Road from (1) HPC Material Gate to Sannyashi Mandir (2) 1518 No. Kalinagar LP School to Salimabadh ME School at Kelma Part-V Village under Mukhya Mantrir Paki Path Nirman Achani (MMPPNA) under RIDF-XXXI of N,Works,Open Tender,Item Rate,Civil Works – Roads,No,No,NA ,30-Jul-2025 09:00 AM,04-Aug-2025 12:00 PM ,180.0,No ,No,Online,14-Aug-2025 02:30 PM,Public Works Roads Department,Katigorah,788805.0,2.0,"2,48,44,000",Kamalendu Chakraborty,"24,832,690",Rejected-Finance,27-Feb-2026,Public Works Roads Department
2025_PWD_48240_1,KSTRD/SOPD(G)/63/2024-25/1894,Reconstruction of Road from Kawaimari to Missamukh via Rahdhala under SOPD-G for the year 2025-26,Reconstruction of Road from Kawaimari to Missamukh via Rahdhala under SOPD-G for the year 2025-26,Works,Open Tender,Item Rate,Civil Works – Roads,No,No,NA ,27-Oct-2025 10:00 AM,NA ,180.0,No ,No,Online,17-Nov-2025 03:00 PM,Public Works Roads Department,Kaliabor,782137.0,2.0,"45,84,000",SRI DIPAK BARUAH,"4,583,345",Rejected-Finance,06-Feb-2026,Public Works Roads Department
2025_SEED_45976_1,ASDM-3697/2025/Lakhimpur,Lakhimpur PLSDTP,Lakhimpur PLSDTP,Services,Open Tender,EOI,Miscellaneous Services,No,No,NA ,28-Jul-2025 05:00 PM,NA ,180.0,No ,No,Online,20-Aug-2025 01:00 PM,Skill Employment and Entrepreneurship Department||Assam Skill Development Mission,Assam Skill Development Mission,781035.0,1.0,"6,80,475",INSTITUTE OF COMPUTER AND INFOTECH,"665,475",Not Admitted-Fee/PreQual/Technical/Finance,04-Feb-2026,Skill Employment and Entrepreneurship Department||Assam Skill Development Mission
2025_PWD_48238_1,CE/STBR/ SOPD-G/NIT/07/2025-26/33 Dtd. 16-10-2025,"Procurement and Launching of (1) 140 ft. TSR, standard width, Steel deck, 2T ransom Per Bay Bailey Bridge across Bhengrai under SOPD-G under PWRD, Bokakhat and Dergaon Territorial Road Division, Bokakhat including transportation of Bridge and Nose co","Procurement and Launching of (1) 140 ft. TSR, standard width, Steel deck, 2T ransom Per Bay Bailey Bridge across Bhengrai under SOPD-G under PWRD, Bokakhat and Dergaon Territorial Road Division, Bokakhat including transportation of Bridge and Nose co",Works,Open Tender,Item Rate,Civil Works – Roads,No,No,NA ,27-Oct-2025 09:00 AM,NA ,180.0,No ,No,Online,04-Nov-2025 11:00 AM,Public Works Roads Department,Dergaon,785614.0,2.0,"2,34,22,659",MANNAN AKHTER AHMED,"23,422,600",Accepted-AOC,07-Feb-2026,Public Works Roads Department
2025_AHVD_48615_1,E-350300/870,"Construction of Store with Storekeeper room at 20000 LPD Milk Processing Plant, Patacharkuchi Bajali under NEC Scheme","Construction of Store with Storekeeper room at 20000 LPD Milk Processing Plant, Patacharkuchi Bajali under NEC Scheme",Works,Open Tender,Item Rate,Civil Works,No,No,NA ,13-Nov-2025 06:00 PM,20-Nov-2025 02:00 PM ,180.0,No ,No,Online,05-Dec-2025 03:00 PM,Animal Husbandry and Veterinary Department||Directorate of Dairy Development,"Bajali, Patacharkuchi",781325.0,2.0,"28,55,029",KABENDRA DEKA,"2,850,000",Rejected-Technical,04-Feb-2026,Animal Husbandry and Veterinary Department||Directorate of Dairy Development
2025_PHED_47880_1,PHE/G-II/TC-218/25-26/3054-59,upgradation and laying of 65mm dia GI water distribution pumping pipeline around the veterinary playground at khanapara under SOPD-G for the year 2024-25,upgradation and laying of 65mm dia GI water distribution pumping pipeline around the veterinary playground at khanapara under SOPD-G for the year 2024-25,Works,Open Tender,Item Rate,Civil Works,No,No,NA ,09-Oct-2025 04:00 PM,14-Oct-2025 01:00 PM ,90.0,No ,No,Online,24-Oct-2025 04:00 PM,Public Health Engineering Department||Chief Engineer PHE(P)-Assam-PHED||Lower Assam Zone-Guwahati-PHED||Guwahati Circle-Guwahati-PHED,KHANAPARA,781022.0,2.0,"26,86,400",RUPAM KUMAR DAS,"2,686,000",Rejected-Technical,22-Jan-2026,Public Health Engineering Department||Chief Engineer PHE(P)-Assam-PHED||Lower Assam Zone-Guwahati-PHED||Guwahati Circle-Guwahati-PHED
2025_UDD_48269_1,DMC/TECH/6TH ASFC/531/Pt/2025/4229,Development of Chiring Chapori Cremation Ground (Siroshant) at Dibrugarh,Development of Chiring Chapori Cremation Ground (Siroshant) at Dibrugarh,Works,Open Tender,Works,Civil Works,No,No,NA ,27-Oct-2025 06:55 PM,NA ,180.0,No ,No,Online,17-Nov-2025 03:00 PM,Urban Development Department||Directorate of Municipality Administration - UDD||Dibrugarh Municipal Board,Dibrugarh,786001.0,2.0,"23,25,553",PRAKASH SARMAH,"2,092,997.7",Not Admitted-Fee/PreQual/Technical,07-Feb-2026,Urban Development Department||Directorate of Municipality Administration - UDD||Dibrugarh Municipal Board
2025_PWBNH_49529_1,EE/NKTBD/InteriorLawUni,"Interior works of VC Residence at National Law University, Amingaon, Guwahati-31","Interior works of VC Residence at National Law University, Amingaon, Guwahati-31",Works,Open Tender,Item Wise,Civil Works - Building,No,No,NA ,20-Dec-2025 04:15 PM,22-Dec-2025 12:00 PM ,180.0,No ,No,Online,12-Jan-2026 04:00 PM,Public Works Building and NH Department||Chief Engineer-Building - PWBNH,"Amingaon, Guwahati",781031.0,2.0,"47,42,343",M/S OMKARA ASSOCIATES,"4,742,343",Rejected-AOC,12-Feb-2026,Public Works Building and NH Department||Chief Engineer-Building - PWBNH
2025_BTC_49362_1,ACE-25/PWD/IFB/BTC/25-26/21,Construction of Morgue at Udalguri Civil Hospital in Udalguri District. (Package No. TN_54_2),Construction of Morgue at Udalguri Civil Hospital in Udalguri District.,Works,Open Tender,Item Rate,Civil Works - Building,No,No,NA ,15-Dec-2025 12:00 PM,NA ,180.0,No ,No,Online,06-Jan-2026 03:00 PM,Bodoland Territorial Council-PWD||Director Cum CHD - PWD BTC,Udalguri,784509.0,2.0,"48,65,697",MRS. SANGRILA BRAHMA,"4,864,500",Rejected-AOC,04-Feb-2026,Bodoland Territorial Council-PWD||Director Cum CHD - PWD BTC
2022_PWBNH_26543_5,"CE/BLDG/ARC-II/65/2022/08 Dated 1st August, 2022","PMC services for Construction of Proposed District Sports Stadium Complex at Bathouphuri, Mushalpur in the District of Baksa (BTR), Assam","PMC services for Construction of Proposed District Sports Stadium Complex at Bathouphuri, Mushalpur in the District of Baksa (BTR), Assam",Works,Open Tender,Item Rate,Civil Works - Building,No,No,NA ,04-Aug-2022 03:00 PM,10-Aug-2022 03:30 PM ,180.0,No ,No,Online,06-Sep-2022 02:00 PM,Public Works Building and NH Department||Chief Engineer-Building - PWBNH,Mushalpur,781373.0,2.0,"90,15,346",IRCLASS SYSTEMS AND SOLUTIONS PVT LTD,"8,339,195",Rejected-AOC,09-Feb-2026,Public Works Building and NH Department||Chief Engineer-Building - PWBNH
2025_PWD_49668_13,CE/Commn/192/2025-26/9,PDNA/ Bongaigaon /01,Recovery and Reconstruction of (1) Bhandra I to Bhandra V road (2) SH2(Deohati to Santoshpur ) Road (3) Approaches of ARCH bridge No-6/1 and SPT bridge No-5/1 to Kakoijana ECO tourism spot under NDRF (PDNA-2022) for the year 2025-26,Works,Open Tender,Item Rate,Civil Works – Roads,No,No,NA ,26-Dec-2025 06:00 PM,02-Jan-2026 04:00 PM ,180.0,No ,No,Online,08-Jan-2026 02:30 PM,Public Works Roads Department||CE PWD(R) - PWD||Traffic Engineering Cell - PWD,BONGAIGAON,783101.0,2.0,"61,83,000",NEWTECH GROUP OF CONSTRUCTION,"6,182,000",Rejected-AOC,27-Feb-2026,Public Works Roads Department||CE PWD(R) - PWD||Traffic Engineering Cell - PWD
2026_WPTBC_50628_1,SCDCBadatiAC,"Construction of Additional Classroom at Badati Janajatiya High School, Dist.Lakhimpur","Construction of Additional Classroom at Badati Janajatiya High School, Dist.Lakhimpur",Works,Open Tender,Item Rate,Civil Works,No,No,NA ,30-Jan-2026 10:00 AM,NA ,180.0,No ,No,Online,05-Feb-2026 03:00 PM,Welfare of Plain Tribes and Backward Classes||Directorate of Welfare of Scheduled Caste||Assam State Development Corporation for SC,"DISPUR, GHY-06",781006.0,2.0,"25,00,000",Pradip Patir,"2,500,000",Accepted-AOC,25-Feb-2026,Welfare of Plain Tribes and Backward Classes||Directorate of Welfare of Scheduled Caste||Assam State Development Corporation for SC
2026_BTC_50204_1,125/ACE/NIT/Infra/BTC/2022-23,"Construction of Food Processing Plant with Cold Storage Facility at Nakuchi, Baksa District in Assam on EPC (Engineering, Procurement and Construction) Mode-I.","Construction of Food Processing Plant with Cold Storage Facility at Nakuchi, Baksa District in Assam on EPC (Engineering, Procurement and Construction) Mode-I.",Works,Open Tender,Works,Civil Works,No,No,NA ,13-Jan-2026 10:00 AM,19-Jan-2026 12:00 PM ,180.0,No ,No,Online,28-Jan-2026 03:00 PM,Bodoland Territorial Council-PWD||Director Cum CHD - PWD BTC,Baksa,781372.0,2.0,"36,51,27,855",Sogani Commercial,"385,285,000",Rejected-AOC,21-Feb-2026,Bodoland Territorial Council-PWD||Director Cum CHD - PWD BTC
2025_PWD_45495_6,CE/Commn/16/202526/3,Bihpuria / MMPNA/1,"Re construction of road from Bangalmara to Tinthengia road From Ch.0.00m to 4500.00m, L 4.5 Km MMPNA under SOPD-G (State Priority Scheme) for the year 2025-26 (Bihpuria LAC).",Works,Open Tender,Works,Civil Works – Roads,No,No,NA ,11-Jul-2025 11:00 AM,18-Jul-2025 04:00 PM ,180.0,No ,No,Online,30-Jul-2025 02:30 PM,Public Works Roads Department||CE PWD(R) - PWD||Traffic Engineering Cell - PWD,Bihpuria,784161.0,2.0,"1,12,49,900",Gokul Chetri,"11,244,999",Accepted-AOC,18-Feb-2026,Public Works Roads Department||CE PWD(R) - PWD||Traffic Engineering Cell - PWD
2025_PWD_44146_1,CS/JTRD/SOPD-G/6/2025-26,Restoration of damaged road surface from caused due to underground water supply pipe laying under Guwahati Water Supply Project along roads executed by L and T Construction under Jalukbari TRD for the the year 25 26 III,Restoration of damaged road surface from caused due to underground water supply pipe laying under Guwahati Water Supply Project along roads executed by L and T Construction under Jalukbari TRD under SOPD G for the year 25 26 III,Works,Open Tender,Item Rate,Civil Works – Roads,No,No,NA ,29-Apr-2025 02:00 PM,02-May-2025 02:00 PM ,180.0,No ,No,Online,14-May-2025 04:00 PM,Public Works Roads Department,various location,781011.0,2.0,"2,21,46,104",DHRUBA JYOTI SARMA,"22,146,103.46",Accepted-AOC,10-Feb-2026,Public Works Roads Department
2025_UDD_48208_1,LMB.363/15th FC/Tied/2025-26/394,Construction Of RCC Drain For Removal of Stagnant Water And Solid Waste and For Proper Waste Water Disposal of Promoteswar ByLane At Ward No 01 Lakhipur Municipal Board,Construction Of RCC Drain For Removal of Stagnant Water And Solid Waste and For Proper Waste Water Disposal of Promoteswar ByLane At Ward No 01 Lakhipur Municipal Board under 15th FC Tied grants for the year 2023-2024 during 2024-25,Works,Open Tender,Works,Civil Works – Roads,No,No,NA ,22-Oct-2025 04:30 PM,NA ,180.0,No ,No,Online,13-Nov-2025 01:10 PM,Urban Development Department||Directorate of Municipality Administration - UDD||Lakhipur Municipal Board,LAKHIPUR CACHAR ASSAM,788103.0,2.0,"23,45,924",SRI RAJAT GHOSH,"2,345,924",Accepted-AOC,06-Feb-2026,Urban Development Department||Directorate of Municipality Administration - UDD||Lakhipur Municipal Board
2024_PNRD_37380_1,SIPRD/TECH/19/2023/50,Construction of Hostel Building G Plus 1 for DPRC at Tamulpur,Construction of Hostel Building G Plus 1 for DPRC at Tamulpur,Works,Open Tender,Item Wise,Civil Works - Building,No,No,NA ,16-Mar-2024 05:15 PM,20-Mar-2024 12:00 PM ,180.0,No ,No,Online,03-Apr-2024 04:00 PM,Principal Secretary- P and RD- Assam Secretariat||Commissioner- P and RD- PNRD||State Institute of Rural Development - SIRD - PNRD,Tamulpur,781367.0,2.0,"93,88,526",M/S STAR INDIA,"6,356,072.66",Rejected-AOC,02-Feb-2026,Principal Secretary- P and RD- Assam Secretariat||Commissioner- P and RD- PNRD||State Institute of Rural Development - SIRD - PNRD
2025_PWD_45820_17,CE/STBR/SOPD-G/NIT/07/2025 26/1 Dated 26-06-2025,"STBR/SOPD-G/Dhekiajuli -02/114 Improvement of Road from Maidangpur to Amshumai road, Improvement of Road from DSA Field Road and Repairing And Renovation of Office Building of the EE Barchalla And Dhekiajuli Territorial Road Division, and Construc","STBR/SOPD-G/Dhekiajuli -02/114 Improvement of Road from Maidangpur to Amshumai road, Improvement of Road from DSA Field Road and Repairing And Renovation of Office Building of the EE Barchalla And Dhekiajuli Territorial Road Division, and Construc",Works,Open Tender,Item Rate,Civil Works – Roads,No,No,NA ,22-Jul-2025 04:00 PM,30-Jul-2025 11:00 AM ,180.0,No ,No,Online,11-Aug-2025 11:00 AM,Public Works Roads Department,Dhekiajuli,784110.0,2.0,"1,72,28,000",MANOJ TALUKDAR,"17,227,966",Rejected-AOC,24-Feb-2026,Public Works Roads Department
2025_PWD_47008_1,Tech/2083 dated 18/08/2025,Construction of Udiana Balisatra Road at Adarsha High School to East Baralia Embankment via Barhampur village from ch. 0.00 km to 0.580 km under SOPD-G for the year 2025-26,Construction of Udiana Balisatra Road at Adarsha High School to East Baralia Embankment via Barhampur village from ch. 0.00 km to 0.580 km under SOPD-G for the year 2025-26 Pkg. no. NKTRD(R)/ SOPD(G)/ 2025-26/16,Works,Open Tender,Item Rate,Civil Works – Roads,No,No,NA ,27-Aug-2025 11:00 AM,27-Aug-2025 12:00 PM ,180.0,No ,No,Online,08-Sep-2025 01:00 PM,Public Works Roads Department,Rangia LAC,781354.0,2.0,"49,24,000",Manjyoti Infrastructer,"4,924,000",Accepted-AOC,15-Feb-2026,Public Works Roads Department
2026_WPTBC_50410_1,PTDC/Engg/2026-27/472,Construction of Hostel Harisinga Higher Secondary School at Udalguri under Dharti Aaba Janjatiya Gram Urkarsh Abhiyan during the year 2025-26.,Construction of Hostel Harisinga Higher Secondary School at Udalguri under Dharti Aaba Janjatiya Gram Urkarsh Abhiyan during the year 2025-26.,Works,Open Tender,Item Rate,Civil Works,No,No,NA ,21-Jan-2026 05:15 PM,22-Jan-2026 11:30 AM ,180.0,No ,No,Online,05-Feb-2026 03:00 PM,Welfare of Plain Tribes and Backward Classes||Director - WPT and BC||Assam Plains Tribes Development Corporation Ltd.,Harisinga Udalguri,784510.0,2.0,"2,51,00,000",Devajit Kutum,"22,590,000",Accepted-AOC,13-Feb-2026,Welfare of Plain Tribes and Backward Classes||Director - WPT and BC||Assam Plains Tribes Development Corporation Ltd.
2025_GMC_47797_3,GER/CE/2504/2025/16 Dated_25/09/2025,Construction of Community Hall under Ward No.28,Construction of Various Community Hall under Guwahati Municipal Corporation,Works,Open Tender,Lump-sum,Civil Works,No,No,NA ,03-Oct-2025 06:00 PM,08-Oct-2025 12:00 PM ,120.0,No ,No,Online,24-Oct-2025 02:30 PM,Guwahati Municipal Corporation,Guwahati,781006.0,2.0,,M/S CREATIVE POWER ENTERPRISE,"1,735,000",Rejected-AOC,23-Feb-2026,Guwahati Municipal Corporation
2025_PWD_45818_13,CE/Commn/16/2025-26/04,Majuli/SOPD/04,"Construction of 1)Ratanpur Gabhorumelia Road 2)Mayengia Village Road under SOPD-G for the year 2025-26 ,Majuli LAC, under Majuli District Territorial Road division.",Works,Open Tender,Item Rate,Civil Works – Roads,No,No,NA ,22-Jul-2025 12:00 PM,28-Jul-2025 04:00 PM ,180.0,No ,No,Online,11-Aug-2025 02:30 PM,Public Works Roads Department,Majuli,785106.0,2.0,"1,13,88,900",LAKHYAJIT KAMAN,"11,386,900",Accepted-AOC,25-Feb-2026,Public Works Roads Department
2025_PWBNH_49378_1,SE/BII/BKS_UTTAR_FULUNG,Construction of Boundary Wall and Earth Filling For Farmers Development Centre of Bharatiya Kishan Sangha Assam at Uttar Fulung North Guwahati Dist. Kamrup,Construction of Boundary Wall and Earth Filling For Farmers Development Centre of Bharatiya Kishan Sangha Assam at Uttar Fulung North Guwahati Dist. Kamrup,Works,Open Tender,Item Wise,Civil Works - Building,No,No,NA ,17-Dec-2025 12:00 PM,22-Dec-2025 12:00 PM ,180.0,No ,No,Online,09-Jan-2026 11:30 AM,Public Works Building and NH Department||Chief Engineer-Building - PWBNH||SE-Guwahati Circle-2 - PWBNH,"Uttar Fulung, North Guwahati",781030.0,2.0,"94,09,120",Parag Kalita,"9,997,323",Accepted-AOC,02-Feb-2026,Public Works Building and NH Department||Chief Engineer-Building - PWBNH||SE-Guwahati Circle-2 - PWBNH
2025_NHM_49708_22,NHM-Const-I/1373076/2025,"Construction of New PHC at Singimari SD in NAGAON District under XV-FC Health Grant under NHM, Assam","Construction of New PHC at Singimari SD in NAGAON District under XV-FC Health Grant under NHM, Assam",Works,Open Tender,Turn-key,Civil Works - Building,No,No,NA ,29-Dec-2025 06:00 PM,NA ,225.0,No ,No,Online,20-Jan-2026 03:30 PM,National Health Mission||State Programme Management Unit - NHM,Nagaon,782001.0,2.0,"2,42,82,945",M/s S.B.B. Associates,"24,282,500",Rejected-Finance,28-Feb-2026,National Health Mission||State Programme Management Unit - NHM
2025_PWD_45408_58,CE/DEV/TB/60/2025-26/01 Dtd- 21.06.2025,MMPPNA_RIDF_XXXI_25_26_139 Construction of (1) Road Debisingghat Road to Gorokhia Than (Length - 1000.00m) (2) Road from 4th KM of Tinmile to Bhitarsuti PMGSY Road to NH-715 via Bishnu Mandir (Length - 1260.00m) (3) Jahajduba Khanamukh road to Parmai,MMPPNA_RIDF_XXXI_25_26_139 Construction of (1) Road Debisingghat Road to Gorokhia Than (Length - 1000.00m) (2) Road from 4th KM of Tinmile to Bhitarsuti PMGSY Road to NH-715 via Bishnu Mandir (Length - 1260.00m) (3) Jahajduba Khanamukh road to Parmai,Works,Open Tender,Item Rate,Civil Works – Roads,No,No,NA ,10-Jul-2025 09:00 AM,17-Jul-2025 12:00 PM ,180.0,No ,No,Online,28-Jul-2025 02:30 PM,Public Works Roads Department,Tezpur,784001.0,2.0,"3,26,04,000",MANOJ TALUKDAR,"32,603,000",Accepted-AOC,26-Feb-2026,Public Works Roads Department
2025_BTC_49087_1,ACE-25/PWD/IFB/BTC/2025-26/09,Const. of Mahiranga Phaothinsali at Khoirabari Udalguri under GAD for the FY-2025-26. (TN_56_6_R),Const. of Mahiranga Phaothinsali at Khoirabari Udalguri under GAD for the FY-2025-26.,Works,Open Tender,Item Rate,Civil Works - Building,No,No,NA ,06-Dec-2025 10:00 AM,NA ,180.0,No ,No,Online,26-Dec-2025 03:00 PM,Bodoland Territorial Council-PWD||Director Cum CHD - PWD BTC,Udalguri,784509.0,2.0,"1,09,26,659",NAIJIT DEURY,"10,925,000",Rejected-AOC,04-Feb-2026,Bodoland Territorial Council-PWD||Director Cum CHD - PWD BTC
2025_UDD_48440_1,4 of 2025-26,Construction of 1st floor at station Bazar building under Untied basic grant award of the 15th Finance commission for the year 2024-25,Construction of 1st floor at station Bazar building under Untied basic grant award of the 15th Finance commission for the year 2024-25,Works,Open Tender,Item Rate,Civil Works - Building,No,No,NA ,05-Nov-2025 03:40 PM,NA ,180.0,No ,No,Online,27-Nov-2025 03:00 PM,Urban Development Department||Directorate of Municipality Administration - UDD||Barpeta Municipal Board,BMB,781301.0,2.0,"33,93,000",DIPANKAR BAYAN,"3,053,503",Rejected-Finance,30-Jan-2026,Urban Development Department||Directorate of Municipality Administration - UDD||Barpeta Municipal Board
2026_PWBNH_50176_1,"CS/SE/GBC/2025-26/11/117-A, Dated. 08-01-2026","Additional Estimate for the Construction of Multi Storied Court Building MACT and four other Courts at Bhalukdubi, Goalpara","Additional Estimate for the Construction of Multi Storied Court Building MACT and four other Courts at Bhalukdubi, Goalpara",Works,Open Tender,Works,Civil Works - Building,No,No,NA ,12-Jan-2026 04:00 PM,16-Jan-2026 12:00 PM ,180.0,No ,No,Online,29-Jan-2026 12:00 PM,Public Works Building and NH Department||Chief Engineer-Building - PWBNH,"Bhalukdubi, Goalpara",783101.0,2.0,"1,58,22,283",Jatindra Nr Das,"16,322,000",Rejected-Finance,12-Feb-2026,Public Works Building and NH Department||Chief Engineer-Building - PWBNH
2025_PWD_45408_70,CE/DEV/TB/60/2025-26/01 Dtd- 21.06.2025,MMPPNA_RIDF_XXXI_25_26_120 Construction of (1) Rajen Barthakur Road to High Madrasaa connecting road (2) Road From Borghuli Loha line to Mansiri Center Road (3) road from NH-15 to Brick industry Road (4) Road From Bhatu Tiniali to Mansiri Center via,MMPPNA_RIDF_XXXI_25_26_120 Construction of (1) Rajen Barthakur Road to High Madrasaa connecting road (2) Road From Borghuli Loha line to Mansiri Center Road (3) road from NH-15 to Brick industry Road (4) Road From Bhatu Tiniali to Mansiri Center via,Works,Open Tender,Item Rate,Civil Works – Roads,No,No,NA ,11-Jul-2025 09:00 AM,17-Jul-2025 12:00 PM ,180.0,No ,No,Online,28-Jul-2025 02:30 PM,Public Works Roads Department,Rangapara,784505.0,2.0,"5,29,04,000",PULAK SARMAH,"52,900,000",Accepted-AOC,16-Feb-2026,Public Works Roads Department
2025_PWD_49379_1,DRRD/TB/NIT/Com/2018-19/482,Construction of road Old NH at Golakganj to Rajyoga Meditation Centre at Golakganj umder SOPD(G) for the year 2025-26.,Construction of road Old NH at Golakganj to Rajyoga Meditation Centre at Golakganj under SOPD(G) for the year 2025-26.,Works,Open Tender,Item Rate,Civil Works,No,No,NA ,16-Dec-2025 11:00 AM,17-Dec-2025 04:00 PM ,90.0,No ,No,Online,07-Jan-2026 11:00 AM,Public Works Roads Department,Dhubri,783301.0,2.0,"34,00,000",NILAM PRODHANI,"3,399,529",Accepted-AOC,05-Feb-2026,Public Works Roads Department
2025_GMC_47287_11,GER/CE/2504/2025/05 Dated_01/09/2025,Construction of Community Hall under Ward No-53,Construction of Community Hall under Ward No-53,Works,Open Tender,Lump-sum,Civil Works,No,No,NA ,05-Sep-2025 06:30 PM,08-Sep-2025 12:00 PM ,120.0,No ,No,Online,07-Oct-2025 02:30 PM,Guwahati Municipal Corporation,Guwahati,781006.0,2.0,,M/S MAYA ENTERPRISE,"1,600,000",Rejected-AOC,23-Feb-2026,Guwahati Municipal Corporation
2025_PWD_47085_43,CE/DEV/TB/60/2025-26/15 Dtd- 06.08.2025,MMPPNA_RIDF_XXXI_25_26_468 Improvement of (1) Moran college Road No 2 to Jyotiban road (2) Tiphuk Sukapha Path under Mukhya Mantrir Paki Path Nirman Achani (MMPPNA) under RIDF-XXXI of NABARD for the year 2025-26.,MMPPNA_RIDF_XXXI_25_26_468 Improvement of (1) Moran college Road No 2 to Jyotiban road (2) Tiphuk Sukapha Path under Mukhya Mantrir Paki Path Nirman Achani (MMPPNA) under RIDF-XXXI of NABARD for the year 2025-26.,Works,Open Tender,Item Rate,Civil Works – Roads,No,No,NA ,02-Sep-2025 02:30 PM,04-Sep-2025 12:00 PM ,180.0,No ,No,Online,19-Sep-2025 02:30 PM,Public Works Roads Department,Mahmora,786101.0,2.0,"2,53,94,000",SANTOSH JAISWAL,"25,394,000",Rejected-Finance,21-Feb-2026,Public Works Roads Department
2025_WPTBC_46282_1,PTDC/Engg/2024-25/383(H),"Construction of ITI Boys/ Girls Hostel including furnitures for 10 Nos. under Article 275(1) of the Constitution of India during the year 2024-25 (ITI, Lakhimpur)","Construction of ITI Boys/ Girls Hostel including furnitures for 10 Nos. under Article 275(1) of the Constitution of India during the year 2024-25 (ITI, Lakhimpur)",Works,Open Tender,Item Rate,Civil Works,No,No,NA ,11-Aug-2025 01:50 PM,11-Aug-2025 03:00 PM ,120.0,No ,No,Online,25-Aug-2025 03:00 PM,Welfare of Plain Tribes and Backward Classes||Director - WPT and BC,"ITI, Lakhimpur",787001.0,2.0,"2,00,00,000",SRI MANASH PRATIM KHANIKAR,"20,000,000",Rejected-Technical,06-Feb-2026,Welfare of Plain Tribes and Backward Classes||Director - WPT and BC
2025_PWD_49579_10,DMJ/TRD/NDRF (PDNA)-01/2025-26/10-17 Dtd 20/12/2025,"Recovery and Reconstruction of Rupohi Garpara to Chutiapara Road at ch.370.00m under NDRF(PDNA-2022) for the year 2025-26 under Dhemaji TRD, Dhemaji LAC","Recovery and Reconstruction of Rupohi Garpara to Chutiapara Road at ch.370.00m under NDRF(PDNA-2022) for the year 2025-26 under Dhemaji TRD, Dhemaji LAC",Works,Open Tender,Works,Civil Works,No,No,NA ,23-Dec-2025 10:00 AM,NA ,180.0,No ,No,Online,09-Jan-2026 11:00 AM,Public Works Roads Department,Dhemaji,787057.0,2.0,"24,50,000",NIRADA BURAGOHAIN,"2,449,900",Not Admitted-Fee/PreQual/Technical,26-Feb-2026,Public Works Roads Department
2025_WPTBC_49133_1,PTDC/Engg/2024-25/374,"Administrative Approval for an amount of Rs. 22,46,700.00 for the work of, Construction of Principal Quarter at Morigaon Polytechnic, Morigaon (Balance work) under SOPD-G during the year 2022-23","Administrative Approval for an amount of Rs. 22,46,700.00 for the work of, Construction of Principal Quarter at Morigaon Polytechnic, Morigaon (Balance work) under SOPD-G during the year 2022-23",Works,Open Tender,Item Rate,Civil Works,No,No,NA ,08-Dec-2025 06:30 PM,12-Dec-2025 11:00 AM ,180.0,No ,No,Online,23-Dec-2025 03:00 PM,Welfare of Plain Tribes and Backward Classes||Director - WPT and BC,Morigaon Polytechnic,782105.0,2.0,"22,46,700",RAJU PATAR,"2,246,700",Accepted-AOC,05-Feb-2026,Welfare of Plain Tribes and Backward Classes||Director - WPT and BC
2025_PWD_47334_1,CE/BR/10/2024/29,3rd Party/Tinsukia/CRIF/2024-25/01,Improvement and Upgradation of Namtok Gate to Changlang Gate via Margherita Town under CRIF for the year 2024-25 under Margherita LAC in the District of Tinsukia (Length of project road 13.550 Km),Works,Open Tender,Item Rate,Civil Works – Roads,No,No,NA ,06-Sep-2025 06:00 PM,15-Sep-2025 02:00 PM ,180.0,No ,No,Online,03-Oct-2025 12:00 PM,Public Works Roads Department,Tinsukia,786125.0,2.0,"43,23,312",DUNLIN CONSULTANCY,"3,458,000",Accepted-AOC,04-Feb-2026,Public Works Roads Department
2025_KAAC_46373_1,ACEH/CS/SSA/03/2025-26/NSL34,Construction of 50 bedded hostel separately for boys and girls at Rongbong Ghat High School under the scheme Dharti Aaba Janjatiya Gram Utkarsh Abhiyan,Construction of 50 bedded hostel separately for boys and girls at Rongbong Ghat High School under the scheme Dharti Aaba Janjatiya Gram Utkarsh Abhiyan,Works,Open Tender,Item Rate,Civil Works - Building,No,No,NA ,18-Aug-2025 11:00 AM,NA ,180.0,No ,No,Online,30-Aug-2025 11:00 AM,Karbi Anglong Autonomous Council||PWD||Addl. Chief Engineer Diphu,Nilip,782470.0,2.0,"3,78,75,000",Highland Engineering,"37,696,340.44",Rejected-AOC,19-Feb-2026,Karbi Anglong Autonomous Council||PWD||Addl. Chief Engineer Diphu
2025_PWD_48120_1,No.SE/NRC/TB/NIT/12/2021-22/91,Construction of road from Samaguri to Salpara via Lailuri (SSL) Ch.3200.00m to Ch.3500.00 including RCC Covered Drain with CD work under SOPD-G for the year 2025-26 under Kaliabor and Samaguri Territorial Road Division,Construction of road from Samaguri to Salpara via Lailuri (SSL) Ch.3200.00m to Ch.3500.00 including RCC Covered Drain with CD work under SOPD-G for the year 2025-26 under Kaliabor and Samaguri Territorial Road Division,Works,Open Tender,Item Rate,Civil Works – Roads,No,No,NA ,17-Oct-2025 03:00 PM,NA ,180.0,No ,No,Online,07-Nov-2025 03:00 PM,Public Works Roads Department||CE PWD(R) - PWD,Samaguri,782140.0,2.0,"87,72,000",Muddasir Hussain,"8,771,500",Rejected-Finance,26-Feb-2026,Public Works Roads Department||CE PWD(R) - PWD
2025_SEED_45992_1,ASDM-3685/2025/Darrang,Darrang PLSDTP,Darrang PLSDTP,Services,Open Tender,EOI,Miscellaneous Services,No,No,NA ,28-Jul-2025 05:00 PM,NA ,180.0,No ,No,Online,20-Aug-2025 01:00 PM,Skill Employment and Entrepreneurship Department||Assam Skill Development Mission,Assam Skill Development Mission,781035.0,1.0,"12,60,900",NRDS Management Private Limited,"1,230,900",Not Admitted-Fee/PreQual/Technical/Finance,04-Feb-2026,Skill Employment and Entrepreneurship Department||Assam Skill Development Mission
2025_GMC_47288_9,GER/CE/2505/2025/6 Dated_01/09/2025,Construction of Toilet under Ward No.30,Construction of Toilet under Ward No.30,Works,Open Tender,Lump-sum,Civil Works,No,No,NA ,05-Sep-2025 06:00 PM,08-Sep-2025 12:00 PM ,120.0,No ,No,Online,07-Oct-2025 02:30 PM,Guwahati Municipal Corporation,Guwahati,781006.0,2.0,,M/S CREATIVE POWER ENTERPRISE,"1,600,000",Rejected-Technical,23-Feb-2026,Guwahati Municipal Corporation
2025_UDD_48270_1,DMC/TECH/6TH ASFC/531/Pt/2025/4330,Development of Maijan Cremation Ground at Dibrugarh,Development of Maijan Cremation Ground at Dibrugarh,Works,Open Tender,Works,Civil Works,No,No,NA ,27-Oct-2025 06:55 PM,NA ,180.0,No ,No,Online,17-Nov-2025 03:00 PM,Urban Development Department||Directorate of Municipality Administration - UDD||Dibrugarh Municipal Board,Dibrugarh,786001.0,2.0,"21,41,721",KUSHAL HAZARIKA,"1,927,548.9",Accepted-AOC,07-Feb-2026,Urban Development Department||Directorate of Municipality Administration - UDD||Dibrugarh Municipal Board
2025_PWD_47172_4,CE/STBR/SOPD G/NIT/07/2025-26/16 Dated 18-08-2025,STBR/SOPD-G/Diphu-03/04 Construction of Road from DDS road to Hidisajir via Jen Sing Bey village under Mukhya Mantrir Pakipath Nirman Achani (MMPPNA) under SOPD-G for the year 2025-26,STBR/SOPD-G/Diphu-03/04 Construction of Road from DDS road to Hidisajir via Jen Sing Bey village under Mukhya Mantrir Pakipath Nirman Achani (MMPPNA) under SOPD-G for the year 2025-26,Works,Open Tender,Item Rate,Civil Works – Roads,No,No,NA ,03-Sep-2025 09:00 AM,08-Sep-2025 11:00 AM ,180.0,No ,No,Online,19-Sep-2025 11:00 AM,Public Works Roads Department,Diphu,782460.0,2.0,"60,00,000",Smti Monumaya Devi,"6,000,000",Rejected-AOC,07-Feb-2026,Public Works Roads Department
2025_PWD_48456_1,CEM/13/2025/4 Dated 04.11.2025,"Procurement of 2(two) units(one unit each) of Bailey Bridge including Transportation, Unloading and Staking at designated location","Procurement of 2(two) units(one unit each) of Bailey Bridge including Transportation, Unloading and Staking at designated location",Goods,Open Tender,Item Rate,Miscellaneous Goods,No,No,NA ,11-Nov-2025 02:00 PM,19-Nov-2025 11:00 AM ,180.0,No ,No,Online,03-Dec-2025 03:00 PM,Public Works Roads Department,Kal,782137.0,2.0,"3,36,12,400",GARDEN REACH SHIPBUILDERS AND ENGINEERS LIMITED,"22,157,255",Rejected-AOC,11-Feb-2026,Public Works Roads Department
2025_PWD_47585_7,CE/DEV/TB/116/2025-26/07 Dtd- 22.08.2025,"ASOM_MALA_3.0_25_26_15 Improvement and Upgradation Of Road From Nh-27 At Simlaguri To Manas National Park Via Barpeta Road, Gobardhana and Bashbari Under Asom Mala 3.0 For The Year 2025-26.","ASOM_MALA_3.0_25_26_15 Improvement and Upgradation Of Road From Nh-27 At Simlaguri To Manas National Park Via Barpeta Road, Gobardhana and Bashbari Under Asom Mala 3.0 For The Year 2025-26.",Works,Open Tender,Item Rate,Civil Works – Roads,No,No,NA ,18-Sep-2025 06:40 PM,19-Sep-2025 12:00 PM ,180.0,No ,No,Online,07-Oct-2025 02:30 PM,Public Works Roads Department,Barpeta,781301.0,2.0,"71,32,30,000",M/s Macrocosm Builders,"713,230,000",Accepted-AOC,26-Feb-2026,Public Works Roads Department
2025_PWHE_48039_1,IN-ASSAM PWD-510368-CW-RFB,Package No. 29 Construction of Class Rooms under Assam School Education and Adolescent Well-Being Project (ASAP) under Lakhimpur DTBD for i. Dirgha Majgaon H.S. ii. Tarioni Borbil H.S. iii. 80 No. Solmari MES iv. Borkha Baghmara H.S.,Package No. 29 Construction of Class Rooms under Assam School Education and Adolescent Well-Being Project (ASAP) under Lakhimpur DTBD for i. Dirgha Majgaon H.S. ii. Tarioni Borbil H.S. iii. 80 No. Solmari MES iv. Borkha Baghmara H.S.,Works,Open Tender,Item Rate,Civil Works - Building,No,No,NA ,14-Oct-2025 05:00 PM,17-Oct-2025 11:30 AM ,180.0,No ,No,Online,27-Oct-2025 05:00 PM,Public Works Health and Education Department-Externally Aided Project||Public Works Health and Education Department-WB,Lakhimpur,787001.0,2.0,"14,01,84,696",Dhruba Jyoti Saikia,"157,707,783",Accepted-AOC,02-Feb-2026,Public Works Health and Education Department-Externally Aided Project||Public Works Health and Education Department-WB
2025_PWD_46969_1,Tech/2083 dated 18/08/2025,1 Repairing of Bridge No6/1 on Guya Palara Baranghati road 2 Repairing of Approaches of Bridge No 9/1 on Guiyan Palara Baranghati Road 3. Bridge No14/1 on Hajo Ukhura road Japia 4. Bridge No 19/1 on Hajo Ukhura road ( Helacha) under SOPD-G 2025-26,Pkg. no. NKTRD(R)/ SOPD(G)/ 2025-26/10,Works,Open Tender,Item Rate,Civil Works – Roads,No,No,NA ,26-Aug-2025 11:00 AM,27-Aug-2025 12:00 PM ,180.0,No ,No,Online,08-Sep-2025 01:00 PM,Public Works Roads Department,Rangia LAC,781354.0,2.0,"19,31,000",SAMIN PATHAK,"1,930,611",Rejected-AOC,27-Feb-2026,Public Works Roads Department
2025_PWD_46723_5,CE/MAINT/SOPDG/01/2025-26/16,MAINT/SOPD-G/2025-26/67,"MAINT/SOPD-G/2025-26/67_1_Improvement of Barpeta Patbaushi Road to Mahadev path via Kanara Satra, 2_Improvement of Barpeta Howly NH_427 FAA Medical College Hospital Road Junction Point,3_Improvement of Barpeta Damodardev Satra to Barpeta Patbaushi K",Works,Open Tender,Item Rate,Civil Works – Roads,No,No,NA ,20-Aug-2025 05:00 PM,20-Aug-2025 05:00 PM ,180.0,No ,No,Online,04-Sep-2025 03:00 PM,Public Works Roads Department,Barpeta,781301.0,2.0,"70,84,000",Yaminuz Zaman,"7,081,000",Rejected-Finance,05-Feb-2026,Public Works Roads Department
2026_WPTBC_50633_1,SCDCNaAli,"Construction of Additional Classroom at Na Ali Avanary High School, Dist.Dhemaji","Construction of Additional Classroom at Na Ali Avanary High School, Dist.Dhemaji",Works,Open Tender,Item Rate,Civil Works,No,No,NA ,30-Jan-2026 10:00 AM,NA ,180.0,No ,No,Online,05-Feb-2026 03:00 PM,Welfare of Plain Tribes and Backward Classes||Directorate of Welfare of Scheduled Caste||Assam State Development Corporation for SC,"DISPUR, GHY-06",781006.0,2.0,"25,00,000",Pradip Patir,"2,500,000",Accepted-AOC,17-Feb-2026,Welfare of Plain Tribes and Backward Classes||Directorate of Welfare of Scheduled Caste||Assam State Development Corporation for SC
2025_PCCF_47417_1,SOPD Roads and bridge 6345,SOPD Roads and Bridge,Construction of road Batasipur RF Boundary near Rly Stn towards North under Dhekiajuli Range by providing GSB proposed length 6 KM,Works,Open Tender,Percentage,Civil Works,No,No,NA ,10-Sep-2025 12:00 PM,22-Sep-2025 11:30 AM ,90.0,No ,No,Online,03-Oct-2025 11:30 AM,"Pr. Chief Conservator of Forest and Head of Forest Force||Chief Conservator of Forests (Upper Assam Zone)||Northern Assam Circle, Tezpur||Sonitpur West Division",Batasipur RF boundary near Rly stn towards north,784001.0,2.0,"30,49,000",MWGTHAMGSA RAMCHIARY,"3,045,951",Rejected-Finance,05-Feb-2026,"Pr. Chief Conservator of Forest and Head of Forest Force||Chief Conservator of Forests (Upper Assam Zone)||Northern Assam Circle, Tezpur||Sonitpur West Division"
2026_WPTBC_50497_1,SCDCMiriJiyori,Infrastructure Development of Miri Jiori College under Nowboicha LAC in Lakhimpur District,Infrastructure Development of Miri Jiori College under Nowboicha LAC in Lakhimpur District,Works,Open Tender,Item Rate,Civil Works,No,No,NA ,22-Jan-2026 03:40 PM,NA ,180.0,No ,No,Online,03-Feb-2026 03:00 PM,Welfare of Plain Tribes and Backward Classes||Directorate of Welfare of Scheduled Caste||Assam State Development Corporation for SC,"DISPUR, GHY-06",781006.0,2.0,"25,00,000",Pradip Patir,"2,500,000",Accepted-AOC,25-Feb-2026,Welfare of Plain Tribes and Backward Classes||Directorate of Welfare of Scheduled Caste||Assam State Development Corporation for SC
2025_PWD_48556_4,ARRBP/BR/01/2024/E696387/41,Cachar/21 (i) Br No. 3/5 on Road From Udharbond Block H.Q,CE/EAP/ARRBP/OCB/Bridge-1/Cachar/21 (i) Br No. 3/5 on Road From Udharbond Block H.Q to Patharia,Works,Open Tender,Item Rate,Civil Works - Bridges,No,No,NA ,14-Nov-2025 09:00 AM,21-Nov-2025 11:00 AM ,90.0,No ,No,Online,28-Nov-2025 02:30 PM,Public Works Roads Department,Cachar District,788101.0,2.0,"91,18,000",M. R. CONSTRUCTION,"9,480,303",Rejected-Finance,17-Feb-2026,Public Works Roads Department
2026_WPTBC_50046_1,PTDC/Engg/2024-25/463/06,Construction of Hostel at Colleges at 20 District of Assam,"Construction of Hostel at Colleges at 20 District of Assam at Rs. 100.00 Lakh for each Hostel under Article 275 (I) of the Constitution of India during the year 2025-26 (Murkongselek College, Jonai).",Works,Open Tender,Works,Civil Works,No,No,NA ,08-Jan-2026 04:10 PM,12-Jan-2026 12:00 PM ,180.0,No ,No,Online,26-Jan-2026 03:00 PM,Welfare of Plain Tribes and Backward Classes||Director - WPT and BC,"Murkongselek College, Jonai",787060.0,2.0,"1,00,00,000",GAMESWAR DOLEY,"9,998,000",Accepted-AOC,21-Feb-2026,Welfare of Plain Tribes and Backward Classes||Director - WPT and BC
2025_PWD_45926_196,CE/DEV/TB/60/2025-26/06 Dtd- 14.07.2025,"MMPPNA_RIDF_XXXI_25_26_210 Construction of road from (i) PMGSY Road to Banglatilla PMGSY Road via Ranjan Das House (Ch. 0.00m to Ch. 1750.00 m), (ii) Krishnapur Bazar to SMD Road (Ch. 0.00 m to Ch. 1150.00 m), (iii) Sachinpur to Chandrapur via Jingth","MMPPNA_RIDF_XXXI_25_26_210 Construction of road from (i) PMGSY Road to Banglatilla PMGSY Road via Ranjan Das House (Ch. 0.00m to Ch. 1750.00 m), (ii) Krishnapur Bazar to SMD Road (Ch. 0.00 m to Ch. 1150.00 m), (iii) Sachinpur to Chandrapur via Jingth",Works,Open Tender,Item Rate,Civil Works – Roads,No,No,NA ,04-Aug-2025 02:00 PM,04-Aug-2025 04:00 PM ,180.0,No ,No,Online,14-Aug-2025 02:30 PM,Public Works Roads Department,Dholai,788114.0,2.0,"3,88,27,000",ASHOK KUMAR DAS,"38,825,000",Accepted-AOC,19-Feb-2026,Public Works Roads Department
2025_PWD_45408_99,CE/DEV/TB/60/2025-26/01 Dtd- 21.06.2025,"MMPPNA_RIDF_XXXI_25_26_40 Construction of road from (1) Sirajuli Satra to Bundai Jaroni Road (From Ch 0.00 m to Ch 1350.00 m), (2) Lokpriya LP School to Nepali Bosti Road via Manbor Nath Hospital under Mukhya Mantrir Paki Path Nirman Achani (MMPPNA)","MMPPNA_RIDF_XXXI_25_26_40 Construction of road from (1) Sirajuli Satra to Bundai Jaroni Road (From Ch 0.00 m to Ch 1350.00 m), (2) Lokpriya LP School to Nepali Bosti Road via Manbor Nath Hospital under Mukhya Mantrir Paki Path Nirman Achani (MMPPNA)",Works,Open Tender,Item Rate,Civil Works – Roads,No,No,NA ,11-Jul-2025 06:00 PM,17-Jul-2025 12:00 PM ,180.0,No ,No,Online,28-Jul-2025 02:30 PM,Public Works Roads Department,Dhekiajuli,784110.0,2.0,"2,97,54,000",Mousum Bora,"29,699,990",Accepted-AOC,06-Feb-2026,Public Works Roads Department
2025_ID_48406_4,19 (SOPD-G) 2025-26 Date_03_11_2025,"Installation of 7 Nos of MDTW Scheme under Samaguri LAC under SOPD- G for the year 2025-26 under Kaliabor Samaguri Division (I), Jakhalabandhaa Package no. 04","LInstallation of 7 Nos of MDTW Scheme under Samaguri LAC under SOPD- G for the year 2025-26 under Kaliabor Samaguri Division (I), Jakhalabandhaa Package no. 04",Works,Open Tender,Item Rate,Civil Works,No,No,NA ,04-Nov-2025 06:00 PM,10-Nov-2025 02:00 PM ,180.0,No ,No,Online,26-Nov-2025 03:00 PM,Irrigation Department||Chief Engineer(Major)-Irrigation Dept,Samaguri,782140.0,2.0,"2,01,60,011",BISWAJIT BPRA JV,"2,880,000",Accepted-AOC,17-Feb-2026,Irrigation Department||Chief Engineer(Major)-Irrigation Dept
2026_BoTC_50303_1,TECH_36/SEB/IFB/2024_25/70,"Infrastructure Development of Bhergaon College, Bhergaon for the year 2025-26.TN_27_R","Infrastructure Development of Bhergaon College, Bhergaon for the year 2025-26.TN_27_R",Works,Open Tender,Works,Civil Works - Building,No,No,NA ,17-Jan-2026 03:00 PM,NA ,180.0,No ,No,Online,06-Feb-2026 02:00 PM,Bodoland Territorial Council||PWD-BTC,Udalguri,784509.0,2.0,"1,29,99,756",Bithwn Boro,"12,997,650",Rejected-Finance,18-Feb-2026,Bodoland Territorial Council||PWD-BTC
2025_GMC_47287_13,GER/CE/2504/2025/05 Dated_01/09/2025,Construction of Community Hall under Ward No-29,Construction of Community Hall under Ward No-29,Works,Open Tender,Lump-sum,Civil Works,No,No,NA ,05-Sep-2025 06:30 PM,08-Sep-2025 12:00 PM ,120.0,No ,No,Online,07-Oct-2025 02:30 PM,Guwahati Municipal Corporation,Guwahati,781006.0,2.0,,P.S. ENTERPRISE,"1,600,000",Rejected-Technical,25-Feb-2026,Guwahati Municipal Corporation
2023_MMD_34926_2,GM/ET/505/4434,Regional Exploration in Lal Dera in Karbi Anglong District in State of Assam,Regional Exploration in Lal Dera in Karbi Anglong District in State of Assam,Services,Open Tender,Item Rate,Miscellaneous Services,No,No,NA ,22-Dec-2023 01:00 PM,NA ,120.0,No ,No,Online,01-Feb-2024 01:00 PM,Mines and Minerals Department||Directorate of Geology and Mining,Karbi Anglong,782490.0,2.0,"1,48,68,000",Maheshwaree Mining Private Limited,"15,200",Accepted-AOC,19-Feb-2026,Mines and Minerals Department||Directorate of Geology and Mining
2025_PWBNH_48918_1,SE/BII/MINISTER_QTR_M3,Strength Renova Upgra works in the Govt Res qtrNo M3 including providing PVC ceiling floor polish providing wallpaper changing of damaged doors with Chowkath repla of damaged wooden cabinet modular kitchen changing of damaged false ceiling constructi,Strength Renova Upgra works in the Govt Res qtrNo M3 including providing PVC ceiling floor polish providing wallpaper changing of damaged doors with Chowkath repla of damaged wooden cabinet modular kitchen changing of damaged false ceiling constructi,Works,Open Tender,Item Wise,Civil Works - Building,No,No,NA ,29-Nov-2025 12:00 PM,04-Dec-2025 12:00 PM ,180.0,No ,No,Online,23-Dec-2025 11:30 AM,Public Works Building and NH Department||Chief Engineer-Building - PWBNH||SE-Guwahati Circle-2 - PWBNH,DISPUR GUWAHATI,781006.0,2.0,"68,80,599",M/S AK ENTERPRISE,"7,314,362",Accepted-AOC,06-Jan-2026,Public Works Building and NH Department||Chief Engineer-Building - PWBNH||SE-Guwahati Circle-2 - PWBNH
2025_PWD_49573_67,CE/Commn/192/PDNA/2025-26/02,PDNA/ Udalguri/02,Recovery and Recovery and Reconstruction of Atterighat Khoiragrant road (Suklai to Suwala connecting road under NDRF(PDNA-2022) in Udalguri District for the year 2025-26..,Works,Open Tender,Item Rate,Civil Works – Roads,No,No,NA ,26-Dec-2025 06:55 PM,28-Dec-2025 06:00 PM ,180.0,No ,No,Online,05-Jan-2026 02:30 PM,Public Works Roads Department,Udalguri,781031.0,2.0,"1,10,00,000",M/S BIMOL NARZARI,"9,350,000",Not Admitted-Fee/PreQual/Technical,28-Feb-2026,Public Works Roads Department
2025_PWD_45926_48,CE/DEV/TB/60/2025-26/06 Dtd- 14.07.2025,MMPPNA_RIDF_XXXI_25_26_202 Construction of road from Sumoni Bahbari to Yedot Gaon under Mukhya Mantrir Paki Path Nirman Achani (MMPPNA) under RIDF-XXXI of NABARD for the year 2025-26.,MMPPNA_RIDF_XXXI_25_26_202 Construction of road from Sumoni Bahbari to Yedot Gaon under Mukhya Mantrir Paki Path Nirman Achani (MMPPNA) under RIDF-XXXI of NABARD for the year 2025-26.,Works,Open Tender,Item Rate,Civil Works – Roads,No,No,NA ,28-Jul-2025 06:00 PM,04-Aug-2025 12:00 PM ,180.0,No ,No,Online,14-Aug-2025 02:30 PM,Public Works Roads Department,Dhemaji,787057.0,2.0,"4,53,49,000",SANJEEB BORUAH,"45,348,000",Rejected-Finance,09-Feb-2026,Public Works Roads Department
2025_WPTBC_49659_1,PTDC/Engg/2024-25/381 - (E),"Construction of ST Boys Hostel for 10 district of Assam under Article 275(I) of the Constitution of India during the year 2024-25 (PDUAM Amjonga, Goalpara)","Construction of ST Boys Hostel for 10 district of Assam under Article 275(I) of the Constitution of India during the year 2024-25 (PDUAM Amjonga, Goalpara)",Works,Open Tender,Item Rate,Civil Works,No,No,NA ,26-Dec-2025 11:00 AM,26-Dec-2025 01:00 PM ,180.0,No ,No,Online,29-Dec-2025 03:00 PM,Welfare of Plain Tribes and Backward Classes||Director - WPT and BC||Assam Plains Tribes Development Corporation Ltd.,Amjonga Goalpara,783124.0,2.0,"1,00,00,000",M/S MIRUSI ENTERPRISE,"9,999,980.77",Accepted-AOC,04-Feb-2026,Welfare of Plain Tribes and Backward Classes||Director - WPT and BC||Assam Plains Tribes Development Corporation Ltd.
2025_PWD_45818_2,CE/Commn/16/2025-26/04,Sivasagar/SOPD/02,Construction of 1.1 No Gopalpur Roadfrom Ch0.00m toCh1070.00m 2.GamonBridge toKonwarpur connectingRoad from Ch 0.00 mto Ch400.00 m (Length 0.40 Km) under SOPD-G forthe year 2025-26 underSivasagar andDemow Territorial Road Divisio,Works,Open Tender,Item Rate,Civil Works – Roads,No,No,NA ,21-Jul-2025 05:00 PM,28-Jul-2025 04:00 PM ,180.0,No ,No,Online,11-Aug-2025 02:30 PM,Public Works Roads Department,Sivasagar,785640.0,2.0,"1,20,86,000",MANAB JYOTI KALITA,"12,085,970",Accepted-AOC,21-Feb-2026,Public Works Roads Department
2025_PWD_47115_3,CE/DEV/TB/60/2025-26/18 Dtd- 14.08.2025,"MMPPNA_RIDF_XXXI_25_26_356 Construction of (I) road from Ganakpara Bartari road to Kardoiguri via Stadium (II) road from Cheki Mini PHC to Chaulabari (III) RCC bridge no 2/1 (18.75 m span) with approach at Bamakhata - Kordoiguri Road, (IV) RCC bridg","MMPPNA_RIDF_XXXI_25_26_356 Construction of (I) road from Ganakpara Bartari road to Kardoiguri via Stadium (II) road from Cheki Mini PHC to Chaulabari (III) RCC bridge no 2/1 (18.75 m span) with approach at Bamakhata - Kordoiguri Road, (IV) RCC bridg",Works,Open Tender,Item Rate,Civil Works – Roads,No,No,NA ,30-Aug-2025 06:50 PM,05-Sep-2025 12:00 PM ,180.0,No ,No,Online,19-Sep-2025 02:30 PM,Public Works Roads Department,Bhawanipur,781352.0,2.0,"5,01,19,000",SKYWAY INFRASTRUCTURE,"50,100,000",Rejected-Finance,05-Feb-2026,Public Works Roads Department
2025_FD_47396_1,AFD(SM)-36/PMMSY/2023-24/169,Supply of Mustard oil cake for PEN Culture and Paddy cum Fish culture,Supply of Mustard oil cake for PEN Culture and Paddy cum Fish culture,Goods,Open Tender,Supply,Crop Products,No,No,NA ,10-Sep-2025 10:00 AM,NA ,180.0,No ,No,Online,08-Oct-2025 01:00 PM,Department of Fisheries||Directorate of Fisheries Assam||DDF LAZ Howly||DFDO South Salmara,SOUTH SALMARA MANKACHAR,783135.0,2.0,"4,50,000",Mogit Farocky,"405,000",Not Admitted-Fee/PreQual/Technical,05-Feb-2026,Department of Fisheries||Directorate of Fisheries Assam||DDF LAZ Howly||DFDO South Salmara
2025_WPTBC_49664_1,PTDC/Engg/2024-25/382(E),"Construction of ST Boys Hostel for 10 districts of Assam under Article 275(I) of the Constitution of India during the year 2024-25 (Dudhnoi College, Goalpara)","Construction of ST Boys Hostel for 10 districts of Assam under Article 275(I) of the Constitution of India during the year 2024-25 (Dudhnoi College, Goalpara)",Works,Open Tender,Item Rate,Civil Works,No,No,NA ,26-Dec-2025 12:20 PM,26-Dec-2025 01:00 PM ,180.0,No ,No,Online,29-Dec-2025 03:00 PM,Welfare of Plain Tribes and Backward Classes||Director - WPT and BC||Assam Plains Tribes Development Corporation Ltd.,"Dudhnoi College, Goalpara",783124.0,2.0,"1,00,00,000",M/S MIRUSI ENTERPRISE,"9,999,980.77",Accepted-AOC,04-Feb-2026,Welfare of Plain Tribes and Backward Classes||Director - WPT and BC||Assam Plains Tribes Development Corporation Ltd.
2025_PWD_46196_5,CE/DEV/TB/122/2025-26/06 Dated. 04-08-2025,BTR_SOPD_G_25_26_06 Construction of (1) RCC Box slab Culvert at Latakhata Charanpara road (2) RCC Slab Culvert at Tarabri Kalbari road (3) Road from Dhiplijhar (Mithun Chowk) to Charanpara road under SOPD-G for the year 2025-26.,BTR_SOPD_G_25_26_06 Construction of (1) RCC Box slab Culvert at Latakhata Charanpara road (2) RCC Slab Culvert at Tarabri Kalbari road (3) Road from Dhiplijhar (Mithun Chowk) to Charanpara road under SOPD-G for the year 2025-26.,Works,Open Tender,Item Rate,Civil Works – Roads,No,No,NA ,06-Aug-2025 06:00 PM,11-Aug-2025 12:00 PM ,180.0,No ,No,Online,14-Aug-2025 02:30 PM,Public Works Roads Department,Bhergaon,784522.0,2.0,"1,19,48,000",Chan Mahammad Ali,"11,943,000",Rejected-Finance,23-Feb-2026,Public Works Roads Department
2025_PWBNH_48267_1,"CE/TB-II(Bldg.)/79/2025/05 Dated Guwahati the, 19th Sept 2025","Construction of Guest House cum Conference Hall, Hamren, West Karbi Anglong","Construction of Guest House cum Conference Hall, Hamren, West Karbi Anglong",Works,Open Tender,Item Rate,Civil Works - Building,No,No,NA ,27-Oct-2025 06:00 PM,03-Nov-2025 11:00 AM ,180.0,No ,No,Online,18-Nov-2025 04:00 PM,Public Works Building and NH Department||Chief Engineer-Building - PWBNH,Hamren,782486.0,2.0,"10,60,29,763",HONSING TIMUNG,"115,920,000",Accepted-AOC,26-Feb-2026,Public Works Building and NH Department||Chief Engineer-Building - PWBNH
2025_DoWR_49636_1,HAILAKANDI/2025-26/ PDNA/SUPPLY/I,Restoration of flood damages under PDNA 2022 (Procurement of supply material) under Hailakandi WR Division.,Restoration of flood damages under PDNA 2022 (Procurement of supply material) under Hailakandi WR Division.,Goods,Open Tender,Supply,Supply of Materials,No,No,NA ,25-Dec-2025 06:55 PM,NA ,180.0,No ,No,Online,07-Jan-2026 03:00 PM,Department of Water Resources||Chief Engineer - DoWR,HAILAKANDI,788151.0,2.0,"5,40,34,985",SMILE NONWOVENS PVT. LTD.,"53,882,647.26",Rejected-Technical,27-Feb-2026,Department of Water Resources||Chief Engineer - DoWR
2025_GMC_47797_1,GER/CE/2504/2025/16 Dated_25/09/2025,Construction of Community Hall under Ward No.34,Construction of Various Community Hall under Guwahati Municipal Corporation,Works,Open Tender,Lump-sum,Civil Works,No,No,NA ,03-Oct-2025 06:00 PM,08-Oct-2025 12:00 PM ,120.0,No ,No,Online,24-Oct-2025 02:30 PM,Guwahati Municipal Corporation,Guwahati,781006.0,2.0,,M/S CREATIVE POWER ENTERPRISE,"1,798,000",Rejected-Technical,23-Feb-2026,Guwahati Municipal Corporation
2025_PWD_45827_127,CE/MAINT/SOPDG/01/2025-26/02,MAINT/SOPD-G/2025-26/113,"MAINT/SOPD-G/2025-26/113_Improvement of (GWC) Road from 1_ Kalakuchi to Moutpara Road , 2_ Improvement of (GWC) Road from Kalakuchi Paradhara Chowk to Raipat Dighalipukhuri Par Road , 3_ Improvement of (GWC) Road from Manara to Garakhia Mandir Road ,",Works,Open Tender,Item Rate,Civil Works – Roads,No,No,NA ,26-Jul-2025 01:00 PM,26-Jul-2025 02:00 PM ,180.0,No ,No,Online,19-Aug-2025 11:00 AM,Public Works Roads Department,Kamrup Rural,781354.0,2.0,"1,47,05,000",Dhaneswar Kalita,"14,704,500",Accepted-AOC,06-Feb-2026,Public Works Roads Department
2025_PWD_47084_15,CE/DEV/TB/60/2025-26/19 Dtd- 20.08.2025,MMPPNA_RIDF_XXXI_25_26_498 Construction of Hatibandhia Bakori PWD Road to Subba Suburi Road under Mukhya Mantrir Paki Path Nirman Achani (MMPPNA) under RIDF- XXXI of NABARD for the year 2025-26.,MMPPNA_RIDF_XXXI_25_26_498 Construction of Hatibandhia Bakori PWD Road to Subba Suburi Road under Mukhya Mantrir Paki Path Nirman Achani (MMPPNA) under RIDF- XXXI of NABARD for the year 2025-26.,Works,Open Tender,Item Rate,Civil Works – Roads,No,No,NA ,30-Aug-2025 09:00 AM,04-Sep-2025 12:00 PM ,180.0,No ,No,Online,19-Sep-2025 02:30 PM,Public Works Roads Department,Gohpur,784168.0,2.0,"1,50,33,000",Sasindra Saikia,"15,031,000",Rejected-Finance,05-Feb-2026,Public Works Roads Department
2025_PWD_46604_29,CE/STBR/SOPD-G/NIT/07/2025 26/8 Dated 29-07-2025,"STBR/SOPD-G/Barchalla-02/36 Reconstruction of i) Bridge Approach to Br No 4/1 of Nabil Pather to Dhanmora Road ,iI) Improvement of road from Garubondha to missamari Army Camp road and Repairing and Renovation of O/o the Asstt Executive Engineer ,Bar","STBR/SOPD-G/Barchalla-02/36 Reconstruction of i) Bridge Approach to Br No 4/1 of Nabil Pather to Dhanmora Road ,iI) Improvement of road from Garubondha to missamari Army Camp road and Repairing and Renovation of O/o the Asstt Executive Engineer ,Bar",Works,Open Tender,Item Rate,Civil Works – Roads,No,No,NA ,21-Aug-2025 12:00 PM,22-Aug-2025 11:00 AM ,180.0,No ,No,Online,02-Sep-2025 11:00 AM,Public Works Roads Department,Barchalla,782103.0,2.0,"1,39,09,800",M/S S.H. Enterprise,"13,909,000",Accepted-AOC,05-Feb-2026,Public Works Roads Department
2025_PWD_48061_2,CE/BR/9/2024-25/05,3rd Party/West Karbi Anglong/CRIF/2020-21/02,3rd Party/West Karbi Anglong/CRIF/2020-21/02_3rd Party Monitoring and Quality Control for the work Construction of Road from Rupai to Borapani Road in Karbi Anglong District under Central Road Infrastructure Fund (CRIF) for the year 2020-21,Works,Open Tender,Item Rate,Civil Works – Roads,No,No,NA ,16-Oct-2025 04:00 PM,22-Oct-2025 02:00 PM ,180.0,No ,No,Online,30-Oct-2025 12:00 PM,Public Works Roads Department,West Karbi Anglong,782413.0,2.0,"23,42,606",BASIC CONSULTANT,"2,225,475",Accepted-AOC,04-Feb-2026,Public Works Roads Department
2025_PWHE_47578_1,IN-ASSAM PWD-513274-CW-RFB,Package_59 Construction of Class Rooms under Assam School Education and Adolescent Well-Being Project (ASAP) under Dhemaji District Territorial Bldg. Division for i. 3 No. Joypur Bodo LPS,Package_59 Construction of Class Rooms under Assam School Education and Adolescent Well-Being Project (ASAP) under Dhemaji District Territorial Bldg. Division for i. 3 No. Joypur Bodo LPS,Works,Open Tender,Item Rate,Civil Works - Building,No,No,NA ,18-Sep-2025 04:30 PM,03-Oct-2025 11:30 AM ,180.0,No ,No,Online,22-Oct-2025 05:00 PM,Public Works Health and Education Department-Externally Aided Project||Public Works Health and Education Department-WB,Dhemaji,787057.0,2.0,"3,95,68,435",RABIN HANDIQUE,"42,102,200",Rejected-Technical,26-Feb-2026,Public Works Health and Education Department-Externally Aided Project||Public Works Health and Education Department-WB
2025_PWRDW_47423_12,ARRBP/BR/01/2024/E696387/27,Construction of Bridge in Hailakandi district i) Br. on Sahabad Pt II to Rupacherra Road,CE/EAP/ARRBP/OCB/ Bridge1/Hailakandi/07 Construction of Bridge in Hailakandi district i) Br. on Sahabad Pt II to Rupacherra Road,Works,Open Tender,Item Rate,Civil Works - Bridges,No,No,NA ,10-Sep-2025 06:55 PM,19-Sep-2025 11:00 AM ,90.0,No ,No,Online,17-Oct-2025 02:30 PM,Public Works Roads Department-Externally Aided Project||Public Works Road Department- World Bank Funded Tenders||Assam State Bridge Infrastructure Program,Hailakandi District,788150.0,2.0,"10,94,92,000",Abdul Quddus,"103,343,510",Accepted-AOC,26-Feb-2026,Public Works Roads Department-Externally Aided Project||Public Works Road Department- World Bank Funded Tenders||Assam State Bridge Infrastructure Program
2025_PWD_45820_15,CE/STBR/SOPD-G/NIT/07/2025 26/1 Dated 26-06-2025,"STBR/SOPD-G/Sribhumi -08/128 (i)Construction of Bridge approaches at Paulpara,Kayasthagram Duranagar Road under SOPD-G for the year 2025-26 (Karimganj South LAC )(ii)Construction Of Nilambazar Suprakandi PWD Road to Dighalbag under SOPD-G for the","STBR/SOPD-G/Sribhumi -08/128 (i)Construction of Bridge approaches at Paulpara,Kayasthagram Duranagar Road under SOPD-G for the year 2025-26 (Karimganj South LAC )(ii)Construction Of Nilambazar Suprakandi PWD Road to Dighalbag under SOPD-G for the",Works,Open Tender,Item Rate,Civil Works – Roads,No,No,NA ,22-Jul-2025 12:30 PM,30-Jul-2025 11:00 AM ,180.0,No ,No,Online,11-Aug-2025 11:00 AM,Public Works Roads Department,Sribhumi,788701.0,2.0,"2,78,78,000",KABIR UDDIN,"27,874,480",Rejected-AOC,05-Feb-2026,Public Works Roads Department
2026_PWBNH_50699_1,"CS/SE/GBC/2025-26/12/142-A, Dated. 30-01-2026",Repairing Renovation Upgradation work of Reception Counter area along with 4 nos. room attached to MRI Unit at Dhubri Medical College and Hospitals,Repairing Renovation Upgradation work of Reception Counter area along with 4 nos. room attached to MRI Unit at Dhubri Medical College and Hospitals,Works,Open Tender,Works,Civil Works,No,No,NA ,02-Feb-2026 04:00 PM,07-Feb-2026 12:00 PM ,180.0,No ,No,Online,16-Feb-2026 02:00 PM,Public Works Building and NH Department||Chief Engineer-Building - PWBNH,Dhubri Medical College and Hospital,783325.0,2.0,"33,90,779",M/S SUNGHILLA ENTERPRISE,"3,389,106",Rejected-Finance,24-Feb-2026,Public Works Building and NH Department||Chief Engineer-Building - PWBNH
2025_SEED_45989_1,ASDM-3696/2025/Kamrup Rural,Kamrup Rural PLSDTP,Kamrup Rural PLSDTP,Services,Open Tender,EOI,Miscellaneous Services,No,No,NA ,28-Jul-2025 05:00 PM,NA ,180.0,No ,No,Online,20-Aug-2025 01:00 PM,Skill Employment and Entrepreneurship Department||Assam Skill Development Mission,Assam Skill Development Mission,781035.0,1.0,"6,75,000",JAZZY,"660,000",Not Admitted-Fee/PreQual/Technical/Finance,04-Feb-2026,Skill Employment and Entrepreneurship Department||Assam Skill Development Mission
2025_PWD_45495_4,CE/Commn/16/202526/3,Jorhat/ SOPD/4,"Const of i) Dharmeswar Dutta Path(ii) S.N. Buragohain Rd Bye Lane-1 iii) Puberun Path L0.490 Km iv) Chandan Nagar Bye Lane -5 L0.26Km,v) Bijoy Nagar Bye Lane remaining Part vi) Renovation of RCC drain along ATR Road(Jorhat) under SOPD-G for 25-26",Works,Open Tender,Works,Civil Works – Roads,No,No,NA ,10-Jul-2025 06:00 PM,18-Jul-2025 04:00 PM ,180.0,No ,No,Online,30-Jul-2025 02:30 PM,Public Works Roads Department||CE PWD(R) - PWD||Traffic Engineering Cell - PWD,Jorhat,785001.0,2.0,"1,24,16,000",SRI KAKU MONI MAHANTA,"10,651,686.4",Rejected-AOC,23-Feb-2026,Public Works Roads Department||CE PWD(R) - PWD||Traffic Engineering Cell - PWD
2025_DoWR_47406_1,DARRANG/2025-26/RIDF/II,"Construction of New Embankment at RB of Dhansiri river from kopati to Shyampur, Package 2.","Construction of New Embankment at RB of Dhansiri river from kopati to Shyampur, Package 2.",Works,Open Tender,Works,Civil Works,No,No,NA ,09-Sep-2025 06:55 PM,NA ,180.0,No ,No,Online,04-Oct-2025 03:00 PM,Department of Water Resources||Chief Engineer - DoWR,DARRANG,784522.0,2.0,"6,57,23,700",JAI MAA KAMAKHYA INFRASTRUCTURE,"65,573,148.03",Rejected-AOC,14-Feb-2026,Department of Water Resources||Chief Engineer - DoWR
2025_PWD_46604_28,CE/STBR/SOPD-G/NIT/07/2025 26/8 Dated 29-07-2025,STBR/SOPD-G/Barchalla-01/35 Construction of (i) Ghat Gaon Road via Arasuti jungle LP school (ii) RCC Box Culvert No. 1/1 at Santipur to Sarsubari Road including approaches under SOPD-G for the year 2025-26 of District Sonitpur (Barchalla LAC),STBR/SOPD-G/Barchalla-01/35 Construction of (i) Ghat Gaon Road via Arasuti jungle LP school (ii) RCC Box Culvert No. 1/1 at Santipur to Sarsubari Road including approaches under SOPD-G for the year 2025-26 of District Sonitpur (Barchalla LAC),Works,Open Tender,Item Rate,Civil Works – Roads,No,No,NA ,21-Aug-2025 12:00 PM,22-Aug-2025 11:00 AM ,180.0,No ,No,Online,02-Sep-2025 11:00 AM,Public Works Roads Department,Barchalla,782103.0,2.0,"1,37,24,500",Pitambar Bora,"13,721,000",Rejected-AOC,09-Feb-2026,Public Works Roads Department
2025_SEED_45974_1,ASDM-3676/2025/Biswanath,Biswanath PLSDTP,Biswanath PLSDTP,Services,Open Tender,EOI,Miscellaneous Services,No,No,NA ,28-Jul-2025 05:00 PM,NA ,180.0,No ,No,Online,20-Aug-2025 01:00 PM,Skill Employment and Entrepreneurship Department||Assam Skill Development Mission,Assam Skill Development Mission,781035.0,1.0,"8,60,325",INSTITUTE OF COMPUTER AND INFOTECH,"845,325",Not Admitted-Fee/PreQual/Technical/Finance,03-Feb-2026,Skill Employment and Entrepreneurship Department||Assam Skill Development Mission
2025_PWD_45495_18,CE/Commn/16/202526/3,Titabor/ SOPD/ 2,"Reconstruction of (i) Jyoti Nagar Road( Ch 0.00m to ch 2170 m), (ii) K K Hazarika Road (Length 1.99 km), (iii) Bibijan Road No 1 (Dhodar Ali to Gar Ali) ( Ch 0.00m to ch 1820 m) under SOPD-G for the year 2025-26",Works,Open Tender,Works,Civil Works – Roads,No,No,NA ,11-Jul-2025 01:00 PM,18-Jul-2025 04:00 PM ,180.0,No ,No,Online,30-Jul-2025 02:30 PM,Public Works Roads Department||CE PWD(R) - PWD||Traffic Engineering Cell - PWD,Titabor,785630.0,2.0,"1,07,04,000",DHRUBAJYOTI BAROOAH,"10,703,100",Accepted-AOC,05-Feb-2026,Public Works Roads Department||CE PWD(R) - PWD||Traffic Engineering Cell - PWD
2025_PWD_46539_2,CE/DEV/TB/54/2025-26/8 Dtd- 08.08.2025,MMUPPNA_RIDF_XXXI_25_26_13 Improvement and widening of Nagaon Bhuragaon road from Laharighat to Bagalipara (Ch. 41.20 Km to 44.60 Km) under Mukhya Mantrir Unnoto Paki Path Nirman Achani (MMUPPNA) under RIDF-XXXI of NABARD for the year 2025-26.,MMUPPNA_RIDF_XXXI_25_26_13 Improvement and widening of Nagaon Bhuragaon road from Laharighat to Bagalipara (Ch. 41.20 Km to 44.60 Km) under Mukhya Mantrir Unnoto Paki Path Nirman Achani (MMUPPNA) under RIDF-XXXI of NABARD for the year 2025-26.,Works,Open Tender,Item Rate,Civil Works – Roads,No,No,NA ,14-Aug-2025 06:55 PM,20-Aug-2025 12:00 PM ,180.0,No ,No,Online,02-Sep-2025 02:30 PM,Public Works Roads Department,Laharighat,782127.0,2.0,"3,91,23,000",Pranjal Kumar Hazarika,"39,114,704",Rejected-Finance,11-Feb-2026,Public Works Roads Department
2025_PWD_47928_4,CE/DEV/TB/116/2025-26/34 Dtd- 25.09.2025,ASOM_MALA_3.0_25_26_38 Improvement and Upgradation of Road start from Assam-Mizoram Border Ch-0.00 Km (Phaisen ) to Ch-24.60 km (Samarikona) via Lalacherra under Mala 3.0 for the year of 2025-26,ASOM_MALA_3.0_25_26_38 Improvement and Upgradation of Road start from Assam-Mizoram Border Ch-0.00 Km (Phaisen ) to Ch-24.60 km (Samarikona) via Lalacherra under Mala 3.0 for the year of 2025-26,Works,Open Tender,Item Rate,Civil Works – Roads,No,No,NA ,24-Oct-2025 04:30 PM,24-Oct-2025 05:00 PM ,180.0,No ,No,Online,07-Nov-2025 02:30 PM,Public Works Roads Department,Hailakandi,788151.0,2.0,"86,38,88,000",BINNI CONSTRUCTION PVT LTD,"863,888,000",Accepted-AOC,11-Feb-2026,Public Works Roads Department
2025_PWHE_46976_1,IN-ASSAM PWD-508035-CW-RFB,"Package- 5 Construction of Additional Class Rooms under ASAP under Dibrugarh, Chabua- Lahowal, Khowang and Tingkhong TBD for i. Bokpara MES ii. Phukanbam MVS iii. Chareng MES","Package- 5 Construction of Additional Class Rooms under ASAP under Dibrugarh, Chabua- Lahowal, Khowang and Tingkhong TBD for i. Bokpara MES ii. Phukanbam MVS iii. Chareng MES",Works,Open Tender,Item Rate,Civil Works - Building,No,No,NA ,26-Aug-2025 02:00 PM,10-Sep-2025 11:30 AM ,180.0,No ,No,Online,25-Sep-2025 02:30 PM,Public Works Health and Education Department-Externally Aided Project||Public Works Health and Education Department-WB,Dibrugarh,786001.0,2.0,"11,32,11,342",M/S Chandan Gogoi,"128,536,200",Accepted-AOC,21-Feb-2026,Public Works Health and Education Department-Externally Aided Project||Public Works Health and Education Department-WB
2025_HFWD_49612_1,NagaonMC/38A/2025/4011,Rate Contract for Supply of Lab Consumables at VRDL at Nagaon Medical College,Tender for Rate Contract for Supply of Lab Consumables at VRDL at Nagaon Medical College,Goods,Open Tender,Item Wise,Lab Chemistry Reagents,No,No,NA ,24-Dec-2025 10:00 AM,NA ,180.0,No ,No,Online,08-Jan-2026 01:00 PM,Health and Family Welfare Department||Directorate of Medical Education-HFWD||Nagaon Medical College and Hospital-HFWD,Nagaon Medical College,782003.0,2.0,,ALFA INSTRUMENTS,"28,650",Accepted-AOC,25-Feb-2026,Health and Family Welfare Department||Directorate of Medical Education-HFWD||Nagaon Medical College and Hospital-HFWD
2026_FD_50547_1,AFN655/SOPD/2025-26/1746 DATED 23/01/2026,CONSTRUCTION OF NEW POND AND RENOVATION OF EXISTING POND (PACKAGE A),CONSTRUCTION OF NEW POND AND RENOVATION OF EXISTING POND UNDER DEV APPROACH IN FISHERIES AND AQUACULTURE THROUGH CLUSTER BASED INITIATIVES UNDER SOPD-G FOR THE YEAR 2025-26 (PACKAGE A),Works,Open Tender,Works,Civil Works,No,No,NA ,24-Jan-2026 10:00 AM,NA ,180.0,No ,No,Online,13-Feb-2026 01:30 PM,Department of Fisheries||Directorate of Fisheries Assam||DDF NAZ Tezpur||DFDO Nagaon,SUKANJURI BAMUNI OF BARHAMPUR UNDER NAGAON DIST,782102.0,2.0,"62,30,000",MANNAN AKHTER AHMED,"6,230,000",Not Admitted-Fee/PreQual/Technical,23-Feb-2026,Department of Fisheries||Directorate of Fisheries Assam||DDF NAZ Tezpur||DFDO Nagaon
2025_DoWR_48067_1,MORIGAON/2025-26/NDMF/I,"Flood Mitigation by capacity augmentation of Morisutitup Beel, Morigaon, Assam, Package 1.","Flood Mitigation by capacity augmentation of Morisutitup Beel , Morigaon, Assam, Package 1.",Works,Open Tender,Works,Civil Works,No,No,NA ,15-Oct-2025 06:55 PM,NA ,180.0,No ,No,Online,10-Nov-2025 03:00 PM,Department of Water Resources||Chief Engineer - DoWR,MORIGAON,782105.0,2.0,"23,93,18,586",Progressive Enterprises,"239,298,586.76",Rejected-AOC,26-Feb-2026,Department of Water Resources||Chief Engineer - DoWR
2025_PWD_48026_1,CE/DEV/TB/116/2025-26/37 Dtd- 08.10.2025,ASOM_MALA_3.0_25_26_23 Construction and Improvement of road from UT Road (Dimakuchi) to Andherighat via Dimakuchi-Khoirabari Andherighat road from Ch 0.00 km (Dimakuchi) to Ch 28.800 km (Andherighat) under Asom Mala 3.0 for the year 2025-26.,ASOM_MALA_3.0_25_26_23 Construction and Improvement of road from UT Road (Dimakuchi) to Andherighat via Dimakuchi-Khoirabari Andherighat road from Ch 0.00 km (Dimakuchi) to Ch 28.800 km (Andherighat) under Asom Mala 3.0 for the year 2025-26.,Works,Open Tender,Item Rate,Civil Works – Roads,No,No,NA ,14-Oct-2025 02:00 PM,17-Oct-2025 12:00 PM ,180.0,No ,No,Online,31-Oct-2025 02:30 PM,Public Works Roads Department,Udalguri,784509.0,2.0,"94,09,23,000",LAJIK BRAHMA,"940,923,000",Rejected-Finance,04-Feb-2026,Public Works Roads Department
2025_NHM_49708_21,NHM-Const-I/1373076/2025,"Construction of New PHC at Samaguri BPHC in NAGAON District under XV-FC Health Grant under NHM, Assam","Construction of New PHC at Samaguri BPHC in NAGAON District under XV-FC Health Grant under NHM, Assam",Works,Open Tender,Turn-key,Civil Works - Building,No,No,NA ,29-Dec-2025 06:00 PM,NA ,225.0,No ,No,Online,20-Jan-2026 03:30 PM,National Health Mission||State Programme Management Unit - NHM,Nagaon,782001.0,2.0,"2,42,82,945",M/s S.B.B. Associates,"24,282,500",Rejected-Finance,28-Feb-2026,National Health Mission||State Programme Management Unit - NHM
2025_PWRDW_43680_22,CE/EAP/ARRBP/BR/01/2024/10,CE/EAP/ARRBP/OCB/ Bridge1/Cachar/22 2/1 on Govindapur,CE/EAP/ARRBP/OCB/Bridge1/Cachar/22 Construction of Bridge in Cachar District (i) Br No. 2/1 on Govindapur Pt-I connecting Sinuripar and Kolasorirpar Road,Works,Open Tender,Item Wise,Civil Works - Bridges,No,No,NA ,24-Mar-2025 12:15 PM,29-Mar-2025 11:00 AM ,90.0,No ,No,Online,22-Apr-2025 02:30 PM,Public Works Roads Department-Externally Aided Project||Public Works Road Department- World Bank Funded Tenders||Assam State Bridge Infrastructure Program,Cachar District,788001.0,2.0,"3,11,74,000",Debajit Deb,"31,171,723",Accepted-AOC,10-Feb-2026,Public Works Roads Department-Externally Aided Project||Public Works Road Department- World Bank Funded Tenders||Assam State Bridge Infrastructure Program
2025_PWD_47133_1,SKTRD/Tech/106/2025-26,SKTRD/SOPD-G/25-26/01,SKTRD/SOPD-G/25-26/01_Improvement of Road_GWC_ from A K Azad High Scool to Akram Hussain House Road under SOPD _G_ for the year 2025-26.,Works,Open Tender,Item Rate,Civil Works – Roads,No,No,NA ,30-Aug-2025 06:00 PM,06-Sep-2025 12:00 PM ,180.0,No ,No,Online,24-Sep-2025 02:30 PM,Public Works Roads Department,Kamrup Rural,781125.0,2.0,"17,26,000",Md. Nachin Uddin,"1,725,634",Rejected-Finance,11-Feb-2026,Public Works Roads Department
2025_PWD_47115_2,CE/DEV/TB/60/2025-26/18 Dtd- 14.08.2025,MMPPNA_RIDF_XXXI_25_26_357 Construction of Road from (1) Jajori Jatiya Vidyalaya to Hira gaon (2) Amolapatty Shiva mandir via Kolong embankment to Diphalu RCC bridge approach (3) (Panigaon to Halowagaon) Haluagaon Uparkuri Tiniali to Bhetichuk (up to,MMPPNA_RIDF_XXXI_25_26_357 Construction of Road from (1) Jajori Jatiya Vidyalaya to Hira gaon (2) Amolapatty Shiva mandir via Kolong embankment to Diphalu RCC bridge approach (3) (Panigaon to Halowagaon) Haluagaon Uparkuri Tiniali to Bhetichuk (up to,Works,Open Tender,Item Rate,Civil Works – Roads,No,No,NA ,29-Aug-2025 06:50 PM,05-Sep-2025 12:00 PM ,180.0,No ,No,Online,19-Sep-2025 02:30 PM,Public Works Roads Department,Nagaon,782001.0,2.0,"4,27,94,000",Satyajit Bora,"42,793,732.13",Rejected-Finance,05-Feb-2026,Public Works Roads Department
2025_PWD_46935_1,Tech/2083 dated 18/08/2025,"1.Construction of road from Doulguri to Bamun Chuburi under SOPD (G) for the year 2025-26, 2. Construction of road from Borolimara Gopal Mandir to Amrit Kalita House under SOPD (G) for the year 2025-26.","1.Construction of road from Doulguri to Bamun Chuburi under SOPD (G) for the year 2025-26, 2. Construction of road from Borolimara Gopal Mandir to Amrit Kalita House under SOPD (G) for the year 2025-26. Pkg No. NKTRD(R)/ SOPD(G)/ 2025-26/02",Works,Open Tender,Item Rate,Civil Works – Roads,No,No,NA ,26-Aug-2025 11:00 AM,27-Aug-2025 12:00 PM ,180.0,No ,No,Online,08-Sep-2025 01:00 PM,Public Works Roads Department,Rangia LAC,781354.0,2.0,"8,18,800",DECOM INDIA,"818,538",Accepted-AOC,04-Feb-2026,Public Works Roads Department
2025_ID_48581_2,22 (SOPD-G) 2025-26 Date_ 12.11.2025,Renovation of Kanyamoti FIS under SOPD (G) for the year 2025-26 under Gossaigaon Kokrajhar West Division ( Irrigation ) Gossaigaon (Package no. 02),Renovation of Kanyamoti FIS under SOPD (G) for the year 2025-26 under Gossaigaon Kokrajhar West Division ( Irrigation ) Gossaigaon (Package no. 02),Works,Open Tender,Item Rate,Civil Works,No,No,NA ,13-Nov-2025 06:00 PM,25-Nov-2025 02:00 PM ,180.0,No ,No,Online,06-Dec-2025 03:00 PM,Irrigation Department||Chief Engineer(Major)-Irrigation Dept,Kokrajhar,783370.0,2.0,"2,48,02,412",ALOK NARZARY AND JV,"4,823,137",Accepted-AOC,17-Feb-2026,Irrigation Department||Chief Engineer(Major)-Irrigation Dept
2025_PWD_45818_38,CE/Commn/16/2025-26/04,Mariani /SOPD/ 5,Const of GWC 1)rd fm Jakharia Gaon to Majgaon 2)Jaradhara Chuk to Kanupukhurir 3)BalamaAgtipomia to Pistipomia 4)Rupahi Ali (5)LBN to 2 No Chutia kari Rd 6)fromBamunpukhuriTulsijan to Hazarika Chuk undr Teok and Mariani TRD for 25-26 in undr SOPD-G,Works,Open Tender,Item Rate,Civil Works – Roads,No,No,NA ,23-Jul-2025 06:00 PM,28-Jul-2025 04:00 PM ,180.0,No ,No,Online,11-Aug-2025 02:30 PM,Public Works Roads Department,Mariani,785634.0,2.0,"63,97,400",HAZARIKA ENTERPRISE,"6,397,016",Accepted-AOC,25-Feb-2026,Public Works Roads Department
2025_PWD_45926_49,CE/DEV/TB/60/2025-26/06 Dtd- 14.07.2025,MMPPNA_RIDF_XXXI_25_26_203 Construction of road from Kechukhana Khalihamari Nepali Khuti NC road via Saikia Chuk Harimandir to 2 No. Naruathan (Samarajan Naruathan Road at Borpukhuri Par to No 2 Naruathan) under Mukhya Mantrir Paki Path Nirman Achani,MMPPNA_RIDF_XXXI_25_26_203 Construction of road from Kechukhana Khalihamari Nepali Khuti NC road via Saikia Chuk Harimandir to 2 No. Naruathan (Samarajan Naruathan Road at Borpukhuri Par to No 2 Naruathan) under Mukhya Mantrir Paki Path Nirman Achani,Works,Open Tender,Item Rate,Civil Works – Roads,No,No,NA ,28-Jul-2025 06:00 PM,04-Aug-2025 12:00 PM ,180.0,No ,No,Online,14-Aug-2025 02:30 PM,Public Works Roads Department,Dhemaji,787057.0,2.0,"1,35,17,000",Prafulla Nath,"13,515,208",Accepted-AOC,06-Feb-2026,Public Works Roads Department
2025_PWD_47623_1,CE/Commn/16/202526/26,Tinsukia /SOPD/6,"ConstGWCRdi)SayyadAbdlpthii) MilonPollyPthiii)CaptanChakiv)ChettryPthv)Lakhimi PthvijMilijuliPthvii)HengalguriKanaklataPthviii)5NoWrd Bahbariix)Lohari KachariPthx)Borjn Ganxi) MahakaliAutostndxii)Bisphutiya Rly line Rd,xiii)KonwariPathar Rd,SOPDG2526",Works,Open Tender,Item Rate,Civil Works – Roads,No,No,NA ,20-Sep-2025 03:00 PM,24-Sep-2025 04:00 PM ,180.0,No ,No,Online,07-Oct-2025 02:30 PM,Public Works Roads Department||CE PWD(R) - PWD||Traffic Engineering Cell - PWD,Tinsukia,786125.0,2.0,"70,77,000",KAJAL HORE,"7,075,847",Accepted-AOC,17-Feb-2026,Public Works Roads Department||CE PWD(R) - PWD||Traffic Engineering Cell - PWD
2025_PWD_45926_75,CE/DEV/TB/60/2025-26/06 Dtd- 14.07.2025,"MMPPNA_RIDF_XXXI_25_26_309 Construction of road from (1) Gumi PWD Road to Borakhat, NH-17 to Sarupukhuri Cremation Ground, (2) Dakhala Commerce Collage to Satrapara Br. No.-2 and (3) NH-17 (Batarhat) to Haligaon Road under Mukhya Mantrir Paki Path Ni","MMPPNA_RIDF_XXXI_25_26_309 Construction of road from (1) Gumi PWD Road to Borakhat, NH-17 to Sarupukhuri Cremation Ground, (2) Dakhala Commerce Collage to Satrapara Br. No.-2 and (3) NH-17 (Batarhat) to Haligaon Road under Mukhya Mantrir Paki Path Ni",Works,Open Tender,Item Rate,Civil Works – Roads,No,No,NA ,30-Jul-2025 09:00 AM,04-Aug-2025 12:00 PM ,180.0,No ,No,Online,14-Aug-2025 02:30 PM,Public Works Roads Department,Palashbari,781128.0,2.0,"3,20,41,000",TRIMURTY ENTERPRISE,"32,039,995",Rejected-Finance,13-Feb-2026,Public Works Roads Department
2023_MMD_34926_3,GM/ET/505/4434,Regional Exploration in Sarpo Teron Gaon in Karbi Anglong District in State of Assam,Regional Exploration in Sarpo Teron Gaon in Karbi Anglong District in State of Assam,Services,Open Tender,Item Rate,Miscellaneous Services,No,No,NA ,22-Dec-2023 01:00 PM,NA ,120.0,No ,No,Online,01-Feb-2024 01:00 PM,Mines and Minerals Department||Directorate of Geology and Mining,Karbi Anglong,782480.0,2.0,"1,48,68,000",Maheshwaree Mining Private Limited,"15,200",Accepted-AOC,19-Feb-2026,Mines and Minerals Department||Directorate of Geology and Mining
2025_PWD_45926_197,CE/DEV/TB/60/2025-26/06 Dtd- 14.07.2025,MMPPNA_RIDF_XXXI_25_26_211 Construction of Road from (i) Rukni Nachghar to Banglatilla (Ch. 0.00 m to Ch. 1000.00 m) (ii) Road from Bhubandhar PWD Road to Nani Gopal Nath House (Ch. 0.00m to Ch. 1000.00 m) under Mukhya Mantrir Paki Path Nirman Achani,MMPPNA_RIDF_XXXI_25_26_211 Construction of Road from (i) Rukni Nachghar to Banglatilla (Ch. 0.00 m to Ch. 1000.00 m) (ii) Road from Bhubandhar PWD Road to Nani Gopal Nath House (Ch. 0.00m to Ch. 1000.00 m) under Mukhya Mantrir Paki Path Nirman Achani,Works,Open Tender,Item Rate,Civil Works – Roads,No,No,NA ,04-Aug-2025 02:00 PM,04-Aug-2025 04:00 PM ,180.0,No ,No,Online,14-Aug-2025 02:30 PM,Public Works Roads Department,Dholai,788114.0,2.0,"2,82,30,000",Bibhas Ranjan Deb,"28,222,000",Accepted-AOC,27-Feb-2026,Public Works Roads Department
2025_PWD_45926_183,CE/DEV/TB/60/2025-26/06 Dtd- 14.07.2025,"MMPPNA_RIDF_XXXI_25_26_327 Construction of road from (1) Santi Ram Lahkar road to Gurkuchi Bahrul Islam Road via Jaltiram High School, (2) Akadi Shariyali chowk to H.A.D. ME School via Akadi Major Chuba and (3) Hajo Ukhura road near Arunadoi Jatiya V","MMPPNA_RIDF_XXXI_25_26_327 Construction of road from (1) Santi Ram Lahkar road to Gurkuchi Bahrul Islam Road via Jaltiram High School, (2) Akadi Shariyali chowk to H.A.D. ME School via Akadi Major Chuba and (3) Hajo Ukhura road near Arunadoi Jatiya V",Works,Open Tender,Item Rate,Civil Works – Roads,No,No,NA ,02-Aug-2025 06:55 PM,04-Aug-2025 12:00 PM ,180.0,No ,No,Online,14-Aug-2025 02:30 PM,Public Works Roads Department,Rangia,781354.0,2.0,"3,28,40,000",Kalita Engineering and Construction Pvt Ltd,"32,839,792",Accepted-AOC,20-Feb-2026,Public Works Roads Department
2025_AEGCL_48616_1,AEGCL/MD/TECH-1196/SOPD 2025-26,Construction of 132kV Line Bay at 132kV APM GSS along with,Construction of 132kV Line Bay at 132kV APM GSS along with Extension and Strengthening of the Bus System (Phase-II),Works,Open Tender,Turn-key,Electrical Works,No,No,NA ,14-Nov-2025 02:00 PM,NA ,180.0,No ,No,Online,08-Dec-2025 02:00 PM,Assam Electricity Grid Corporation Ltd||CGM (T and T),132 KV APM GSS AEGCL,783388.0,2.0,"3,55,44,197",HI-TECH CORPORATION,"30,150,157",Accepted-AOC,05-Feb-2026,Assam Electricity Grid Corporation Ltd||CGM (T and T)
2025_CD_48048_1,WAMUL/NPDD/RFB/25-26/Furniture,Supply of Furniture 1 Set 2- chair 1 table 1 Almirah under NPDD Project-GOI,Supply of Furniture 1 Set 2- chair 1 table 1 Almirah under NPDD Project-GOI for WAMUL and EAMUL,Goods,Open Tender,Supply,Furniture/ Fixture,No,No,Not Applicable ,15-Oct-2025 06:00 PM,NA ,120.0,No ,No,Online,06-Nov-2025 02:30 PM,Cooperation Department||The west Assam Milk Producers Cooperative Union Limited,Guwahati and Jorhat,781037.0,2.0,,SPARKLING HUES GEMS PRIVATE LIMITED,"9,699,000",Rejected-AOC,06-Feb-2026,Cooperation Department||The west Assam Milk Producers Cooperative Union Limited
2024_PWBNH_41605_1,CE/ARC-I/10/2024/3 Dated 09/12/2024,"Consultancy service for Construction of Proposed 40 nos. Paying Cabin Blocks at FAAMCH, Barpeta","Consultancy service for Construction of Proposed 40 nos. Paying Cabin Blocks at FAAMCH, Barpeta",Works,Open Tender,Item Rate,Civil Works - Building,No,No,NA ,23-Dec-2024 04:00 PM,NA ,180.0,No ,No,Online,18-Jan-2025 02:30 PM,Public Works Building and NH Department||Chief Engineer-Building - PWBNH,Barpeta,781301.0,2.0,"67,56,000",AESTHETIC CREATION,"6,754,600",Rejected-AOC,11-Feb-2026,Public Works Building and NH Department||Chief Engineer-Building - PWBNH
2025_PWD_49693_1,No. HRD/TECH/CS-87/BDA/2025-26/ 03,Construction of Paver Block road at Boro Lokhindong (Ph.-II) under Border Development Activities in the Inter-State Border 2025-26,Construction of Paver Block road at Boro Lokhindong (Ph.-II) under Border Development Activities in the Inter-State Border 2025-26,Works,Open Tender,Item Rate,Civil Works – Roads,No,No,NA ,29-Dec-2025 02:00 PM,02-Jan-2026 11:00 AM ,180.0,No ,No,Online,13-Jan-2026 11:00 AM,Public Works Roads Department,Dima Hasao,788819.0,2.0,"39,99,504",Sri Baskar Thaosen,"3,999,504",Accepted-AOC,02-Feb-2026,Public Works Roads Department
2025_PWD_45827_1,CE/MAINT/SOPDG/01/2025-26/02,MAINT/SOPD-G/2025-26/12,MAINT/SOPD-G/2025-26/12_1_Improvement of road from Borigaon Merrerchar Road (Bhola Bazar to Paltan Bazar via Kushbari Bazar) and 2_Improvement of road from Borigaon Parerchar PWD Road to Tilapara under Mukhya Mantirir Path Nabikaran Aachani (MMPNA),Works,Open Tender,Item Rate,Civil Works – Roads,No,No,NA ,22-Jul-2025 09:00 AM,24-Jul-2025 12:00 PM ,180.0,No ,No,Online,14-Aug-2025 11:00 AM,Public Works Roads Department,Bongaigaon,783380.0,2.0,"1,55,92,000",MANOJ KUMAR ROY,"15,590,000",Accepted-AOC,20-Feb-2026,Public Works Roads Department
2025_PWD_47786_1,1105.0,Construction of road from Swahid Satyanath to Natun Haldha Chuba via Natun Mudai Chupa under SOPD (G) for the year 2025-26,NKTRD(R)/ SOPD(G)/ 2025-26/05,Works,Open Tender,Item Rate,Civil Works – Roads,No,No,NA ,03-Oct-2025 11:00 AM,04-Oct-2025 12:00 PM ,180.0,No ,No,Online,15-Oct-2025 01:00 PM,Public Works Roads Department,Rangia LAC,781382.0,2.0,"9,82,608",SANKAR DEKA,"982,608",Accepted-AOC,06-Feb-2026,Public Works Roads Department
2025_PCCF_46517_1,FS/Tender/SOPD/2025-26,"onstruction of RCC GO Quarter at Assam Forest Protection Force, Basistha, Guwahati-29","onstruction of RCC GO Quarter at Assam Forest Protection Force, Basistha, Guwahati-29",Works,Open Tender,Percentage,Civil Works,No,No,NA ,14-Aug-2025 05:00 PM,21-Aug-2025 01:00 PM ,180.0,No ,No,Online,08-Sep-2025 05:30 PM,Pr. Chief Conservator of Forest and Head of Forest Force||1st Assam Forest Protection Force,"Basistha, Guwahati",781029.0,2.0,"53,05,247",MINTU KUMAR BHUYAN,"5,305,000",Rejected-Finance,12-Feb-2026,Pr. Chief Conservator of Forest and Head of Forest Force||1st Assam Forest Protection Force
2025_PWD_47952_2,CE/STBR/SOPD-G/NIT/07/25-26/32,STBR/SOPD-G/Jagiroad-16/60,STBR/SOPD-G/Jagiroad-16/60_Re_Construction_of road from chenimari tiniali to Dungabori road under SOPD-G in Morigaon District for the year 2025-26.,Works,Open Tender,Item Rate,Civil Works – Roads,No,No,NA ,10-Oct-2025 02:30 PM,10-Oct-2025 02:30 PM ,180.0,No ,No,Online,22-Oct-2025 11:00 AM,Public Works Roads Department,Jagiroad,782410.0,2.0,"6,00,000",AYUB ALI,"599,900",Accepted-AOC,24-Feb-2026,Public Works Roads Department
2025_PWD_49114_24,SKTRD/Tech/117/2025-26,SKTRD/SOPD-G/25-26/44,SKTRD/SOPD-G/25-26/44_Improvement of Dakhin Kolohikash road under SOPD(G) for the year 2025-26,Works,Open Tender,Item Rate,Civil Works – Roads,No,No,NA ,09-Dec-2025 02:30 PM,15-Dec-2025 12:00 PM ,180.0,No ,No,Online,29-Dec-2025 02:30 PM,Public Works Roads Department,Kamrup Rural,781125.0,2.0,"8,54,000",Ashique Enterprise,"800,000",Accepted-AOC,27-Feb-2026,Public Works Roads Department
2025_PWD_49114_18,SKTRD/Tech/117/2025-26,SKTRD/SOPD-G/25-26/42,SKTRD/SOPD-G/25-26/42_Improvement of Bhokhradia to Embankment road under SOPD(G) for the year 2025-26.,Works,Open Tender,Item Rate,Civil Works – Roads,No,No,NA ,09-Dec-2025 02:00 PM,15-Dec-2025 12:00 PM ,180.0,No ,No,Online,29-Dec-2025 02:30 PM,Public Works Roads Department,Kamrup Rural,781125.0,2.0,"22,47,000",Ashique Enterprise,"2,246,998.99",Accepted-AOC,27-Feb-2026,Public Works Roads Department
2025_PWRDW_42291_7,CEEAPARRBP111Tenders2024Pt-I40,Construction of Bridge in Charaideo district i) Br. No. 1/2 on Pothaligarh Road,CE/EAP/ARRBP/OCB/Bridge-1/Charaideo/04 Construction of Bridge in Charaideo district i) Br. No. 1/2 on Pothaligarh Road,Works,Open Tender,Item Rate,Civil Works - Bridges,No,No,NA ,22-Jan-2025 01:10 PM,29-Jan-2025 11:00 AM ,180.0,No ,No,Online,05-Feb-2025 02:30 PM,Public Works Roads Department-Externally Aided Project||Public Works Road Department- World Bank Funded Tenders||Assam State Bridge Infrastructure Program,Charaideo,785691.0,2.0,"3,88,32,000",DIGANTA DUARAH,"40,385,280",Accepted-AOC,10-Feb-2026,Public Works Roads Department-Externally Aided Project||Public Works Road Department- World Bank Funded Tenders||Assam State Bridge Infrastructure Program
2025_PWHE_48139_1,IN-ASSAM PWD-510398-CW-RFB,Package No. 43 Construction of Class Rooms under Assam School Education and Adolescent Well-Being Project (ASAP) under Haflong TBD for i. J.B. Hagjer Memorial High School ii. Thaijuwari High School iii. Dittock Cherra H.S. iv. Simtuiluong High School,Package No. 43 Construction of Class Rooms under Assam School Education and Adolescent Well-Being Project (ASAP) under Haflong TBD for i. J.B. Hagjer Memorial High School ii. Thaijuwari High School iii. Dittock Cherra H.S. iv. Simtuiluong High School,Works,Open Tender,Item Rate,Civil Works - Building,No,No,NA ,17-Oct-2025 03:00 PM,21-Oct-2025 11:30 AM ,180.0,No ,No,Online,31-Oct-2025 05:00 PM,Public Works Health and Education Department-Externally Aided Project||Public Works Health and Education Department-WB,Haflong,788819.0,2.0,"17,08,87,525",Power Tools and Engineering,"220,787,000",Rejected-Technical,09-Feb-2026,Public Works Health and Education Department-Externally Aided Project||Public Works Health and Education Department-WB
2025_PWD_47085_44,CE/DEV/TB/60/2025-26/15 Dtd- 06.08.2025,MMPPNA_RIDF_XXXI_25_26_469 Improvement of (1) Rajabari Pioliphukan connecting road via Agragami path (2) Charimuthia Boraikchuk Kothalbari Road under Mukhya Mantrir Paki Path Nirman Achani (MMPPNA) under RIDF-XXXI of NABARD for the year 2025-26.,MMPPNA_RIDF_XXXI_25_26_469 Improvement of (1) Rajabari Pioliphukan connecting road via Agragami path (2) Charimuthia Boraikchuk Kothalbari Road under Mukhya Mantrir Paki Path Nirman Achani (MMPPNA) under RIDF-XXXI of NABARD for the year 2025-26.,Works,Open Tender,Item Rate,Civil Works – Roads,No,No,NA ,02-Sep-2025 02:30 PM,04-Sep-2025 12:00 PM ,180.0,No ,No,Online,19-Sep-2025 02:30 PM,Public Works Roads Department,Mahmora,786101.0,2.0,"1,47,31,000",PABAN BORGOHAIN,"14,731,000",Rejected-Finance,13-Feb-2026,Public Works Roads Department
2025_PWRDW_47262_2,EAP/ARRBP/BR/01/2024/696387/22,Construction of Bridge in Cachar District Br.No. 2/1 on Pithabeel Sildubi Silcoorie PWD,CE/EAP/ARRBP/OCB/Bridge1/Cachar/13 Construction of Bridge in Cachar District i) Br.No. 2/1 on Pithabeel Sildubi Silcoorie PWD Road To East Dharamkhal,Works,Open Tender,Item Rate,Civil Works - Bridges,No,No,NA ,04-Sep-2025 11:00 AM,08-Sep-2025 11:00 AM ,90.0,No ,No,Online,18-Sep-2025 02:30 PM,Public Works Roads Department-Externally Aided Project||Public Works Road Department- World Bank Funded Tenders||Assam State Bridge Infrastructure Program,Cachar District,788001.0,2.0,"2,25,42,000",YSM Construction & Co.,"20,317,011.26",Rejected-Finance,04-Feb-2026,Public Works Roads Department-Externally Aided Project||Public Works Road Department- World Bank Funded Tenders||Assam State Bridge Infrastructure Program
2025_DoWR_49552_1,KAMRUP RURAL/2025-26/PDNA/SUPPLY/I,Supply of materials for the schemes pertaining to Kamrup Rural W.R. Division under PDNA-2022. Package 1,Supply of materials for the schemes pertaining to Kamrup Rural W.R. Division under PDNA-2022. Package 1,Goods,Open Tender,Supply,Supply of Materials,No,No,NA ,22-Dec-2025 09:00 AM,NA ,180.0,No ,No,Online,05-Jan-2026 03:00 PM,Department of Water Resources||Chief Engineer - DoWR,KAMRUP RURAL,781009.0,2.0,"5,84,15,429",HI TECH SPECIALITY FABRICS EXPORT PVT LTD,"58,301,028.04",Accepted-AOC,21-Feb-2026,Department of Water Resources||Chief Engineer - DoWR
2025_PWD_48556_1,ARRBP/BR/01/2024/E696387/41,Cachar/03 i) Br. No 8/4 on Guabari ii) Br. on S. K. Road,CE/EAP/ARRBP/OCB/Bridges-2/Cachar/03 Construction of Bridges in Cachar district i) Br. No 8/4 on Guabari to Lutherthal Road ii) Br. on S. K. Road to Kullicherra,Works,Open Tender,Item Rate,Civil Works - Bridges,No,No,NA ,14-Nov-2025 09:00 AM,21-Nov-2025 11:00 AM ,90.0,No ,No,Online,28-Nov-2025 02:30 PM,Public Works Roads Department,Cachar District,788101.0,2.0,"2,90,34,000",Sri Sankar Roy,"29,217,000",Rejected-Finance,24-Feb-2026,Public Works Roads Department
2025_SEED_45970_1,ASDM-3693/2025/Kokrajhar,Kokrajhar PLSDTP,Kokrajhar PLSDTP,Services,Open Tender,EOI,Miscellaneous Services,No,No,NA ,28-Jul-2025 05:00 PM,NA ,180.0,No ,No,Online,20-Aug-2025 01:00 PM,Skill Employment and Entrepreneurship Department||Assam Skill Development Mission,Assam Skill Development Mission,781035.0,1.0,"8,15,250",NRDS Management Private Limited,"800,250",Not Admitted-Fee/PreQual/Technical/Finance,04-Feb-2026,Skill Employment and Entrepreneurship Department||Assam Skill Development Mission
2025_BTC_49511_1,No.125/Infra/BTC/2022-23/349,Construction of Market Shed at Rupsi in Kokrajhar District. TN_83_01,Construction of Market Shed at Rupsi in Kokrajhar District. TN_83_01,Works,Open Tender,Item Rate,Civil Works - Building,No,No,NA ,22-Dec-2025 10:30 AM,NA ,180.0,No ,No,Online,12-Jan-2026 02:00 PM,Bodoland Territorial Council-PWD||Director Cum CHD - PWD BTC,Kokrajhar,783370.0,2.0,"48,31,619",ABU BAKKAR SIDDIK,"4,831,615",Accepted-AOC,01-Feb-2026,Bodoland Territorial Council-PWD||Director Cum CHD - PWD BTC
2025_ID_47941_1,2 (SOPD-G) 2025-26 Date_09.10.2025,"Extension Renovation and Modernization (ERM) of Pahumara FIS under SOPD-G for the year 2025-26 under Tihu Bajali Division (Irrigation),Tihu Assam Pkg_1","Extension Renovation and Modernization (ERM) of Pahumara FIS under SOPD-G for the year 2025-26 under Tihu Bajali Division (Irrigation),Tihu Assam Pkg_1",Works,Open Tender,Item Rate,Civil Works,No,No,NA ,10-Oct-2025 06:00 PM,NA ,180.0,No ,No,Online,03-Nov-2025 10:00 AM,Irrigation Department||Chief Engineer(Major)-Irrigation Dept,Tihu,781371.0,2.0,"2,89,77,454",ASHOK KUMAR BAJAJ,"26,079,709",Accepted-AOC,06-Feb-2026,Irrigation Department||Chief Engineer(Major)-Irrigation Dept
2025_PWD_47133_5,SKTRD/Tech/106/2025-26,SKTRD/SOPD-G/25-26/05,SKTRD/SOPD-G/25-26/05_Improvement of Road _GWC_ from Bhalukabri Village Road under SOPD _G_ for the year 2025-26,Works,Open Tender,Item Rate,Civil Works – Roads,No,No,NA ,30-Aug-2025 06:00 PM,06-Sep-2025 12:00 PM ,180.0,No ,No,Online,24-Sep-2025 02:30 PM,Public Works Roads Department,Kamrup Rural,781125.0,2.0,"15,61,000",ARFAN ALI,"1,560,136",Accepted-AOC,10-Feb-2026,Public Works Roads Department
2025_PWD_45818_28,CE/Commn/16/2025-26/04,Nazira /SOPD/ 2,"Construction of NH-61 to Borbam Chutia Goan connecting roads from Ch. 0.00m to Ch. 755.00m (L-0.755 Km) under SOPD (G) for the year 2025-26 under PWRD Nazira Territorial Road Division, Nazira of District Sivasagar for Nazira LAC.",Works,Open Tender,Item Rate,Civil Works – Roads,No,No,NA ,23-Jul-2025 06:00 PM,28-Jul-2025 04:00 PM ,180.0,No ,No,Online,11-Aug-2025 02:30 PM,Public Works Roads Department,Nazira,785684.0,2.0,"67,06,400",Md ABRARUL MUZID KHAN,"6,706,000",Rejected-AOC,21-Feb-2026,Public Works Roads Department
2025_PWD_45827_122,CE/MAINT/SOPDG/01/2025-26/02,MAINT/SOPD-G/2025-26/110,"MAINT/SOPD-G/2025-26/110_Improvement of (GWC) Road from 1_ Bama Basudev Mandir to CHRN Road , 2_ Improvement of (GWC) Road from Bama Manasha Mandir Road, 3_ Improvement of (GWC) Road from Radhakuchi to Gog Road , 4_ Improvement of (GWC) Road from J",Works,Open Tender,Item Rate,Civil Works – Roads,No,No,NA ,25-Jul-2025 06:00 PM,26-Jul-2025 02:00 PM ,180.0,No ,No,Online,19-Aug-2025 11:00 AM,Public Works Roads Department,Kamrup Rural,781354.0,2.0,"1,47,60,000",Rang Private Limited,"14,749,996",Rejected-Finance,11-Feb-2026,Public Works Roads Department
2025_PWHE_48104_1,IN-ASSAM PWD-510353-CW-RFB,Package No.21 Constrn of Class Rooms under (ASAP) under Udalguri and Baksa District Territorial Building Division for i. Rasharaj ME School. ii. Upendra N.B.M. Bodo ME School iii. West Borsola Bodo MES iv. Koptimari Bhairaguri ME School,Package No.21 Constrn of Class Rooms under (ASAP) under Udalguri and Baksa District Territorial Building Division for i. Rasharaj ME School. ii. Upendra N.B.M. Bodo ME School iii. West Borsola Bodo MES iv. Koptimari Bhairaguri ME School,Works,Open Tender,Item Rate,Civil Works - Building,No,No,NA ,16-Oct-2025 06:55 PM,21-Oct-2025 11:30 AM ,180.0,No ,No,Online,31-Oct-2025 05:00 PM,Public Works Health and Education Department-Externally Aided Project||Public Works Health and Education Department-WB,Udalguri,784509.0,2.0,"15,06,08,725",VERSHA TECHNOTRADE PVT LTD,"172,051,200",Rejected-Technical,21-Feb-2026,Public Works Health and Education Department-Externally Aided Project||Public Works Health and Education Department-WB
2025_PWD_45495_20,CE/Commn/16/202526/3,Ranganadi/ MMPNA/ 1,Re-Const of1)RCC box Culvert No.1/1 (3/44/0)on Dolopapathar to Krishnapur Deorigaon Rd 2 RCC box Culvert No.1/1 (3/33/0) on 2no Phulbari Sonari Chuburi Rd3) RCC box Culvert No.2/1 (2/44/0) on Borbam Pathar to Khagori gaon link Rd under MMPNA fr 25-26,Works,Open Tender,Works,Civil Works – Roads,No,No,NA ,11-Jul-2025 01:00 PM,18-Jul-2025 04:00 PM ,180.0,No ,No,Online,30-Jul-2025 02:30 PM,Public Works Roads Department||CE PWD(R) - PWD||Traffic Engineering Cell - PWD,Ranganadi,787032.0,2.0,"1,14,36,000",Robin Kalita,"10,292,400",Not Admitted-Fee/PreQual/Technical,09-Feb-2026,Public Works Roads Department||CE PWD(R) - PWD||Traffic Engineering Cell - PWD
2025_PWHE_47054_1,IN-ASSAM PWD-510319-CW-RFB,Construction of Class Rooms under Assam School Education and Adolescent Well-Being Project (ASAP) under Dhemaji (ST)DTBD for i. Rawon Kumoliya Mishing High School ii. K.K. Patir High School iii. Naharbari Novodoya MES iv. J.N. Chille tribal MES,Construction of Class Rooms under Assam School Education and Adolescent Well-Being Project (ASAP) under Dhemaji (ST)DTBD for i. Rawon Kumoliya Mishing High School ii. K.K. Patir High School iii. Naharbari Novodoya MES iv. J.N. Chille tribal MES,Works,Open Tender,Item Rate,Civil Works - Building,No,No,NA ,28-Aug-2025 02:00 PM,15-Sep-2025 11:30 AM ,180.0,No ,No,Online,03-Oct-2025 02:30 PM,Public Works Health and Education Department-Externally Aided Project||Public Works Health and Education Department-WB,Dhemaji,787057.0,2.0,"14,61,25,246",M/S NIMA ENTERPRISES,"152,700,800",Accepted-AOC,21-Feb-2026,Public Works Health and Education Department-Externally Aided Project||Public Works Health and Education Department-WB
2025_GMC_47797_4,GER/CE/2504/2025/16 Dated_25/09/2025,Construction of Community Hall under Ward No.48,Construction of Various Community Hall under Guwahati Municipal Corporation,Works,Open Tender,Lump-sum,Civil Works,No,No,NA ,03-Oct-2025 06:00 PM,08-Oct-2025 12:00 PM ,120.0,No ,No,Online,24-Oct-2025 02:30 PM,Guwahati Municipal Corporation,Guwahati,781006.0,2.0,,Rajib Ali,"1,602,000",Rejected-AOC,04-Feb-2026,Guwahati Municipal Corporation
2025_BoTC_43139_1,FSHRY/BTC/2024-25/PMMSY/1,"Supply of Rice Polish, Mustard Oil Cake (MOC) activity Inputs for Pen Culture in Baksa District under PMMSY for the year 2020-21.","Group-B Supply of Rice Polish, Mustard Oil Cake (MOC) activity Inputs for Pen Culture in Baksa District under PMMSY for the year 2020-21.",Goods,Open Tender,Supply,Miscellaneous Goods,No,No,NA ,27-Feb-2025 09:00 AM,NA ,180.0,No ,No,Online,19-Mar-2025 02:30 PM,Bodoland Territorial Council||Fisheries-BTC,"Baksa, BTR",781372.0,2.0,"30,000",PREMIER AGRO BIO-TECH,"30,000",Accepted-AOC,21-Feb-2026,Bodoland Territorial Council||Fisheries-BTC
2025_KAAC_46561_1,ACEH/CS/SSA/03/2025-26/NSL51,Construction of 50 bedded hostel separately for boys and girls at Model School Dalimbari under the scheme Dharti Aaba Janjatiya Gram Utkarsh Abhiyan,Construction of 50 bedded hostel separately for boys and girls at Model School Dalimbari under the scheme Dharti Aaba Janjatiya Gram Utkarsh Abhiyan,Works,Open Tender,Item Rate,Civil Works - Building,No,No,NA ,18-Aug-2025 11:00 AM,20-Aug-2025 12:00 PM ,180.0,No ,No,Online,30-Aug-2025 11:00 AM,Karbi Anglong Autonomous Council||PWD||Addl. Chief Engineer Diphu,Amri,782448.0,2.0,"3,78,75,000",Shiva Chetry,"37,874,558",Rejected-AOC,21-Feb-2026,Karbi Anglong Autonomous Council||PWD||Addl. Chief Engineer Diphu
2025_APGCL_44370_1,APGCL/CGM (HnC)/2025-26/KLHEP EWS/04(08),"(A) Erection of Pole to install the EWS u/s of KLHEP, APGCL, Lengery (B) Construction of Boundary wall around Security Cabin and EWS Monitoring Room of KLHEP, APGCL, Lengery (C) Construction of Security Room along with EWS maintenance room u/s of KLH",(A) Erection of Pole to install the EWS u/s of KLHEP (B) Construction of Boundary wall around Security Cabin and EWS Monitoring Room of KLHEP (C) Construction of Security Room along with EWS maintenance room u/s of KLHEP (D) Construction of Path.,Works,Open Tender,Works,Civil Works - Others,No,No,NA ,20-May-2025 11:00 AM,NA ,180.0,No ,No,Online,04-Jun-2025 03:00 PM,Assam Power Generation Company Limited,"Karbi Langpi Hydro Electric Project, Karbi anglong",782450.0,2.0,"27,39,335",M/S Langpi Enterprise,"2,388,229",Rejected-Finance,09-Feb-2026,Assam Power Generation Company Limited
2025_PWBNH_49066_1,SE/TB/TEN/04/2025-26/ 731 Dated-26.11.2025,"Construction of Prosecution Inspector Office and Barrack (RCC type at 1st floor and Assam type 2nd floor) Malkhana in Judicial Complex, Darrang, Mangaldai","Construction of Prosecution Inspector Office and Barrack (RCC type at 1st floor and Assam type 2nd floor) Malkhana in Judicial Complex, Darrang, Mangaldai",Works,Open Tender,Item Rate,Civil Works - Building,No,No,NA ,06-Dec-2025 02:00 PM,11-Dec-2025 12:00 PM ,180.0,No ,No,Online,29-Dec-2025 01:00 PM,Public Works Building and NH Department||Chief Engineer-Building - PWBNH||SE-Tezpur Circle - PWBNH,Mangaldai,784125.0,2.0,"47,49,568",DURLAV KALITA,"4,746,923",Rejected-AOC,25-Feb-2026,Public Works Building and NH Department||Chief Engineer-Building - PWBNH||SE-Tezpur Circle - PWBNH
2025_PWD_47084_10,CE/DEV/TB/60/2025-26/19 Dtd- 20.08.2025,"MMPPNA_RIDF_XXXI_25_26_493 Improvement of (1) Road from Jyoti Kalyan Natriya Parishad to Bharatiguri Boriguri Road from Ch. 0.00m to 1250.00m (L- 1.25 Km), (2) Chatrang joypur Road with ICBP under Mukhya Mantrir Paki Path Nirman Achani (MMPPNA) under","MMPPNA_RIDF_XXXI_25_26_493 Improvement of (1) Road from Jyoti Kalyan Natriya Parishad to Bharatiguri Boriguri Road from Ch. 0.00m to 1250.00m (L- 1.25 Km), (2) Chatrang joypur Road with ICBP under Mukhya Mantrir Paki Path Nirman Achani (MMPPNA) under",Works,Open Tender,Item Rate,Civil Works – Roads,No,No,NA ,30-Aug-2025 09:00 AM,04-Sep-2025 12:00 PM ,180.0,No ,No,Online,19-Sep-2025 02:30 PM,Public Works Roads Department,Gohpur,784168.0,2.0,"1,90,18,000",Sri Dhrubajyoti Kakati,"19,018,000",Rejected-Finance,25-Feb-2026,Public Works Roads Department
2025_PHED_44543_1,RGRWSM_719_2023_24_372_81,Empanelment of Technical Agencies,"Empanelment of Technical Agencies as Technical Expert cum Implementing Agencies for Installation, Operation and Maintenance of Block, GP level Faecal Sludge Treatment Plants under SBM, Gramin, Assam.",Services,Open Tender,EOI,Consultancy,No,No,NA ,27-May-2025 12:00 PM,02-Jun-2025 03:00 PM ,180.0,No ,No,Online,19-Jun-2025 05:00 PM,Public Health Engineering Department||Chief Engineer PHE(P)-Assam-PHED||Lower Assam Zone-Guwahati-PHED||Guwahati Circle-Guwahati-PHED,Guwahati,781036.0,1.0,0.0,DRITU RESEARCH & TECHNOLOGY LLP,0.0,Rejected-Technical,03-Feb-2026,Public Health Engineering Department||Chief Engineer PHE(P)-Assam-PHED||Lower Assam Zone-Guwahati-PHED||Guwahati Circle-Guwahati-PHED
2025_PWD_46627_1,CE/BR/10/2024/25,3rd Party/Barpeta/CRIF/2020-21/01,Construction of RCC Bridge No. 2/1 (Length 500M) over river Beki on Katajar Pather to Kahitama Pather road in Barpeta District under CRIF for the year 2020-21 in the state of Assam,Works,Open Tender,Item Rate,Civil Works – Roads,No,No,NA ,18-Aug-2025 05:00 PM,29-Aug-2025 09:00 AM ,180.0,No ,No,Online,09-Sep-2025 12:00 PM,Public Works Roads Department,Barpeta,781301.0,2.0,"46,59,722",Competent Infrastructure and consulting(CICON) Pvt.Ltd,"4,300,000",Accepted-AOC,04-Feb-2026,Public Works Roads Department
2025_BTC_49474_1,125/ACE/NIT/Infra/BTC/22-23,"Traditional Food Park at Dangaigaon, Chirang, Assam under Special Development Project as per MoS 2020 on EPC (Engineering, Procurement and Construction) Mode-I.","Traditional Food Park at Dangaigaon, Chirang, Assam under Special Development Project as per MoS 2020 on EPC (Engineering, Procurement and Construction) Mode-I.",Works,Open Tender,Works,Civil Works,No,No,NA ,19-Dec-2025 10:00 AM,26-Dec-2025 12:00 PM ,180.0,No ,No,Online,09-Jan-2026 03:00 PM,Bodoland Territorial Council-PWD||Director Cum CHD - PWD BTC,Chirang,783390.0,2.0,"23,11,71,505",M S ASM Brothers,"238,051,100",Accepted-AOC,19-Feb-2026,Bodoland Territorial Council-PWD||Director Cum CHD - PWD BTC
2025_PWD_48732_1,CE/STBR/SOPD-G/NIT/07/25-26/45,CE/STBR/SOPD-G/NIT/07/25-27/45,Construction of Road from Gormara Centre to Gormara Bengali under SOPD-G for the year 2025-26 of District Sonitpur (Barchalla LAC),Works,Open Tender,Works,Civil Works,No,No,NA ,20-Nov-2025 09:00 AM,NA ,180.0,No ,No,Online,27-Nov-2025 11:00 AM,Public Works Roads Department,O/o the CE(Roads)PWRD Assam Chandmari Ghy03,781003.0,2.0,"1,80,53,400",SANKAR GHATWER,"18,053,000",Accepted-AOC,24-Feb-2026,Public Works Roads Department
2025_PWD_47172_22,CE/STBR/SOPD G/NIT/07/2025-26/16 Dated 18-08-2025,"STBR/SOPD-G/ Ramkrishna Nagar-05/22 Periodical renewal (1) Mukamcherra to Damcherra road, (ii) Balance length of road from Bhairabnagar to Saraspur, (iii) Balance length of Anipur-Zamuang road to Kalacherra undwer Mukhya Mantrir Path Nabikaran Achani","STBR/SOPD-G/ Ramkrishna Nagar-05/22 Periodical renewal (1) Mukamcherra to Damcherra road, (ii) Balance length of road from Bhairabnagar to Saraspur, (iii) Balance length of Anipur-Zamuang road to Kalacherra undwer Mukhya Mantrir Path Nabikaran Achani",Works,Open Tender,Item Rate,Civil Works – Roads,No,No,NA ,03-Sep-2025 11:00 AM,08-Sep-2025 11:00 AM ,180.0,No ,No,Online,19-Sep-2025 11:00 AM,Public Works Roads Department,Ramkrishna Nagar,788166.0,2.0,"81,84,000",M/S Woodland Farms Pvt. Ltd.,"8,184,000",Rejected-AOC,18-Feb-2026,Public Works Roads Department
2025_SEED_45969_1,ASDM-3704/2025/Sivasagar,Sivsagar PLSDTP,Sivsagar PLSDTP,Services,Open Tender,EOI,Miscellaneous Services,No,No,NA ,28-Jul-2025 05:00 PM,NA ,180.0,No ,No,Online,20-Aug-2025 01:00 PM,Skill Employment and Entrepreneurship Department||Assam Skill Development Mission,Assam Skill Development Mission,781035.0,1.0,"10,76,100",Ajitaaksh Ventures Pvt Ltd,"1,061,100",Not Admitted-Fee/PreQual/Technical/Finance,03-Feb-2026,Skill Employment and Entrepreneurship Department||Assam Skill Development Mission
2025_WPTBC_49170_1,SCDCStadiumUttarBorbil,"Construction of Mini Outdoor Stadium at Uttar Borbil Binapani High School, Uttar Borbil, Karbi Anglong, Bokajan LAC","Construction of Mini Outdoor Stadium at Uttar Borbil Binapani High School, Uttar Borbil, Karbi Anglong, Bokajan LAC",Works,Open Tender,Item Rate,Civil Works,No,No,NA ,10-Dec-2025 06:00 PM,12-Dec-2025 12:00 PM ,180.0,No ,No,Online,29-Dec-2025 03:00 PM,Welfare of Plain Tribes and Backward Classes||Directorate of Welfare of Scheduled Caste||Assam State Development Corporation for SC,"DISPUR, GHY-06",781006.0,2.0,"1,89,52,000",NIRU ENTERPRISE,"18,951,700",Accepted-AOC,02-Feb-2026,Welfare of Plain Tribes and Backward Classes||Directorate of Welfare of Scheduled Caste||Assam State Development Corporation for SC
2025_PWD_48400_11,CE/DEV/TB/120/2025-26/12 Dtd- 11.09.2025,"MMNPPNA_25_26_02 (1) Improvement of Govt. Dental College Road at Dakhin Tilla (Phase-I) and Strengthening of Vivekananda Lane with RCC Drain, Ghunghur, (2) Improvement of Silchar Polytechnic Campus road (Phase-I) (i) From Old Mechanical Building to K","MMNPPNA_25_26_02 (1) Improvement of Govt. Dental College Road at Dakhin Tilla (Phase-I) and Strengthening of Vivekananda Lane with RCC Drain, Ghunghur, (2) Improvement of Silchar Polytechnic Campus road (Phase-I) (i) From Old Mechanical Building to K",Works,Open Tender,Item Rate,Civil Works – Roads,No,No,NA ,13-Nov-2025 06:00 PM,13-Nov-2025 06:30 PM ,180.0,No ,No,Online,17-Nov-2025 02:30 PM,Public Works Roads Department,Silchar,788005.0,2.0,"3,36,96,000",NURUL ISLAM LASKAR,"33,695,800",Rejected-Finance,26-Feb-2026,Public Works Roads Department
2025_PWD_46813_2,Tech/2083 dated 18/08/2025,Construction of road from Chepti Kulhati Road Janta High School to Maihati Satra under SOPD (G) for the year 2025-26,Construction of road from Chepti Kulhati Road Janta High School to Maihati Satra under SOPD (G) for the year 2025-26 Pkg no. NKTRD(R)/ SOPD(G)/ 2025-26/06,Works,Open Tender,Item Rate,Civil Works – Roads,No,No,NA ,26-Aug-2025 11:00 AM,27-Aug-2025 12:00 PM ,180.0,No ,No,Online,08-Sep-2025 01:00 PM,Public Works Roads Department,Rangia LAC,781354.0,2.0,"8,03,906",U.K. Enterprise,"803,905",Rejected-AOC,15-Feb-2026,Public Works Roads Department
2025_SEED_45994_1,ASDM3694/2025/Kamrup Metro,Kamrup Metro PLSDTP,Kamrup Metro PLSDTP,Services,Open Tender,EOI,Miscellaneous Services,No,No,NA ,28-Jul-2025 05:00 PM,NA ,180.0,No ,No,Online,20-Aug-2025 01:00 PM,Skill Employment and Entrepreneurship Department||Assam Skill Development Mission,Assam Skill Development Mission,781035.0,1.0,"13,65,000",Ajitaaksh Ventures Pvt Ltd,"1,350,000",Accepted-AOC,03-Feb-2026,Skill Employment and Entrepreneurship Department||Assam Skill Development Mission
2026_PWD_49910_1,BDTRD/SOPD-G/GWC/25-26/16,Construction of Simoluguri Bengali Village Road Including Cross drainage works (Granular Wearing Course) under SOPD-G for the year 2025-26 of District Sonitpur(Barchalla LAC),Construction of Simoluguri Bengali Village Road Including Cross drainage works (Granular Wearing Course) under SOPD-G for the year 2025-26 of District Sonitpur(Barchalla LAC),Works,Open Tender,Item Rate,Civil Works,No,No,NA ,05-Jan-2026 02:00 PM,08-Jan-2026 12:00 PM ,180.0,No ,No,Online,21-Jan-2026 02:00 PM,Public Works Roads Department,Barchalla,784110.0,2.0,"22,91,000",TIGER LIMBU,"2,290,000",Rejected-Finance,23-Feb-2026,Public Works Roads Department
2025_ACCF_48302_1,ACCF/UtilityBlock/25-26/113,ACCF/UtilityBlock/25-26/113,Design and Construction of Utility Building for Dhubri Cancer Centre,Works,Open Tender,Works,Civil Works - Building,No,No,NA ,03-Nov-2025 04:00 PM,10-Nov-2025 12:00 PM ,180.0,No ,No,Online,21-Nov-2025 04:00 PM,ASSAM CANCER CARE FOUNDATION,ACCF,781022.0,2.0,"1,50,00,000",BHAGYA TRADERS,"18,800,000",Accepted-AOC,20-Feb-2026,ASSAM CANCER CARE FOUNDATION
2025_PWD_49126_1,CE/DEV/TB/206/2025-26/03 Dtd- 29.11.2025,"NRL_DEPOSIT_25_26_02 Construction of Helipad and its intrenal roads for the year 2025-26 under Golaghat and Khumtai Territorial Road Division (Khumtai LAC,NRL Deposit Work)","NRL_DEPOSIT_25_26_02 Construction of Helipad and its intrenal roads for the year 2025-26 under Golaghat and Khumtai Territorial Road Division (Khumtai LAC,NRL Deposit Work)",Works,Open Tender,Item Rate,Civil Works – Roads,No,No,NA ,08-Dec-2025 06:00 PM,11-Dec-2025 12:00 PM ,180.0,No ,No,Online,24-Dec-2025 02:30 PM,Public Works Roads Department,Golaghat,785621.0,2.0,"4,07,58,000",Nirmal Kumar Agarwalla,"40,703,443",Rejected-Finance,13-Feb-2026,Public Works Roads Department
2025_PWRDW_46041_1,CE/EAP/ARRBP01Tenders2024/71B,Construction of Bridge in Biswanath district,Construction of Bridge in Biswanath district i) Br. No. 1/1 on Brahmajan Bagan Road Package No CE/EAP/ARRBP/OCB/Bridge-1/Biswanath/07,Works,Open Tender,Item Rate,Civil Works - Bridges,No,No,NA ,30-Jul-2025 04:00 PM,05-Aug-2025 04:00 PM ,180.0,No ,No,Online,19-Aug-2025 02:30 PM,Public Works Roads Department-Externally Aided Project||Public Works Road Department- World Bank Funded Tenders||Assam State Bridge Infrastructure Program,Biswanath,784176.0,2.0,"1,20,13,000",M/s A.G. Construction,"12,550,000",Rejected-Technical,14-Feb-2026,Public Works Roads Department-Externally Aided Project||Public Works Road Department- World Bank Funded Tenders||Assam State Bridge Infrastructure Program
2025_PWD_45827_123,CE/MAINT/SOPDG/01/2025-26/02,MAINT/SOPD-G/2025-26/111,"MAINT/SOPD-G/2025-26/111_Improvement of (GWC) Road from 1_ 3 no Hassang L.P. School to Hassng Nanariapam Road (Rati Ram Das) upto Sudhodhan house , 2_ Improvement of (GWC) Road from Sunanda Das House to Kalajal Balahati Road (Singimari) Road , 3_ I",Works,Open Tender,Item Rate,Civil Works – Roads,No,No,NA ,25-Jul-2025 06:00 PM,26-Jul-2025 02:00 PM ,180.0,No ,No,Online,19-Aug-2025 11:00 AM,Public Works Roads Department,Kamrup Rural,781354.0,2.0,"1,38,51,000",Rang Private Limited,"13,851,000",Rejected-Finance,11-Feb-2026,Public Works Roads Department
2025_PWD_47660_2,SNSTRD/T-2/ SOPD-G/ET(R)/2025-26/04,"SNSTRD_SOPD_G_ET(R)_25_26_02 Construction of road from Kaliganj Chokirmukh PWD Road to Ranirpar Jadutilla road via Rajghat under SOPD-G for the year 2025-26 in North Karimganj LAC, Sribhumi.","SNSTRD_SOPD_G_ET(R)_25_26_02 Construction of road from Kaliganj Chokirmukh PWD Road to Ranirpar Jadutilla road via Rajghat under SOPD-G for the year 2025-26 in North Karimganj LAC, Sribhumi.",Works,Open Tender,Item Rate,Civil Works,No,No,NA ,24-Sep-2025 02:00 PM,26-Sep-2025 02:00 PM ,180.0,No ,No,Online,08-Oct-2025 03:00 PM,Public Works Roads Department,Sribhumi,788710.0,2.0,"34,02,992",Sri Ramanuj Dutta,"3,402,120",Accepted-AOC,21-Feb-2026,Public Works Roads Department
2025_PWD_45408_142,CE/DEV/TB/60/2025-26/01 Dtd- 21.06.2025,"MMPPNA_RIDF_XXXI_25_26_128 Construction of (1) Haldhibari to Hatidubi connecting Road from Ch.0.00 km to 2.25 km (L-2.25 km), (2) road from Habi chariali to Borbali (Ch.0.00 m to 3100.00 m, (3) Uriamghat to Jayapathar Road from Ch.0.00 km to 2.50 km","MMPPNA_RIDF_XXXI_25_26_128 Construction of (1) Haldhibari to Hatidubi connecting Road from Ch.0.00 km to 2.25 km (L-2.25 km), (2) road from Habi chariali to Borbali (Ch.0.00 m to 3100.00 m, (3) Uriamghat to Jayapathar Road from Ch.0.00 km to 2.50 km",Works,Open Tender,Item Rate,Civil Works – Roads,No,No,NA ,15-Jul-2025 09:00 AM,17-Jul-2025 12:00 PM ,180.0,No ,No,Online,28-Jul-2025 02:30 PM,Public Works Roads Department,Sarupathar,785601.0,2.0,"6,44,75,000",Sri Manoj Pareek,"64,474,000",Rejected-Finance,19-Feb-2026,Public Works Roads Department
2025_NHM_49708_24,NHM-Const-I/1373076/2025,"Construction of New PHC at Barapujia PHC in NAGAON District under XV-FC Health Grant under NHM, Assam","Construction of New PHC at Barapujia PHC in NAGAON District under XV-FC Health Grant under NHM, Assam",Works,Open Tender,Turn-key,Civil Works - Building,No,No,NA ,29-Dec-2025 06:00 PM,NA ,225.0,No ,No,Online,20-Jan-2026 03:30 PM,National Health Mission||State Programme Management Unit - NHM,Nagaon,782001.0,2.0,"2,42,82,945",biswajit banik,"24,282,000",Accepted-AOC,24-Feb-2026,National Health Mission||State Programme Management Unit - NHM
2025_PWD_45926_151,CE/DEV/TB/60/2025-26/06 Dtd- 14.07.2025,"MMPPNA_RIDF_XXXI_25_26_336 Construction of Pachim Bagachala -MPK Santipukhuri, Kaljuri Village approach Road to Baralakhat Road(L 2.65km) under Mukhya Mantrir Paki Path Nirman Achani (MMPPNA) under RIDF-XXXI of NABARD for the year 2025-26.","MMPPNA_RIDF_XXXI_25_26_336 Construction of Pachim Bagachala -MPK Santipukhuri, Kaljuri Village approach Road to Baralakhat Road(L 2.65km) under Mukhya Mantrir Paki Path Nirman Achani (MMPPNA) under RIDF-XXXI of NABARD for the year 2025-26.",Works,Open Tender,Item Rate,Civil Works – Roads,No,No,NA ,01-Aug-2025 06:00 PM,04-Aug-2025 12:00 PM ,180.0,No ,No,Online,14-Aug-2025 02:30 PM,Public Works Roads Department,Sipajhar,784145.0,2.0,"2,15,00,000",RAJLOSON SARMA,"21,493,000",Rejected-Finance,06-Feb-2026,Public Works Roads Department
2025_PWD_45408_76,CE/DEV/TB/60/2025-26/01 Dtd- 21.06.2025,"MMPPNA_RIDF_XXXI_25_26_49 Construction of Tiwa Path-Mukunibala Roy Path at Bonda, Gopal Nagar with proper Drainage under Mukhya Mantrir Paki Path Nirman Achani (MMPPNA) under RIDF-XXXI of NABARD for the year 2025-26.","MMPPNA_RIDF_XXXI_25_26_49 Construction of Tiwa Path-Mukunibala Roy Path at Bonda, Gopal Nagar with proper Drainage under Mukhya Mantrir Paki Path Nirman Achani (MMPPNA) under RIDF-XXXI of NABARD for the year 2025-26.",Works,Open Tender,Item Rate,Civil Works – Roads,No,No,NA ,11-Jul-2025 09:00 AM,17-Jul-2025 12:00 PM ,180.0,No ,No,Online,28-Jul-2025 02:30 PM,Public Works Roads Department,Dimoria,781150.0,2.0,"3,93,68,000",P.S. ENTERPRISE,"39,344,000",Accepted-AOC,18-Feb-2026,Public Works Roads Department
2025_PWD_45926_179,CE/DEV/TB/60/2025-26/06 Dtd- 14.07.2025,MMPPNA_RIDF_XXXI_25_26_262 Improvement of Road from (1) Rajeswarpur to Baleshwar (Natanpur) (2) NH-06 near Digorkhal Higher Secondary School to Gobindokupa village under Mukhya Mantrir Paki Path Nirman Achani (MMPPNA) under RIDF-XXXI of NABARD for th,MMPPNA_RIDF_XXXI_25_26_262 Improvement of Road from (1) Rajeswarpur to Baleshwar (Natanpur) (2) NH-06 near Digorkhal Higher Secondary School to Gobindokupa village under Mukhya Mantrir Paki Path Nirman Achani (MMPPNA) under RIDF-XXXI of NABARD for th,Works,Open Tender,Item Rate,Civil Works – Roads,No,No,NA ,02-Aug-2025 06:55 PM,04-Aug-2025 12:00 PM ,180.0,No ,No,Online,14-Aug-2025 02:30 PM,Public Works Roads Department,Katigorah,788805.0,2.0,"3,46,02,000",Sri Purnam Deb,"34,600,000",Rejected-Finance,23-Feb-2026,Public Works Roads Department
2025_PWD_48863_2,SNSTRD/T-2/SOPD-G/ET (AR)/2025-26/04,"SNSTRD_SOPD_G_ET(A)_25_26_08 Construction of One Storey Building of Office of the Superintending Engineer Hailakandi and Sribhumi Road Circle,Sribhumi under SOPD-G for the year 2025-26 of Sribhumi District (Karimganj North LAC)","SNSTRD_SOPD_G_ET(A)_25_26_08 Construction of One Storey Building of Office of the Superintending Engineer Hailakandi and Sribhumi Road Circle,Sribhumi under SOPD-G for the year 2025-26 of Sribhumi District (Karimganj North LAC)",Works,Open Tender,Item Rate,Civil Works,No,No,NA ,27-Nov-2025 02:00 PM,28-Nov-2025 02:00 PM ,180.0,No ,No,Online,08-Dec-2025 03:00 PM,Public Works Roads Department,Sribhumi,788710.0,2.0,"79,98,780",SUPRIYO DAS,"7,998,355",Accepted-AOC,23-Feb-2026,Public Works Roads Department
2025_KAAC_49041_1,NoACEH/CS/AAP/72/2025-26/04,"Construction of Road from Jorlep Teron to Hapjan Sikari Bey village under Annual Action plan, KAAC for the year 2025-26.","Construction of Road from Jorlep Teron to Hapjan Sikari Bey village under Annual Action plan, KAAC for the year 2025-26.",Works,Open Tender,Item Rate,Civil Works,No,No,NA ,05-Dec-2025 11:00 AM,08-Dec-2025 12:00 PM ,180.0,No ,No,Online,19-Dec-2025 02:00 PM,Karbi Anglong Autonomous Council||PWD||Addl. Chief Engineer Diphu,Hapjan,782460.0,2.0,"9,55,27,000",Smti Monumaya Devi,"95,525,678.5",Rejected-AOC,25-Feb-2026,Karbi Anglong Autonomous Council||PWD||Addl. Chief Engineer Diphu
2025_PWRDW_46124_1,RFB No CE/EAP/ARRBP/02/TENDERS/2024/ 47,Construction of Bridge in Barpeta district RCC Bridge on Bhulukadoba to kalbari Road Barpeta/29,CE/EAP/ARRBP/OCB/Bridge1/Barpeta/29 Construction of Bridge in Barpeta district RCC Bridge on Bhulukadoba to kalbari Road,Works,Open Tender,Item Rate,Civil Works - Bridges,No,No,NA ,05-Aug-2025 09:00 AM,19-Aug-2025 11:00 AM ,180.0,No ,No,Online,04-Sep-2025 02:30 PM,Public Works Roads Department-Externally Aided Project||Public Works Road Department- World Bank Funded Tenders||Assam State Bridge Infrastructure Program,Barpeta,781301.0,2.0,"13,05,68,200",M/S Royal Smart Construction,"126,215,832.5",Rejected-Finance,12-Feb-2026,Public Works Roads Department-Externally Aided Project||Public Works Road Department- World Bank Funded Tenders||Assam State Bridge Infrastructure Program
2025_PWD_49114_19,SKTRD/Tech/117/2025-26,SKTRD/SOPD-G/25-26/43,SKTRD/SOPD-G/25-26/43_Improvement of Rangeswari to Pahartol road under SOPD(G) for the year 2025-26.,Works,Open Tender,Item Rate,Civil Works – Roads,No,No,NA ,09-Dec-2025 02:00 PM,15-Dec-2025 12:00 PM ,180.0,No ,No,Online,29-Dec-2025 02:30 PM,Public Works Roads Department,Kamrup Rural,781125.0,2.0,"20,03,000",RUPJYOTI DAS,"2,023,000",Not Admitted-Finance,27-Feb-2026,Public Works Roads Department
2025_PWD_49791_3,CE/Commn/192/PDNA/2025-26/12,PDNA/ Cachar /07,"Recovery and Reconstruction of(1) NH-54 near Katakhal to NarsingpurGas Agency road (Ch-0.00m to 980.00m)2 rd frm Shyamacharanpur (BBC Rd) to Mathurapur via Bidyaratanpur (3)PDB Rd to NH54 at Paloi Pt undr NDRF(PDNA-2022) fr the yr 2025-26,Dholai LAC",Works,Open Tender,Item Rate,Civil Works – Roads,No,No,NA ,31-Dec-2025 05:00 PM,NA ,180.0,No ,No,Online,12-Jan-2026 02:30 PM,Public Works Roads Department,Cachar,788001.0,2.0,"1,56,92,000",farooq ahmed barbhuiya,"15,689,000",Rejected-AOC,28-Feb-2026,Public Works Roads Department
2025_PWD_49572_1,CS/JTRD/SOPD-G/11/2025-26,Restoration of damaged road surface from caused due to underground water supply pipe laying under Guwahati Water Supply Project along roads executed by L and T Construction under Jalukbari TRD under SOPD G for the year 2025 26 Gr VIII,Restoration of damaged road surface from caused due to underground water supply pipe laying under Guwahati Water Supply Project along roads executed by L and T Construction under Jalukbari TRD under SOPD G for the year 2025 26 Gr VIII,Works,Open Tender,Item Rate,Civil Works – Roads,No,No,NA ,23-Dec-2025 02:00 PM,30-Dec-2025 02:00 PM ,180.0,No ,No,Online,05-Jan-2026 04:00 PM,Public Works Roads Department,various location,781012.0,2.0,"2,24,03,561",M/S KUNDU ENTERPRISE,"22,403,560.65",Accepted-AOC,10-Feb-2026,Public Works Roads Department
2025_PWD_47585_3,CE/DEV/TB/116/2025-26/07 Dtd- 22.08.2025,ASOM_MALA_3.0_25_26_19 Imrovement and Upgradation of Road from Goronga to Borholla from Ch.0.00 Km (Goronga) to Ch. 12.593 Km (Borholla) under Asom Mala 3.0 for the year 2025-26,ASOM_MALA_3.0_25_26_19 Imrovement and Upgradation of Road from Goronga to Borholla from Ch.0.00 Km (Goronga) to Ch. 12.593 Km (Borholla) under Asom Mala 3.0 for the year 2025-26,Works,Open Tender,Item Rate,Civil Works – Roads,No,No,NA ,18-Sep-2025 06:00 PM,19-Sep-2025 12:00 PM ,180.0,No ,No,Online,07-Oct-2025 02:30 PM,Public Works Roads Department,Golaghat,785621.0,2.0,"38,60,20,000",HIGH-TECH ECOGREEN CONTRACTORS LLP,"385,980,427",Accepted-AOC,19-Feb-2026,Public Works Roads Department
2025_SEED_45954_1,ASDM-3675/2025/Baksa,Baksa PLSDTP,Baksa PLSDTP,Services,Open Tender,EOI,Miscellaneous Services,No,No,NA ,28-Jul-2025 05:00 PM,NA ,180.0,No ,No,Online,20-Aug-2025 01:00 PM,Skill Employment and Entrepreneurship Department||Assam Skill Development Mission,Assam Skill Development Mission,781035.0,1.0,"14,40,450",Assam Skill Training Provider (ASTP),"1,410,450",Not Admitted-Fee/PreQual/Technical/Finance,03-Feb-2026,Skill Employment and Entrepreneurship Department||Assam Skill Development Mission
2024_APHC_37843_1,APHC/CS/69/2023-24_Malkhana,"supply, installation, testing and commissioning of Evidence Property Management System at Malkhanas of 4 PS of Assam i.e. Panbazar PS, Nalbari PS, Rangia PS and Ghograpar PS under MOITRI as Pilot Project for Modernization of Assam Police Malkhanas","supply, installation, testing and commissioning of Evidence Property Management System at Malkhanas of 4 PS of Assam i.e. Panbazar PS, Nalbari PS, Rangia PS and Ghograpar PS under MOITRI as Pilot Project for Modernization of Assam Police Malkhanas",Works,Open Tender,Item Rate,Metal Fabrication,No,No,NA ,03-Jul-2024 02:00 PM,NA ,120.0,No ,No,Online,30-Jul-2024 02:30 PM,Assam Police Housing Corporation Ltd,"Panbazar PS, Nalbari PS, Rangia PS, Ghograpar PS",781001.0,2.0,"1,64,24,000",Almerio Defence And Aerospace LLP,"19,291,820",Accepted-AOC,10-Feb-2026,Assam Police Housing Corporation Ltd
2025_DoIT_47374_1,AEDC/SDC/2025-26/10,Supply and Installation of Intelligent PDU,Supply and Installation of Intelligent PDU,Services,Open Tender,Item Rate,Information Technology,No,No,NA ,08-Sep-2025 05:30 PM,NA ,180.0,No ,No,Online,06-Oct-2025 03:30 PM,Principal Secretary-Department of Information Technology||Assam Electronics Development Corporation Ltd-DoIT,Guwahati,781021.0,2.0,,DIGI QUEST,"4,699,704",Accepted-AOC,24-Oct-2025,Principal Secretary-Department of Information Technology||Assam Electronics Development Corporation Ltd-DoIT
2026_FD_50565_1,No.AFT.288(A)/2025-26/1245,Tender for Civil Works under SOPD 2025-26,"Development Approach in Fisheries and Aquaculture through Cluster Based Initiatives under SOPD for the year 2025-26, Tinsukia 1) Construction of New Ponds 2) Renovation of Existing Ponds",Works,Open Tender,Works,Civil Works,No,No,NA ,24-Jan-2026 05:00 PM,NA ,180.0,No ,No,Online,19-Feb-2026 02:00 PM,Department of Fisheries||Directorate of Fisheries Assam||DDF UAZ Joysagar||DFDO Tinsukia,"Hapjan (Doomdooma) Block, Tinsukia district",786151.0,2.0,"46,00,000",T J Biswajit Mahengia,"4,595,000",Rejected-Finance,23-Feb-2026,Department of Fisheries||Directorate of Fisheries Assam||DDF UAZ Joysagar||DFDO Tinsukia
2025_PWD_48004_1,CE/BR/10/2024/34,3rd Party/TSK/CRIF/2024-25/03,"3rd Party Monitoring and Quality Control for the work Widening and Strengthening of old AT road (Old NH-37) starting at Ch 653.500Km (Makum ROB) and ending at 671.00 Km (Rupai) under CRIF for the year 2024-25 in the District of Tinsukia, Assam.",Works,Open Tender,Item Rate,Civil Works – Roads,No,No,NA ,13-Oct-2025 04:10 PM,17-Oct-2025 02:00 PM ,180.0,No ,No,Online,29-Oct-2025 12:00 PM,Public Works Roads Department,Tinsukia,786174.0,2.0,"48,42,133",Prakalpa Civil Design Consultancy Pvt. Ltd.,"4,358,000",Accepted-AOC,04-Feb-2026,Public Works Roads Department
2026_PWD_49807_8,T/CC/ETN/SIL/2025-26/935(T),Recovery and reconstruction of Dayapur-Arkatipur Road(Ch.0.00m to Ch.3970.00m in stretches) under NDRF(PDNA-2022) for the year 2025-26,"Recovery and reconstruction of Dayapur-Arkatipur Road(Ch.0.00m to Ch.3970.00m in stretches) under NDRF(PDNA-2022) for the year 2025-26, P/No.SE/UDH/NDRF(PDNA-2022)/25-26/8",Works,Open Tender,Item Wise,Civil Works – Roads,No,No,NA ,02-Jan-2026 09:00 AM,08-Jan-2026 02:00 PM ,180.0,No ,No,Online,19-Jan-2026 03:10 PM,Public Works Roads Department,Cachar District.,788030.0,2.0,"59,99,850",Anamul Haque laskar,"5,999,000",Accepted-AOC,28-Feb-2026,Public Works Roads Department
2026_PWD_49877_1,BDTRD/SOPD-G/GWC/25-26/07,Construction of GWC road Pathalikhuwa Village Road (from Ch. 00.00m to Ch. 800.00m) under SOPD-G for the year 2025-26 of District Sonitpur (Barchalla LAC),Construction of GWC road Pathalikhuwa Village Road (from Ch. 00.00m to Ch. 800.00m) under SOPD-G for the year 2025-26 of District Sonitpur (Barchalla LAC),Works,Open Tender,Item Rate,Civil Works,No,No,NA ,05-Jan-2026 02:00 PM,08-Jan-2026 12:00 PM ,180.0,No ,No,Online,21-Jan-2026 02:00 PM,Public Works Roads Department,Barchalla,784110.0,2.0,"17,60,000",CHANDRA KUMAR SUBBA,"1,758,758",Accepted-AOC,21-Feb-2026,Public Works Roads Department
2025_PWD_47172_2,CE/STBR/SOPD G/NIT/07/2025-26/16 Dated 18-08-2025,"STBR/SOPD-G/ Diphu-01/02 Construction of road from (i) Ati Gaon Namghar to Nh 36 via Bakaliaghat Higher Secondary School, (L 0.52 Km) under Mukhya Mantrir Paki Path Nirman Achoni (MMPPNA) under SOPD-G for the year 2025-26, (ii) Conctruction of Road","STBR/SOPD-G/ Diphu-01/02 Construction of road from (i) Ati Gaon Namghar to Nh 36 via Bakaliaghat Higher Secondary School, (L 0.52 Km) under Mukhya Mantrir Paki Path Nirman Achoni (MMPPNA) under SOPD-G for the year 2025-26, (ii) Conctruction of Road",Works,Open Tender,Item Rate,Civil Works – Roads,No,No,NA ,02-Sep-2025 09:00 AM,08-Sep-2025 11:00 AM ,180.0,No ,No,Online,19-Sep-2025 11:00 AM,Public Works Roads Department,Diphu,782460.0,2.0,"3,13,12,000",ROBINSON TERON,"31,310,000",Accepted-AOC,16-Feb-2026,Public Works Roads Department
2025_PWRDW_42291_4,CEEAPARRBP111Tenders2024Pt-I40,Construction of Bridge in Karbi-Anglong district i) Br No 3/1 on DS Road to Bheta Gaon ii) Br No 1/1 on DS Road to Khongching,CE/EAP/ARRBP/OCB/Bridges-2/Karbi-Anglong/09 Construction of Bridge in Karbi-Anglong district i) Br No 3/1 on DS Road to Bheta Gaon ii) Br No 1/1 on DS Road to Khongching,Works,Open Tender,Item Rate,Civil Works - Bridges,No,No,NA ,22-Jan-2025 11:55 AM,29-Jan-2025 11:00 AM ,180.0,No ,No,Online,05-Feb-2025 02:30 PM,Public Works Roads Department-Externally Aided Project||Public Works Road Department- World Bank Funded Tenders||Assam State Bridge Infrastructure Program,Karbi-Anglong,782139.0,2.0,"3,73,79,000",Sri Swarmal Agarwalla,"39,246,175",Rejected-Technical,16-Feb-2026,Public Works Roads Department-Externally Aided Project||Public Works Road Department- World Bank Funded Tenders||Assam State Bridge Infrastructure Program
2025_PWBNH_46600_1,CE/TB-VII/93/2025/2 Dated Guwahati the 4th Aug 2025,Development of Baan Theater (Phase-II) at Tezpur in Sonitpur District of Assam,Development of Baan Theater (Phase-II) at Tezpur in Sonitpur District of Assam,Works,Open Tender,Item Rate,Civil Works - Building,No,No,NA ,16-Aug-2025 06:55 PM,18-Aug-2025 11:00 AM ,180.0,No ,No,Online,01-Sep-2025 03:00 PM,Public Works Building and NH Department||Chief Engineer-Building - PWBNH,Sonitpur,782120.0,2.0,"2,32,08,404",Sri Rajdeep Bezbaruah,"20,499,905",Rejected-AOC,02-Feb-2026,Public Works Building and NH Department||Chief Engineer-Building - PWBNH
2025_PWD_46684_1,NTRD/TECH/NIT/545/2025-26/1456 Date-11/08/2025,NTRD/SOPD-G/2025-26/06,"Construction of Box and Approach on Haluwating Nepali Basti,Construction of Haluwating Bagan 3 No.Line Medical Road,Improvement of Amguri Bagan 1No. Line Mongra Mandir connecting Path Improvement of Pengera 8No Line,Improvement of Pengera under SOPDG",Works,Open Tender,Item Rate,Civil Works – Roads,No,No,NA ,20-Aug-2025 02:00 PM,27-Aug-2025 01:00 PM ,180.0,No ,No,Online,05-Sep-2025 02:00 PM,Public Works Roads Department,NAZIRA LAC,785685.0,2.0,,DEEPAK DAS,"3,755,817.12",Accepted-AOC,22-Jan-2026,Public Works Roads Department
2025_WPTBC_49662_1,PTDC/Engg/2024-25/381-(D),"Construction of ST Boys Hostel for 10 districts of Assam under Article 275(I) of the Constitution of India during the year 2024-25 (Mushalpur College, Baska)","Construction of ST Boys Hostel for 10 districts of Assam under Article 275(I) of the Constitution of India during the year 2024-25 (Mushalpur College, Baska)",Works,Open Tender,Item Rate,Civil Works,No,No,NA ,26-Dec-2025 11:30 AM,26-Dec-2025 01:00 PM ,180.0,No ,No,Online,29-Dec-2025 03:00 PM,Welfare of Plain Tribes and Backward Classes||Director - WPT and BC||Assam Plains Tribes Development Corporation Ltd.,"Mushalpur College, Baska",781372.0,2.0,"1,00,00,000",RANJAN BORO,"9,000,000",Rejected-AOC,21-Feb-2026,Welfare of Plain Tribes and Backward Classes||Director - WPT and BC||Assam Plains Tribes Development Corporation Ltd.
2026_BTC_49968_1,No.31/ACE/PWD/BTC/2025-26/05,"Construction of Superintendent Quarter of Boys and Girls Hostel of Bineswar Brahma Engineering College, Kokrajhar 2 Nos. Twin Quarter under SOPD-G during the year 2025-26.","Construction of Superintendent Quarter of Boys and Girls Hostel of Bineswar Brahma Engineering College, Kokrajhar 2 Nos. Twin Quarter under SOPD-G during the year 2025-26.",Works,Open Tender,Item Rate,Civil Works - Building,No,No,NA ,07-Jan-2026 10:30 AM,NA ,180.0,No ,No,Online,28-Jan-2026 02:00 PM,Bodoland Territorial Council-PWD||Director Cum CHD - PWD BTC,Kokrajhar,783370.0,2.0,"2,03,09,483",Hiramba Narzary,"20,920,473",Rejected-AOC,16-Feb-2026,Bodoland Territorial Council-PWD||Director Cum CHD - PWD BTC
2025_DoWR_47309_1,KAMRUP METRO/2025-26/FFM/XVII,Procurement of flood fighting materials (PSC Porcupine) for Water Resources Department for the year 2025-26 (BARAK VALLEY ZONE).,Procurement of flood fighting materials (PSC Porcupine) for Water Resources Department for the year 2025-26 (BARAK VALLEY ZONE).,Goods,Open Tender,Supply,Supply of Materials,No,No,NA ,05-Sep-2025 06:55 PM,NA ,180.0,No ,No,Online,25-Sep-2025 03:00 PM,Department of Water Resources||Chief Engineer - DoWR,KAMRUP METRO,781008.0,2.0,"3,37,76,700",HEMEN KUMAR DUTTA,"33,750,000",Accepted-AOC,09-Feb-2026,Department of Water Resources||Chief Engineer - DoWR
2025_PWD_48556_2,ARRBP/BR/01/2024/E696387/41,Cachar/04 i) Br. on Narayanbasti PMGSY,CE/EAP/ARRBP/OCB/Bridge1/Cachar/04 Construction of Bridge in Cachar district i) Br. on Narayanbasti PMGSY Road to Railbasti Eraling,Works,Open Tender,Item Rate,Civil Works - Bridges,No,No,NA ,14-Nov-2025 09:00 AM,21-Nov-2025 11:00 AM ,90.0,No ,No,Online,28-Nov-2025 02:30 PM,Public Works Roads Department,Cachar District,788101.0,2.0,"1,86,04,000",Arindam Dutta,"18,279,285",Accepted-AOC,17-Feb-2026,Public Works Roads Department
2025_PWD_47348_1,BDTRD/BKT/SOPD-G/IB/01,Extra work for New Inspection Bungalow and Grade-IV Quarter and Repairing of Existing multi-storey IB at Bokakhat under PWRD under Golaghat District under SOPD(G) for the year 2021-2022,Extra work for New Inspection Bungalow and Grade-IV Quarter and Repairing of Existing multi-storey IB at Bokakhat under PWRD under Golaghat District under SOPD(G) for the year 2021-2022,Works,Open Tender,Item Rate,Civil Works,No,No,NA ,08-Sep-2025 10:00 AM,10-Sep-2025 12:00 PM ,180.0,No ,No,Online,15-Sep-2025 06:00 PM,Public Works Roads Department,Bokakhat,785612.0,2.0,"98,24,746",M/S. M.P. AGARWALLA,"9,790,272.92",Accepted-AOC,03-Dec-2025,Public Works Roads Department
2025_PWD_45926_184,CE/DEV/TB/60/2025-26/06 Dtd- 14.07.2025,"MMPPNA_RIDF_XXXI_25_26_328 Construction of road from (1) Guya Singra Athgaon PWD Road To Barkha Irrigation Scheme and Athgaon Panchayat Connecting Road, (2) Sapania Namghar to Barmura Village, (3) Kamalpur Borka Road (Gajen Deka House Pub -Borka) to","MMPPNA_RIDF_XXXI_25_26_328 Construction of road from (1) Guya Singra Athgaon PWD Road To Barkha Irrigation Scheme and Athgaon Panchayat Connecting Road, (2) Sapania Namghar to Barmura Village, (3) Kamalpur Borka Road (Gajen Deka House Pub -Borka) to",Works,Open Tender,Item Rate,Civil Works – Roads,No,No,NA ,02-Aug-2025 06:55 PM,04-Aug-2025 12:00 PM ,180.0,No ,No,Online,14-Aug-2025 02:30 PM,Public Works Roads Department,Rangia,781354.0,2.0,"4,50,42,000",Sri Balen Das,"45,040,000",Rejected-Finance,23-Feb-2026,Public Works Roads Department
2025_SEED_45956_1,ASDM-3699/2025/Majuli,Majuli PLSDTP,Majuli PLSDTP,Services,Open Tender,EOI,Miscellaneous Services,No,No,NA ,28-Jul-2025 05:00 PM,NA ,180.0,No ,No,Online,28-Aug-2025 01:00 PM,Skill Employment and Entrepreneurship Department||Assam Skill Development Mission,Assam Skill Development Mission,781035.0,1.0,"10,65,750",APRINS,"1,050,750",Not Admitted-Fee/PreQual/Technical/Finance,02-Feb-2026,Skill Employment and Entrepreneurship Department||Assam Skill Development Mission
2025_PWD_45408_48,CE/DEV/TB/60/2025-26/01 Dtd- 21.06.2025,"MMPPNA_RIDF_XXXI_25_26_116 Construction of Road from (1) Simaluguri to Pramilabasti PWD Road to Morisuti via Simuluguri High School, (2) Madhabpara Jurirpar Road including Boulder protection along Borpani River at 1st Km under Mukhya Mantrir Paki Pat","MMPPNA_RIDF_XXXI_25_26_116 Construction of Road from (1) Simaluguri to Pramilabasti PWD Road to Morisuti via Simuluguri High School, (2) Madhabpara Jurirpar Road including Boulder protection along Borpani River at 1st Km under Mukhya Mantrir Paki Pat",Works,Open Tender,Item Rate,Civil Works – Roads,No,No,NA ,09-Jul-2025 04:00 PM,17-Jul-2025 12:00 PM ,180.0,No ,No,Online,28-Jul-2025 02:30 PM,Public Works Roads Department,Raha,782103.0,2.0,"3,08,99,000",KULEN BEZBARUAH,"30,898,000",Accepted-AOC,25-Feb-2026,Public Works Roads Department
2025_PWD_45926_66,CE/DEV/TB/60/2025-26/06 Dtd- 14.07.2025,"MMPPNA_RIDF_XXXI_25_26_293 Construction of road from (1) SH-3 to Kahibari Adarshagaon via Santipur Shiv Mandir, (2) Basnaghat Bhuragaon Road to Duwani village play ground, (3) Chabukdhara GP office to Udmari Pathar, (4) Niz Mayangia Namghar via Pachi","MMPPNA_RIDF_XXXI_25_26_293 Construction of road from (1) SH-3 to Kahibari Adarshagaon via Santipur Shiv Mandir, (2) Basnaghat Bhuragaon Road to Duwani village play ground, (3) Chabukdhara GP office to Udmari Pathar, (4) Niz Mayangia Namghar via Pachi",Works,Open Tender,Item Rate,Civil Works – Roads,No,No,NA ,30-Jul-2025 09:00 AM,04-Aug-2025 12:00 PM ,180.0,No ,No,Online,14-Aug-2025 02:30 PM,Public Works Roads Department,Morigaon,782105.0,2.0,"4,79,25,000",NIPUN CHANDRA BORA,"47,924,600",Rejected-Finance,26-Feb-2026,Public Works Roads Department
2026_PWBNH_50052_1,SE/NBC/Adrsha.Vdyl./NGN dated 08.01.2025,"Upgradation and Strengthening of old functional Adarsha Vidyalaya, Laokhowa at Nagaon, Assam.","Upgradation and Strengthening of old functional Adarsha Vidyalaya, Laokhowa at Nagaon, Assam.",Works,Open Tender,Item Wise,Civil Works - Building,No,No,NA ,08-Jan-2026 12:00 PM,12-Jan-2026 12:00 PM ,180.0,No ,No,Online,28-Jan-2026 02:30 PM,Public Works Building and NH Department||Chief Engineer-Building - PWBNH,"Adarsha Vidyalaya, Laokhowa, Nagaon",782120.0,2.0,"56,36,264",SAURAV PHUKAN,"5,900,000",Rejected-AOC,13-Feb-2026,Public Works Building and NH Department||Chief Engineer-Building - PWBNH
2023_MMD_34926_4,GM/ET/505/4434,Detailed Exploration in Silonijan in Karbi Anglong District in State of Assam,Detailed Exploration in Silonijan in Karbi Anglong District in State of Assam,Services,Open Tender,Item Rate,Miscellaneous Services,No,No,NA ,22-Dec-2023 01:00 PM,NA ,120.0,No ,No,Online,01-Feb-2024 01:00 PM,Mines and Minerals Department||Directorate of Geology and Mining,Karbi Anglong,782470.0,2.0,"1,80,00,000",Maheshwaree Mining Private Limited,"15,600",Accepted-AOC,19-Feb-2026,Mines and Minerals Department||Directorate of Geology and Mining
2025_PWD_45408_60,CE/DEV/TB/60/2025-26/01 Dtd- 21.06.2025,MMPPNA_RIDF_XXXI_25_26_101 (1) Construction of Road from Tupia Academy to Batguri (L-2200.00 M) (2) Improvement of Road from Puroni Alimur to Samdhora via Panch Mile (L-2350.00 M) under Mukhya Mantrir Paki Path Nirman Achani (MMPPNA) under RIDF-XXXI,MMPPNA_RIDF_XXXI_25_26_101 (1) Construction of Road from Tupia Academy to Batguri (L-2200.00 M) (2) Improvement of Road from Puroni Alimur to Samdhora via Panch Mile (L-2350.00 M) under Mukhya Mantrir Paki Path Nirman Achani (MMPPNA) under RIDF-XXXI,Works,Open Tender,Item Rate,Civil Works – Roads,No,No,NA ,10-Jul-2025 02:00 PM,17-Jul-2025 12:00 PM ,180.0,No ,No,Online,28-Jul-2025 02:30 PM,Public Works Roads Department,Naduar,784175.0,2.0,"3,30,96,000",M/S SMB CONSTRUCTION,"33,094,500",Rejected-Finance,23-Feb-2026,Public Works Roads Department
2025_SEED_45996_1,ASDM-3708/2025/West Karbi Anglong,West Karbi Anglong PLSDTP,West Karbi Anglong PLSDTP,Services,Open Tender,EOI,Miscellaneous Services,No,No,NA ,28-Jul-2025 05:00 PM,NA ,180.0,No ,No,Online,20-Aug-2025 01:00 PM,Skill Employment and Entrepreneurship Department||Assam Skill Development Mission,Assam Skill Development Mission,781035.0,1.0,"9,35,250",Route To Connect,"920,250",Not Admitted-Fee/PreQual/Technical/Finance,04-Feb-2026,Skill Employment and Entrepreneurship Department||Assam Skill Development Mission
2026_FD_50368_1,AFL(S)/SOPD/638/2024-25/684 DTD 20-01-2026,SUPPLY OF INPUTS UNDER SOPD 2025-26 AT LAKHIMPUR,Supply of goods item(s) Under The Scheme Development Approach In Fisheries and Aquaculture Through Cluster Based Initiative under SOPD 2025 and 26,Goods,Open Tender,Supply,Miscellaneous Goods,No,No,NA ,20-Jan-2026 05:00 PM,NA ,180.0,No ,No,Online,11-Feb-2026 01:30 PM,Department of Fisheries||Directorate of Fisheries Assam||DDF NAZ Tezpur||DFDO Lakhimpur,OFFICE OF THE DFDO LAKHIMPUR KESHASAL BORIMURI,787032.0,1.0,"27,16,000",M/s Hussain Fish Seed and Feed Farm,"2,390,080",Rejected-Finance,13-Feb-2026,Department of Fisheries||Directorate of Fisheries Assam||DDF NAZ Tezpur||DFDO Lakhimpur
2025_PWD_47115_5,CE/DEV/TB/60/2025-26/18 Dtd- 14.08.2025,MMPPNA_RIDF_XXXI_25_26_355 Construction of Road from (I) Katajhar Ponasmita Education Concept to Janakalyan Samshan at Katajhar Pathar via Katajhar Kahitema PWD Road (II) Kumaria PWD Road Joint Point near Bubul Das house to Rajin Das house via Nabin,MMPPNA_RIDF_XXXI_25_26_355 Construction of Road from (I) Katajhar Ponasmita Education Concept to Janakalyan Samshan at Katajhar Pathar via Katajhar Kahitema PWD Road (II) Kumaria PWD Road Joint Point near Bubul Das house to Rajin Das house via Nabin,Works,Open Tender,Item Rate,Civil Works – Roads,No,No,NA ,01-Sep-2025 01:00 PM,05-Sep-2025 12:00 PM ,180.0,No ,No,Online,19-Sep-2025 02:30 PM,Public Works Roads Department,Bhawanipur,781352.0,2.0,"4,75,29,000",DIPAK DAS,"47,528,000",Accepted-AOC,10-Feb-2026,Public Works Roads Department
2025_PWD_45827_121,CE/MAINT/SOPDG/01/2025-26/02,MAINT/SOPD-G/2025-26/109,"MAINT/SOPD-G/2025-26/109_Improvement of (GWC) Road from 1_ Majibulla Ali House to Rana Ali House at 1 no Bathan Village Road , 2_ Improvement of (GWC) Road from Kumud Baishya House to Ainul Ali House at Village HaldhaTitkuchi Road , 3_ Improvement of",Works,Open Tender,Item Rate,Civil Works – Roads,No,No,NA ,25-Jul-2025 06:00 PM,26-Jul-2025 02:00 PM ,180.0,No ,No,Online,19-Aug-2025 11:00 AM,Public Works Roads Department,Kamrup Rural,781354.0,2.0,"59,50,000",Rang Private Limited,"5,949,942",Rejected-Finance,11-Feb-2026,Public Works Roads Department
2025_FD_44878_4,AFD-411/PMMSY/2023-24/270-74,Supply of Inputs under PMMSY for the year 2022-23,Supply of Inputs under PMMSY for the year 2022-23,Goods,Open Tender,Supply,Miscellaneous Goods,No,No,NA ,13-Nov-2025 10:00 AM,NA ,180.0,No ,No,Online,27-Nov-2025 01:30 PM,Department of Fisheries||Directorate of Fisheries Assam||DDF NAZ Tezpur||DFDO Darrang,O/o DFDO Darrang,784125.0,2.0,"24,78,000",Mogit Farocky,"2,230,199.69",Accepted-AOC,03-Feb-2026,Department of Fisheries||Directorate of Fisheries Assam||DDF NAZ Tezpur||DFDO Darrang
2026_BoTC_49911_1,Tender No. KOK/BLDG-218/1 of 2025-26,Construction of E Lab at ITI Kajalgaon including Electrification in Chirang District,Construction of E Lab at ITI Kajalgaon including Electrification in Chirang District,Works,Open Tender,Works,Civil Works - Building,No,No,NA ,03-Jan-2026 04:30 PM,NA ,180.0,No ,No,Online,22-Jan-2026 01:30 PM,Bodoland Territorial Council||PWD-BTC,Kajalgaon,783385.0,2.0,"30,86,631",DHARAMSING NARZARY,"3,082,133",Accepted-AOC,02-Feb-2026,Bodoland Territorial Council||PWD-BTC
2024_PWBNH_38998_1,CE/TB-III/75/2024/03 Dated Guwahati the 13 th Aug 2024,"Establishment of Skill Development Centre at Dr. B. Borooah Cancer Institute (BBCI), Guwahati, Assam","Establishment of Skill Development Centre at Dr. B. Borooah Cancer Institute (BBCI), Guwahati, Assam",Works,Open Tender,Item Rate,Civil Works - Building,No,No,NA ,13-Sep-2024 06:05 PM,NA ,180.0,No ,No,Online,14-Oct-2024 03:30 PM,Public Works Building and NH Department||Chief Engineer-Building - PWBNH,Guwahati,781007.0,2.0,"14,62,22,560",Tribeni Constructions Limited,"145,686,600",Rejected-AOC,20-Feb-2026,Public Works Building and NH Department||Chief Engineer-Building - PWBNH
2025_PWD_48450_1,CE/DEV/TB/180/2025-26/02 Dtd- 30.10.2025,"SOPD_G_25_26_42 Construction of Drain cum Footpath, Load Bearing Drain, Box Culvert etc. under Morigaon District Territorial Road Division, Morigaon LAC","SOPD_G_25_26_42 Construction of Drain cum Footpath, Load Bearing Drain, Box Culvert etc. under Morigaon District Territorial Road Division, Morigaon LAC",Works,Open Tender,Item Rate,Civil Works – Roads,No,No,NA ,06-Nov-2025 03:00 PM,13-Nov-2025 12:00 PM ,180.0,No ,No,Online,27-Nov-2025 02:30 PM,Public Works Roads Department,Morigaon,782105.0,2.0,"34,86,43,000",S M ASSOCIATES,"348,642,994",Rejected-Finance,24-Feb-2026,Public Works Roads Department
2026_PWD_49891_2,BDTRD/SOPD-G/GWC/25-26/12,Construction of GWC road from Kawaimari at NH15 near petrol pump to Polytechnic (from Ch. 00.00m to Ch. 1000.00m) under SOPD-G for the year 2025-26 of District Sonitpur (Barchalla LAC,GWC road from Kawaimari at NH15 near petrol pump to Polytechnic (from Ch. 00.00m to Ch. 1000.00m) under SOPD-G for the year 2025-26 of District Sonitpur (Barchalla LAC,Works,Open Tender,Item Rate,Civil Works,No,No,NA ,31-Jan-2026 09:00 AM,NA ,180.0,No ,No,Online,03-Feb-2026 02:00 PM,Public Works Roads Department,Barchalla,784110.0,2.0,"20,00,000",M/S ZENITH INFRA,"2,000,000",Accepted-AOC,21-Feb-2026,Public Works Roads Department
2025_PWD_45827_26,CE/MAINT/SOPDG/01/2025-26/02,MAINT/SOPD-G/2025-26/36,"MAINT/SOPD-G/2025-26/36_1_Improvement of Alomganj Pt. VI (Astomirchar) to Chitalkati road from (Ch. 0.00 m to 2250.00 m), 2_Improvement of Approaches of Box culvert no. 2/1 on Manasha Mandir to Lotka Road, 3_Construction of Road from Sahebganj Bazar",Works,Open Tender,Item Rate,Civil Works – Roads,No,No,NA ,23-Jul-2025 12:00 PM,24-Jul-2025 12:00 PM ,180.0,No ,No,Online,14-Aug-2025 11:00 AM,Public Works Roads Department,Dhubri,783301.0,2.0,"1,05,18,000",MANOBENDRA SONOWAL,"10,514,000",Rejected-Finance,07-Feb-2026,Public Works Roads Department
2025_PWD_45820_13,CE/STBR/SOPD-G/NIT/07/2025 26/1 Dated 26-06-2025,STBR/SOPD-G/Sribhumi-06/126 (i)Construction of Nilambazar Balia PWD Road to Kaoidighirpar under SOPD-G for the year 2025-26 (Karimganj South LAC) (ii)Construction of Purnagram PWD Road to Bahadurpur Part-1 and Part-2 under SOPD-G for the year 202,STBR/SOPD-G/Sribhumi-06/126 (i)Construction of Nilambazar Balia PWD Road to Kaoidighirpar under SOPD-G for the year 2025-26 (Karimganj South LAC) (ii)Construction of Purnagram PWD Road to Bahadurpur Part-1 and Part-2 under SOPD-G for the year 202,Works,Open Tender,Item Rate,Civil Works – Roads,No,No,NA ,22-Jul-2025 12:30 PM,30-Jul-2025 11:00 AM ,180.0,No ,No,Online,11-Aug-2025 11:00 AM,Public Works Roads Department,Sribhumi,788701.0,2.0,"1,98,87,000",HIMALAY CONSTRUCTION,"19,885,000",Accepted-AOC,03-Feb-2026,Public Works Roads Department
2025_NHM_44876_1,NHM-18016/10/2024-Procurement,Medical Oxygen Plant CMC tender,Medical Oxygen Plant CMC tender,Services,Open Tender,Item Rate,Repair and Maintenance Services,No,No,NA ,13-Jun-2025 06:00 PM,19-Jun-2025 02:00 PM ,180.0,No ,No,Online,19-Aug-2025 03:00 PM,National Health Mission||State Programme Management Unit - NHM,37 unit,781005.0,2.0,"5,00,00,000",UNISSI INDIA PVT LTD,"25,560,118",Rejected-AOC,19-Feb-2026,National Health Mission||State Programme Management Unit - NHM
2025_PWD_45495_3,CE/Commn/16/202526/3,Jorhat/ MMPNA/3,"Reconst of (i)Itakhuli Kali Mandir Path including feeder road (Krishna Nagar Path) (ii) Hatibaruah Ali extension (ch 0.00m to 620.00 m), (iii) Neemati road to Desoinagar connecting Pathiv) Chengeligaon Rd v)Bamchuck Road MMPNA under SOPD-G for 25-26",Works,Open Tender,Works,Civil Works – Roads,No,No,NA ,10-Jul-2025 06:00 PM,18-Jul-2025 04:00 PM ,180.0,No ,No,Online,30-Jul-2025 02:30 PM,Public Works Roads Department||CE PWD(R) - PWD||Traffic Engineering Cell - PWD,Jorhat,785001.0,2.0,"1,18,08,000",GOUTAM PINCHA,"11,806,227",Accepted-AOC,09-Feb-2026,Public Works Roads Department||CE PWD(R) - PWD||Traffic Engineering Cell - PWD
2025_DoWR_47310_1,KAMRUP METRO/2025-26/FFM/XVIII,Procurement of flood fighting materials (PSC Porcupine) for Water Resources Department for the year 2025-26 (CENTRAL ASSAM ZONE).,Procurement of flood fighting materials (PSC Porcupine) for Water Resources Department for the year 2025-26 (CENTRAL ASSAM ZONE).,Goods,Open Tender,Supply,Supply of Materials,No,No,NA ,05-Sep-2025 06:55 PM,NA ,180.0,No ,No,Online,25-Sep-2025 03:00 PM,Department of Water Resources||Chief Engineer - DoWR,KAMRUP METRO,781008.0,2.0,"3,37,76,700",SKH VENTURE LLP,"30,399,300",Accepted-AOC,21-Feb-2026,Department of Water Resources||Chief Engineer - DoWR
2026_WPTBC_50099_1,PTDC/Engg/2024-25/463/20,Construction of Hostel at Colleges at 20 District of Assam,"Construction of Hostel at Colleges at 20 District of Assam at Rs. 100.00 Lakh for each Hostel under Article 275 (I) of the Constitution of India during the year 2025-26 (Udalguri College, Dist - Udalguri).",Works,Open Tender,Works,Civil Works,No,No,NA ,08-Jan-2026 03:15 PM,12-Jan-2026 12:00 PM ,180.0,No ,No,Online,26-Jan-2026 03:00 PM,Welfare of Plain Tribes and Backward Classes||Director - WPT and BC,"Udalguri College, Udalguri",784509.0,2.0,"1,00,00,000",Devajit Kutum,"9,000,000",Rejected-AOC,26-Feb-2026,Welfare of Plain Tribes and Backward Classes||Director - WPT and BC
2025_PWBNH_49672_2,CS/SE(B-1)/160/2025-26/769-76 Dated 03/12/2025,"Construction of One Stop Centre at Rangia, Kamrup District for the year 2024-25","Construction of One Stop Centre at Rangia, Kamrup District for the year 2024-25",Works,Open Tender,Item Wise,Civil Works - Building,No,No,NA ,26-Dec-2025 03:00 PM,26-Dec-2025 04:00 PM ,180.0,No ,No,Online,29-Dec-2025 03:00 PM,Public Works Building and NH Department||Chief Engineer-Building - PWBNH,Rangia,781354.0,2.0,"45,94,048",M/S Chakraborty Construction and Supplier,"4,594,048",Rejected-AOC,23-Feb-2026,Public Works Building and NH Department||Chief Engineer-Building - PWBNH
2025_PWD_48244_1,KSTRD/SOPD(G)/63/2024-25/1894,Reconstruction of PDB road to Pennai Tiniali Road (Ch.0.00m to Ch.2000.00m) under SOPD-G for the year 2025-26,Reconstruction of PDB road to Pennai Tiniali Road (Ch.0.00m to Ch.2000.00m) under SOPD-G for the year 2025-26,Works,Open Tender,Item Rate,Civil Works – Roads,No,No,NA ,27-Oct-2025 10:00 AM,NA ,180.0,No ,No,Online,17-Nov-2025 03:00 PM,Public Works Roads Department,Samaguri,782140.0,2.0,"44,00,000",Dildar Hussain,"4,399,500",Accepted-AOC,02-Feb-2026,Public Works Roads Department
2025_PWD_46604_12,CE/STBR/SOPD-G/NIT/07/2025 26/8 Dated 29-07-2025,"STBR/SOPD-G/Jagiroad-04/48 1. Construction of road from Manaoha Bridge to Barhampur village via Jargaon G.P. Office, 2. Construction of Road from NH-27 to the proposed Industrial complex site at Chipiri under Advantage Assam 2.0 for access of V.V.I","STBR/SOPD-G/Jagiroad-04/48 1. Construction of road from Manaoha Bridge to Barhampur village via Jargaon G.P. Office, 2. Construction of Road from NH-27 to the proposed Industrial complex site at Chipiri under Advantage Assam 2.0 for access of V.V.I",Works,Open Tender,Item Rate,Civil Works – Roads,No,No,NA ,18-Aug-2025 02:00 PM,20-Aug-2025 11:00 AM ,180.0,No ,No,Online,02-Sep-2025 11:00 AM,Public Works Roads Department,Morigaon,782105.0,2.0,"1,46,73,000",GAUTAM DAS,"14,672,000",Rejected-AOC,18-Feb-2026,Public Works Roads Department
2025_PWD_47461_4,CE/MAINT/SOPDG/01/2025-26/22,MAINT/SOPD-G/2025-26/150,"MAINT/SOPD-G/2025-26/150_Construction of Boundary Wall, Internal Road and SO Quarter of Bhawanipur_Sorbhog Territorial Road Sub Division under SOPD-G for the year 2025-26",Works,Open Tender,Item Rate,Civil Works – Roads,No,No,NA ,11-Sep-2025 04:30 PM,04-Oct-2025 02:00 PM ,180.0,No ,No,Online,06-Oct-2025 04:00 PM,Public Works Roads Department,Barpeta,781301.0,2.0,"53,00,000",JYOTISH DAS,"5,299,100",Accepted-AOC,27-Feb-2026,Public Works Roads Department
2025_PWD_45827_108,CE/MAINT/SOPDG/01/2025-26/02,MAINT/SOPD-G/2025-26/81,"MAINT/SOPD-G/2025-26/81_Reconstruction of 1_Kusumpur to Barasha Singra Road, 2_Guiya Palara to Naburka Road, 3_Kowrpur to Dakshin Singra via bordoll, 4_Gorpot Garamsung Road, 5_Baralia embankment to Nona embankment and 6_Bamunbari Hirajani Road to Kh",Works,Open Tender,Item Rate,Civil Works – Roads,No,No,NA ,25-Jul-2025 12:00 PM,26-Jul-2025 02:00 PM ,180.0,No ,No,Online,14-Aug-2025 11:00 AM,Public Works Roads Department,Kamrup Rural,781354.0,2.0,"1,59,08,000",Syed Hayadul Hannan,"15,907,000",Rejected-Finance,06-Feb-2026,Public Works Roads Department
2025_PWD_48775_1,TB/282/DNTRD/2025-26,"Construction of road from Jengrai Singimari to Bamoyah Chuk, from (Ch. 2000.00m to Ch. 4000.00 m, Part-II) under under SOPG(G) for the year 2025-26.","Construction of road from Jengrai Singimari to Bamoyah Chuk, from (Ch. 2000.00m to Ch. 4000.00 m, Part-II) under under SOPG(G) for the year 2025-26.",Works,Open Tender,Works,Civil Works – Roads,No,No,NA ,21-Nov-2025 10:00 AM,22-Nov-2025 02:00 PM ,90.0,No ,No,Online,06-Dec-2025 04:00 PM,Public Works Roads Department,Dhakuakhana,787053.0,2.0,"27,00,000",Binanda Taid,"2,700,000",Accepted-AOC,13-Jan-2026,Public Works Roads Department
2025_NHM_46221_10,NHM/ECF/254257,Construction of Block Public Health Unit at various places of Assam under FC FV Health Grant for FY 2023 24 under NHM Assam KALUGAON BPHC in Sivasagar district,Construction of Block Public Health Unit at various places of Assam under FC FV Health Grant for FY 2023 24 under NHM Assam KALUGAON BPHC in Sivasagar district,Works,Open Tender,Item Rate,Civil Works - Building,No,No,NA ,07-Aug-2025 04:15 PM,NA ,180.0,No ,No,Online,22-Aug-2025 02:00 PM,National Health Mission||State Programme Management Unit - NHM,KALUGAON BPHC in Sivasagar district,781028.0,2.0,"49,99,919",M/S SAMARTH ENTERPRISES,"4,499,927",Rejected-Technical,27-Feb-2026,National Health Mission||State Programme Management Unit - NHM
2025_PWD_46660_1,NTRD/TECH/NIT/545/2025-26/1456 Date-11/08/2025,NTRD/SOPD-G/2025-26/04,"Improvement of i) Gada Path ii) Guchikola Chuburi Path iii) Major Chuk Path iv) Komar Patty path v) Chetia Handique Saikia Path under SOPD(G) for the year 2025-26, under Nazira Territorial Road Division",Works,Open Tender,Item Rate,Civil Works – Roads,No,No,NA ,20-Aug-2025 02:00 PM,27-Aug-2025 01:00 PM ,180.0,No ,No,Online,05-Sep-2025 02:00 PM,Public Works Roads Department,NAZIRA LAC,785685.0,2.0,,MONIKA DAS,"2,904,988.75",Accepted-AOC,22-Jan-2026,Public Works Roads Department
2025_PWD_47660_1,SNSTRD/T-2/ SOPD-G/ET(R)/2025-26/04,"SNSTRD_SOPD-G_ET(R)_25_26_01 Construction of Road from NH-37 to railway yard via Durga Bari at village Sajipara under SOPD-G for the year 2025-26 of Sribhumi District, North Karimganj LAC.","SNSTRD_SOPD-G_ET(R)_25_26_01 Construction of Road from NH-37 to railway yard via Durga Bari at village Sajipara under SOPD-G for the year 2025-26 of Sribhumi District, North Karimganj LAC.",Works,Open Tender,Item Rate,Civil Works,No,No,NA ,24-Sep-2025 02:00 PM,26-Sep-2025 02:00 PM ,180.0,No ,No,Online,08-Oct-2025 03:00 PM,Public Works Roads Department,Sribhumi,788710.0,2.0,"58,01,557",RASHID AHMED,"5,800,853",Accepted-AOC,21-Feb-2026,Public Works Roads Department
2025_PWD_47115_4,CE/DEV/TB/60/2025-26/18 Dtd- 14.08.2025,MMPPNA_RIDF_XXXI_25_26_354 Construction of (I) Dohalapara Road from NH-27 to Bhattadev M.E. School via Dohalapara Namghar (II) Pub Kalitapara Road from Doul Gobinda Mandir to Mohen Chaudhari house via Bhaben Rajbongshi house (III) Kayastagaon Tini Al,MMPPNA_RIDF_XXXI_25_26_354 Construction of (I) Dohalapara Road from NH-27 to Bhattadev M.E. School via Dohalapara Namghar (II) Pub Kalitapara Road from Doul Gobinda Mandir to Mohen Chaudhari house via Bhaben Rajbongshi house (III) Kayastagaon Tini Al,Works,Open Tender,Item Rate,Civil Works – Roads,No,No,NA ,01-Sep-2025 01:00 PM,05-Sep-2025 12:00 PM ,180.0,No ,No,Online,19-Sep-2025 02:30 PM,Public Works Roads Department,Bhawanipur,781352.0,2.0,"4,78,40,000",M/S Royal Smart Construction,"47,839,000",Accepted-AOC,05-Feb-2026,Public Works Roads Department
2026_PWD_49893_1,BDTRD/SOPD-G/GWC/25-26/13,Construction of GWC road from Kalita Gaon to Mekonom chuburi under SOPD-G for the year 2025-26 Barchalla LAC,Construction of GWC road from Kalita Gaon to Mekonom chuburi under SOPD-G for the year 2025-26 Barchalla LAC,Works,Open Tender,Item Rate,Civil Works,No,No,NA ,05-Jan-2026 02:00 PM,08-Jan-2026 12:00 PM ,180.0,No ,No,Online,21-Jan-2026 02:00 PM,Public Works Roads Department,Barchalla,784110.0,2.0,"8,35,000",CHANDRA KUMAR SUBBA,"833,958",Accepted-AOC,21-Feb-2026,Public Works Roads Department
2025_PWD_45408_141,CE/DEV/TB/60/2025-26/01 Dtd- 21.06.2025,"MMPPNA_RIDF_XXXI_25_26_126 Construction of (1) road from Chungajan road to Jyotiban gaon from Ch. 1050.00m to 2050.00 m, (2) Nahoroni to Morangaon Road via Lotajori from Ch. 0.00 km to 2.30 km (L-2.30km), (3) Nogajori to Da-Chuk Road from Ch. 0.00 km","MMPPNA_RIDF_XXXI_25_26_126 Construction of (1) road from Chungajan road to Jyotiban gaon from Ch. 1050.00m to 2050.00 m, (2) Nahoroni to Morangaon Road via Lotajori from Ch. 0.00 km to 2.30 km (L-2.30km), (3) Nogajori to Da-Chuk Road from Ch. 0.00 km",Works,Open Tender,Item Rate,Civil Works – Roads,No,No,NA ,15-Jul-2025 09:00 AM,17-Jul-2025 12:00 PM ,180.0,No ,No,Online,28-Jul-2025 02:30 PM,Public Works Roads Department,Sarupathar,785601.0,2.0,"3,98,04,000",Sri Madhurjya Saikia,"39,803,900",Accepted-AOC,20-Feb-2026,Public Works Roads Department
2026_WPTBC_51278_1,SCDC/Tech/Coe/2025-26/3,Upgradation of DIET Tinsukia as Centre of Excellence CoE,Upgradation of DIET Tinsukia as Centre of Excellence CoE,Works,Open Tender,Item Rate,Civil Works,No,No,NA ,17-Feb-2026 03:25 PM,NA ,180.0,No ,No,Online,20-Feb-2026 03:00 PM,Welfare of Plain Tribes and Backward Classes||Directorate of Welfare of Scheduled Caste||Assam State Development Corporation for SC,TINSUKIA,781006.0,2.0,"9,15,29,000",SHIV CONSTRUCTION CO,"91,529,000",Rejected-AOC,24-Feb-2026,Welfare of Plain Tribes and Backward Classes||Directorate of Welfare of Scheduled Caste||Assam State Development Corporation for SC
2026_WPTBC_50555_1,PTDC/Engg/2024-25/318,Infrastructure Development of 14(fourteen) Secondary School Rs. 25.00 Lakh per School under SOPD Scheme (Garchariali Higher Secondary School),Infrastructure Development of 14(fourteen) Secondary School Rs. 25.00 Lakh per School under SOPD Scheme (Garchariali Higher Secondary School),Works,Open Tender,Item Rate,Civil Works,No,No,NA ,24-Jan-2026 09:00 AM,29-Jan-2026 11:30 AM ,180.0,No ,No,Online,10-Feb-2026 03:00 PM,Welfare of Plain Tribes and Backward Classes||Director - WPT and BC,"Garchariali, Dhemaji",787057.0,2.0,"25,00,000",MOHAN PEGU,"2,500,000",Rejected-AOC,24-Feb-2026,Welfare of Plain Tribes and Backward Classes||Director - WPT and BC
2025_PWD_45926_67,CE/DEV/TB/60/2025-26/06 Dtd- 14.07.2025,MMPPNA_RIDF_XXXI_25_26_294 Construction of Road from Lawbhurunga Patrabori Road at Garapar to JGKP via Santipur village under Mukhya Mantrir Paki Path Nirman Achani (MMPPNA) under RIDF-XXXI of NABARD for the year 2025-26.,MMPPNA_RIDF_XXXI_25_26_294 Construction of Road from Lawbhurunga Patrabori Road at Garapar to JGKP via Santipur village under Mukhya Mantrir Paki Path Nirman Achani (MMPPNA) under RIDF-XXXI of NABARD for the year 2025-26.,Works,Open Tender,Item Rate,Civil Works – Roads,No,No,NA ,30-Jul-2025 09:00 AM,04-Aug-2025 12:00 PM ,180.0,No ,No,Online,14-Aug-2025 02:30 PM,Public Works Roads Department,Morigaon,782105.0,2.0,"2,24,00,000",KISHORE DAS,"22,399,998",Rejected-Finance,23-Feb-2026,Public Works Roads Department
2026_PWD_50696_1,CE/STBR/Rehab/232/2025-26/9 Dated 22.01.2026,"Barpeta/SOPD-G/2025-26/R_R/01 Const of protection wrks for Br Foundation at P3,P4andP5 of RCC br np 51/1 over River Beki on Barpeta Lengtisinga road(SH-2) by providing boulder dumping,Bamboo Screening and Excavation on Upstream Side(PROTECTION WORKS)","Barpeta/SOPD-G/2025-26/R_R/01 Const of protection wrks for Br Foundation at P3,P4andP5 of RCC br np 51/1 over River Beki on Barpeta Lengtisinga road(SH-2) by providing boulder dumping,Bamboo Screening and Excavation on Upstream Side(PROTECTION WORKS)",Works,Open Tender,Item Rate,Civil Works – Roads,No,No,NA ,02-Feb-2026 10:30 AM,03-Feb-2026 11:00 AM ,180.0,No ,No,Online,05-Feb-2026 11:00 AM,Public Works Roads Department,Barpeta,781301.0,2.0,"2,33,95,716",M/s A.B. ENTERPRISE,"23,394,995",Rejected-AOC,16-Feb-2026,Public Works Roads Department
2025_PWD_46694_11,CE/DEV/TB/54/2025-26/09 Dated 11.08.2025,MMUPPNA-RIDF-XXXI-25-26-41 Improvement of road from BKK Road to Enghin Abi under Mukhya Mantir Unnotta Pakipath Nirman Achani (MMUPPNA) Under RIDF-XXXI of NABARD for the year 2025-26.,MMUPPNA-RIDF-XXXI-25-26-41 Improvement of road from BKK Road to Enghin Abi under Mukhya Mantir Unnotta Pakipath Nirman Achani (MMUPPNA) Under RIDF-XXXI of NABARD for the year 2025-26.,Works,Open Tender,Item Rate,Civil Works – Roads,No,No,NA ,19-Aug-2025 06:00 PM,21-Aug-2025 12:00 PM ,180.0,No ,No,Online,09-Sep-2025 02:30 PM,Public Works Roads Department,West Karbi Anglong,782460.0,2.0,"1,02,60,000",KUL BAHADUR CHETRY,"10,259,000",Rejected-Finance,19-Feb-2026,Public Works Roads Department
2025_ACCF_47354_1,ACCF/Pest/2025-26/109,ACCF/Pest/2025-26/109,Pest Control services at various hospitals of ACCF across Assam,Services,Open Tender,Lump-sum,Miscellaneous Services,No,No,NA ,08-Sep-2025 04:10 PM,16-Sep-2025 12:00 PM ,180.0,No ,No,Online,30-Sep-2025 04:00 PM,ASSAM CANCER CARE FOUNDATION,ACCF HO,781022.0,2.0,,SCIENCE2HOME PVT LTD,"20,815,200",Rejected-Finance,04-Feb-2026,ASSAM CANCER CARE FOUNDATION
2025_DHTS_44364_1,"SDT.5/2025/13/6195, dt.15/05/2025","Supply of Water Lifting Devices to Eri Rearers of the project pliftment of Socio Economic Status of Womenfolk of Dhekiajuli LAC under Sonitpur District, Assam through Development of Ericulture under Silk Samagra-2","supply of Water Lifting Devices to Eri Rearers of the project-Upliftment of Socio Economic Status of Womenfolk of Dhekiajuli LAC under Sonitpur District, Assam through Development of Ericulture under Silk Samagra-2",Goods,Open Tender,Supply,Supply of Materials,No,No,NA ,19-May-2025 04:00 PM,NA ,365.0,No ,No,Online,10-Jun-2025 02:00 PM,Department of Handloom Textile and Sericulture||Directorate of Sericulture,Dhekiajuli,784110.0,2.0,"21,30,000",M/S RASHI ENTERPRISE,"1,491,000",Rejected-Finance,02-Feb-2026,Department of Handloom Textile and Sericulture||Directorate of Sericulture
2025_PWD_45926_191,CE/DEV/TB/60/2025-26/06 Dtd- 14.07.2025,MMPPNA_RIDF_XXXI_25_26_219 Construction of Road from (i) Jamalpur PMGSY road Pakkar Pul to Narainpur Kacharighat via Jamalpur Forest village (ii) Sherkhan NEC road to Ruarpunji at Shyamacharanpur under Mukhya Mantrir Paki Path Nirman Achani (MMPPNA),MMPPNA_RIDF_XXXI_25_26_219 Construction of Road from (i) Jamalpur PMGSY road Pakkar Pul to Narainpur Kacharighat via Jamalpur Forest village (ii) Sherkhan NEC road to Ruarpunji at Shyamacharanpur under Mukhya Mantrir Paki Path Nirman Achani (MMPPNA),Works,Open Tender,Item Rate,Civil Works – Roads,No,No,NA ,02-Aug-2025 06:00 PM,04-Aug-2025 12:00 PM ,180.0,No ,No,Online,14-Aug-2025 02:30 PM,Public Works Roads Department,Dholai,788114.0,2.0,"2,40,54,000",Sri Khalil Ahmed Barbhuiya,"24,053,500",Accepted-AOC,11-Feb-2026,Public Works Roads Department
2024_ICD_40264_1,AGCL/PROJ/RTU-LETEKU-HJ/2024,PROCUREMENT OF REMOTE TERMINAL UNIT,PROCUREMENT OF REMOTE TERMINAL UNIT,Goods,Open Tender,Buy,Supply of Materials,No,No,NA ,08-Nov-2024 03:00 PM,14-Nov-2024 03:00 PM ,180.0,No ,No,Online,29-Apr-2025 03:30 PM,Industries and Commerce Department||Assam Gas Company Ltd - ICD,"Golaghat, Assam",785621.0,2.0,,SCOPE T AND M PRIVATE LIMITED,"5,356,925",Rejected-Finance,19-Feb-2026,Industries and Commerce Department||Assam Gas Company Ltd - ICD
2025_SEED_45972_1,ASDM-3684/2025/Dhemaji,Dhemaji PLSDTP,Dhemaji PLSDTP,Services,Open Tender,EOI,Miscellaneous Services,No,No,NA ,28-Jul-2025 05:00 PM,NA ,180.0,No ,No,Online,20-Aug-2025 01:00 PM,Skill Employment and Entrepreneurship Department||Assam Skill Development Mission,Assam Skill Development Mission,781035.0,1.0,"6,80,475",Valeur Fabtex Private Limited,"665,475",Not Admitted-Fee/PreQual/Technical/Finance,03-Feb-2026,Skill Employment and Entrepreneurship Department||Assam Skill Development Mission
2026_BTC_50059_1,ACE-25/PWD/IFB/BTC/2025-26/55,Construction of RCC Br. No. 1/1 on road from Borobojar to Borjhar road under SOPD(G) for the year 2025-26 under Udalguri (R and B) Division. (TN_94_1),Construction of RCC Br. No. 1/1 on road from Borobojar to Borjhar road under SOPD(G) for the year 2025-26 under Udalguri (R and B) Division.,Works,Open Tender,Item Rate,Civil Works - Bridges,No,No,NA ,08-Jan-2026 10:00 AM,19-Jan-2026 12:00 PM ,180.0,No ,No,Online,30-Jan-2026 11:00 AM,Bodoland Territorial Council-PWD||Director Cum CHD - PWD BTC,Udalguri,784509.0,2.0,"48,18,62,353",ANIL DAS CONSTRUCTION PVT LTD,"481,817,631",Accepted-AOC,26-Feb-2026,Bodoland Territorial Council-PWD||Director Cum CHD - PWD BTC
2025_DoWR_47400_1,DARRANG/2025-26/RIDF/I,"Construction of New Embankment from Chereng to Magurmari, Package 1.","Construction of New Embankment from Chereng to Magurmari, Package 1",Works,Open Tender,Works,Civil Works,No,No,NA ,09-Sep-2025 06:55 PM,NA ,180.0,No ,No,Online,04-Oct-2025 03:00 PM,Department of Water Resources||Chief Engineer - DoWR,DARRANG,784522.0,2.0,"9,15,12,839",SANJAY KUMAR AGARWALLA,"88,494,674.13",Rejected-Technical,09-Feb-2026,Department of Water Resources||Chief Engineer - DoWR
2026_PWD_49807_4,T/CC/ETN/SIL/2025-26/935(T),"Recovery and reconstruction of (1) Bishfuti Road Submergence from Ch.250.00m to Ch.667.00m,(2) Chincoorie to Nayagram from Ch.0.00m to Ch.900.00m(In stretches) under NDRF(PDNA-2022) for the year 2025-26","Recovery and reconstruction of (1) Bishfuti Road Submergence from Ch.250.00m to Ch.667.00m,(2) Chincoorie to Nayagram from Ch.0.00m to Ch.900.00m(In stretches) under NDRF(PDNA-2022) for the year 2025-26, P/No.SE/SIL/NDRF(PDNA-2022)/25-26/4",Works,Open Tender,Item Wise,Civil Works – Roads,No,No,NA ,02-Jan-2026 09:00 AM,08-Jan-2026 02:00 PM ,180.0,No ,No,Online,19-Jan-2026 03:10 PM,Public Works Roads Department,Cachar District.,788001.0,2.0,"60,43,136",Rupak Kanti Mitra,"6,042,000",Rejected-AOC,18-Feb-2026,Public Works Roads Department
2025_PWRDW_45557_3,CE/EAP/ARRBP01TENDERS2024/66B,Construction of Bridge in Sonitpur district i) Br. No. 1/1 on Morisuti to Dakhin Amlonga Road,Pkg. No. CE/EAP/ARRBP/OCB/Bridge-1/Sonitpur/11 Construction of Bridge in Sonitpur district i) Br. No. 1/1 on Morisuti to Dakhin Amlonga Road,Works,Open Tender,Item Rate,Civil Works - Bridges,No,No,NA ,14-Jul-2025 06:00 PM,21-Jul-2025 11:00 AM ,180.0,No ,No,Online,14-Aug-2025 02:30 PM,Public Works Roads Department-Externally Aided Project||Public Works Road Department- World Bank Funded Tenders||Assam State Bridge Infrastructure Program,Sonitpur,782123.0,2.0,"2,72,47,000",M/S NAGSANKAR CONSTRUCTION,"28,607,350",Accepted-AOC,10-Feb-2026,Public Works Roads Department-Externally Aided Project||Public Works Road Department- World Bank Funded Tenders||Assam State Bridge Infrastructure Program
2025_PWHE_47657_1,IN-ASSAM PWD-510342-CW-RFB,Package No. 17 Construction of Class Rooms under Assam School Education and Adolescent Well-Being Project (ASAP) under Kaliabor and Barhampur TBD for i. Lutumai Par HS ii. Pub Garubat Hari Teron HS,Package No. 17 Construction of Class Rooms under Assam School Education and Adolescent Well-Being Project (ASAP) under Kaliabor and Barhampur TBD for i. Lutumai Par HS ii. Pub Garubat Hari Teron HS,Works,Open Tender,Item Rate,Civil Works - Building,No,No,NA ,22-Sep-2025 04:30 PM,08-Oct-2025 11:30 AM ,180.0,No ,No,Online,22-Oct-2025 05:00 PM,Public Works Health and Education Department-Externally Aided Project||Public Works Health and Education Department-WB,Kaliabor,782137.0,2.0,"6,91,34,888",MS Unique Construction,"68,400,000",Rejected-Technical,09-Feb-2026,Public Works Health and Education Department-Externally Aided Project||Public Works Health and Education Department-WB
2025_GMDA_49629_1,GMDA/DEV/46/2025/Pt-I/117,"Rejuvenation and Bioremediation of Silsako Beel, Guwahati, Assam under PMKSY HKKP RRR Excavation of Silsako Beel Part 10 A","Rejuvenation and Bioremediation of Silsako Beel, Guwahati, Assam under PMKSY HKKP RRR Excavation of Silsako Beel Part 10 A",Works,Open Tender,Item Rate,Civil Works,No,No,NA ,24-Dec-2025 04:45 PM,02-Jan-2026 11:00 AM ,180.0,No ,No,Online,16-Jan-2026 03:00 PM,Guwahati Metropolitan Development Authority||Guwahati Development Department - GMDA,Guwahati,781005.0,2.0,"3,30,77,000",ONE TO TEN SOLUTIONS,"33,066,488.73",Accepted-AOC,02-Feb-2026,Guwahati Metropolitan Development Authority||Guwahati Development Department - GMDA
2025_PWD_49114_17,SKTRD/Tech/117/2025-26,SKTRD/SOPD-G/25-26/41,SKTRD/SOPD-G/25-26/41_Improvement of Lampara road to Fakirpara road under SOPD(G) for the year 2025-26.,Works,Open Tender,Item Rate,Civil Works – Roads,No,No,NA ,09-Dec-2025 02:00 PM,15-Dec-2025 12:00 PM ,180.0,No ,No,Online,29-Dec-2025 02:30 PM,Public Works Roads Department,Kamrup Rural,781125.0,2.0,"11,70,000",Manik Kalita,"1,170,000",Accepted-AOC,27-Feb-2026,Public Works Roads Department
2025_PCCF_47519_1,SOPD Roads and Bridge 6431,SOPD Roads and Bridge,Construction of 4 nos. SPT Bridge inside Charduar RF at Batasipur (RF Boundary near Rly. Stn.) towards north road under Dhekiajuli Range.,Works,Open Tender,Works,Civil Works,No,No,NA ,15-Sep-2025 02:45 PM,25-Sep-2025 11:30 AM ,90.0,No ,No,Online,07-Oct-2025 11:30 AM,"Pr. Chief Conservator of Forest and Head of Forest Force||Chief Conservator of Forests (Upper Assam Zone)||Northern Assam Circle, Tezpur||Sonitpur West Division",Inside Charduar RF at Batasipur towards North road,784001.0,2.0,"56,23,000",Rimu Boro,"5,622,437",Rejected-Finance,05-Feb-2026,"Pr. Chief Conservator of Forest and Head of Forest Force||Chief Conservator of Forests (Upper Assam Zone)||Northern Assam Circle, Tezpur||Sonitpur West Division"
2025_PWD_45926_81,CE/DEV/TB/60/2025-26/06 Dtd- 14.07.2025,MMPPNA_RIDF_XXXI_25_26_234 Construction of (1) RCC Br. No 1/3 on Philobari Gabhoroveti road L 16.50 m (2) road from Sitalpur Nepali Gaon road (3) road from Jayanta Borman Tiniali to Bordubi 2 no. line road under Mukhya Mantrir Paki Path Nirman Achani,MMPPNA_RIDF_XXXI_25_26_234 Construction of (1) RCC Br. No 1/3 on Philobari Gabhoroveti road L 16.50 m (2) road from Sitalpur Nepali Gaon road (3) road from Jayanta Borman Tiniali to Bordubi 2 no. line road under Mukhya Mantrir Paki Path Nirman Achani,Works,Open Tender,Item Rate,Civil Works – Roads,No,No,NA ,30-Jul-2025 06:00 PM,04-Aug-2025 12:00 PM ,180.0,No ,No,Online,14-Aug-2025 02:30 PM,Public Works Roads Department,Doomdooma,786151.0,2.0,"4,09,42,000",Ram Swarup Yadav,"40,940,391",Rejected-Finance,05-Feb-2026,Public Works Roads Department
2025_SEED_45983_1,ASDM-3700/2025/Nalbari,Nalbari PLSDTP,Nalbari PLSDTP,Services,Open Tender,EOI,Miscellaneous Services,No,No,NA ,28-Jul-2025 05:00 PM,NA ,180.0,No ,No,Online,20-Aug-2025 01:00 PM,Skill Employment and Entrepreneurship Department||Assam Skill Development Mission,Assam Skill Development Mission,781035.0,1.0,"6,85,800",AISECT Limited,"670,800",Not Admitted-Fee/PreQual/Technical/Finance,04-Feb-2026,Skill Employment and Entrepreneurship Department||Assam Skill Development Mission
2025_PWD_48131_1,G/176/2025-26/210,Construction of Kailash Shiv Mandir to Sankarpur Ganesh Mandir Road from Ch.0.00 m to 550.00 m (Length-0.55 Km)under SOPD-G for the year 2025-26 of District Lakhimpur (Bihpuria LAC),Construction of Kailash Shiv Mandir to Sankarpur Ganesh Mandir Road from Ch.0.00 m to 550.00 m (Length-0.55 Km)under SOPD-G for the year 2025-26 of District Lakhimpur (Bihpuria LAC),Works,Open Tender,Item Rate,Civil Works,No,No,NA ,17-Oct-2025 04:30 PM,NA ,180.0,No ,No,Online,07-Nov-2025 10:00 AM,Public Works Roads Department,Bihpuria,784161.0,2.0,"45,89,894",madhav borah,"4,589,894",Accepted-AOC,10-Feb-2026,Public Works Roads Department
2025_PWD_46985_3,CE/Commn/16/202526/18(ReBid),Dhemaji/SOPD/1,"Improvement of 13 nos. of roads under SOPD-G for the year 2025-26, 78 No. Dhemaji (ST)LAC",Works,Open Tender,Item Rate,Civil Works – Roads,No,No,NA ,26-Aug-2025 06:00 PM,28-Aug-2025 04:00 PM ,180.0,No ,No,Online,04-Sep-2025 02:30 PM,Public Works Roads Department||CE PWD(R) - PWD||Traffic Engineering Cell - PWD,Dhemaji,787057.0,2.0,"6,59,87,500",MUNINDRA DOLEY,"65,987,500",Accepted-AOC,19-Feb-2026,Public Works Roads Department||CE PWD(R) - PWD||Traffic Engineering Cell - PWD
2025_PHED_47888_1,PHEE/NL/2025-26/TC-04/11148-54,UTILITY SHIFTING OF HABIGAON PWSS UNDER SOPD FOR THE YEAR 2025-26 UNDER PHE NL DIVISION,UTILITY SHIFTING OF HABIGAON PWSS UNDER SOPD FOR THE YEAR 2025-26 UNDER PHE NL DIVISION,Works,Open Tender,Works,Civil Works - Others,No,No,NA ,08-Oct-2025 04:00 PM,13-Oct-2025 02:00 PM ,30.0,No ,No,Online,16-Oct-2025 04:00 PM,Public Health Engineering Department||Chief Engineer PHE(P)-Assam-PHED||North Assam Zone-Tezpur-PHED||North Lakhimpur Division,LAKHIMPUR,787001.0,2.0,"22,00,000",M/s S.R. Enterprise,"2,199,000",Accepted-AOC,30-Jan-2026,Public Health Engineering Department||Chief Engineer PHE(P)-Assam-PHED||North Assam Zone-Tezpur-PHED||North Lakhimpur Division
2025_PWD_45926_188,CE/DEV/TB/60/2025-26/06 Dtd- 14.07.2025,MMPPNA_RIDF_XXXI_25_26_220 Construction of Road from (i) NH 306 road to Dholai Lailapur road via house of Manajir Ali Laskar (ii) NH 306 to Narayan Shah Mukam via E D Bund at Saptagram under Mukhya Mantrir Paki Path Nirman Achani (MMPPNA) under RIDF-,MMPPNA_RIDF_XXXI_25_26_220 Construction of Road from (i) NH 306 road to Dholai Lailapur road via house of Manajir Ali Laskar (ii) NH 306 to Narayan Shah Mukam via E D Bund at Saptagram under Mukhya Mantrir Paki Path Nirman Achani (MMPPNA) under RIDF-,Works,Open Tender,Item Rate,Civil Works – Roads,No,No,NA ,02-Aug-2025 06:55 PM,04-Aug-2025 12:00 PM ,180.0,No ,No,Online,14-Aug-2025 02:30 PM,Public Works Roads Department,Dholai,788114.0,2.0,"1,85,92,000",Sri Khalil Ahmed Barbhuiya,"18,591,500",Accepted-AOC,11-Feb-2026,Public Works Roads Department
2025_DoWR_47492_2,NAGAON/2025-26/RIDF/III,Construction of New Embankment from Pub Kawoimari to Borchung including Dowel Bund from Dhing Gaon to Pub Kawoimari on the left bank of river kopilli.,Construction of New Embankment from Pub Kawoimari to Borchung including Dowel Bund from Dhing Gaon to Pub Kawoimari on the left bank of river kopilli.,Works,Open Tender,Works,Civil Works,No,No,NA ,11-Oct-2025 09:00 AM,NA ,180.0,No ,No,Online,24-Oct-2025 03:00 PM,Department of Water Resources||Chief Engineer - DoWR,Nagaon,782001.0,2.0,"3,19,38,285",D KUMAR AND COMPANY,"31,926,925.05",Accepted-AOC,21-Feb-2026,Department of Water Resources||Chief Engineer - DoWR
2025_PWD_45408_50,CE/DEV/TB/60/2025-26/01 Dtd- 21.06.2025,"MMPPNA_RIDF_XXXI_25_26_117 Construction of Road from (1) Niznarikoli AWC to Niznarikoli Namghar, (2) KSB Road to Madhabpara Borpani River Via Bengali Basti, (3) Dhalijan to Bamunijan Dighaliati under Mukhya Mantrir Paki Path Nirman Achani (MMPPNA) un","MMPPNA_RIDF_XXXI_25_26_117 Construction of Road from (1) Niznarikoli AWC to Niznarikoli Namghar, (2) KSB Road to Madhabpara Borpani River Via Bengali Basti, (3) Dhalijan to Bamunijan Dighaliati under Mukhya Mantrir Paki Path Nirman Achani (MMPPNA) un",Works,Open Tender,Item Rate,Civil Works – Roads,No,No,NA ,09-Jul-2025 06:55 PM,17-Jul-2025 12:00 PM ,180.0,No ,No,Online,28-Jul-2025 02:30 PM,Public Works Roads Department,Raha,782103.0,2.0,"3,39,56,000",BARUN AGARWALA,"33,955,000",Accepted-AOC,04-Feb-2026,Public Works Roads Department
2025_PWD_48230_1,KSTRD/SOPD(G)/63/2024-25/1894,Reconstruction of Road from Rekhapahar to Lengteng under SOPD-G for the year 2025-26,Reconstruction of Road from Rekhapahar to Lengteng under SOPD-G for the year 2025-26,Works,Open Tender,Item Rate,Civil Works – Roads,No,No,NA ,27-Oct-2025 10:00 AM,NA ,180.0,No ,No,Online,17-Nov-2025 03:00 PM,Public Works Roads Department,Kaliabor,782137.0,2.0,"34,78,000",Sri Gopal Bhuyan,"3,477,500",Accepted-AOC,18-Feb-2026,Public Works Roads Department
2025_PWD_49573_51,CE/Commn/192/PDNA/2025-26/02,PDNA/Cachar/01,Recovery and Reconstruction of Kathal road from ch.1500.00m to ch.2000.00 m ch.3000.00m to 3500.00m in stretches Bridges of Kathal Road under NDRF PDNA 2022 for the year 2025-26,Works,Open Tender,Item Rate,Civil Works – Roads,No,No,NA ,24-Dec-2025 01:30 PM,26-Dec-2025 04:00 PM ,180.0,No ,No,Online,05-Jan-2026 02:30 PM,Public Works Roads Department,Cachar,788001.0,2.0,"2,00,00,000",RAUNAQ CONSTRUCTION,"19,999,800",Accepted-AOC,27-Feb-2026,Public Works Roads Department
2025_PWD_45408_44,CE/DEV/TB/60/2025-26/01 Dtd- 21.06.2025,MMPPNA_RIDF_XXXI_25_26_107 Construction of Road from (i) Jyotiska Baruah House to Golai Chariali Road from (Ch. 0.00 m to Ch. 1000.00 m) (ii) Basanta Tiniali to Parghat Road (Dihing Kinar Bongali Block) from (Ch. 0.00 m to Ch. 1200.00 m) (iii) Singim,MMPPNA_RIDF_XXXI_25_26_107 Construction of Road from (i) Jyotiska Baruah House to Golai Chariali Road from (Ch. 0.00 m to Ch. 1000.00 m) (ii) Basanta Tiniali to Parghat Road (Dihing Kinar Bongali Block) from (Ch. 0.00 m to Ch. 1200.00 m) (iii) Singim,Works,Open Tender,Item Rate,Civil Works – Roads,No,No,NA ,09-Jul-2025 04:00 PM,17-Jul-2025 12:00 PM ,180.0,No ,No,Online,28-Jul-2025 02:30 PM,Public Works Roads Department,Naharkatia,786610.0,2.0,"2,95,21,000",Rajib Borah,"29,520,500",Accepted-AOC,19-Feb-2026,Public Works Roads Department
2025_PWHE_47067_1,IN-ASSAM PWD-510340-CW-RFB,"Construction of Class Rooms under Assam School Education and Adolescent Well-Being Project (ASAP) under Morigaon District Territorial Building Division, Morigaon for i. Moniram Dewan ME","Construction of Class Rooms under Assam School Education and Adolescent Well-Being Project (ASAP) under Morigaon District Territorial Building Division, Morigaon for i. Moniram Dewan ME",Works,Open Tender,Item Rate,Civil Works - Building,No,No,NA ,28-Aug-2025 04:30 PM,15-Sep-2025 11:30 AM ,180.0,No ,No,Online,03-Oct-2025 05:00 PM,Public Works Health and Education Department-Externally Aided Project||Public Works Health and Education Department-WB,Morigaon,782105.0,2.0,"3,76,52,181",KISHORE DAS,"43,000,000",Accepted-AOC,12-Feb-2026,Public Works Health and Education Department-Externally Aided Project||Public Works Health and Education Department-WB
2025_PWBNH_49599_1,Misc-7/SE(B)/SIV/2021-22/3172,Construction of Boat Jetty and Construction of NCC office building (RCC GF only) near Joysagar Lake Sivasagar,Construction of Boat Jetty and Construction of NCC office building (RCC GF only) near Joysagar Lake Sivasagar,Works,Open Tender,Item Rate,Civil Works - Building,No,No,NA ,26-Dec-2025 03:30 PM,05-Jan-2026 11:00 AM ,180.0,No ,No,Online,19-Jan-2026 03:00 PM,Public Works Building and NH Department||Chief Engineer-Building - PWBNH,Near Joysagar Lake Sivasagar,785665.0,2.0,"79,91,005",chironton dev goswami,"6,393,603",Accepted-AOC,25-Feb-2026,Public Works Building and NH Department||Chief Engineer-Building - PWBNH
2026_SYWA_51247_1,DSYW/S/758971/2025-26,"HOLDING OF CRPF RAISING DAY-2026 ON 21ST FEBRUARY-2026 AT ARJUN BHOGESWAR BORUAH SPORTS COMPLEX, GUWAHATI","HOLDING OF CRPF RAISING DAY-2026 ON 21ST FEBRUARY-2026 AT ARJUN BHOGESWAR BORUAH SPORTS COMPLEX, GUWAHATI",Services,Open Tender,Item Rate,Miscellaneous Services,No,No,NA ,17-Feb-2026 09:00 AM,NA ,180.0,No ,No,Online,19-Feb-2026 11:30 AM,Directorate of Sports and Youth Welfare - Assam,Director Sports and Youth Welfare Dispur Assam,781006.0,2.0,"97,26,000",LAKHIMI CATERER,"9,697,500",Rejected-Finance,21-Feb-2026,Directorate of Sports and Youth Welfare - Assam
2025_PWD_48248_1,KSTRD/SOPD(G)/63/2024-25/1894,Reconstruction of Road from Barunguri LP school to SH3 at Salpara under SOPD-G for the year 2025-26,Reconstruction of Road from Barunguri LP school to SH3 at Salpara under SOPD-G for the year 2025-26,Works,Open Tender,Item Rate,Civil Works – Roads,No,No,NA ,27-Oct-2025 10:00 AM,NA ,180.0,No ,No,Online,17-Nov-2025 03:00 PM,Public Works Roads Department,Samaguri,782140.0,2.0,"25,00,000",JIYAUR RAHMAN,"2,499,393",Accepted-AOC,02-Feb-2026,Public Works Roads Department
2026_WPTBC_50095_1,PTDC/Engg/2024-25/463/18,Construction of Hostel at Colleges at 20 District of Assam,"Construction of Hostel at Colleges at 20 District of Assam at Rs. 100.00 Lakh for each Hostel under Article 275 (I) of the Constitution of India during the year 2025-26. (Morigaon College, Dist- Morigaon).",Works,Open Tender,Works,Civil Works,No,No,NA ,08-Jan-2026 03:00 PM,12-Jan-2026 12:00 PM ,180.0,No ,No,Online,26-Jan-2026 03:00 PM,Welfare of Plain Tribes and Backward Classes||Director - WPT and BC,"Morigaon College, Morigaon",782105.0,2.0,"1,00,00,000",Arsiddh Infraprojects,"10,000,000",Accepted-AOC,18-Feb-2026,Welfare of Plain Tribes and Backward Classes||Director - WPT and BC
2026_WPTBC_49938_1,PTDC/Engg/2024-25/460,"Additional part for Construction of approach road to EMRS - Donka, Dist West Karbi Anglong, Sanctioned under Article 275 (I) of the constitution of India during the year 2025-26","Additional part for Construction of approach road to EMRS - Donka, Dist West Karbi Anglong, Sanctioned under Article 275 (I) of the constitution of India during the year 2025-26",Works,Open Tender,Item Rate,Civil Works,No,No,NA ,05-Jan-2026 11:00 AM,12-Jan-2026 11:30 AM ,180.0,No ,No,Online,21-Jan-2026 03:00 PM,Welfare of Plain Tribes and Backward Classes||Director - WPT and BC,West Karbi Anglong,782441.0,2.0,"2,19,17,000",KHAGENDRA NATH SARKAR,"21,900,000",Rejected-AOC,13-Feb-2026,Welfare of Plain Tribes and Backward Classes||Director - WPT and BC
2025_PWD_49312_3,CE/DEV/TB/60/2025-26/60 Dtd- 09.12.2025,MMPPNA_RIDF_XXXI_25_26_322 Construction of Road from (1) No 1 Hatiyamora towards Naharani Path from Ch. 0.00 m to Ch. 1590.00 m (L-1.590 KM) (2) NH 15 to Dighpukhuri via Haribor Doloni from Ch. 0.00 m to Ch. 1490.00 m (L-1.490 KM) under Mukhya Mantr,MMPPNA_RIDF_XXXI_25_26_322 Construction of Road from (1) No 1 Hatiyamora towards Naharani Path from Ch. 0.00 m to Ch. 1590.00 m (L-1.590 KM) (2) NH 15 to Dighpukhuri via Haribor Doloni from Ch. 0.00 m to Ch. 1490.00 m (L-1.490 KM) under Mukhya Mantr,Works,Open Tender,Item Rate,Civil Works – Roads,No,No,NA ,12-Dec-2025 06:00 PM,16-Dec-2025 12:00 PM ,180.0,No ,No,Online,22-Dec-2025 02:30 PM,Public Works Roads Department,Ranganadi,787057.0,2.0,"1,96,98,000",Roshan Sharma,"19,697,500",Accepted-AOC,16-Feb-2026,Public Works Roads Department
2025_PWD_47305_4,CE/Commn/16/202526/22(Re Bid),Doomdooma/SOPD/ 4,Cons1)Nikalbari2)RupaiTE3)App Br Tongani Honjan 4)BrahmpurtoDmdma Phllobai5)Dghaltarang6)SPT br on Tlp Bgn7) BorgaonPhilobari8) Samdang TE to Jablpur9)Borgaon to Moilajan River 10) Rupai Siding11)Skari Bsti12) Talap Bagan13)Tara TE pucca lineSOPD2526,Works,Open Tender,Item Wise,Civil Works – Roads,No,No,NA ,05-Sep-2025 06:00 PM,09-Sep-2025 04:00 PM ,180.0,No ,No,Online,15-Sep-2025 02:30 PM,Public Works Roads Department||CE PWD(R) - PWD||Traffic Engineering Cell - PWD,Doomdooma,786151.0,2.0,"2,01,45,000",Ram Swarup Yadav,"20,141,304",Accepted-AOC,06-Feb-2026,Public Works Roads Department||CE PWD(R) - PWD||Traffic Engineering Cell - PWD
2025_PWD_45292_4,CE/CW/12/2025-26 (CRPF COMPLEX),CE/CW/12/2025-26(Garbhanga Feeder ),"Provisional estimate for shifting of 33KV Garbhanga Feeder for construction of road towards State Guest House, Koinadhora (Construction of Alternate Road leading to State Guest House No. 1 at Koinadhara Hill under SOPD(G) for the year 2024-25)",Works,Open Tender,Item Rate,Civil Works – Roads,No,No,NA ,02-Jul-2025 06:00 PM,NA ,180.0,No ,No,Online,09-Jul-2025 02:30 PM,Public Works Roads Department,Guwahati,781021.0,3.0,"37,31,000",A B L CONSTRUCTION,"3,731,000",Accepted-AOC,12-Feb-2026,Public Works Roads Department
2025_PWD_46629_1,CE/BR/10/2024/25,3rd Party/Dhemaji/CRIF/2020-21/03,Improvement and upgradation of Road of Road from Akajan Likabali Road Starting at PMGSY Package No. AS-04-304 via MES Gainadi to Nilakh (1.37km) including Construction of RCC Br. No. 5/1 over River Gainadi (L 480.00 M) under CRIF under 144 Jonai (ST),Works,Open Tender,Item Rate,Civil Works – Roads,No,No,NA ,18-Aug-2025 05:15 PM,29-Aug-2025 02:00 PM ,180.0,No ,No,Online,09-Sep-2025 12:00 PM,Public Works Roads Department,Dhemaji,787057.0,2.0,"17,52,448",Competent Infrastructure and consulting(CICON) Pvt.Ltd,"1,450,000",Accepted-AOC,04-Feb-2026,Public Works Roads Department
2025_PWHE_47102_1,IN-ASSAM PWD-510395-CW-RFB,Construction of Class Rooms under Assam School Education and Adolescent Well-Being Project (ASAP) under Biswanath DTBD for i. Dakhin Nagsankar HS ii. Chabilal Upadhyaya Smriti HS iii. Bhelouguri MVS,Construction of Class Rooms under Assam School Education and Adolescent Well-Being Project (ASAP) under Biswanath DTBD for i. Dakhin Nagsankar HS ii. Chabilal Upadhyaya Smriti HS iii. Bhelouguri MVS,Works,Open Tender,Item Rate,Civil Works - Building,No,No,NA ,29-Aug-2025 04:30 PM,15-Sep-2025 11:30 AM ,180.0,No ,No,Online,04-Oct-2025 05:00 PM,Public Works Health and Education Department-Externally Aided Project||Public Works Health and Education Department-WB,Biswanath,784176.0,2.0,"10,61,46,530",Manoj Kr Sarmah,"121,000,000",Accepted-AOC,23-Feb-2026,Public Works Health and Education Department-Externally Aided Project||Public Works Health and Education Department-WB
2025_PWD_45827_16,CE/MAINT/SOPDG/01/2025-26/02,MAINT/SOPD-G/2025-26/26,MAINT/SOPD-G/2025-26/26_1_Reconstruction of Road from ASS Road Amtala to Baro Harir Dham and 2_Reconstruction of Road from Pokalagi Silgahgri Road to Nalbari Ghat of Mukhya Mantrir Path Nabikaran Achani (MMPNA) under SOPD_G for the year 2025_26 in Dh,Works,Open Tender,Item Rate,Civil Works – Roads,No,No,NA ,22-Jul-2025 12:00 PM,24-Jul-2025 12:00 PM ,180.0,No ,No,Online,14-Aug-2025 11:00 AM,Public Works Roads Department,Dhubri,783301.0,2.0,"1,18,01,000",DIPANKAR BOSE,"11,800,500",Accepted-AOC,10-Feb-2026,Public Works Roads Department
2025_PWD_49605_1,TB/296/DNTRD/2025-26,Recovery and Reconstruction of NH-15 to Ratanpur Nepali Road under NDRF (PDNA-2022) for the year 2025-26.,Recovery and Reconstruction of NH-15 to Ratanpur Nepali Road under NDRF (PDNA-2022) for the year 2025-26.,Works,Open Tender,Works,Civil Works – Roads,No,No,NA ,24-Dec-2025 12:00 PM,26-Dec-2025 02:00 PM ,90.0,No ,No,Online,07-Jan-2026 03:00 PM,Public Works Roads Department,Dhakuakhana,787053.0,2.0,"20,00,000",DIPEN DOLEY,"1,998,800",Accepted-AOC,11-Feb-2026,Public Works Roads Department
2025_PWBNH_45033_1,I/1107021/2025,"PMC services for Redevelopment of Secreteriat Complex at Dispur, Guwahati-06 (Package-4 Construction of Proposed Auditorium along with external site development)","PMC services for Redevelopment of Secreteriat Complex at Dispur, Guwahati-06 (Package-4 Construction of Proposed Auditorium along with external site development)",Works,Open Tender,Item Rate,Civil Works - Building,No,No,NA ,21-Jun-2025 11:00 AM,01-Jul-2025 12:30 PM ,180.0,No ,No,Online,15-Jul-2025 04:00 PM,Public Works Building and NH Department||Chief Engineer-Building - PWBNH,Dispur,781006.0,2.0,"1,18,00,000",ARC Test House and Consultant LLP,"5,474,740",Accepted-AOC,09-Feb-2026,Public Works Building and NH Department||Chief Engineer-Building - PWBNH
2025_SEED_45967_1,ASDM-3680/2025/Charaideo,Charaideo PLSDTP,Charaideo PLSDTP,Services,Open Tender,EOI,Miscellaneous Services,No,No,NA ,28-Jul-2025 05:00 PM,NA ,180.0,No ,No,Online,20-Aug-2025 01:00 PM,Skill Employment and Entrepreneurship Department||Assam Skill Development Mission,Assam Skill Develoment Mission,781035.0,1.0,"10,85,400",AISECT Limited,"1,070,400",Accepted-AOC,03-Feb-2026,Skill Employment and Entrepreneurship Department||Assam Skill Development Mission
2025_DoWR_47450_1,TAMULPUR/2025-26/RIDF/V,"Construction of embankment on L/B of river Pagladia from Charanjungle to Palokata, Package 2.","Construction of embankment on L/B of river Pagladia from Charanjungle to Palokata, Package 2.",Works,Open Tender,Works,Civil Works,No,No,NA ,10-Sep-2025 06:55 PM,NA ,180.0,No ,No,Online,04-Oct-2025 03:00 PM,Department of Water Resources||Chief Engineer - DoWR,TAMULPUR,781367.0,2.0,"3,48,78,588",SUMIT CHACHAN,"34,878,364.16",Rejected-AOC,16-Feb-2026,Department of Water Resources||Chief Engineer - DoWR
2024_PWRDW_37897_4,CE/EAP/ARRBP02TENDERS2024/10,Construction of Bridge in Barpeta District i. Br No. 1/1 on Kujarpith Banbahar Road to D.K.Road,CE/EAP/ARRBP/OCB/Bridge-1/Barpeta/25 Construction of Bridge in Barpeta District i. Br No. 1/1 on Kujarpith Banbahar Road to D.K.Road,Works,Open Tender,Item Rate,Civil Works - Bridges,No,No,NA ,08-Jul-2024 06:55 PM,22-Jul-2024 11:00 AM ,90.0,No ,No,Online,07-Aug-2024 02:30 PM,Public Works Roads Department-Externally Aided Project||Public Works Road Department- World Bank Funded Tenders||Assam State Bridge Infrastructure Program,Barpeta,781301.0,2.0,"2,61,02,000",KANAKESH DAS,"26,660,450",Rejected-Technical,13-Feb-2026,Public Works Roads Department-Externally Aided Project||Public Works Road Department- World Bank Funded Tenders||Assam State Bridge Infrastructure Program
2025_PWD_47085_1,CE/DEV/TB/60/2025-26/15 Dtd- 06.08.2025,MMPPNA_RIDF_XXXI_25_26_482 Improvement of Road from (1) Akajan Likabali Road at Paulpatty to Sankari Sangha Namghar Chariali Road via Murong Ghar Path including RCC Covered Drain (2) Akajan Likabali Road to Amritpur Boys Club (ABC Club) Road includin,MMPPNA_RIDF_XXXI_25_26_482 Improvement of Road from (1) Akajan Likabali Road at Paulpatty to Sankari Sangha Namghar Chariali Road via Murong Ghar Path including RCC Covered Drain (2) Akajan Likabali Road to Amritpur Boys Club (ABC Club) Road includin,Works,Open Tender,Item Rate,Civil Works – Roads,No,No,NA ,29-Aug-2025 09:00 AM,04-Sep-2025 12:00 PM ,180.0,No ,No,Online,19-Sep-2025 02:30 PM,Public Works Roads Department,Sissiborgaon,787110.0,2.0,"5,36,66,000",BIRAT BASUMATARY,"53,664,000",Accepted-AOC,06-Feb-2026,Public Works Roads Department
2025_UDD_49398_1,Eng-38/Pt-2/PKMB/2023/486,Construction of Stone masonry retaining wall and Paver block Road at cremation ground (MuktiDham) at Patacharkuchi Town ward no 9 under the scheme of ASFC in Patacharkuchi Municipal Board.,Construction of Stone masonry retaining wall and Paver block Road at cremation ground (MuktiDham) at Patacharkuchi Town ward no 9 under the scheme of ASFC in Patacharkuchi Municipal Board.,Works,Open Tender,Works,Civil Works,No,No,NA ,16-Dec-2025 04:00 PM,NA ,90.0,No ,No,Online,21-Jan-2026 11:30 AM,Urban Development Department||Directorate of Municipality Administration - UDD||Patacharkuchi Municipal Board,Patacharkuchi Town ward no 9,781326.0,2.0,"22,50,000",Parag Moni Sen Deka,"2,864,199.03",Accepted-AOC,04-Feb-2026,Urban Development Department||Directorate of Municipality Administration - UDD||Patacharkuchi Municipal Board
2025_PWD_47305_5,CE/Commn/16/202526/22(Re Bid),Ranganadi /SOPD /2,Imp1)Med Tiniali to No 2 Kowadonga Link2)NH 15 to Harmoti Sasanghat Link3)NH15 at Bethai Baruah House to Dolohat Bazar4)NH 15 Monikumar School Tiniali to Jitul Borah Chuburi under SOPD-G for the year 2025-26,Works,Open Tender,Item Wise,Civil Works – Roads,No,No,NA ,05-Sep-2025 06:00 PM,09-Sep-2025 04:00 PM ,180.0,No ,No,Online,15-Sep-2025 02:30 PM,Public Works Roads Department||CE PWD(R) - PWD||Traffic Engineering Cell - PWD,Ranganadi,787052.0,2.0,"2,17,40,000",BIMAN MUKHARJEE,"21,738,500",Accepted-AOC,19-Feb-2026,Public Works Roads Department||CE PWD(R) - PWD||Traffic Engineering Cell - PWD
2025_PWD_49312_2,CE/DEV/TB/60/2025-26/60 Dtd- 09.12.2025,MMPPNA_RIDF_XXXI_25_26_233 Construction of (1) road from NH -15 Rongajan Namghar Via Athengia road (2) road from Makum Ali line to NH-15 Bypass road (3) Badleveta Kherbari Line road (4) road from Kalahandi Line to Doidam G.P.Office road under Mukhya,MMPPNA_RIDF_XXXI_25_26_233 Construction of (1) road from NH -15 Rongajan Namghar Via Athengia road (2) road from Makum Ali line to NH-15 Bypass road (3) Badleveta Kherbari Line road (4) road from Kalahandi Line to Doidam G.P.Office road under Mukhya,Works,Open Tender,Item Rate,Civil Works – Roads,No,No,NA ,12-Dec-2025 06:00 PM,16-Dec-2025 12:00 PM ,180.0,No ,No,Online,22-Dec-2025 02:30 PM,Public Works Roads Department,Doomdooma,786151.0,2.0,"3,77,94,000",Prashanta Gohain,"37,794,000",Accepted-AOC,19-Feb-2026,Public Works Roads Department
2025_APDCL_47545_1,APDCL/CGMRE/Jonai/TRLine/PKG_3,"Electrification of Borong Krishnapur for electrification of the villages (Mecheki Chapori) of Jonai under N. Lakhimpur Elect. Circle, APDCL","Const. of 11KV single circuit line with 132KV, D 6 type tower and SP76 GI STP for crossing over tributaries of Brahmaputra River for electrification of the village Mecheki Chapori (Jonai) under N. Lakhimpur Elect. Circle, APDCL",Works,Open Tender,Turn-key,Electrical Works,No,No,NA ,17-Sep-2025 03:00 PM,18-Sep-2025 03:00 PM ,180.0,No ,No,Online,10-Oct-2025 03:00 PM,Assam Power Distribution Company Ltd||CGM(Rural Electrification) - APDCL,Jonai,787060.0,2.0,"6,16,13,526",Mega Electricals,"55,452,184.75",Rejected-AOC,23-Feb-2026,Assam Power Distribution Company Ltd||CGM(Rural Electrification) - APDCL
2025_PWD_45818_26,CE/Commn/16/2025-26/04,Khowang/MMPPNA/02,"Construction of SingibillTiniali to Sasanghat Road via 2No DewanbariPatiwala Gaon (L-1.10 Km) under Mukhya Mantri Pakipath Nirman Achani (MMPPNA) under SOPD-G for the year 2025-26, Khowang LAC",Works,Open Tender,Item Rate,Civil Works – Roads,No,No,NA ,22-Jul-2025 06:00 PM,28-Jul-2025 04:00 PM ,180.0,No ,No,Online,11-Aug-2025 02:30 PM,Public Works Roads Department,Khowang,785675.0,2.0,"84,21,000",U D CONSTRUCTIONS,"8,421,000",Rejected-AOC,18-Feb-2026,Public Works Roads Department
2025_PWD_45818_9,CE/Commn/16/2025-26/04,Majuli/SOPD/02,"Strengthening of SPT Br No 9/1 on NLK road over river Luit Under SOPD-G for the year 2025-26, Majuli LAC under Majuli District Territorial Road division",Works,Open Tender,Item Rate,Civil Works – Roads,No,No,NA ,22-Jul-2025 12:00 PM,28-Jul-2025 04:00 PM ,180.0,No ,No,Online,11-Aug-2025 02:30 PM,Public Works Roads Department,Majuli,785106.0,2.0,"1,24,98,000",Sanjib Sarma,"12,494,502",Rejected-AOC,09-Feb-2026,Public Works Roads Department
2025_PWD_45818_32,CE/Commn/16/2025-26/04,Bihpuria/MMPNA/4,Re construction of rd from Rampur Chariali to Rajgarh under Mukhya Mantrir Path Nabikaran Achani for the year 2025-26(BihpuriaLAC)(From Ch.0m to 2520m),Works,Open Tender,Item Rate,Civil Works – Roads,No,No,NA ,23-Jul-2025 06:00 PM,28-Jul-2025 04:00 PM ,180.0,No ,No,Online,11-Aug-2025 02:30 PM,Public Works Roads Department,Bihpuria,784161.0,2.0,"71,31,000",Manuj Boruah,"7,121,000",Accepted-AOC,17-Feb-2026,Public Works Roads Department
2025_PWD_45408_45,CE/DEV/TB/60/2025-26/01 Dtd- 21.06.2025,"MMPPNA_RIDF_XXXI_25_26_62 Construction of (1) Extension Borbora Ali (from Ch. 0.00m to Ch. 1000.00m), L 1.00 Km, (2) Road from Circuit House Kamarbandha to Akar Ali (Kachu Kaboru Ali, (from Ch 0.00 m to Ch 2300.00 m) L 2.30 Km, (3) Da Samua Borpathor","MMPPNA_RIDF_XXXI_25_26_62 Construction of (1) Extension Borbora Ali (from Ch. 0.00m to Ch. 1000.00m), L 1.00 Km, (2) Road from Circuit House Kamarbandha to Akar Ali (Kachu Kaboru Ali, (from Ch 0.00 m to Ch 2300.00 m) L 2.30 Km, (3) Da Samua Borpathor",Works,Open Tender,Item Rate,Civil Works – Roads,No,No,NA ,09-Jul-2025 03:00 PM,17-Jul-2025 12:00 PM ,180.0,No ,No,Online,28-Jul-2025 02:30 PM,Public Works Roads Department,Golaghat,785621.0,2.0,"2,70,00,000",M/s Sunrise Construction,"26,996,000",Rejected-Finance,20-Feb-2026,Public Works Roads Department
2025_PWD_49573_50,CE/Commn/192/PDNA/2025-26/02,PDNA/Sonitpur/01,"Recovery and Reconstruction of Bridge Aproach and Guide Bandh (including Boulder Pitching, Appron) on Dheraimajuli to Garuduba Road Via Belsiri Gaon (Bridge No.4/1) under NDRF(PDNA-2022) for the year 2025-26",Works,Open Tender,Item Rate,Civil Works – Roads,No,No,NA ,24-Dec-2025 12:30 PM,26-Dec-2025 04:00 PM ,180.0,No ,No,Online,05-Jan-2026 02:30 PM,Public Works Roads Department,Sonitpur,784001.0,2.0,"1,40,98,000",MS AGNIGARH,"14,096,891",Accepted-AOC,25-Feb-2026,Public Works Roads Department
2025_PWD_45926_57,CE/DEV/TB/60/2025-26/06 Dtd- 14.07.2025,MMPPNA_RIDF_XXXI_25_26_228 Construction of road from (1) Notun Maithong to Padum Pather (2) Namhullong LP School to Betoni Connecting Road (3) Talpather to Brindaban Tiniali under Mukhya Mantrir Paki Path Nirman Achani (MMPPNA) under RIDF-XXXI of NAB,MMPPNA_RIDF_XXXI_25_26_228 Construction of road from (1) Notun Maithong to Padum Pather (2) Namhullong LP School to Betoni Connecting Road (3) Talpather to Brindaban Tiniali under Mukhya Mantrir Paki Path Nirman Achani (MMPPNA) under RIDF-XXXI of NAB,Works,Open Tender,Item Rate,Civil Works – Roads,No,No,NA ,28-Jul-2025 06:00 PM,04-Aug-2025 12:00 PM ,180.0,No ,No,Online,14-Aug-2025 02:30 PM,Public Works Roads Department,Digboi,786171.0,2.0,"2,93,21,000",MS MODIM CH. MORAN ENTERPRISE,"29,312,000",Accepted-AOC,07-Feb-2026,Public Works Roads Department
2025_PWD_45926_176,CE/DEV/TB/60/2025-26/06 Dtd- 14.07.2025,MMPPNA_RIDF_XXXI_25_26_260 Construction of (1) Road starting from PWD Road near Larang Bridge to Nandirpar Kalibari via Nikunja Das House at Leverputa GP (2) Road from Silchar Kalain road at Kalain Bazar to Kalain Bagan Jagannath Mandir under Mukhya,MMPPNA_RIDF_XXXI_25_26_260 Construction of (1) Road starting from PWD Road near Larang Bridge to Nandirpar Kalibari via Nikunja Das House at Leverputa GP (2) Road from Silchar Kalain road at Kalain Bazar to Kalain Bagan Jagannath Mandir under Mukhya,Works,Open Tender,Item Rate,Civil Works – Roads,No,No,NA ,02-Aug-2025 06:55 PM,04-Aug-2025 12:00 PM ,180.0,No ,No,Online,14-Aug-2025 02:30 PM,Public Works Roads Department,Katigorah,788805.0,2.0,"2,78,18,000",SHYAMAKANTA PAUL CONSTRUCTION PVT LTD,"27,817,999.99",Rejected-Finance,05-Feb-2026,Public Works Roads Department
2025_PWD_46259_1,CE/DEV/TB/99/2025-26/03 Dtd- 29.07.2025,SOPD_G_25_26_21 Construction of road Cum Embankment of Janji Left Bank from NH -715 to Tamuliciga(length- L-12.00KM - Ch.18000.00M to Ch.24600.0M) under SOPD-G for the Year 2025-26.,SOPD_G_25_26_21 Construction of road Cum Embankment of Janji Left Bank from NH -715 to Tamuliciga(length- L-12.00KM - Ch.18000.00M to Ch.24600.0M) under SOPD-G for the Year 2025-26.,Works,Open Tender,Item Rate,Civil Works – Roads,No,No,NA ,09-Aug-2025 01:00 PM,11-Aug-2025 12:00 PM ,180.0,No ,No,Online,22-Aug-2025 02:30 PM,Public Works Roads Department,Jorhat,785001.0,2.0,"20,71,91,000",Raju Khanikar,"207,190,000",Accepted-AOC,03-Feb-2026,Public Works Roads Department
2025_GMC_47956_1,GER/CE/2523/2025/16 Dated_06/10/2025,"Construction of Extended Portion of MAE Community Hall, Paltan Bazar, Ward No. 31, Guwahati (Part-B)","Construction of Extended Portion of MAE Community Hall, Paltan Bazar, Ward No. 31, Guwahati (Part-B)",Works,Open Tender,Lump-sum,Civil Works,No,No,NA ,10-Oct-2025 03:30 PM,13-Oct-2025 09:00 AM ,120.0,No ,No,Online,30-Oct-2025 02:30 PM,Guwahati Municipal Corporation,Guwahati,781006.0,2.0,,P.S. ENTERPRISE,"3,857,268.55",Rejected-AOC,21-Feb-2026,Guwahati Municipal Corporation
2025_KAAC_46533_1,ACEH/CS/SSA/03/2025-26/NSL45,Construction of 50 bedded hostel separately for boys and girls at Moushaladiang ME School (Upgraded to Secondary School) under the scheme Dharti Aaba Janjatiya Gram Utkarsh Abhiyan,Construction of 50 bedded hostel separately for boys and girls at Moushaladiang ME School (Upgraded to Secondary School) under the scheme Dharti Aaba Janjatiya Gram Utkarsh Abhiyan,Works,Open Tender,Item Rate,Civil Works - Building,No,No,NA ,18-Aug-2025 11:00 AM,20-Aug-2025 12:00 PM ,180.0,No ,No,Online,30-Aug-2025 11:00 AM,Karbi Anglong Autonomous Council||PWD||Addl. Chief Engineer Diphu,Chinthong,782441.0,2.0,"3,78,75,000",Power Tools and Engineering,"37,858,695.23",Rejected-AOC,09-Feb-2026,Karbi Anglong Autonomous Council||PWD||Addl. Chief Engineer Diphu
2025_PWD_49268_5,TB-62/GWC/2024-25/1718 Dtd. 01-12-2025,Construction of GWC Road from Burabhakot to Annapur via No.33 Joypur under SOPD-G for the year 2025-26 in 80 No. Jonai LAC.,Construction of GWC Road from Burabhakot to Annapur via No.33 Joypur under SOPD-G for the year 2025-26 in 80 No. Jonai LAC.,Works,Open Tender,Item Rate,Civil Works,No,No,NA ,12-Dec-2025 04:25 PM,NA ,180.0,No ,No,Online,19-Dec-2025 10:00 AM,Public Works Roads Department,Jonai,787060.0,2.0,"27,37,300",DIPEN DAW,"2,737,297.5",Accepted-AOC,02-Feb-2026,Public Works Roads Department
2025_PWD_45408_92,CE/DEV/TB/60/2025-26/01 Dtd- 21.06.2025,"MMPPNA_RIDF_XXXI_25_26_144 Construction of road from (1) Paschim Dahkonia to Ratan Bargaon road via Jatiya Bidyalaya (Swahid Nirod Sarma House), (2) Tihu Solmara road at Doulguri Dekapara to Balapara Chowk, (3) Sialmari Hari Mandir Via Krishnapuri Pr","MMPPNA_RIDF_XXXI_25_26_144 Construction of road from (1) Paschim Dahkonia to Ratan Bargaon road via Jatiya Bidyalaya (Swahid Nirod Sarma House), (2) Tihu Solmara road at Doulguri Dekapara to Balapara Chowk, (3) Sialmari Hari Mandir Via Krishnapuri Pr",Works,Open Tender,Item Rate,Civil Works – Roads,No,No,NA ,11-Jul-2025 06:00 PM,17-Jul-2025 12:00 PM ,180.0,No ,No,Online,28-Jul-2025 02:30 PM,Public Works Roads Department,Tihu,781371.0,2.0,"4,37,25,000",SRI DWIJEN DEKA,"43,724,000",Rejected-Finance,17-Feb-2026,Public Works Roads Department
2025_PWD_49114_16,SKTRD/Tech/117/2025-26,SKTRD/SOPD-G/25-26/40,SKTRD/SOPD-G/25-26/40_Improvement of Ghoramara Pather to Bhalukabari Road under SOPD(G) for the year 2025-26.,Works,Open Tender,Item Rate,Civil Works – Roads,No,No,NA ,09-Dec-2025 02:00 PM,15-Dec-2025 12:00 PM ,180.0,No ,No,Online,29-Dec-2025 02:30 PM,Public Works Roads Department,Kamrup Rural,781125.0,2.0,"22,05,000",Ashique Enterprise,"2,205,000",Accepted-AOC,27-Feb-2026,Public Works Roads Department
2024_PNRD_37375_1,SIPRD/TECH/19/2023/50,Construction of Administrative Building G Plus 1 for DPRC at Tamulpur,Construction of Administrative Building G Plus 1 for DPRC at Tamulpur,Works,Open Tender,Item Wise,Civil Works - Building,No,No,NA ,16-Mar-2024 05:00 PM,20-Mar-2024 12:00 PM ,180.0,No ,No,Online,03-Apr-2024 04:00 PM,Principal Secretary- P and RD- Assam Secretariat||Commissioner- P and RD- PNRD||State Institute of Rural Development - SIRD - PNRD,Tamulpur,781367.0,2.0,"93,66,741",M/S STAR INDIA,"6,429,383.15",Rejected-AOC,03-Feb-2026,Principal Secretary- P and RD- Assam Secretariat||Commissioner- P and RD- PNRD||State Institute of Rural Development - SIRD - PNRD
2026_BTC_50034_1,No.29/ACE/PWD/BTC/2025-26/04,"Providing with Installation of Integrated Solar Energy Drinking Water Project at the rate of Rs.13,82,358 x 35 Nos. under SOPD Grant No.79. Model-A in various Districts of BTC, Assam. TN_91_01","Providing with Installation of Integrated Solar Energy Drinking Water Project at the rate of Rs.13,82,358 x 35 Nos. under SOPD Grant No.79. Model-A in various Districts of BTC, Assam. TN_91_01",Works,Open Tender,Item Rate,Civil Works - Building,No,No,NA ,07-Jan-2026 02:00 PM,NA ,180.0,No ,No,Online,20-Jan-2026 02:00 PM,Bodoland Territorial Council-PWD||Director Cum CHD - PWD BTC,Kokrajhar,783370.0,2.0,"4,83,82,530",M/S J.K ENTERPRISE,"48,382,241.98",Rejected-Technical,27-Feb-2026,Bodoland Territorial Council-PWD||Director Cum CHD - PWD BTC
2025_PWD_45294_1,CE/CW/12/2025-26 (BHASKAR NAGAR A),CE/CW/12/2025-26(Bhaskar Nagar A),Improvement of Bhaskar Nagar Block-A Road under SOPD(G) for the year 2024-25,Works,Open Tender,Item Rate,Civil Works – Roads,No,No,NA ,02-Jul-2025 06:00 PM,NA ,180.0,No ,No,Online,09-Jul-2025 02:30 PM,Public Works Roads Department,Guwahati,781021.0,3.0,"40,66,000",choudhury Enterprise,"4,065,512",Rejected-AOC,12-Feb-2026,Public Works Roads Department
2025_BTC_49725_1,No.20/Infr.Dev/BTC/2025-26/44,Construction of Bodo Samaj Office Building at Kokrajhar. TN_24_02R,Construction of Bodo Samaj Office Building at Kokrajhar. TN_24_02R,Works,Open Tender,Item Rate,Civil Works - Building,No,No,NA ,31-Dec-2025 10:30 AM,NA ,180.0,No ,No,Online,21-Jan-2026 02:00 PM,Bodoland Territorial Council-PWD||Director Cum CHD - PWD BTC,Kokrajhar,783370.0,2.0,"49,97,796",SWRANG BASUMATARY,"4,997,000",Rejected-AOC,16-Feb-2026,Bodoland Territorial Council-PWD||Director Cum CHD - PWD BTC
2026_PWD_49807_7,T/CC/ETN/SIL/2025-26/935(T),"Recovery and reconstruction of (1) Nathpara Kandigram Road from Ch.30.00m to Ch.700.00m,(2) Pangram Amaranagar Road under NDRF(PDNA-2022) for the year 2025-26","Recovery and reconstruction of (1) Nathpara Kandigram Road from Ch.30.00m to Ch.700.00m,(2) Pangram Amaranagar Road under NDRF(PDNA-2022) for the year 2025-26, P/No.SE/UDH/NDRF(PDNA-2022)/25-26/7",Works,Open Tender,Item Wise,Civil Works – Roads,No,No,NA ,02-Jan-2026 09:00 AM,08-Jan-2026 02:00 PM ,180.0,No ,No,Online,19-Jan-2026 03:10 PM,Public Works Roads Department,Cachar District.,788030.0,2.0,"89,99,704",SAJUL ISLAM BARBHUIYA,"8,999,000",Rejected-AOC,19-Feb-2026,Public Works Roads Department
2025_GMC_47288_2,GER/CE/2505/2025/6 Dated_01/09/2025,Construction of Toilet under Ward No.13,Construction of Toilet under Ward No.13,Works,Open Tender,Lump-sum,Civil Works,No,No,NA ,04-Sep-2025 06:35 PM,08-Sep-2025 12:00 PM ,120.0,No ,No,Online,07-Oct-2025 02:30 PM,Guwahati Municipal Corporation,Guwahati,781006.0,2.0,,M/S MAYA ENTERPRISE,"1,557,800",Rejected-AOC,04-Feb-2026,Guwahati Municipal Corporation
2025_PWBNH_49073_1,SE/BII/SSN/SchoolInfra,"Construction of School Infrastructure of Shankardev Shishu Niketan at Datalpara, Natunbasti, Guwahati","Construction of School Infrastructure of Shankardev Shishu Niketan at Datalpara, Natunbasti, Guwahati",Works,Open Tender,Item Wise,Civil Works - Building,No,No,NA ,06-Dec-2025 12:00 PM,10-Dec-2025 12:00 PM ,180.0,No ,No,Online,30-Dec-2025 11:30 AM,Public Works Building and NH Department||Chief Engineer-Building - PWBNH||SE-Guwahati Circle-2 - PWBNH,"Datalpara, Natunbasti, Guwahati",781025.0,2.0,"50,00,000",Sri Ashok Kalita,"4,993,799",Rejected-AOC,30-Jan-2026,Public Works Building and NH Department||Chief Engineer-Building - PWBNH||SE-Guwahati Circle-2 - PWBNH
2026_PWD_49884_1,BDTRD/SOPD-G/GWC/25-26/10,Construction of road from Borgaon Near Durgamandir to Kherbari under SOPD-G for the year 2025-26 Barchalla LAC,Construction of road from Borgaon Near Durgamandir to Kherbari under SOPD-G for the year 2025-26 Barchalla LAC,Works,Open Tender,Item Rate,Civil Works,No,No,NA ,05-Jan-2026 02:00 PM,08-Jan-2026 12:00 PM ,180.0,No ,No,Online,21-Jan-2026 02:00 PM,Public Works Roads Department,Barchalla,784110.0,2.0,"15,93,000",MS AGNIGARH,"1,592,755",Accepted-AOC,27-Feb-2026,Public Works Roads Department
2026_WPTBC_50606_1,scdc/tech/ac/2025-26/2,Construction of Additional Classroom at Chelek Janajati High School,Construction of Additional Classroom at Chelek Janajati High School,Works,Open Tender,Item Rate,Civil Works,No,No,NA ,29-Jan-2026 02:00 PM,NA ,180.0,No ,No,Online,04-Feb-2026 03:00 PM,Welfare of Plain Tribes and Backward Classes||Directorate of Welfare of Scheduled Caste||Assam State Development Corporation for SC,Majuli,781006.0,2.0,"25,00,000",Pradip Patir,"2,500,000",Accepted-AOC,19-Feb-2026,Welfare of Plain Tribes and Backward Classes||Directorate of Welfare of Scheduled Caste||Assam State Development Corporation for SC
2025_PWD_47677_1,CE/DEV/TB/116/2025-26/12 Dtd- 02.09.2025,ASOM_MALA_3.0_25_26_22 Improvement and Upgradation of Road from Jorabat (Amsang) to Digaru from Ch. 0.000 km (Narengi Army Cant.) to Ch. 18.248 km (Digaru) under Asom Mala 3.0 for the year 2025-26.,ASOM_MALA_3.0_25_26_22 Improvement and Upgradation of Road from Jorabat (Amsang) to Digaru from Ch. 0.000 km (Narengi Army Cant.) to Ch. 18.248 km (Digaru) under Asom Mala 3.0 for the year 2025-26.,Works,Open Tender,Item Rate,Civil Works – Roads,No,No,NA ,24-Sep-2025 06:00 PM,26-Sep-2025 12:30 PM ,180.0,No ,No,Online,13-Oct-2025 02:30 PM,Public Works Roads Department,Kamrup Metro,781001.0,2.0,"89,35,00,000",SARAIGHAT ENGINEERS,"714,531,149",Not Admitted-Fee/PreQual/Technical,25-Feb-2026,Public Works Roads Department
2025_WPTBC_49470_1,PTDC/Engg/2024-25/383 - ( E ),"Construction of ITI Boys Girls Hostel including furnitures for 10 Nos under Article 275(1) of the Constitution of India during the year 2024-25 (ITI, Dudhnoi, Goalpara)","Construction of ITI Boys Girls Hostel including furnitures for 10 Nos under Article 275(1) of the Constitution of India during the year 2024-25 (ITI, Dudhnoi, Goalpara)",Works,Open Tender,Item Rate,Civil Works,No,No,NA ,18-Dec-2025 05:30 PM,20-Dec-2025 11:00 AM ,180.0,No ,No,Online,29-Dec-2025 03:00 PM,Welfare of Plain Tribes and Backward Classes||Director - WPT and BC||Assam Plains Tribes Development Corporation Ltd.,"Dudhnoi, Goalpara",783124.0,2.0,"2,00,00,000",MANJITA RABHA,"19,998,561.78",Accepted-AOC,05-Feb-2026,Welfare of Plain Tribes and Backward Classes||Director - WPT and BC||Assam Plains Tribes Development Corporation Ltd.
2026_PWD_49879_1,BDTRD/SOPD-G/GWC/25-26/08,Construction of road from Borgaon Chapari Harimandir to Barikachari L.P. School under SOPD-G for the year 2025-26 Barchalla LAC,Construction of road from Borgaon Chapari Harimandir to Barikachari L.P. School under SOPD-G for the year 2025-26 Barchalla LAC,Works,Open Tender,Item Rate,Civil Works,No,No,NA ,05-Jan-2026 02:00 PM,08-Jan-2026 12:00 PM ,180.0,No ,No,Online,21-Jan-2026 02:00 PM,Public Works Roads Department,Barchalla,784110.0,2.0,"23,97,000",CHANDRA KUMAR SUBBA,"2,395,618",Accepted-AOC,21-Feb-2026,Public Works Roads Department
2025_FESA_45432_1,eCF No. 508327/12 Date 08.07.2025,"Construction of vertical extension of Sub Officer hostel (Assam type) at RTC, Sila, North Guwahati.","Construction of vertical extension of Sub Officer hostel (Assam type) at RTC, Sila, North Guwahati.",Works,Open Tender,Item Rate,Civil Works - Building,No,No,NA ,08-Jul-2025 05:00 PM,15-Jul-2025 03:30 PM ,180.0,No ,No,Online,29-Jul-2025 05:00 PM,Director- Fire and Emergency Services-Assam,Sila at North Guwahati,781030.0,2.0,"63,67,051",M/S DARSHAN,"4,934,760.53",Rejected-Finance,27-Feb-2026,Director- Fire and Emergency Services-Assam
2025_PWD_49114_14,SKTRD/Tech/117/2025-26,SKTRD/SOPD-G/25-26/38,SKTRD/SOPD-G/25-26/38_Improvement of Kismat Kathami Madhya Suba Tiniali to Jaokata Road under SOPD(G) for the year 2025-26.,Works,Open Tender,Item Rate,Civil Works – Roads,No,No,NA ,09-Dec-2025 02:00 PM,15-Dec-2025 12:00 PM ,180.0,No ,No,Online,29-Dec-2025 02:30 PM,Public Works Roads Department,Kamrup Rural,781125.0,2.0,"12,68,000",MANTU KALITA,"1,268,000",Not Admitted-Finance,23-Feb-2026,Public Works Roads Department
2025_PWD_45827_9,CE/MAINT/SOPDG/01/2025-26/02,MAINT/SOPD-G/2025-26/19,MAINT/SOPD-G/2025-26/19_Construction of 1_Drain from Sri Badal Lahiris House to towards NH_17 at Ward No. 5 and 2_Improvement of Road from Lt. Narayan Sahas to Ranjit Nagar Block Road near house of Nanka Rabidas at Ward No. 12 and 13 under Mukhya Ma,Works,Open Tender,Item Rate,Civil Works – Roads,No,No,NA ,22-Jul-2025 12:00 PM,24-Jul-2025 12:00 PM ,180.0,No ,No,Online,14-Aug-2025 11:00 AM,Public Works Roads Department,Dhubri,783301.0,2.0,"1,08,70,000",Assam Agencies,"10,870,000",Accepted-AOC,02-Feb-2026,Public Works Roads Department
2025_PWD_45926_96,CE/DEV/TB/60/2025-26/06 Dtd- 14.07.2025,"MMPPNA_RIDF_XXXI_25_26_285 Construction of Road from (i) Katha Gaon Laxmi Narayan Mandir Tiniali to Pakha Gaon, (ii) Nonglai Mulang under Mukhya Mantrir Paki Path Nirman Achani (MMPPNA) under RIDF-XXXI for the year of 2025-26.","MMPPNA_RIDF_XXXI_25_26_285 Construction of Road from (i) Katha Gaon Laxmi Narayan Mandir Tiniali to Pakha Gaon, (ii) Nonglai Mulang under Mukhya Mantrir Paki Path Nirman Achani (MMPPNA) under RIDF-XXXI for the year of 2025-26.",Works,Open Tender,Item Rate,Civil Works – Roads,No,No,NA ,30-Jul-2025 06:00 PM,04-Aug-2025 12:00 PM ,180.0,No ,No,Online,14-Aug-2025 02:30 PM,Public Works Roads Department,Margherita,786181.0,2.0,"2,98,17,000",NURUL AMIN,"29,817,000",Rejected-Finance,20-Feb-2026,Public Works Roads Department
2025_PWD_45408_84,CE/DEV/TB/60/2025-26/01 Dtd- 21.06.2025,"MMPPNA_RIDF_XXXI_25_26_27 Construction of (i) Merelipather to MES Tiniali connecting road from Ch. 0.00Km to Ch. 1.25 Km (Total Length - 1.25 km), (ii) Sealkati T.E. Road to Rangamati Hospital Road from Ch. 0.00Km to Ch. 1.08Km (Total Length - 1.087k","MMPPNA_RIDF_XXXI_25_26_27 Construction of (i) Merelipather to MES Tiniali connecting road from Ch. 0.00Km to Ch. 1.25 Km (Total Length - 1.25 km), (ii) Sealkati T.E. Road to Rangamati Hospital Road from Ch. 0.00Km to Ch. 1.08Km (Total Length - 1.087k",Works,Open Tender,Item Rate,Civil Works – Roads,No,No,NA ,11-Jul-2025 03:00 PM,17-Jul-2025 12:00 PM ,180.0,No ,No,Online,28-Jul-2025 02:30 PM,Public Works Roads Department,Chabua-Lahowal,786010.0,2.0,"3,41,60,000",Ujjal Baruah,"34,159,000",Rejected-Finance,24-Feb-2026,Public Works Roads Department
2025_PWD_48131_2,G/176/2025-26/210,Construction of Road from Bihpuria Badati Road to Changini Satra from Ch . 0.00m to Ch . 600.00m L 0.600 KM under Mukhya Mantrir Pakipath Nirman Aachani SOPD G for the year 2025-26 in Bihpuria LAC,Construction of Road from Bihpuria Badati Road to Changini Satra from Ch.0.00m to Ch.600.00m under Mukhya Mantrir Pakipath Nirman Aachani SOPD G for the year 2025 26 in Bihpuria LAC,Works,Open Tender,Item Rate,Civil Works,No,No,NA ,17-Oct-2025 04:55 PM,NA ,180.0,No ,No,Online,07-Nov-2025 10:00 AM,Public Works Roads Department,Bihpuria,784161.0,2.0,"42,49,818",Tokeswar Doley,"4,249,690",Rejected-AOC,13-Feb-2026,Public Works Roads Department
2025_PWD_45926_82,CE/DEV/TB/60/2025-26/06 Dtd- 14.07.2025,MMPPNA_RIDF_XXXI_25_26_235 Construction of (1) Pabhojan Hilikha Line road (2) road from Church Line Susanbari to 10 No. Hansara L.P.School road (3) road from Talap Bagan Gaon Bridge to 2 No. Talap Bagan Gaon L.P School Road (4) road from Bishnupur Ka,MMPPNA_RIDF_XXXI_25_26_235 Construction of (1) Pabhojan Hilikha Line road (2) road from Church Line Susanbari to 10 No. Hansara L.P.School road (3) road from Talap Bagan Gaon Bridge to 2 No. Talap Bagan Gaon L.P School Road (4) road from Bishnupur Ka,Works,Open Tender,Item Rate,Civil Works – Roads,No,No,NA ,30-Jul-2025 06:00 PM,04-Aug-2025 12:00 PM ,180.0,No ,No,Online,14-Aug-2025 02:30 PM,Public Works Roads Department,Doomdooma,786151.0,2.0,"4,40,02,000",A.K. INFRA,"44,001,500",Accepted-AOC,19-Feb-2026,Public Works Roads Department
2025_ID_48804_1,BSPD/T/32/2025/1669,"Installation of 5 (Five) nos. Solar Powered Shallow Tube Well Scheme under Bhawanipur-Sorbhog LAC at village Siyalmari, Dhemchar Pathar, Dakshin Ganakgari and Kismat Dwarika under SOPD-G for the Year 2025-26",Please refer tender documents,Works,Open Tender,Item Wise,Civil Works,No,No,NA ,21-Nov-2025 01:00 PM,01-Dec-2025 02:00 PM ,180.0,No ,No,Online,12-Dec-2025 02:00 PM,Irrigation Department||Chief Engineer(Major)-Irrigation Dept||Barpeta Circle||Sorbhog Jania Division,BHAWANIPUR-SORBHOG,781317.0,2.0,"33,40,129",Subodh Das,"1,202,446",Accepted-AOC,22-Jan-2026,Irrigation Department||Chief Engineer(Major)-Irrigation Dept||Barpeta Circle||Sorbhog Jania Division
2025_PWD_46259_3,CE/DEV/TB/99/2025-26/03 Dtd- 29.07.2025,"SOPD_G_25_26_31 Construction of road Cum Embankment of Janji Left Bank from Ajarguri to Janjimukh(length,L-6.60 Km, Ch.18000.00M to Ch.24600.0M) under SOPD-G for the Year 2025-26.","SOPD_G_25_26_31 Construction of road Cum Embankment of Janji Left Bank from Ajarguri to Janjimukh(length,L-6.60 Km, Ch.18000.00M to Ch.24600.0M) under SOPD-G for the Year 2025-26.",Works,Open Tender,Item Rate,Civil Works – Roads,No,No,NA ,09-Aug-2025 01:00 PM,11-Aug-2025 12:00 PM ,180.0,No ,No,Online,22-Aug-2025 02:30 PM,Public Works Roads Department,Jorhat,785001.0,2.0,"12,18,34,000",Sri Subhasish Das,"121,830,000",Rejected-Finance,03-Feb-2026,Public Works Roads Department
2025_FD_44813_1,AFH 388(L)/PMMSY/2025-26/443,SUPPLY OF FISH SEED GREATER THAN 5 INCH UNDER PMMSY GROUP A,SUPPLY OF FISH SEED GREATER THAN 5 INCH UNDER PMMSY GROUP A,Goods,Open Tender,Supply,Miscellaneous Goods,No,No,NA ,10-Jun-2025 10:00 AM,NA ,180.0,No ,No,Online,18-Jun-2025 02:00 PM,Department of Fisheries||Directorate of Fisheries Assam||DDF SAZ Silchar||DFDO Hailakandi,O/O DFDO HAILAKANDI,788151.0,2.0,"17,04,000",ANAMUR RAHMAN LASKAR,"1,533,600",Accepted-AOC,12-Feb-2026,Department of Fisheries||Directorate of Fisheries Assam||DDF SAZ Silchar||DFDO Hailakandi
2025_PWD_47024_2,CE/Commn/16/2025-26/20,Naharkatia/MMPNA/07,Improvement/Reconstruction of Khatua Amguri Gaon Road under Mukhya Mantrir Path Nabikaran Achani (MMPNA) under SOPD-G for the year 2025-26,Works,Open Tender,Item Rate,Civil Works – Roads,No,No,NA ,27-Aug-2025 06:00 PM,11-Sep-2025 04:00 PM ,180.0,No ,No,Online,15-Sep-2025 02:30 PM,Public Works Roads Department,Naharkatia,786610.0,2.0,"62,50,000",Deoki Nandan Garodia,"6,249,988.3",Accepted-AOC,16-Feb-2026,Public Works Roads Department
2025_PCCF_48636_1,FNST/CAMPA/ Online/2025-26/02,Erection of chain linked Fencing at 100 Ha. AR plantation Site.,"Erection of Chain linked Fencing with 3-strand barbed wire to be fitted on pre cast RCC Post at 100 Ha. AR Plantation, Deka basti in Lumding RF under Lanka Range, Lanka.",Works,Open Tender,Turn-key,Agricultural or Forestry,No,No,NA ,15-Nov-2025 09:00 AM,17-Nov-2025 01:30 PM ,180.0,No ,No,Online,16-Dec-2025 02:30 PM,"Pr. Chief Conservator of Forest and Head of Forest Force||Chief Conservator of Forests (Upper Assam Zone)||Northern Assam Circle, Tezpur||Nagaon South Division",Deka Basti in Lumding Range.,782446.0,2.0,"93,44,786",Anurag Baishya-Bright Engineers JV,"8,410,307.4",Rejected-Technical,24-Feb-2026,"Pr. Chief Conservator of Forest and Head of Forest Force||Chief Conservator of Forests (Upper Assam Zone)||Northern Assam Circle, Tezpur||Nagaon South Division"
2025_PWBNH_49606_1,SE/BII/VLKSS_NG,Construction of Site Development and Hostel Building of Vandaniya Laxmibai Kelkark Smarak Samiti at North Guwahati,Construction of Site Development and Hostel Building of Vandaniya Laxmibai Kelkark Smarak Samiti at North Guwahati,Works,Open Tender,Item Wise,Civil Works - Building,No,No,NA ,26-Dec-2025 12:00 PM,31-Dec-2025 12:00 PM ,180.0,No ,No,Online,20-Jan-2026 11:30 AM,Public Works Building and NH Department||Chief Engineer-Building - PWBNH||SE-Guwahati Circle-2 - PWBNH,Vandaniya Laxmibai Kelkark Smarak Samiti North Ghy,781030.0,2.0,"1,88,08,109",Parag Kalita,"19,998,662",Accepted-AOC,03-Feb-2026,Public Works Building and NH Department||Chief Engineer-Building - PWBNH||SE-Guwahati Circle-2 - PWBNH
2025_PWD_49682_13,CE/DEV/TB/60/2025-26/62 Dtd- 23.12.2025,MMPPNA_RIDF_XXXI_25_26_486 Improvement of Road from (1) Bhereki Kachamari PMGSY Road to Borlung High School with RCC Box Culvert (2) Khanamukh Namsai to Phulbari H. S. School Road via Gumpha temple under Mukhya Mantrir Paki Path Nirman Achani (MMPPNA,MMPPNA_RIDF_XXXI_25_26_486 Improvement of Road from (1) Bhereki Kachamari PMGSY Road to Borlung High School with RCC Box Culvert (2) Khanamukh Namsai to Phulbari H. S. School Road via Gumpha temple under Mukhya Mantrir Paki Path Nirman Achani (MMPPNA,Works,Open Tender,Item Rate,Civil Works – Roads,No,No,NA ,27-Dec-2025 09:00 AM,29-Dec-2025 02:30 PM ,180.0,No ,No,Online,05-Jan-2026 02:30 PM,Public Works Roads Department,Sissiborgaon,787110.0,2.0,"2,33,26,000",Ranu Gogoi,"23,326,000",Accepted-AOC,23-Feb-2026,Public Works Roads Department
2025_PWD_49573_52,CE/Commn/192/PDNA/2025-26/02,PDNA/Cachar/02,Recovery and Reconstruction of Karatigram Madhuramukh Road from ch. 2400.00m to ch. 3200.00 m 1st 2nd km under NDRF(PDNA-2022) for the year 2025-26,Works,Open Tender,Item Rate,Civil Works – Roads,No,No,NA ,24-Dec-2025 01:30 PM,26-Dec-2025 04:00 PM ,180.0,No ,No,Online,05-Jan-2026 02:30 PM,Public Works Roads Department,Cachar,788001.0,2.0,"1,49,39,100",NURUL ISLAM LASKAR,"14,938,900",Accepted-AOC,27-Feb-2026,Public Works Roads Department
2025_PWD_49682_1,CE/DEV/TB/60/2025-26/62 Dtd- 23.12.2025,"MMPPNA_RIDF_XXXI_25_26_70 Construction of Road from (1) Jonai Bazar to Tinmileghat (Jonai Bazar Daily Market), (2) NH-52 to Kathalguri via Rukhmini (Gali Bazar to Gali Bordandi) Road from Ch 2100.00m to Ch 3900.00m, (3) Kemi to Kemingaon via Kemi LP","MMPPNA_RIDF_XXXI_25_26_70 Construction of Road from (1) Jonai Bazar to Tinmileghat (Jonai Bazar Daily Market), (2) NH-52 to Kathalguri via Rukhmini (Gali Bazar to Gali Bordandi) Road from Ch 2100.00m to Ch 3900.00m, (3) Kemi to Kemingaon via Kemi LP",Works,Open Tender,Item Rate,Civil Works – Roads,No,No,NA ,27-Dec-2025 09:00 AM,29-Dec-2025 02:30 PM ,180.0,No ,No,Online,05-Jan-2026 02:30 PM,Public Works Roads Department,Jonai,787060.0,2.0,"3,19,56,000",Anuj Kumar Medok,"31,955,000",Accepted-AOC,27-Feb-2026,Public Works Roads Department
2026_BTC_50036_1,No.29/ACE/PWD/BTC/2025-26/05,"Providing with Installation of Integrated Solar Energy Drinking Water Project at the rate of Rs.13,21,251.00 x 30 Nos. under SOPD Grant No.79. Model-B in various Districts of BTC, Assam. TN_92_01","Providing with Installation of Integrated Solar Energy Drinking Water Project at the rate of Rs.13,21,251.00 x 30 Nos. under SOPD Grant No.79. Model-B in various Districts of BTC, Assam. TN_92_01",Works,Open Tender,Item Rate,Civil Works - Building,No,No,NA ,07-Jan-2026 02:00 PM,NA ,180.0,No ,No,Online,20-Jan-2026 02:00 PM,Bodoland Territorial Council-PWD||Director Cum CHD - PWD BTC,Kokrajhar,783370.0,2.0,"3,96,21,525",M/S J.K ENTERPRISE,"39,621,260.3",Rejected-Technical,27-Feb-2026,Bodoland Territorial Council-PWD||Director Cum CHD - PWD BTC
2025_BTC_49150_1,ACE-25/PWD/IFB/BTC/2025-26/17,Improvement and upgradation of Mahamaya Parbatjhora Road start from Ch. 0 plus 000 km (Bogribari) to Ch. 15 plus 200 km (Tipkai) and Mahamaya Temple Road (Length 0.710 Km) under Asom Mala 3.0 for the year 2025-26 (Overall Length 15.910 Km) under Asom,Improvement and upgradation of Mahamaya Parbatjhora Road start from Ch. 0 plus 000 km (Bogribari) to Ch. 15 plus 200 km (Tipkai) and Mahamaya Temple Road (Length 0.710 Km) under Asom Mala 3.0 for the year 2025-26 (Overall Length 15.910 Km) under Asom,Works,Open Tender,Item Rate,Civil Works – Roads,No,No,NA ,10-Dec-2025 10:00 AM,15-Dec-2025 12:00 PM ,180.0,No ,No,Online,22-Dec-2025 03:00 PM,Bodoland Territorial Council-PWD||Director Cum CHD - PWD BTC,Kokrajhar,783370.0,2.0,"53,64,48,000",Manoj Kumar Machahary,"536,440,000",Rejected-AOC,19-Feb-2026,Bodoland Territorial Council-PWD||Director Cum CHD - PWD BTC
2025_SEED_45958_1,RFP NO 3705/2025/Tinsukia,Tinsukia PLSDTP,Tinsukia PLSDTP,Services,Open Tender,EOI,Miscellaneous Services,No,No,NA ,28-Jul-2025 05:00 PM,NA ,180.0,No ,No,Online,20-Aug-2025 01:00 PM,Skill Employment and Entrepreneurship Department||Assam Skill Development Mission,Assam Skill Development Mission,781035.0,1.0,"8,65,200",Tinsukia Hindi Women Education Society,"850,200",Not Admitted-Fee/PreQual/Technical/Finance,03-Feb-2026,Skill Employment and Entrepreneurship Department||Assam Skill Development Mission
2025_PWD_47435_2,CE/DEV/TB/116/2025-26/03 Dtd- 11.08.2025,ASOM_MALA_3.0_25_26_06 Improvement and Upgradation of Road Deohal Tiniali to Madhabpur Tiniali via Tingrai Chariali LBT Road and Joipur Ali from Ch. 0.00 KM to Ch. 9.127 KM under ASOM MALA 3.0 for the year 2025-26.,ASOM_MALA_3.0_25_26_06 Improvement and Upgradation of Road Deohal Tiniali to Madhabpur Tiniali via Tingrai Chariali LBT Road and Joipur Ali from Ch. 0.00 KM to Ch. 9.127 KM under ASOM MALA 3.0 for the year 2025-26.,Works,Open Tender,Item Rate,Civil Works – Roads,No,No,NA ,16-Sep-2025 06:00 PM,17-Sep-2025 12:00 PM ,180.0,No ,No,Online,04-Oct-2025 02:30 PM,Public Works Roads Department,Dibrugarh,786001.0,2.0,"28,86,44,000",SANTOSH GARODIA,"288,644,000",Accepted-AOC,09-Feb-2026,Public Works Roads Department
2025_NHM_49708_15,NHM-Const-I/1373076/2025,"Construction of New PHC at Haleswar MPHC in Sonitpur District under XV-FC Health Grant under NHM, Assam","Construction of New PHC at Haleswar MPHC in Sonitpur District under XV-FC Health Grant under NHM, Assam",Works,Open Tender,Turn-key,Civil Works - Building,No,No,NA ,29-Dec-2025 06:00 PM,NA ,225.0,No ,No,Online,20-Jan-2026 03:30 PM,National Health Mission||State Programme Management Unit - NHM,Sonitpur,784001.0,2.0,"2,42,82,945",GREENWOOD,"24,282,900",Accepted-AOC,27-Feb-2026,National Health Mission||State Programme Management Unit - NHM
2025_HFWD_47965_1,SMEJ/JMCH/2633/22/PTI/23/4671 Date.10/10/2025,"OPERATION AND MAINTENANCE OF PAY AND USE TOILET AT JORHAT MEDICAL COLLEGE AND HOSPITAL, JORHAT","OPERATION AND MAINTENANCE OF PAY AND USE TOILET AT JORHAT MEDICAL COLLEGE AND HOSPITAL, JORHAT",Services,Open Tender,Supply,Miscellaneous Services,No,No,NA ,10-Oct-2025 05:45 PM,16-Oct-2025 01:00 PM ,365.0,No ,No,Online,31-Oct-2025 01:00 PM,Health and Family Welfare Department||Directorate of Medical Education-HFWD||Jorhat Medical College and Hospital-HFWD,"Jorhat Medical College and Hospital, Jorhat",785001.0,2.0,,RAJESH KUMAR,"2,707,200",Rejected-Finance,06-Dec-2025,Health and Family Welfare Department||Directorate of Medical Education-HFWD||Jorhat Medical College and Hospital-HFWD
2025_SEED_45965_1,ASDM-3695/2025/Sribhumi,Sribhumi PLSDTP,Sribhumi PLSDTP,Services,Open Tender,EOI,Miscellaneous Services,No,No,NA ,28-Jul-2025 05:00 PM,NA ,180.0,No ,No,Online,20-Aug-2025 01:00 PM,Skill Employment and Entrepreneurship Department||Assam Skill Development Mission,Assam Skill Development Mission,781035.0,1.0,"7,85,550",NRDS Management Private Limited,"770,550",Not Admitted-Fee/PreQual/Technical/Finance,04-Feb-2026,Skill Employment and Entrepreneurship Department||Assam Skill Development Mission
2025_PWD_45818_30,CE/Commn/16/2025-26/04,Nazira /SOPD/ 3,"Construction of Changmai Gaon to Turi Majhi from Ch. 0.00m to Ch.750.00m under SOPD-G PWRD, Nazira TRD for the year 2025-26 of Dist. Sivasagar.",Works,Open Tender,Item Rate,Civil Works – Roads,No,No,NA ,23-Jul-2025 06:00 PM,28-Jul-2025 04:00 PM ,180.0,No ,No,Online,11-Aug-2025 02:30 PM,Public Works Roads Department,Nazira,785684.0,2.0,"68,46,100",BIKRAMJIT DUTTA,"6,845,800",Accepted-AOC,28-Feb-2026,Public Works Roads Department
2026_PWD_49959_1,NKTRD/Tech/NIT/PDNA/25-26/3219,"Recovery and Re-construction of Road from Rangia Dhandhama Road to Gurkuchi Gariakoth, Telera Nakuchi under NDRF (PDNA-2022) for the year 2025-26","Recovery and Re-construction of Road from Rangia Dhandhama Road to Gurkuchi Gariakoth, Telera Nakuchi under NDRF (PDNA-2022) for the year 2025-26 Pkg no. NKTRD(R)/ NDRF(PDNA-2022)/2025-26/02",Works,Open Tender,Item Rate,Civil Works – Roads,No,No,NA ,06-Jan-2026 11:00 AM,06-Jan-2026 12:00 PM ,180.0,No ,No,Online,16-Jan-2026 01:00 PM,Public Works Roads Department,Rangia LAC,781354.0,2.0,"16,72,000",MD KHASNUR AHMED,"1,671,623",Accepted-AOC,20-Feb-2026,Public Works Roads Department
2025_DoWR_47489_2,NAGAON/2025-26/RIDF/I,"Construction of New Embankment from Jamunamukh PWD Bridge to Atigaon, Kopillikan to Premajan including Dowel Bund from Atigaon to Kopillikan, Premajan to Gosaigaon on the left bank of river Kopilli.","Construction of New Embankment from Jamunamukh PWD Bridge to Atigaon, Kopillikan to Premajan including Dowel Bund from Atigaon to Kopillikan, Premajan to Gosaigaon on the left bank of river Kopilli.",Works,Open Tender,Works,Civil Works,No,No,NA ,10-Oct-2025 06:55 PM,NA ,180.0,No ,No,Online,24-Oct-2025 03:00 PM,Department of Water Resources||Chief Engineer - DoWR,Nagaon,782001.0,2.0,"6,38,89,638",D KUMAR AND COMPANY,"63,877,902.13",Accepted-AOC,21-Feb-2026,Department of Water Resources||Chief Engineer - DoWR
2025_PHED_47893_1,PHEE/NL/2025-26/TC-04/11155-61,UTILITY SHIFTING OF PHUTABHOG PWSS UNDER SOPD FOR THE YEAR 2025-26 UNDER PHE NL DIVISION,UTILITY SHIFTING OF PHUTABHOG PWSS UNDER SOPD FOR THE YEAR 2025-26 UNDER PHE NL DIVISION,Works,Open Tender,Works,Civil Works - Others,No,No,NA ,08-Oct-2025 04:00 PM,13-Oct-2025 02:00 PM ,30.0,No ,No,Online,16-Oct-2025 04:00 PM,Public Health Engineering Department||Chief Engineer PHE(P)-Assam-PHED||North Assam Zone-Tezpur-PHED||North Lakhimpur Division,LAKHIMPUR,787001.0,2.0,"39,51,000",M/S M.M. ENTERPRISE,"3,951,000",Accepted-AOC,30-Jan-2026,Public Health Engineering Department||Chief Engineer PHE(P)-Assam-PHED||North Assam Zone-Tezpur-PHED||North Lakhimpur Division
2025_PWD_49668_19,CE/Commn/192/2025-26/9,PDNA/ Bongaigaon /06,Recovery and Reconstruction of (1) B.Ed. College approach Road (2) Bongaigaon College to Dolaigaon road (3) Bageswari Temple to Bakhrapara Pt-II Road (4) NH-3 (C ) Popragaon PMGSY road to Korebari at 1st K.M. (Erosion of embankment and culvert dama,Works,Open Tender,Item Rate,Civil Works – Roads,No,No,NA ,29-Dec-2025 06:40 PM,02-Jan-2026 04:00 PM ,180.0,No ,No,Online,08-Jan-2026 02:30 PM,Public Works Roads Department||CE PWD(R) - PWD||Traffic Engineering Cell - PWD,BONGAIGAON,783101.0,2.0,"49,85,000",Sri Bipul Choudhury,"4,985,000",Rejected-AOC,18-Feb-2026,Public Works Roads Department||CE PWD(R) - PWD||Traffic Engineering Cell - PWD
2025_GMDA_49632_1,GMDA/DEV/46/2025/Pt-I/118,"Rejuvenation and Bioremediation of Silsako Beel, Guwahati, Assam under PMKSY HKKP RRR Excavation of Silsako Beel Part 2A, 3A, 4A and 5A","Rejuvenation and Bioremediation of Silsako Beel, Guwahati, Assam under PMKSY HKKP RRR Excavation of Silsako Beel Part 2A, 3A, 4A and 5A",Works,Open Tender,Item Rate,Civil Works,No,No,NA ,24-Dec-2025 05:50 PM,02-Jan-2026 11:00 AM ,180.0,No ,No,Online,16-Jan-2026 03:00 PM,Guwahati Metropolitan Development Authority||Guwahati Development Department - GMDA,Guwahati,781005.0,2.0,"24,28,31,000",YSM Construction & Co.,"242,830,840",Rejected-AOC,13-Feb-2026,Guwahati Metropolitan Development Authority||Guwahati Development Department - GMDA
2025_PWD_49668_25,CE/Commn/192/2025-26/9,PDNA/ Biswanath/02,Recovery and Reconstruction of (1) Bodo High School to Majgaon Road ( 1ST Km fom NH-15(RR) under NDRF(PDNA-2022) for the year 2025-26.,Works,Open Tender,Item Rate,Civil Works – Roads,No,No,NA ,30-Dec-2025 06:40 PM,02-Jan-2026 04:00 PM ,180.0,No ,No,Online,08-Jan-2026 02:30 PM,Public Works Roads Department||CE PWD(R) - PWD||Traffic Engineering Cell - PWD,Biswanath,783101.0,2.0,"89,96,000",Bharat Borah,"8,994,889",Accepted-AOC,19-Feb-2026,Public Works Roads Department||CE PWD(R) - PWD||Traffic Engineering Cell - PWD
2025_PWD_45820_20,CE/STBR/SOPD-G/NIT/07/2025 26/1 Dated 26-06-2025,STBR/SOPD-G/Mangaldai -01/117 Reconstruction of road Mangaldai Bhutiachang Road (Ch 6200.00m to Ch 11600.00m) under Mukhya Mantrir Path Nabikaran Achani (MMPNA) under SOPD-G for the year 2025-26 under Mangaldai LAC,STBR/SOPD-G/Mangaldai -01/117 Reconstruction of road Mangaldai Bhutiachang Road (Ch 6200.00m to Ch 11600.00m) under Mukhya Mantrir Path Nabikaran Achani (MMPNA) under SOPD-G for the year 2025-26 under Mangaldai LAC,Works,Open Tender,Item Rate,Civil Works – Roads,No,No,NA ,22-Jul-2025 04:00 PM,30-Jul-2025 11:00 AM ,180.0,No ,No,Online,11-Aug-2025 11:00 AM,Public Works Roads Department,Mangaldai,784125.0,2.0,"3,26,17,000",RAJENDRA CHAUDHURY,"32,616,845",Accepted-AOC,18-Feb-2026,Public Works Roads Department
2025_PWD_47172_13,CE/STBR/SOPD G/NIT/07/2025-26/16 Dated 18-08-2025,"STBR/SOPD-G/ Patharkandi-01/13 Construction of - (i) Road from Kasergaon PWD road to Seorala Nath para via Dr. Monmoth Nath house, (ii)NH-08 at Patharkandi to Ramkrishna Mission, (iii) Road from Bazarghat-Basantapur PWD road to Bazarghat Middle Schoo","STBR/SOPD-G/ Patharkandi-01/13 Construction of - (i) Road from Kasergaon PWD road to Seorala Nath para via Dr. Monmoth Nath house, (ii)NH-08 at Patharkandi to Ramkrishna Mission, (iii) Road from Bazarghat-Basantapur PWD road to Bazarghat Middle Schoo",Works,Open Tender,Item Rate,Civil Works – Roads,No,No,NA ,03-Sep-2025 09:00 AM,08-Sep-2025 11:00 AM ,180.0,No ,No,Online,26-Sep-2025 11:00 AM,Public Works Roads Department,Patharkandi,788724.0,2.0,"2,99,76,000",DEBASISH BHOWMIK,"29,976,000",Rejected-AOC,13-Feb-2026,Public Works Roads Department
2025_PWD_45820_35,CE/STBR/SOPD-G/NIT/07/2025 26/1 Dated 26-06-2025,STBR/SOPD-G/Jalukbari-38/77 Constrution of Agsia Smasan Road under SOPD-G for the year 2025-26,STBR/SOPD-G/Jalukbari-38/77 Constrution of Agsia Smasan Road under SOPD-G for the year 2025-26,Works,Open Tender,Item Rate,Civil Works – Roads,No,No,NA ,23-Jul-2025 12:00 PM,30-Jul-2025 11:00 AM ,180.0,No ,No,Online,19-Aug-2025 11:00 AM,Public Works Roads Department,Jalukbari,781013.0,2.0,"16,20,000",BHADRESWAR DAIMARY,"1,619,979",Rejected-AOC,18-Feb-2026,Public Works Roads Department
2024_PWD_39309_3,CE/STBR/RIDF-XXX/NIT/28/2024 25/8 Dated 23-09-2024,STBR/RIDF-XXX/Mariani/01 Improvement of Chintamoni Garh to Mukaloni Embankment under Mukhya Mantrir Unnata Pakipath Nirman Achani under RIDF-XXX of NABARD for the year 2024-25 of Jorhat Dist (Mariani LAC) under Teok and Mariani Territorial Road Div,STBR/RIDF-XXX/Mariani/01 Improvement of Chintamoni Garh to Mukaloni Embankment under Mukhya Mantrir Unnata Pakipath Nirman Achani under RIDF-XXX of NABARD for the year 2024-25 of Jorhat Dist (Mariani LAC) under Teok and Mariani Territorial Road Div,Works,Open Tender,Item Rate,Civil Works – Roads,No,No,NA ,26-Sep-2024 01:00 PM,NA ,180.0,No ,No,Online,04-Oct-2024 11:00 AM,Public Works Roads Department,Mariani,785634.0,2.0,"5,35,94,100",M/S East India Construction,"53,594,100",Accepted-AOC,09-Feb-2026,Public Works Roads Department
2025_PWD_45820_21,CE/STBR/SOPD-G/NIT/07/2025 26/1 Dated 26-06-2025,STBR/SOPD-G/Mangaldai -02/118 Reconstruction of road from i) Gerimari Haragauri Ashram to District Industrial and Commercial Center Road ii) Baniapara to Bamunpara Connecting Road and MB Road to Tengabari iii) NH-15 to Gossaigaon including repair of,STBR/SOPD-G/Mangaldai -02/118 Reconstruction of road from i) Gerimari Haragauri Ashram to District Industrial and Commercial Center Road ii) Baniapara to Bamunpara Connecting Road and MB Road to Tengabari iii) NH-15 to Gossaigaon including repair of,Works,Open Tender,Item Rate,Civil Works – Roads,No,No,NA ,22-Jul-2025 04:00 PM,30-Jul-2025 11:00 AM ,180.0,No ,No,Online,11-Aug-2025 11:00 AM,Public Works Roads Department,Mangaldai,784125.0,2.0,"2,13,91,000",BHUBANESWAR BARUAH,"21,389,596",Accepted-AOC,03-Feb-2026,Public Works Roads Department
2025_BoTC_46126_1,DOE/SSA/Koj_Udl/New_Const /2025-26/02,"Construction of 4 Nos. of Additional Class Room G plus 1 and 1 Nos of Science Laboratory at Jalabila Higher Secondary School, Kokrajhar under Samagra shiksha","Construction of 4 Nos. of Additional Class Room G plus 1 and 1 Nos of Science Laboratory at Jalabila Higher Secondary School, Kokrajhar under Samagra shiksha",Works,Open Tender,Item Rate,Civil Works,No,No,NA ,04-Aug-2025 09:00 AM,NA ,180.0,No ,No,Online,20-Aug-2025 03:00 PM,Bodoland Territorial Council||Education-BTC,Jalabila,783347.0,2.0,"94,85,000",KRADHI MUSHAHARY,"9,483,949.97",Rejected-AOC,09-Feb-2026,Bodoland Territorial Council||Education-BTC
2025_PWD_46604_21,CE/STBR/SOPD-G/NIT/07/2025 26/8 Dated 29-07-2025,STBR/SOPD-G/Jagiroad-01/45 Construction of road from Janpar Masjid to railway line under MMPPNA under SOPD-G in Morigaon District for the year 2025-26,STBR/SOPD-G/Jagiroad-01/45 Construction of road from Janpar Masjid to railway line under MMPPNA under SOPD-G in Morigaon District for the year 2025-26,Works,Open Tender,Item Rate,Civil Works – Roads,No,No,NA ,18-Aug-2025 05:00 PM,20-Aug-2025 11:00 AM ,180.0,No ,No,Online,02-Sep-2025 11:00 AM,Public Works Roads Department,Morigaon,782105.0,2.0,"66,00,000",Sri Bitul Bordoloi,"6,599,000",Rejected-AOC,10-Feb-2026,Public Works Roads Department
2026_WPTBC_50097_1,PTDC/Engg/2024-25/463/19,Construction of Hostel at Colleges at 20 District of Assam,"Construction of Hostel at Colleges at 20 District of Assam at Rs. 100.00 Lakh for each Hostel under Article 275 (I) of the Constitution of India during the year 2025-26 (Rangapara College, Sonitpur).",Works,Open Tender,Works,Civil Works,No,No,NA ,08-Jan-2026 03:00 PM,12-Jan-2026 12:00 PM ,180.0,No ,No,Online,26-Jan-2026 03:00 PM,Welfare of Plain Tribes and Backward Classes||Director - WPT and BC,"Rangapara College, Sonitpur",784505.0,2.0,"1,00,00,000",PUTUL MILI,"9,999,500",Rejected-Technical,12-Feb-2026,Welfare of Plain Tribes and Backward Classes||Director - WPT and BC
2025_PWD_49668_18,CE/Commn/192/2025-26/9,PDNA/ Bongaigaon /07,Recovery and Reconstruction of Kashidoba kakoijana road (Erosion at 4th KM) under NDRF (PDNA-2022) for the year 2025-26,Works,Open Tender,Item Rate,Civil Works – Roads,No,No,NA ,26-Dec-2025 06:40 PM,02-Jan-2026 04:00 PM ,180.0,No ,No,Online,08-Jan-2026 02:30 PM,Public Works Roads Department||CE PWD(R) - PWD||Traffic Engineering Cell - PWD,BONGAIGAON,783101.0,2.0,"45,00,000",RABIN CHANDRA SARKAR,"4,500,000",Accepted-AOC,17-Feb-2026,Public Works Roads Department||CE PWD(R) - PWD||Traffic Engineering Cell - PWD
2025_PWHE_47100_1,IN-ASSAM PWD-510394-CW-RFB,Construction of Class Rooms under Assam School Education and Adolescent Well-Being Project (ASAP) under Biswanath DTBD for i. Chatrong Balijan ME School ii. Bir Lachit High School iii. Baghmara HS iv. Gameri HSS,Construction of Class Rooms under Assam School Education and Adolescent Well-Being Project (ASAP) under Biswanath DTBD for i. Chatrong Balijan ME School ii. Bir Lachit High School iii. Baghmara HS iv. Gameri HSS,Works,Open Tender,Item Rate,Civil Works - Building,No,No,NA ,29-Aug-2025 04:30 PM,15-Sep-2025 11:30 AM ,180.0,No ,No,Online,04-Oct-2025 05:00 PM,Public Works Health and Education Department-Externally Aided Project||Public Works Health and Education Department-WB,Biswanath,784176.0,2.0,"13,73,36,720",Manoj Kr Sarmah,"161,000,000",Accepted-AOC,23-Feb-2026,Public Works Health and Education Department-Externally Aided Project||Public Works Health and Education Department-WB
2025_PWD_47305_6,CE/Commn/16/202526/22(Re Bid),Duliajan/SOPD-G/03,Construction of road from 1 no Rongagorah to Podumoni Tiniali connecting road from Ch. 0.00m to Ch. 1150.00M under SOPD-G for the year 2025-26 in Dibrugarh Distrct (Duliajan LAC),Works,Open Tender,Item Wise,Civil Works – Roads,No,No,NA ,05-Sep-2025 06:00 PM,09-Sep-2025 04:00 PM ,180.0,No ,No,Online,15-Sep-2025 02:30 PM,Public Works Roads Department||CE PWD(R) - PWD||Traffic Engineering Cell - PWD,Duliajan,786602.0,2.0,"72,60,000",Bishnu Dehingia,"7,259,000",Accepted-AOC,04-Feb-2026,Public Works Roads Department||CE PWD(R) - PWD||Traffic Engineering Cell - PWD
2025_PWBNH_49425_2,CS_JGCNGTBD_E-23_ITIGuwahati,"Changing of Roofing Sheet of Academic, Administrative Building at ITI Guwahati (Right and Left Wing)","Changing of Roofing Sheet of Academic, Administrative Building at ITI Guwahati (Right and Left Wing)",Works,Open Tender,Item Wise,Civil Works - Building,No,No,NA ,31-Dec-2025 05:00 PM,NA ,180.0,No ,No,Online,03-Jan-2026 02:30 PM,Public Works Building and NH Department||Chief Engineer-Building - PWBNH,"Gopinath Nagar, Guwahati, Assam 781016",781016.0,2.0,"25,71,031",M/S GLASS N GLAZING,"2,569,019",Not Admitted-Finance,27-Feb-2026,Public Works Building and NH Department||Chief Engineer-Building - PWBNH
2025_HFWD_48578_2,SMEJ/JMCH/2552/21/PT3/25/5200 DATE. 07/11/2025,"SUPPLY OF RADIO DIAGNOSTICS AND INTERVENTIONAL ITEMS FOR JORHAT MEDICAL COLLEGE AND HOSPITAL, JORHAT ON RATE CONTRACT BASIS",SUPPLY OF RADIO DIAGNOSTICS AND INTERVENTIONAL ITEMS FOR JORHAT MEDICAL COLLEGE AND HOSPITAL JORHAT ON RATE CONTRACT BASIS,Goods,Open Tender,Supply,Consumables (Hospital / Lab),No,No,NA ,19-Nov-2025 02:30 PM,NA ,365.0,No ,No,Online,03-Dec-2025 01:00 PM,Health and Family Welfare Department||Directorate of Medical Education-HFWD||Jorhat Medical College and Hospital-HFWD,JORHAT MEDICAL COLLEGE,785001.0,2.0,,MEDICAL FILM SURGICAL,0.0,Accepted-AOC,13-Jan-2026,Health and Family Welfare Department||Directorate of Medical Education-HFWD||Jorhat Medical College and Hospital-HFWD
2025_PWD_45926_68,CE/DEV/TB/60/2025-26/06 Dtd- 14.07.2025,"MMPPNA_RIDF_XXXI_25_26_295 Construction of Road from (1) Ganeshguri Ghumatigaon PWD Road to Niz Kapahera High School, (2) Ahatguri Suburi to Salmarapam Nadi Ghat under Mukhya Mantrir Paki Path Nirman Achani (MMPPNA) under RIDF-XXXI of NABARD for the","MMPPNA_RIDF_XXXI_25_26_295 Construction of Road from (1) Ganeshguri Ghumatigaon PWD Road to Niz Kapahera High School, (2) Ahatguri Suburi to Salmarapam Nadi Ghat under Mukhya Mantrir Paki Path Nirman Achani (MMPPNA) under RIDF-XXXI of NABARD for the",Works,Open Tender,Item Rate,Civil Works – Roads,No,No,NA ,30-Jul-2025 09:00 AM,04-Aug-2025 12:00 PM ,180.0,No ,No,Online,14-Aug-2025 02:30 PM,Public Works Roads Department,Morigaon,782105.0,2.0,"2,02,70,000",PARTHA PRATIM KONWAR,"20,269,933",Rejected-Finance,11-Feb-2026,Public Works Roads Department
2025_PWD_48746_1,TB/282/DNTRD/2025-26,"Construction of road from Tamachuk to Barchapari High School, via Mahara Barchapari Gaon under SOPD (G) for the year 2025-26.","Construction of road from Tamachuk to Barchapari High School, via Mahara Barchapari Gaon under SOPD (G) for the year 2025-26.",Works,Open Tender,Works,Civil Works – Roads,No,No,NA ,21-Nov-2025 10:00 AM,22-Nov-2025 02:00 PM ,90.0,No ,No,Online,06-Dec-2025 04:00 PM,Public Works Roads Department,Dhakuakhana,787053.0,2.0,"19,50,000",Arun Kumar Pegu,"1,948,920",Accepted-AOC,13-Jan-2026,Public Works Roads Department
2025_PWD_45408_52,CE/DEV/TB/60/2025-26/01 Dtd- 21.06.2025,MMPPNA_RIDF_XXXI_25_26_47 Construction of Road from Ulani Krishi Samabai Samity Ltd. Connectiong Road under Mukhya Mantrir Paki Path Nirman Achani (MMPPNA) under RIDF-XXXI of NABARD for the year 2025-26.,MMPPNA_RIDF_XXXI_25_26_47 Construction of Road from Ulani Krishi Samabai Samity Ltd. Connectiong Road under Mukhya Mantrir Paki Path Nirman Achani (MMPPNA) under RIDF-XXXI of NABARD for the year 2025-26.,Works,Open Tender,Item Rate,Civil Works – Roads,No,No,NA ,10-Jul-2025 09:00 AM,17-Jul-2025 12:00 PM ,180.0,No ,No,Online,28-Jul-2025 02:30 PM,Public Works Roads Department,Dimoria,781150.0,2.0,"2,90,00,000",M/S TRINAV ENTERPRISE,"28,997,013.95",Rejected-Finance,09-Feb-2026,Public Works Roads Department
2025_PWD_49573_47,CE/Commn/192/PDNA/2025-26/02,PDNA/ Darrang/08,"Recovery and Reconstruction of Bheruadal to Behaigaon Connecting Road (Length 0.900 km) under NDRF(PDNA-2022) for the year 2025-26, Sipajhar LAC",Works,Open Tender,Item Rate,Civil Works – Roads,No,No,NA ,24-Dec-2025 12:00 PM,26-Dec-2025 04:00 PM ,180.0,No ,No,Online,05-Jan-2026 02:30 PM,Public Works Roads Department,Sipajhar,784145.0,2.0,"1,19,64,300",UNIQUE TRADERS,"11,960,000",Rejected-AOC,25-Feb-2026,Public Works Roads Department
2025_PWD_45926_40,CE/DEV/TB/60/2025-26/06 Dtd- 14.07.2025,MMPPNA_RIDF_XXXI_25_26_169 Construction of Road from New Dalhousie Chariali to 1 No. Rangpur Road connecting Gopalbasti L. P. School under Mukhya Mantrir Paki Path Nirman Achani (MMPPNA) under RIDF-XXXI of NABARD for the year 2025-26.,MMPPNA_RIDF_XXXI_25_26_169 Construction of Road from New Dalhousie Chariali to 1 No. Rangpur Road connecting Gopalbasti L. P. School under Mukhya Mantrir Paki Path Nirman Achani (MMPPNA) under RIDF-XXXI of NABARD for the year 2025-26.,Works,Open Tender,Item Rate,Civil Works – Roads,No,No,NA ,28-Jul-2025 12:00 PM,04-Aug-2025 12:00 PM ,180.0,No ,No,Online,14-Aug-2025 02:30 PM,Public Works Roads Department,Behali,784166.0,2.0,"2,23,58,000",SAILAJA COMMERCIAL CONSTRUCTION PVT LTD,"22,358,000",Rejected-Finance,09-Feb-2026,Public Works Roads Department
2025_PWD_45926_54,CE/DEV/TB/60/2025-26/06 Dtd- 14.07.2025,MMPPNA_RIDF_XXXI_25_26_208 Construction of RCC Bridge No 1/1 including Bridge Approaches on Joraigaon to Dakhin Nalbari Road under Mukhya Mantrir Paki Path Nirman Achani (MMPPNA) under RIDF-XXXI of NABARD for the year 2025-26.,MMPPNA_RIDF_XXXI_25_26_208 Construction of RCC Bridge No 1/1 including Bridge Approaches on Joraigaon to Dakhin Nalbari Road under Mukhya Mantrir Paki Path Nirman Achani (MMPPNA) under RIDF-XXXI of NABARD for the year 2025-26.,Works,Open Tender,Item Rate,Civil Works – Roads,No,No,NA ,28-Jul-2025 06:00 PM,04-Aug-2025 12:00 PM ,180.0,No ,No,Online,14-Aug-2025 02:30 PM,Public Works Roads Department,Dhemaji,787057.0,2.0,"4,01,81,000",Bhackta Mohan Hazarika,"40,180,000",Accepted-AOC,24-Feb-2026,Public Works Roads Department
2025_PWD_46616_1,NTRD/TECH/NIT/545/2025-26/1456 Date-11/08/2025,NTRD/SOPD-G/2025-26/01,Improvement of i) Approach Road to Khamun Abhoypuria Bridge ii)Road from Dhodar Ali to Khangia Gaon iii) Kachari Path iv)Kalia Pani Path v) Selseli Path under SOPD-G,Works,Open Tender,Item Rate,Civil Works – Roads,No,No,NA ,20-Aug-2025 02:00 PM,27-Aug-2025 01:00 PM ,180.0,No ,No,Online,05-Sep-2025 02:00 PM,Public Works Roads Department,NAZIRA LAC,785685.0,2.0,,APURBAJYOTI CHETUA,"2,251,507.49",Accepted-AOC,22-Jan-2026,Public Works Roads Department
2025_PWD_45408_46,CE/DEV/TB/60/2025-26/01 Dtd- 21.06.2025,"MMPPNA_RIDF_XXXI_25_26_115 Construction of Road from (1) Meteka to Jagial Tiniali (From Ch.3.271 Km to Ch.4.056 Km and Ch.5.156Km to Ch.5.680), (2) Nakhanda Bamunigokhai Than to Kissam, (3) Borkhola Singhgaon Tiniali to Tubuki Borduba Samshanghat via","MMPPNA_RIDF_XXXI_25_26_115 Construction of Road from (1) Meteka to Jagial Tiniali (From Ch.3.271 Km to Ch.4.056 Km and Ch.5.156Km to Ch.5.680), (2) Nakhanda Bamunigokhai Than to Kissam, (3) Borkhola Singhgaon Tiniali to Tubuki Borduba Samshanghat via",Works,Open Tender,Item Rate,Civil Works – Roads,No,No,NA ,09-Jul-2025 04:00 PM,17-Jul-2025 12:00 PM ,180.0,No ,No,Online,28-Jul-2025 02:30 PM,Public Works Roads Department,Raha,782103.0,2.0,"5,33,65,000",Sri Pradip Kumar Nath,"53,363,000",Rejected-Finance,07-Feb-2026,Public Works Roads Department
2025_PWD_49096_1,CE/DEV/TB/120/2025-26/33 Dtd- 01.12.2025,"SOPD_G_25_26_48 Construction of a Approach road leading to Industrial and Mining Area Umrangso (3 Kilo) Dima Hasao, under SOPD (G) for the year 2025-26","SOPD_G_25_26_48 Construction of a Approach road leading to Industrial and Mining Area Umrangso (3 Kilo) Dima Hasao, under SOPD (G) for the year 2025-26",Works,Open Tender,Item Rate,Civil Works – Roads,No,No,NA ,06-Dec-2025 05:30 PM,06-Dec-2025 06:00 PM ,180.0,No ,No,Online,16-Dec-2025 02:30 PM,Public Works Roads Department,Haflong,788819.0,2.0,"3,95,14,000",Rangkomon Warisa,"39,500,000",Rejected-Finance,24-Feb-2026,Public Works Roads Department
2024_IWT_38773_6,I/425921/2024,LEASING OUT OF IWT FERRY SERVICES UNDER IWT GHY DIVISION FOR BAGHBOR GOALPARA VIA MAINBARI TARAKANDI,LEASING OUT OF IWT FERRY SERVICES UNDER IWT GHY DIVISION FOR BAGHBOR GOALPARA VIA MAINBARI TARAKANDI FOR THE FINANCIAL PERIOD 2024-2026,Services,Open Tender,Item Wise,Miscellaneous Services,No,No,NA ,03-Sep-2024 05:00 PM,NA ,180.0,No ,No,Online,11-Sep-2024 03:00 PM,Inland Water Transport||I.W.T. Division Guwahati,GUWAHATI,781007.0,2.0,"4,18,000",AKBAR ALI,"531,000",Accepted-AOC,17-Feb-2025,Inland Water Transport||I.W.T. Division Guwahati
2025_PWD_46259_2,CE/DEV/TB/99/2025-26/03 Dtd- 29.07.2025,SOPD_G_25_26_30 Construction of road Cum Embankment of Janji Left Bank from Tamuliciga to Ajarguri (length-L-6.00KM -Ch.12000.00M to Ch.18000.0M) under SOPD-G for the Year 2025-26.,SOPD_G_25_26_30 Construction of road Cum Embankment of Janji Left Bank from Tamuliciga to Ajarguri (length-L-6.00KM -Ch.12000.00M to Ch.18000.0M) under SOPD-G for the Year 2025-26.,Works,Open Tender,Item Rate,Civil Works – Roads,No,No,NA ,09-Aug-2025 01:00 PM,11-Aug-2025 12:00 PM ,180.0,No ,No,Online,22-Aug-2025 02:30 PM,Public Works Roads Department,Jorhat,785001.0,2.0,"11,07,61,000",ADKING,"110,759,000",Accepted-AOC,03-Feb-2026,Public Works Roads Department
2025_PWD_45408_91,CE/DEV/TB/60/2025-26/01 Dtd- 21.06.2025,"MMPPNA_RIDF_XXXI_25_26_143 Construction of road from (1) Battari chowk to Bhoira at Haribhanga (Bhoira Haribhanga Piplibari LP School), (2) Haribhanga Bartari Chowk to Purni Barpit Road via Pub Barpit, (3) Piplibari Kali Mandir to Piplibari Chowk und","MMPPNA_RIDF_XXXI_25_26_143 Construction of road from (1) Battari chowk to Bhoira at Haribhanga (Bhoira Haribhanga Piplibari LP School), (2) Haribhanga Bartari Chowk to Purni Barpit Road via Pub Barpit, (3) Piplibari Kali Mandir to Piplibari Chowk und",Works,Open Tender,Item Rate,Civil Works – Roads,No,No,NA ,11-Jul-2025 04:00 PM,17-Jul-2025 12:00 PM ,180.0,No ,No,Online,28-Jul-2025 02:30 PM,Public Works Roads Department,Tihu,781371.0,2.0,"4,31,76,000",JYOTI PRASAD SARMA,"43,175,980",Accepted-AOC,17-Feb-2026,Public Works Roads Department
2025_PWD_48131_3,G/176/2025-26/210,Construction of Dhalpur Rajabari Road under SOPD G for the year 2025 26 Bihpuria LAC from Ch.0.00m to 750.00m,Construction of Dhalpur Rajabari Road under SOPD G for the year 2025 26 Bihpuria LAC from Ch.0.00m to 750.00m,Works,Open Tender,Item Rate,Civil Works,No,No,NA ,17-Oct-2025 05:30 PM,NA ,180.0,No ,No,Online,07-Nov-2025 10:00 AM,Public Works Roads Department,Bihpuria,784161.0,2.0,"49,93,983",Nitya Boruah,"4,993,979",Accepted-AOC,13-Feb-2026,Public Works Roads Department
2025_PWD_45014_1,SE/NRC/TB/NIT/12/2021-22/85,Protection of SH-17 (Raha Chaparmukh Kampur segment) by providing Disaster Mitigation measures under SDMF for the year 2023-24,Protection of SH-17 (Raha Chaparmukh Kampur segment) by providing Disaster Mitigation measures under SDMF for the year 2023-24,Works,Open Tender,Item Rate,Civil Works – Roads,No,No,NA ,20-Jun-2025 10:00 AM,NA ,180.0,No ,No,Online,14-Jul-2025 03:00 PM,Public Works Roads Department||CE PWD(R) - PWD,Raha,782103.0,2.0,"4,29,29,000",Ashok Kr Agarwala,"42,927,000",Accepted-AOC,26-Feb-2026,Public Works Roads Department||CE PWD(R) - PWD
2025_PWD_49114_15,SKTRD/Tech/117/2025-26,SKTRD/SOPD-G/25-26/39,SKTRD/SOPD-G/25-26/39_Improvement of Majgumi to Somberia Bazar Road under SOPD(G) for the year 2025-26,Works,Open Tender,Item Rate,Civil Works – Roads,No,No,NA ,09-Dec-2025 02:00 PM,15-Dec-2025 12:00 PM ,180.0,No ,No,Online,29-Dec-2025 02:30 PM,Public Works Roads Department,Kamrup Rural,781125.0,2.0,"11,40,000",MANTU KALITA,"1,140,000",Not Admitted-Finance,23-Feb-2026,Public Works Roads Department
2025_DHTS_43466_1,"NO.SDT.75/2022/16/3306, dt.12/03/2025",Supply of Water Lifting Devices to Eri Rearers of the project Development of Eri Silk Industry in Assam for Morigaon Nalbari Districts under Silk Samagra-2 for the year 2024 25,Supply of Water Lifting Devices to Eri Rearers of the project Development of Eri Silk Industry in Assam for Morigaon Nalbari Districts under Silk Samagra-2 for the year 2024 25,Goods,Open Tender,Supply,Machineries,No,No,NA ,13-Mar-2025 05:00 PM,NA ,360.0,No ,No,Online,04-Apr-2025 03:00 PM,Department of Handloom Textile and Sericulture||Directorate of Sericulture,Morigaon and Nalbari,782105.0,2.0,"27,00,000",DISHA ENTERPRISE,"2,619,000",Accepted-AOC,04-Feb-2026,Department of Handloom Textile and Sericulture||Directorate of Sericulture
2025_PWD_48232_1,KSTRD/SOPD(G)/63/2024-25/1894,Reconstruction of road from NH 37 A to Goroimari under SOPD-G for the year 2025-26,Reconstruction of road from NH 37 A to Goroimari under SOPD-G for the year 2025-26,Works,Open Tender,Item Rate,Civil Works – Roads,No,No,NA ,27-Oct-2025 10:00 AM,NA ,180.0,No ,No,Online,17-Nov-2025 03:00 PM,Public Works Roads Department,Kaliabor,782137.0,2.0,"30,75,000",Dildar Hussain,"3,074,800",Accepted-AOC,18-Feb-2026,Public Works Roads Department
2025_WPTBC_49299_1,SCDCBWSADIYA2,"Extension of Boundary Wall at Sadhani Samannay Khetra, Sadiya (Phase II)","Extension of Boundary Wall at Sadhani Samannay Khetra, Sadiya (Phase II)",Works,Open Tender,Item Rate,Civil Works,No,No,NA ,12-Dec-2025 03:50 PM,NA ,180.0,No ,No,Online,19-Dec-2025 03:00 PM,Welfare of Plain Tribes and Backward Classes||Directorate of Welfare of Scheduled Caste||Assam State Development Corporation for SC,"DISPUR, GHY-06",781006.0,2.0,"25,00,000",Sri Abon Borah,"2,500,000",Rejected-Technical,25-Feb-2026,Welfare of Plain Tribes and Backward Classes||Directorate of Welfare of Scheduled Caste||Assam State Development Corporation for SC
2025_DoWR_47490_2,NAGAON/2025-26/RIDF/II,"Construction of New Embankment from Niznarikoli to Bahakabari on the right bank of river Kopilli, Package 1.","Construction of New Embankment from Niznarikoli to Bahakabari on the right bank of river Kopilli, Package 1.",Works,Open Tender,Works,Civil Works,No,No,NA ,10-Oct-2025 06:55 PM,NA ,180.0,No ,No,Online,24-Oct-2025 03:00 PM,Department of Water Resources||Chief Engineer - DoWR,Nagaon,782001.0,2.0,"4,49,70,418",D KUMAR AND COMPANY,"44,958,178.2",Accepted-AOC,21-Feb-2026,Department of Water Resources||Chief Engineer - DoWR
2025_PWD_48400_3,CE/DEV/TB/120/2025-26/12 Dtd- 11.09.2025,"MMNPPNA_25_26_06 (1) Strengthening of Kazi Nazrul Sarani at Meherpur Ward No. 17 with RCC covered drain with slab, (2) Strengthening of Road with ICBP at MHC Lane, Meherpur Botortal opposite to Impulse Diagonestic Centre, (3) Strengthening of G.A. Ba","MMNPPNA_25_26_06 (1) Strengthening of Kazi Nazrul Sarani at Meherpur Ward No. 17 with RCC covered drain with slab, (2) Strengthening of Road with ICBP at MHC Lane, Meherpur Botortal opposite to Impulse Diagonestic Centre, (3) Strengthening of G.A. Ba",Works,Open Tender,Item Rate,Civil Works – Roads,No,No,NA ,03-Nov-2025 06:00 PM,04-Nov-2025 12:00 PM ,180.0,No ,No,Online,17-Nov-2025 02:30 PM,Public Works Roads Department,Silchar,788005.0,2.0,"2,91,39,000",AZAD HUSSAIN LASKAR,"29,138,900",Accepted-AOC,21-Feb-2026,Public Works Roads Department
2025_GMC_47288_3,GER/CE/2505/2025/6 Dated_01/09/2025,Construction of Toilet under Ward No.39,Construction of Toilet under Ward No.39,Works,Open Tender,Lump-sum,Civil Works,No,No,NA ,05-Sep-2025 01:30 PM,08-Sep-2025 12:00 PM ,120.0,No ,No,Online,07-Oct-2025 02:30 PM,Guwahati Municipal Corporation,Guwahati,781006.0,2.0,,DIPAK SARMA,"1,600,000",Accepted-AOC,25-Feb-2026,Guwahati Municipal Corporation
2026_PWD_49807_6,T/CC/ETN/SIL/2025-26/935(T),Recovery and reconstruction of Old Lakhipur Road (Udharbond Part) under NDRF(PDNA-2022) for the year 2025-26,"Recovery and reconstruction of Old Lakhipur Road (Udharbond Part) under NDRF(PDNA-2022) for the year 2025-26, P/No.SE/UDH/NDRF(PDNA-2022)/25-26/6",Works,Open Tender,Item Wise,Civil Works – Roads,No,No,NA ,02-Jan-2026 09:00 AM,08-Jan-2026 02:00 PM ,180.0,No ,No,Online,19-Jan-2026 03:10 PM,Public Works Roads Department,Cachar District.,788001.0,2.0,"49,99,825",ALTAF HUSSAIN CHOUDHURY,"4,999,000",Accepted-AOC,16-Feb-2026,Public Works Roads Department
2025_SEED_45981_1,ASDM-3678/2025/Barpeta,Barpeta PLSDTP,Barpeta PLSDTP,Services,Open Tender,EOI,Miscellaneous Services,No,No,NA ,28-Jul-2025 05:00 PM,NA ,180.0,No ,No,Online,20-Aug-2025 01:00 PM,Skill Employment and Entrepreneurship Department||Assam Skill Development Mission,Assam Skill Development Mission,781035.0,1.0,"7,30,400",NRDS Management Private Limited,"1,700,400",Not Admitted-Fee/PreQual/Technical/Finance,03-Feb-2026,Skill Employment and Entrepreneurship Department||Assam Skill Development Mission
2026_PWD_49905_1,BDTRD/SOPD-G/GWC/25-26/14,Construction of GWC road from Kawaimari Dhan Jua to Na Chuburi (from Ch. 00.00m to Ch. 450.00m) under SOPD-G for the year 2025-26 of District Sonitpur (Barchalla LAC),Construction of GWC road from Kawaimari Dhan Jua to Na Chuburi (from Ch. 00.00m to Ch. 450.00m) under SOPD-G for the year 2025-26 of District Sonitpur (Barchalla LAC),Works,Open Tender,Item Rate,Civil Works,No,No,NA ,05-Jan-2026 02:00 PM,08-Jan-2026 12:00 PM ,180.0,No ,No,Online,21-Jan-2026 02:00 PM,Public Works Roads Department,Barchalla,784110.0,2.0,"8,97,000",CHANDRA KUMAR SUBBA,"896,231",Accepted-AOC,21-Feb-2026,Public Works Roads Department
2025_PWRDW_44749_3,CE/EAP/ARRBP/01TENDERS2024/59,Construction of Bridge in Karbi-Anglong district i) Br. No. 1/1 on Patradisa to Hatipura Road,Pkg. No. CE/EAP/ARRBP/OCB/Bridge-1/Karbi-Anglong/15A Construction of Bridge in Karbi-Anglong district i) Br. No. 1/1 on Patradisa to Hatipura Road,Works,Open Tender,Item Rate,Civil Works - Bridges,No,No,NA ,06-Jun-2025 09:00 AM,13-Jun-2025 11:00 AM ,180.0,No ,No,Online,25-Jun-2025 02:30 PM,Public Works Roads Department-Externally Aided Project||Public Works Road Department- World Bank Funded Tenders||Assam State Bridge Infrastructure Program,Karbi-Anglong,782480.0,2.0,"3,98,78,000",Sri Jatan Saha,"41,871,500",Rejected-Finance,12-Feb-2026,Public Works Roads Department-Externally Aided Project||Public Works Road Department- World Bank Funded Tenders||Assam State Bridge Infrastructure Program
2025_PWD_48388_2,CE/DEV/TB/60/2025-26/52 Dtd- 31.10.2025,"MMPPNA_RIDF_XXXI_25_26_417 Improvement of road from (1) 1st Km of Agriculture college at Khutapara playground to Khutapara village road (Ch. 0.00 m to Ch. 1350.00 m), (2) Nityabazar to Airmari road (Ch. 500.00 m to Ch. 2000.00 m), (3) NH 17 at SFS sc","MMPPNA_RIDF_XXXI_25_26_417 Improvement of road from (1) 1st Km of Agriculture college at Khutapara playground to Khutapara village road (Ch. 0.00 m to Ch. 1350.00 m), (2) Nityabazar to Airmari road (Ch. 500.00 m to Ch. 2000.00 m), (3) NH 17 at SFS sc",Works,Open Tender,Item Rate,Civil Works – Roads,No,No,NA ,03-Nov-2025 02:00 PM,06-Nov-2025 02:30 PM ,180.0,No ,No,Online,17-Nov-2025 02:30 PM,Public Works Roads Department,Bilasipara,783348.0,2.0,"4,55,83,000",UNIQUE TRADERS,"45,580,000",Not Admitted-Fee/PreQual/Technical,04-Feb-2026,Public Works Roads Department
2024_NHM_40739_1,NHM-32026/5/2023/Const-NHM,Construction of District Drug Warehouse at Fekimari in South Salmara Mankachar district under NHM Assam,Construction of District Drug Warehouse at Fekimari in South Salmara Mankachar district under NHM Assam,Works,Open Tender,Turn-key,Civil Works - Building,No,No,NA ,30-Nov-2024 09:00 AM,NA ,180.0,No ,No,Online,20-Dec-2024 03:30 PM,National Health Mission||State Programme Management Unit - NHM,South Salmara Mankachar,783131.0,2.0,"8,23,31,626",Shri Jayanta Hazarika,"71,463,800",Rejected-Technical,24-Feb-2026,National Health Mission||State Programme Management Unit - NHM
2025_DoWR_46143_1,ACE (Mech)WR/G-17/2025/448,"Dredging work along 7.00 KM downstream stretch of the Kolong River from Jakhalabandha Stadium through manual cleaning, cutter suction dredger and chain-mounted excavators for the year 2025 26 (Phase-I)","Dredging work along 7.00 KM downstream stretch of the Kolong River from Jakhalabandha Stadium through manual cleaning, cutter suction dredger and chain-mounted excavators for the year 2025 26 (Phase-I)",Works,Open Tender,Works,Civil Works,No,No,NA ,05-Aug-2025 09:00 AM,NA ,180.0,No ,No,Online,13-Aug-2025 03:00 PM,Department of Water Resources||Chief Engineer - DoWR,NAGAON,782136.0,2.0,"1,22,26,615",PRAKASH ENTERPRISES,"8,229,600",Accepted-AOC,23-Feb-2026,Department of Water Resources||Chief Engineer - DoWR
2025_AAU_47879_1,AAU/CVSC/2025-26/6941-950,Purchase of Equipment,Purchase of Equipment,Goods,Open Tender,Supply,Laboratory and scientific equipment,No,No,NA ,09-Oct-2025 01:30 PM,NA ,180.0,No ,No,Online,29-Oct-2025 03:00 PM,Assam Agricultural University||College of Veterinary Science,"CVSC, AAU, Khanapara",781022.0,2.0,,NEOFAM INSTRUMENTS,"212,400",Not Admitted-Fee/PreQual/Technical,02-Feb-2026,Assam Agricultural University||College of Veterinary Science
2026_PWD_49864_1,BDTRD/SOPD-G/GWC/25-26/03,Construction of GWC road Tatsalbasti Missamari Village Road (from Ch. 00.00m to Ch. 700.00m) under SOPD-G for the year 2025-26 of District Sonitpur (Barchalla LAC),Construction of GWC road Tatsalbasti Missamari Village Road (from Ch. 00.00m to Ch. 700.00m) under SOPD-G for the year 2025-26 of District Sonitpur (Barchalla LAC),Works,Open Tender,Item Rate,Civil Works,No,No,NA ,05-Jan-2026 02:00 PM,08-Jan-2026 12:00 PM ,180.0,No ,No,Online,21-Jan-2026 02:00 PM,Public Works Roads Department,Barchalla,784110.0,2.0,"15,47,000",CHANDRA KUMAR SUBBA,"1,545,970",Accepted-AOC,21-Feb-2026,Public Works Roads Department
2026_PWD_49807_2,T/CC/ETN/SIL/2025-26/935(T),"Recovery and reconstruction of (1) Water Works Road, (2) Water Works Road to Bagadahar via Bethukandi, (3) 3rd. Link Road from Ch.0.00m to Ch.500.00m (In stretches) under NDRF(PDNA-2022) for the year 2025-26","Recovery and reconstruction of (1) Water Works Road, (2) Water Works Road to Bagadahar via Bethukandi, (3) 3rd. Link Road from Ch.0.00m to Ch.500.00m (In stretches) under NDRF(PDNA-2022) for the year 2025-26, P/No.SE/SIL/NDRF(PDNA-2022)/25-26/2",Works,Open Tender,Item Wise,Civil Works – Roads,No,No,NA ,02-Jan-2026 09:00 AM,08-Jan-2026 02:00 PM ,180.0,No ,No,Online,19-Jan-2026 03:10 PM,Public Works Roads Department,Cachar District.,788001.0,2.0,"65,01,331",OM TRADERS,"6,500,800",Accepted-AOC,19-Feb-2026,Public Works Roads Department
2025_GMC_47288_7,GER/CE/2505/2025/6 Dated_01/09/2025,Construction of Toilet under Ward No.28,Construction of Toilet under Ward No.28,Works,Open Tender,Lump-sum,Civil Works,No,No,NA ,05-Sep-2025 06:00 PM,08-Sep-2025 12:00 PM ,120.0,No ,No,Online,07-Oct-2025 02:30 PM,Guwahati Municipal Corporation,Guwahati,781006.0,2.0,,M/S CREATIVE POWER ENTERPRISE,"1,600,000",Rejected-AOC,23-Feb-2026,Guwahati Municipal Corporation
2025_PWD_49017_1,CE/DEV/TB/116/2025-26/73 Dtd- 29.11.2025,ASOM_MALA_3.0_25_26_69 Improvement and Upgradation of Road from Kulhati to Bongsor from Ch. 0.000 km (Kulhati Chowk) to Ch. 5.600km (Bongsor Belortal) under Asom Mala 3.0 for the year 2025-26.,ASOM_MALA_3.0_25_26_69 Improvement and Upgradation of Road from Kulhati to Bongsor from Ch. 0.000 km (Kulhati Chowk) to Ch. 5.600km (Bongsor Belortal) under Asom Mala 3.0 for the year 2025-26.,Works,Open Tender,Item Rate,Civil Works – Roads,No,No,NA ,03-Dec-2025 04:30 PM,08-Dec-2025 12:00 PM ,180.0,No ,No,Online,11-Dec-2025 02:30 PM,Public Works Roads Department,Hajo-Sualkuchi,781102.0,2.0,"35,42,95,000",ANIL DAS CONSTRUCTION PVT LTD,"354,295,000",Accepted-AOC,23-Feb-2026,Public Works Roads Department
2025_APHC_46989_1,APHC/CS/03/2025-26_ DrillShed_Panikhaiti,Construction of Drill Shed at Central Training Institute CD and HG Panikhaiti Guwahati Composite Work,Construction of Drill Shed at Central Training Institute CD and HG Panikhaiti Guwahati Composite Work,Works,Open Tender,Item Rate,Civil Works - Building,No,No,NA ,28-Aug-2025 02:00 PM,NA ,120.0,No ,No,Online,22-Sep-2025 02:30 PM,Assam Police Housing Corporation Ltd,"Panikhaiti, Guwahati",781026.0,2.0,"41,67,773",MR.BIKASH THAKURIA,"3,750,995.7",Accepted-AOC,03-Feb-2026,Assam Police Housing Corporation Ltd
2025_PWHE_47104_1,IN-ASSAM PWD-510397-CW-RFB,Construction of Class Rooms under Assam School Education and Adolescent Well-Being Project (ASAP) under Tinisukia DTBD for i. Janata HES ii. Bura Buri Sal MES iii. Pub Sadiya Janata MES iv. Baghjan Dighal Tarrang High School v. Santipur MES,Construction of Class Rooms under Assam School Education and Adolescent Well-Being Project (ASAP) under Tinisukia DTBD for i. Janata HES ii. Bura Buri Sal MES iii. Pub Sadiya Janata MES iv. Baghjan Dighal Tarrang High School v. Santipur MES,Works,Open Tender,Item Rate,Civil Works - Building,No,No,NA ,29-Aug-2025 04:30 PM,15-Sep-2025 11:30 AM ,180.0,No ,No,Online,04-Oct-2025 05:00 PM,Public Works Health and Education Department-Externally Aided Project||Public Works Health and Education Department-WB,Tinsukia,786125.0,2.0,"18,13,11,550",SHREE KRISHNA ENTERPRISE,"204,882,052",Rejected-AOC,21-Feb-2026,Public Works Health and Education Department-Externally Aided Project||Public Works Health and Education Department-WB
2025_PWHE_47141_1,IN-ASSAM PWD-510416-CW-RFB,"Construction of Class Rooms under Assam School Education and Adolescent Well-Being Project (ASAP) under Barpeta District Territorial Building Division, Barpeta for i. Hussainia ME School","Construction of Class Rooms under Assam School Education and Adolescent Well-Being Project (ASAP) under Barpeta District Territorial Building Division, Barpeta for i. Hussainia ME School",Works,Open Tender,Item Rate,Civil Works - Building,No,No,NA ,30-Aug-2025 04:30 PM,15-Sep-2025 11:30 AM ,180.0,No ,No,Online,07-Oct-2025 05:00 PM,Public Works Health and Education Department-Externally Aided Project||Public Works Health and Education Department-WB,Barpeta,781301.0,2.0,"3,76,52,150",DILIP MAZUMDAR,"40,965,539",Accepted-AOC,21-Feb-2026,Public Works Health and Education Department-Externally Aided Project||Public Works Health and Education Department-WB
2025_PWD_49114_11,SKTRD/Tech/117/2025-26,SKTRD/SOPD-G/25-26/35,SKTRD/SOPD-G/25-26/35_Improvement of Natun Kathami Road under SOPD (G) for the year 2025-26.,Works,Open Tender,Item Rate,Civil Works – Roads,No,No,NA ,09-Dec-2025 02:00 PM,15-Dec-2025 12:00 PM ,180.0,No ,No,Online,29-Dec-2025 02:30 PM,Public Works Roads Department,Kamrup Rural,781125.0,2.0,"29,49,000",M/S B.S. Associates,"2,948,325",Not Admitted-Finance,23-Feb-2026,Public Works Roads Department
2025_PWBNH_47938_1,CS/106/2025-26/7535,"Strengthening of the parking lot in front of the Honble Ministers Govt. Residential quarter No.M-2 at Ministers colony, Dispur, Guwahti-6 (Part-I).","Strengthening of the parking lot in front of the Honble Ministers Govt. Residential quarter No.M-2 at Ministers colony, Dispur, Guwahti-6 (Part-I).",Works,Open Tender,Item Rate,Civil Works - Building,No,No,NA ,10-Oct-2025 01:00 PM,13-Oct-2025 12:00 PM ,180.0,No ,No,Online,27-Oct-2025 03:00 PM,Public Works Building and NH Department||Chief Engineer-Building - PWBNH||SE-Guwahati Circle-1 - PWBNH||EE- PCC Division-Dispur - PWBNH,Dispur,781006.0,2.0,"49,44,142",M/S AK ENTERPRISE,"5,253,667",Accepted-AOC,13-Feb-2026,Public Works Building and NH Department||Chief Engineer-Building - PWBNH||SE-Guwahati Circle-1 - PWBNH||EE- PCC Division-Dispur - PWBNH
2025_PWD_45289_1,CE/CW/11/2025-26(PARKING),CE/CW/11/2025-26(Parking Shed),"Const of outside Parking Shed and Repairing of cattle bridge,installing concertina wires above boundary wall with saucer drain and cross-drainage work including traffic signage at State Guest House No1Koinadhora under SOPD-G for the year 2024-25",Works,Open Tender,Item Rate,Civil Works – Roads,No,No,NA ,02-Jul-2025 06:00 PM,NA ,180.0,No ,No,Online,14-Jul-2025 02:30 PM,Public Works Roads Department,Guwahati,781021.0,3.0,"1,98,14,000",M/S 4 Star Group,"19,802,303",Rejected-AOC,12-Feb-2026,Public Works Roads Department
2026_PWD_50328_1,SE/CSRC/NIT and DNIT/6B/3652,Improvement and Upgradation of road from patsaku to Pithaguti via Jajali Panchali (Charaideo Part) from Ch.0.11 km to Ch.29.710 Km under Asom Mala 2.00 for the year 2023-24 (Construction ot Executive Engineer Office Biulding (AT) Nazira,Improvement and Upgradation of road from patsaku to Pithaguti via Jajali Panchali (Charaideo Part) from Ch.0.11 km to Ch.29.710 Km under Asom Mala 2.00 for the year 2023-24 (Construction ot Executive Engineer Office Biulding (AT) Nazira,Works,Open Tender,Item Rate,Civil Works - Building,No,No,NA ,19-Jan-2026 11:00 AM,22-Jan-2026 12:00 PM ,180.0,No ,No,Online,10-Feb-2026 11:00 AM,Public Works Roads Department,Nazira,785685.0,2.0,"68,42,761",SANJIB SAIKIA,"7,184,900",Rejected-AOC,15-Feb-2026,Public Works Roads Department
2025_BTCWR_49067_1,ACEWR116/2023/1381dt18/11/2025,Anti erosion measures to protect at Santinagar WNo.1 Ram Mandir on its adjoining area of river Gaurang on LB in Kokrajhar district,Anti erosion measures to protect at Santinagar WNo.1 Ram Mandir on its adjoining area of river Gaurang on LB in Kokrajhar district,Works,Open Tender,Item Rate,Civil Works,No,No,NA ,05-Dec-2025 05:00 PM,NA ,180.0,No ,No,Online,26-Dec-2025 04:00 PM,Bodoland Territorial Council-WRD||Addl.CE cum CHD-Kokrajhar-WRD-BTC||EE-Kokrajhar WR Div-Kokrajhar-BTC,At Santi nagar W.No.1 near Ram Mandir,783370.0,2.0,"2,18,99,334",MADAN GOPLA AGARWALA,"21,896,516.63",Rejected-AOC,09-Feb-2026,Bodoland Territorial Council-WRD||Addl.CE cum CHD-Kokrajhar-WRD-BTC||EE-Kokrajhar WR Div-Kokrajhar-BTC
2025_PWD_45408_81,CE/DEV/TB/60/2025-26/01 Dtd- 21.06.2025,"MMPPNA_RIDF_XXXI_25_26_25 Construction of (i) Betmela to Rajabari Road from Ch. 0.00Km to Ch. 1.70Km (Total Length - 1.70km), (ii) Swahid Bhogeswar Gogoi Path from Ch. 0.00Km to Ch. 1.11 Km) (Total Length - 1.11 km), (iii) Maud T.E. to Nakari Duworic","MMPPNA_RIDF_XXXI_25_26_25 Construction of (i) Betmela to Rajabari Road from Ch. 0.00Km to Ch. 1.70Km (Total Length - 1.70km), (ii) Swahid Bhogeswar Gogoi Path from Ch. 0.00Km to Ch. 1.11 Km) (Total Length - 1.11 km), (iii) Maud T.E. to Nakari Duworic",Works,Open Tender,Item Rate,Civil Works – Roads,No,No,NA ,11-Jul-2025 03:00 PM,17-Jul-2025 12:00 PM ,180.0,No ,No,Online,28-Jul-2025 02:30 PM,Public Works Roads Department,Chabua-Lahowal,786010.0,2.0,"4,18,43,000",MRIDU GUNJAN ENTERPRISE,"41,843,000",Accepted-AOC,19-Feb-2026,Public Works Roads Department
2025_PWD_45926_93,CE/DEV/TB/60/2025-26/06 Dtd- 14.07.2025,MMPPNA_RIDF_XXXI_25_26_283 Construction of Road from (1) Kali Mandir Tiniali to Amrit Gaon (2) Sarbajanin Gurkha Shiv Mandir to Namchik Road via Jagori Bon Gaon under Mukhya Mantrir Paki Path Nirman Achani (MMPPNA) under RIDF-XXXI for the year of 202,MMPPNA_RIDF_XXXI_25_26_283 Construction of Road from (1) Kali Mandir Tiniali to Amrit Gaon (2) Sarbajanin Gurkha Shiv Mandir to Namchik Road via Jagori Bon Gaon under Mukhya Mantrir Paki Path Nirman Achani (MMPPNA) under RIDF-XXXI for the year of 202,Works,Open Tender,Item Rate,Civil Works – Roads,No,No,NA ,30-Jul-2025 06:00 PM,04-Aug-2025 12:00 PM ,180.0,No ,No,Online,14-Aug-2025 02:30 PM,Public Works Roads Department,Margherita,786181.0,2.0,"4,12,94,000",M/S Subhash Mitra,"41,293,516",Rejected-Finance,06-Feb-2026,Public Works Roads Department
2025_PWD_45408_95,CE/DEV/TB/60/2025-26/01 Dtd- 21.06.2025,"MMPPNA_RIDF_XXXI_25_26_37 Construction of road from (1) Arun TE to Balijan via Rampukhuri, (2) Doomdoma High School to Bhairaguri pathar under Mukhya Mantrir Paki Path Nirman Achani (MMPPNA) under RIDF-XXXI of NABARD for the year 2025-26.","MMPPNA_RIDF_XXXI_25_26_37 Construction of road from (1) Arun TE to Balijan via Rampukhuri, (2) Doomdoma High School to Bhairaguri pathar under Mukhya Mantrir Paki Path Nirman Achani (MMPPNA) under RIDF-XXXI of NABARD for the year 2025-26.",Works,Open Tender,Item Rate,Civil Works – Roads,No,No,NA ,11-Jul-2025 06:00 PM,17-Jul-2025 12:00 PM ,180.0,No ,No,Online,28-Jul-2025 02:30 PM,Public Works Roads Department,Dhekiajuli,784110.0,2.0,"3,02,52,000",MANOJ TALUKDAR,"30,249,930",Rejected-Finance,04-Feb-2026,Public Works Roads Department
2025_PWD_45408_42,CE/DEV/TB/60/2025-26/01 Dtd- 21.06.2025,"MMPPNA_RIDF_XXXI_25_26_61 Construction of (1) Merachuk Gorjan connecting Road (ST area) (from Ch. 0.00 m to Ch. 1000.00 m) L 1.00 Km, (2) Kadamguri Kachamari Road (from Ch. 0.00 m to Ch. 4500.00 m), L 4.50 Km, (3) Torani Kulajan Bekajan Road (from Ch","MMPPNA_RIDF_XXXI_25_26_61 Construction of (1) Merachuk Gorjan connecting Road (ST area) (from Ch. 0.00 m to Ch. 1000.00 m) L 1.00 Km, (2) Kadamguri Kachamari Road (from Ch. 0.00 m to Ch. 4500.00 m), L 4.50 Km, (3) Torani Kulajan Bekajan Road (from Ch",Works,Open Tender,Item Rate,Civil Works – Roads,No,No,NA ,09-Jul-2025 03:00 PM,17-Jul-2025 12:00 PM ,180.0,No ,No,Online,28-Jul-2025 02:30 PM,Public Works Roads Department,Golaghat,785621.0,2.0,"5,21,00,000",Gautam Bagaria,"52,094,000",Accepted-AOC,11-Feb-2026,Public Works Roads Department
2026_UDD_50301_1,BMB.307/Pt-IV/2025/1118,Construction of Retaining Wall around the proposed Sewage Teatment Plant Site at Ward No.9 under Bilasipara Municipal Board under 15th FC (2nd instt of TG) for 2024-25,Construction of Retaining Wall around the proposed Sewage Teatment Plant Site at Ward No.9 under Bilasipara Municipal Board under 15th FC (2nd instt of TG) for 2024-25,Works,Open Tender,Works,Miscellaneous Works,No,No,NA ,17-Jan-2026 02:00 PM,22-Jan-2026 03:00 PM ,90.0,No ,No,Online,30-Jan-2026 02:00 PM,Urban Development Department||Directorate of Municipality Administration - UDD||Bilasipara Municipal Board,"Bilasipara, Dhubri (Assam)",783348.0,2.0,"63,09,000",JAYANTA PAUL,"6,308,000",Not Admitted-Fee/PreQual/Technical,25-Feb-2026,Urban Development Department||Directorate of Municipality Administration - UDD||Bilasipara Municipal Board
2025_PWD_45818_35,CE/Commn/16/2025-26/04,Duliajan/SOPD-G/04,Reconstruction of KamalabariRoad(16 no Tiniali to HokotaChariali) (ch 214.00 m to Ch 800.00 m and 886.00 m to Ch 2415.00 m) (L-2.115 Km) for the year 2025-26 underSOPD-G ( Duliajan LAC),Works,Open Tender,Item Rate,Civil Works – Roads,No,No,NA ,23-Jul-2025 06:00 PM,28-Jul-2025 04:00 PM ,180.0,No ,No,Online,11-Aug-2025 02:30 PM,Public Works Roads Department,Duliajan,786602.0,2.0,"1,47,84,000",ANUP GARH,"14,782,984",Accepted-AOC,02-Feb-2026,Public Works Roads Department
2026_WPTBC_49903_1,PTDC/Engg/2023-24/252,"Construction of Eklavya Model Residential School (EMRS), Khoirabari in Udalguri District. on Engineering, Procurement and Construction (EPC) Mode-1","Construction of Eklavya Model Residential School (EMRS), Khoirabari in Udalguri District. on Engineering, Procurement and Construction (EPC) Mode-1",Works,Open Tender,Item Rate,Civil Works,No,No,NA ,12-Jan-2026 09:00 AM,12-Jan-2026 02:00 PM ,180.0,No ,No,Online,29-Jan-2026 03:30 PM,Welfare of Plain Tribes and Backward Classes||Director - WPT and BC,"Khoirabari, Udalguri",784522.0,2.0,"48,00,00,000",THE MM ASSOCIATES,"479,950,500",Rejected-AOC,23-Feb-2026,Welfare of Plain Tribes and Backward Classes||Director - WPT and BC
2025_SEED_45985_1,ASDM-3677/2025/Bongaigaon,BONGAIGAON PLSDTP,BONGAIGAON PLSDTP,Services,Open Tender,EOI,Miscellaneous Services,No,No,NA ,28-Jul-2025 05:00 PM,NA ,180.0,No ,No,Online,20-Aug-2025 01:00 PM,Skill Employment and Entrepreneurship Department||Assam Skill Development Mission,Assam Skill Development Mission,781035.0,1.0,"10,65,750",Assam Skill Training Provider (ASTP),"1,050,750",Not Admitted-Fee/PreQual/Technical/Finance,03-Feb-2026,Skill Employment and Entrepreneurship Department||Assam Skill Development Mission
2025_PWD_45816_1,CE/MAINT/SOPDG/01/2025-26/02,MAINT/SOPD-G/2025-26/07,"MAINT/SOPD-G/2025-26/071_Construction of Talguri Basugaon Road to Chengmari ICBP Road via Naldoba under Mukhya Mantrir Pakipath Nirman Aachani,2_Construction of Durgamari to Dholmara Road under under Mukhya Mantrir Pakipath Nirman Aachani, 3_Construc",Works,Open Tender,Item Rate,Civil Works – Roads,No,No,NA ,21-Jul-2025 05:00 PM,24-Jul-2025 12:00 PM ,180.0,No ,No,Online,14-Aug-2025 11:00 AM,Public Works Roads Department,Bongaigaon,783380.0,2.0,"2,15,95,000",Sri Bipul Choudhury,"21,593,000",Rejected-Finance,02-Feb-2026,Public Works Roads Department
2025_PWD_45827_103,CE/MAINT/SOPDG/01/2025-26/02,MAINT/SOPD-G/2025-26/05,"MAINT/SOPD-G/2025-26/05_1_Construction of road from Dewanpara Jayanta Hazarika Club to Laharapara Tiniali under Mukhya Mantrir Paki Path Nirman Aachani (MMPPNA) , 2_Construction of road from Thakurani Mandir to Khudra Narikola Smashan Road under Mu",Works,Open Tender,Item Rate,Civil Works – Roads,No,No,NA ,24-Jul-2025 04:00 PM,24-Jul-2025 04:00 PM ,180.0,No ,No,Online,14-Aug-2025 11:00 AM,Public Works Roads Department,Abhayapuri,783384.0,2.0,"2,24,52,000",Kanchan Moni Barkalita,"22,450,000",Accepted-AOC,20-Feb-2026,Public Works Roads Department
2025_PWD_47305_2,CE/Commn/16/202526/22(Re Bid),Makum/SOPD/ 2,Improvmetof i)Rongagoraroad fromJuria NamgharGate To Court Tinialiii)VIP road starting from DC office to Old AT Road iii) MakumDhelakhatroad to Punyajyoti Prathamik VidyalayaHapjan TE under SOPD-G for 25-26,Works,Open Tender,Item Wise,Civil Works – Roads,No,No,NA ,05-Sep-2025 06:00 PM,09-Sep-2025 04:00 PM ,180.0,No ,No,Online,15-Sep-2025 02:30 PM,Public Works Roads Department||CE PWD(R) - PWD||Traffic Engineering Cell - PWD,Makum,786170.0,2.0,"1,28,41,000",Ram Swarup Yadav,"12,838,744",Accepted-AOC,09-Feb-2026,Public Works Roads Department||CE PWD(R) - PWD||Traffic Engineering Cell - PWD
2025_WPTBC_48161_1,PTDC/Engg/2024-25/403,Construction of Tea tribes and Adivasi Girls hostel at Tezpur for the year 2025-26,Construction of Tea tribes and Adivasi Girls hostel at Tezpur for the year 2025-26,Works,Open Tender,Item Rate,Civil Works,No,No,NA ,18-Oct-2025 09:00 AM,NA ,180.0,No ,No,Online,23-Oct-2025 03:00 PM,Welfare of Plain Tribes and Backward Classes||Director - WPT and BC,Tezpur,784001.0,2.0,"1,00,00,000",KHAGENDRA NATH SARKAR,"10,000,000",Rejected-AOC,04-Feb-2026,Welfare of Plain Tribes and Backward Classes||Director - WPT and BC
2025_AEGCL_45231_1,AEGCL/DGM/DBR/TC02/2025/3444,132kV main BUS augmentation to twin ACSR Zebra conductor along with augmentation of 132kV pather conductor to single zebra conductor for both 220/132kV 100MVA transformers at 220kV Namrup GSS,132kV main BUS augmentation to twin ACSR Zebra conductor along with augmentation of 132kV pather conductor to single zebra conductor for both 220/132kV 100MVA transformers at 220kV Namrup GSS,Works,Open Tender,Works,Electrical Works,No,No,NA ,01-Jul-2025 09:00 AM,NA ,180.0,No ,No,Online,11-Aug-2025 03:00 PM,Assam Electricity Grid Corporation Ltd||CGM (T and T),220kV GSS Namrup,786623.0,2.0,"29,39,748",ALORAN SOLUTIONS,"2,929,190",Accepted-AOC,23-Feb-2026,Assam Electricity Grid Corporation Ltd||CGM (T and T)
2025_PWD_47610_3,CE/DEV/TB/116/2025-26/13 Dtd- 08.09.2025,"ASOM_MALA_3.0_25_26_26 Improvement and upgradation of Chepti Kulhati Road (Ch. 0.00 km to Ch. 10.00 km) under Asom Mala 3.0 for the year 2025-26, Rangia LAC.","ASOM_MALA_3.0_25_26_26 Improvement and upgradation of Chepti Kulhati Road (Ch. 0.00 km to Ch. 10.00 km) under Asom Mala 3.0 for the year 2025-26, Rangia LAC.",Works,Open Tender,Item Rate,Civil Works – Roads,No,No,NA ,19-Sep-2025 04:00 PM,23-Sep-2025 12:00 PM ,180.0,No ,No,Online,07-Oct-2025 02:30 PM,Public Works Roads Department,Kamrup,781354.0,2.0,"26,96,10,000",Kishor Kalita,"269,610,000",Accepted-AOC,26-Feb-2026,Public Works Roads Department
2025_PWD_49668_20,CE/Commn/192/2025-26/9,PDNA/ Bongaigaon /08,Recovery and Reconstruction of (1) Bakhalgaon Dakuapara (Approach of RCC Br. No. 3/1) (2) Majgaon Nigamghola Road (Errosion of Embankment ) under NDRF (PDNA-2022) for the year 2025-26,Works,Open Tender,Item Rate,Civil Works – Roads,No,No,NA ,29-Dec-2025 06:40 PM,02-Jan-2026 04:00 PM ,180.0,No ,No,Online,08-Jan-2026 02:30 PM,Public Works Roads Department||CE PWD(R) - PWD||Traffic Engineering Cell - PWD,BONGAIGAON,783101.0,2.0,"49,25,000",MR NABAJYOTI BARMAN,"4,924,000",Accepted-AOC,16-Feb-2026,Public Works Roads Department||CE PWD(R) - PWD||Traffic Engineering Cell - PWD
2025_PWD_47084_19,CE/DEV/TB/60/2025-26/19 Dtd- 20.08.2025,MMPPNA_RIDF_XXXI_25_26_508 Improvement of Road from Ratanpur High School Tinali to Dewpani Gohani Gaon Road and Improvement of Road from Khoinibari to Zorutia Chuk Road and Improvement of Road from Katuwal Khuti PWD Road to Hatidandi Tiniali under M,MMPPNA_RIDF_XXXI_25_26_508 Improvement of Road from Ratanpur High School Tinali to Dewpani Gohani Gaon Road and Improvement of Road from Khoinibari to Zorutia Chuk Road and Improvement of Road from Katuwal Khuti PWD Road to Hatidandi Tiniali under M,Works,Open Tender,Item Rate,Civil Works – Roads,No,No,NA ,30-Aug-2025 06:00 PM,04-Sep-2025 12:00 PM ,180.0,No ,No,Online,19-Sep-2025 02:30 PM,Public Works Roads Department,Sadia,786155.0,2.0,"2,69,83,000",Manuj Kr Telia,"26,980,000",Accepted-AOC,20-Feb-2026,Public Works Roads Department
2025_PWD_46604_31,CE/STBR/SOPD-G/NIT/07/2025 26/8 Dated 29-07-2025,"STBR/SOPD-G/Rangapara-05/65 Construction of road from i)Harcchura 13 no line to Dabar Connecting road ii)Drain at Hatidubi Tiniali to Bridge no 1/1 Under Mukhya Mantrir Nagariya Pakipath Nirman Achani (MMNPPNA) under SOPD-G for the year 2025-26, Ran","STBR/SOPD-G/Rangapara-05/65 Construction of road from i)Harcchura 13 no line to Dabar Connecting road ii)Drain at Hatidubi Tiniali to Bridge no 1/1 Under Mukhya Mantrir Nagariya Pakipath Nirman Achani (MMNPPNA) under SOPD-G for the year 2025-26, Ran",Works,Open Tender,Item Rate,Civil Works – Roads,No,No,NA ,21-Aug-2025 12:00 PM,22-Aug-2025 11:00 AM ,180.0,No ,No,Online,02-Sep-2025 11:00 AM,Public Works Roads Department,Barchalla,782103.0,2.0,"1,94,76,000",BHANU BHAKTA SHARMA,"19,470,000",Accepted-AOC,13-Feb-2026,Public Works Roads Department
2024_SYWA_35218_1,DSY/S/KIUG-CMA/431834/36,ENGAGEMENT OF CREATIVE AND MULTIMEDIA AGENCY,"ENGAGEMENT OF CREATIVE AND MULTIMEDIA AGENCY FOR KHELO INDIA UNIVERSITY GAMES 2023, ASSAM",Services,Open Tender,Item Rate,Miscellaneous Services,No,No,NA ,06-Jan-2024 04:30 PM,09-Jan-2024 12:00 PM ,180.0,No ,No,Online,17-Jan-2024 02:30 PM,Directorate of Sports and Youth Welfare - Assam,"DIRECTORATE OF SPORTS AND YOUTH WELFARE, ASSAM",781006.0,2.0,"50,00,000",Exclusive Advertising Private Limited,"4,194,555",Accepted-AOC,17-Feb-2024,Directorate of Sports and Youth Welfare - Assam
2025_PWD_45292_2,CE/CW/12/2025-26 (CRPF COMPLEX),CE/CW/12/2025-26(Bhaskar Nagar C),Improvement of Bhaskar Nagar Block-C Road under SOPD(G) for the year 2024-25,Works,Open Tender,Item Rate,Civil Works – Roads,No,No,NA ,02-Jul-2025 06:00 PM,NA ,180.0,No ,No,Online,09-Jul-2025 02:30 PM,Public Works Roads Department,Guwahati,781021.0,3.0,"27,48,000",PROGRESSIVE CONSTRUCTION,"2,747,526",Rejected-AOC,12-Feb-2026,Public Works Roads Department
2025_KAAC_47185_1,NoACEH/CS/SSA/03/2025-26/RE 14,Construction of 50 bedded hostel separately for boys and girls under Dharti Aaba Janjatiya Gram Utkarsh Abhiyan at Langhin Pamgaon Higher Secondary School.,Construction of 50 bedded hostel separately for boys and girls under Dharti Aaba Janjatiya Gram Utkarsh Abhiyan at Langhin Pamgaon Higher Secondary School.,Works,Open Tender,Item Rate,Civil Works - Building,No,No,NA ,03-Sep-2025 11:00 AM,05-Sep-2025 12:00 PM ,180.0,No ,No,Online,15-Sep-2025 11:00 AM,Karbi Anglong Autonomous Council||PWD||Addl. Chief Engineer Diphu,Samelangso,782441.0,2.0,"3,78,75,000",M/S R.B. Construction,"37,875,000",Accepted-AOC,24-Feb-2026,Karbi Anglong Autonomous Council||PWD||Addl. Chief Engineer Diphu
2025_PCCF_48898_1,KJ(T)/SOPD/Tender/2025/02,Construction of SPT bridge over river singla at Hempur in RK Nagar LAC in Sribhumi District,Construction of SPT bridge over river singla at Hempur in RK Nagar LAC in Sribhumi District,Works,Open Tender,Works,Civil Works - Bridges,No,No,NA ,28-Nov-2025 09:00 AM,28-Nov-2025 12:00 PM ,60.0,No ,No,Online,06-Dec-2025 01:00 PM,Pr. Chief Conservator of Forest and Head of Forest Force||Chief Conservator of Forestes (T) (Lower Assam Zone)||Southern Assam Circle||Karimganj Forest (T) Division,Hempur in RK Nagar LAC,788737.0,2.0,"76,41,000",DEBASISH CHOUDHURY,"7,258,950",Rejected-Technical,24-Feb-2026,Pr. Chief Conservator of Forest and Head of Forest Force||Chief Conservator of Forestes (T) (Lower Assam Zone)||Southern Assam Circle||Karimganj Forest (T) Division
2025_WPTBC_48081_1,SCDCRUSAHatidhura,"Construction of Assam Type Girls Hostel at Hatidhura College, Dhubri","Construction of Assam Type Girls Hostel at Hatidhura College, Dhubri",Works,Open Tender,Item Rate,Civil Works,No,No,NA ,16-Oct-2025 02:30 PM,NA ,180.0,No ,No,Online,21-Oct-2025 03:00 PM,Welfare of Plain Tribes and Backward Classes||Directorate of Welfare of Scheduled Caste||Assam State Development Corporation for SC,"DISPUR, GHY-06",781006.0,2.0,"1,00,00,000",M/S J.K ENTERPRISE,"9,000,000",Rejected-Finance,17-Feb-2026,Welfare of Plain Tribes and Backward Classes||Directorate of Welfare of Scheduled Caste||Assam State Development Corporation for SC
2025_PWD_45495_8,CE/Commn/16/202526/3,Bihpuria /SOPD/3,"Improvement of Road from SH-43 panbari to Tengapathar Road via Panimora Chuck from Ch.0.00 m to 1540.00 m ,( L 1.540 Km) under for the year 2025-26 (Bihpuria LAC)",Works,Open Tender,Works,Civil Works – Roads,No,No,NA ,11-Jul-2025 11:00 AM,18-Jul-2025 04:00 PM ,180.0,No ,No,Online,30-Jul-2025 02:30 PM,Public Works Roads Department||CE PWD(R) - PWD||Traffic Engineering Cell - PWD,Bihpuria,784161.0,2.0,"1,00,85,000",Prabin Sarmah,"10,084,000",Rejected-AOC,09-Feb-2026,Public Works Roads Department||CE PWD(R) - PWD||Traffic Engineering Cell - PWD
2025_UDD_49692_1,TMB 286/2025-26/4581,Supply Of a Front And Backhoe Loader (CEV Stage V) Minimum 74 HP.,Supply of a Front And Backhoe Loader (CEV Stage V) Minimum 74 HP,Goods,Open Tender,Item Wise,Machineries,No,No,NA ,29-Dec-2025 10:00 AM,NA ,90.0,No ,No,Online,20-Jan-2026 11:00 AM,Urban Development Department||Directorate of Municipality Administration - UDD||Teok Municipal Board,Teok Municipal Board,785112.0,2.0,"40,00,000",shree poddar earthmovers,"3,919,000",Rejected-Finance,26-Feb-2026,Urban Development Department||Directorate of Municipality Administration - UDD||Teok Municipal Board
2026_WPTBC_51032_1,SCDC/COE/DIET/Nalbari,"Upgradation of DIET, Nalbari as Centre of Excellence (CoE)","Upgradation of DIET, Nalbari as Centre of Excellence (CoE)",Works,Open Tender,Item Rate,Civil Works,No,No,NA ,10-Feb-2026 04:40 PM,NA ,180.0,No ,No,Online,13-Feb-2026 03:00 PM,Welfare of Plain Tribes and Backward Classes||Directorate of Welfare of Scheduled Caste||Assam State Development Corporation for SC,"DISPUR, GHY-06",781006.0,2.0,"10,53,16,000",Kalita Enterprise,"105,316,000",Accepted-AOC,27-Feb-2026,Welfare of Plain Tribes and Backward Classes||Directorate of Welfare of Scheduled Caste||Assam State Development Corporation for SC
2025_BoTC_49232_1,PJD_30 ha ARP,Chain link Fencing work at 30 ha Artificial Regeneration Plantation at Bisubasra under Parbatjhora Division,Chain link Fencing work at 30 ha Artificial Regeneration Plantation at Bisubasra under Parbatjhora Division,Works,Open Tender,Works,Civil Works,No,No,NA ,13-Dec-2025 10:30 AM,NA ,180.0,No ,No,Online,31-Dec-2025 01:30 PM,Bodoland Territorial Council||Forests-BTC,Parbotjhora,783339.0,2.0,"41,95,686",M/S A.H. ENTERPRISE,"3,776,117.4",Rejected-Technical,07-Feb-2026,Bodoland Territorial Council||Forests-BTC
2025_ID_46808_1,EE/IRRI/BN/TB 33 E/2021-22/180 Dt 21/08/2025,Installation of 5 (Five) Points of Shallow Tube Well Irrigation Scheme at Nalbari LAC under SOPD-G for the year 2025-26,Installation of 5 (Five) Points of Shallow Tube Well Irrigation Scheme at Nalbari LAC under SOPD-G for the year 2025-26,Works,Open Tender,Item Rate,Civil Works,No,No,NA ,22-Aug-2025 10:00 AM,NA ,180.0,No ,No,Online,11-Sep-2025 03:00 PM,Irrigation Department||Chief Engineer(Major)-Irrigation Dept||Nalbari Circle,Barkhetri,781126.0,2.0,"33,39,930",DOLI MEDHI,"1,803,562",Rejected-Technical,12-Feb-2026,Irrigation Department||Chief Engineer(Major)-Irrigation Dept||Nalbari Circle
2025_PWD_47305_3,CE/Commn/16/202526/22(Re Bid),Doomdooma/SOPD/ 1,Re-const1)Borgaon to Rongpur Roborguri 2)Goraknath Yadav House to Rajkumar Tanti House3)Phillobari ParbatipurRd 4)BadlevetaDuarmar5)Samdang TE Mesajan Bangal 6) Samdang Makum Ali Rd 7)Doomdooma -BaghjaN to Ru 8)Hollowkhowa Tiniali un SOPDG 24 25,Works,Open Tender,Item Wise,Civil Works – Roads,No,No,NA ,05-Sep-2025 06:00 PM,09-Sep-2025 04:00 PM ,180.0,No ,No,Online,15-Sep-2025 02:30 PM,Public Works Roads Department||CE PWD(R) - PWD||Traffic Engineering Cell - PWD,Doomdooma,786151.0,2.0,"1,86,17,000",Ram Swarup Yadav,"18,615,731",Accepted-AOC,06-Feb-2026,Public Works Roads Department||CE PWD(R) - PWD||Traffic Engineering Cell - PWD
2025_PWD_45827_102,CE/MAINT/SOPDG/01/2025-26/02,MAINT/SOPD-G/2025-26/133,"MAINT/SOPD-G/2025-26/133 1_Construction of 2 cell 2x2 Box Culvert and repairing of Road from Gossaidubi Bazar to Dharal Bazar (from Ch 990.00 m to Ch 1140.00 m), 2_ Improvement of GWC road from Uttar Shaldhowa Road to Pachim Shaldowa Road, 3_ Improv",Works,Open Tender,Item Rate,Civil Works – Roads,No,No,NA ,24-Jul-2025 06:00 PM,25-Jul-2025 02:00 PM ,180.0,No ,No,Online,14-Aug-2025 11:00 AM,Public Works Roads Department,Goalpara,783101.0,2.0,"1,03,07,000",Monsur Ahmed,"10,305,900",Rejected-Finance,19-Feb-2026,Public Works Roads Department
2025_PWD_48766_1,TB/282/DNTRD/2025-26,Construction of road from Kapok Barigaon to Kapak Gaon Harimandir via Kapak Chapori M.V School. under SOPD (G) for the year 2025-26.,Construction of road from Kapok Barigaon to Kapak Gaon Harimandir via Kapak Chapori M.V School. under SOPD (G) for the year 2025-26.,Works,Open Tender,Works,Civil Works – Roads,No,No,NA ,21-Nov-2025 10:00 AM,22-Nov-2025 02:00 PM ,90.0,No ,No,Online,06-Dec-2025 04:00 PM,Public Works Roads Department,Dhakuakhana,787053.0,2.0,"13,50,000",RAJIB DOLEY,"1,349,621",Rejected-AOC,20-Jan-2026,Public Works Roads Department
2026_PWD_49880_1,BDTRD/SOPD-G/GWC/25-26/09,Construction of GWC road from Samabai Samattee to Jame Mazjid (from Ch. 00.00m to Ch. 1000.00m) under SOPD-G for the year 2025-26 of District Sonitpur (Barchalla LAC),Construction of GWC road from Samabai Samattee to Jame Mazjid (from Ch. 00.00m to Ch. 1000.00m) under SOPD-G for the year 2025-26 of District Sonitpur (Barchalla LAC),Works,Open Tender,Item Rate,Civil Works,No,No,NA ,05-Jan-2026 02:00 PM,08-Jan-2026 12:00 PM ,180.0,No ,No,Online,21-Jan-2026 02:00 PM,Public Works Roads Department,Barchalla,784110.0,2.0,"21,94,000",CHANDRA KUMAR SUBBA,"2,192,672",Accepted-AOC,21-Feb-2026,Public Works Roads Department
2025_PWD_45818_20,CE/Commn/16/2025-26/04,Dibrugarh/MMPPNA/02,Constn/Impof(i)Banipurbyelane5(ii)BanipurATMPath(iii)Banipurbyelane(iv)Banipurbyelane2(v)Banipurbyelane3(vi)Banipurbyelane7 (vii)Banipur bye lane 6(A) (viii)LatePurnima BuraghainPath(ix)Banipur bye lane under MukhyaMantrirPakiPathNirmanAchoni(MMPPNA,Works,Open Tender,Item Rate,Civil Works – Roads,No,No,NA ,22-Jul-2025 06:00 PM,28-Jul-2025 04:00 PM ,180.0,No ,No,Online,11-Aug-2025 02:30 PM,Public Works Roads Department,Dibrugarh,786001.0,2.0,"1,50,01,000",Raju Baruah,"15,000,990",Accepted-AOC,27-Feb-2026,Public Works Roads Department
2025_PWD_45926_45,CE/DEV/TB/60/2025-26/06 Dtd- 14.07.2025,MMPPNA_RIDF_XXXI_25_26_175 Construction of Road from Majgaon Bhagawat tholi to Birsing Subba Road under Mukhya Mantrir Paki Path Nirman Achani (MMPPNA) under RIDF-XXXI of NABARD for the year 2025-26.,MMPPNA_RIDF_XXXI_25_26_175 Construction of Road from Majgaon Bhagawat tholi to Birsing Subba Road under Mukhya Mantrir Paki Path Nirman Achani (MMPPNA) under RIDF-XXXI of NABARD for the year 2025-26.,Works,Open Tender,Item Rate,Civil Works – Roads,No,No,NA ,28-Jul-2025 06:00 PM,04-Aug-2025 12:00 PM ,180.0,No ,No,Online,14-Aug-2025 02:30 PM,Public Works Roads Department,Behali,784166.0,2.0,"1,56,51,000",PULAK SARMAH,"15,650,700",Accepted-AOC,16-Feb-2026,Public Works Roads Department
2025_PWD_45408_57,CE/DEV/TB/60/2025-26/01 Dtd- 21.06.2025,"MMPPNA_RIDF_XXXI_25_26_138 Construction of (1) Napam to Chowkighat road, (2) Paschim Rupkuria to Sadhughat, (3) Rupkuria Adhibashi Chuburi to Muslim Chuburi and (4) Rupkuria to Kachokoni village via Kachokoni Kalimandir under Mukhya Mantrir Paki Path","MMPPNA_RIDF_XXXI_25_26_138 Construction of (1) Napam to Chowkighat road, (2) Paschim Rupkuria to Sadhughat, (3) Rupkuria Adhibashi Chuburi to Muslim Chuburi and (4) Rupkuria to Kachokoni village via Kachokoni Kalimandir under Mukhya Mantrir Paki Path",Works,Open Tender,Item Rate,Civil Works – Roads,No,No,NA ,10-Jul-2025 09:00 AM,17-Jul-2025 12:00 PM ,180.0,No ,No,Online,28-Jul-2025 02:30 PM,Public Works Roads Department,Tezpur,784001.0,2.0,"3,75,01,000",JAI MAA KAMAKHYA INFRASTRUCTURE,"37,470,999",Accepted-AOC,06-Feb-2026,Public Works Roads Department
2025_PWD_49573_56,CE/Commn/192/PDNA/2025-26/02,PDNA/ Barpeta /02,Recovery and Reconstruction of RCC Bridge on Kujarpith Bonbahar road DK Road under NDRF(PDNA-2022) for the year 2025-26 of District Barpeta (25- Pakabetbari LAC),Works,Open Tender,Item Rate,Civil Works – Roads,No,No,NA ,24-Dec-2025 01:30 PM,26-Dec-2025 04:00 PM ,180.0,No ,No,Online,05-Jan-2026 02:30 PM,Public Works Roads Department,Barpeta,781301.0,2.0,"2,04,21,000",PRADIPTA CHOUDHURY,"20,419,000",Rejected-AOC,13-Feb-2026,Public Works Roads Department
2025_NHM_49118_1,NHM/ECF/674887,Establishment of 30 bedded CHC under Fifteenth Finance Health Grant scheme under NHM Assam Kawaimari in Nagaon district FY 2024-25,Establishment of 30 bedded CHC under Fifteenth Finance Health Grant scheme under NHM Assam Kawaimari in Nagaon district FY 2024-25,Works,Open Tender,Turn-key,Civil Works - Building,No,No,NA ,08-Dec-2025 04:00 PM,NA ,180.0,No ,No,Online,29-Dec-2025 12:00 PM,National Health Mission||State Programme Management Unit - NHM,Kawaimari in Nagaon district,782001.0,2.0,"5,73,99,637",biswajit banik,"57,398,110",Accepted-AOC,17-Feb-2026,National Health Mission||State Programme Management Unit - NHM
2025_BoTC_43150_1,FSHRY/BTC/2024-25/PMMSY/1,Supply of Fish Seed activity Inputs for Fish Farming in Baksa under PMMSY for the year 2023-24.,Group-A Supply of Fish Seed activity Inputs for Fish Farming in Baksa under PMMSY for the year 2023-24.,Goods,Open Tender,Supply,Miscellaneous Goods,No,No,NA ,27-Feb-2025 09:30 AM,NA ,180.0,No ,No,Online,19-Mar-2025 02:30 PM,Bodoland Territorial Council||Fisheries-BTC,"Baksa, BTR",781372.0,2.0,"4,40,000",MUNIN DAS,"352,000",Rejected-Finance,21-Feb-2026,Bodoland Territorial Council||Fisheries-BTC
2025_PWD_49268_3,TB-62/GWC/2024-25/1718 Dtd. 01-12-2025,"Construction of RCC box culvert and Improvement of road Hatula Chuk PWD road to N.F.Rly Line under SOPD-G for the year 2025-26 , Under Jonai TRD, 79 no. Sissiborgaon LAC","Construction of RCC box culvert and Improvement of road Hatula Chuk PWD road to N.F.Rly Line under SOPD-G for the year 2025-26 , Under Jonai TRD, 79 no. Sissiborgaon LAC",Works,Open Tender,Item Rate,Civil Works,No,No,NA ,12-Dec-2025 03:15 PM,NA ,180.0,No ,No,Online,19-Dec-2025 10:00 AM,Public Works Roads Department,Sissiborgaon,787059.0,2.0,"44,97,000",Dimbeswar Bhuyan,"4,495,500",Accepted-AOC,02-Feb-2026,Public Works Roads Department
2025_PWD_48131_6,G/176/2025-26/210,"Repair Rehabilitation of Br. No. on Narayanpur Tatibahar Rangoti arimoraghat Road, Br.No.2.1 on Charaidoloni Maghnuwa Road and Construction of H.P.Culvert on Balikuchi Bishnupur Road under SOPD G for the year 2025 26 of Lakhimpur District, Bihpuria","Repair Rehabilitation of Br. No. on Narayanpur Tatibahar Rangoti arimoraghat Road, Br.No.2.1 on Charaidoloni Maghnuwa Road and Construction of H.P.Culvert on Balikuchi Bishnupur Road under SOPD G for the year 2025 26 of Lakhimpur District, Bihpuria",Works,Open Tender,Item Rate,Civil Works,No,No,NA ,17-Oct-2025 06:00 PM,NA ,180.0,No ,No,Online,07-Nov-2025 10:00 AM,Public Works Roads Department,Bihpuria,784161.0,2.0,"39,85,975",NITUMONI BARUAH,"3,983,535",Rejected-AOC,10-Feb-2026,Public Works Roads Department
2025_PWD_45926_92,CE/DEV/TB/60/2025-26/06 Dtd- 14.07.2025,MMPPNA_RIDF_XXXI_25_26_342 Construction of (1) Baruah Ali to Baruah Ali via Bauah Kuri Gaon from Ch 0.00m to Ch 1000.00m (2) road from Dhodar Ali Ganak gaon to Hazarika Chuk path Ch. 0.00 m to Ch. 1000.00 m (L-1.00 km) (3) Majorchuk and Hulatia Gaon,MMPPNA_RIDF_XXXI_25_26_342 Construction of (1) Baruah Ali to Baruah Ali via Bauah Kuri Gaon from Ch 0.00m to Ch 1000.00m (2) road from Dhodar Ali Ganak gaon to Hazarika Chuk path Ch. 0.00 m to Ch. 1000.00 m (L-1.00 km) (3) Majorchuk and Hulatia Gaon,Works,Open Tender,Item Rate,Civil Works – Roads,No,No,NA ,30-Jul-2025 02:00 PM,04-Aug-2025 12:00 PM ,180.0,No ,No,Online,14-Aug-2025 02:30 PM,Public Works Roads Department,Sivasagar,785640.0,2.0,"2,84,49,000",ASHIS NIHER GOGOI,"28,445,689",Accepted-AOC,13-Feb-2026,Public Works Roads Department
2025_PWD_46985_4,CE/Commn/16/202526/18(ReBid),DigboiSOPD/5,"1)Construction of road from Duarmora Main Road to Balijan Gahari Para under SOPD-G under Digboi and Margherita Territorial Road Division , Digboi LAC in Tinsukia district for the year of 2025-26.",Works,Open Tender,Item Rate,Civil Works – Roads,No,No,NA ,26-Aug-2025 06:00 PM,28-Aug-2025 04:00 PM ,180.0,No ,No,Online,04-Sep-2025 02:30 PM,Public Works Roads Department||CE PWD(R) - PWD||Traffic Engineering Cell - PWD,Digboi,786171.0,2.0,"75,12,000",Sivam Enterprise,"7,510,000",Rejected-AOC,21-Feb-2026,Public Works Roads Department||CE PWD(R) - PWD||Traffic Engineering Cell - PWD
2025_PWD_48556_9,ARRBP/BR/01/2024/E696387/41,Cachar/29 i) Br. No. 1/1 Arkatipur to Gossaipur via Nepali Basti Road,CE/EAP/ARRBP/OCB/Bridge-1/Cachar/29 Construction of Bridge in Cachar District i) Br. No. 1/1 Arkatipur to Gossaipur via Nepali Basti Road,Works,Open Tender,Item Rate,Civil Works - Bridges,No,No,NA ,14-Nov-2025 09:00 AM,21-Nov-2025 11:00 AM ,90.0,No ,No,Online,28-Nov-2025 02:30 PM,Public Works Roads Department,Cachar District,788101.0,2.0,"88,07,000",MS AYUSH TRADING,"7,485,950",Rejected-Finance,16-Feb-2026,Public Works Roads Department
2026_UDD_50470_1,TMB 296/2025-26/4582(A),"CONSTRUCTION OF MAHARA GAON WATER PROJECT AT WARD NO 10, UNDER 1ST INSTALLMENT OF TIED GRANT OF 15TH FINANCE COMMISSION FOR THE YEAR 2023-24, DURING THE YEAR 2024-25 (LAST PART), (Remaining Works)","CONSTRUCTION OF MAHARA GAON WATER PROJECT AT WARD NO 10, UNDER 1ST INSTALLMENT OF TIED GRANT OF 15TH FINANCE COMMISSION FOR THE YEAR 2023-24, DURING THE YEAR 2024-25 (LAST PART), (Remaining Works)",Works,Open Tender,Item Wise,Civil Works - Water Works,No,No,NA ,22-Jan-2026 10:00 AM,NA ,120.0,No ,No,Online,03-Feb-2026 11:30 AM,Urban Development Department||Directorate of Municipality Administration - UDD||Teok Municipal Board,Teok Municipal Board,785112.0,2.0,"37,37,033",SUNIL KALITA,"3,550,181.35",Rejected-Finance,04-Mar-2026,Urban Development Department||Directorate of Municipality Administration - UDD||Teok Municipal Board
2026_PCCF_50286_1,0.O. NO.09 DATED 16.01.2026,ERRECTION OF FENCING 10 HA WITH RCC POST AT MESAKI RF UNDER SAIKHOWA RANGE,ERRECTION OF FENCING 10 HA WITH RCC POST AT MESAKI RF UNDER SAIKHOWA RANGE,Works,Open Tender,Percentage,Civil Works - Others,No,No,NA ,17-Jan-2026 05:00 PM,NA ,180.0,No ,No,Online,02-Feb-2026 02:30 PM,"Pr. Chief Conservator of Forest and Head of Forest Force||Chief Conservator of Forests (Upper Assam Zone)||Eastern Assam Circle, Jorhat||Doomdooma Division",MESAKI RF UNDER SAIKHOWA RANGE,786154.0,2.0,"22,27,401",KAUSHAL SHARMA,"2,004,660.9",Rejected-Finance,27-Feb-2026,"Pr. Chief Conservator of Forest and Head of Forest Force||Chief Conservator of Forests (Upper Assam Zone)||Eastern Assam Circle, Jorhat||Doomdooma Division"
2025_GMC_47288_6,GER/CE/2505/2025/6 Dated_01/09/2025,Construction of Toilet under Ward No.19,Construction of Toilet under Ward No.19,Works,Open Tender,Lump-sum,Civil Works,No,No,NA ,05-Sep-2025 02:00 PM,08-Sep-2025 12:00 PM ,120.0,No ,No,Online,07-Oct-2025 02:30 PM,Guwahati Municipal Corporation,Guwahati,781006.0,2.0,,M/S CREATIVE POWER ENTERPRISE,"1,600,000",Rejected-AOC,23-Feb-2026,Guwahati Municipal Corporation
2025_SEED_45961_1,ASDM-3679/2025/Cachar,Cachar PLSDTP,Cachar PLSDTP,Services,Open Tender,EOI,Miscellaneous Services,No,No,NA ,28-Jul-2025 05:00 PM,NA ,180.0,No ,No,Online,20-Aug-2025 01:00 PM,Skill Employment and Entrepreneurship Department||Assam Skill Development Mission,Assam Skill Development Mission,781035.0,1.0,"6,75,000",NRDS Management Private Limited,"660,000",Not Admitted-Fee/PreQual/Technical/Finance,02-Feb-2026,Skill Employment and Entrepreneurship Department||Assam Skill Development Mission
2025_PWD_48400_6,CE/DEV/TB/120/2025-26/12 Dtd- 11.09.2025,"MMNPPNA_25_26_08 Improvement of (1) Embankment of Town Khal West side with retaining wall, Vivekananda Road / Ashram Road Ward No. 26 (Phase-I) and (ii) Improvement of Road from Shyamananda Lane to Kanakpur alongwith construction of drain, (2) Improv","MMNPPNA_25_26_08 Improvement of (1) Embankment of Town Khal West side with retaining wall, Vivekananda Road / Ashram Road Ward No. 26 (Phase-I) and (ii) Improvement of Road from Shyamananda Lane to Kanakpur alongwith construction of drain, (2) Improv",Works,Open Tender,Item Rate,Civil Works – Roads,No,No,NA ,04-Nov-2025 01:00 PM,04-Nov-2025 02:00 PM ,180.0,No ,No,Online,17-Nov-2025 02:30 PM,Public Works Roads Department,Silchar,788005.0,2.0,"2,73,51,000",SHYAMAL DAS,"27,346,000",Rejected-Finance,21-Feb-2026,Public Works Roads Department
2023_PWD_33152_1,TB.202/DNTRD/SDMF /2023-24/1362-A Dtd.12/10/2023,Road from Ghumasuti PWD at Kalakota to SIRD Complex - Providing Disaster Mitigation measures under SDMF for the year 2023-24 in North Lakhimpur District.,Road from Ghumasuti PWD at Kalakota to SIRD Complex - Providing Disaster Mitigation measures under SDMF for the year 2023-24 in North Lakhimpur District.,Works,Open Tender,Works,Civil Works – Roads,No,No,NA ,18-Oct-2023 10:00 AM,NA ,90.0,No ,No,Online,31-Oct-2023 10:00 AM,"Public Works Roads Department||Tezpur Zone||Lakhimpur and Majuli Road Circle||Dhakuakhana Territorial Road Division, Ghilamara",Dhakuakhana,787055.0,2.0,"47,47,218",ABHIJIT GOGOI,"4,744,841.6",Accepted-AOC,09-Jan-2026,"Public Works Roads Department||Tezpur Zone||Lakhimpur and Majuli Road Circle||Dhakuakhana Territorial Road Division, Ghilamara"
2026_PWD_49842_1,CE/DEV/TB/223/2025-26/03 Dtd- 29.12.2025,SOPD_G_25_26_51 Construction of Road from Gumnadi to Bhogle Basti (From Ch. 0.00 m to Ch.1750.00 m ) under SOPD-G in Lakhimpur LAC for the Year 2025-26.,SOPD_G_25_26_51 Construction of Road from Gumnadi to Bhogle Basti (From Ch. 0.00 m to Ch.1750.00 m ) under SOPD-G in Lakhimpur LAC for the Year 2025-26.,Works,Open Tender,Item Rate,Civil Works – Roads,No,No,NA ,02-Jan-2026 09:00 AM,08-Jan-2026 12:00 PM ,180.0,No ,No,Online,22-Jan-2026 02:30 PM,Public Works Roads Department,Lakhimpur,787001.0,2.0,"2,23,21,000",M/S NORTHERN GASES,"22,320,000",Rejected-Finance,10-Feb-2026,Public Works Roads Department
2025_PWBNH_49464_1,CE/BLD/ELECT/06/93/Pt-IV/268 Dated Guwahati the 16th December 2025,"1. Construction of 33KV dedicated feeder from Tetelitol 132/33KV Grid to Golaghat Medical College and Hospital, Bogorijeng, Golaghat. 2. Construction of 1 no of 33KV dedicated feeder bay at 132 GSS AEGCL, Golaghat for supply of power to G","1. Construction of 33KV dedicated feeder from Tetelitol 132/33KV Grid to Golaghat Medical College and Hospital, Bogorijeng, Golaghat. 2. Construction of 1 no of 33KV dedicated feeder bay at 132 GSS AEGCL, Golaghat for supply of power to G",Works,Open Tender,Item Rate,Electrical Works,No,No,NA ,18-Dec-2025 04:00 PM,23-Dec-2025 11:00 AM ,180.0,No ,No,Online,31-Dec-2025 02:30 PM,Public Works Building and NH Department||Chief Engineer-Building - PWBNH,Golaghat,785621.0,2.0,"14,50,55,035",SHREE GAUTAM CONSTRUCTION CO. LTD.,"144,984,547",Rejected-Technical,13-Feb-2026,Public Works Building and NH Department||Chief Engineer-Building - PWBNH
2025_PWD_49114_12,SKTRD/Tech/117/2025-26,SKTRD/SOPD-G/25-26/36,SKTRD/SOPD-G/25-26/36_Improvement of Bowskata Bridge Approach Road under SOPD (G) for the year 2025-26,Works,Open Tender,Item Rate,Civil Works – Roads,No,No,NA ,09-Dec-2025 02:00 PM,15-Dec-2025 12:00 PM ,180.0,No ,No,Online,29-Dec-2025 02:30 PM,Public Works Roads Department,Kamrup Rural,781125.0,2.0,"26,23,000",MANTU KALITA,"2,623,000",Not Admitted-Finance,23-Feb-2026,Public Works Roads Department
2025_PWD_47260_1,CE/DEV/TB/116/2025-26/06 Dtd- 16.08.2025,ASOM MALA 3.0_25_26_03 Improvement and Upgradation of Road from Quary Chowk to Anchali from ch.4.00km (Quary chowk) to ch.19.200km(Anchali) under Asom Mala 3.0 for the year 2025-26 (Phase-1),ASOM MALA 3.0_25_26_03 Improvement and Upgradation of Road from Quary Chowk to Anchali from ch.4.00km (Quary chowk) to ch.19.200km(Anchali) under Asom Mala 3.0 for the year 2025-26 (Phase-1),Works,Open Tender,Item Rate,Civil Works – Roads,No,No,NA ,04-Sep-2025 10:00 AM,04-Sep-2025 12:00 PM ,180.0,No ,No,Online,19-Sep-2025 02:30 PM,Public Works Roads Department,Baksa,781315.0,2.0,"52,69,22,000",RAJU CHANDRA BASUMATARY,"526,900,000",Accepted-AOC,10-Feb-2026,Public Works Roads Department
2025_SEED_45963_1,ASDM-3689/2025/Hailakandi,Hailakandi PLSDTP,Hailakandi PLSDTP,Services,Open Tender,EOI,Miscellaneous Services,No,No,NA ,28-Jul-2025 05:00 PM,NA ,180.0,No ,No,Online,20-Aug-2025 01:00 PM,Skill Employment and Entrepreneurship Department||Assam Skill Development Mission,Assam Skill Develpment Mission,781035.0,1.0,"17,21,100",NRDS Management Private Limited,"1,691,100",Not Admitted-Fee/PreQual/Technical/Finance,04-Feb-2026,Skill Employment and Entrepreneurship Department||Assam Skill Development Mission
2025_PWD_47085_72,CE/DEV/TB/60/2025-26/15 Dtd- 06.08.2025,MMPPNA_RIDF_XXXI_25_26_489 (1) Improvement of Road from S.K. Road to Kulicherra (Ch.3500.00M to Ch.4500.00M) (2) Improvement of Doloo Moinerbond Road (From Ch. 11800.00m to Ch.15600.00m) (3) Improvement of Silchar Kumbhirgram Road and Bandarmara Upar,MMPPNA_RIDF_XXXI_25_26_489 (1) Improvement of Road from S.K. Road to Kulicherra (Ch.3500.00M to Ch.4500.00M) (2) Improvement of Doloo Moinerbond Road (From Ch. 11800.00m to Ch.15600.00m) (3) Improvement of Silchar Kumbhirgram Road and Bandarmara Upar,Works,Open Tender,Item Rate,Civil Works – Roads,No,No,NA ,11-Sep-2025 12:00 PM,11-Sep-2025 12:30 PM ,180.0,No ,No,Online,19-Sep-2025 02:30 PM,Public Works Roads Department,Udharbond,788030.0,2.0,"3,94,83,000",SRI BIKASH SARMA,"39,477,916",Accepted-AOC,04-Feb-2026,Public Works Roads Department
2025_PWD_45926_90,CE/DEV/TB/60/2025-26/06 Dtd- 14.07.2025,"MMPPNA_RIDF_XXXI_25_26_281 Construction of Road from (i) 1 No. Bhitorpowai Gabhauruali to Near Borkuruka Anganwadi Centre, (ii) Motabil L.P. School to Babulal Shah Tinali under Mukhya Mantrir Paki Path Nirman Achani (MMPPNA) under RIDF-XXXI for the y","MMPPNA_RIDF_XXXI_25_26_281 Construction of Road from (i) 1 No. Bhitorpowai Gabhauruali to Near Borkuruka Anganwadi Centre, (ii) Motabil L.P. School to Babulal Shah Tinali under Mukhya Mantrir Paki Path Nirman Achani (MMPPNA) under RIDF-XXXI for the y",Works,Open Tender,Item Rate,Civil Works – Roads,No,No,NA ,30-Jul-2025 06:00 PM,04-Aug-2025 12:00 PM ,180.0,No ,No,Online,14-Aug-2025 02:30 PM,Public Works Roads Department,Margherita,786181.0,2.0,"3,02,18,000",m/s pranjal construction,"30,218,000",Rejected-Finance,06-Feb-2026,Public Works Roads Department
2025_BTCWR_49067_2,ACEWR116/2023/1381dt18/11/2025,A/E measures to protect village Lakhipur and its adjoining areas from the erosion of river Nangalbhanga on LB for the year 2025-26,A/E measures to protect village Lakhipur and its adjoining areas from the erosion of river Nangalbhanga on LB for the year 2025-26,Works,Open Tender,Item Rate,Civil Works,No,No,NA ,05-Dec-2025 05:00 PM,NA ,180.0,No ,No,Online,26-Dec-2025 04:00 PM,Bodoland Territorial Council-WRD||Addl.CE cum CHD-Kokrajhar-WRD-BTC||EE-Kokrajhar WR Div-Kokrajhar-BTC,Village Lakhipur,783370.0,2.0,"1,48,50,273",Sri Bishnu Basumatary,"14,848,264.11",Rejected-AOC,06-Feb-2026,Bodoland Territorial Council-WRD||Addl.CE cum CHD-Kokrajhar-WRD-BTC||EE-Kokrajhar WR Div-Kokrajhar-BTC
2025_PWD_48131_4,G/176/2025-26/210,Construction of Bar Tintia END Tiniali to Borbil Ghat Road from Ch.0.00m to 960.00m Length-0.96 km under SOPD G for the year 2025 26 Bihpuria LAC,Construction of Bar Tintia END Tiniali to Borbil Ghat Road from Ch.0.00m to 960.00m Length-0.96 km under SOPD G for the year 2025 26 Bihpuria LAC,Works,Open Tender,Item Rate,Civil Works,No,No,NA ,17-Oct-2025 05:30 PM,NA ,180.0,No ,No,Online,07-Nov-2025 10:00 AM,Public Works Roads Department,Bihpuria,784161.0,2.0,"47,79,684",NITUMONI BARUAH,"4,778,000",Rejected-AOC,10-Feb-2026,Public Works Roads Department
2025_PWD_47415_1,NTRD/TECH/NIT/545/2025-26/1671 Date-04/09/2025,NTRD/SOPD-G/2025-26/07,Construction of Extn. Bor Ali(Namati to Dekhow left Bank embankment) From Ch 0.00m to 300.00m L-0.300Km) under SOPD-G for the year 2025-26 under Nazira LAC.,Works,Open Tender,Item Rate,Civil Works – Roads,No,No,NA ,11-Sep-2025 02:00 PM,16-Sep-2025 01:00 PM ,180.0,No ,No,Online,18-Sep-2025 02:00 PM,Public Works Roads Department,NAZIRA LAC,785685.0,2.0,"23,84,700",LAKHINANDAN GOGOI,"2,381,241",Rejected-AOC,22-Jan-2026,Public Works Roads Department
2025_PWD_45408_69,CE/DEV/TB/60/2025-26/01 Dtd- 21.06.2025,MMPPNA_RIDF_XXXI_25_26_119 Construction of road from (1) Jamunbill to HS road (2) Hatibari TE to Naharani TE road (3) Jugibill center to 5 no Gargajuli under Mukhya Mantrir Paki Path Nirman Achani (MMPPNA) under RIDF-XXXI of NABARD for the year 2025-,MMPPNA_RIDF_XXXI_25_26_119 Construction of road from (1) Jamunbill to HS road (2) Hatibari TE to Naharani TE road (3) Jugibill center to 5 no Gargajuli under Mukhya Mantrir Paki Path Nirman Achani (MMPPNA) under RIDF-XXXI of NABARD for the year 2025-,Works,Open Tender,Item Rate,Civil Works – Roads,No,No,NA ,11-Jul-2025 09:00 AM,17-Jul-2025 12:00 PM ,180.0,No ,No,Online,28-Jul-2025 02:30 PM,Public Works Roads Department,Rangapara,784505.0,2.0,"3,90,06,000",Raj Kumar Daimary,"39,004,000",Rejected-Finance,05-Feb-2026,Public Works Roads Department
2025_ID_47662_2,14 (SOPD-G) 2025-26 Date_22.09.2025,"Installation of Solar Powered MDTW (7 points) in Thaisupar GP _Tangia GP of Lumding LAC under SOPD-G for the year 2025-26 under Hojai-Lumding- Binnakandi Division (I), Hojai (Package no. 2)","Installation of Solar Powered MDTW (7 points) in Thaisupar GP _Tangia GP of Lumding LAC under SOPD-G for the year 2025-26 under Hojai-Lumding- Binnakandi Division (I), Hojai (Package no. 2)",Works,Open Tender,Works,Civil Works,No,No,NA ,23-Sep-2025 09:00 AM,26-Sep-2025 02:00 PM ,180.0,No ,No,Online,15-Oct-2025 03:00 PM,Irrigation Department||Chief Engineer(Major)-Irrigation Dept,Hojai,782435.0,2.0,"2,01,60,011",ARNAB BHATTACHARJEE,"20,159,945",Accepted-AOC,10-Feb-2026,Irrigation Department||Chief Engineer(Major)-Irrigation Dept
2025_PWD_45926_172,CE/DEV/TB/60/2025-26/06 Dtd- 14.07.2025,"MMPPNA_RIDF_XXXI_25_26_196 Construction of (1) Namsang Changmai Gaon road by providing ICBP, (2) Bahgarh Ali Road under Mukhya Mantrir Paki Path Nirman Achani (MMPPNA) under RIDF-XXXI of NABARD for the year 2025-26.","MMPPNA_RIDF_XXXI_25_26_196 Construction of (1) Namsang Changmai Gaon road by providing ICBP, (2) Bahgarh Ali Road under Mukhya Mantrir Paki Path Nirman Achani (MMPPNA) under RIDF-XXXI of NABARD for the year 2025-26.",Works,Open Tender,Item Rate,Civil Works – Roads,No,No,NA ,02-Aug-2025 06:55 PM,04-Aug-2025 12:00 PM ,180.0,No ,No,Online,14-Aug-2025 02:30 PM,Public Works Roads Department,Demow,785662.0,2.0,"3,68,64,000",M/S K. C. CHHAWCHHARIYA,"36,862,787",Accepted-AOC,02-Feb-2026,Public Works Roads Department
2025_NHM_49118_3,NHM/ECF/674887,Establishment of 30 bedded CHC under Fifteenth Finance Health Grant scheme under NHM Assam Bihdia BPHC in Kamrup district,Establishment of 30 bedded CHC under Fifteenth Finance Health Grant scheme under NHM Assam Bihdia BPHC in Kamrup district FY 2024-25,Works,Open Tender,Turn-key,Civil Works - Building,No,No,NA ,08-Dec-2025 06:00 PM,NA ,180.0,No ,No,Online,29-Dec-2025 12:00 PM,National Health Mission||State Programme Management Unit - NHM,Bihdia BPHC in Kamrup district,781001.0,2.0,"5,73,99,637",ASHIRBAD HARDWARE,"57,399,137",Accepted-AOC,27-Feb-2026,National Health Mission||State Programme Management Unit - NHM
2025_PWD_45408_41,CE/DEV/TB/60/2025-26/01 Dtd- 21.06.2025,"MMPPNA_RIDF_XXXI_25_26_22 Construction of Road from (i) Niranjan Deuri Tiniali to Barchapori Rangamancha from Ch.0.00m to 1200.00m (Length 1.20 km), (ii) Bihpuria Borbali Road to Juga Borua MV school link road via Japjug Namghor Road from Ch.0.00m to","MMPPNA_RIDF_XXXI_25_26_22 Construction of Road from (i) Niranjan Deuri Tiniali to Barchapori Rangamancha from Ch.0.00m to 1200.00m (Length 1.20 km), (ii) Bihpuria Borbali Road to Juga Borua MV school link road via Japjug Namghor Road from Ch.0.00m to",Works,Open Tender,Item Rate,Civil Works – Roads,No,No,NA ,09-Jul-2025 03:00 PM,17-Jul-2025 12:00 PM ,180.0,No ,No,Online,28-Jul-2025 02:30 PM,Public Works Roads Department,Bihpuria,784161.0,2.0,"3,53,17,000",NITUMONI BARUAH,"35,315,000",Rejected-Finance,03-Feb-2026,Public Works Roads Department
2025_PWD_49682_7,CE/DEV/TB/60/2025-26/62 Dtd- 23.12.2025,MMPPNA_RIDF_XXXI_25_26_204 Construction of road from NLGR Road to Kangurpur Gaon under Mukhya Mantrir Paki Path Nirman Achani (MMPPNA) under RIDF-XXXI of NABARD for the year 2025-26.,MMPPNA_RIDF_XXXI_25_26_204 Construction of road from NLGR Road to Kangurpur Gaon under Mukhya Mantrir Paki Path Nirman Achani (MMPPNA) under RIDF-XXXI of NABARD for the year 2025-26.,Works,Open Tender,Item Rate,Civil Works – Roads,No,No,NA ,27-Dec-2025 09:00 AM,29-Dec-2025 02:30 PM ,180.0,No ,No,Online,05-Jan-2026 02:30 PM,Public Works Roads Department,Dhemaji,787057.0,2.0,"1,28,58,000",DULEN PEGU,"12,858,000",Accepted-AOC,12-Feb-2026,Public Works Roads Department
2025_PWD_49573_54,CE/Commn/192/PDNA/2025-26/02,PDNA/ Kamrup /02,Recovery and Reconstruction of Road from NH-31 to Phulortol village via Khatonipara village road (L 1.60KM) including Reconstruction of SPT Br. No. 1/1 under NDRF(PDNA-2022) for the year 2025-26,Works,Open Tender,Item Rate,Civil Works – Roads,No,No,NA ,24-Dec-2025 01:30 PM,26-Dec-2025 04:00 PM ,180.0,No ,No,Online,05-Jan-2026 02:30 PM,Public Works Roads Department,Kamalpur,781380.0,2.0,"1,42,00,000",SRI AMAL CHANDRA BARO,"14,200,000",Rejected-AOC,20-Feb-2026,Public Works Roads Department
2025_PWD_45818_36,CE/Commn/16/2025-26/04,Bihpuria/MMPNA/5,"Re-construction of road from Bangalmara to Ahmedpur via Daulotpur road from From Ch.0.00m to 4000.00m, L 4.0 Km underMukhya Mantrir Path Nabikaran Achani for the year 2025-26",Works,Open Tender,Item Rate,Civil Works – Roads,No,No,NA ,23-Jul-2025 06:00 PM,28-Jul-2025 04:00 PM ,180.0,No ,No,Online,11-Aug-2025 02:30 PM,Public Works Roads Department,Bihpuria,784161.0,2.0,"1,00,00,000",Gokul Chetri,"9,998,620",Accepted-AOC,18-Feb-2026,Public Works Roads Department
2025_PNRD_45754_1,E-650129 I/1163487/2025,Supply of Mukhya Mantrir Lakhimi Kits for Women Mason Trainees Lakhimi Mistri under the Rural Mason Training program of Pradhan Mantri Awaas Yojana-Gramin in Assam,Supply of Mukhya Mantrir Lakhimi Kits for Women Mason Trainees Lakhimi Mistri under the Rural Mason Training program of Pradhan Mantri Awaas Yojana-Gramin in Assam,Goods,Open Tender,Supply,Miscellaneous Goods,No,No,NA ,18-Jul-2025 06:00 PM,22-Jul-2025 03:00 PM ,180.0,No ,No,Online,16-Aug-2025 01:00 PM,Principal Secretary- P and RD- Assam Secretariat||Commissioner- P and RD- PNRD,Assam,781037.0,2.0,"2,00,00,000",Valeur Fabtex Private Limited,"14,584,800",Rejected-Finance,13-Jan-2026,Principal Secretary- P and RD- Assam Secretariat||Commissioner- P and RD- PNRD
2025_PCCF_47424_1,SOPD Roads and Bridge 6380,SOPD Roads and Bridge,Construction of Belsiri Roads RF boundary towards north by providing GSB length 7.8 KM,Works,Open Tender,Percentage,Civil Works,No,No,NA ,10-Sep-2025 01:45 PM,22-Sep-2025 11:30 AM ,90.0,No ,No,Online,03-Oct-2025 11:30 AM,"Pr. Chief Conservator of Forest and Head of Forest Force||Chief Conservator of Forests (Upper Assam Zone)||Northern Assam Circle, Tezpur||Sonitpur West Division",Belsiri roads towards north under Dhekiajuli Range,784001.0,2.0,"40,09,000",BICHITRA BASUMATARY,,Accepted-AOC,05-Feb-2026,"Pr. Chief Conservator of Forest and Head of Forest Force||Chief Conservator of Forests (Upper Assam Zone)||Northern Assam Circle, Tezpur||Sonitpur West Division"
2025_PWD_47572_3,CE/DEV/TB/60/2025-26/36 Dtd- 08.09.2025,MMPPNA_RIDF_XXXI_25_26_528 Construction of road from Khirabari Kabarstan to Barpeta cattle firm via Kadamtal and Himalaya Academy under Mukhya Mantrir Paki Path Nirman Achani (MMPPNA) under RIDF-XXXI of NABARD for the year 2025-26.,MMPPNA_RIDF_XXXI_25_26_528 Construction of road from Khirabari Kabarstan to Barpeta cattle firm via Kadamtal and Himalaya Academy under Mukhya Mantrir Paki Path Nirman Achani (MMPPNA) under RIDF-XXXI of NABARD for the year 2025-26.,Works,Open Tender,Item Rate,Civil Works – Roads,No,No,NA ,18-Sep-2025 01:00 PM,23-Sep-2025 12:00 PM ,180.0,No ,No,Online,07-Oct-2025 02:30 PM,Public Works Roads Department,Bhawanipur- Sorbhog,781352.0,2.0,"1,80,76,000",SOFIQUL ISLAM,"18,076,000",Rejected-Finance,05-Feb-2026,Public Works Roads Department
2025_DoWR_48956_1,Mech/WR/ 921,Additional Dredging works along a 5.00 KM downstream stretch of the Kolong River towards Misa by manual cleaning and Departmental cutter suction dredger along with hired chain-mounted excavators.,Additional Dredging works along a 5.00 KM downstream stretch of the Kolong River towards Misa by manual cleaning and Departmental cutter suction dredger along with hired chain-mounted excavators.,Works,Open Tender,Works,Civil Works,No,No,NA ,29-Nov-2025 06:55 PM,NA ,180.0,No ,No,Online,12-Dec-2025 03:00 PM,Department of Water Resources||Chief Engineer - DoWR,NAGAON,782001.0,2.0,"1,18,91,886",M/S M R ENTERPRISE,"427,756",Accepted-AOC,23-Feb-2026,Department of Water Resources||Chief Engineer - DoWR
2025_PWD_45816_2,CE/MAINT/SOPDG/01/2025-26/02,MAINT/SOPD-G/2025-26/08,"MAINT/SOPD-G/2025-26/08_1_Construction of Palashguri Hari Mandir to Barpathar Pt-10 under Mukhya Mantrir Pakipath Nirman Aachani, 2_Construction of NH 27 to Daukijhar Bamanpara Road from Ch 0.00m to 640.0 m, 3_Construction of Nowagaon Road to Dholag",Works,Open Tender,Item Rate,Civil Works – Roads,No,No,NA ,21-Jul-2025 05:00 PM,24-Jul-2025 12:00 PM ,180.0,No ,No,Online,14-Aug-2025 11:00 AM,Public Works Roads Department,Bongaigaon,783380.0,2.0,"2,15,10,000",Sri Bipul Choudhury,"21,509,500",Rejected-Finance,02-Feb-2026,Public Works Roads Department
2025_PWD_45827_114,CE/MAINT/SOPDG/01/2025-26/02,MAINT/SOPD-G/2025-26/90,"MAINT/SOPD-G/2025-26/90_Reconstruction of Road from 1_ Hajo Shantipur to Dhakurapara via Nadia, 2_ Reconstruction of Road from Hanuman Mandir Dhakurapara to Baralimara Bridge, 3_ Reconstruction of Road from Ghatpara Tiniali to Poravitha Satra PWD roa",Works,Open Tender,Item Rate,Civil Works – Roads,No,No,NA ,25-Jul-2025 12:00 PM,26-Jul-2025 02:00 PM ,180.0,No ,No,Online,15-Aug-2025 11:00 AM,Public Works Roads Department,Kamrup Rural,781354.0,2.0,"2,25,62,000",M/S S & J ASSOCIATES,"22,561,845",Accepted-AOC,26-Feb-2026,Public Works Roads Department
2025_FD_47398_1,AFD(SM)-36/PMMSY/2023-24/169,Supply of Fish Seed,"Fish Seed, Size grater than 5 Inch Indian Major Carp and Exotic Carp under components for Inputs for Fresh Water Aquaculture and Paddy cum Fish culture.",Goods,Open Tender,Supply,Crop Products,No,No,NA ,10-Sep-2025 10:00 AM,NA ,180.0,No ,No,Online,08-Oct-2025 01:00 PM,Department of Fisheries||Directorate of Fisheries Assam||DDF LAZ Howly||DFDO South Salmara,SOUTH SALMARA MANKACHAR,783135.0,2.0,"4,60,000",Hatsingimari Farmers Producer company Limited,"413,080",Accepted-AOC,05-Feb-2026,Department of Fisheries||Directorate of Fisheries Assam||DDF LAZ Howly||DFDO South Salmara
2026_BTC_50600_1,No.125/Infra/BTC/2022-23/385,"Construction of Bir Chilagang Basumatary Memorial Stadium at Bijni, Ulubari, Chirang under Grants to BTC for Infrastructure Development Fund for the FY 2025-26. (Package No.TN_104_01).","Construction of Bir Chilagang Basumatary Memorial Stadium at Bijni, Ulubari, Chirang under Grants to BTC for Infrastructure Development Fund for the FY 2025-26. (Package No.TN_104_01).",Works,Open Tender,Item Rate,Civil Works - Building,No,No,NA ,29-Jan-2026 10:30 AM,NA ,180.0,No ,No,Online,19-Feb-2026 02:00 PM,Bodoland Territorial Council-PWD||Director Cum CHD - PWD BTC,Kokrajhar,783370.0,2.0,"4,57,94,263",BIRKHANG BASUMATARY,"45,793,698",Rejected-AOC,26-Feb-2026,Bodoland Territorial Council-PWD||Director Cum CHD - PWD BTC
2025_PWD_45292_1,CE/CW/12/2025-26 (CRPF COMPLEX),CE/CW/12/2025-26(CRPF Complex),Improvement of campus road of CRPF Complex at 9th mile under SOPD (G) 2024-25,Works,Open Tender,Item Rate,Civil Works – Roads,No,No,NA ,02-Jul-2025 06:00 PM,NA ,180.0,No ,No,Online,09-Jul-2025 02:30 PM,Public Works Roads Department,Guwahati,781021.0,3.0,"30,58,000",choudhury Enterprise,"3,057,939",Accepted-AOC,12-Feb-2026,Public Works Roads Department
2025_PWD_48348_1,TB/281/DNTRD,Improvement of Gogamukh to Ghilamara Road (SH-22) by providing 100 M Length Causeway at Ch. 19875 M under SDMF for the year 2023-24 in Lakhimpur District.,Improvement of Gogamukh to Ghilamara Road (SH-22) by providing 100 M Length Causeway at Ch. 19875 M under SDMF for the year 2023-24 in Lakhimpur District.,Works,Open Tender,Works,Civil Works – Roads,No,No,NA ,01-Nov-2025 10:00 AM,03-Nov-2025 04:00 PM ,90.0,No ,No,Online,11-Nov-2025 10:00 AM,Public Works Roads Department,Dhakuakhana,787053.0,2.0,"1,90,24,000",GAUTAM CHANGMAI,"19,023,500",Rejected-AOC,04-Feb-2026,Public Works Roads Department
2024_PWRDW_37466_3,CE/EAP/ARRBP/01/TENDERS2024/44,Construction of Bridge in Hojai district i) Br. No. 5/1 on Dhonsila to Longjup Lila Ghat,CE/EAP/ARRBP/OCB/Bridge-1/Hojai/06 Construction of Bridge in Hojai district i) Br. No. 5/1 on Dhonsila to Longjup Lila Ghat,Works,Open Tender,Item Rate,Civil Works - Bridges,No,No,NA ,30-Mar-2024 12:55 PM,08-Apr-2024 11:00 AM ,90.0,No ,No,Online,22-Apr-2024 02:30 PM,Public Works Roads Department-Externally Aided Project||Public Works Road Department- World Bank Funded Tenders||Assam State Bridge Infrastructure Program,Hojai,782435.0,2.0,"12,93,03,000",BHRIGU NATH SHAH,"129,095,906.7",Accepted-AOC,02-Feb-2026,Public Works Roads Department-Externally Aided Project||Public Works Road Department- World Bank Funded Tenders||Assam State Bridge Infrastructure Program
2026_ID_49964_1,NIT 30/2025-26,RENOVATION AND EXTENSION OF OFFICE BUILDING OF DIBRUGARH LAHOWAL CHABUA DIVISION IRRIGATION UNDER M and R D and A FOR THE YEAR 2025 26,RENOVATION AND EXTENSION OF OFFICE BUILDING OF DIBRUGARH LAHOWAL CHABUA DIVISION IRRIGATION,Works,Open Tender,Item Rate,Civil Works,No,No,NA ,06-Jan-2026 10:00 AM,NA ,90.0,No ,No,Online,27-Jan-2026 02:30 PM,Irrigation Department||Chief Engineer(Minor Irrigation)-Irrigation Dept||Dibrugarh Circle,DIBRUGARH,786003.0,2.0,"38,91,070",BISWAJIT GOGOI,"3,891,010.26",Accepted-AOC,04-Feb-2026,Irrigation Department||Chief Engineer(Minor Irrigation)-Irrigation Dept||Dibrugarh Circle
2024_PWD_39309_4,CE/STBR/RIDF-XXX/NIT/28/2024 25/8 Dated 23-09-2024,STBR/RIDF-XXX/Mariani/02 Improvement of Jagduar Road from 7th. KM to Rowmuria village under Mukhya Mantrir Unnata Pakipath Nirman Achani under RIDF-XXX of NABARD for the year 2024-25 of Jorhat Dist (Mariani LAC),STBR/RIDF-XXX/Mariani/02 Improvement of Jagduar Road from 7th. KM to Rowmuria village under Mukhya Mantrir Unnata Pakipath Nirman Achani under RIDF-XXX of NABARD for the year 2024-25 of Jorhat Dist (Mariani LAC),Works,Open Tender,Item Rate,Civil Works – Roads,No,No,NA ,26-Sep-2024 01:00 PM,NA ,180.0,No ,No,Online,04-Oct-2024 11:00 AM,Public Works Roads Department,Mariani,785634.0,2.0,"3,59,79,000",M/S East India Construction,"35,979,000",Accepted-AOC,09-Feb-2026,Public Works Roads Department
2025_DoWR_47408_1,DIBRUGARH/2025-26/RIDF/I,A/E measures at Holokoni Majuli on the R/B of river Buridehing.,A/E measures at Holokoni Majuli on the R/B of river Buridehing.,Works,Open Tender,Works,Civil Works,No,No,NA ,09-Sep-2025 06:55 PM,NA ,180.0,No ,No,Online,04-Oct-2025 03:00 PM,Department of Water Resources||Chief Engineer - DoWR,Dibrugarh,782001.0,2.0,"7,57,31,987",RANJAN DUTTA,"75,731,987.18",Rejected-AOC,26-Feb-2026,Department of Water Resources||Chief Engineer - DoWR
2025_PWD_48234_1,KSTRD/SOPD(G)/63/2024-25/1894,Reconstruction of road from Langichook to Deurichilabandha under SOPD-G for the year 2025-26,Reconstruction of road from Langichook to Deurichilabandha under SOPD-G for the year 2025-26,Works,Open Tender,Item Rate,Civil Works – Roads,No,No,NA ,27-Oct-2025 10:00 AM,NA ,180.0,No ,No,Online,17-Nov-2025 03:00 PM,Public Works Roads Department,Kaliabor,782137.0,2.0,"47,65,000",SRI DIPAK BARUAH,"4,764,526",Rejected-Finance,10-Feb-2026,Public Works Roads Department
2025_PWD_45827_12,CE/MAINT/SOPDG/01/2025-26/02,MAINT/SOPD-G/2025-26/22,"MAINT/SOPD-G/2025-26/22_Construction of road 1_from NH_17 at Arearjhar to Pakhipara _from Ch. 0.00m to Ch. 370.00m 2_Improvement of Satyapura Paulpara Road from (Ch. 510.00m to Ch. 780.00m), 3_Construction of Drain with RCC Slab from Mahamaya Gas Age",Works,Open Tender,Item Rate,Civil Works – Roads,No,No,NA ,22-Jul-2025 12:00 PM,24-Jul-2025 12:00 PM ,180.0,No ,No,Online,14-Aug-2025 11:00 AM,Public Works Roads Department,Dhubri,783301.0,2.0,"1,52,60,000",S R Construction,"15,260,000",Rejected-Finance,02-Feb-2026,Public Works Roads Department
2025_ID_48399_1,DGEDI/T-1/Pt-VII/2021/1759,Solar powered cart mounted multifunctional irrigation scheme under SOPD(G) for the year 2025-26,Solar powered cart mounted multifunctional irrigation scheme under SOPD(G) for the year 2025-26,Works,Open Tender,Works,Civil Works - Others,No,No,NA ,03-Nov-2025 05:30 PM,NA ,180.0,No ,No,Online,27-Nov-2025 11:00 AM,Irrigation Department||Chief Engineer(Major)-Irrigation Dept||Goalpara Circle||Dudhnoi Goalpara East Division,Dudhnoi,783124.0,2.0,"21,69,394",Tarjan Rabha,"1,952,455",Rejected-Technical,01-Feb-2026,Irrigation Department||Chief Engineer(Major)-Irrigation Dept||Goalpara Circle||Dudhnoi Goalpara East Division
2025_HFWD_49445_1,AMSC-IT0PROC/6/2025,"Empanelment of service provider for Designing Outdoor Branding, Road Shows, Exhibitions, Event Management and Maintaining of Digital and Social Media Handle etc.","Empanelment of service provider for Designing Outdoor Branding, Road-Shows, Exhibitions, Event Management and Maintaining of Digital and Social Media Handle etc.",Services,Open Tender,Empanelment,Repair and Maintenance Services,No,No,NA ,18-Dec-2025 06:00 PM,23-Dec-2025 03:00 PM ,180.0,No ,No,Online,06-Jan-2026 04:30 PM,Health and Family Welfare Department||Assam Medical Services Corporation Limited,Guwahati,781026.0,1.0,"30,00,000",MEDIA UNLIMITED,1.0,Accepted-AOC,04-Feb-2026,Health and Family Welfare Department||Assam Medical Services Corporation Limited
2025_BoTC_49251_1,PJD_41 ha ARP,"Chain link Fencing 41 ha Artificial Regeneration Plantation at Bhalukjhora under Khoraghat Range, Parbatjhora Division","Chain link Fencing 41 ha Artificial Regeneration Plantation at Bhalukjhora under Khoraghat Range, Parbatjhora Division",Works,Open Tender,Works,Civil Works,No,No,NA ,13-Dec-2025 10:30 AM,NA ,180.0,No ,No,Online,31-Dec-2025 01:30 PM,Bodoland Territorial Council||Forests-BTC,Parbotjhora,783339.0,2.0,"60,26,108",M/S A.H. ENTERPRISE,"5,423,497.2",Rejected-Technical,07-Feb-2026,Bodoland Territorial Council||Forests-BTC
2025_PWD_45827_115,CE/MAINT/SOPDG/01/2025-26/02,MAINT/SOPD-G/2025-26/91,"MAINT/SOPD-G/2025-26/91_Construction of 1_ Single Cell RCC Box Culvert (4.00 X 4.00 M) at Nath chupa on Barlah Sarulah road, 2_ Reconstruction of Road from Bamundi Bazar Chowk to silguri Sobanchah Road, 3_ Reconstruction of Road from Kulhati Pension",Works,Open Tender,Item Rate,Civil Works – Roads,No,No,NA ,25-Jul-2025 02:00 PM,26-Jul-2025 02:00 PM ,180.0,No ,No,Online,15-Aug-2025 11:00 AM,Public Works Roads Department,Kamrup Rural,781354.0,2.0,"1,30,11,000",M/S S & J ASSOCIATES,"13,010,537",Accepted-AOC,26-Feb-2026,Public Works Roads Department
2025_PWBNH_49350_1,Tech/ITI/BARBARUAH/199/3294A,"Construction of Electrical Laboratory (E-Lab) at Barboruah I.T.I., Dibrugarh, Assam","Construction of Electrical Laboratory (E-Lab) at Barboruah I.T.I., Dibrugarh, Assam",Works,Open Tender,Item Rate,Civil Works - Building,No,No,NA ,16-Dec-2025 02:00 PM,18-Dec-2025 12:00 PM ,180.0,No ,No,Online,22-Dec-2025 02:00 PM,Public Works Building and NH Department||Chief Engineer-Building - PWBNH,Barbaruah,786007.0,2.0,"32,32,876",PRABHAT DEORI,"3,450,000",Accepted-AOC,11-Feb-2026,Public Works Building and NH Department||Chief Engineer-Building - PWBNH
2025_PWD_48740_1,TB/282/DNTRD/2025-26,Construction of road from Maj Patirchuk to Borkulia under SOPD (G) for the year 2025-26.,Construction of road from Maj Patirchuk to Borkulia under SOPD (G) for the year 2025-26.,Works,Open Tender,Works,Civil Works – Roads,No,No,NA ,21-Nov-2025 10:00 AM,22-Nov-2025 02:00 PM ,90.0,No ,No,Online,06-Dec-2025 04:00 PM,Public Works Roads Department,Dhakuakhana,787053.0,2.0,"42,00,000",Mrs Junaki Doley,"4,199,730",Rejected-AOC,20-Jan-2026,Public Works Roads Department
2025_DCA_48884_1,JCSA. 8/2025/76,"supply, installation, testing and commissioning of Projector, Projector Screen, P.A. System etc","supply, installation, testing and commissioning of Projector, Projector Screen, P.A. System etc",Services,Open Tender,Item Rate,Miscellaneous Services,No,No,NA ,28-Nov-2025 02:00 PM,NA ,180.0,No ,No,Online,20-Dec-2025 03:00 PM,Department of Cultural Affairs||Directorate of Cultural Affairs||Jyoti Chitraban Film Studio Society,Ghy,781019.0,2.0,"35,00,000",Ace Acoustics And Audio Video Solutions Pvt. Ltd,"3,497,820",Accepted-AOC,09-Feb-2026,Department of Cultural Affairs||Directorate of Cultural Affairs||Jyoti Chitraban Film Studio Society
2025_PWD_49090_1,NIT/JTTRD/2024-25/001/1731,"Improvement of (i) Rupahi Path Napaam, (iii) Samannay Path (By Lane 2), (iv) Udayan Path, (v) Kanaklata Path by GWC under SOPD_G under PWRD, Jorhat and Titabor Territorial Road Division for the year 2025_26 in Jorhat LAC","Improvement of (i) Rupahi Path Napaam, (iii) Samannay Path (By Lane 2), (iv) Udayan Path, (v) Kanaklata Path by GWC under SOPD_G under PWRD, Jorhat and Titabor Territorial Road Division for the year 2025_26 in Jorhat LAC",Works,Open Tender,Item Rate,Civil Works – Roads,No,No,NA ,08-Dec-2025 11:00 AM,NA ,180.0,No ,No,Online,12-Dec-2025 02:30 PM,Public Works Roads Department,Jorhat,785001.0,2.0,"22,45,000",SD Enterprise,"2,226,995.51",Accepted-AOC,19-Jan-2026,Public Works Roads Department
2025_PWD_45408_148,CE/DEV/TB/60/2025-26/01 Dtd- 21.06.2025,"MMPPNA_RIDF_XXXI_25_26_36 Construction of Road from Malaysia Tiniali at Matmara Mini Stadium, Kachukoibarta PWD, Phanichuk, Dighala Chapori, Batsora and Balijan near Basudev Than under Mukhya Mantrir Paki Path Nirman Achani (MMPPNA) under RIDF-XXXI o","MMPPNA_RIDF_XXXI_25_26_36 Construction of Road from Malaysia Tiniali at Matmara Mini Stadium, Kachukoibarta PWD, Phanichuk, Dighala Chapori, Batsora and Balijan near Basudev Than under Mukhya Mantrir Paki Path Nirman Achani (MMPPNA) under RIDF-XXXI o",Works,Open Tender,Item Rate,Civil Works – Roads,No,No,NA ,16-Jul-2025 06:30 PM,17-Jul-2025 12:00 PM ,180.0,No ,No,Online,28-Jul-2025 02:30 PM,Public Works Roads Department,Dhakuakhana,787055.0,2.0,"2,10,99,000",MADHAB SAIKIA,"21,092,129",Rejected-Finance,09-Feb-2026,Public Works Roads Department
2025_PWD_45818_37,CE/Commn/16/2025-26/04,Duliajan/SOPD-G/05,Construction of(i) PashudiRoad to Bijuwar Basti Road (0 to 500m)ii) Construction of 1No.MohmariGarh Basti Road(2 No OCS) (0 to 350m)iii) Construction of 2No Naoholia Munda Ghar road from Ch 0M to 600m under SOPD-G for the year 2025-26 Duliajan LAC,Works,Open Tender,Item Rate,Civil Works – Roads,No,No,NA ,23-Jul-2025 06:00 PM,28-Jul-2025 04:00 PM ,180.0,No ,No,Online,11-Aug-2025 02:30 PM,Public Works Roads Department,Duliajan,786602.0,2.0,"96,02,850",BIDYUT DUTTA,"9,600,392",Accepted-AOC,18-Feb-2026,Public Works Roads Department
2025_PWD_45408_40,CE/DEV/TB/60/2025-26/01 Dtd- 21.06.2025,"MMPPNA_RIDF_XXXI_25_26_21 Construction of Road from (i) Arimoraghat Road to Majkachua from Ch.0.00m to 1640.00m (Length 1.640 km), (ii) Maghnuwa to Jorhatia Road from Ch.0.00m to 1540.00m (Length 1.540 km) , (iii) Latabari Horimandir to Howajan Arimo","MMPPNA_RIDF_XXXI_25_26_21 Construction of Road from (i) Arimoraghat Road to Majkachua from Ch.0.00m to 1640.00m (Length 1.640 km), (ii) Maghnuwa to Jorhatia Road from Ch.0.00m to 1540.00m (Length 1.540 km) , (iii) Latabari Horimandir to Howajan Arimo",Works,Open Tender,Item Rate,Civil Works – Roads,No,No,NA ,09-Jul-2025 03:00 PM,17-Jul-2025 12:00 PM ,180.0,No ,No,Online,28-Jul-2025 02:30 PM,Public Works Roads Department,Bihpuria,784161.0,2.0,"4,68,61,000",Mohan Ranjan Borgohain,"46,860,000",Accepted-AOC,03-Feb-2026,Public Works Roads Department
2025_PWD_45926_46,CE/DEV/TB/60/2025-26/06 Dtd- 14.07.2025,MMPPNA_RIDF_XXXI_25_26_200 Construction of Road from Dhemaji Engineering College road to Forest Gate Balisori road under Mukhya Mantrir Paki Path Nirman Achani (MMPPNA) under RIDF-XXXI of NABARD for the year 2025-26.,MMPPNA_RIDF_XXXI_25_26_200 Construction of Road from Dhemaji Engineering College road to Forest Gate Balisori road under Mukhya Mantrir Paki Path Nirman Achani (MMPPNA) under RIDF-XXXI of NABARD for the year 2025-26.,Works,Open Tender,Item Rate,Civil Works – Roads,No,No,NA ,28-Jul-2025 06:00 PM,04-Aug-2025 12:00 PM ,180.0,No ,No,Online,14-Aug-2025 02:30 PM,Public Works Roads Department,Dhemaji,787057.0,2.0,"2,20,35,000",RITUPARNA DEVI CHUTIA,"22,034,000",Rejected-Finance,06-Feb-2026,Public Works Roads Department
2025_PWD_45926_173,CE/DEV/TB/60/2025-26/06 Dtd- 14.07.2025,MMPPNA_RIDF_XXXI_25_26_197 Construction of (i) Jutuliting to Kalithan (Length-2.52 km) (ii) Darikibam Na Ali (Length-2.230 km) by providing ICBP (iii) Dimual Darika road by providing ICBP under Mukhya Mantrir Paki Path Nirman Achani (MMPPNA) under RI,MMPPNA_RIDF_XXXI_25_26_197 Construction of (i) Jutuliting to Kalithan (Length-2.52 km) (ii) Darikibam Na Ali (Length-2.230 km) by providing ICBP (iii) Dimual Darika road by providing ICBP under Mukhya Mantrir Paki Path Nirman Achani (MMPPNA) under RI,Works,Open Tender,Item Rate,Civil Works – Roads,No,No,NA ,02-Aug-2025 06:55 PM,04-Aug-2025 12:00 PM ,180.0,No ,No,Online,14-Aug-2025 02:30 PM,Public Works Roads Department,Demow,785662.0,2.0,"5,40,40,000",M/S BARUAH TRADERS,"54,039,980",Rejected-Finance,12-Feb-2026,Public Works Roads Department
2025_DoWR_47528_1,BAKSA/2025-26/RIDF/I,Construction of embankment on the L/B of river Kaldia from Jallah PWD bridge to 3 No Ghogapar including A/E measures at different reaches.,Construction of embankment on the L/B of river Kaldia from Jallah PWD bridge to 3 No Ghogapar including A/E measures at different reaches.,Works,Open Tender,Works,Civil Works,No,No,NA ,15-Sep-2025 06:55 PM,NA ,180.0,No ,No,Online,07-Oct-2025 03:00 PM,Department of Water Resources||Chief Engineer - DoWR,BAKSA,781344.0,2.0,"5,60,13,575",PABITRA KUMAR DEKA,"55,431,509.6",Rejected-Technical,25-Feb-2026,Department of Water Resources||Chief Engineer - DoWR
2025_PWHE_47106_1,IN-ASSAM PWD-510401-CW-RFB,Construction of Class Rooms under Assam School Education and Adolescent Well-Being Project (ASAP) under Charaideo DTBD for i. Purbanchal H.S. ii. Patsaku H.S. iii. Milanpur Dewgharia H.S. iv. Ujanikuri M.V.S.,Construction of Class Rooms under Assam School Education and Adolescent Well-Being Project (ASAP) under Charaideo DTBD for i. Purbanchal H.S. ii. Patsaku H.S. iii. Milanpur Dewgharia H.S. iv. Ujanikuri M.V.S.,Works,Open Tender,Item Rate,Civil Works - Building,No,No,NA ,29-Aug-2025 04:30 PM,15-Sep-2025 11:30 AM ,180.0,No ,No,Online,04-Oct-2025 05:00 PM,Public Works Health and Education Department-Externally Aided Project||Public Works Health and Education Department-WB,Charaideo,785690.0,2.0,"14,03,91,690",Jyoti Constro Commercials,"159,819,885",Rejected-AOC,13-Feb-2026,Public Works Health and Education Department-Externally Aided Project||Public Works Health and Education Department-WB
2025_PWBNH_44092_5,"CE/TB-VI/RIDF-XXX/1/2024/17 Dated Guwahati the 17th March, 2025","Construction of 126 Secondary Schools in 35 Districts of Assam under RIDF-XXX (2024-25) for (i) Dalgoma Higher Secondary School, Matia (ii) Darrangiri Higher Secondary School, Dudhnoi under Goalpara DTBD (Gr-8)","Construction of 126 Secondary Schools in 35 Districts of Assam under RIDF-XXX (2024-25) for (i) Dalgoma Higher Secondary School, Matia (ii) Darrangiri Higher Secondary School, Dudhnoi under Goalpara DTBD (Gr-8)",Works,Open Tender,Item Rate,Civil Works - Building,No,No,NA ,17-Apr-2025 05:00 PM,21-Apr-2025 11:30 AM ,180.0,No ,No,Online,15-May-2025 03:00 PM,Public Works Building and NH Department||Chief Engineer-Building - PWBNH,Goalpara,783101.0,2.0,"14,43,70,000",MS ZED ENGINEERS,"147,257,400",Rejected-Technical,23-Feb-2026,Public Works Building and NH Department||Chief Engineer-Building - PWBNH
2025_DMEAP_46702_1,IN-ASDMA-508409-CW-RFB,Procurement of Civil Works for Retrofitting Augmentation of 1 existing school in Biswanath District of Assam under Assam Integrated River Basin Management Project AIRBMP,Procurement of Civil Works for Retrofitting Augmentation of 1 existing school in Biswanath District of Assam under Assam Integrated River Basin Management Project AIRBMP,Works,Open Tender,Item Rate,Civil Works - Building,No,No,NA ,20-Aug-2025 12:30 PM,04-Sep-2025 03:00 PM ,120.0,No ,No,Online,04-Oct-2025 12:15 PM,Assam State Disaster Management Authority- Externally Aided Project||Assam State Disaster Management Authority- World Bank Funded Tenders||Assam Integrated River Basin Management Programme,Works,781006.0,2.0,"1,31,16,770",M/S PRAGATI SALES AND SUPPLY,"13,387,000",Rejected-Technical,23-Jan-2026,Assam State Disaster Management Authority- Externally Aided Project||Assam State Disaster Management Authority- World Bank Funded Tenders||Assam Integrated River Basin Management Programme
2025_PWD_45408_68,CE/DEV/TB/60/2025-26/01 Dtd- 21.06.2025,MMPPNA_RIDF_XXXI_25_26_118 Construction of (1) road from Ghoramari Dhekidol to Panbari Road (2) road from Sessa Girjaline LP School to Sessa new Line Road (3) road from Balipara to Molanpukhuri village road (4) Hatibari TE Road under Mukhya Mantrir P,MMPPNA_RIDF_XXXI_25_26_118 Construction of (1) road from Ghoramari Dhekidol to Panbari Road (2) road from Sessa Girjaline LP School to Sessa new Line Road (3) road from Balipara to Molanpukhuri village road (4) Hatibari TE Road under Mukhya Mantrir P,Works,Open Tender,Item Rate,Civil Works – Roads,No,No,NA ,11-Jul-2025 09:00 AM,17-Jul-2025 12:00 PM ,180.0,No ,No,Online,28-Jul-2025 02:30 PM,Public Works Roads Department,Rangapara,784505.0,2.0,"4,09,25,000",LALIT KUMAR AGARWALA,"40,925,000",Accepted-AOC,07-Feb-2026,Public Works Roads Department
2025_PWD_45926_91,CE/DEV/TB/60/2025-26/06 Dtd- 14.07.2025,"MMPPNA_RIDF_XXXI_25_26_282 Construction of Road from (i) Dibong Tiniali to Rajkhowa Chariali, (ii) Gojeswar Changmai Tiniali to Phaneg Phakial Goan under Mukhya Mantrir Paki Path Nirman Achani (MMPPNA) under RIDF-XXXI for the year of 2025-26.","MMPPNA_RIDF_XXXI_25_26_282 Construction of Road from (i) Dibong Tiniali to Rajkhowa Chariali, (ii) Gojeswar Changmai Tiniali to Phaneg Phakial Goan under Mukhya Mantrir Paki Path Nirman Achani (MMPPNA) under RIDF-XXXI for the year of 2025-26.",Works,Open Tender,Item Rate,Civil Works – Roads,No,No,NA ,30-Jul-2025 06:00 PM,04-Aug-2025 12:00 PM ,180.0,No ,No,Online,14-Aug-2025 02:30 PM,Public Works Roads Department,Margherita,786181.0,2.0,"2,48,66,000",m/s pranjal construction,"24,866,000",Rejected-Finance,06-Feb-2026,Public Works Roads Department
2025_PWD_48131_5,G/176/2025-26/210,Reconstruction of Road from Borbali to Nagaya Road Ch.0.00m to Ch.1000.00m under SOPD-G for the year 2025 26 Bihpuria LAC,Reconstruction of Road from Borbali to Nagaya Road Ch.0.00m to Ch.1000.00m under SOPD-G for the year 2025 26 Bihpuria LAC,Works,Open Tender,Item Rate,Civil Works,No,No,NA ,17-Oct-2025 06:00 PM,NA ,180.0,No ,No,Online,07-Nov-2025 10:00 AM,Public Works Roads Department,Bihpuria,784161.0,2.0,"24,99,127",Nitya Boruah,"2,499,101",Accepted-AOC,13-Feb-2026,Public Works Roads Department
2025_BTCWR_49067_3,ACEWR116/2023/1381dt18/11/2025,Protection of Simlaguri village and its adjoining areas from the erosion of river Nangalbhanga on LB for the year 2025-26,Protection of Simlaguri village and its adjoining areas from the erosion of river Nangalbhanga on LB for the year 2025-26,Works,Open Tender,Item Rate,Civil Works,No,No,NA ,05-Dec-2025 05:00 PM,NA ,180.0,No ,No,Online,26-Dec-2025 04:00 PM,Bodoland Territorial Council-WRD||Addl.CE cum CHD-Kokrajhar-WRD-BTC||EE-Kokrajhar WR Div-Kokrajhar-BTC,Village Simlaguri,783370.0,2.0,"1,48,51,377",Abhijit Debnath,"14,848,169.91",Accepted-AOC,09-Feb-2026,Bodoland Territorial Council-WRD||Addl.CE cum CHD-Kokrajhar-WRD-BTC||EE-Kokrajhar WR Div-Kokrajhar-BTC
2025_PWD_45926_85,CE/DEV/TB/60/2025-26/06 Dtd- 14.07.2025,"MMPPNA_RIDF_XXXI_25_26_273 1) Construction of Road from Seajuli railway crossing to Lila Krishna ME school via 7No from Ch. 0.00 m to 2820.00 m, (L 2.820 KM) 2) Construction of Road from Bukanala High to Gopalpur gaon (from Ch. 0.00 m to 2200.00 m (L","MMPPNA_RIDF_XXXI_25_26_273 1) Construction of Road from Seajuli railway crossing to Lila Krishna ME school via 7No from Ch. 0.00 m to 2820.00 m, (L 2.820 KM) 2) Construction of Road from Bukanala High to Gopalpur gaon (from Ch. 0.00 m to 2200.00 m (L",Works,Open Tender,Item Rate,Civil Works – Roads,No,No,NA ,30-Jul-2025 06:00 PM,04-Aug-2025 12:00 PM ,180.0,No ,No,Online,14-Aug-2025 02:30 PM,Public Works Roads Department,Lakhimpur,787001.0,2.0,"12,80,54,000",M/S Khushi Constructions,"128,053,000",Rejected-Finance,05-Feb-2026,Public Works Roads Department
2025_GMC_47287_21,GER/CE/2504/2025/05 Dated_01/09/2025,Construction of Community Hall under Ward No-24,Construction of Community Hall under Ward No-24,Works,Open Tender,Lump-sum,Civil Works,No,No,NA ,06-Sep-2025 01:00 PM,08-Sep-2025 12:00 PM ,120.0,No ,No,Online,07-Oct-2025 02:30 PM,Guwahati Municipal Corporation,Guwahati,781006.0,2.0,,DIPEN RONGHANG,"1,490,000",Rejected-Technical,04-Feb-2026,Guwahati Municipal Corporation
2025_PWD_49114_13,SKTRD/Tech/117/2025-26,SKTRD/SOPD-G/25-26/37,SKTRD/SOPD-G/25-26/37_Improvement of PWD road to Bhauriabhitha Road under SOPD (G) for the year 2025-26.,Works,Open Tender,Item Rate,Civil Works – Roads,No,No,NA ,09-Dec-2025 02:00 PM,15-Dec-2025 12:00 PM ,180.0,No ,No,Online,29-Dec-2025 02:30 PM,Public Works Roads Department,Kamrup Rural,781125.0,2.0,"16,27,000",MANTU KALITA,"1,627,000",Not Admitted-Finance,23-Feb-2026,Public Works Roads Department
2026_PWD_50183_10,CE/Commn/192/2025-26/24,PDNA/ Kamrup /07,Recovery and Reconstruction of Doukuchi Paharpara Wooden Bridge road under NDRF(PDNA-2022) for the year 2025-26,Works,Open Tender,Item Rate,Civil Works – Roads,No,No,NA ,12-Jan-2026 05:00 PM,16-Jan-2026 05:00 PM ,180.0,No ,No,Online,22-Jan-2026 02:30 PM,Public Works Roads Department||CE PWD(R) - PWD||Traffic Engineering Cell - PWD,Kamrup,781031.0,2.0,"1,80,00,000",MANTU KALITA,"15,827,400",Rejected-AOC,27-Feb-2026,Public Works Roads Department||CE PWD(R) - PWD||Traffic Engineering Cell - PWD
2025_KAAC_46476_1,ACEH/CS/SSA/03/2025-26/NSL38,Construction of 50 bedded hostel separately for boys and girls at Rongmongve High School under the scheme Dharti Aaba Janjatiya Gram Utkarsh Abhiyan,Construction of 50 bedded hostel separately for boys and girls at Rongmongve High School under the scheme Dharti Aaba Janjatiya Gram Utkarsh Abhiyan,Works,Open Tender,Item Rate,Civil Works - Building,No,No,NA ,18-Aug-2025 11:00 AM,20-Aug-2025 12:00 PM ,180.0,No ,No,Online,30-Aug-2025 11:00 AM,Karbi Anglong Autonomous Council||PWD||Addl. Chief Engineer Diphu,Rongmongwe,782461.0,2.0,"3,78,75,000",Power Tools and Engineering,"37,858,695.23",Rejected-AOC,11-Feb-2026,Karbi Anglong Autonomous Council||PWD||Addl. Chief Engineer Diphu
2025_GMC_47288_5,GER/CE/2505/2025/6 Dated_01/09/2025,Construction of Toilet under Ward No.54,Construction of Toilet under Ward No.54,Works,Open Tender,Lump-sum,Civil Works,No,No,NA ,05-Sep-2025 01:45 PM,08-Sep-2025 12:00 PM ,120.0,No ,No,Online,07-Oct-2025 02:30 PM,Guwahati Municipal Corporation,Guwahati,781006.0,2.0,,M/S CREATIVE POWER ENTERPRISE,"1,600,000",Rejected-AOC,23-Feb-2026,Guwahati Municipal Corporation
2025_DoWR_48051_2,JORHAT/2025-26/NDMF/I,"Augmentation of Storage Capacity of Jelengitup Chinamornigarh Wetland for flood regulation, Package 3.","Augmentation of Storage Capacity of Jelengitup Chinamornigarh Wetland for flood regulation, Package 3.",Works,Open Tender,Works,Civil Works,No,No,NA ,10-Nov-2025 06:55 PM,NA ,180.0,No ,No,Online,21-Nov-2025 03:00 PM,Department of Water Resources||Chief Engineer - DoWR,Jorhat,785001.0,2.0,"32,64,03,135",M/S NORTHERN GASES,"326,397,426.41",Accepted-AOC,30-Jan-2026,Department of Water Resources||Chief Engineer - DoWR
2025_PWHE_48459_1,IN-ASSAM PWD-508032-CW-RFB,Package No. 3 Construction of Class Rooms under Assam School Education and Adolescent Well-Being Project (ASAP) under Goalpara and South Salmara DTBD for i. Dwarka Gojapara High School ii. Hatigaon High School iii. Nibari High School iv. Sanmal Memor,Package No. 3 Construction of Class Rooms under Assam School Education and Adolescent Well-Being Project (ASAP) under Goalpara and South Salmara DTBD for i. Dwarka Gojapara High School ii. Hatigaon High School iii. Nibari High School iv. Sanmal Memor,Works,Open Tender,Item Rate,Civil Works - Building,No,No,NA ,07-Nov-2025 11:00 AM,13-Nov-2025 11:30 AM ,180.0,No ,No,Online,21-Nov-2025 05:00 PM,Public Works Health and Education Department-Externally Aided Project||Public Works Health and Education Department-WB,Goalpara,783101.0,2.0,"14,01,84,696",MS ZED ENGINEERS,"130,371,600",Rejected-Technical,27-Feb-2026,Public Works Health and Education Department-Externally Aided Project||Public Works Health and Education Department-WB
2025_PWRDW_42315_10,CEEAPARRBP111TENDERS2024Pt-I38,Construction of Bridge in Karbi-Anglong district i) Br. No. 4/2 on Rangsali Deithor Road,CE/EAP/ARRBP/OCB/Bridge-1/Karbi-Anglong/17B Construction of Bridge in Karbi-Anglong district i) Br. No. 4/2 on Rangsali Deithor Road,Works,Open Tender,Item Rate,Civil Works - Bridges,No,No,NA ,24-Jan-2025 01:00 PM,29-Jan-2025 11:00 AM ,180.0,No ,No,Online,24-Feb-2025 02:30 PM,Public Works Roads Department-Externally Aided Project||Public Works Road Department- World Bank Funded Tenders||Assam State Bridge Infrastructure Program,Karbi-Anglong,782462.0,2.0,"2,29,55,000",Amal Bharali,"22,851,000",Accepted-AOC,19-Feb-2026,Public Works Roads Department-Externally Aided Project||Public Works Road Department- World Bank Funded Tenders||Assam State Bridge Infrastructure Program
2025_GU_49026_1,STRCGU/2025/053 Date 03.12.2025,Supply and installation of a High-Performance Workstation,supply and installation of a High-Performance Workstation,Goods,Open Tender,Item Rate,Electronics Equipment,No,No,NA ,03-Dec-2025 05:00 PM,NA ,90.0,No ,No,Online,19-Dec-2025 03:00 PM,Gauhati University,Gauhati University,781014.0,2.0,,PRAYAKH INFOTECH,"2,649,945",Accepted-AOC,05-Feb-2026,Gauhati University
2025_PCCF_48383_1,DBR /CAMPA/2025-26/08,Erection of Fencing of 9.86 ha SSP(CA) Plantation,Erection of Fencing of 9.86 ha SSP(CA) Plantation at Dehingmukh RF under Dibrugarh Range,Works,Open Tender,Works,Agricultural or Forestry,No,No,NA ,03-Nov-2025 12:20 PM,05-Nov-2025 11:30 AM ,180.0,No ,No,Online,25-Dec-2025 04:30 PM,"Pr. Chief Conservator of Forest and Head of Forest Force||Chief Conservator of Forests (Upper Assam Zone)||Eastern Assam Circle, Jorhat||Dibrugarh Division",Dehingmukh RF,786001.0,2.0,"22,58,960",KAUSHAL SHARMA,"2,033,064",Rejected-AOC,07-Feb-2026,"Pr. Chief Conservator of Forest and Head of Forest Force||Chief Conservator of Forests (Upper Assam Zone)||Eastern Assam Circle, Jorhat||Dibrugarh Division"
2025_DAASC_47603_1,A/IPMU/NFSM_A_M/1700/24-25/21,Empanelment of manufactures of Agricultural Machineries,Empanelment of manufactures of Agricultural Machineries,Goods,Open Tender,Empanelment,Machineries,No,No,NA ,19-Sep-2025 05:00 PM,03-Oct-2025 12:00 PM ,90.0,No ,No,Online,24-Oct-2025 02:00 PM,Directorate of Agriculture and Assam Seed Corporation,Khanapara,781022.0,1.0,,Indicon Agro Industries LLP,0.0,Accepted-AOC,06-Feb-2026,Directorate of Agriculture and Assam Seed Corporation
2025_PWD_45111_1,TB/268/DNTRD/2025-26/482/3,Improvement of road from Namoni Khamon Tiniali to Sarbodaya School (from Ch. 0 M to Ch. 1000M) by Cell Filled Concrete Technology under SDMF for the year 2024-25 in Lakhimpur District.,Improvement of road from Namoni Khamon Tiniali to Sarbodaya School (from Ch. 0 M to Ch. 1000M) by Cell Filled Concrete Technology under SDMF for the year 2024-25 in Lakhimpur District.,Works,Open Tender,Works,Civil Works – Roads,No,No,NA ,27-Jun-2025 10:00 AM,NA ,90.0,No ,No,Online,18-Jul-2025 10:00 AM,Public Works Roads Department,Dhakuakhana,787053.0,2.0,"1,53,78,437",SUNIL PATIR,"14,609,515",Rejected-AOC,21-Jan-2026,Public Works Roads Department
2025_AEGCL_46805_1,AEGCL/MD/Tech-1142/OPGW/BID,Installation of Live-Line 24F (DWSM) OPGW on existing 132KV Baghjhap HPC line to connect the Upcoming 132KV/33KV TSAT substation with existing 132KV Baghjhap GSS by replacing the existing Ground wire with 24F OPGW,Installation of Live-Line 24F (DWSM) OPGW on existing 132KV Baghjhap HPC line to connect the Upcoming 132KV/33KV TSAT substation with existing 132KV Baghjhap GSS by replacing the existing Ground wire with 24F OPGW,Works,Open Tender,Turn-key,Electrical Works,No,No,NA ,22-Aug-2025 12:00 PM,NA ,180.0,No ,No,Online,04-Oct-2025 04:00 PM,Assam Electricity Grid Corporation Ltd||CGM (T and T),Jagiroad,782410.0,2.0,"47,66,728",STEEL PRODUCTS LIMITED,"4,759,677",Rejected-Technical,03-Feb-2026,Assam Electricity Grid Corporation Ltd||CGM (T and T)
2025_PHED_48822_1,SEPH/GC/TB-152/Vol-36/25-26,"WATER SUPPLY ARRANGEMENT AT MADAN KAMDEV SHIVA GAHBAR YOUGIK ASHRAM, MADAN NAGAR, BAIHATA CHARIALI, KAMRUP","WATER SUPPLY ARRANGEMENT AT MADAN KAMDEV SHIVA GAHBAR YOUGIK ASHRAM, MADAN NAGAR, BAIHATA CHARIALI, KAMRUP UNDER GUWAHATI DIVISION NO-I UNDER SOPD-G FOR THE YEAR 2024-25",Works,Open Tender,Item Rate,Civil Works,No,No,NA ,21-Nov-2025 06:00 PM,28-Nov-2025 02:00 PM ,90.0,No ,No,Online,15-Dec-2025 03:00 PM,Public Health Engineering Department||Chief Engineer PHE(P)-Assam-PHED||Lower Assam Zone-Guwahati-PHED||Guwahati Circle-Guwahati-PHED,Baihata Chariali,781381.0,2.0,"89,04,000",Sushil Kumar Agarwala,"8,903,000",Rejected-Technical,28-Jan-2026,Public Health Engineering Department||Chief Engineer PHE(P)-Assam-PHED||Lower Assam Zone-Guwahati-PHED||Guwahati Circle-Guwahati-PHED
2025_SEED_45964_1,ASDM-3686/2025/DHUBRI,Dhubri PLSDTP,Dhubri PLSDTP,Services,Open Tender,EOI,Miscellaneous Services,No,No,NA ,28-Jul-2025 05:00 PM,NA ,180.0,No ,No,Online,20-Aug-2025 01:00 PM,Skill Employment and Entrepreneurship Department||Assam Skill Development Mission,Assam Skill Development Mission,781035.0,1.0,"15,71,100",Ajitaaksh Ventures Pvt Ltd,"1,541,100",Accepted-AOC,03-Feb-2026,Skill Employment and Entrepreneurship Department||Assam Skill Development Mission
2026_FD_50860_1,AFG.47/SOPD Pt-I/2025-26/1076 Dated 5/2/2026,Construction of New Pond in low lying/suitable area and Renovation of existing ponds,Construction of New Pond in low lying/suitable area and Renovation of existing ponds under Development Approach in Fisheries and Aquaculture through Cluster based Initiatives under SOPD 2025-26,Works,Open Tender,Works,Civil Works,No,No,NA ,06-Feb-2026 10:00 AM,NA ,180.0,No ,No,Online,26-Feb-2026 12:30 PM,Department of Fisheries||Directorate of Fisheries Assam||DDF UAZ Joysagar||DFDO Golaghat,"Gomariguri block, Golaghat",785621.0,2.0,"52,00,000",Mr. PUNA BORA,"5,199,990.83",Accepted-AOC,26-Feb-2026,Department of Fisheries||Directorate of Fisheries Assam||DDF UAZ Joysagar||DFDO Golaghat
2024_WREAP_38681_1,FREMAA/13-2020/307/T-406,"Supply, installation and activation of 1 nos. of AutoCAD 2025 Single User One Year (Annual) License at FREMAA","Supply, installation and activation of 1 nos. of AutoCAD 2025 Single User One Year (Annual) License at FREMAA",Goods,Open Tender,Supply,Computer- S/W,No,No,NA ,29-Aug-2024 02:35 PM,NA ,120.0,No ,No,Not Applicable,30-Sep-2024 04:00 PM,Department of Water Resources-Externally Aided Project||Flood and River Erosion Management Agency of Assam||WRD- ADB Funded Tenders,"FREMAA, Assam Water Centre, Basistha, Guwahati",781029.0,1.0,,TRISITA ENGINEERING LLP,"84,210",Rejected-Technical,20-Feb-2026,Department of Water Resources-Externally Aided Project||Flood and River Erosion Management Agency of Assam||WRD- ADB Funded Tenders
2025_PWD_45408_33,CE/DEV/TB/60/2025-26/01 Dtd- 21.06.2025,"MMPPNA_RIDF_XXXI_25_26_02 Construction of Road from (1) Dekapara Rail Gate to Jalikhata Village, (2) Birkola Shiva Mandir to Baruapara Kali Mandir Chowk including approach roads 1 and 2 under Mukhya Mantrir Paki Path Nirman Achani (MMPPNA) under RIDF","MMPPNA_RIDF_XXXI_25_26_02 Construction of Road from (1) Dekapara Rail Gate to Jalikhata Village, (2) Birkola Shiva Mandir to Baruapara Kali Mandir Chowk including approach roads 1 and 2 under Mukhya Mantrir Paki Path Nirman Achani (MMPPNA) under RIDF",Works,Open Tender,Item Rate,Civil Works – Roads,No,No,NA ,09-Jul-2025 03:00 PM,17-Jul-2025 12:00 PM ,180.0,No ,No,Online,28-Jul-2025 02:30 PM,Public Works Roads Department,Bajali,781325.0,2.0,"2,04,15,000",SRI SAILENDRA KALITA,"20,415,000",Rejected-Finance,27-Feb-2026,Public Works Roads Department
2025_PWD_45926_21,CE/DEV/TB/60/2025-26/06 Dtd- 14.07.2025,"MMPPNA_RIDF_XXXI_25_26_180 Construction of road from (1) Dafalakata to Maulabi Basti Road, (2) Ghuramari to Kalapani via Bapujar Road under Mukhya Mantrir Paki Path Nirman Achani (MMPPNA) under RIDF-XXXI of NABARD for the year 2025-26.","MMPPNA_RIDF_XXXI_25_26_180 Construction of road from (1) Dafalakata to Maulabi Basti Road, (2) Ghuramari to Kalapani via Bapujar Road under Mukhya Mantrir Paki Path Nirman Achani (MMPPNA) under RIDF-XXXI of NABARD for the year 2025-26.",Works,Open Tender,Item Rate,Civil Works – Roads,No,No,NA ,26-Jul-2025 06:00 PM,04-Aug-2025 12:00 PM ,180.0,No ,No,Online,14-Aug-2025 02:30 PM,Public Works Roads Department,Biswanath,784176.0,2.0,"4,02,06,000",SAILAJA COMMERCIAL CONSTRUCTION PVT LTD,"40,206,000",Rejected-Finance,06-Feb-2026,Public Works Roads Department
2025_PWD_49573_32,CE/Commn/192/PDNA/2025-26/02,PDNA/ Darrang/03,"Recovery and Reconstruction of MPK Road to Kaljuri Bridge Approach Road (L 1.230 km) under NDRF(PDNA-2022) for the year 2025-26, Sipajhar LAC",Works,Open Tender,Item Rate,Civil Works – Roads,No,No,NA ,23-Dec-2025 06:30 PM,26-Dec-2025 04:00 PM ,180.0,No ,No,Online,05-Jan-2026 02:30 PM,Public Works Roads Department,Sipajhar,784145.0,2.0,"2,48,64,300",FIROJ ALI,"24,850,260",Accepted-AOC,23-Feb-2026,Public Works Roads Department
2025_PHED_47892_1,PHEE/NL/2025-26/TC-04/11162-68,UTILITY SHIFTING OF BURABURHI PWSS UNDER SOPD FOR THE YEAR 2025-26 UNDER PHE NL DIVISION,UTILITY SHIFTING OF BURABURHI PWSS UNDER SOPD FOR THE YEAR 2025-26 UNDER PHE NL DIVISION,Works,Open Tender,Works,Civil Works - Others,No,No,NA ,08-Oct-2025 04:00 PM,13-Oct-2025 02:00 PM ,30.0,No ,No,Online,16-Oct-2025 04:00 PM,Public Health Engineering Department||Chief Engineer PHE(P)-Assam-PHED||North Assam Zone-Tezpur-PHED||North Lakhimpur Division,LAKHIMPUR,787001.0,2.0,"49,76,000",M/s S.T. Construction,"4,976,000",Rejected-Technical,30-Jan-2026,Public Health Engineering Department||Chief Engineer PHE(P)-Assam-PHED||North Assam Zone-Tezpur-PHED||North Lakhimpur Division
2025_PWD_45554_16,CE/STBR/09/NIT/RIDF-XXXI/2025 26/1 Dated 24-06-2025,STBR/RIDF-XXXI/BEHALI-02/16 Construction of RCC Br. No. 2/2 on Kachomaroi Road u under Mukhya Mantrir Unnata Paki Path Nirman Achani (MMUPPNA)Under RIDF-XXXI OF NABARD For the year 2025-26,STBR/RIDF-XXXI/BEHALI-02/16 Construction of RCC Br. No. 2/2 on Kachomaroi Road u under Mukhya Mantrir Unnata Paki Path Nirman Achani (MMUPPNA)Under RIDF-XXXI OF NABARD For the year 2025-26,Works,Open Tender,Item Rate,Civil Works – Roads,No,No,NA ,16-Jul-2025 05:00 PM,17-Jul-2025 11:00 AM ,180.0,No ,No,Online,01-Aug-2025 11:00 AM,Public Works Roads Department,BEHALI,784166.0,2.0,"2,21,62,400",SAILAJA COMMERCIAL CONSTRUCTION PVT LTD,"22,162,400",Rejected-AOC,21-Feb-2026,Public Works Roads Department
2025_PWD_48556_10,ARRBP/BR/01/2024/E696387/41,Cachar/30 i) Br. No. 4/1 S.K Road to Chandpur Pt I,CE/EAP/ARRBP/OCB/Bridge-1/Cachar/30 Construction of Bridge in Cachar District i) Br. No. 4/1 S.K Road to Chandpur Pt I,Works,Open Tender,Item Rate,Civil Works - Bridges,No,No,NA ,14-Nov-2025 09:00 AM,21-Nov-2025 11:00 AM ,90.0,No ,No,Online,28-Nov-2025 02:30 PM,Public Works Roads Department,Cachar District,788101.0,2.0,"3,99,94,000",Faruk Ahmed Mazumder,"41,744,504",Accepted-AOC,07-Feb-2026,Public Works Roads Department
2025_PWD_48116_1,No.SE/NRC/TB/NIT/12/2021-22/91,Reconstruction of road from Magurmari to Solmari (Kachakhaity Bazar to NL Road) under SOPD-G for the year 2025-26 under Kaliabor and Samaguri Territorial Road Division,Reconstruction of road from Magurmari to Solmari (Kachakhaity Bazar to NL Road) under SOPD-G for the year 2025-26 under Kaliabor and Samaguri Territorial Road Division,Works,Open Tender,Item Rate,Civil Works – Roads,No,No,NA ,17-Oct-2025 03:00 PM,NA ,180.0,No ,No,Online,07-Nov-2025 03:00 PM,Public Works Roads Department||CE PWD(R) - PWD,Samaguri,782140.0,2.0,"55,00,000",Md Nawshad Ali,"5,499,500",Accepted-AOC,17-Feb-2026,Public Works Roads Department||CE PWD(R) - PWD
2025_GMDA_48387_1,GMDA/DEV/54/2025/2,Creation of Urban Forest in the legacy Dumpsite at Paschim Boragaon-(Package-II),Creation of Urban Forest in the legacy Dumpsite at Paschim Boragaon-(Package-II),Works,Open Tender,Item Rate,Composite Works,No,No,NA ,03-Nov-2025 03:00 PM,NA ,180.0,No ,No,Online,25-Nov-2025 03:00 PM,Guwahati Metropolitan Development Authority||Guwahati Development Department - GMDA,Paschim Boragaon,781035.0,2.0,"5,87,97,000",KAMAL MEDHI,"58,785,000",Accepted-AOC,18-Feb-2026,Guwahati Metropolitan Development Authority||Guwahati Development Department - GMDA
2025_PWD_45818_50,CE/Commn/16/2025-26/04,Sarupathar /SOPD/7,Imp of Erthn Rd i)Breghra ii)Botal iii)Grigaon iv)Tngrajn v)GB rd vi)Hajari vii)Jaljori viii)Padam ix)Rtnpur Koibrta x)Tengani xi)Swahid xii) Rajat xiii)Dapthatr xiv)Borchapri xv)Chintamni xvi)Rengma Ali xvii)Chngpol xviii)Somswr undr SOPD-G fr 25-26,Works,Open Tender,Item Rate,Civil Works – Roads,No,No,NA ,23-Jul-2025 06:00 PM,28-Jul-2025 04:00 PM ,180.0,No ,No,Online,11-Aug-2025 02:30 PM,Public Works Roads Department,Sarupathar,785601.0,2.0,"2,76,03,000",Sri Manoj Pareek,"27,597,999",Rejected-AOC,23-Feb-2026,Public Works Roads Department
2025_PWD_47046_1,BSPTRD/TECH/SOPDG/153/2023-24,BSPTRD/SOPD-G/2025-26/1,Construction of SPT Bridge No. 1/1 with approach including protection work on BB road to 3 No Colony via Charakpuja Tholi under SOPD-G,Works,Open Tender,Item Rate,Civil Works – Roads,No,No,NA ,29-Aug-2025 09:00 AM,29-Aug-2025 10:00 AM ,180.0,No ,No,Online,15-Sep-2025 10:00 AM,Public Works Roads Department,Barpeta Road,781315.0,2.0,"44,91,000",Durjan Ali,"4,490,000",Rejected-Finance,19-Feb-2026,Public Works Roads Department
2026_WPTBC_51072_1,PTDC/Engg/2026-27/475,"Construction of Boundary Wall with Slope protection from soil erosion from the river Titu that runs through the Boundary of EMRS, Kharadhara, Barpeta.","Construction of Boundary Wall with Slope protection from soil erosion from the river Titu that runs through the Boundary of EMRS, Kharadhara, Barpeta.",Works,Open Tender,Item Rate,Civil Works,No,No,NA ,18-Feb-2026 03:55 PM,18-Feb-2026 04:30 PM ,180.0,No ,No,Online,25-Feb-2026 03:00 PM,Welfare of Plain Tribes and Backward Classes||Director - WPT and BC||Assam Plains Tribes Development Corporation Ltd.,"Kharadhara, Barpeta",781309.0,2.0,"3,50,00,000",S S ENTERPRISE,"34,998,443.91",Rejected-Technical,27-Feb-2026,Welfare of Plain Tribes and Backward Classes||Director - WPT and BC||Assam Plains Tribes Development Corporation Ltd.
2025_PWHE_48110_1,IN-ASSAM PWD-510355-CW-RFB,Package No. 23 Construction of Class Rooms under Assam School Education and Adolescent Well-Being Project (ASAP) under Kokrajhar and Chirang DTBD for i. Nabajyoti High Madrassa ii. Kachugaon Girls High School iii. Kunkrajhora ME School iv. R.N.B. Mem,Package No. 23 Construction of Class Rooms under Assam School Education and Adolescent Well-Being Project (ASAP) under Kokrajhar and Chirang DTBD for i. Nabajyoti High Madrassa ii. Kachugaon Girls High School iii. Kunkrajhora ME School iv. R.N.B. Mem,Works,Open Tender,Item Rate,Civil Works - Building,No,No,NA ,17-Oct-2025 12:00 PM,21-Oct-2025 11:30 AM ,180.0,No ,No,Online,31-Oct-2025 05:00 PM,Public Works Health and Education Department-Externally Aided Project||Public Works Health and Education Department-WB,Kokrajhar,783370.0,2.0,"14,15,58,300",Power Tools and Engineering,"161,506,742",Accepted-AOC,12-Feb-2026,Public Works Health and Education Department-Externally Aided Project||Public Works Health and Education Department-WB
2025_PWD_46631_3,SNSTRD/T-2/ SOPD-G/ET/2025-26/02,"SNSTRD_SOPD-G_ET_25_26_03 Construction of road with drain from NH-37 near Arengabad Shani Mandir to Border Road under SOPD-G for the year 2025-26 of Sribhumi District, North Karimganj LAC.","SNSTRD_SOPD-G_ET_25_26_03 Construction of road with drain from NH-37 near Arengabad Shani Mandir to Border Road under SOPD-G for the year 2025-26 of Sribhumi District, North Karimganj LAC.",Works,Open Tender,Item Rate,Civil Works,No,No,NA ,20-Aug-2025 02:00 PM,20-Aug-2025 02:00 PM ,180.0,No ,No,Online,01-Sep-2025 12:00 PM,Public Works Roads Department,Sribhumi,788710.0,2.0,"45,82,000",BISWAJIT ROY,"4,581,998",Rejected-AOC,21-Feb-2026,Public Works Roads Department
2025_SEED_45959_1,ASDM-3683/2025/Dibrugarh,Dibrugarh PLSDTP,Dibrugarh PLSDTP,Services,Open Tender,EOI,Miscellaneous Services,No,No,NA ,28-Jul-2025 05:00 PM,NA ,180.0,No ,No,Online,20-Aug-2025 01:00 PM,Skill Employment and Entrepreneurship Department||Assam Skill Development Mission,Assam Skill Development Mission,781035.0,1.0,"9,95,700",Valeur Fabtex Private Limited,"980,700",Not Admitted-Fee/PreQual/Technical/Finance,03-Feb-2026,Skill Employment and Entrepreneurship Department||Assam Skill Development Mission
2025_DoWR_47306_1,KAMRUP METRO/2025-26/FFM/XV,Procurement of flood fighting materials (PSC Porcupine) for Water Resources Department for the year 2025-26 (Northern Assam Zone).,Procurement of flood fighting materials (PSC Porcupine) for Water Resources Department for the year 2025-26 (Northern Assam Zone).,Goods,Open Tender,Supply,Supply of Materials,No,No,NA ,05-Sep-2025 06:55 PM,NA ,180.0,No ,No,Online,25-Sep-2025 03:00 PM,Department of Water Resources||Chief Engineer - DoWR,KAMRUP METRO,781008.0,2.0,"4,50,35,600",Ashok Kumar Agarwalla,"45,020,000",Accepted-AOC,04-Feb-2026,Department of Water Resources||Chief Engineer - DoWR
2025_PWD_46604_40,CE/STBR/SOPD-G/NIT/07/2025 26/8 Dated 29-07-2025,"STBR/SOPD-G/Algapur Katlicherra-01/41 (I) Construction of road from Bairabnagar road to Nunkhuli, (L 0.900 km) and (II) Construction of road from Shefalika PWD Road to Rongpur Pt-VI, (L 1.00km), (Total L 1.900 km) under Mukhya Mantrir Pakipath Nirman","STBR/SOPD-G/Algapur Katlicherra-01/41 (I) Construction of road from Bairabnagar road to Nunkhuli, (L 0.900 km) and (II) Construction of road from Shefalika PWD Road to Rongpur Pt-VI, (L 1.00km), (Total L 1.900 km) under Mukhya Mantrir Pakipath Nirman",Works,Open Tender,Item Rate,Civil Works – Roads,No,No,NA ,21-Aug-2025 06:55 PM,22-Aug-2025 11:00 AM ,180.0,No ,No,Online,02-Sep-2025 11:00 AM,Public Works Roads Department,Katlicherra,788161.0,2.0,"1,71,46,000",SKYLINE ENTERPRISE,"17,146,000",Rejected-AOC,09-Feb-2026,Public Works Roads Department
2025_PWD_45820_83,CE/STBR/SOPD-G/NIT/07/2025 26/1 Dated 26-06-2025,"STBR/SOPD-G/Raha -08/26 Construction of (i) Raha Chaki to Khaigarh (Including Girls HS Approach Road), (ii) Madhapara Ghilani PWD Road to Garangati RCC Bridge, (iii) RCC Slab culvert No. 1/1 and approaches on Kuwariati to Dhemajigaon Road (iv) Road","STBR/SOPD-G/Raha -08/26 Construction of (i) Raha Chaki to Khaigarh (Including Girls HS Approach Road), (ii) Madhapara Ghilani PWD Road to Garangati RCC Bridge, (iii) RCC Slab culvert No. 1/1 and approaches on Kuwariati to Dhemajigaon Road (iv) Road",Works,Open Tender,Item Rate,Civil Works – Roads,No,No,NA ,30-Jul-2025 06:00 PM,31-Jul-2025 11:00 AM ,180.0,No ,No,Online,11-Aug-2025 11:00 AM,Public Works Roads Department,Raha,782103.0,2.0,"1,35,39,500",Ashok Kr Agarwala,"13,538,800",Accepted-AOC,20-Feb-2026,Public Works Roads Department
2025_PWRDW_43984_1,CE/EAP/ARRBP/02/TENDER/2024/42,Br on Tingor Gaon Road in Jorhat Dist.,CE/EAP/ARRBP/OCB/Bridge1/Jorhat/10 Construction of Bridge in Jorhat district Br on Tingor Gaon Road,Works,Open Tender,Item Rate,Civil Works - Bridges,No,No,NA ,10-Apr-2025 09:00 AM,17-Apr-2025 11:00 AM ,180.0,No ,No,Online,29-Apr-2025 02:30 PM,Public Works Roads Department-Externally Aided Project||Public Works Road Department- World Bank Funded Tenders||Assam State Bridge Infrastructure Program,Jorhat district,785001.0,2.0,"1,66,39,000",M/s B.K. Mozika,"17,469,289",Accepted-AOC,12-Feb-2026,Public Works Roads Department-Externally Aided Project||Public Works Road Department- World Bank Funded Tenders||Assam State Bridge Infrastructure Program
2025_PWD_49427_1,NIT/ACE/EZ/MAC/DIB/2025/363/4,"Construction of Matak Bhawan at Banipur, Dibrugarh, Assam","Construction of Matak Bhawan at Banipur, Dibrugarh, Assam",Works,Open Tender,Works,Civil Works - Building,No,No,NA ,18-Dec-2025 02:00 PM,NA ,180.0,No ,No,Online,02-Jan-2026 02:30 PM,Public Works Roads Department,"Banipur, Dibrugarh",786003.0,2.0,"1,85,01,000",SARAT CHANDRA PHUKAN,"18,500,740",Accepted-AOC,03-Feb-2026,Public Works Roads Department
2025_PWD_45498_24,CE/Commn/16/2025-26/03,Bokakhat / SOPD/ 5,Improvement of GWC Road from 1) Rongagora Anganbadi Centre to UjaniRonagoraVillage 2) 2nd Km of Kamalamiriali to Rangamati Mazdoor LP School via Singabill gaon for the year 2025-26 under SOPD(G) under Bokakhat and Dergaon TRD,Works,Open Tender,Item Rate,Civil Works – Roads,No,No,NA ,14-Jul-2025 05:00 PM,18-Jul-2025 04:00 PM ,180.0,No ,No,Online,20-Aug-2025 02:30 PM,Public Works Roads Department,Bokakhat,785612.0,2.0,"1,46,01,300",PRANAB PHUKAN,"14,601,200",Accepted-AOC,23-Feb-2026,Public Works Roads Department
2025_PWD_46676_1,NTRD/TECH/NIT/545/2025-26/1456 Date-11/08/2025,NTRD/SOPD-G/2025-26/05,Improvement of i) Mohan Gaon Puranichuk Path ii) Dayaram Path iii) Bamunbari to Gosikola Path Road under SOPD(G) for the year 2025-26 under Nazira Territorial Road Division,Works,Open Tender,Item Rate,Civil Works – Roads,No,No,NA ,20-Aug-2025 02:00 PM,27-Aug-2025 01:00 PM ,180.0,No ,No,Online,05-Sep-2025 02:00 PM,Public Works Roads Department,NAZIRA LAC,785685.0,2.0,,MONUJ SAIKIA,"3,698,549.01",Rejected-AOC,22-Jan-2026,Public Works Roads Department
2025_PCCF_48306_1,KJ(T)/NHIDCL/Tender/2025/02,Felling Sectioning Dragging Transportation Loading and unloading etc and keep the timber or firewood maintenance of existing Depot in connection with Bharat mala project,Felling Sectioning Dragging Transportation Loading and unloading etc and keep the timber or firewood maintenance of existing Depot in connection with Bharat mala project,Works,Open Tender,Works,Civil Works – Highways,No,No,NA ,30-Oct-2025 04:30 PM,03-Nov-2025 11:00 AM ,60.0,No ,No,Online,18-Nov-2025 01:00 PM,Pr. Chief Conservator of Forest and Head of Forest Force||Chief Conservator of Forestes (T) (Lower Assam Zone)||Southern Assam Circle||Karimganj Forest (T) Division,Chandkir village - Churaibari section of NH-8,788725.0,2.0,"91,91,733",M/S A P S ENTERPRISE,"8,272,559.7",Rejected-Technical,24-Feb-2026,Pr. Chief Conservator of Forest and Head of Forest Force||Chief Conservator of Forestes (T) (Lower Assam Zone)||Southern Assam Circle||Karimganj Forest (T) Division
2025_UDD_48433_1,5 of 2025-26,"Construction of Assam Type Chalighar market building near FAAMC, Metuakuchi under Untied basic grant award of the 15th Finance commission for the year 2024-25","Construction of Assam Type Chalighar market building near FAAMC, Metuakuchi under Untied basic grant award of the 15th Finance commission for the year 2024-25",Works,Open Tender,Item Rate,Civil Works - Building,No,No,NA ,05-Nov-2025 03:15 PM,NA ,180.0,No ,No,Online,27-Nov-2025 03:00 PM,Urban Development Department||Directorate of Municipality Administration - UDD||Barpeta Municipal Board,BMB,781301.0,2.0,"41,59,000",PRSANTA DAS,"3,740,072",Rejected-Finance,30-Jan-2026,Urban Development Department||Directorate of Municipality Administration - UDD||Barpeta Municipal Board
2025_PWBNH_47384_3,CE/TB-III/(H_E)/21/2024/6 Dated 19/085/2025,"Construction of 100 Bedded Critical Care Hospital Block (CCB) at B. P. Civil Hospital campus, Nagaon District, Assam under PM-ABHIM","Construction of 100 Bedded Critical Care Hospital Block (CCB) at B. P. Civil Hospital campus, Nagaon District, Assam under PM-ABHIM",Works,Open Tender,Item Rate,Civil Works - Building,No,No,NA ,09-Sep-2025 01:30 PM,15-Sep-2025 11:30 AM ,180.0,No ,No,Online,10-Oct-2025 03:30 PM,Public Works Building and NH Department||Chief Engineer-Building - PWBNH,Nagaon,782001.0,2.0,"36,99,66,290",SHIVAAY INFRATECH LLP,"407,737,972",Accepted-AOC,27-Feb-2026,Public Works Building and NH Department||Chief Engineer-Building - PWBNH
2025_PWRDW_48471_1,EAP/ARRBP/02/TENDERS/2024/52,Br. No. 1/1 on East Bechimari Singhimari Road/Kokrajhar/05,Package No. - CE/EAP/ARRBP/OCB/Bridge-1/Kokrajhar/05 Bridge No. 1/1 on East Bechimari Singhimari Road,Works,Open Tender,Item Rate,Civil Works - Bridges,No,No,NA ,11-Nov-2025 11:00 AM,18-Nov-2025 11:00 AM ,180.0,No ,No,Online,26-Nov-2025 02:30 PM,Public Works Roads Department-Externally Aided Project||Public Works Road Department- World Bank Funded Tenders||Assam State Bridge Infrastructure Program,Kokrajhar,783370.0,2.0,"3,41,06,000",RAJU CHANDRA BASUMATARY,"32,050,000",Accepted-AOC,13-Feb-2026,Public Works Roads Department-Externally Aided Project||Public Works Road Department- World Bank Funded Tenders||Assam State Bridge Infrastructure Program
2025_PWD_45481_1,CE/Commn/16/2025-26/2,Dhakuakhana/ MMPNA/1,"Improvement of road from Lejua to Kherkata Suti via Ghilamara, Dhakuakhana and Khajua Tiniali under MMPNA under SOPD-G for the year 2025-26.",Works,Open Tender,Item Rate,Civil Works – Roads,No,No,NA ,10-Jul-2025 05:00 PM,18-Jul-2025 04:00 PM ,180.0,No ,No,Online,30-Jul-2025 02:30 PM,Public Works Roads Department,Dhakuakhana,787055.0,2.0,"1,64,80,000",MADHAB SAIKIA,"16,479,421",Rejected-AOC,09-Feb-2026,Public Works Roads Department
2025_BTC_49175_1,22/ACE/PWD/BTC/SDP/2025-26/18,Food Processing Plant with Cold Storage Facility at Goladangi Kokrajhar in Assam under BTC Package on EPC Mode-I of contract - Single stage two-part bidding system. TN_57_01R,Food Processing Plant with Cold Storage Facility at Goladangi Kokrajhar in Assam under BTC Package on EPC Mode-I of contract - Single stage two-part bidding system. TN_57_01R,Works,Open Tender,Item Rate,Civil Works - Building,No,No,NA ,11-Dec-2025 10:00 AM,16-Dec-2025 12:00 PM ,180.0,No ,No,Online,05-Jan-2026 02:00 PM,Bodoland Territorial Council-PWD||Director Cum CHD - PWD BTC,Kokrajhar,783370.0,2.0,"35,30,66,694",SANWARMAL KHETAWAT,"353,061,691",Rejected-Technical,12-Feb-2026,Bodoland Territorial Council-PWD||Director Cum CHD - PWD BTC
2025_PCCF_48287_1,0.O. NO.90 DATED 29.11.2025,CONSTRUCTION OF DERAGAON BEAT WITH BOUNDARY WALL UNDER SADIYA RANGE,CONSTRUCTION OF DERAGAON BEAT WITH BOUNDARY WALL UNDER SADIYA RANGE,Works,Open Tender,Works,Civil Works - Others,No,No,NA ,30-Oct-2025 10:00 AM,NA ,180.0,No ,No,Online,21-Nov-2025 02:30 PM,"Pr. Chief Conservator of Forest and Head of Forest Force||Chief Conservator of Forests (Upper Assam Zone)||Eastern Assam Circle, Jorhat||Doomdooma Division",SADIYA STATION RF (NB),786157.0,2.0,"45,00,000",KAUSHAL SHARMA,"4,050,000",Rejected-Finance,27-Feb-2026,"Pr. Chief Conservator of Forest and Head of Forest Force||Chief Conservator of Forests (Upper Assam Zone)||Eastern Assam Circle, Jorhat||Doomdooma Division"
2025_PWD_45820_41,CE/STBR/SOPD-G/NIT/07/2025 26/1 Dated 26-06-2025,STBR/SOPD-G/Jalukbari-02/41 Constrution of Bye lane near Garal Daul Mandir of Garal Palasbari Road under SOPD-G for the year 2025-26,STBR/SOPD-G/Jalukbari-02/41 Constrution of Bye lane near Garal Daul Mandir of Garal Palasbari Road under SOPD-G for the year 2025-26,Works,Open Tender,Item Rate,Civil Works – Roads,No,No,NA ,23-Jul-2025 01:00 PM,30-Jul-2025 11:00 AM ,180.0,No ,No,Online,19-Aug-2025 11:00 AM,Public Works Roads Department,Jalukbari,781013.0,2.0,"34,19,000",SAIDUL ISLAM,"3,418,000",Accepted-AOC,16-Feb-2026,Public Works Roads Department
2025_PWD_45820_55,CE/STBR/SOPD-G/NIT/07/2025 26/1 Dated 26-06-2025,STBR/SOPD-G/Barhampur-10/39 Improvement of Road from (1). Amguri to Hatigaon via Nambar Lalungaon (Ch. 0.00 m to 2100.00 m) (2) Charaihagi to Dakhin Changchaki Road (Ch. 8 th km to 18 th km) under Mukhya Mantrir Path Nabikaran Aachani (MMPNA) under S,STBR/SOPD-G/Barhampur-10/39 Improvement of Road from (1). Amguri to Hatigaon via Nambar Lalungaon (Ch. 0.00 m to 2100.00 m) (2) Charaihagi to Dakhin Changchaki Road (Ch. 8 th km to 18 th km) under Mukhya Mantrir Path Nabikaran Aachani (MMPNA) under S,Works,Open Tender,Item Rate,Civil Works – Roads,No,No,NA ,28-Jul-2025 03:00 PM,30-Jul-2025 11:00 AM ,180.0,No ,No,Online,11-Aug-2025 11:00 AM,Public Works Roads Department,Barhampur,782102.0,2.0,"1,12,00,000",Rishabh Jain,"11,197,777",Rejected-AOC,11-Feb-2026,Public Works Roads Department
2025_DoWR_47491_2,NAGAON/2025-26/RIDF/II,"Construction of New Embankment from Niznarikoli to Bahakabari on the right bank of river Kopilli, Package 2.","Construction of New Embankment from Niznarikoli to Bahakabari on the right bank of river Kopilli, Package 2.",Works,Open Tender,Works,Civil Works,No,No,NA ,10-Oct-2025 06:55 PM,NA ,180.0,No ,No,Online,24-Oct-2025 03:00 PM,Department of Water Resources||Chief Engineer - DoWR,Nagaon,782001.0,2.0,"4,49,47,495",D KUMAR AND COMPANY,"44,935,255.2",Accepted-AOC,21-Feb-2026,Department of Water Resources||Chief Engineer - DoWR
2025_PWD_46864_1,Tech/2083 dated 18/08/2025,Construction of road from Garamsung Purna Khungdung to Baralia Embankment Road under SOPD (G) for the year 2025-26,Construction of road from Garamsung Purna Khungdung to Baralia Embankment Road under SOPD (G) for the year 2025-26 Pkg No. NKTRD(R)/ SOPD(G)/ 2025-26/08,Works,Open Tender,Item Rate,Civil Works – Roads,No,No,NA ,26-Aug-2025 11:00 AM,27-Aug-2025 12:00 PM ,180.0,No ,No,Online,08-Sep-2025 01:00 PM,Public Works Roads Department,Rangia LAC,781354.0,2.0,"5,46,185",U.K. Enterprise,"546,184",Rejected-AOC,15-Feb-2026,Public Works Roads Department
2025_CD_49415_1,HF/ENGG-3666/25-26/95,"Setting up of Jyoti Bishnu Sanskritik Prakalpa at Chenga, Barpeta Assam","Setting up of Jyoti Bishnu Sanskritik Prakalpa at Chenga, Barpeta Assam",Works,Open Tender,Item Rate,Civil Works,No,No,NA ,17-Dec-2025 11:45 AM,19-Dec-2025 12:00 PM ,180.0,No ,No,Online,03-Jan-2026 11:00 AM,Cooperation Department||Assam State Co-operative Housing Federation Ltd.(HOUSEFED),"Chenga, Barpeta",781305.0,2.0,"1,15,89,892",Nazimuddin Ahmed,"11,589,000",Rejected-Technical,18-Feb-2026,Cooperation Department||Assam State Co-operative Housing Federation Ltd.(HOUSEFED)
2025_PWD_45820_127,CE/STBR/SOPD-G/NIT/07/2025 26/1 Dated 26-06-2025,STBR/SOPD-G/Dimoria -01/89 Improvement of Road from Amguri Village Road at Nartap under SOPD (G) for the year 2025-26,STBR/SOPD-G/Dimoria -01/89 Improvement of Road from Amguri Village Road at Nartap under SOPD (G) for the year 2025-26,Works,Open Tender,Item Rate,Civil Works – Roads,No,No,NA ,02-Aug-2025 05:00 PM,04-Aug-2025 11:00 AM ,180.0,No ,No,Online,11-Aug-2025 11:00 AM,Public Works Roads Department,Jalukbari,781013.0,2.0,"55,00,000",Saurav Jyoti Goswami,"5,499,000",Rejected-AOC,11-Feb-2026,Public Works Roads Department
2025_PWD_45820_96,CE/STBR/SOPD-G/NIT/07/2025 26/1 Dated 26-06-2025,STBR/SOPD-G/Dimoria -12/100 Construction of Sankar nagar Namghar Path at VIP Road under SOPD (G) for the year 2025-26,STBR/SOPD-G/Dimoria -12/100 Construction of Sankar nagar Namghar Path at VIP Road under SOPD (G) for the year 2025-26,Works,Open Tender,Item Rate,Civil Works – Roads,No,No,NA ,31-Jul-2025 03:00 PM,01-Aug-2025 11:00 AM ,180.0,No ,No,Online,11-Aug-2025 11:00 AM,Public Works Roads Department,Dimoria,782403.0,2.0,"65,00,000",PANKAJ KUMAR DAS,"5,720,000",Rejected-AOC,20-Feb-2026,Public Works Roads Department
2025_PWD_46631_2,SNSTRD/T-2/ SOPD-G/ET/2025-26/02,"SNSTRD_SOPD-G_ET_25_26_02 Construction of Road from Kushiyara river embankment to Border Road and Kalibari via Mahaprabhu Akra at Nuton Basti under SOPD-G for the year 2025-26 of Sribhumi District, North Karimganj LAC.","SNSTRD_SOPD-G_ET_25_26_02 Construction of Road from Kushiyara river embankment to Border Road and Kalibari via Mahaprabhu Akra at Nuton Basti under SOPD-G for the year 2025-26 of Sribhumi District, North Karimganj LAC.",Works,Open Tender,Item Rate,Civil Works,No,No,NA ,20-Aug-2025 02:00 PM,20-Aug-2025 02:00 PM ,180.0,No ,No,Online,01-Sep-2025 12:00 PM,Public Works Roads Department,Sribhumi,788710.0,2.0,"69,35,981",RAJAN DEY,"6,935,083",Rejected-AOC,21-Feb-2026,Public Works Roads Department
2025_PWD_47617_1,CE/DEV/TB/116/2025-26/11 Dtd- 30.08.2025,"ASOM_MALA_3.0_25_26_09 Improvement and Upgradation of Road from NH-37 at Jirighat to Joypur Connects with NH-137G Pailapool-Joypur-Harinagar Kumarcherra Road via Bhahadurpur, Boma Punjee and Phailen Punjee under Asom Mala 3.0 for the year 2025-26","ASOM_MALA_3.0_25_26_09 Improvement and Upgradation of Road from NH-37 at Jirighat to Joypur Connects with NH-137G Pailapool-Joypur-Harinagar Kumarcherra Road via Bhahadurpur, Boma Punjee and Phailen Punjee under Asom Mala 3.0 for the year 2025-26",Works,Open Tender,Item Rate,Civil Works – Roads,No,No,NA ,19-Sep-2025 06:00 PM,19-Sep-2025 06:55 PM ,180.0,No ,No,Online,07-Oct-2025 02:30 PM,Public Works Roads Department,Cachar,788126.0,2.0,"55,74,52,000",Debajit Deb,"557,452,000",Rejected-Finance,02-Feb-2026,Public Works Roads Department
2025_PWD_45554_8,CE/STBR/09/NIT/RIDF-XXXI/2025 26/1 Dated 24-06-2025,STBR/RIDF-XXXI/GAURIPUR-02/08 Construction of R.C.C. Br. No 2/1 on Bogribari to Baniamari road including approaches and protection works under Mukhya Mantrir Unnata Paki Path Nirman Achani (MMUPPNA) under RIDF-XXXI of NABARD for the year 2025-26,STBR/RIDF-XXXI/GAURIPUR-02/08 Construction of R.C.C. Br. No 2/1 on Bogribari to Baniamari road including approaches and protection works under Mukhya Mantrir Unnata Paki Path Nirman Achani (MMUPPNA) under RIDF-XXXI of NABARD for the year 2025-26,Works,Open Tender,Item Rate,Civil Works – Roads,No,No,NA ,14-Jul-2025 04:00 PM,17-Jul-2025 11:00 AM ,180.0,No ,No,Online,12-Aug-2025 11:00 AM,Public Works Roads Department,GAURIPUR,783331.0,2.0,"3,30,27,000",Jagadish Baruah,"33,026,998",Accepted-AOC,09-Feb-2026,Public Works Roads Department
2025_PWD_46283_1,CE/CW/12/2025-26/Pt-III,CE/CW/12/2025-26/Pt-III(RCC Bridge),Construction of RCC Bridge No 1/1 on Santi Path at Rukminigaon on Bahini river under SOPD(G) for the year 2024-25,Works,Open Tender,Item Rate,Civil Works – Roads,No,No,NA ,11-Aug-2025 03:00 PM,14-Aug-2025 04:00 PM ,180.0,No ,No,Online,20-Aug-2025 02:30 PM,Public Works Roads Department,Guwahati,781001.0,2.0,"76,93,000",M/S 4 Star Group,"7,692,068",Accepted-AOC,12-Feb-2026,Public Works Roads Department
2025_PWD_45818_45,CE/Commn/16/2025-26/04,Naharkatia/MMPNA/01,Improvement / Reconstruction of Uriamguri Gaon to Merbil Grant No-5 Road under Mukhya Mantrir Path Nabikaran Achani (MMPNA) under SOPD-G for the year 2025-26,Works,Open Tender,Item Rate,Civil Works – Roads,No,No,NA ,23-Jul-2025 06:00 PM,28-Jul-2025 04:00 PM ,180.0,No ,No,Online,11-Aug-2025 02:30 PM,Public Works Roads Department,Naharkatia,786610.0,2.0,"1,16,25,000",Deoki Nandan Garodia,"11,625,000",Accepted-AOC,16-Feb-2026,Public Works Roads Department
2025_PWBNH_47945_1,CE/TB-III(H_E)/33/2024/20 Dated Guwahati the 18/09/2025,"Construction of 50 bedded Critical Care Block at Tinsukia Medical College in Tinsukia District, Assam","Construction of 50 bedded Critical Care Block at Tinsukia Medical College in Tinsukia District, Assam",Works,Open Tender,Item Rate,Civil Works - Building,No,No,NA ,10-Oct-2025 01:00 PM,13-Oct-2025 11:30 AM ,180.0,No ,No,Online,29-Oct-2025 04:00 PM,Public Works Building and NH Department||Chief Engineer-Building - PWBNH,Tinsukia,786125.0,2.0,"20,10,33,545",M/S O P GARODIA,"226,229,180",Accepted-AOC,05-Feb-2026,Public Works Building and NH Department||Chief Engineer-Building - PWBNH
2025_PWD_45408_112,CE/DEV/TB/60/2025-26/01 Dtd- 21.06.2025,"MMPPNA_RIDF_XXXI_25_26_71 (1) Construction of Road from Borong Saraibari tiniali to Borong Telijan Road from Ch 0.00m to Ch 1060.00m, (2) Construction of Road from Ramdhan medical to Burisuti Road from Ch 0.00m to Ch 1000.00m, (3) Improvement of Road","MMPPNA_RIDF_XXXI_25_26_71 (1) Construction of Road from Borong Saraibari tiniali to Borong Telijan Road from Ch 0.00m to Ch 1060.00m, (2) Construction of Road from Ramdhan medical to Burisuti Road from Ch 0.00m to Ch 1000.00m, (3) Improvement of Road",Works,Open Tender,Item Rate,Civil Works – Roads,No,No,NA ,14-Jul-2025 09:00 AM,17-Jul-2025 12:00 PM ,180.0,No ,No,Online,28-Jul-2025 02:30 PM,Public Works Roads Department,Jonai,787060.0,2.0,"2,63,04,000",SIBCHARAN SWARGIARY,"26,302,152",Rejected-Finance,24-Feb-2026,Public Works Roads Department
2025_PWD_48556_11,ARRBP/BR/01/2024/E696387/41,Cachar/31 i) Br. No. 4/1 Doyapur Arkatipur Road,CE/EAP/ARRBP/OCB/Bridge-1/Cachar/31 Construction of Bridge in Cachar District i) Br. No. 4/1 Doyapur Arkatipur Road,Works,Open Tender,Item Rate,Civil Works - Bridges,No,No,NA ,14-Nov-2025 09:00 AM,21-Nov-2025 11:00 AM ,90.0,No ,No,Online,28-Nov-2025 02:30 PM,Public Works Roads Department,Cachar District,788101.0,2.0,"75,72,000",MS AYUSH TRADING,"6,436,200",Rejected-Finance,16-Feb-2026,Public Works Roads Department
2025_PWD_45554_17,CE/STBR/09/NIT/RIDF-XXXI/2025 26/1 Dated 24-06-2025,STBR/RIDF-XXXI/BEHALI-03/17 Construction of RCC Br. No 2/2 on Rangagora GP office to Hatimora Village Road under Mukhya Mantrir Unnata Paki Path Nirman Achani (MMUPPNA) Under RIDF-XXXI OF NABARD For the Year 2025-26,STBR/RIDF-XXXI/BEHALI-03/17 Construction of RCC Br. No 2/2 on Rangagora GP office to Hatimora Village Road under Mukhya Mantrir Unnata Paki Path Nirman Achani (MMUPPNA) Under RIDF-XXXI OF NABARD For the Year 2025-26,Works,Open Tender,Item Rate,Civil Works – Roads,No,No,NA ,16-Jul-2025 05:00 PM,17-Jul-2025 11:00 AM ,180.0,No ,No,Online,01-Aug-2025 11:00 AM,Public Works Roads Department,BEHALI,784166.0,2.0,"1,83,09,000",SAILAJA COMMERCIAL CONSTRUCTION PVT LTD,"18,309,000",Rejected-AOC,21-Feb-2026,Public Works Roads Department
2024_PWRDW_37476_12,CE/EAP/ARRBP/01Tenders2024/30,Construction of Bridge in Dhemaji district i)Br. No. 6/1 on Old NT Road to Chenia,CE/EAP/ARRBP/OCB/Bridge-1/Dhemaji/13 Construction of Bridge in Dhemaji district i)Br. No. 6/1 on Old NT Road to Chenia,Works,Open Tender,Item Rate,Civil Works - Bridges,No,No,NA ,10-Apr-2024 05:30 PM,12-Apr-2024 11:00 AM ,90.0,No ,No,Online,10-May-2024 02:30 PM,Public Works Roads Department-Externally Aided Project||Public Works Road Department- World Bank Funded Tenders||Assam State Bridge Infrastructure Program,Dhemaji,787057.0,2.0,"2,38,49,000",Probin Dihingia,"23,586,661",Rejected-AOC,23-Feb-2026,Public Works Roads Department-Externally Aided Project||Public Works Road Department- World Bank Funded Tenders||Assam State Bridge Infrastructure Program
2025_ITFCD_48553_4,E-702793,"Thematic Interior display and furnishing at Lobby at Assam State Museum, Ambari, Guwahati-01, Ambari, Guwahati - 01","Thematic Interior display and furnishing at Lobby at Assam State Museum, Ambari, Guwahati-01, Ambari, Guwahati - 01",Works,Open Tender,Works,Civil Works - Others,No,No,NA ,08-Jan-2026 11:30 AM,19-Jan-2026 12:00 PM ,270.0,No ,No,Online,30-Jan-2026 02:00 PM,Indigenous and Tribal Faith and Culture Department||Directorate of Museums,Assam State Muuseum Guwahati,781001.0,2.0,"4,71,952",Gitamoni Saikia,"469,931",Accepted-AOC,26-Feb-2026,Indigenous and Tribal Faith and Culture Department||Directorate of Museums
2025_PWD_48012_1,BSPTRD/TECH/SOPDG/153/2023-24,BSPTRD/SOPD-G/2025-26/3,Improvement of Road from Sushil Bagaria House to Beltola Chowk under SOPD-G for the year 2025-26,Works,Open Tender,Item Rate,Civil Works – Roads,No,No,NA ,15-Oct-2025 10:00 AM,16-Oct-2025 12:00 PM ,180.0,No ,No,Online,01-Nov-2025 10:00 AM,Public Works Roads Department,Barpeta Road,781315.0,2.0,"47,21,000",TULIP ENTERPRISE,"4,719,430",Rejected-Finance,19-Feb-2026,Public Works Roads Department
2025_BTC_49110_4,ACE-25/PWD/IFB/BTC/2025-26/13,Construction of RCC Bridges and development of the Bridge Approaches (CH 1 plus 290.00m to 2 plus 670.00m) connecting road between Ouguri and Amguri under Asom Mala 3.0 for the year 2025-26.,Construction of RCC Bridges and development of the Bridge Approaches (CH 1 plus 290.00m to 2 plus 670.00m) connecting road between Ouguri and Amguri under Asom Mala 3.0 for the year 2025-26.,Works,Open Tender,Item Rate,Civil Works – Roads,No,No,NA ,08-Dec-2025 10:00 AM,15-Dec-2025 12:00 PM ,180.0,No ,No,Online,22-Dec-2025 11:00 AM,Bodoland Territorial Council-PWD||Director Cum CHD - PWD BTC,Chirang,783390.0,2.0,"59,96,58,000",ACHINTA NARZARY,"599,600,000",Accepted-AOC,25-Feb-2026,Bodoland Territorial Council-PWD||Director Cum CHD - PWD BTC
2025_PWD_45399_14,CE/DEV/TB/54/2025-26/01 Dtd- 13.06.2025,MMUPPNA_RIDF_XXXI_25_26_19 Improvement of road from Dakhala Hillok to Parlly (Sadilapur) (END Bundh) under Mukhya Mantrir Unnoto Paki Path Nirman Achani (MMUPPNA) under RIDF-XXXI of NABARD for the year 2025-26.,MMUPPNA_RIDF_XXXI_25_26_19 Improvement of road from Dakhala Hillok to Parlly (Sadilapur) (END Bundh) under Mukhya Mantrir Unnoto Paki Path Nirman Achani (MMUPPNA) under RIDF-XXXI of NABARD for the year 2025-26.,Works,Open Tender,Item Rate,Civil Works – Roads,No,No,NA ,07-Jul-2025 09:00 AM,14-Jul-2025 12:00 PM ,180.0,No ,No,Online,25-Jul-2025 02:30 PM,Public Works Roads Department,Kamrup,781128.0,2.0,"6,10,00,000",Sri Binay Kalita,"61,000,000",Rejected-Finance,11-Feb-2026,Public Works Roads Department
2025_NHM_49709_34,I/1373076/2025,"Construction of New PHC at Kathiatoli PHC in NAGAON District under XV-FC Health Grant under NHM, Assam.","Construction of New PHC at Kathiatoli PHC in NAGAON District under XV-FC Health Grant under NHM, Assam.",Works,Open Tender,Turn-key,Civil Works - Building,No,No,NA ,30-Dec-2025 04:00 PM,NA ,225.0,No ,No,Online,20-Jan-2026 03:30 PM,National Health Mission||State Programme Management Unit - NHM,Nagaon,782001.0,2.0,"2,42,82,945",M/s S.B.B. Associates,"24,282,500",Rejected-Finance,28-Feb-2026,National Health Mission||State Programme Management Unit - NHM
2025_PWBNH_44350_1,T/TB-1/11/2024/39 Dated 14 /05/2025,Construction of Barbed wire fencing of Barua Bamun Gaon Sugar Mill under Khumtai LAC in Golaghat District,Construction of Barbed wire fencing of Barua Bamun Gaon Sugar Mill under Khumtai LAC in Golaghat District,Works,Open Tender,Item Rate,Civil Works - Building,No,No,NA ,17-May-2025 05:30 PM,20-May-2025 01:00 PM ,180.0,No ,No,Online,10-Jun-2025 02:30 PM,Public Works Building and NH Department||Chief Engineer-Building - PWBNH,Golaghat,785621.0,2.0,"7,30,46,385",M/S. M.P. AGARWALLA,"72,937,574",Rejected-Technical,05-Feb-2026,Public Works Building and NH Department||Chief Engineer-Building - PWBNH
2026_PWD_49863_1,BDTRD/SOPD-G/GWC/25-26/02,Construction of GWC road from NH-15 to Borbil Link (from Ch. 00.00m to Ch. 1000.00m) under SOPD-G for the year 2025-26 of District Sonitpur (Barchalla LAC),Construction of GWC road from NH-15 to Borbil Link (from Ch. 00.00m to Ch. 1000.00m) under SOPD-G for the year 2025-26 of District Sonitpur (Barchalla LAC),Works,Open Tender,Item Rate,Civil Works,No,No,NA ,05-Jan-2026 02:00 PM,08-Jan-2026 12:00 PM ,180.0,No ,No,Online,21-Jan-2026 02:00 PM,Public Works Roads Department,Barchalla,784110.0,2.0,"21,96,000",CHANDRA KUMAR SUBBA,"2,194,501",Accepted-AOC,21-Feb-2026,Public Works Roads Department
2026_FD_50571_1,AFM512/SOPD/2025-26/1040 Dated 22-01-2026,Construction of New Pond in low lying or suitable area and renovation of Existing Ponds under SOPD 2025-26,Construction of New Pond in low lying or suitable area and renovation of Existing Ponds under Development Approach in Fisheries and Aquaculture through Cluster based Initiatives under SOPD 2025-26,Works,Open Tender,Works,Civil Works,No,No,NA ,26-Jan-2026 10:00 AM,NA ,180.0,No ,No,Online,10-Feb-2026 02:30 PM,Department of Fisheries||Directorate of Fisheries Assam||DDF NAZ Tezpur||DFDO Morigaon,DFDO Morigaon,782105.0,2.0,"53,00,000",M/S RUBI ENTERPRISE,"4,770,000",Rejected-Technical,16-Feb-2026,Department of Fisheries||Directorate of Fisheries Assam||DDF NAZ Tezpur||DFDO Morigaon
2025_UDD_49729_1,NIT NO 13-2025-26,Earthfilling at Proposed Sewage Treatment Plant (STP) Site at Barpeta under the Tied Grant 2024-25 (1st Instl) during the year 2025-26.,Earthfilling at Proposed Sewage Treatment Plant (STP) Site at Barpeta under the Tied Grant 2024-25 (1st Instl) during the year 2025-26.,Works,Open Tender,Item Rate,Civil Works,No,No,NA ,30-Dec-2025 12:00 PM,NA ,180.0,No ,No,Online,21-Jan-2026 03:00 PM,Urban Development Department||Directorate of Municipality Administration - UDD||Barpeta Municipal Board,BMB,781301.0,2.0,"89,70,491",DIPANKAR BAYAN,"8,073,510.95",Rejected-Finance,18-Feb-2026,Urban Development Department||Directorate of Municipality Administration - UDD||Barpeta Municipal Board
2025_PWD_47085_17,CE/DEV/TB/60/2025-26/15 Dtd- 06.08.2025,MMPPNA_RIDF_XXXI_25_26_451 Improvement of Road from (1) Bihdia Jayantipur road to Bezera Balikuchi connecting road via Vidyabharati college from Ch 2750.00m to 4500.00m (2) Bathan to Kalita Suburi Road (3) Sutargaon Dhuliyara Road to the North of CH,MMPPNA_RIDF_XXXI_25_26_451 Improvement of Road from (1) Bihdia Jayantipur road to Bezera Balikuchi connecting road via Vidyabharati college from Ch 2750.00m to 4500.00m (2) Bathan to Kalita Suburi Road (3) Sutargaon Dhuliyara Road to the North of CH,Works,Open Tender,Item Rate,Civil Works – Roads,No,No,NA ,30-Aug-2025 02:00 PM,04-Sep-2025 12:00 PM ,180.0,No ,No,Online,19-Sep-2025 02:30 PM,Public Works Roads Department,Kamalpur,781352.0,2.0,"4,32,58,000",D. A. CONSTRUCTION,"43,258,000",Accepted-AOC,25-Feb-2026,Public Works Roads Department
2025_PWD_45498_2,CE/Commn/16/2025-26/03,Sissiborgaon/ SOPD/ 2,"(1) Re-construction of SilapatharPukia Road (CH 2000M TO CH 6560M), (2) Re- construction of NH 515 to BhairabpurChariali under SOPD-G for the year 2025-26 under Jonai TRD,79 no. Sissiborgaon LAC.",Works,Open Tender,Item Rate,Civil Works – Roads,No,No,NA ,11-Jul-2025 11:00 AM,18-Jul-2025 04:00 PM ,180.0,No ,No,Online,30-Jul-2025 02:30 PM,Public Works Roads Department,Sissiborgaon,787110.0,2.0,"1,32,73,000",SRI PALLAB CHUTIA,"13,270,000",Rejected-AOC,13-Feb-2026,Public Works Roads Department
2025_PWD_45408_24,CE/DEV/TB/60/2025-26/01 Dtd- 21.06.2025,MMPPNA_RIDF_XXXI_25_26_106 Construction of Road from (i) Namati Tiniali to Padumoni Beel Connecting Road from (Ch. 0.00 m to Ch. 1000.00 m) (ii) Mahmora Block ME School Tiniali to Ghanhi Culvert Tiniali Connecting Road from (Ch. 0.00 m to Ch. 2500.00,MMPPNA_RIDF_XXXI_25_26_106 Construction of Road from (i) Namati Tiniali to Padumoni Beel Connecting Road from (Ch. 0.00 m to Ch. 1000.00 m) (ii) Mahmora Block ME School Tiniali to Ghanhi Culvert Tiniali Connecting Road from (Ch. 0.00 m to Ch. 2500.00,Works,Open Tender,Item Rate,Civil Works – Roads,No,No,NA ,09-Jul-2025 09:00 AM,17-Jul-2025 12:00 PM ,180.0,No ,No,Online,28-Jul-2025 02:30 PM,Public Works Roads Department,Naharkatia,786610.0,2.0,"7,23,28,000",SANTOSH GARODIA,"72,327,669.99",Rejected-Finance,07-Feb-2026,Public Works Roads Department
2025_DoWR_49109_1,KOKRAJHAR/2025-26/SOPD-G/I,Raising and Strengthening of DRDA Embankment near Jagannath Temple at Kokrajhar Bagisagaon including installation of Sluice gate with A/E measuresof Gaurang River on R/B.,Raising and Strengthening of DRDA Embankment near Jagannath Temple at Kokrajhar Bagisagaon including installation of Sluice gate with A/E measuresof Gaurang River on R/B.,Works,Open Tender,Works,Civil Works,No,No,NA ,08-Dec-2025 09:00 AM,NA ,180.0,No ,No,Online,26-Dec-2025 03:00 PM,Department of Water Resources||Chief Engineer - DoWR,KOKRAJHAR,783370.0,2.0,"1,99,99,179",RWIRUP MUSHAHARY,"19,994,207.14",Rejected-AOC,14-Feb-2026,Department of Water Resources||Chief Engineer - DoWR
2025_PWD_45554_15,CE/STBR/09/NIT/RIDF-XXXI/2025 26/1 Dated 24-06-2025,STBR/RIDF-XXXI/BEHALI-01/15 Construction of RCC Br. No. 3/1 on Laal Dolong to Miri Bridge connecting Road under Mukhya Mantrir Unnata Paki Path Nirman Achani (MMUPPNA) Under RIDF-XXXI of NANARD For the year 2025-26,STBR/RIDF-XXXI/BEHALI-01/15 Construction of RCC Br. No. 3/1 on Laal Dolong to Miri Bridge connecting Road under Mukhya Mantrir Unnata Paki Path Nirman Achani (MMUPPNA) Under RIDF-XXXI of NANARD For the year 2025-26,Works,Open Tender,Item Rate,Civil Works – Roads,No,No,NA ,16-Jul-2025 05:00 PM,17-Jul-2025 11:00 AM ,180.0,No ,No,Online,01-Aug-2025 11:00 AM,Public Works Roads Department,BEHALI,784166.0,2.0,"2,19,42,500",SAILAJA COMMERCIAL CONSTRUCTION PVT LTD,"21,942,500",Rejected-AOC,21-Feb-2026,Public Works Roads Department
2025_PWD_46191_9,CE/DEV/TB/122/2025-26/1 Dtd- 01.08.2025,BTR_RIDF_XXXI_25_26_14 Construction of Road from Nalbari L.P. School to Jolamdaha via Samthaibari village under RIDF-XXXI of NABARD for the year 2025-26.,BTR_RIDF_XXXI_25_26_14 Construction of Road from Nalbari L.P. School to Jolamdaha via Samthaibari village under RIDF-XXXI of NABARD for the year 2025-26.,Works,Open Tender,Item Rate,Civil Works – Roads,No,No,NA ,06-Aug-2025 04:00 PM,11-Aug-2025 12:00 PM ,180.0,No ,No,Online,14-Aug-2025 02:30 PM,Public Works Roads Department,Bhergaon,784522.0,2.0,"1,63,95,000",FIROJ ALI,"16,391,718",Accepted-AOC,24-Feb-2026,Public Works Roads Department
2025_APDCL_46390_1,NIT No GM/SZ-04/2025/02,Deposit Work,Deposit Work,Works,Open Tender,Turn-key,Electrical Works,No,No,NA ,13-Aug-2025 06:00 PM,19-Aug-2025 02:00 PM ,180.0,No ,No,Online,06-Sep-2025 04:00 PM,Assam Power Distribution Company Ltd||CGM(D) Central Assam Region - APDCL||GM(Barak Valley Zone) - APDCL,Silchar,788015.0,2.0,"25,69,744",TRANSLINE POWER SERVICE,"2,549,493.84",Rejected-Finance,20-Feb-2026,Assam Power Distribution Company Ltd||CGM(D) Central Assam Region - APDCL||GM(Barak Valley Zone) - APDCL
2025_PWD_48130_1,No. SE/NRC/TB/NIT/12/2021-22/89,Const. of Road from i) Bou Bazar Steel Bridge Kanuwamari Via Sri Radha Govinda Ashram (Part 1) (Ch.0.00m to 600.00m) and ii) Sonaibali Sivasthan PWD Road (Tas Basti link road) via Durga Mandir (Ch.0.0m to Ch.800.00m) under SOPD-G for the year 2025-26,Const. of Road from i) Bou Bazar Steel Bridge Kanuwamari Via Sri Radha Govinda Ashram (Part 1) (Ch.0.00m to 600.00m) and ii) Sonaibali Sivasthan PWD Road (Tas Basti link road) via Durga Mandir (Ch.0.0m to Ch.800.00m) under SOPD-G for the year 2025-26,Works,Open Tender,Item Rate,Civil Works – Roads,No,No,NA ,17-Oct-2025 03:00 PM,NA ,180.0,No ,No,Online,07-Nov-2025 03:00 PM,Public Works Roads Department||CE PWD(R) - PWD,Samaguri,782140.0,2.0,"1,20,10,000",M/S UDIPTA KUMAR BORAH,"12,000,000",Accepted-AOC,23-Feb-2026,Public Works Roads Department||CE PWD(R) - PWD
2026_PWD_49906_1,BDTRD/SOPD-G/GWC/25-26/15,Construction of GWC road Omeo Das HS School to Mazorhula for the year 2025-26 under SOPD-G Barchalla LAC,Construction of GWC road Omeo Das HS School to Mazorhula for the year 2025-26 under SOPD-G Barchalla LAC,Works,Open Tender,Item Rate,Civil Works,No,No,NA ,05-Jan-2026 02:00 PM,08-Jan-2026 12:00 PM ,180.0,No ,No,Online,21-Jan-2026 02:00 PM,Public Works Roads Department,Barchalla,784110.0,2.0,"21,61,000",CHANDRA KUMAR SUBBA,"2,160,299",Accepted-AOC,21-Feb-2026,Public Works Roads Department
2025_PWD_49289_1,DRC.XIII/16/98/NIT/DIB/Pt-I/,Renovation of Indoor Stadium at Dibrugarh with separate spaces for 60 70 vehicles and exit road etc. under DMFT for the year 2024 2025,Renovation of Indoor Stadium at Dibrugarh with separate spaces for 60 70,Works,Open Tender,Item Rate,Civil Works – Roads,No,No,NA ,15-Dec-2025 11:00 AM,NA ,180.0,No ,No,Online,30-Dec-2025 03:00 PM,Public Works Roads Department,Dibrugarh,786001.0,2.0,"40,00,000",ANIL MAKRARY,"4,000,000",Accepted-AOC,06-Feb-2026,Public Works Roads Department
2025_PCCF_48654_1,2682.0,Construction of 1 no Forest Guard Quarter at Rajapara Beat Office of Loharghat Range,Construction of 1 no Forest Guard Quarter at Rajapara Beat Office of Loharghat Range,Works,Open Tender,Percentage,Civil Works,No,No,NA ,17-Nov-2025 10:00 AM,19-Nov-2025 11:00 AM ,120.0,No ,No,Online,09-Dec-2025 11:00 AM,Pr. Chief Conservator of Forest and Head of Forest Force||Chief Conservator of Forestes (T) (Lower Assam Zone)||Central Assam Circle||Kamrup West Division,Rajapara,781141.0,2.0,"35,16,411",J D ASSOCIATES,"3,164,769.9",Rejected-Finance,05-Feb-2026,Pr. Chief Conservator of Forest and Head of Forest Force||Chief Conservator of Forestes (T) (Lower Assam Zone)||Central Assam Circle||Kamrup West Division
2025_DoWR_47448_1,TAMULPUR/2025-26/RIDF/IV,Construction of embankment on R/B of river Puthimari from Dhekipota Betagaon PWD Road to Mahbari.,Construction of embankment on R/B of river Puthimari from Dhekipota Betagaon PWD Road to Mahbari.,Works,Open Tender,Works,Civil Works,No,No,NA ,10-Sep-2025 06:55 PM,NA ,180.0,No ,No,Online,04-Oct-2025 03:00 PM,Department of Water Resources||Chief Engineer - DoWR,TAMULPUR,781367.0,2.0,"4,73,49,971",K C INFRA PROJECTS PRIVATE LTD,"47,341,970.57",Accepted-AOC,26-Feb-2026,Department of Water Resources||Chief Engineer - DoWR
2025_PWD_46604_9,CE/STBR/SOPD-G/NIT/07/2025 26/8 Dated 29-07-2025,"STBR/SOPD-G/Rangapara-04/09 Construction of i)Namgaon Line Road,ii) Panipota 5 no line road,iii)Baithavanga Main road to Gobinbasti and iv)RCC Box culvert at No 1 Gerguajuli Middle Line under Mukhya Mantrir Nagariya Pakipath Nirman Achani (MMNPPNA)","STBR/SOPD-G/Rangapara-04/09 Construction of i)Namgaon Line Road,ii) Panipota 5 no line road,iii)Baithavanga Main road to Gobinbasti and iv)RCC Box culvert at No 1 Gerguajuli Middle Line under Mukhya Mantrir Nagariya Pakipath Nirman Achani (MMNPPNA)",Works,Open Tender,Item Rate,Civil Works – Roads,No,No,NA ,18-Aug-2025 02:00 PM,20-Aug-2025 11:00 AM ,180.0,No ,No,Online,02-Sep-2025 11:00 AM,Public Works Roads Department,Rangapara,784504.0,2.0,"2,47,89,000",Raj Kumar Daimary,"24,788,500",Accepted-AOC,16-Feb-2026,Public Works Roads Department
2025_WPTBC_49166_1,SCDCStadiumPubBrahmajan,"Construction of Mini Outdoor Stadium at Pub Brahmajan High School, Jalukbari, Brahmajan, Biswanath, Gohpur LAC","Construction of Mini Outdoor Stadium at Pub Brahmajan High School, Jalukbari, Brahmajan, Biswanath, Gohpur LAC",Works,Open Tender,Item Rate,Civil Works,No,No,NA ,10-Dec-2025 06:00 PM,12-Dec-2025 12:00 PM ,180.0,No ,No,Online,29-Dec-2025 03:00 PM,Welfare of Plain Tribes and Backward Classes||Directorate of Welfare of Scheduled Caste||Assam State Development Corporation for SC,"DISPUR, GHY-781006",781006.0,2.0,"1,64,59,890",SMTI MALLIKA DAS,"16,459,890",Accepted-AOC,26-Feb-2026,Welfare of Plain Tribes and Backward Classes||Directorate of Welfare of Scheduled Caste||Assam State Development Corporation for SC
2025_PWD_43542_1,BDTRD/BKT/CSR/01/2024-25/4418,"Improvement of road from NH-37 at Numaligarh Tiniali to RoRo Jetty, Jahaj Ghat under PWRD, Bokakhat and Dergaon TRD, Bokakhat","Improvement of road from NH-37 at Numaligarh Tiniali to RoRo Jetty,Jahaj Ghat under PWRD, Bokakhat and Dergaon TRD, Bokakhat",Works,Open Tender,Item Rate,Civil Works,No,No,NA ,18-Mar-2025 12:00 PM,19-Mar-2025 12:00 PM ,180.0,No ,No,Online,27-Mar-2025 12:00 PM,Public Works Roads Department,Bokakhat,785612.0,2.0,"99,71,000",Amal Bharali,"9,969,975",Accepted-AOC,05-Apr-2025,Public Works Roads Department
2025_UDD_48609_1,SMB/PW/XV FC(Untied)/2025-26/1000,"Development of Sribhumi children Park, Ward No-14, Sribhumi under 15th FC (Untied Grant) for the year 2024-25","Development of Sribhumi Children Park ,Ward No-14, Sribhumi under 15th FC (Untied Grant) for the year 2024-25",Works,Open Tender,Works,Miscellaneous Works,No,No,NA ,13-Nov-2025 05:00 PM,NA ,180.0,No ,No,Online,06-Dec-2025 12:00 PM,Urban Development Department||Directorate of Municipality Administration - UDD||Karimganj Municipal Board,"Sribhumi, Assam",788710.0,2.0,"47,06,887",BISWAJIT DAS,"4,236,198.3",Rejected-AOC,04-Feb-2026,Urban Development Department||Directorate of Municipality Administration - UDD||Karimganj Municipal Board
2025_PWHE_47066_1,IN-ASSAM PWD-510339-CW-RFB,"Construction of Class Rooms under Assam School Education and Adolescent Well-Being Project (ASAP) under Morigaon District Territorial Building Division, Morigaon for i. Baidya Bori High School","Construction of Class Rooms under Assam School Education and Adolescent Well-Being Project (ASAP) under Morigaon District Territorial Building Division, Morigaon for i. Baidya Bori High School",Works,Open Tender,Item Rate,Civil Works - Building,No,No,NA ,28-Aug-2025 04:30 PM,15-Sep-2025 11:30 AM ,180.0,No ,No,Online,03-Oct-2025 05:00 PM,Public Works Health and Education Department-Externally Aided Project||Public Works Health and Education Department-WB,Morigaon,782105.0,2.0,"3,41,77,505",KISHORE DAS,"39,000,000",Accepted-AOC,12-Feb-2026,Public Works Health and Education Department-Externally Aided Project||Public Works Health and Education Department-WB
2025_DU_42336_1,DU/DR(Admn.)/Administrative Approval/2024/14/277,"Supply, Installation and Commissioning of Microscopes at the Department of Applied Geology at Dibrugarh University","Supply, Installation and Commissioning of Microscopes at the Department of Applied Geology at Dibrugarh University",Goods,Open Tender,Supply,Electronics Equipment,No,No,NA ,24-Jan-2025 05:30 PM,NA ,90.0,No ,No,Online,14-Feb-2025 03:30 PM,Dibrugarh University,Dibrugarh University,786004.0,2.0,,DHR HOLDING INDIA PVT. LTD.,"1,469,000",Not Admitted-Fee/PreQual/Technical,25-Feb-2026,Dibrugarh University
2025_PWD_45827_89,CE/MAINT/SOPDG/01/2025-26/02,MAINT/SOPD-G/2025-26/104,"MAINT/SOPD-G/2025-26/104_1_Construction of No. 2 Jiakur Suwari Pathar Road,2_Construction of road from Mirza Girls High School to PL Road including RCC drain at Mirza area and Nemcare approach Road, 3_ Construction of road Haligaon Path No_1 and 4_Co",Works,Open Tender,Item Rate,Civil Works – Roads,No,No,NA ,24-Jul-2025 12:00 PM,24-Jul-2025 12:00 PM ,180.0,No ,No,Online,14-Aug-2025 11:00 AM,Public Works Roads Department,Kamrup Rural,781123.0,2.0,"1,19,57,000",SUNDAR NATH MISHRA,"10,761,300",Rejected-Finance,05-Feb-2026,Public Works Roads Department
2025_PWD_45820_119,CE/STBR/SOPD-G/NIT/07/2025 26/1 Dated 26-06-2025,STBR/SOPD-G/Jalukbari -11/50 Improvement of Rudreswar Rajani Path and byelane under SOPD-G for the year 2025-26,STBR/SOPD-G/Jalukbari -11/50 Improvement of Rudreswar Rajani Path and byelane under SOPD-G for the year 2025-26,Works,Open Tender,Item Rate,Civil Works – Roads,No,No,NA ,02-Aug-2025 12:00 PM,04-Aug-2025 11:00 AM ,180.0,No ,No,Online,19-Aug-2025 11:00 AM,Public Works Roads Department,Jalukbari,781013.0,2.0,"33,39,000",AMARJEET DEKA,"3,338,994",Accepted-AOC,03-Feb-2026,Public Works Roads Department
2025_AEGCL_48599_1,AEGCL/DGM(Civil)/2025-26/02,Civil Works including construction of new approach road to facilitate 132 kV bus extension to accommodate future 132kV bays at North Lakhimpur,Civil Works including construction of new approach road to facilitate 132 kV bus extension to accommodate future 132kV bays at North Lakhimpur,Works,Open Tender,Works,Civil Works,No,No,NA ,14-Nov-2025 12:00 PM,NA ,180.0,No ,No,Online,11-Dec-2025 03:00 PM,Assam Electricity Grid Corporation Ltd||CGM (T and T),"132 kV North Lakhimpur, GSS",787001.0,2.0,"2,96,71,648",ABHEDYA BASUMATARY,"35,535,161",Accepted-AOC,16-Feb-2026,Assam Electricity Grid Corporation Ltd||CGM (T and T)
2025_DoWR_47278_1,KAMRUP METRO/2025-26/FFM/IX,Procurement of flood fighting materials (Mega Bag) for Water Resources Department for the year 2025-26 (Zone-D),Procurement of flood fighting materials (Mega Bag) for Water Resources Department for the year 2025-26 (Zone-D).,Goods,Open Tender,Supply,Supply of Materials,No,No,NA ,04-Sep-2025 06:55 PM,NA ,180.0,No ,No,Online,24-Sep-2025 03:00 PM,Department of Water Resources||Chief Engineer - DoWR,KAMRUP METRO,781008.0,2.0,"2,89,20,000",Sonali Geotextiles Pvt. Ltd.,"26,028,000",Accepted-AOC,09-Feb-2026,Department of Water Resources||Chief Engineer - DoWR
2025_PWD_45820_125,CE/STBR/SOPD-G/NIT/07/2025 26/1 Dated 26-06-2025,STBR/SOPD-G/Jalukbari -47/86 Improvement of Seuji Path near PNGB Rd. at Gotanagar under SOPD-G for the year 2025-26,STBR/SOPD-G/Jalukbari -47/86 Improvement of Seuji Path near PNGB Rd. at Gotanagar under SOPD-G for the year 2025-26,Works,Open Tender,Item Rate,Civil Works – Roads,No,No,NA ,02-Aug-2025 12:10 PM,04-Aug-2025 11:00 AM ,180.0,No ,No,Online,19-Aug-2025 11:00 AM,Public Works Roads Department,Jalukbari,781013.0,2.0,"6,53,000",Shree Krishna Enterprises,"652,499",Rejected-AOC,18-Feb-2026,Public Works Roads Department
2025_PWRDW_43984_2,CE/EAP/ARRBP/02/TENDER/2024/42,Br on Khanikar TE Road in Jorhat Dist.,CE/EAP/ARRBP/OCB/Bridge1/Jorhat/11 Construction of Bridge in Jorhat district Br on Khanikar TE Road,Works,Open Tender,Item Rate,Civil Works - Bridges,No,No,NA ,10-Apr-2025 09:00 AM,17-Apr-2025 11:00 AM ,180.0,No ,No,Online,29-Apr-2025 02:30 PM,Public Works Roads Department-Externally Aided Project||Public Works Road Department- World Bank Funded Tenders||Assam State Bridge Infrastructure Program,Jorhat district,785001.0,2.0,"1,84,17,000",M/S Competent Infrastructure & Consulting Pvt. Ltd,"19,335,000",Accepted-AOC,13-Feb-2026,Public Works Roads Department-Externally Aided Project||Public Works Road Department- World Bank Funded Tenders||Assam State Bridge Infrastructure Program
2026_WPTBC_50621_1,SCDCTribalSanghaAdminBuilding,"Infrastructure Development of Administrative Building of All Assam Tribal Sangha under West Guwahati LAC, Dist. Kamrup M","Infrastructure Development of Administrative Building of All Assam Tribal Sangha under West Guwahati LAC, Dist. Kamrup M",Works,Open Tender,Item Rate,Civil Works,No,No,NA ,30-Jan-2026 10:00 AM,NA ,180.0,No ,No,Online,05-Feb-2026 03:00 PM,Welfare of Plain Tribes and Backward Classes||Directorate of Welfare of Scheduled Caste||Assam State Development Corporation for SC,"DISPUR, GHY-06",781006.0,2.0,"60,00,000",M/S P.D. ENTERPRISE,"5,999,500",Accepted-AOC,19-Feb-2026,Welfare of Plain Tribes and Backward Classes||Directorate of Welfare of Scheduled Caste||Assam State Development Corporation for SC
2025_PWD_45491_17,CE/Commn/16/2025-26/2,Tinsukia/ MMNPPNA/ 2,Construction of (i) RCC Drain on VIP Road starting from Old AT Road (L1.425km) (ii) RCC Drain on Subachani Road left side under MMNPPNA SOPD-G for the year 2025-26,Works,Open Tender,Item Rate,Civil Works – Roads,No,No,NA ,10-Jul-2025 06:55 PM,18-Jul-2025 04:00 PM ,180.0,No ,No,Online,30-Jul-2025 02:30 PM,Public Works Roads Department,Tinsukia,786125.0,2.0,"3,20,30,000",KAJAL HORE,"32,020,398",Accepted-AOC,18-Feb-2026,Public Works Roads Department
2025_PWBNH_47384_1,CE/TB-III/(H_E)/21/2024/6 Dated 19/085/2025,"Construction of Proposed Critical Care Hospital Block (CCB) under PM ABHIM at Assam Medical College and Hospital, Dibrugarh, Assam","Construction of Proposed Critical Care Hospital Block (CCB) under PM ABHIM at Assam Medical College and Hospital, Dibrugarh, Assam",Works,Open Tender,Item Rate,Civil Works - Building,No,No,NA ,09-Sep-2025 01:00 PM,15-Sep-2025 11:30 AM ,180.0,No ,No,Online,10-Oct-2025 03:30 PM,Public Works Building and NH Department||Chief Engineer-Building - PWBNH,Dibrugarh,786001.0,2.0,"17,20,22,198",AVR INFRASPACE PRIVATE LIMITED,"190,900,000",Accepted-AOC,27-Feb-2026,Public Works Building and NH Department||Chief Engineer-Building - PWBNH
2025_PWD_45827_63,CE/MAINT/SOPDG/01/2025-26/02,MAINT/SOPD-G/2025-26/72,MAINT/SOPD-G/2025-26/72_1Improvement of Drain cum road at Nagaon Sarthebari Road to Nagaon Village and 2Improvement of road from Chenga Subha PWD road to Chenga Ganakpara Road of Mukhya Mantrir Path Nabikaran Achani (MMPNA) under SOPDG for the year 2,Works,Open Tender,Item Rate,Civil Works – Roads,No,No,NA ,24-Jul-2025 09:00 AM,24-Jul-2025 12:00 PM ,180.0,No ,No,Online,14-Aug-2025 11:00 AM,Public Works Roads Department,Barpeta,781301.0,2.0,"1,05,41,000",PRAN KUMAR DAS,"10,531,000",Rejected-Finance,07-Feb-2026,Public Works Roads Department
2025_PWRDW_48471_2,EAP/ARRBP/02/TENDERS/2024/52,Br. on Umsur Majpara Road/Kamrup-M/06,Package No. - CE/EAP/ARRBP/OCB/Bridge-1/Kamrup-M/06 Br. on Umsur Majpara Road,Works,Open Tender,Item Rate,Civil Works - Bridges,No,No,NA ,11-Nov-2025 11:00 AM,18-Nov-2025 11:00 AM ,180.0,No ,No,Online,26-Nov-2025 02:30 PM,Public Works Roads Department-Externally Aided Project||Public Works Road Department- World Bank Funded Tenders||Assam State Bridge Infrastructure Program,Kamrup-M,781124.0,2.0,"2,75,91,000",M/s B.K. Mozika,"27,533,111",Accepted-AOC,12-Feb-2026,Public Works Roads Department-Externally Aided Project||Public Works Road Department- World Bank Funded Tenders||Assam State Bridge Infrastructure Program
2025_PWD_45820_95,CE/STBR/SOPD-G/NIT/07/2025 26/1 Dated 26-06-2025,STBR/SOPD-G/Dimoria -11/99 Construction of Nayan Nagar path at Bapuji Nagar Matgharia under SOPD (G) for the year 2025-26,STBR/SOPD-G/Dimoria -11/99 Construction of Nayan Nagar path at Bapuji Nagar Matgharia under SOPD (G) for the year 2025-26,Works,Open Tender,Item Rate,Civil Works – Roads,No,No,NA ,31-Jul-2025 03:00 PM,01-Aug-2025 11:00 AM ,180.0,No ,No,Online,11-Aug-2025 11:00 AM,Public Works Roads Department,Dimoria,782403.0,2.0,"85,92,000",Lokash Khwmtha Daimry,"8,591,973",Rejected-AOC,10-Feb-2026,Public Works Roads Department
2025_PWD_49114_1,SKTRD/Tech/117/2025-26,SKTRD/SOPD-G/25-26/25,Improvement of Pub-Majortop Road under SOPD(G) for the year 2025-26,Works,Open Tender,Item Rate,Civil Works – Roads,No,No,NA ,09-Dec-2025 02:00 PM,15-Dec-2025 12:00 PM ,180.0,No ,No,Online,29-Dec-2025 02:30 PM,Public Works Roads Department,Kamrup Rural,781125.0,2.0,"22,94,000",RUPJYOTI DAS,"2,294,000",Not Admitted-Finance,27-Feb-2026,Public Works Roads Department
2026_PWD_49967_1,NKTRD/Tech/NIT/PDNA/25-26/3219,Recovery and Re-construction of Udiana Gurkuchi Station Road under NDRF (PDNA-2022) for the year 2025-26.,Recovery and Re-construction of Udiana Gurkuchi Station Road under NDRF (PDNA-2022) for the year 2025-26. Pkg No. NKTRD(R)/ NDRF(PDNA-2022)/2025-26/03,Works,Open Tender,Item Rate,Civil Works – Roads,No,No,NA ,06-Jan-2026 11:00 AM,06-Jan-2026 12:00 PM ,180.0,No ,No,Online,16-Jan-2026 01:00 PM,Public Works Roads Department,Rangia LAC,781354.0,2.0,"11,30,000",MD KHASNUR AHMED,"1,129,592",Accepted-AOC,20-Feb-2026,Public Works Roads Department
2025_PWD_48114_1,No.SE/NRC/TB/NIT/12/2021-22/91,Reconstruction of Kumargaon to Puranigudam Pathekar Chuk Road under SOPD-G for the year 2025-26 under Kaliabor and Samaguri Territorial Road Division,Reconstruction of Kumargaon to Puranigudam Pathekar Chuk Road under SOPD-G for the year 2025-26 under Kaliabor and Samaguri Territorial Road Division,Works,Open Tender,Item Rate,Civil Works – Roads,No,No,NA ,17-Oct-2025 03:00 PM,NA ,180.0,No ,No,Online,07-Nov-2025 03:00 PM,Public Works Roads Department||CE PWD(R) - PWD,Samaguri,782140.0,2.0,"60,70,000",Sri Saurav Sharma,"6,069,643",Rejected-Finance,26-Feb-2026,Public Works Roads Department||CE PWD(R) - PWD
2025_PWD_45827_88,CE/MAINT/SOPDG/01/2025-26/02,MAINT/SOPD-G/2025-26/103,"MAINT/SOPD-G/2025-26/103_1_Construction of Road from Borkuchi Dhanai Pukhuri Road, 2_ Construction of END road to Jatia Bhangora Than, 3_Construction of PWD Pub Sarpara bye lane-1, 4_Construction of Dakhala END to Majpara Colony road and 5_ Construc",Works,Open Tender,Item Rate,Civil Works – Roads,No,No,NA ,24-Jul-2025 12:00 PM,24-Jul-2025 12:00 PM ,180.0,No ,No,Online,14-Aug-2025 11:00 AM,Public Works Roads Department,Kamrup Rural,781123.0,2.0,"1,09,48,000",JBS CONSTRUCTION,"10,947,433",Accepted-AOC,09-Feb-2026,Public Works Roads Department
2025_PCCF_48304_1,KJ(T)/NHIDCL/Tender/2025/01,Cost of Erection of Boundary Pillars (Major) 100 Nos.,Cost of Erection of Boundary Pillars (Major) 100 Nos,Works,Open Tender,Works,Civil Works,No,No,NA ,30-Oct-2025 04:30 PM,NA ,60.0,No ,No,Online,18-Nov-2025 01:00 PM,Pr. Chief Conservator of Forest and Head of Forest Force||Chief Conservator of Forestes (T) (Lower Assam Zone)||Southern Assam Circle||Karimganj Forest (T) Division,Chandkir village - Churaibari section of NH-8,788725.0,2.0,"23,66,682",KRISHNA DEBNATH,"2,130,013.8",Rejected-Technical,24-Feb-2026,Pr. Chief Conservator of Forest and Head of Forest Force||Chief Conservator of Forestes (T) (Lower Assam Zone)||Southern Assam Circle||Karimganj Forest (T) Division
2026_WPTBC_50605_1,scdc/tech/ac/2025-26/1,Construction of Additional Classroom at Mirjeng English ME School,Construction of Additional Classroom at Mirjeng English ME School,Works,Open Tender,Item Rate,Civil Works,No,No,NA ,29-Jan-2026 02:00 PM,NA ,180.0,No ,No,Online,04-Feb-2026 03:00 PM,Welfare of Plain Tribes and Backward Classes||Directorate of Welfare of Scheduled Caste||Assam State Development Corporation for SC,Karbi Anglong,781006.0,2.0,"25,00,000",PUTUL MILI,"2,500,000",Rejected-AOC,19-Feb-2026,Welfare of Plain Tribes and Backward Classes||Directorate of Welfare of Scheduled Caste||Assam State Development Corporation for SC
2025_PWD_45818_52,CE/Commn/16/2025-26/04,Naharkatia/MMPNA/05,Improvement/ Reconstruction of Khatuwa Gaon to Amguri Nepali Gaon Road under MukhyaMantrir Path NabikaranAchani (MMPNA) under SOPD-G for the year 2025-26,Works,Open Tender,Item Rate,Civil Works – Roads,No,No,NA ,23-Jul-2025 06:00 PM,28-Jul-2025 04:00 PM ,180.0,No ,No,Online,11-Aug-2025 02:30 PM,Public Works Roads Department,Naharkatia,786610.0,2.0,"90,00,000",Deoki Nandan Garodia,"9,000,000",Accepted-AOC,16-Feb-2026,Public Works Roads Department
2025_PWD_45818_46,CE/Commn/16/2025-26/04,Naharkatia/MMNPPNA/06,Supplying and Installation of street light with underground cabling at Naharkatia Town under MukhyaMantrirNagariya Paki Path Nirman Achani (MMNPPNA) for the year 2025-26,Works,Open Tender,Item Rate,Civil Works – Roads,No,No,NA ,23-Jul-2025 06:00 PM,28-Jul-2025 04:00 PM ,180.0,No ,No,Online,11-Aug-2025 02:30 PM,Public Works Roads Department,Naharkatia,786610.0,2.0,"2,00,00,000",SANTOSH GARODIA,"20,000,000",Accepted-AOC,16-Feb-2026,Public Works Roads Department
2025_PWD_49097_2,CE/DEV/TB/60/2025-26/57 Dtd- 03.12.2025,MMPPNA_RIDF_XXXI_25_26_167 Construction of Road from (1) Botiamari centre to Rowmari link Road (2) Ganesh Temple to Borajuli Pathar under Mukhya Mantrir Paki Path Nirman Achani (MMPPNA) under RIDF-XXXI of NABARD for the year 2025-26.,MMPPNA_RIDF_XXXI_25_26_167 Construction of Road from (1) Botiamari centre to Rowmari link Road (2) Ganesh Temple to Borajuli Pathar under Mukhya Mantrir Paki Path Nirman Achani (MMPPNA) under RIDF-XXXI of NABARD for the year 2025-26.,Works,Open Tender,Item Rate,Civil Works – Roads,No,No,NA ,06-Dec-2025 06:30 PM,08-Dec-2025 02:30 PM ,180.0,No ,No,Online,17-Dec-2025 02:30 PM,Public Works Roads Department,Behali,784166.0,2.0,"1,80,26,000",Sasindra Saikia,"18,024,274",Not Admitted-Fee/PreQual/Technical,05-Feb-2026,Public Works Roads Department
2025_PWRDW_47337_1,e-698006/1(A),Construction of Bridge in Sonitpur district i) Br. No. 2/1 on Bhotpara to 1 No. Surjyapur Road,Construction of Bridge in Sonitpur district i) Br. No. 2/1 on Bhotpara to 1 No. Surjyapur Road Package No.CE/EAP/ARRBP/OCB/Bridge-1/ Sonitpur/14,Works,Open Tender,Item Rate,Civil Works - Bridges,No,No,NA ,08-Sep-2025 09:00 AM,15-Sep-2025 11:00 AM ,180.0,No ,No,Online,08-Oct-2025 02:30 PM,Public Works Roads Department-Externally Aided Project||Public Works Road Department- World Bank Funded Tenders||Assam State Bridge Infrastructure Program,Sonitpur,782120.0,2.0,"3,17,63,000",Mousum Bora,"33,347,000",Rejected-Finance,18-Feb-2026,Public Works Roads Department-Externally Aided Project||Public Works Road Department- World Bank Funded Tenders||Assam State Bridge Infrastructure Program
2025_PWD_49579_5,DMJ/TRD/NDRF (PDNA)-01/2025-26/10-17 Dtd 20/12/2025,"Recovery and Reconstruction of road from L099-NH-52 to No.2 Borachira, AS-04-149 under NDRF(PDNA-2022) for the year 2025-26 under Dhemaji TRD, Dhemaji LAC","Recovery and Reconstruction of road from L099-NH-52 to No.2 Borachira, AS-04-149 under NDRF(PDNA-2022) for the year 2025-26 under Dhemaji TRD, Dhemaji LAC",Works,Open Tender,Works,Civil Works,No,No,NA ,23-Dec-2025 10:00 AM,NA ,180.0,No ,No,Online,09-Jan-2026 11:00 AM,Public Works Roads Department,Dhemaji,787057.0,2.0,"40,00,000",Jatin Hazarika,"3,999,999.8",Rejected-AOC,26-Feb-2026,Public Works Roads Department
2025_PWD_49573_18,CE/Commn/192/PDNA/2025-26/02,PDNA/Hojai/01,Recovery and Reconstruction of Doboka Jamunamukh Road to Patidayagaon Road from Ch. 0.00m to Ch. 1500.00m under NDRF (PDNA-2022) for the year 2025-26 in Hojai District of Binnakandi LAC,Works,Open Tender,Item Rate,Civil Works – Roads,No,No,NA ,23-Dec-2025 02:00 PM,26-Dec-2025 04:00 PM ,180.0,No ,No,Online,05-Jan-2026 02:30 PM,Public Works Roads Department,Hojai,782435.0,2.0,"1,11,97,000",P.S. ENTERPRISE,"11,197,000",Accepted-AOC,19-Feb-2026,Public Works Roads Department
2025_ASDMA_43839_1,186038/600,Supply of Stationery and Miscellaneous items for Assam State Disaster Management Authority,Supply of Stationery and Miscellaneous items for Assam State Disaster Management Authority,Goods,Open Tender,Item Rate,Stationery,No,No,NA ,29-Mar-2025 02:30 PM,NA ,365.0,No ,No,Online,22-Apr-2025 03:00 PM,Assam State Disaster Management Authority||Head Offcie - ASDMA,"ASDMA, Janata Bhawan, Dispur-781006",781006.0,2.0,,ASSAM ENTERPRISE,"105,230.91",Accepted-AOC,07-Feb-2026,Assam State Disaster Management Authority||Head Offcie - ASDMA
2025_PWD_45926_23,CE/DEV/TB/60/2025-26/06 Dtd- 14.07.2025,"MMPPNA_RIDF_XXXI_25_26_182 Construction of road from (1) Kharasimalu to Joymoti LP School Road, (2) Nogaon Village Link Road, (3) Girinta Tiniali to Pub-Tiniali Link Road, (4) Samukjuli to Phulbari Road under Mukhya Mantrir Paki Path Nirman Achani (","MMPPNA_RIDF_XXXI_25_26_182 Construction of road from (1) Kharasimalu to Joymoti LP School Road, (2) Nogaon Village Link Road, (3) Girinta Tiniali to Pub-Tiniali Link Road, (4) Samukjuli to Phulbari Road under Mukhya Mantrir Paki Path Nirman Achani (",Works,Open Tender,Item Rate,Civil Works – Roads,No,No,NA ,26-Jul-2025 06:00 PM,04-Aug-2025 12:00 PM ,180.0,No ,No,Online,14-Aug-2025 02:30 PM,Public Works Roads Department,Biswanath,784176.0,2.0,"3,73,23,000",SAILAJA COMMERCIAL CONSTRUCTION PVT LTD,"37,323,000",Rejected-Finance,06-Feb-2026,Public Works Roads Department
2025_PWD_45408_31,CE/DEV/TB/60/2025-26/01 Dtd- 21.06.2025,"MMPPNA_RIDF_XXXI_25_26_01 Construction of Road from (1) Sainayshi Gossaighar to Hudukhata Naosali Road including Buragosaighar Satra to Trinath Mandir, (2) Barsaderi Village to Tuplai Panbari (Balance Portion) with apprach road to Baghapara, (3) Akay","MMPPNA_RIDF_XXXI_25_26_01 Construction of Road from (1) Sainayshi Gossaighar to Hudukhata Naosali Road including Buragosaighar Satra to Trinath Mandir, (2) Barsaderi Village to Tuplai Panbari (Balance Portion) with apprach road to Baghapara, (3) Akay",Works,Open Tender,Item Rate,Civil Works – Roads,No,No,NA ,09-Jul-2025 03:00 PM,17-Jul-2025 12:00 PM ,180.0,No ,No,Online,28-Jul-2025 02:30 PM,Public Works Roads Department,Bajali,781325.0,2.0,"4,99,48,000",Sankalpa Associates,"49,948,000",Rejected-Finance,07-Feb-2026,Public Works Roads Department
2025_PWD_45408_25,CE/DEV/TB/60/2025-26/01 Dtd- 21.06.2025,MMPPNA_RIDF_XXXI_25_26_108 Construction of Road from (i) Gaon Burha Ali from (Ch. 0.00 m to Ch. 1400.00 m)(ii) Mothawoni Grazing Gaon to Bishnu Jyoti Path from (Ch. 0.00 m to Ch. 1410.00 m) (iii) Kukurapuhia Budhbari Namghor to Sukani Ali from (Ch. 0,MMPPNA_RIDF_XXXI_25_26_108 Construction of Road from (i) Gaon Burha Ali from (Ch. 0.00 m to Ch. 1400.00 m)(ii) Mothawoni Grazing Gaon to Bishnu Jyoti Path from (Ch. 0.00 m to Ch. 1410.00 m) (iii) Kukurapuhia Budhbari Namghor to Sukani Ali from (Ch. 0,Works,Open Tender,Item Rate,Civil Works – Roads,No,No,NA ,09-Jul-2025 09:00 AM,17-Jul-2025 12:00 PM ,180.0,No ,No,Online,28-Jul-2025 02:30 PM,Public Works Roads Department,Naharkatia,786610.0,2.0,"3,58,94,000",Sri Biju Hazarika,"35,894,000",Rejected-Finance,11-Feb-2026,Public Works Roads Department
2025_WPTBC_47971_1,SCDCChilaraiBhawanDHEMAJI,Construction of Chilarai Bhawan at Siman Sapori,Construction of Chilarai Bhawan at Siman Sapori,Works,Open Tender,Item Rate,Civil Works,No,No,NA ,10-Oct-2025 06:15 PM,NA ,180.0,No ,No,Online,15-Oct-2025 03:00 PM,Welfare of Plain Tribes and Backward Classes||Directorate of Welfare of Scheduled Caste||Assam State Development Corporation for SC,"DISPUR, GHY-06",781006.0,2.0,"70,00,000",MS EUREKA TRADE,"7,000,000",Accepted-AOC,16-Feb-2026,Welfare of Plain Tribes and Backward Classes||Directorate of Welfare of Scheduled Caste||Assam State Development Corporation for SC
2025_PWD_45926_37,CE/DEV/TB/60/2025-26/06 Dtd- 14.07.2025,MMPPNA_RIDF_XXXI_25_26_166 Construction of Road from (1) Kamarpukhuri to Baurigaon (2) Chandika Chariali to Behali Jahajghat under Mukhya Mantrir Paki Path Nirman Achani (MMPPNA) under RIDF-XXXI of NABARD for the year 2025-26.,MMPPNA_RIDF_XXXI_25_26_166 Construction of Road from (1) Kamarpukhuri to Baurigaon (2) Chandika Chariali to Behali Jahajghat under Mukhya Mantrir Paki Path Nirman Achani (MMPPNA) under RIDF-XXXI of NABARD for the year 2025-26.,Works,Open Tender,Item Rate,Civil Works – Roads,No,No,NA ,28-Jul-2025 12:00 PM,04-Aug-2025 12:00 PM ,180.0,No ,No,Online,14-Aug-2025 02:30 PM,Public Works Roads Department,Behali,784166.0,2.0,"2,86,09,000",Khem Sarma,"28,608,615",Accepted-AOC,24-Feb-2026,Public Works Roads Department
2025_PWD_45926_102,CE/DEV/TB/60/2025-26/06 Dtd- 14.07.2025,"MMPPNA_RIDF_XXXI_25_26_189 Construction of road from (1) Dosimapara to Tengaigaon Farm Road from Ch. 0.00 m to 1100.00 m, (2) Barshangaon Dosimapara Road to Tengaigaon Link Road from Ch. 0.00 m to 1000.00 m and (3) Sukbashpara Road to Rashigaon under","MMPPNA_RIDF_XXXI_25_26_189 Construction of road from (1) Dosimapara to Tengaigaon Farm Road from Ch. 0.00 m to 1100.00 m, (2) Barshangaon Dosimapara Road to Tengaigaon Link Road from Ch. 0.00 m to 1000.00 m and (3) Sukbashpara Road to Rashigaon under",Works,Open Tender,Item Rate,Civil Works – Roads,No,No,NA ,30-Jul-2025 06:00 PM,04-Aug-2025 12:00 PM ,180.0,No ,No,Online,14-Aug-2025 02:30 PM,Public Works Roads Department,Bongaigaon,783380.0,2.0,"3,64,13,000",PARTHA PRATIM MAZUMDAR,"36,410,000",Accepted-AOC,05-Feb-2026,Public Works Roads Department
2025_DoWR_46776_2,DHUBRI/2025-26/SOPD G/I,Pro-Siltation measures to protect Namachala and its adjoining areas from the erosion of river Brahmaputra. RETENDER,Pro-Siltation measures to protect Namachala and its adjoining areas from the erosion of river Brahmaputra. RETENDER,Works,Open Tender,Works,Civil Works,No,No,NA ,18-Sep-2025 06:55 PM,NA ,180.0,No ,No,Online,08-Oct-2025 03:00 PM,Department of Water Resources||Chief Engineer - DoWR,DHUBRI,783301.0,2.0,"2,49,17,928",shoiab khan,"24,912,805.59",Rejected-AOC,23-Feb-2026,Department of Water Resources||Chief Engineer - DoWR
2026_SED_50356_1,AVS/Lab Equipment/2024/70,Procurement of Laboratory Items/ Equipment,Procurement of Laboratory Items/ Equipment for 13 Adarsha Vidyalayas of Assam with Sr. Sec. classes,Goods,Open Tender,Supply,Laboratory and scientific equipment,No,No,NA ,21-Jan-2026 02:00 PM,29-Jan-2026 03:00 PM ,180.0,No ,No,Not Applicable,03-Feb-2026 04:00 PM,Department of School Education Government of Assam||Adarsha Vidyalaya Sangathan Assam,Kahilipara,781019.0,2.0,,J.M.K. ENTERPRISE,"3,479,064",Not Admitted-Fee/PreQual/Technical,16-Feb-2026,Department of School Education Government of Assam||Adarsha Vidyalaya Sangathan Assam
2025_SEED_45966_1,ASDM-3681/2025/CHIRANG,Chirang PLSDTP,Chirang PLSDTP,Services,Open Tender,EOI,Miscellaneous Services,No,No,NA ,28-Jul-2025 05:00 PM,NA ,180.0,No ,No,Online,28-Aug-2025 01:00 PM,Skill Employment and Entrepreneurship Department||Assam Skill Development Mission,Assam Skill Development Mission,781035.0,1.0,"6,45,450",Assam Skill Training Provider (ASTP),"630,450",Accepted-AOC,02-Feb-2026,Skill Employment and Entrepreneurship Department||Assam Skill Development Mission
2025_PWRDW_47829_4,ARRBP/BR/01/2024/E696387/34,Bridge1/Hailakandi/08 Construction of Bridge Bridge on Lala PK Road to Lalamuk Bagan,CE/EAP/ARRBP/OCB/Bridge1/Hailakandi/08 Construction of Bridge in Hailakandi District i) Bridge on Lala PK Road to Lalamuk Bagan,Works,Open Tender,Item Rate,Civil Works - Bridges,No,No,NA ,06-Oct-2025 12:00 PM,13-Oct-2025 11:00 AM ,90.0,No ,No,Online,06-Nov-2025 02:30 PM,Public Works Roads Department-Externally Aided Project||Public Works Road Department- World Bank Funded Tenders||Assam State Bridge Infrastructure Program,Hailkandi District,788168.0,2.0,"10,75,90,000",Raju Choudhury,"112,958,741",Not Admitted-Fee/PreQual/Technical,12-Feb-2026,Public Works Roads Department-Externally Aided Project||Public Works Road Department- World Bank Funded Tenders||Assam State Bridge Infrastructure Program
2025_PWHE_47577_1,IN-ASSAM PWD-513272-CW-RFB,Package_58 Construction of Class Rooms under Assam School Education and Adolescent Well-Being Project (ASAP) under Barpeta District Territorial Bldg. Division for i. Duramari Gudi Faraisali,Package_58 Construction of Class Rooms under Assam School Education and Adolescent Well-Being Project (ASAP) under Barpeta District Territorial Bldg. Division for i. Duramari Gudi Faraisali,Works,Open Tender,Item Rate,Civil Works - Building,No,No,NA ,18-Sep-2025 04:30 PM,03-Oct-2025 11:30 AM ,180.0,No ,No,Online,22-Oct-2025 05:00 PM,Public Works Health and Education Department-Externally Aided Project||Public Works Health and Education Department-WB,Barpeta,781301.0,2.0,"3,89,04,985",DILIP MAZUMDAR,"38,904,985",Rejected-Technical,13-Feb-2026,Public Works Health and Education Department-Externally Aided Project||Public Works Health and Education Department-WB
2025_PWRDW_48595_2,eCF No.720769/1,Majuli/03A i) Br. no. 2/1 on Kuhiarbari to Morsutigaon road,CE/EAP/ARRBP/OCB/Bridge1/Majuli/03A Construction of Bridge in Majuli district i) Br. no. 2/1 on Kuhiarbari to Morsutigaon road,Works,Open Tender,Item Rate,Civil Works - Bridges,No,No,NA ,14-Nov-2025 09:00 AM,21-Nov-2025 11:00 AM ,90.0,No ,No,Online,28-Nov-2025 02:30 PM,Public Works Roads Department-Externally Aided Project||Public Works Road Department- World Bank Funded Tenders||Assam State Bridge Infrastructure Program,Majuli,785110.0,2.0,"3,35,93,900",SRI BEDANTA BORAH,"36,925,000",Accepted-AOC,20-Feb-2026,Public Works Roads Department-Externally Aided Project||Public Works Road Department- World Bank Funded Tenders||Assam State Bridge Infrastructure Program
2026_WPTBC_51031_1,SCDC/Tech/Coe/2025-26/1,"Upgradation of DIET, Morigaon as Centre of Excellence CoE",Upgradation of DIET Morigaon as Centre of Excellence CoE,Works,Open Tender,Item Rate,Civil Works,No,No,NA ,10-Feb-2026 04:40 PM,NA ,180.0,No ,No,Online,16-Feb-2026 02:00 PM,Welfare of Plain Tribes and Backward Classes||Directorate of Welfare of Scheduled Caste||Assam State Development Corporation for SC,morigaon,781006.0,2.0,"10,97,42,000",S S ENTERPRISE,"109,717,586",Rejected-Technical,20-Feb-2026,Welfare of Plain Tribes and Backward Classes||Directorate of Welfare of Scheduled Caste||Assam State Development Corporation for SC
2025_AEGCL_48331_1,AEGCL /MD/ CGM(UAR) /CRP-Procurement/ 2025/ BID(R),"Supply, Erection and Commissioning of 220KV Line CRPs at NEEPCO, Kathalguri","Supply, Erection and Commissioning of 220KV Line CRPs at NEEPCO, Kathalguri",Works,Open Tender,Works,Electrical Works,No,No,NA ,01-Nov-2025 12:00 PM,NA ,180.0,No ,No,Online,11-Dec-2025 02:00 PM,Assam Electricity Grid Corporation Ltd||CGM (T and T),"NEEPCO, Kathalguri",786191.0,2.0,"1,20,55,677",BRAHMAPUTRA RIVER VALLEY TRADING PVT. LTD.,"12,668,480",Accepted-AOC,21-Feb-2026,Assam Electricity Grid Corporation Ltd||CGM (T and T)
2025_PWD_47790_1,1105.0,Construction of RCC Bridge No. 1/1 on Arimatta HS School to Pub Sitara road under SOPD-G for the year 2025-26,NKTRD(R)/ SOPD(G)/ 2025-26/19,Works,Open Tender,Item Rate,Civil Works - Bridges,No,No,NA ,03-Oct-2025 11:00 AM,04-Oct-2025 12:00 PM ,180.0,No ,No,Online,15-Oct-2025 01:00 PM,Public Works Roads Department,Rangia LAC,781382.0,2.0,"1,09,05,000",Dhaneswar Kalita,"10,904,519",Accepted-AOC,15-Feb-2026,Public Works Roads Department
2025_PWD_46304_1,CE/DEV/TB/106/2025-26/1 Dtd- 28.07.2025,SOPD_G_25_26_22 Construction of Approach road from Dimalik Razi to Rabi-I under SOPD(G) for the year 2025-26 in Dima Hasao District under Haflong LAC,SOPD_G_25_26_22 Construction of Approach road from Dimalik Razi to Rabi-I under SOPD(G) for the year 2025-26 in Dima Hasao District under Haflong LAC,Works,Open Tender,Item Rate,Civil Works – Roads,No,No,NA ,12-Aug-2025 09:00 AM,16-Aug-2025 12:00 PM ,180.0,No ,No,Online,26-Aug-2025 02:30 PM,Public Works Roads Department,Haflong,788819.0,2.0,"1,50,00,000",Jimburaj Jidung,"13,050,000",Rejected-Finance,24-Feb-2026,Public Works Roads Department
2025_PWD_45926_33,CE/DEV/TB/60/2025-26/06 Dtd- 14.07.2025,MMPPNA_RIDF_XXXI_25_26_162 Construction of Road from (1) Bihmari Panchali to Madhupur Tiniali (2) Nonke Bihmari Village connecting under Mukhya Mantrir Paki Path Nirman Achani (MMPPNA) under RIDF-XXXI of NABARD for the year 2025-26.,MMPPNA_RIDF_XXXI_25_26_162 Construction of Road from (1) Bihmari Panchali to Madhupur Tiniali (2) Nonke Bihmari Village connecting under Mukhya Mantrir Paki Path Nirman Achani (MMPPNA) under RIDF-XXXI of NABARD for the year 2025-26.,Works,Open Tender,Item Rate,Civil Works – Roads,No,No,NA ,28-Jul-2025 12:00 PM,04-Aug-2025 12:00 PM ,180.0,No ,No,Online,14-Aug-2025 02:30 PM,Public Works Roads Department,Behali,784166.0,2.0,"4,24,07,000",Sri Dhrubajyoti Kakati,"42,406,000",Rejected-Finance,24-Feb-2026,Public Works Roads Department
2025_PWD_49573_34,CE/Commn/192/PDNA/2025-26/02,PDNA/ Darrang/05,"Recovery and Reconstruction of Duni College to Malibaritari Road (L 0.658 km) under NDRF(PDNA-2022) for the year 2025-26, Sipajhar LAC",Works,Open Tender,Item Rate,Civil Works – Roads,No,No,NA ,23-Dec-2025 06:30 PM,26-Dec-2025 04:00 PM ,180.0,No ,No,Online,05-Jan-2026 02:30 PM,Public Works Roads Department,Sipajhar,784145.0,2.0,"1,74,64,300",RAJLOSON SARMA,"17,460,000",Rejected-AOC,17-Feb-2026,Public Works Roads Department
2025_PWD_45408_35,CE/DEV/TB/60/2025-26/01 Dtd- 21.06.2025,"MMPPNA_RIDF_XXXI_25_26_04 Construction of (1) Road from Belana Tiniali Chowk to Bengjuli Masjid Road, (2) ICBP Road from NF railway Line to Kalia Gosai Namghar and Basudev Namghar to Dakhin Hati Supa, (3) ICBP Road from Pathsala Golibandha PWD Road","MMPPNA_RIDF_XXXI_25_26_04 Construction of (1) Road from Belana Tiniali Chowk to Bengjuli Masjid Road, (2) ICBP Road from NF railway Line to Kalia Gosai Namghar and Basudev Namghar to Dakhin Hati Supa, (3) ICBP Road from Pathsala Golibandha PWD Road",Works,Open Tender,Item Rate,Civil Works – Roads,No,No,NA ,09-Jul-2025 03:00 PM,17-Jul-2025 12:00 PM ,180.0,No ,No,Online,28-Jul-2025 02:30 PM,Public Works Roads Department,Bajali,781325.0,2.0,"3,62,04,000",SKYWAY INFRASTRUCTURE,"36,203,581",Rejected-Finance,05-Feb-2026,Public Works Roads Department
2025_PWD_45926_112,CE/DEV/TB/60/2025-26/06 Dtd- 14.07.2025,"MMPPNA_RIDF_XXXI_25_26_193 Construction of road from (1) Napitpara to Sipansila PHC, (2) Udmari to Deulguri Road, and (3) Nayapara Laxmi Mandir PWD road to Chitkagaon Village under Mukhya Mantrir Paki Path Nirman Achani (MMPPNA) under RIDF-XXXI of NA","MMPPNA_RIDF_XXXI_25_26_193 Construction of road from (1) Napitpara to Sipansila PHC, (2) Udmari to Deulguri Road, and (3) Nayapara Laxmi Mandir PWD road to Chitkagaon Village under Mukhya Mantrir Paki Path Nirman Achani (MMPPNA) under RIDF-XXXI of NA",Works,Open Tender,Item Rate,Civil Works – Roads,No,No,NA ,30-Jul-2025 06:00 PM,04-Aug-2025 12:00 PM ,180.0,No ,No,Online,14-Aug-2025 02:30 PM,Public Works Roads Department,Bongaigaon,783380.0,2.0,"3,73,53,000",Sri Bipul Choudhury,"37,352,000",Rejected-Finance,02-Feb-2026,Public Works Roads Department
2025_FD_47399_1,AFD(SM)-36/PMMSY/2023-24/169,Supply of Fish Fry,"Supply of Fish Fry , Size 2.5-4.0 cm Indian Major Carp under components for Inputs for PEN culture",Goods,Open Tender,Supply,Crop Products,No,No,NA ,10-Sep-2025 10:00 AM,NA ,180.0,No ,No,Online,08-Oct-2025 01:00 PM,Department of Fisheries||Directorate of Fisheries Assam||DDF LAZ Howly||DFDO South Salmara,SOUTH SALMARA MANKACHAR,783135.0,2.0,"4,00,000",Hatsingimari Farmers Producer company Limited,"333,335",Accepted-AOC,05-Feb-2026,Department of Fisheries||Directorate of Fisheries Assam||DDF LAZ Howly||DFDO South Salmara
2025_SEED_45962_1,ASDM-3688/2025/GOALPARA,Goalpara PLSDTP,Goalpara PLSDTP,Services,Open Tender,EOI,Miscellaneous Services,No,No,NA ,28-Jul-2025 05:00 PM,NA ,180.0,No ,No,Online,20-Aug-2025 01:00 PM,Skill Employment and Entrepreneurship Department||Assam Skill Development Mission,Assam Skill Development Mission,781035.0,1.0,"15,71,100",NRDS Management Private Limited,"1,541,100",Not Admitted-Fee/PreQual/Technical/Finance,04-Feb-2026,Skill Employment and Entrepreneurship Department||Assam Skill Development Mission
2025_PWD_49097_6,CE/DEV/TB/60/2025-26/57 Dtd- 03.12.2025,MMPPNA_RIDF_XXXI_25_26_10 Construction of road from Kothalguri Engtigaon to Mikirgaon under Mukhya Mantrir Paki Path Nirman Achani (MMPPNA) under RIDF-XXXI of NABARD for the year 2025-26.,MMPPNA_RIDF_XXXI_25_26_10 Construction of road from Kothalguri Engtigaon to Mikirgaon under Mukhya Mantrir Paki Path Nirman Achani (MMPPNA) under RIDF-XXXI of NABARD for the year 2025-26.,Works,Open Tender,Item Rate,Civil Works – Roads,No,No,NA ,06-Dec-2025 06:30 PM,08-Dec-2025 02:30 PM ,180.0,No ,No,Online,17-Dec-2025 02:30 PM,Public Works Roads Department,Barhampur,782102.0,2.0,"1,53,50,000",SAGARDEV GOSWAMI,"15,349,990",Accepted-AOC,05-Feb-2026,Public Works Roads Department
2025_PWD_45408_129,CE/DEV/TB/60/2025-26/01 Dtd- 21.06.2025,"MMPPNA_RIDF_XXXI_25_26_15 Construction of road from (1) Pachim Tetelisora to Halowa Bhakat Gaon via 3 No. Rly Gate, (2) Dakhin Changchaki-Domaihagi Road to Changchaki Borgaon, (3) KK Road to Borhula under Mukhya Mantrir Paki Path Nirman Achani (MMPPN","MMPPNA_RIDF_XXXI_25_26_15 Construction of road from (1) Pachim Tetelisora to Halowa Bhakat Gaon via 3 No. Rly Gate, (2) Dakhin Changchaki-Domaihagi Road to Changchaki Borgaon, (3) KK Road to Borhula under Mukhya Mantrir Paki Path Nirman Achani (MMPPN",Works,Open Tender,Item Rate,Civil Works – Roads,No,No,NA ,14-Jul-2025 04:00 PM,17-Jul-2025 12:00 PM ,180.0,No ,No,Online,28-Jul-2025 02:30 PM,Public Works Roads Department,Barhampur,786001.0,2.0,"3,80,81,000",Paban Saikia,"38,075,640",Rejected-Finance,09-Feb-2026,Public Works Roads Department
2025_PWD_45818_56,CE/Commn/16/2025-26/04,Khumtai/SOPD/ 4,Construction of Dimbeswar Gogoi road from Ch. 0.00M to 950.00 m under SOPD-G for the year 2025-26 in Golaghat and Khumtai TRD of district Golaghat (Khumtai LAC),Works,Open Tender,Item Rate,Civil Works – Roads,No,No,NA ,24-Jul-2025 11:00 AM,28-Jul-2025 04:00 PM ,180.0,No ,No,Online,11-Aug-2025 02:30 PM,Public Works Roads Department,Khumtai,785619.0,2.0,"65,66,700",Rantu Boruah,"6,565,000",Rejected-AOC,21-Feb-2026,Public Works Roads Department
2025_PWD_46631_5,SNSTRD/T-2/ SOPD-G/ET/2025-26/02,"SNSTRD_SOPD-G_ET_25_26_05 Construction of road from Chargola Kaliganj Road via Graveyard of Nath and Muslim Community to Lt. Haji Abdur Raquibs residence under SOPD-G for the year 2025-26 in North Karimganj LAC, Sribhumi.","SNSTRD_SOPD-G_ET_25_26_05 Construction of road from Chargola Kaliganj Road via Graveyard of Nath and Muslim Community to Lt. Haji Abdur Raquibs residence under SOPD-G for the year 2025-26 in North Karimganj LAC, Sribhumi.",Works,Open Tender,Item Rate,Civil Works,No,No,NA ,20-Aug-2025 02:00 PM,20-Aug-2025 02:00 PM ,180.0,No ,No,Online,01-Sep-2025 12:00 PM,Public Works Roads Department,Sribhumi,788710.0,2.0,"22,03,964",BAPPAN KUMAR DAS,"2,203,613",Accepted-AOC,21-Feb-2026,Public Works Roads Department
2025_DoWR_42580_2,DIBRUGARH/RIDF XXX/2024-25/V,Raising and Strengthening to Tie bund of Gela Desam.,Raising and Strengthening to Tie bund of Gela Desam.,Works,Open Tender,Works,Civil Works,No,No,NA ,04-Aug-2025 06:55 PM,NA ,180.0,No ,No,Online,20-Aug-2025 03:00 PM,Department of Water Resources||Chief Engineer - DoWR,Dibrugarh,786001.0,2.0,"11,92,99,663",Kishore Borah,"107,369,697.17",Accepted-AOC,25-Feb-2026,Department of Water Resources||Chief Engineer - DoWR
2025_PWD_47103_2,CE/MAINT/SOPDG/01/2025-26/14,MAINT/SOPD-G/2025-26/145,MAINT/SOPD-G/2025-26/145_Construction of Road from _a_ Dakhin Kalabhanga Road from Ramkumar Mondal House to Paresh Khatria House_b_ Balabhita to Chengulia Road near Suleman Ali House and_c_RCC Slab Culvert with boath approaches near Pani Tanki at Bal,Works,Open Tender,Item Rate,Civil Works – Roads,No,No,NA ,29-Aug-2025 05:00 PM,29-Aug-2025 05:00 PM ,180.0,No ,No,Online,16-Sep-2025 11:00 AM,Public Works Roads Department,Barpeta,781314.0,2.0,"1,02,95,000",DIPAK ROY,"10,294,383",Rejected-Finance,10-Feb-2026,Public Works Roads Department
2025_PWD_46160_1,CE/DEV/TB/117/2025-26-02 Dtd. 30.07.2025,MMUPPNA_RIDF_XXXI_25_26_30 Improvement and Widening of road from NH-39 to Old ND road via Bokajan Rly. Station Under Mukhya Mantrin Unnoto Pakipath Nirman Aachani (MMUPPNA) under RIDF-XXXI of NABARD for the year 2025-26,MMUPPNA_RIDF_XXXI_25_26_30 Improvement and Widening of road from NH-39 to Old ND road via Bokajan Rly. Station Under Mukhya Mantrin Unnoto Pakipath Nirman Aachani (MMUPPNA) under RIDF-XXXI of NABARD for the year 2025-26,Works,Open Tender,Item Rate,Civil Works – Roads,No,No,NA ,05-Aug-2025 03:00 PM,12-Aug-2025 12:00 PM ,180.0,No ,No,Online,27-Aug-2025 02:00 PM,Public Works Roads Department,Bokajan,782480.0,2.0,"7,94,85,000",PUJA CONSTRUCTION,"79,485,000",Accepted-AOC,19-Feb-2026,Public Works Roads Department
2025_PWD_43743_1,CE/Commn/133/ SDMF/2024-25/ 03,Bongaigaon/2,Improvement of Ulubari Bakharapara Road to Ulubari Betbari road in Bongaigaon District under SDMF for the year 2024-25.,Works,Open Tender,Item Rate,Civil Works – Roads,No,No,NA ,26-Mar-2025 09:00 AM,NA ,180.0,No ,No,Online,07-Apr-2025 02:30 PM,Public Works Roads Department,Bongaigaon,783380.0,2.0,"1,74,91,900",PARTHA PRATIM MAZUMDAR,"15,742,710",Rejected-AOC,20-Feb-2026,Public Works Roads Department
2025_PWD_49114_5,SKTRD/Tech/117/2025-26,SKTRD/SOPD-G/25-26/29,SKTRD/SOPD-G/25-26/29_Improvement of Pakka road to Manik Dewani LP School Road under SOPD (G) for the year 2025-26,Works,Open Tender,Item Rate,Civil Works – Roads,No,No,NA ,09-Dec-2025 02:00 PM,15-Dec-2025 12:00 PM ,180.0,No ,No,Online,29-Dec-2025 02:30 PM,Public Works Roads Department,Kamrup Rural,781125.0,2.0,"21,31,000",Ashique Enterprise,"2,131,000",Accepted-AOC,27-Feb-2026,Public Works Roads Department
2025_PWD_45827_98,CE/MAINT/SOPDG/01/2025-26/02,MAINT/SOPD-G/2025-26/132,"MAINT/SOPD-G/2025-26/132 1_Improvement of GWC road from Rakhaldubi village road via Gandhi Memorial LP School, 2_ Improvement of GWC road from Bapur Bhita Miyapara to Hatishila Road, 3_ Improvement of GWC road from Boropoitari to Bhoismari Road and 4",Works,Open Tender,Item Rate,Civil Works – Roads,No,No,NA ,24-Jul-2025 06:00 PM,25-Jul-2025 02:00 PM ,180.0,No ,No,Online,14-Aug-2025 11:00 AM,Public Works Roads Department,Goalpara,783101.0,2.0,"96,52,000",Hafizur Rahman,"9,652,000",Accepted-AOC,11-Feb-2026,Public Works Roads Department
2025_PWRDW_48471_6,EAP/ARRBP/02/TENDERS/2024/52,Br on Hanchara to Kawadi Road/chirang/15,Package No. - CE/EAP/ARRBP/OCB/Bridge 1/chirang/15 Br on Hanchara to Kawadi Road,Works,Open Tender,Item Rate,Civil Works - Bridges,No,No,NA ,11-Nov-2025 05:00 PM,18-Nov-2025 11:00 AM ,180.0,No ,No,Online,26-Nov-2025 02:30 PM,Public Works Roads Department-Externally Aided Project||Public Works Road Department- World Bank Funded Tenders||Assam State Bridge Infrastructure Program,Chirang,783385.0,2.0,"2,78,52,400",JOGESH DAS,"27,573,870",Accepted-AOC,13-Feb-2026,Public Works Roads Department-Externally Aided Project||Public Works Road Department- World Bank Funded Tenders||Assam State Bridge Infrastructure Program
2025_DoIT_45641_1,AEDC/AS/2025-26/002,Comprehensive Annual Maintenance of RF network infrastructure in Assam,Comprehensive Annual Maintenance of RF network infrastructure in Assam,Services,Open Tender,Item Rate,Information Technology,No,No,NA ,16-Jul-2025 01:00 PM,NA ,730.0,No ,No,Online,08-Aug-2025 11:30 AM,Principal Secretary-Department of Information Technology||Assam Electronics Development Corporation Ltd-DoIT,Assam,781021.0,2.0,,Eastern Engineers,"2,891,857",Accepted-AOC,11-Feb-2026,Principal Secretary-Department of Information Technology||Assam Electronics Development Corporation Ltd-DoIT
2025_PWD_45827_67,CE/MAINT/SOPDG/01/2025-26/02,MAINT/SOPD-G/2025-26/76,"MAINT/SOPD-G/2025-26/76_1Improvement of (GWC) road from Karaikhaiti to Bagherchar (Missing Gap),2Improvement of (GWC) road from Pathimari to Khatiamari Road (Missing Gap),3Improvement of (GWC) road from Jhunjhuni Bazar to Khatiamari LPS and 4Improv",Works,Open Tender,Item Rate,Civil Works – Roads,No,No,NA ,24-Jul-2025 09:00 AM,24-Jul-2025 12:00 PM ,180.0,No ,No,Online,14-Aug-2025 11:00 AM,Public Works Roads Department,Barpeta,781301.0,2.0,"1,05,46,000",ABDUR RAHMAN,"9,080,106",Accepted-AOC,25-Feb-2026,Public Works Roads Department
2025_PWD_47133_15,SKTRD/Tech/106/2025-26,SKTRD/SOPD-G/25-26/15,SKTRD/SOPD-G/25-26/15_Improvement of road from Tanongmari road under Mukhya Mantrir Path Nabikaran Aachani under SOPD _G_for the year 2025-26.,Works,Open Tender,Item Rate,Civil Works – Roads,No,No,NA ,30-Aug-2025 06:00 PM,06-Sep-2025 12:00 PM ,180.0,No ,No,Online,24-Sep-2025 02:30 PM,Public Works Roads Department,Kamrup Rural,781125.0,2.0,"50,00,000",Sri Binay Kalita,"4,999,952",Rejected-Finance,16-Feb-2026,Public Works Roads Department
2025_PWD_45820_53,CE/STBR/SOPD-G/NIT/07/2025 26/1 Dated 26-06-2025,STBR/SOPD-G/Jalukbari-39/78 Constrution of Saru Agsia Smasan Road under SOPD-G for the year 2025-26,STBR/SOPD-G/Jalukbari-39/78 Constrution of Saru Agsia Smasan Road under SOPD-G for the year 2025-26,Works,Open Tender,Item Rate,Civil Works – Roads,No,No,NA ,23-Jul-2025 03:00 PM,30-Jul-2025 11:00 AM ,180.0,No ,No,Online,19-Aug-2025 11:00 AM,Public Works Roads Department,Jalukbari,781013.0,2.0,"13,19,000",BHADRESWAR DAIMARY,"1,318,695",Rejected-AOC,18-Feb-2026,Public Works Roads Department
2025_PWD_45820_47,CE/STBR/SOPD-G/NIT/07/2025 26/1 Dated 26-06-2025,STBR/SOPD-G/Jalukbari-44/83 Constrution of Keotpara Smasan Road under SOPD-G for the year 2025-26,STBR/SOPD-G/Jalukbari-44/83 Constrution of Keotpara Smasan Road under SOPD-G for the year 2025-26,Works,Open Tender,Item Rate,Civil Works – Roads,No,No,NA ,23-Jul-2025 03:00 PM,30-Jul-2025 11:00 AM ,180.0,No ,No,Online,19-Aug-2025 11:00 AM,Public Works Roads Department,Jalukbari,781013.0,2.0,"28,49,000",Jintu Das,"2,848,800",Accepted-AOC,18-Feb-2026,Public Works Roads Department
2025_PWD_46685_9,CE/DEV/TB/60/2025-26/13 Dtd- 31.07.2025,MMPPNA_RIDF_XXXI_25_26_382 Construction of Road from NH-29 Joyguru Mandir to Thaijuguri under Mukhya Mantrir Pakipath Nirman Achani (MMPPNA) under RIDF - XXXI of NABARD for the Year 2025-26,MMPPNA_RIDF_XXXI_25_26_382 Construction of Road from NH-29 Joyguru Mandir to Thaijuguri under Mukhya Mantrir Pakipath Nirman Achani (MMPPNA) under RIDF - XXXI of NABARD for the Year 2025-26,Works,Open Tender,Item Rate,Civil Works – Roads,No,No,NA ,20-Aug-2025 06:00 PM,21-Aug-2025 12:00 PM ,180.0,No ,No,Online,09-Sep-2025 02:30 PM,Public Works Roads Department,Karbi Anglong,782410.0,2.0,"1,46,61,000",MD.ABDUR RAHMAN,"14,659,499",Accepted-AOC,03-Feb-2026,Public Works Roads Department
2025_PWD_45820_90,CE/STBR/SOPD-G/NIT/07/2025 26/1 Dated 26-06-2025,STBR/SOPD-G/Dimoria-06/94 Improvement/ Construction of 1st byelane of Amtol Path at sunsali (Balance part) Noonmati under SOPD (G) for the year 2025-26,STBR/SOPD-G/Dimoria-06/94 Improvement/ Construction of 1st byelane of Amtol Path at sunsali (Balance part) Noonmati under SOPD (G) for the year 2025-26,Works,Open Tender,Item Rate,Civil Works – Roads,No,No,NA ,31-Jul-2025 03:00 PM,01-Aug-2025 11:00 AM ,180.0,No ,No,Online,11-Aug-2025 11:00 AM,Public Works Roads Department,Dimoria,782403.0,2.0,"8,00,000",Sri Dipankar Kalita,"799,999",Rejected-AOC,18-Feb-2026,Public Works Roads Department
2025_PWD_49114_4,SKTRD/Tech/117/2025-26,SKTRD/SOPD-G/25-26/28,Improvement of Tukrapara to Kanhara Road under SOPD (G) for the year 2025-26.,Works,Open Tender,Item Rate,Civil Works – Roads,No,No,NA ,09-Dec-2025 02:00 PM,15-Dec-2025 12:00 PM ,180.0,No ,No,Online,29-Dec-2025 02:30 PM,Public Works Roads Department,Kamrup Rural,781125.0,2.0,"16,61,000",MANTU KALITA,"1,661,000",Not Admitted-Finance,23-Feb-2026,Public Works Roads Department
2025_PWD_46196_18,CE/DEV/TB/122/2025-26/06 Dated. 04-08-2025,BTR_SOPD_G_25_26_30 Construction of ICBP Road from (1) MB Road to Basudev Mandir (2) Kalaigaon Khoirabari road to Chandan Nagar under SOPD-G for the year 2025-26.,BTR_SOPD_G_25_26_30 Construction of ICBP Road from (1) MB Road to Basudev Mandir (2) Kalaigaon Khoirabari road to Chandan Nagar under SOPD-G for the year 2025-26.,Works,Open Tender,Item Rate,Civil Works – Roads,No,No,NA ,06-Aug-2025 06:00 PM,11-Aug-2025 12:00 PM ,180.0,No ,No,Online,14-Aug-2025 02:30 PM,Public Works Roads Department,Tangla,784521.0,2.0,"1,35,00,000",ZAKIR HUSSAIN,"13,498,201",Rejected-Finance,24-Feb-2026,Public Works Roads Department
2026_WPTBC_50090_1,PTDC/Engg/2024-25/463/ (16),Construction of Hostel at Colleges at 20 District of Assam,"Construction of Hostel at Colleges at 20 District of Assam at Rs. 100.00 Lakh for each Hostel under Article 275 (I) of the Constitution of India during the year 2025-26 (Dhakuakhana College, Dist - Lakhimpur).",Works,Open Tender,Works,Civil Works,No,No,NA ,08-Jan-2026 03:00 PM,12-Jan-2026 12:00 PM ,180.0,No ,No,Online,26-Jan-2026 03:00 PM,Welfare of Plain Tribes and Backward Classes||Director - WPT and BC,"Dhakuakhana College, Lakhimpur",787055.0,2.0,"1,00,00,000",GAMESWAR DOLEY,"9,998,500",Rejected-AOC,17-Feb-2026,Welfare of Plain Tribes and Backward Classes||Director - WPT and BC
2025_PWD_45820_84,CE/STBR/SOPD-G/NIT/07/2025 26/1 Dated 26-06-2025,"STBR/SOPD-G/Raha -09/27 Re-construction of road from (i) Amsoi Gaspara Road to Basundhari Than ,(ii) Hatbor to Sahari (iii) Dakor ghat High school to Fourlane under Mukhya Mantrir Path Nabikaran Aachani(MMPNA) under SOPD(G) for the year 2025-26 of","STBR/SOPD-G/Raha -09/27 Re-construction of road from (i) Amsoi Gaspara Road to Basundhari Than ,(ii) Hatbor to Sahari (iii) Dakor ghat High school to Fourlane under Mukhya Mantrir Path Nabikaran Aachani(MMPNA) under SOPD(G) for the year 2025-26 of",Works,Open Tender,Item Rate,Civil Works – Roads,No,No,NA ,30-Jul-2025 06:00 PM,31-Jul-2025 11:00 AM ,180.0,No ,No,Online,11-Aug-2025 11:00 AM,Public Works Roads Department,Raha,782103.0,2.0,"1,80,15,000",Ashok Kr Agarwala,"18,014,000",Accepted-AOC,20-Feb-2026,Public Works Roads Department
2025_PWD_46196_30,CE/DEV/TB/122/2025-26/06 Dated. 04-08-2025,BTR_SOPD_G_25_26_33 Improvement of road with GWC (1) Meska Chowk to Meska L.P. School under Kacharital VCDC (2) KK road to Gasbari under Bhuyakhat VCDC (3) Tangla Mahaliapara PWD road to Marami Chowk Dalagrant via Bangaon L.P. School under Bhuyakhat,BTR_SOPD_G_25_26_33 Improvement of road with GWC (1) Meska Chowk to Meska L.P. School under Kacharital VCDC (2) KK road to Gasbari under Bhuyakhat VCDC (3) Tangla Mahaliapara PWD road to Marami Chowk Dalagrant via Bangaon L.P. School under Bhuyakhat,Works,Open Tender,Item Rate,Civil Works – Roads,No,No,NA ,07-Aug-2025 03:00 PM,11-Aug-2025 12:00 PM ,180.0,No ,No,Online,14-Aug-2025 02:30 PM,Public Works Roads Department,Tangla,784521.0,2.0,"3,00,00,000",MADAN DEBNATH,"29,984,132",Rejected-Finance,24-Feb-2026,Public Works Roads Department
2025_PWD_47103_3,CE/MAINT/SOPDG/01/2025-26/14,MAINT/SOPD-G/2025-26/146,"MAINT/SOPD-G/2025-26/146_Construction of Road from_a_ Nilima Ramchayari House to Parameswar Ray House_b_ PWD Road Joint point to Kanduram Das House at Baregaon, _ Gouria Moth approach Road, (d) Dakhin Burikhamar 1800 No L.P. School to PMGSY Road near",Works,Open Tender,Item Rate,Civil Works – Roads,No,No,NA ,29-Aug-2025 05:00 PM,29-Aug-2025 05:00 PM ,180.0,No ,No,Online,16-Sep-2025 11:00 AM,Public Works Roads Department,Barpeta,781314.0,2.0,"3,15,22,000",M/S Royal Smart Construction,"31,521,000",Accepted-AOC,06-Feb-2026,Public Works Roads Department
2025_PWD_46631_4,SNSTRD/T-2/ SOPD-G/ET/2025-26/02,"SNSTRD_SOPD-G_ET_25_26_04 Construction of road from Teledighirpar PWD road to Rangpur PWD Road via Samsuddin house at Village Malaidighirpar under SOPD-G for the year 2025-26 of Sribhumi District, North Karimganj LAC.","SNSTRD_SOPD-G_ET_25_26_04 Construction of road from Teledighirpar PWD road to Rangpur PWD Road via Samsuddin house at Village Malaidighirpar under SOPD-G for the year 2025-26 of Sribhumi District, North Karimganj LAC.",Works,Open Tender,Item Rate,Civil Works,No,No,NA ,20-Aug-2025 02:00 PM,20-Aug-2025 02:00 PM ,180.0,No ,No,Online,01-Sep-2025 12:00 PM,Public Works Roads Department,Sribhumi,788710.0,2.0,"31,65,480",SUBRATA NAG,"3,165,360",Rejected-AOC,21-Feb-2026,Public Works Roads Department
2025_PWD_48188_5,NIT/JTTRD/2024-25/001/1422,"Improvement of 1 No. Chengeli Gaon L.P. School to Chirotia Gaon Connecting Road, NH-37 to 1 No. Chengeli Gaon Road, Subhadra Pathak Path, Sundarpur Path (Kotoky Chuk)and (v) Somnoy Path by GWC under SOPD_G for 2025-26","Improvement of 1 No. Chengeli Gaon L.P. School to Chirotia Gaon Connecting Road, NH-37 to 1 No. Chengeli Gaon Road, Subhadra Pathak Path, Sundarpur Path (Kotoky Chuk)and (v) Somnoy Path by GWC under SOPD_G for 2025-26",Works,Open Tender,Item Rate,Civil Works – Roads,No,No,NA ,28-Oct-2025 11:00 AM,NA ,180.0,No ,No,Online,07-Nov-2025 02:30 PM,Public Works Roads Department,Jorhat,785001.0,2.0,"20,44,000",Abhinav Borbora,"2,043,500.63",Accepted-AOC,12-Feb-2026,Public Works Roads Department
2025_PWD_45408_100,CE/DEV/TB/60/2025-26/01 Dtd- 21.06.2025,"MMPPNA_RIDF_XXXI_25_26_41 Construction of road from (1) Lahbari L.P. School to No.2 Singimari L.P. School (From Ch 0.00 m to Ch 2200.00 m), (2) Bhergaon connected to Bhairaguri Road (From Ch 0.00 m to Ch 2200.00 m) under Mukhya Mantrir Paki Path Nirm","MMPPNA_RIDF_XXXI_25_26_41 Construction of road from (1) Lahbari L.P. School to No.2 Singimari L.P. School (From Ch 0.00 m to Ch 2200.00 m), (2) Bhergaon connected to Bhairaguri Road (From Ch 0.00 m to Ch 2200.00 m) under Mukhya Mantrir Paki Path Nirm",Works,Open Tender,Item Rate,Civil Works – Roads,No,No,NA ,11-Jul-2025 06:00 PM,17-Jul-2025 12:00 PM ,180.0,No ,No,Online,28-Jul-2025 02:30 PM,Public Works Roads Department,Dhekiajuli,784110.0,2.0,"3,76,21,000",BICHITRA BASUMATARY,"37,621,000",Accepted-AOC,12-Feb-2026,Public Works Roads Department
2025_PWD_49051_1,CE/DEV/TB/120/2025-26/31 Dtd- 28.11.2025,SOPD_G_25_26_47 Improvement of Drainage system for De-waterlogging at Mazbat Town under SOPD-G for the year 2025-26,SOPD_G_25_26_47 Improvement of Drainage system for De-waterlogging at Mazbat Town under SOPD-G for the year 2025-26,Works,Open Tender,Item Rate,Civil Works – Roads,No,No,NA ,05-Dec-2025 09:00 AM,11-Dec-2025 12:00 PM ,180.0,No ,No,Online,24-Dec-2025 02:30 PM,Public Works Roads Department,Mazbat,784507.0,2.0,"2,50,00,000",DHARMESWAR GOYARI,"24,985,000",Rejected-Finance,20-Feb-2026,Public Works Roads Department
2025_PWD_45818_43,CE/Commn/16/2025-26/04,Sarupathar /MMPNA/4,Reconstruction of Road from 1)Anjalipara to Samaguri (2)Chalukpathar to Dhopguri (3)Borchapori Jana Kalyan Bhaban to Naharbari Tiniali Road (PMGSYPackg No. AS-08-147)under MMPNA for the year 2025-26 under Sarupathar TRD,Works,Open Tender,Item Rate,Civil Works – Roads,No,No,NA ,23-Jul-2025 06:00 PM,28-Jul-2025 04:00 PM ,180.0,No ,No,Online,11-Aug-2025 02:30 PM,Public Works Roads Department,Sarupathar,785601.0,2.0,"1,14,08,000",Sri Manoj Pareek,"11,402,673",Rejected-AOC,23-Feb-2026,Public Works Roads Department
2025_PWD_45408_128,CE/DEV/TB/60/2025-26/01 Dtd- 21.06.2025,"MMPPNA_RIDF_XXXI_25_26_14 Construction of road from (1) Sangundenga to Sarupathar Gaon, (2) NH-27 at Rengbeng Kalimandir to Sarupathar Jamunamukh Road, (3) NH-27 to Garubandha via Mikirgaon Road, (4) Pachim Tarani ati to Jhumurmur Village under Mukhy","MMPPNA_RIDF_XXXI_25_26_14 Construction of road from (1) Sangundenga to Sarupathar Gaon, (2) NH-27 at Rengbeng Kalimandir to Sarupathar Jamunamukh Road, (3) NH-27 to Garubandha via Mikirgaon Road, (4) Pachim Tarani ati to Jhumurmur Village under Mukhy",Works,Open Tender,Item Rate,Civil Works – Roads,No,No,NA ,14-Jul-2025 04:00 PM,17-Jul-2025 12:00 PM ,180.0,No ,No,Online,28-Jul-2025 02:30 PM,Public Works Roads Department,Barhampur,786001.0,2.0,"3,56,62,000",NRIPEN CHANDRA SARMA,"35,661,000",Accepted-AOC,23-Feb-2026,Public Works Roads Department
2025_PWD_49573_21,CE/Commn/192/PDNA/2025-26/02,PDNA/Hojai/02,Recovery and Reconstruction of Pub Bagari to Pachim Bagari Road from Ch. 0.00m to Ch. 3510.00m under NDRF (PDNA-2022) for the year 2025-26 in Hojai District of Binnakandi LAC,Works,Open Tender,Item Rate,Civil Works – Roads,No,No,NA ,23-Dec-2025 02:00 PM,26-Dec-2025 04:00 PM ,180.0,No ,No,Online,05-Jan-2026 02:30 PM,Public Works Roads Department,Hojai,782435.0,2.0,"1,64,97,000",Rishabh Jain,"16,497,000",Rejected-AOC,27-Feb-2026,Public Works Roads Department
2026_WPTBC_50625_1,SCDCHirimbapurSTHostel,"Infratstructure Developement of ST Hostel at Hirimbapur under West Guwahati LAC, Dist Kamrup M","Infratstructure Developement of ST Hostel at Hirimbapur under West Guwahati LAC, Dist Kamrup M",Works,Open Tender,Item Rate,Civil Works,No,No,NA ,30-Jan-2026 10:00 AM,NA ,180.0,No ,No,Online,05-Feb-2026 03:00 PM,Welfare of Plain Tribes and Backward Classes||Directorate of Welfare of Scheduled Caste||Assam State Development Corporation for SC,"DISPUR, GHY-06",781006.0,2.0,"30,00,000",M/S P.D. ENTERPRISE,"2,999,400",Accepted-AOC,19-Feb-2026,Welfare of Plain Tribes and Backward Classes||Directorate of Welfare of Scheduled Caste||Assam State Development Corporation for SC
2025_PWD_45926_107,CE/DEV/TB/60/2025-26/06 Dtd- 14.07.2025,"MMPPNA_RIDF_XXXI_25_26_191 Construction of road from (1) Darshanjyoti Club to Bhai Bhai Bazar via Kholabondha L.P. School, (2) Betbari Village Road, and (3) Sidalsuti Gerukabari road from Bekar Chowk under Mukhya Mantrir Paki Path Nirman Achani (MMPP","MMPPNA_RIDF_XXXI_25_26_191 Construction of road from (1) Darshanjyoti Club to Bhai Bhai Bazar via Kholabondha L.P. School, (2) Betbari Village Road, and (3) Sidalsuti Gerukabari road from Bekar Chowk under Mukhya Mantrir Paki Path Nirman Achani (MMPP",Works,Open Tender,Item Rate,Civil Works – Roads,No,No,NA ,30-Jul-2025 06:00 PM,04-Aug-2025 12:00 PM ,180.0,No ,No,Online,14-Aug-2025 02:30 PM,Public Works Roads Department,Bongaigaon,783380.0,2.0,"3,32,55,000",Sri Bhupen Nath,"33,250,000",Rejected-Finance,03-Feb-2026,Public Works Roads Department
2025_PWD_45408_20,CE/DEV/TB/60/2025-26/01 Dtd- 21.06.2025,MMPPNA_RIDF_XXXI_25_26_48 Construction of Road from NH 27 to Namgaon Anganbadi Kendra to Khat Tetelia Road under Mukhya Mantrir Paki Path Nirman Achani (MMPPNA) under RIDF-XXXI of NABARD for the year 2025-26.,MMPPNA_RIDF_XXXI_25_26_48 Construction of Road from NH 27 to Namgaon Anganbadi Kendra to Khat Tetelia Road under Mukhya Mantrir Paki Path Nirman Achani (MMPPNA) under RIDF-XXXI of NABARD for the year 2025-26.,Works,Open Tender,Item Rate,Civil Works – Roads,No,No,NA ,09-Jul-2025 09:00 AM,17-Jul-2025 12:00 PM ,180.0,No ,No,Online,28-Jul-2025 02:30 PM,Public Works Roads Department,Dimoria,781150.0,2.0,"1,30,00,000",M/S P B ENTERPRISE,"12,998,000",Accepted-AOC,20-Feb-2026,Public Works Roads Department
2025_KAAC_46557_1,ACEH/CS/SSA/03/2025-26/NSL47,Construction of 50 bedded hostel separately for boys and girls at Tengkeralangso High School under the scheme Dharti Aaba Janjatiya Gram Utkarsh Abhiyan,Construction of 50 bedded hostel separately for boys and girls at Tengkeralangso High School under the scheme Dharti Aaba Janjatiya Gram Utkarsh Abhiyan,Works,Open Tender,Item Rate,Civil Works - Building,No,No,NA ,18-Aug-2025 11:00 AM,20-Aug-2025 12:00 PM ,180.0,No ,No,Online,30-Aug-2025 11:00 AM,Karbi Anglong Autonomous Council||PWD||Addl. Chief Engineer Diphu,Chinthong,782441.0,2.0,"3,78,75,000",Shiva Chetry,"37,874,990",Rejected-AOC,21-Feb-2026,Karbi Anglong Autonomous Council||PWD||Addl. Chief Engineer Diphu
2024_AEGCL_36187_1,AEGCL/DGM/TTC/T03/46,Various Civil works at 132kV Majuli GSS,Construction of dining cum waiting room and kitchen at the top of officers hostel cum IB of 132kV Majuli GSS and repairing of officers hostel room and repairing of staff hostel room at 132kV Majuli GSS,Works,Open Tender,Works,Civil Works,No,No,NA ,13-Feb-2024 11:00 AM,NA ,120.0,No ,No,Online,28-Mar-2024 12:00 PM,Assam Electricity Grid Corporation Ltd||CGM (T and T),Majuli,785104.0,2.0,,MR.ATIN SAIKIA,"1,486,286",Rejected-Finance,04-Nov-2024,Assam Electricity Grid Corporation Ltd||CGM (T and T)
2025_PWD_45498_6,CE/Commn/16/2025-26/03,Mahmora / MMPNA/1,Re-Construction of 1. Road from NimonagarhNagabastiRajgarh(Ch. 1900.00m to Ch. 2500.00m and Ch. 4300.00m to Ch. 7540.00m ) Total Length 3.84KM 2. Re-Construction of ChiringPukhuriRoad (Ch. 0.00 m to Ch. 2430.00m Total Length 2.43 Km under MMPNA,Works,Open Tender,Item Rate,Civil Works – Roads,No,No,NA ,11-Jul-2025 11:00 AM,18-Jul-2025 04:00 PM ,180.0,No ,No,Online,30-Jul-2025 02:30 PM,Public Works Roads Department,Mahmora,786621.0,2.0,"1,68,77,000",PABAN BORGOHAIN,"16,877,000",Rejected-AOC,20-Feb-2026,Public Works Roads Department
2025_FD_44328_6,AFH 388B (L)/PMMSY-TENDER/2025-26/376 DATED HAILAKANDI 15/05/2025,SUPPLY OF FISH FEED 4MM PELLETED WITH 26 PERCENT TO 28 PERCENT CP FLOATING 50 PERCENT AND SINKING 50 PERCENT,SUPPLY OF FISH FEED 4mm PELLETED WITH 26 TO 28 PERCENT CP AND 50 PERCENT FLOATING 50 PERCENT SINKING UNDER PMMSY GROUP E,Goods,Open Tender,Supply,Miscellaneous Goods,No,No,NA ,07-Aug-2025 03:00 PM,NA ,180.0,No ,No,Online,12-Aug-2025 02:00 PM,Department of Fisheries||Directorate of Fisheries Assam||DDF SAZ Silchar||DFDO Hailakandi,"O/O DFDO, HAILAKANDI",788151.0,2.0,"53,00,000",GRDT FARMERS AGROVET PRIVATE LIMITED,"4,770,003.67",Rejected-Finance,26-Aug-2025,Department of Fisheries||Directorate of Fisheries Assam||DDF SAZ Silchar||DFDO Hailakandi
2025_PWD_45399_12,CE/DEV/TB/54/2025-26/01 Dtd- 13.06.2025,MMUPPNA_RIDF_XXXI_25_26_15 Improvement and Upgradation of road from NH-15 (Lawani Chowk) to Bypass approach road under Mukhya Mantrir Unnoto Paki Path Nirman Achani (MMUPPNA) under RIDF-XXXI of NABARD for the year 2025-26.,MMUPPNA_RIDF_XXXI_25_26_15 Improvement and Upgradation of road from NH-15 (Lawani Chowk) to Bypass approach road under Mukhya Mantrir Unnoto Paki Path Nirman Achani (MMUPPNA) under RIDF-XXXI of NABARD for the year 2025-26.,Works,Open Tender,Item Rate,Civil Works – Roads,No,No,NA ,07-Jul-2025 09:00 AM,14-Jul-2025 12:00 PM ,180.0,No ,No,Online,25-Jul-2025 02:30 PM,Public Works Roads Department,Darrang,784125.0,2.0,"4,94,27,000",SANJAY KUMAR AGARWALLA,"49,418,083",Rejected-Finance,12-Feb-2026,Public Works Roads Department
2025_PWHE_48132_1,IN-ASSAM PWD-510373-CW-RFB,Package No. 32 Construction of Class Rooms under Assam School Education and Adolescent Well-Being Project (ASAP) under South Kamrup TBD for i. Lampara Anchalik H.S. ii. Chatabari Anchalik High School iii. Muduki Anchalik Janajatiya H.S. iv. Jambari A,Package No. 32 Construction of Class Rooms under Assam School Education and Adolescent Well-Being Project (ASAP) under South Kamrup TBD for i. Lampara Anchalik H.S. ii. Chatabari Anchalik High School iii. Muduki Anchalik Janajatiya H.S. iv. Jambari A,Works,Open Tender,Item Rate,Civil Works - Building,No,No,NA ,17-Oct-2025 01:05 PM,21-Oct-2025 11:30 AM ,180.0,No ,No,Online,31-Oct-2025 05:00 PM,Public Works Health and Education Department-Externally Aided Project||Public Works Health and Education Department-WB,Kamrup,781120.0,2.0,"13,67,10,020",Sri Niranjan Kakati,"133,292,269",Rejected-AOC,21-Feb-2026,Public Works Health and Education Department-Externally Aided Project||Public Works Health and Education Department-WB
2025_PWD_48235_1,KSTRD/SOPD(G)/63/2024-25/1894,Reconstruction of Road at Chatial to Dah-ali via Bhiyarichuk village under SOPD-G for the year 2025-26,Reconstruction of Road at Chatial to Dah-ali via Bhiyarichuk village under SOPD-G for the year 2025-26,Works,Open Tender,Item Rate,Civil Works – Roads,No,No,NA ,27-Oct-2025 10:00 AM,NA ,180.0,No ,No,Online,17-Nov-2025 03:00 PM,Public Works Roads Department,Kaliabor,782137.0,2.0,"35,64,000",SRI JITU BHUYAN,"3,563,735",Rejected-Finance,02-Feb-2026,Public Works Roads Department
2025_PWD_45013_1,SE/NRC/TB/NIT/12/2021-22/85,Protection of NH-27 to Bhatigaon by providing Disaster Mitigation measures under SDMF for the year 2023-24,Protection of NH-27 to Bhatigaon by providing Disaster Mitigation measures under SDMF for the year 2023-24,Works,Open Tender,Item Rate,Civil Works – Roads,No,No,NA ,20-Jun-2025 10:00 AM,NA ,180.0,No ,No,Online,14-Jul-2025 03:00 PM,Public Works Roads Department||CE PWD(R) - PWD,Raha,782103.0,2.0,"6,15,62,000",Sri Utpal Hazarika,"61,560,400",Rejected-Finance,25-Feb-2026,Public Works Roads Department||CE PWD(R) - PWD
2025_DU_47020_1,DR(Admn.)/LNB/RFID/2025/51/315,"Supply, Erection, Installation and Commissioning of RFID based applications in library (Book Issue/Return, Book Locator/Electronic Security System, Digitization and others) at Dibrugarh University","Supply, Erection, Installation and Commissioning of RFID based applications in library (Book Issue/Return, Book Locator/Electronic Security System, Digitization and others) at Dibrugarh University",Goods,Open Tender,Supply,Electronics Equipment,No,No,NA ,27-Aug-2025 02:45 PM,NA ,180.0,No ,No,Online,23-Sep-2025 02:30 PM,Dibrugarh University,Dibrugarh University,786004.0,2.0,,IBERRY SOLUTIONS PRIVATE LIMITED,"12,380,000",Not Admitted-Fee/PreQual/Technical,25-Feb-2026,Dibrugarh University
2025_SSA_46720_1,E-686287/353,Dharmapur Dhulauri ME Madrassa under Mondia block in Barpeta,"Construction of school building for upgradation from upper primary to secondary under Samagra Shiksha, Assam",Works,Open Tender,Item Rate,Civil Works - Building,No,No,NA ,20-Aug-2025 12:15 PM,21-Aug-2025 12:00 PM ,180.0,No ,No,Online,05-Sep-2025 03:00 PM,Axom Sarba Siksha Abhijan Mission,"SSA, Kahilipara, Guwahati",781019.0,2.0,"1,61,60,000",DREAMZ IMPEX,"16,089,999",Rejected-AOC,17-Feb-2026,Axom Sarba Siksha Abhijan Mission
2025_PWRDW_47829_5,ARRBP/BR/01/2024/E696387/34,Bridge1/Hailakandi/09 Construction of Bridge Bridge on Abdullapur Vernerpur Road,CE/EAP/ARRBP/OCB/Bridge1/Hailakandi/09 Construction of Bridge in Hailakandi District i) Bridge on Abdullapur Vernerpur Road,Works,Open Tender,Item Rate,Civil Works - Bridges,No,No,NA ,06-Oct-2025 12:30 PM,13-Oct-2025 11:00 AM ,90.0,No ,No,Online,06-Nov-2025 02:30 PM,Public Works Roads Department-Externally Aided Project||Public Works Road Department- World Bank Funded Tenders||Assam State Bridge Infrastructure Program,Hailkandi District,788168.0,2.0,"13,43,55,000",Raju Choudhury,"141,059,314",Not Admitted-Fee/PreQual/Technical,12-Feb-2026,Public Works Roads Department-Externally Aided Project||Public Works Road Department- World Bank Funded Tenders||Assam State Bridge Infrastructure Program
2025_DHUA_49803_1,GUCL/Elect/429/25/2001,"Supply, Installation, Testing and Commissioning (SITC) of Smart LED Street Lighting system and Smart Decorative LED Street Lighting system with Decorative pole and CCMS System along with Operation and Maintenance at Various Cities in Assam","Supply, Installation, Testing and Commissioning (SITC) of Smart LED Street Lighting system and Smart Decorative LED Street Lighting system with Decorative pole and CCMS System along with Operation and Maintenance at Various Cities in Assam",Works,Open Tender,Item Rate,Electrical Works,No,No,NA ,31-Dec-2025 06:00 PM,NA ,180.0,No ,No,Online,21-Jan-2026 02:30 PM,Department of Housing and Urban Affairs||Guwahati Utilities Company Limited,"Dibrugarh, Tezpur, North Guwahati",786001.0,2.0,"25,49,78,889",Industrial Systems LLP,"253,536,626",Accepted-AOC,06-Feb-2026,Department of Housing and Urban Affairs||Guwahati Utilities Company Limited
2026_WPTBC_50050_1,PTDC/Engg/2024-25/463/10,Construction of Hostel at Colleges at 20 District of Assam,"Construction of Hostel at Colleges at 20 District of Assam at Rs. 100.00 Lakh for each Hostel under Article 275 (I) of the Constitution of India during the year 2025-26 (JGSG College, Dist - Golaghat).",Works,Open Tender,Works,Civil Works,No,No,NA ,08-Jan-2026 04:30 PM,12-Jan-2026 12:00 PM ,180.0,No ,No,Online,26-Jan-2026 03:00 PM,Welfare of Plain Tribes and Backward Classes||Director - WPT and BC,"JGSG College, Golaghat",785621.0,2.0,"1,00,00,000",Navadeep Pegu,"9,999,500",Accepted-AOC,12-Feb-2026,Welfare of Plain Tribes and Backward Classes||Director - WPT and BC
2025_AEGCL_47200_1,AEGCL/MD/Tech-1142/TSAT,Implementation of 48F OPGW and Fibre Optic Terminal Equipment for Connectivity of 132 KV Baghjhap GSS with 220 KV Sonapur GSS and connectivity with existing FOTE network through 220KV Samaguri and 220KV Sarusajai and integration with existing NMS in,Implementation of 48F OPGW and Fibre Optic Terminal Equipment for Connectivity of 132 KV Baghjhap GSS with 220 KV Sonapur GSS and connectivity with existing FOTE network through 220KV Samaguri and 220KV Sarusajai and integration with existing NMS in,Works,Open Tender,Works,Electrical Works,No,No,NA ,03-Sep-2025 10:00 AM,NA ,180.0,No ,No,Online,25-Sep-2025 02:00 PM,Assam Electricity Grid Corporation Ltd||CGM (T and T),Baghjap and Sonapur,782411.0,2.0,"5,56,84,792",STEEL PRODUCTS LIMITED,"55,678,275",Rejected-Finance,03-Feb-2026,Assam Electricity Grid Corporation Ltd||CGM (T and T)
2025_PNRD_49021_1,SDB-53/MPLADS/2023-24/,"Construction of Gorkha Sanskritik KKK at Freedom Fighter Late Dalbir Singh Lohar Samanvay Khetra, Lawpani Gaon (Bisanimukh NC).","Construction of Gorkha Sanskritik KKK at Freedom Fighter Late Dalbir Singh Lohar Samanvay Khetra, Lawpani Gaon (Bisanimukh NC).",Works,Open Tender,Works,Civil Works,No,No,N/A ,03-Dec-2025 05:30 PM,NA ,180.0,No ,No,Online,25-Dec-2025 04:00 PM,Principal Secretary- P and RD- Assam Secretariat||Commissioner- P and RD- PNRD||Tinsukia Zilla Parishad||Saikhowa Development Block,Saikhowa Dev. Block,786154.0,2.0,"47,01,849",MS SB ENTERPRISES,"4,699,349",Rejected-Technical,03-Feb-2026,Principal Secretary- P and RD- Assam Secretariat||Commissioner- P and RD- PNRD||Tinsukia Zilla Parishad||Saikhowa Development Block
2022_NHM_28018_89,NHM 32031 4 2021 Construction NHM Part 34 62,Establishment of Proposed 6 bedded ward at various SHCs n PHCs of Assam under ECRP II NHM Assam Group 89 5 nos scheme in Goalpara district,Establishment of Proposed 6 bedded ward at various SHCs n PHCs of Assam under ECRP II NHM Assam Group 89 5 nos scheme in Goalpara district,Works,Open Tender,Turn-key,Civil Works - Building,No,No,NA ,07-Dec-2022 09:00 AM,NA ,180.0,No ,No,Online,30-Dec-2022 03:30 PM,National Health Mission||State Programme Management Unit - NHM,Goalpara District,783101.0,2.0,"57,99,785",Islam Jankar Rahman,"5,727,287.69",Accepted-AOC,18-Feb-2026,National Health Mission||State Programme Management Unit - NHM
2025_PWD_47084_6,CE/DEV/TB/60/2025-26/19 Dtd- 20.08.2025,MMPPNA_RIDF_XXXI_25_26_506 Improvement of Road from Sunpura Na Gaon Shivmandir to Hanuman Mandir Road under Mukhya Mantrir Paki Path Nirman Achani (MMPPNA) under RIDF-XXXI of NABARD for the year 2025-26.,MMPPNA_RIDF_XXXI_25_26_506 Improvement of Road from Sunpura Na Gaon Shivmandir to Hanuman Mandir Road under Mukhya Mantrir Paki Path Nirman Achani (MMPPNA) under RIDF-XXXI of NABARD for the year 2025-26.,Works,Open Tender,Item Rate,Civil Works – Roads,No,No,NA ,29-Aug-2025 09:00 AM,04-Sep-2025 12:00 PM ,180.0,No ,No,Online,19-Sep-2025 02:30 PM,Public Works Roads Department,Sadia,786155.0,2.0,"1,76,16,000",SHAILENDRA SINGH,"17,615,000",Rejected-Finance,20-Feb-2026,Public Works Roads Department
2025_BoTC_43148_1,FSHRY/BTC/2024-25/PMMSY/1,Supply of Fish Seed activity Inputs for Fish Farming and Integrated Fish Farming (IFF) in Baksa under PMMSY for the year 2022-23.,Group-A Supply of Fish Seed activity Inputs for Fish Farming and Integrated Fish Farming (IFF) in Baksa under PMMSY for the year 2022-23,Goods,Open Tender,Supply,Miscellaneous Goods,No,No,NA ,27-Feb-2025 09:00 AM,NA ,180.0,No ,No,Online,19-Mar-2025 02:30 PM,Bodoland Territorial Council||Fisheries-BTC,"Baksa, BTR",781372.0,2.0,"5,50,000",MUNIN DAS,"440,000",Rejected-Finance,21-Feb-2026,Bodoland Territorial Council||Fisheries-BTC
2025_KAAC_43871_1,DPU/RIDF-(Balance)/2025,Balance work for Construction of RCC Br.No.4/1 on road from NH-39 to old ND road via Balipathar Shyam Gaon over river Dhansiri at Neparpatty Ferry Ghat including approaches and protection works under MLCSNA under RIDF-XXV of NABARD for 2019-20,Balance work for Construction of RCC Br.No.4/1 on road from NH-39 to old ND road via Balipathar Shyam Gaon over river Dhansiri at Neparpatty Ferry Ghat including approaches and protection works under MLCSNA under RIDF-XXV of NABARD for the year 2019-,Works,Open Tender,Item Rate,Civil Works - Bridges,No,No,NA ,29-Mar-2025 04:30 PM,07-Apr-2025 11:00 AM ,180.0,No ,No,Online,21-Apr-2025 12:00 PM,Karbi Anglong Autonomous Council||PWD,Barpathar,782470.0,2.0,"3,11,11,227",Sri Swarmal Agarwalla,"32,463,354",Rejected-AOC,23-Feb-2026,Karbi Anglong Autonomous Council||PWD
2025_WPTBC_48080_1,SCDCRUSABN,"Construction of Girls Hostel (G plus 3 Building) at BN College, Dhubri","Construction of Girls Hostel (G plus 3 Building) at BN College, Dhubri",Works,Open Tender,Item Rate,Civil Works,No,No,NA ,16-Oct-2025 02:15 PM,NA ,180.0,No ,No,Online,21-Oct-2025 03:00 PM,Welfare of Plain Tribes and Backward Classes||Directorate of Welfare of Scheduled Caste||Assam State Development Corporation for SC,"DISPUR, GHY-06",781006.0,2.0,"3,00,00,000",M/S J.K ENTERPRISE,"27,000,000",Rejected-Technical,17-Feb-2026,Welfare of Plain Tribes and Backward Classes||Directorate of Welfare of Scheduled Caste||Assam State Development Corporation for SC
2025_BoTC_49252_1,PJD_100 ha ARP,"Chain link Fencing 100 ha Artificial Regeneration Plantation at Purana Panbari under Khoraghat Range, Parbatjhora Division","Chain link Fencing 100 ha Artificial Regeneration Plantation at Purana Panbari under Khoraghat Range, Parbatjhora Division",Works,Open Tender,Works,Civil Works,No,No,NA ,13-Dec-2025 10:30 AM,NA ,180.0,No ,No,Online,31-Dec-2025 01:30 PM,Bodoland Territorial Council||Forests-BTC,Parbotjhora,783339.0,2.0,"86,20,590",M/S Jack & Jill Construction,"7,758,531",Rejected-Technical,07-Feb-2026,Bodoland Territorial Council||Forests-BTC
2025_APDCL_48617_1,GM/SZ-ETender/2025/03,Work,Strengthening and renovation of existing 33 KV Badarpur-Panchgram Feeder near railway track side,Works,Open Tender,Turn-key,Electrical Works,No,No,NA ,14-Nov-2025 10:00 AM,18-Nov-2025 02:00 PM ,180.0,No ,No,Online,28-Nov-2025 04:00 PM,Assam Power Distribution Company Ltd||CGM(D) Central Assam Region - APDCL||GM(Barak Valley Zone) - APDCL,Badarpur,788802.0,2.0,"24,21,355",MADHAB ACHARJEE,"2,300,286.1",Rejected-Technical,12-Dec-2025,Assam Power Distribution Company Ltd||CGM(D) Central Assam Region - APDCL||GM(Barak Valley Zone) - APDCL
2025_SEED_45984_1,ASDM-3706/2025/Tamulpur,Tamulpur PLSDTP,Tamulpur PLSDTP,Services,Open Tender,EOI,Miscellaneous Services,No,No,NA ,28-Jul-2025 05:00 PM,NA ,180.0,No ,No,Online,20-Aug-2025 01:00 PM,Skill Employment and Entrepreneurship Department||Assam Skill Development Mission,Asam Skill Development Mission,781035.0,1.0,"6,30,450",NRDS Management Private Limited,"615,450",Not Admitted-Fee/PreQual/Technical/Finance,04-Feb-2026,Skill Employment and Entrepreneurship Department||Assam Skill Development Mission
2025_SEED_45979_1,ASDM-3692/2025/Karbi Anglong,Karbianglon PLSDTP,Karbianglon PLSDTP,Services,Open Tender,EOI,Miscellaneous Services,No,No,NA ,28-Jul-2025 05:00 PM,NA ,180.0,No ,No,Online,20-Aug-2025 01:00 PM,Skill Employment and Entrepreneurship Department||Assam Skill Development Mission,Assam Skill Development Mission,781035.0,1.0,"7,95,000",NRDS Management Private Limited,"780,000",Not Admitted-Fee/PreQual/Technical/Finance,04-Feb-2026,Skill Employment and Entrepreneurship Department||Assam Skill Development Mission
2025_DoWR_47326_1,KAMRUP METRO/2025-26/FFM/XXIV,Procurement of flood fighting materials (Geo-textile Tube) for Water Resources Department for the year 2025-26 (Zone-C).,Procurement of flood fighting materials (Geo-textile Tube) for Water Resources Department for the year 2025-26 (Zone-C).,Goods,Open Tender,Supply,Supply of Materials,No,No,NA ,05-Sep-2025 06:55 PM,NA ,180.0,No ,No,Online,25-Sep-2025 03:00 PM,Department of Water Resources||Chief Engineer - DoWR,KAMRUP METRO,781008.0,2.0,"1,24,82,955",Sonali Geotextiles Pvt. Ltd.,"11,234,660",Accepted-AOC,09-Feb-2026,Department of Water Resources||Chief Engineer - DoWR
2025_PCCF_48652_1,2680.0,Erection of fencing including fitting and fixing for 2306 RM,Erection of fencing including fitting and fixing for 2306 RM at Barduar RF under Loharghat Range,Works,Open Tender,Percentage,Civil Works,No,No,NA ,17-Nov-2025 10:00 AM,19-Nov-2025 11:00 AM ,120.0,No ,No,Online,09-Dec-2025 11:00 AM,Pr. Chief Conservator of Forest and Head of Forest Force||Chief Conservator of Forestes (T) (Lower Assam Zone)||Central Assam Circle||Kamrup West Division,Barduar RF,781141.0,2.0,"38,30,266",J D ASSOCIATES,"3,447,239.4",Rejected-Finance,05-Feb-2026,Pr. Chief Conservator of Forest and Head of Forest Force||Chief Conservator of Forestes (T) (Lower Assam Zone)||Central Assam Circle||Kamrup West Division
2025_PWD_45926_24,CE/DEV/TB/60/2025-26/06 Dtd- 14.07.2025,MMPPNA_RIDF_XXXI_25_26_315 Construction of Road from (1) Kehutoli to Dharampur from Ch. 0.00 m to Ch. 2800.00 m (L-2.800 KM) (2) Dongibil Bishnu Mandir Tiniali to E and D via Bhagwan Chetri Chuburi road from Ch. 0.00 m to Ch. 1250.00 m (L-1.250 Km) u,MMPPNA_RIDF_XXXI_25_26_315 Construction of Road from (1) Kehutoli to Dharampur from Ch. 0.00 m to Ch. 2800.00 m (L-2.800 KM) (2) Dongibil Bishnu Mandir Tiniali to E and D via Bhagwan Chetri Chuburi road from Ch. 0.00 m to Ch. 1250.00 m (L-1.250 Km) u,Works,Open Tender,Item Rate,Civil Works – Roads,No,No,NA ,28-Jul-2025 09:00 AM,04-Aug-2025 12:00 PM ,180.0,No ,No,Online,14-Aug-2025 02:30 PM,Public Works Roads Department,Ranganadi,787052.0,2.0,"2,63,04,000",Manoj Kr. Borah,"26,304,000",Accepted-AOC,17-Feb-2026,Public Works Roads Department
2026_UDD_49914_1,NLMB/MTECH/2025-26/73,"Construction of Daily Market at Bazar Patti, North Lakhimpur,Assam","Construction of Daily Market at Bazar Patti, North Lakhimpur,Assam",Works,Open Tender,Item Rate,Civil Works,No,No,NA ,05-Jan-2026 04:00 PM,NA ,180.0,No ,No,Online,24-Jan-2026 02:00 PM,Urban Development Department||Directorate of Municipality Administration - UDD||North Lakhimpur Municipal Board,North Lakhimpur,787001.0,2.0,"1,04,91,530",BK Associates,"10,482,036",Accepted-AOC,11-Feb-2026,Urban Development Department||Directorate of Municipality Administration - UDD||North Lakhimpur Municipal Board
2024_PWRDW_37476_16,CE/EAP/ARRBP/01Tenders2024/30,Construction of Bridge in Barpeta district i) Br. No. 1/1 on NH-127 (A) to Turkuni River (Swahid Pranay Kalita) Road,CE/EAP/ARRBP/OCB/Bridge-1/Barpeta/19Construction of Bridge in Barpeta district i) Br. No. 1/1 on NH-127 (A) to Turkuni River (Swahid Pranay Kalita) Road,Works,Open Tender,Item Rate,Civil Works - Bridges,No,No,NA ,10-Apr-2024 06:15 PM,12-Apr-2024 11:00 AM ,90.0,No ,No,Online,30-Apr-2024 02:30 PM,Public Works Roads Department-Externally Aided Project||Public Works Road Department- World Bank Funded Tenders||Assam State Bridge Infrastructure Program,Barpeta,781301.0,2.0,"2,90,10,000",Biswajit Medhi,"26,640,600",Accepted-AOC,09-Feb-2026,Public Works Roads Department-Externally Aided Project||Public Works Road Department- World Bank Funded Tenders||Assam State Bridge Infrastructure Program
2025_KAAC_46358_1,NoACEH/CS/SSA/03/2025-26/SL06,Construction of 50 bedded hostel separately for boys and girls under Dharti Aaba Janjatiya Gram Utkarsh Abhiyan at Thong Nokbe English High School,Construction of 50 bedded hostel separately for boys and girls under Dharti Aaba Janjatiya Gram Utkarsh Abhiyan at Thong Nokbe English High School,Works,Open Tender,Item Rate,Civil Works - Building,No,No,NA ,18-Aug-2025 11:00 AM,20-Aug-2025 12:00 PM ,180.0,No ,No,Online,30-Aug-2025 11:00 AM,Karbi Anglong Autonomous Council||PWD||Addl. Chief Engineer Diphu,Bokajan,782480.0,2.0,"3,78,75,000",golden traders,"37,868,648.64",Accepted-AOC,12-Feb-2026,Karbi Anglong Autonomous Council||PWD||Addl. Chief Engineer Diphu
2025_FD_48603_1,AFM512/SOPD/2025-26/642 Dated 13-11-2025,Supply of Inputs and Material for Fish Production Under SOPD,Procurement Of Inputs And Material For Fish Production Under The Scheme Development Approach In Fisheries And Aquaculture Through Cluster Based Initiatives under SOPD,Goods,Open Tender,Supply,Miscellaneous Goods,No,No,NA ,13-Nov-2025 05:00 PM,NA ,365.0,No ,No,Online,28-Nov-2025 02:30 PM,Department of Fisheries||Directorate of Fisheries Assam||DDF NAZ Tezpur||DFDO Morigaon,DFDO Morigaon,782105.0,2.0,"28,00,000",SUMA FISH SEED CENTRE,"2,520,000",Rejected-Technical,18-Feb-2026,Department of Fisheries||Directorate of Fisheries Assam||DDF NAZ Tezpur||DFDO Morigaon
2025_PWD_46339_2,CE/Commn/18/SDMF/2025-26/01,Darrang/SDMF/3,Protection and Prevention of MPK TO Duni Sareng connecting road from flood damages under SDMF for the year 2024-25 in Darrang District of Assam,Works,Open Tender,Item Rate,Civil Works,No,No,NA ,13-Aug-2025 06:00 PM,27-Aug-2025 04:00 PM ,180.0,No ,No,Online,01-Sep-2025 02:30 PM,Public Works Roads Department,Sipajhar,784145.0,2.0,"4,52,95,400",FIROJ ALI,"45,288,491",Accepted-AOC,23-Feb-2026,Public Works Roads Department
2026_WPTBC_50406_1,PTDC/Engg/2026-27/466,"Repairing and Renovation of APTDC Ltd. Branch Office at Gossaigaon, Dist Kokrajhar.","Repairing and Renovation of APTDC Ltd. Branch Office at Gossaigaon, Dist Kokrajhar.",Works,Open Tender,Item Rate,Civil Works,No,No,NA ,20-Jan-2026 06:30 PM,22-Jan-2026 11:30 AM ,180.0,No ,No,Online,04-Feb-2026 03:00 PM,Welfare of Plain Tribes and Backward Classes||Director - WPT and BC||Assam Plains Tribes Development Corporation Ltd.,Kokrajhar.,783360.0,2.0,"27,29,000",Gaziul Hassan,"2,729,000",Accepted-AOC,21-Feb-2026,Welfare of Plain Tribes and Backward Classes||Director - WPT and BC||Assam Plains Tribes Development Corporation Ltd.
2026_WPTBC_50092_1,PTDC/Engg/2024-25/463/17,Construction of Hostel at Colleges at 20 District of Assam,"Construction of Hostel at Colleges at 20 District of Assam at Rs. 100.00 Lakh for each Hostel under Article 275 (I) of the Constitution of India during the year 2025-26 (Ujani Majuli Kherkati College, Majuli).",Works,Open Tender,Works,Civil Works,No,No,NA ,08-Jan-2026 03:00 PM,12-Jan-2026 12:00 PM ,180.0,No ,No,Online,26-Jan-2026 03:00 PM,Welfare of Plain Tribes and Backward Classes||Director - WPT and BC,"Ujani Majuli Kherkati College, Majuli",785105.0,2.0,"1,00,00,000",GAMESWAR DOLEY,"9,000,000",Rejected-Technical,23-Feb-2026,Welfare of Plain Tribes and Backward Classes||Director - WPT and BC
2024_DoWR_40322_2,KARIMGANJ/2024-25/RIDF/III,Construction of new embankment along left bank River Shingla from Kurikhala to Bhavanipur.,Construction of new embankment along left bank River Shingla from Kurikhala to Bhavanipur.,Works,Open Tender,Works,Civil Works,No,No,NA ,09-Sep-2025 06:55 PM,NA ,180.0,No ,No,Online,04-Oct-2025 03:00 PM,Department of Water Resources||Chief Engineer - DoWR,Sribhumi,788710.0,2.0,"1,63,64,991",PINTU DEB,"16,314,990.1",Rejected-AOC,02-Feb-2026,Department of Water Resources||Chief Engineer - DoWR
2025_PWD_49438_3,CE/DEV/TB/122/2025-26/17 Dated 15-12-2025,BTR_SOPD_G_25_26_31 Improvement of Mangadoi Bhutiachang Road (From Tokankata Indian Oil station to Panery) under SOPD-G for the year 2025-26,BTR_SOPD_G_25_26_31 Improvement of Mangadoi Bhutiachang Road (From Tokankata Indian Oil station to Panery) under SOPD-G for the year 2025-26,Works,Open Tender,Item Rate,Civil Works – Roads,No,No,NA ,17-Dec-2025 06:00 PM,20-Dec-2025 12:00 PM ,180.0,No ,No,Online,30-Dec-2025 02:30 PM,Public Works Roads Department,Udalguri,784509.0,2.0,"2,00,00,000",RAJENDRA CHAUDHURY,"19,999,900",Accepted-AOC,24-Feb-2026,Public Works Roads Department
2025_DHTS_48744_1,DHTCM(C).17/2022/Pt-II/236,Construction of Boundary Wall at HTC Khatowalgaon in Jorhat District,Construction of Boundary Wall at HTC Khatowalgaon in Jorhat District,Works,Open Tender,Item Rate,Civil Works,No,No,NA ,20-Nov-2025 02:30 PM,25-Nov-2025 11:00 AM ,180.0,No ,No,Online,04-Dec-2025 12:00 PM,Department of Handloom Textile and Sericulture||Directorate of Handloom and Textiles-DHTS,"Jorhat, Khatowalgaon",785009.0,2.0,"20,00,000",Jiban Gogoi,"1,700,000",Rejected-AOC,24-Feb-2026,Department of Handloom Textile and Sericulture||Directorate of Handloom and Textiles-DHTS
2025_PWD_45926_9,CE/DEV/TB/60/2025-26/06 Dtd- 14.07.2025,"MMPPNA_RIDF_XXXI_25_26_248 Constrution of Dharapur Natun Basti Road including RCC drain, Approach Slab under Mukhya Mantrir Paki Path Nirman Achani (MMPPNA) under RIDF-XXXI of NABARD for the year 2025-26.","MMPPNA_RIDF_XXXI_25_26_248 Constrution of Dharapur Natun Basti Road including RCC drain, Approach Slab under Mukhya Mantrir Paki Path Nirman Achani (MMPPNA) under RIDF-XXXI of NABARD for the year 2025-26.",Works,Open Tender,Item Rate,Civil Works – Roads,No,No,NA ,26-Jul-2025 09:00 AM,04-Aug-2025 12:00 PM ,180.0,No ,No,Online,14-Aug-2025 02:30 PM,Public Works Roads Department,Jalukbari,781013.0,2.0,"4,76,49,000",Jintu Das,"47,646,900",Accepted-AOC,04-Feb-2026,Public Works Roads Department
2025_PWD_48188_7,NIT/JTTRD/2024-25/001/1422,"Improvement of Hatichungi Kochiyachuk, Jibakanta Bosti and Jugibheta to Chinatoli under SOPD_G under PWRD, Jorhat and Titabor Territorial Road Division for the year 2025_26 in Jorhat LAC","Improvement of Hatichungi Kochiyachuk, Jibakanta Bosti and Jugibheta to Chinatoli under SOPD_G under PWRD, Jorhat and Titabor Territorial Road Division for the year 2025_26 in Jorhat LAC",Works,Open Tender,Item Rate,Civil Works – Roads,No,No,NA ,28-Oct-2025 11:00 AM,NA ,180.0,No ,No,Online,07-Nov-2025 02:30 PM,Public Works Roads Department,Jorhat,785001.0,2.0,"37,04,000",Shantanu Madhab,"3,107,695.39",Rejected-AOC,06-Jan-2026,Public Works Roads Department
2026_ICD_49808_1,AIIDC/4013/2025/47/8004 dt.29/12/2025,Development of Parking Area at IGC Chaygaon Dist.- Kamrup,"Development of Parking Area at IGC Chaygaon Dist, Kamrup",Works,Open Tender,Item Rate,Civil Works,No,No,NA ,01-Jan-2026 02:00 PM,NA ,180.0,No ,No,Online,20-Jan-2026 03:00 PM,Industries and Commerce Department||Assam Industrial Infrastructure Development Corporation,IGC Chaygaon,781124.0,2.0,,Dochania & Company Private Limited,"48,387,607",Accepted-AOC,21-Feb-2026,Industries and Commerce Department||Assam Industrial Infrastructure Development Corporation
2025_PWRDW_48595_11,eCF No.720769/1,Tinsukia/09C Br. No. 1/1 on Chapakhowa Gurung basti to Magar Gaon Road,CE/EAP/ARRBP/OCB/Bridge-1/Tinsukia/09C Construction of Bridge in Tinsukia district i)Br. No. 1/1 on Chapakhowa Gurung basti to Magar Gaon Road,Works,Open Tender,Item Rate,Civil Works - Bridges,No,No,NA ,14-Nov-2025 09:00 AM,21-Nov-2025 11:00 AM ,90.0,No ,No,Online,28-Nov-2025 02:30 PM,Public Works Roads Department-Externally Aided Project||Public Works Road Department- World Bank Funded Tenders||Assam State Bridge Infrastructure Program,Tinsukia,786145.0,2.0,"3,29,96,000",SUNIL SHAH,"34,629,300",Accepted-AOC,19-Feb-2026,Public Works Roads Department-Externally Aided Project||Public Works Road Department- World Bank Funded Tenders||Assam State Bridge Infrastructure Program
2025_ACCF_46183_1,ACCF/Medical Equipment/2025-26/107,ACCF/Medical Equipment/2025-26/107,Supply for Medical Equipment- Apheresis Machine in Blood Centre of Dibrugarh Cancer Centre,Goods,Open Tender,Lump-sum,Machineries,No,No,NA ,06-Aug-2025 12:00 PM,NA ,180.0,No ,No,Online,25-Aug-2025 04:00 PM,ASSAM CANCER CARE FOUNDATION,ACCF HO,781005.0,2.0,,NEWNESS,"31,317,384",Rejected-Finance,04-Feb-2026,ASSAM CANCER CARE FOUNDATION
2025_PWD_46631_6,SNSTRD/T-2/ SOPD-G/ET/2025-26/02,"SNSTRD_SOPD-G_ET_25_26_06 Construction of road starting from Nitu Dutta house to Samsu Mia House via Sri Sri Maha Prabhu Akhra of Village Nandapur under SOPD-G for the year 2025-26 in North Karimganj LAC, Sribhumi.","SNSTRD_SOPD-G_ET_25_26_06 Construction of road starting from Nitu Dutta house to Samsu Mia House via Sri Sri Maha Prabhu Akhra of Village Nandapur under SOPD-G for the year 2025-26 in North Karimganj LAC, Sribhumi.",Works,Open Tender,Item Rate,Civil Works,No,No,NA ,20-Aug-2025 02:00 PM,20-Aug-2025 02:00 PM ,180.0,No ,No,Online,01-Sep-2025 12:00 PM,Public Works Roads Department,Sribhumi,788710.0,2.0,"51,69,991",Shamim Ahmed,"5,168,991",Rejected-AOC,21-Feb-2026,Public Works Roads Department
2025_PWD_45820_123,CE/STBR/SOPD-G/NIT/07/2025 26/1 Dated 26-06-2025,STBR/SOPD-G/Jalukbari -10/49 Improvement of Rudreswar Milan Pur Road under SOPD-G for the year 2025-26,STBR/SOPD-G/Jalukbari -10/49 Improvement of Rudreswar Milan Pur Road under SOPD-G for the year 2025-26,Works,Open Tender,Item Rate,Civil Works – Roads,No,No,NA ,02-Aug-2025 12:45 PM,04-Aug-2025 11:00 AM ,180.0,No ,No,Online,19-Aug-2025 11:00 AM,Public Works Roads Department,Jalukbari,781013.0,2.0,"27,06,000",AMARJEET DEKA,"2,705,993",Accepted-AOC,03-Feb-2026,Public Works Roads Department
2025_PWRDW_43984_4,CE/EAP/ARRBP/02/TENDER/2024/42,Br on Balichapori to kamalamini Ali via Nak kati chaporu in Golaghat Dist.,CE/EAP/ARRBP/OCB/Bridge1/Golaghat/8 Construction of Bridge in Golaghat district Br on Balichapori to kamalamini Ali via Nak kati chaporu,Works,Open Tender,Item Rate,Civil Works - Bridges,No,No,NA ,10-Apr-2025 09:00 AM,17-Apr-2025 11:00 AM ,180.0,No ,No,Online,29-Apr-2025 02:30 PM,Public Works Roads Department-Externally Aided Project||Public Works Road Department- World Bank Funded Tenders||Assam State Bridge Infrastructure Program,Golaghat district,785621.0,2.0,"3,43,03,000",M/S. M.P. AGARWALLA,"35,940,979",Accepted-AOC,13-Feb-2026,Public Works Roads Department-Externally Aided Project||Public Works Road Department- World Bank Funded Tenders||Assam State Bridge Infrastructure Program
2025_PWD_49114_6,SKTRD/Tech/117/2025-26,SKTRD/SOPD-G/25-26/30,SKTRD/SOPD-G/25-26/30_Improvement of Tukrapara Road under SOPD (G) for the year 2025-26,Works,Open Tender,Item Rate,Civil Works – Roads,No,No,NA ,09-Dec-2025 02:00 PM,15-Dec-2025 12:00 PM ,180.0,No ,No,Online,29-Dec-2025 02:30 PM,Public Works Roads Department,Kamrup Rural,781125.0,2.0,"25,78,000",Manik Kalita,"2,578,000",Accepted-AOC,27-Feb-2026,Public Works Roads Department
2024_PWD_38695_20,"CE/DEV/TB/45/2024-25/06 Dtd. Guwahati, 16th August, 2024",MMUPPNA_RIDF_XXX_24_25_34 Improvement of road connecting Convoy road-Banipur Raily Station- Dibru College and Don Bosco School (Total Length 2.05KM) under Mukhya Mantrir Unnoto Pakipath Nirman Achani (MMUPPNA) for the year 2024-25. Under Mukhya Mantr,MMUPPNA_RIDF_XXX_24_25_34 Improvement of road connecting Convoy road-Banipur Raily Station- Dibru College and Don Bosco School (Total Length 2.05KM) under Mukhya Mantrir Unnoto Pakipath Nirman Achani (MMUPPNA) for the year 2024-25. Under Mukhya Mantr,Works,Open Tender,Item Rate,Civil Works – Roads,No,No,NA ,03-Sep-2024 12:00 PM,NA ,180.0,No ,No,Online,20-Sep-2024 02:30 PM,Public Works Roads Department,Dibrugarh,786001.0,2.0,"5,87,00,000",M/S Archangel Group,"58,700,000",Accepted-AOC,24-Feb-2026,Public Works Roads Department
2026_BTC_49867_1,No.ACE-106/PWD/IFB/PT-I/23-24,Construction of District Bodo Sahitya Sabha Bhawan at Salbari in Baksa District.TN_18_10_R_1,Construction of District Bodo Sahitya Sabha Bhawan at Salbari in Baksa District.TN_18_10_R_1,Works,Open Tender,Item Rate,Civil Works - Building,No,No,NA ,02-Jan-2026 06:00 PM,NA ,180.0,No ,No,Online,22-Jan-2026 02:00 PM,Bodoland Territorial Council-PWD||Director Cum CHD - PWD BTC,Baksa,781327.0,2.0,"49,41,722",Bhaskar Machary,"4,941,387.68",Accepted-AOC,27-Feb-2026,Bodoland Territorial Council-PWD||Director Cum CHD - PWD BTC
2025_PWD_47133_16,SKTRD/Tech/106/2025-26,SKTRD/SOPD-G/25-26/16,SKTRD/SOPD-G/25-26/16_Improvement of road from Pukhuripar road under Mukhya Mantrir Path Nabikaran Aachani under SOPD _G_for the year 2025-26. _Gr-I_- (Ch. 0.00m to 1000.00 m),Works,Open Tender,Item Rate,Civil Works – Roads,No,No,NA ,30-Aug-2025 06:00 PM,06-Sep-2025 12:00 PM ,180.0,No ,No,Online,24-Sep-2025 02:30 PM,Public Works Roads Department,Kamrup Rural,781125.0,2.0,"29,79,000",Sri Binay Kalita,"2,978,612",Rejected-Finance,10-Mar-2026,Public Works Roads Department
2025_PWBNH_47384_6,CE/TB-III/(H_E)/21/2024/6 Dated 19/085/2025,"Construction of 50 Construction of 50 bedded Critical Care Hospital Block (CCB) at Nalbari Medical College and Hospital, Nalbari, Assam","Construction of 50 Construction of 50 bedded Critical Care Hospital Block (CCB) at Nalbari Medical College and Hospital, Nalbari, Assam",Works,Open Tender,Item Rate,Civil Works - Building,No,No,NA ,10-Sep-2025 02:00 PM,15-Sep-2025 11:30 AM ,180.0,No ,No,Online,10-Oct-2025 03:30 PM,Public Works Building and NH Department||Chief Engineer-Building - PWBNH,Nalbari,781334.0,2.0,"20,85,81,967",FTTC Projects Private Limited,"229,310,380",Accepted-AOC,27-Feb-2026,Public Works Building and NH Department||Chief Engineer-Building - PWBNH
2025_PHED_49490_1,SEPH/TEZ/TC-196/2025-26/ 1701-08 Dated 19/12/2025,Recovery and Reconstruction of Duwaripara PWSS under PDNA 2022 for the year 2025-26,Recovery and Reconstruction of Duwaripara PWSS under PDNA 2022 for the year 2025-26,Works,Open Tender,Item Rate,Civil Works - Water Works,No,No,NA ,20-Dec-2025 10:00 AM,23-Dec-2025 11:00 AM ,90.0,No ,No,Online,31-Dec-2025 03:00 PM,Public Health Engineering Department||Chief Engineer PHE(P)-Assam-PHED||North Assam Zone-Tezpur-PHED||Tezpur Circle-Tezpur-PHED,"Duwaripara, Siphajhar",784145.0,2.0,"39,10,000",DIPAK DEKA,"3,909,227",Accepted-AOC,02-Feb-2026,Public Health Engineering Department||Chief Engineer PHE(P)-Assam-PHED||North Assam Zone-Tezpur-PHED||Tezpur Circle-Tezpur-PHED
2025_PWRDW_48471_5,EAP/ARRBP/02/TENDERS/2024/52,"Br no 3/1, Dholagaon to Dewangaon Road/Bongaigaon/07","Package No. - CE/EAP/ARRBP/OCB/Bridge 1/Bongaigaon/07 Br no 3/1, Dholagaon to Dewangaon Road",Works,Open Tender,Item Rate,Civil Works - Bridges,No,No,NA ,11-Nov-2025 05:00 PM,18-Nov-2025 11:00 AM ,180.0,No ,No,Online,26-Nov-2025 02:30 PM,Public Works Roads Department-Externally Aided Project||Public Works Road Department- World Bank Funded Tenders||Assam State Bridge Infrastructure Program,Bongaigaon,783380.0,2.0,"3,81,52,000",Rudra Kumar Pathak,"40,059,599",Rejected-Technical,12-Feb-2026,Public Works Roads Department-Externally Aided Project||Public Works Road Department- World Bank Funded Tenders||Assam State Bridge Infrastructure Program
2025_PWD_45827_70,CE/MAINT/SOPDG/01/2025-26/02,MAINT/SOPD-G/2025-26/123,"MAINT/SOPD-G/2025-26/123_1_Reconstruction of Road from NH_17 to Jyotigaon Kothakuthi village, 2_Reconstruction of Road from NH_17 Daranggiri to Khakhuta Road and 3_Reconstruction of Road from Narapati Sakalpara Chariali to Amguri of MMPNA under SOPD_",Works,Open Tender,Item Rate,Civil Works – Roads,No,No,NA ,24-Jul-2025 09:00 AM,24-Jul-2025 12:00 PM ,180.0,No ,No,Online,14-Aug-2025 11:00 AM,Public Works Roads Department,Goalpara,783101.0,2.0,"1,77,10,000",TRIDIP HAJONG,"17,001,211",Rejected-Finance,12-Feb-2026,Public Works Roads Department
2025_UDD_49496_1,BCMB/MRF(Tech).45/2024-25/577,"To select agency for design ,suppy, testing,,commissioning of Material Recovery Facility And Waste to Compost plant at Biswanath Chariali MB,Assam","To select agency for design ,suppy, testing,,commissioning of Material Recovery Facility And Waste to Compost plant at Biswanath Chariali MB,Assam",Works,Open Tender,Item Rate,Civil Works,No,No,NA ,19-Dec-2025 05:00 PM,08-Jan-2026 11:00 AM ,180.0,No ,No,Online,09-Jan-2026 05:00 PM,Urban Development Department||Directorate of Municipality Administration - UDD||Biswanath Chariali Municipal Board,biswanath chariali,784176.0,2.0,"62,24,000",Mahesh Kumar Agarwalla,"6,224,000",Rejected-Technical,05-Feb-2026,Urban Development Department||Directorate of Municipality Administration - UDD||Biswanath Chariali Municipal Board
2025_GMC_47287_8,GER/CE/2504/2025/05 Dated_01/09/2025,Construction of Community Hall under Ward No-54,Construction of Community Hall under Ward No-54,Works,Open Tender,Lump-sum,Civil Works,No,No,NA ,05-Sep-2025 06:00 PM,08-Sep-2025 12:00 PM ,120.0,No ,No,Online,07-Oct-2025 02:30 PM,Guwahati Municipal Corporation,Guwahati,781006.0,2.0,,MR DIPAK SARMA,"1,600,000",Rejected-AOC,27-Feb-2026,Guwahati Municipal Corporation
2025_PWD_45491_11,CE/Commn/16/2025-26/2,Digboi/SOPD/4,1)Construction of road from Mausam Gogoi Mothauri chariali to Simaluguri Bhui Gaon 2) Construction of road from Digboi Panbari Road to Harujan Ali under SOPD-G under 2025-26 Digboi LAC in Tinsukia district,Works,Open Tender,Item Rate,Civil Works – Roads,No,No,NA ,10-Jul-2025 06:00 PM,18-Jul-2025 04:00 PM ,180.0,No ,No,Online,30-Jul-2025 02:30 PM,Public Works Roads Department,Digboi,786171.0,2.0,"1,06,86,400",ARUN BORAH,"10,686,000",Rejected-AOC,04-Feb-2026,Public Works Roads Department
2025_PWD_45498_20,CE/Commn/16/2025-26/03,Bokakhat / SOPD/ 4,Improvement ofGWC Road from i)2ndKmof diffolopathartamulipatharalito Ahomgaonshiv mandir1.95Kmii)Kandulimari Raja Gaon Tini Ali to2ndKmof DiffolopatharTamulipatharroad 1.70Km(iii) Dergaya pam Tini ali to Bori Gaon Tini Ali 2.35Km under SOPD(G),Works,Open Tender,Item Rate,Civil Works – Roads,No,No,NA ,14-Jul-2025 05:00 PM,18-Jul-2025 04:00 PM ,180.0,No ,No,Online,20-Aug-2025 02:30 PM,Public Works Roads Department,Bokakhat,785612.0,2.0,"1,00,54,000",Bibhuti Bhushan Bora,"10,052,664",Accepted-AOC,26-Feb-2026,Public Works Roads Department
2025_PWRDW_48471_4,EAP/ARRBP/02/TENDERS/2024/52,Br. No. 2/1 on Dholamara to Durgamari/Bongaigaon/05,Package No. - CE/EAP/ARRBP/OCB/Bridge 1/Bongaigaon/05 Br. No. 2/1 on Dholamara to Durgamari/Bongaigaon/05,Works,Open Tender,Item Rate,Civil Works - Bridges,No,No,NA ,11-Nov-2025 11:00 AM,18-Nov-2025 11:00 AM ,180.0,No ,No,Online,26-Nov-2025 02:30 PM,Public Works Roads Department-Externally Aided Project||Public Works Road Department- World Bank Funded Tenders||Assam State Bridge Infrastructure Program,Bongaigaon,783380.0,2.0,"3,73,64,000",Md Nabirul Islam,"39,228,000",Accepted-AOC,21-Feb-2026,Public Works Roads Department-Externally Aided Project||Public Works Road Department- World Bank Funded Tenders||Assam State Bridge Infrastructure Program
2025_PWD_47133_17,SKTRD/Tech/106/2025-26,SKTRD/SOPD-G/25-26/17,SKTRD/SOPD-G/25-26/17_Improvement of road from Pukhuripar road under Mukhya Mantrir Path Nabikaran Aachani under SOPD _G_ for the year 2025-26. _Gr-II_-(Ch. 1000.00 m to 2000.00 m),Works,Open Tender,Item Rate,Civil Works – Roads,No,No,NA ,30-Aug-2025 06:00 PM,06-Sep-2025 12:00 PM ,180.0,No ,No,Online,24-Sep-2025 02:30 PM,Public Works Roads Department,Kamrup Rural,781125.0,2.0,"30,21,000",Sri Binay Kalita,"3,020,883",Rejected-Finance,10-Feb-2026,Public Works Roads Department
2025_PWD_45820_93,CE/STBR/SOPD-G/NIT/07/2025 26/1 Dated 26-06-2025,"STBR/SOPD-G/Dimoria -09/97 Construction of Ramnagar 1 No Shiva Mandir Path at Gopal Nagar, Noonmati under SOPD G for the year 2025-26","STBR/SOPD-G/Dimoria -09/97 Construction of Ramnagar 1 No Shiva Mandir Path at Gopal Nagar, Noonmati under SOPD G for the year 2025-26",Works,Open Tender,Item Rate,Civil Works – Roads,No,No,NA ,31-Jul-2025 03:00 PM,01-Aug-2025 11:00 AM ,180.0,No ,No,Online,11-Aug-2025 11:00 AM,Public Works Roads Department,Dimoria,782403.0,2.0,"83,18,000",SUDAKSHINA KALITA,"8,317,000",Rejected-AOC,03-Feb-2026,Public Works Roads Department
2025_PWD_49114_7,SKTRD/Tech/117/2025-26,SKTRD/SOPD-G/25-26/31,SKTRD/SOPD-G/25-26/31_Improvement of Kalitapara Road under SOPD (G) for the year 2025-26,Works,Open Tender,Item Rate,Civil Works – Roads,No,No,NA ,09-Dec-2025 02:00 PM,15-Dec-2025 12:00 PM ,180.0,No ,No,Online,29-Dec-2025 02:30 PM,Public Works Roads Department,Kamrup Rural,781125.0,2.0,"28,81,000",MANTU KALITA,"2,881,000",Not Admitted-Finance,23-Feb-2026,Public Works Roads Department
2025_SEED_45960_1,ASDM-3702/2025/SOUTH-SALMARA,South Salmara PLSDTP,South Salmara PLSDTP,Services,Open Tender,EOI,Miscellaneous Services,No,No,NA ,28-Jul-2025 05:00 PM,NA ,180.0,No ,No,Online,28-Aug-2025 01:00 PM,Skill Employment and Entrepreneurship Department||Assam Skill Development Mission,Assam Skill Development Mission,781035.0,1.0,"8,20,575",Assam Skill Training Provider (ASTP),0.0,Not Admitted-Fee/PreQual/Technical/Finance,02-Feb-2026,Skill Employment and Entrepreneurship Department||Assam Skill Development Mission
2025_PWD_46196_27,CE/DEV/TB/122/2025-26/06 Dated. 04-08-2025,BTR_SOPD_G_25_26_23 (1) Improvement of Road from Bengtol to Serfanguri (22 to Serfanguri Pt-I and II under PMGSY Package No. AS-25-78) (2) Re-construction of Goibari Basugaon connecting road under SOPD-G for the year 2025-26.,BTR_SOPD_G_25_26_23 (1) Improvement of Road from Bengtol to Serfanguri (22 to Serfanguri Pt-I and II under PMGSY Package No. AS-25-78) (2) Re-construction of Goibari Basugaon connecting road under SOPD-G for the year 2025-26.,Works,Open Tender,Item Rate,Civil Works – Roads,No,No,NA ,07-Aug-2025 03:00 PM,11-Aug-2025 12:00 PM ,180.0,No ,No,Online,14-Aug-2025 02:30 PM,Public Works Roads Department,Sidli-Chirang,783373.0,2.0,"1,48,00,000",SUN WARY,"14,797,890",Rejected-Finance,11-Feb-2026,Public Works Roads Department
2026_PWD_50799_1,02(H)/EE/ISB/2024-25,Inter State Border,Construction of Paver Block Road from NEC Road to Am ih Village (Ch. 0.00m to Ch.500.00m) Annual Action Plan of BDA in ISB for the year 2024-25,Works,Open Tender,Item Rate,Civil Works,No,No,NA ,05-Feb-2026 03:00 PM,NA ,180.0,No ,No,Online,13-Feb-2026 03:00 PM,Public Works Roads Department,West Karbi Anglong,782486.0,2.0,"40,00,000",BASAPI TIMUNGPI,"3,910,069.34",Accepted-AOC,24-Feb-2026,Public Works Roads Department
2025_BoTC_43151_1,FSHRY/BTC/2024-25/PMMSY/1,Supply of Formulated Fish Feed activity Inputs for Fish Farming in Baksa under PMMSY for the year 2023-24.,Group-B Supply of Formulated Fish Feed activity Inputs for Fish Farming in Baksa under PMMSY for the year 2023-24.,Goods,Open Tender,Supply,Miscellaneous Goods,No,No,NA ,27-Feb-2025 09:30 AM,NA ,180.0,No ,No,Online,19-Mar-2025 02:30 PM,Bodoland Territorial Council||Fisheries-BTC,"BTR, Baksa,",781372.0,2.0,"21,20,000",PREMIER AGRO BIO-TECH,"1,898,787.7",Rejected-Technical,21-Feb-2026,Bodoland Territorial Council||Fisheries-BTC
2025_PWD_45926_8,CE/DEV/TB/60/2025-26/06 Dtd- 14.07.2025,MMPPNA_RIDF_XXXI_25_26_247 Improvement of Old AT Road from Garal to Majirgaon under Mukhya Mantrir Paki Path Nirman Achani (MMPPNA) under RIDF-XXXI of NABARD for the year 2025-26.,MMPPNA_RIDF_XXXI_25_26_247 Improvement of Old AT Road from Garal to Majirgaon under Mukhya Mantrir Paki Path Nirman Achani (MMPPNA) under RIDF-XXXI of NABARD for the year 2025-26.,Works,Open Tender,Item Rate,Civil Works – Roads,No,No,NA ,26-Jul-2025 09:00 AM,04-Aug-2025 12:00 PM ,180.0,No ,No,Online,14-Aug-2025 02:30 PM,Public Works Roads Department,Jalukbari,781013.0,2.0,"1,65,61,000",ANIL DAS CONSTRUCTION PVT LTD,"16,561,000",Accepted-AOC,13-Feb-2026,Public Works Roads Department
2024_PWBNH_39645_1,CE/TB-IV/10/2024/06 Dated Guwahati the 25th September 2024,"Construction Of 50 bedded Critical Care Hospital Block (CCB) at Dhubri Medical College in Dhubri District, Assam Under PM-ABHIM","Construction Of 50 bedded Critical Care Hospital Block (CCB) at Dhubri Medical College in Dhubri District, Assam Under PM-ABHIM",Works,Open Tender,Item Rate,Civil Works - Building,No,No,NA ,04-Oct-2024 05:00 PM,NA ,180.0,No ,No,Online,12-Nov-2024 12:30 PM,Public Works Building and NH Department||Chief Engineer-Building - PWBNH,Dhubri,783301.0,2.0,"21,50,12,466",GANPATI CONSTRUCTION COMPANY,"212,467,500",Accepted-AOC,23-Feb-2026,Public Works Building and NH Department||Chief Engineer-Building - PWBNH
2025_ID_48921_1,6 (SOPD-G) 2025-26 Date_28_11.2025,"Extension, Renovation and Modernization (ERM) of Kaldiya FIS (Phase-1) under SOPD-G for the year 2025-26 under Tihu Bajali Division (Irrigation), Tihu, Assam","Extension, Renovation and Modernization (ERM) of Kaldiya FIS (Phase-1) under SOPD-G for the year 2025-26 under Tihu Bajali Division (Irrigation), Tihu, Assam",Works,Open Tender,Item Rate,Civil Works,No,No,NA ,28-Nov-2025 06:00 PM,03-Dec-2025 02:00 PM ,180.0,No ,No,Online,23-Dec-2025 10:00 AM,Irrigation Department||Chief Engineer(Major)-Irrigation Dept,Tihu,781371.0,2.0,"7,42,66,009",ASHOK KUMAR BAJAJ,"74,162,795",Rejected-Finance,25-Feb-2026,Irrigation Department||Chief Engineer(Major)-Irrigation Dept
2025_PWD_47964_1,Pontoon Bridge-Dharapur-2timeRe-bid,Construction of Pontoon Bridge at Dharapur Majir Gaon -2ndtime Rebid,Construction of Pontoon Bridge at Dharapur Majir Gaon Embankment Road (Mojuli) to Rani Chapari Char under SOPD(G) for the year 2025-26,Works,Open Tender,Item Rate,Civil Works – Roads,No,No,NA ,10-Oct-2025 06:00 PM,NA ,180.0,No ,No,Online,16-Oct-2025 02:30 PM,Public Works Roads Department,Guwahati,781014.0,2.0,"2,34,59,720",ANIL DAS CONSTRUCTION PVT LTD,"23,459,406",Accepted-AOC,23-Feb-2026,Public Works Roads Department
2025_PWD_48556_28,ARRBP/BR/01/2024/E696387/41,West Karbi Anglong/08 i) Br. No. 4/1 on Road from Sikdamakha to Pantaloo,CE/EAP/ARRBP/OCB/Bridge1/West Karbi Anglong/08 Construction of Bridge in West Karbi Anglong district i) Br. No. 4/1 on Road from Sikdamakha to Pantaloo,Works,Open Tender,Item Rate,Civil Works - Bridges,No,No,NA ,14-Nov-2025 09:00 AM,21-Nov-2025 11:00 AM ,90.0,No ,No,Online,28-Nov-2025 02:30 PM,Public Works Roads Department,West Karbi Anglong District,782485.0,2.0,"1,41,58,000",Naba Kanta Bora,"13,465,066",Rejected-Finance,21-Feb-2026,Public Works Roads Department
2025_PWD_49573_36,CE/Commn/192/PDNA/2025-26/02,PDNA/ Darrang/07,"Recovery and Reconstruction of MM Road (Namkhola) to Jhargaon KK connecting Road via Athiabari (Length 1.700 km) under NDRF(PDNA-2022) for the year 2025-26, Sipajhar LAC",Works,Open Tender,Item Rate,Civil Works – Roads,No,No,NA ,23-Dec-2025 06:30 PM,26-Dec-2025 04:00 PM ,180.0,No ,No,Online,05-Jan-2026 02:30 PM,Public Works Roads Department,Sipajhar,784145.0,2.0,"1,84,39,310",Tribeni Associates,"18,437,310",Rejected-AOC,25-Feb-2026,Public Works Roads Department
2025_PWD_45408_23,CE/DEV/TB/60/2025-26/01 Dtd- 21.06.2025,"MMPPNA_RIDF_XXXI_25_26_55 Construction of (i) Construction of Bayanchuk (Indra Tiniali) to Balijan Iron bridge connecting road from CH. 0.00m to Ch. 1400.00m, (ii) Construction of Bhajoni Road to Ramkanai connecting road from CH. 0.00m to Ch. 1500.00","MMPPNA_RIDF_XXXI_25_26_55 Construction of (i) Construction of Bayanchuk (Indra Tiniali) to Balijan Iron bridge connecting road from CH. 0.00m to Ch. 1400.00m, (ii) Construction of Bhajoni Road to Ramkanai connecting road from CH. 0.00m to Ch. 1500.00",Works,Open Tender,Item Rate,Civil Works – Roads,No,No,NA ,09-Jul-2025 09:00 AM,17-Jul-2025 12:00 PM ,180.0,No ,No,Online,28-Jul-2025 02:30 PM,Public Works Roads Department,Duliajan,786602.0,2.0,"4,02,14,000",JUN GOGOI,"40,213,000",Accepted-AOC,10-Feb-2026,Public Works Roads Department
2025_PWD_45926_104,CE/DEV/TB/60/2025-26/06 Dtd- 14.07.2025,"MMPPNA_RIDF_XXXI_25_26_190 Construction of road from (1) Rashigaon via Maa Bhagavati Mandir to Rakhal Mandir, (2) Dhontola Kacharapara road to Birpara Sojinabhita Road, (3) Janakalyan Library Club to Dangtol Bidyapur Road and (4) Barchara ICBP Road t","MMPPNA_RIDF_XXXI_25_26_190 Construction of road from (1) Rashigaon via Maa Bhagavati Mandir to Rakhal Mandir, (2) Dhontola Kacharapara road to Birpara Sojinabhita Road, (3) Janakalyan Library Club to Dangtol Bidyapur Road and (4) Barchara ICBP Road t",Works,Open Tender,Item Rate,Civil Works – Roads,No,No,NA ,30-Jul-2025 06:00 PM,04-Aug-2025 12:00 PM ,180.0,No ,No,Online,14-Aug-2025 02:30 PM,Public Works Roads Department,Bongaigaon,783380.0,2.0,"4,05,21,000",RABIN CHANDRA SARKAR,"40,520,000",Accepted-AOC,02-Feb-2026,Public Works Roads Department
2025_PWD_49573_22,CE/Commn/192/PDNA/2025-26/02,PDNA/Hojai/03,Recovery and Reconstruction of Bajrapur to Barafuti Road from Ch. 0.00m to Ch. 2000.00m under NDRF (PDNA-2022) for the year 2025-26 in Hojai District of Binnakandi LAC,Works,Open Tender,Item Rate,Civil Works – Roads,No,No,NA ,23-Dec-2025 02:00 PM,26-Dec-2025 04:00 PM ,180.0,No ,No,Online,05-Jan-2026 02:30 PM,Public Works Roads Department,Hojai,782435.0,2.0,"1,15,00,000",M/S GANGOTRI ENTERPRISE,"11,499,500",Accepted-AOC,27-Feb-2026,Public Works Roads Department
2025_PWD_45408_37,CE/DEV/TB/60/2025-26/01 Dtd- 21.06.2025,"MMPPNA_RIDF_XXXI_25_26_20 Construction of Road from (i) Bikrampur to Dolin Basumatari Chuburi from Ch.0.00m to 1600.00m (Length 1.60 km), (ii) Narayanpur Tatibahar Road to Singia PWD via Stadium from Ch.0.00m to 1890.00m (Length 1.89 km), (iii) Lakhi","MMPPNA_RIDF_XXXI_25_26_20 Construction of Road from (i) Bikrampur to Dolin Basumatari Chuburi from Ch.0.00m to 1600.00m (Length 1.60 km), (ii) Narayanpur Tatibahar Road to Singia PWD via Stadium from Ch.0.00m to 1890.00m (Length 1.89 km), (iii) Lakhi",Works,Open Tender,Item Rate,Civil Works – Roads,No,No,NA ,09-Jul-2025 03:00 PM,17-Jul-2025 12:00 PM ,180.0,No ,No,Online,28-Jul-2025 02:30 PM,Public Works Roads Department,Bihpuria,784161.0,2.0,"5,87,87,000",Bharat Borah,"58,785,937",Accepted-AOC,05-Feb-2026,Public Works Roads Department
2025_UDD_48472_1,SMB/GEN/15 FC (UNTIED)/2025-26/979,"Renovation of Sambhu Sagar Park, Ward No-14, Sribhumi, Under 15th FC (Untied Grant) for the year 2024-25","Renovation of Sambhu Sagar Park, Ward No-14, Sribhumi, Under 15th FC (Untied) for the year 2024-25",Works,Open Tender,Works,Miscellaneous Works,No,No,NA ,07-Nov-2025 05:00 PM,NA ,180.0,No ,No,Online,01-Dec-2025 12:00 PM,Urban Development Department||Directorate of Municipality Administration - UDD||Karimganj Municipal Board,"Sribhumi, Assam",788710.0,2.0,"47,14,213",SUPRIYO DAS,"4,242,791.7",Rejected-AOC,04-Feb-2026,Urban Development Department||Directorate of Municipality Administration - UDD||Karimganj Municipal Board
2025_ID_47722_1,DDI_TECH_E-TNDR_164_Pt-I/12,Installation of 5 Pts STW Scheme under SOPD-G during the year 2025-26,Installation of 5 Pts STW Scheme under SOPD-G during the year 2025-26,Works,Open Tender,Item Rate,Civil Works,No,No,NA ,26-Sep-2025 06:00 PM,04-Oct-2025 02:00 PM ,180.0,No ,No,Online,27-Oct-2025 12:00 PM,Irrigation Department||Chief Engineer(Minor Irrigation)-Irrigation Dept||Kamrup Circle||Dispur Division,Sonapur,782403.0,2.0,"33,40,153",A D CONSTRUCTION,"601,227",Accepted-AOC,04-Feb-2026,Irrigation Department||Chief Engineer(Minor Irrigation)-Irrigation Dept||Kamrup Circle||Dispur Division
2026_BTC_50196_1,No.10/ACE/PWD/BTC/2025-26/15,Installation of 5 (Five) Nos. of Digital Hoardings in the Kokrajhar District Head Quarter of Bodoland Territorial Region. TN_39_02R,Installation of 5 (Five) Nos. of Digital Hoardings in the Kokrajhar District Head Quarter of Bodoland Territorial Region. TN_39_02R,Works,Open Tender,Item Rate,Civil Works - Building,No,No,NA ,13-Jan-2026 10:00 AM,NA ,180.0,No ,No,Online,03-Feb-2026 02:00 PM,Bodoland Territorial Council-PWD||Director Cum CHD - PWD BTC,Kokrajhar,783370.0,2.0,"1,17,88,338",B N ENTERPRISE,"11,787,892.21",Accepted-AOC,20-Feb-2026,Bodoland Territorial Council-PWD||Director Cum CHD - PWD BTC
2025_UDD_49736_1,NMB.VII38APARTII/2025-26/302,Construction of RCC Covered Drain cum footpath from Ch.0.00 m to Ch.500.00 m including re-construction of RCC Box Culvert No.1/1 and 1/2 on Bidya Baruah Road and construction of New RCC Box Culvert on MG road,Construction of RCC Covered Drain cum footpath from Ch.0.00 m to Ch.500.00 m including re-construction of RCC Box Culvert No.1/1 and 1/2 on Bidya Baruah Road and construction of New RCC Box Culvert on MG road,Works,Open Tender,Item Rate,Civil Works,No,No,NA ,30-Dec-2025 02:30 PM,NA ,180.0,No ,No,Online,20-Jan-2026 03:00 PM,Urban Development Department||Directorate of Municipality Administration - UDD||Nagaon Municipal Board,Nagaon,782001.0,2.0,"1,03,93,700",PARDEEP KUMAR JAIN,"10,393,693.06",Rejected-Technical,21-Feb-2026,Urban Development Department||Directorate of Municipality Administration - UDD||Nagaon Municipal Board
2025_AEGCL_48032_1,NIT 303 Dated 16/10/2025,"Earth filling and Construction of Approach Road, RCC Drain, External Boundary wall, MS Gate","Earth filling and Construction of Approach Road, RCC Drain, External Boundary wall, MS Gate at Newly Acquired land of 132 33kV Tangla GSS, AEGCL",Works,Open Tender,Works,Civil Works,No,No,NA ,16-Oct-2025 09:00 AM,NA ,180.0,No ,No,Online,11-Nov-2025 01:00 PM,Assam Electricity Grid Corporation Ltd||CGM (T and T),132kV Tangla GSS,784521.0,2.0,"21,22,984",DIPAK DAS,"1,616,760",Accepted-AOC,09-Feb-2026,Assam Electricity Grid Corporation Ltd||CGM (T and T)
2026_PWBNH_50358_1,SE/BII/Shelve cupbrd_Judge,"Installation of wooden shelves_cupboards in all Court rooms and office rooms in the District and Sessions Judge campus, Kamrup M, Guwahati","Installation of wooden shelves_cupboards in all Court rooms and office rooms in the District and Sessions Judge campus, Kamrup M, Guwahati",Works,Open Tender,Item Wise,Civil Works - Building,No,No,NA ,20-Jan-2026 12:00 PM,28-Jan-2026 12:00 PM ,180.0,No ,No,Online,11-Feb-2026 11:30 AM,Public Works Building and NH Department||Chief Engineer-Building - PWBNH||SE-Guwahati Circle-2 - PWBNH,"paltanbazar, guwahati",781001.0,2.0,"79,62,831",M/S D.M. INFRA DEVELOPER,"8,350,797",Accepted-AOC,23-Feb-2026,Public Works Building and NH Department||Chief Engineer-Building - PWBNH||SE-Guwahati Circle-2 - PWBNH
