Tender ID,tender_externalreference,tender_title,Work Description,Tender Category,Tender Type,Form of contract,Product Category,Is Multi Currency Allowed For BOQ,Allow Two Stage Bidding,Independent External Monitor/Remarks,Published Date,Pre Bid Meeting Date,Bid Validity(Days),Should Allow NDA Tender,Allow Preferential Bidder,Payment Mode,Bid Opening Date,Organisation Chain,location,Pincode,No of Bids Received,Tender Value in ₹,Bidder Name,Awarded Value,Status,Contract Date :,Department
2025_PWD_47955_1,Tech/NDTRD/NIT/1028/2931,Tihu_SOPD-G_2025-26_01,"Construction of Road from Piyadapara Supa road, Road from Chamata Barnibari road to Mudiarpara suburi, Belsor Jariyapara Suburi and Belsor Irrigation office to Belsor PHE road under SOPD-G for the year 2025-26.",Works,Open Tender,Item Rate,Civil Works – Roads,No,No,NA ,13-Oct-2025 10:30 AM,NA ,180.0,No ,No,Online,04-Nov-2025 10:30 AM,Public Works Roads Department,Nalbari,781335.0,2.0,"66,78,000",Sri Tiken Ch. Barman,"6,677,400",Rejected-Finance,06-May-2026,Public Works Roads Department
2025_NHM_49709_28,I/1373076/2025,"Construction of New PHC at Kehutoli in Lakhimpur District under XV-FC Health Grant under NHM, Assam.","Construction of New PHC at Kehutoli in Lakhimpur District under XV-FC Health Grant under NHM, Assam.",Works,Open Tender,Turn-key,Civil Works - Building,No,No,NA ,30-Dec-2025 04:00 PM,NA ,225.0,No ,No,Online,20-Jan-2026 03:30 PM,National Health Mission||State Programme Management Unit - NHM,Lakhimpur,787001.0,2.0,"2,42,82,945",Sri Nitul Kumar Rabha,"24,272,046",Rejected-AOC,05-May-2026,National Health Mission||State Programme Management Unit - NHM
2025_BTC_49345_1,No.ACE-22/PWD/NIT/GW/25-26/19,"Construction of Road at Joypur-Bhatipara village under Bhatipara VCDC by providing Earth fling, GSB, WBM-II - III, ICBP and CD works under CMs Goodwill Mission Project RIDF-XXXI of NABARD for the year 2025-26. TN_67KOK_RIDF-XXXI-36","Construction of Road at Joypur-Bhatipara village under Bhatipara VCDC by providing Earth fling, GSB, WBM-II - III, ICBP and CD works under CMs Goodwill Mission Project RIDF-XXXI of NABARD for the year 2025-26. TN_67KOK_RIDF-XXXI-36",Works,Open Tender,Item Rate,Civil Works – Roads,No,No,NA ,15-Dec-2025 12:00 PM,NA ,180.0,No ,No,Online,07-Jan-2026 11:00 AM,Bodoland Territorial Council-PWD||Director Cum CHD - PWD BTC,Kokrajhar,783370.0,2.0,"1,25,99,542",Gautam Brahma,"12,599,340",Accepted-AOC,27-May-2026,Bodoland Territorial Council-PWD||Director Cum CHD - PWD BTC
2025_NHM_49709_14,I/1373076/2025,"Construction of New PHC at Dighaljar SD in HOJAI District under XV-FC Health Grant under NHM, Assam.","Construction of New PHC at Dighaljar SD in HOJAI District under XV-FC Health Grant under NHM, Assam.",Works,Open Tender,Turn-key,Civil Works - Building,No,No,NA ,30-Dec-2025 04:00 PM,NA ,225.0,No ,No,Online,20-Jan-2026 03:30 PM,National Health Mission||State Programme Management Unit - NHM,Hojai,782435.0,2.0,"2,42,82,945",M/S MAYUR ASSOCIATES,"24,282,000",Rejected-Finance,05-May-2026,National Health Mission||State Programme Management Unit - NHM
2025_BoTC_45771_1,DPRD/BTC/(SOPD)Udl-07/2025/14,Const. of road with EF and SG from Dangal basti pucca road to Ghagra Santipur connecting pucca road under SOPD for the year 2025-26.,DPRD/BTC/(SOPD)Udl-07/2025/14,Works,Open Tender,Item Rate,Civil Works,No,No,NA ,19-Jul-2025 12:00 PM,NA ,180.0,No ,No,Online,02-Aug-2025 02:30 PM,Bodoland Territorial Council||Panchayat and Rural Development-BTC,Udalguri,784509.0,2.0,"20,00,000",ALMA BASUMATARY,"1,997,946.58",Accepted-AOC,13-Aug-2025,Bodoland Territorial Council||Panchayat and Rural Development-BTC
2024_PWRDW_36849_12,RFB No. CEEAPARRBP111TENDERS2024-41,Construction of Bridge in Cachar district i.Br. on S. F. Road to Kanakpur Road,CE/EAP/ARRBP/OCB/Bridge-1/Cachar/05 Construction of Bridge in Cachar district i.Br. on S. F. Road to Kanakpur Road,Works,Open Tender,Item Rate,Civil Works,No,No,NA ,04-Mar-2024 06:55 PM,08-Mar-2024 11:00 AM ,90.0,No ,No,Online,10-Apr-2024 02:30 PM,Public Works Roads Department-Externally Aided Project||Public Works Road Department- World Bank Funded Tenders||Assam State Bridge Infrastructure Program,Cachar,788005.0,2.0,"1,44,96,000",SAMIM AKHTER CHOUDHURY,"13,434,406.95",Rejected-Technical,19-May-2026,Public Works Roads Department-Externally Aided Project||Public Works Road Department- World Bank Funded Tenders||Assam State Bridge Infrastructure Program
2025_BTC_49249_9,ACE-22/PWD/NIT/GOODWILL/25-26,Construction of CC Block road from BLIC PWD road to Power House Dhulabari PWD at Khatalpara under Deulkuchi VCDC under CMs Goodwill mission Project (RIDF-XXXI) for the year 2025-26. (Package No. TN_73_TML_RIDF-XXXI_09),Construction of CC Block road from BLIC PWD road to Power House Dhulabari PWD at Khatalpara under Deulkuchi VCDC under CMs Goodwill mission Project (RIDF-XXXI) for the year 2025-26.,Works,Open Tender,Item Rate,Civil Works – Roads,No,No,NA ,12-Dec-2025 10:00 AM,26-Dec-2025 12:00 PM ,180.0,No ,No,Online,03-Jan-2026 11:00 AM,Bodoland Territorial Council-PWD||Director Cum CHD - PWD BTC,Tamulpur,781367.0,2.0,"1,00,00,000",ABDUR REKIB,"9,999,635",Accepted-AOC,15-May-2026,Bodoland Territorial Council-PWD||Director Cum CHD - PWD BTC
2026_BoTC_50028_20,SE(R/B)/20-21/Pt-III/15,Package No.202_20,Recovery and Restoration of Khagrabari to Dahalahabi road under NDRF(PDNA-2022) in Udalguri District for the year 2025-26.,Works,Open Tender,Item Rate,Civil Works – Roads,No,No,NA ,07-Jan-2026 05:00 PM,NA ,180.0,No ,No,Online,27-Jan-2026 01:30 PM,Bodoland Territorial Council||PWD-BTC,Udalguri dist,784509.0,2.0,"21,33,000",ANSUMA BORO,"2,126,644",Accepted-AOC,05-May-2026,Bodoland Territorial Council||PWD-BTC
2025_DoWR_49792_1,SRIBHUMI/2025-26/PDNA/WORK/III,Restoration of flood damage of embankment along the left bank of river Longai at different reaches.,Restoration of flood damage of embankment along the left bank of river Longai at different reaches.,Works,Open Tender,Works,Civil Works,No,No,NA ,31-Dec-2025 02:00 PM,NA ,180.0,No ,No,Online,13-Jan-2026 03:00 PM,Department of Water Resources||Chief Engineer - DoWR,SRIBHUMI,781034.0,2.0,"1,81,56,290",BIHUL UPADHYAY,"18,146,255.39",Accepted-AOC,26-May-2026,Department of Water Resources||Chief Engineer - DoWR
2026_BTC_50924_1,No.ACE-133/PWD/G.79/2025-26/65,"Repairing and Renovation of Malivita ME School, in Chirang District, BTC, Assam. Under WBD Department in BTC area. TN_107_16","Repairing and Renovation of Malivita ME School, in Chirang District, BTC, Assam. Under WBD Department in BTC area. TN_107_16",Works,Open Tender,Item Rate,Civil Works - Building,No,No,NA ,07-Feb-2026 12:00 PM,NA ,180.0,No ,No,Online,21-Feb-2026 02:00 PM,Bodoland Territorial Council-PWD||Director Cum CHD - PWD BTC,Kokrajhar,783370.0,2.0,"54,27,228",Nirma Basumatary,"5,425,764.99",Rejected-AOC,25-May-2026,Bodoland Territorial Council-PWD||Director Cum CHD - PWD BTC
2026_GMC_50622_28,GER/CE/2525/2025/Part-I/ 9 Date_ 22 /01/2026,Package No. DSLT-Div-III/3,"Cleaning, Desilting and Maintenance of Drains (Package No. DSLT-Div-III/3) under Mitigation of Urban Flood in Guwahati City under Guwahati Municipal Corporation for the year 2026",Works,Open Tender,Lump-sum,Miscellaneous Works,No,No,NA ,04-Feb-2026 05:00 PM,05-Feb-2026 12:00 PM ,120.0,No ,No,Online,16-Feb-2026 02:30 PM,Guwahati Municipal Corporation,Guwahati,781006.0,2.0,"44,87,000",DIPAK SARMA AND PANKAJ DEKA JV,"3,240,960.1",Accepted-AOC,06-May-2026,Guwahati Municipal Corporation
2025_NHM_49329_4,NHM/ECF/254257,Construction of Sub Health Centre at Various places of Assam Under XV FC Health Grant for FY 2023 24 Under NHM Assam 4 nos scheme in Chirang district,Construction of Sub Health Centre at Various places of Assam Under XV FC Health Grant for FY 2023 24 Under NHM Assam 4 nos scheme in Chirang district,Works,Open Tender,Turn-key,Civil Works - Building,No,No,NA ,13-Dec-2025 09:00 AM,NA ,180.0,No ,No,Online,29-Dec-2025 12:00 PM,National Health Mission||State Programme Management Unit - NHM,Chirang district,781001.0,2.0,"2,08,11,476",SURAJIT SAHA,"20,395,000",Rejected-Technical,13-May-2026,National Health Mission||State Programme Management Unit - NHM
2026_GMC_50622_14,GER/CE/2525/2025/Part-I/ 9 Date_ 22 /01/2026,Package No. DSLT-Div-I/14,"Cleaning, Desilting and Maintenance of Drains (Package No. DSLT-Div-I/14) under Mitigation of Urban Flood in Guwahati City under Guwahati Municipal Corporation for the year 2026",Works,Open Tender,Lump-sum,Miscellaneous Works,No,No,NA ,03-Feb-2026 06:50 PM,05-Feb-2026 12:00 PM ,120.0,No ,No,Online,16-Feb-2026 02:30 PM,Guwahati Municipal Corporation,Guwahati,781006.0,2.0,"28,56,000",MRIGANKA BHARALI,"2,002,056",Accepted-AOC,06-May-2026,Guwahati Municipal Corporation
2026_WPTBC_51456_1,SCDCSonowalKachari2026,"Construction of Additional Classroom at Sonowal Kachari High Secondary School, Dist.Majuli","Construction of Additional Classroom at Sonowal Kachari High Secondary School, Dist.Majuli",Works,Open Tender,Item Rate,Civil Works,No,No,NA ,23-Feb-2026 04:00 PM,NA ,180.0,No ,No,Online,28-Feb-2026 03:00 PM,Welfare of Plain Tribes and Backward Classes||Directorate of Welfare of Scheduled Caste||Assam State Development Corporation for SC,"DISPUR, GHY-06",781006.0,2.0,"25,00,000",JYOTI PRASAD PATIR,"2,250,000",Accepted-AOC,20-May-2026,Welfare of Plain Tribes and Backward Classes||Directorate of Welfare of Scheduled Caste||Assam State Development Corporation for SC
2026_GMC_49943_2,GER/CE/2505/2025/34 Dated_30/12/2025,Construction of Community Hall under Ward No.7,Construction of Various Community Hall under Guwahati Municipal Corporation,Works,Open Tender,Lump-sum,Civil Works,No,No,NA ,05-Jan-2026 04:00 PM,06-Jan-2026 12:00 PM ,120.0,No ,No,Online,29-Jan-2026 02:30 PM,Guwahati Municipal Corporation,Guwahati,781006.0,2.0,,M/S MAZUMDAR ENTERPRISES,"1,689,800",Accepted-AOC,06-May-2026,Guwahati Municipal Corporation
2026_BTC_51839_1,No.08/ACE/BTC/KOKR/2025-26/04,Construction of RCC Box Cell Bridge on Srirampur BT Road to KS road at Ballomjhora along with Boulder Protection in both side approaches for the year 2025-26. (Package No. TN_130_01),Construction of RCC Box Cell Bridge on Srirampur BT Road to KS road at Ballomjhora along with Boulder Protection in both side approaches for the year 2025-26. (Package No. TN_130_01),Works,Open Tender,Item Rate,Civil Works – Roads,No,No,NA ,10-Mar-2026 10:00 AM,NA ,180.0,No ,No,Online,31-Mar-2026 02:00 PM,Bodoland Territorial Council-PWD||Director Cum CHD - PWD BTC,Kokrajhar,783370.0,2.0,"2,17,06,910",Ajit Narzary,"21,706,907.23",Accepted-AOC,21-May-2026,Bodoland Territorial Council-PWD||Director Cum CHD - PWD BTC
2025_PWD_47542_10,CE/STBR/SOPD G/NIT/07/2025-26/21 Dated 04-09-2025,"STBR/SOPD-G/Jagiroad-11/55 1. Improvement of road from NH-37 at Dagaon Sidhabari Road, 2. Improvement of road from Homen Borgohain Road to Balimukh PGR and 3. Improvement of road from Hatigarh Tiniali to West Jurahat Road under SOPD-G in Morigaon","STBR/SOPD-G/Jagiroad-11/55 1. Improvement of road from NH-37 at Dagaon Sidhabari Road, 2. Improvement of road from Homen Borgohain Road to Balimukh PGR and 3. Improvement of road from Hatigarh Tiniali to West Jurahat Road under SOPD-G in Morigaon",Works,Open Tender,Item Rate,Civil Works – Roads,No,No,NA ,16-Sep-2025 05:00 PM,18-Sep-2025 11:00 AM ,180.0,No ,No,Online,26-Sep-2025 11:00 AM,Public Works Roads Department,Jagiroad,782410.0,2.0,"20,85,000",AKSHAY KUMAR DEKA,"2,084,000",Accepted-AOC,06-May-2026,Public Works Roads Department
2025_NHM_47264_1,NHM-32023/47/2023-Cons,"Construction of Buildingless Sub Health Centre in Bagori SC in Nagaon District under PM ABHIM for FY 2021-22 under NHM, Assam on Turnkey Basis","Construction of Buildingless Sub Health Centre in Bagori SC in Nagaon District under PM ABHIM for FY 2021-22 under NHM, Assam on Turnkey Basis",Works,Open Tender,Turn-key,Civil Works - Building,No,No,NA ,04-Sep-2025 12:00 PM,NA ,180.0,No ,No,Online,16-Sep-2025 03:30 PM,National Health Mission||State Programme Management Unit - NHM,Nagaon,782001.0,2.0,"52,03,000",Abu Nasar Ansary,"5,196,000",Accepted-AOC,26-May-2026,National Health Mission||State Programme Management Unit - NHM
2025_BTC_49258_1,No.ACE-22/PWD/NIT/GW/25-26/17,Construction of ICBP road from Kumguri Nepali Basti to Jamguri Boro Basti Road from Ch.0.00 Km to Ch.1.61 Km Length 1.61 Km under CMs Goodwill Mission Project under SOPD for the year 2025-26. TN_66KOK_SOPD-13,Construction of ICBP road from Kumguri Nepali Basti to Jamguri Boro Basti Road from Ch.0.00 Km to Ch.1.61 Km Length 1.61 Km under CMs Goodwill Mission Project under SOPD for the year 2025-26. TN_66KOK_SOPD-13,Works,Open Tender,Item Rate,Civil Works – Roads,No,No,NA ,15-Dec-2025 12:00 PM,NA ,180.0,No ,No,Online,06-Jan-2026 11:00 AM,Bodoland Territorial Council-PWD||Director Cum CHD - PWD BTC,Kokrajhar,783370.0,2.0,"1,33,99,505",THUNGRI KHAKLARY,"13,397,073.72",Rejected-AOC,13-May-2026,Bodoland Territorial Council-PWD||Director Cum CHD - PWD BTC
2026_GMDA_50706_1,GMDA/DEV/44/2021/85,Consultancy Services for Preparation of Detailed Cost Estimate and design for Assam State Institute of Urban Development under AUSDP,Consultancy Services for Preparation of Detailed Cost Estimate and design for Assam State Institute of Urban Development under AUSDP,Services,Open Tender,Lump-sum,Consultancy,No,No,NA ,02-Feb-2026 06:00 PM,NA ,180.0,No ,No,Online,23-Feb-2026 03:00 PM,Guwahati Metropolitan Development Authority||Guwahati Development Department - GMDA,GUWAHATI,781005.0,2.0,"75,00,00,000",Design Associates Inc,"19,800,000",Accepted-AOC,22-May-2026,Guwahati Metropolitan Development Authority||Guwahati Development Department - GMDA
2025_NHM_49402_2,NHM/ECF/700279,Construction of 1 no Doctor Quarter and 2 nos Nurses Quarter (A/T) at Lakhijuri MPHC in Golaghat District under NHM Assam Balance work,Construction of 1 no Doctor Quarter and 2 nos Nurses Quarter (A/T) at Lakhijuri MPHC in Golaghat District under NHM Assam Balance work,Works,Open Tender,Item Rate,Civil Works - Building,No,No,NA ,16-Dec-2025 03:50 PM,NA ,180.0,No ,No,Online,22-Dec-2025 12:00 PM,National Health Mission||State Programme Management Unit - NHM,Golaghat,785621.0,2.0,"24,70,973",SRI RAJIB HAZARIKA,"2,396,800",Rejected-Finance,18-May-2026,National Health Mission||State Programme Management Unit - NHM
2025_PWD_46685_33,CE/DEV/TB/60/2025-26/13 Dtd- 31.07.2025,MMPPNA_RIDF_XXXI_25_26_375 Construction of Road from Dokmoka to Phuloni via Basateplong gaon under Mukhya Mantrir Pakipath Nirman Achani (MMPPNA) under RIDF - XXXI of NABARDfor the Year 2025-26,MMPPNA_RIDF_XXXI_25_26_375 Construction of Road from Dokmoka to Phuloni via Basateplong gaon under Mukhya Mantrir Pakipath Nirman Achani (MMPPNA) under RIDF - XXXI of NABARDfor the Year 2025-26,Works,Open Tender,Item Rate,Civil Works – Roads,No,No,NA ,21-Aug-2025 02:00 PM,21-Aug-2025 03:00 PM ,180.0,No ,No,Online,09-Sep-2025 02:30 PM,Public Works Roads Department,Karbi Anglong,782410.0,2.0,"2,02,89,000",BIJAY DAS,"20,276,364",Rejected-Finance,04-May-2026,Public Works Roads Department
2025_UDD_49707_1,ASHB/Tech/1398/2025/165/2097,"Construction of G4 Storied RCC Office Building of ASHB at Ghoramara, Borsajai, Guwahati, Assam","Construction of G4 Storied RCC Office Building of ASHB at Ghoramara, Borsajai, Guwahati, Assam",Works,Open Tender,Works,Civil Works - Building,No,No,NA ,29-Dec-2025 06:00 PM,03-Jan-2026 11:00 AM ,180.0,No ,No,Online,26-Jan-2026 01:00 PM,Urban Development Department||Assam State Housing Board - UDD,Guwahati,781028.0,2.0,"5,62,34,340",Bora Electricals,"55,279,458",Accepted-AOC,13-May-2026,Urban Development Department||Assam State Housing Board - UDD
2025_DoWR_49082_1,BARPETA/2025-26/SOPD-G/II,Protection of Colony bazaar and Kayakuchi gaon areas from the erosion of river Pahumara on its B/B.,Protection of Colony bazaar and Kayakuchi gaon areas from the erosion of river Pahumara on its B/B.,Works,Open Tender,Works,Civil Works,No,No,NA ,05-Dec-2025 06:55 PM,NA ,180.0,No ,No,Online,26-Dec-2025 03:00 PM,Department of Water Resources||Chief Engineer - DoWR,Barpeta,781301.0,2.0,"1,99,99,710",Jiten Kalita,"19,990,880.12",Rejected-AOC,22-May-2026,Department of Water Resources||Chief Engineer - DoWR
2025_PWD_46191_37,CE/DEV/TB/122/2025-26/1 Dtd- 01.08.2025,BTR_RIDF_XXXI_25_26_08 (1) Construction of road from Bhawraguri Rajadabri road to Kurshakati (Ch. 0.00m to Ch. 1500.00m) by providing SDBC (2) Construction of Sejari-Koklingbari road (3) Construction of road from Bhawraguri Chithila road to North Kha,BTR_RIDF_XXXI_25_26_08 (1) Construction of road from Bhawraguri Rajadabri road to Kurshakati (Ch. 0.00m to Ch. 1500.00m) by providing SDBC (2) Construction of Sejari-Koklingbari road (3) Construction of road from Bhawraguri Chithila road to North Kha,Works,Open Tender,Item Rate,Civil Works – Roads,No,No,NA ,07-Aug-2025 01:00 PM,11-Aug-2025 12:00 PM ,180.0,No ,No,Online,14-Aug-2025 02:30 PM,Public Works Roads Department,Baokhungri,783370.0,2.0,"5,39,04,000",TAMESWAR BASUMATARY,"53,900,000",Rejected-Finance,18-May-2026,Public Works Roads Department
2026_PHED_51759_1,SEPH/GC/TB-152/Vol-41/25-26,"Construction of G plus 1 Chemical house for storing of Chemicals like bleaching powder, alum, lime etc within Store and Workshop Division, PHE Complex, Betkuchi,Guwahati 35","Construction of G plus 1 Chemical house for storing of Chemicals like bleaching powder, alum, lime etc within Store and Workshop Division, PHE Complex, Betkuchi,Guwahati 35 under SOPD-G for the year 2024-25",Works,Open Tender,Item Rate,Civil Works - Building,No,No,NA ,09-Mar-2026 04:00 PM,16-Mar-2026 02:00 PM ,180.0,No ,No,Online,31-Mar-2026 03:00 PM,Public Health Engineering Department||Chief Engineer PHE(P)-Assam-PHED||Lower Assam Zone-Guwahati-PHED||Guwahati Circle-Guwahati-PHED,Betkuchi,781035.0,2.0,"1,27,92,000",JATIN CHANDRA BARUAH,"12,128,476",Rejected-Finance,16-May-2026,Public Health Engineering Department||Chief Engineer PHE(P)-Assam-PHED||Lower Assam Zone-Guwahati-PHED||Guwahati Circle-Guwahati-PHED
2026_DoWR_50363_1,NORTH LAKHIMPUR/2025-26/ PDNA/WORK/III,"Restoration of flood damage for PDNA 2022 along Kakoi R/B embankment from Ch. 8,210m to Ch. 9,500m.","Restoration of flood damage for PDNA 2022 along Kakoi R/B embankment from Ch. 8,210m to Ch. 9,500m.",Works,Open Tender,Works,Civil Works,No,No,NA ,20-Jan-2026 09:00 AM,NA ,180.0,No ,No,Online,30-Jan-2026 03:00 PM,Department of Water Resources||Chief Engineer - DoWR,North Lakhimpur,787001.0,2.0,"84,66,645",LALBABU MAHATO,"8,466,643.92",Accepted-AOC,19-May-2026,Department of Water Resources||Chief Engineer - DoWR
2025_GMC_47288_22,GER/CE/2505/2025/6 Dated_01/09/2025,Construction of Toilet under Ward No.27,Construction of Toilet under Ward No.27,Works,Open Tender,Lump-sum,Civil Works,No,No,NA ,06-Sep-2025 06:15 PM,08-Sep-2025 12:00 PM ,120.0,No ,No,Online,07-Oct-2025 02:30 PM,Guwahati Municipal Corporation,Guwahati,781006.0,2.0,,Rakib Hussain,"1,700,000",Accepted-AOC,07-May-2026,Guwahati Municipal Corporation
2025_DoWR_49383_1,N LAKHIMPUR/2025-26/SOPD G/IV,Construction of New embankment on R/b of Ranganadi from Railway line to NH-15 Bridge guide bund including construction of double shutter sluice gate.,Construction of New embankment on R/b of Ranganadi from Railway line to NH-15 Bridge guide bund including construction of double shutter sluice gate.,Works,Open Tender,Works,Civil Works,No,No,NA ,15-Dec-2025 06:55 PM,NA ,180.0,No ,No,Online,31-Dec-2025 03:00 PM,Department of Water Resources||Chief Engineer - DoWR,N LAKHIMPUR,787001.0,2.0,"3,97,06,788",LALBABU MAHATO,"39,706,785.6",Accepted-AOC,02-May-2026,Department of Water Resources||Chief Engineer - DoWR
2025_PWD_46685_7,CE/DEV/TB/60/2025-26/13 Dtd- 31.07.2025,"MMPPNA_RIDF_XXXI_25_26_409 Construction By ICBP of a road from (1)Assam Mala Road to Sara Engti Gaon, (2)Makoirom PMGSY road to Ningkreng Village, (3)Langhemphi to Langkungvai under MMPPNA of RIDF-XXXI for the year 2025-26","MMPPNA_RIDF_XXXI_25_26_409 Construction By ICBP of a road from (1)Assam Mala Road to Sara Engti Gaon, (2)Makoirom PMGSY road to Ningkreng Village, (3)Langhemphi to Langkungvai under MMPPNA of RIDF-XXXI for the year 2025-26",Works,Open Tender,Item Rate,Civil Works – Roads,No,No,NA ,19-Aug-2025 06:00 PM,21-Aug-2025 12:00 PM ,180.0,No ,No,Online,09-Sep-2025 02:30 PM,Public Works Roads Department,Karbi Anglong,782410.0,2.0,"5,44,00,000",M/S N.N. CONSTRUCTION,"54,400,000",Rejected-Finance,19-May-2026,Public Works Roads Department
2025_PWD_45827_68,CE/MAINT/SOPDG/01/2025-26/02,MAINT/SOPD-G/2025-26/77,"MAINT/SOPD-G/2025-26/77_1Improvement of (GWC) road from Kholabandha River PHC road to Kholabandha High School,2Improvement of (GWC) road from road from Janapriya Bazar to Pathimari via Kholabandha from Ch 000m to Ch 130000m),3Improvement of (GWC) roa",Works,Open Tender,Item Rate,Civil Works – Roads,No,No,NA ,24-Jul-2025 09:00 AM,24-Jul-2025 12:00 PM ,180.0,No ,No,Online,14-Aug-2025 11:00 AM,Public Works Roads Department,Barpeta,781301.0,2.0,"1,26,70,000",Dilip Barman,"10,832,850",Rejected-Finance,13-May-2026,Public Works Roads Department
2025_PWBNH_49303_1,SBC/CS/2025-26/07,"Land development, internal Road Internal drains Septic Tanks Fencing and hume pipe culvert on residential accommodation of 173 displaced families of Daloo Tea Estate Cachar","Civil, Sanitary and Water supply and Electrical Work and Road Work",Works,Open Tender,Item Rate,Civil Works - Building,No,No,NA ,15-Dec-2025 11:00 AM,20-Dec-2025 12:00 PM ,180.0,No ,No,Online,22-Dec-2025 04:00 PM,Public Works Building and NH Department||Chief Engineer-Building - PWBNH||SE-Silchar Circle - PWBNH,Daloo Tea Estate,788111.0,2.0,"1,21,17,509",MOHIT KUMAR BAID,"12,112,681",Rejected-AOC,24-Dec-2025,Public Works Building and NH Department||Chief Engineer-Building - PWBNH||SE-Silchar Circle - PWBNH
2025_PWD_45820_61,CE/STBR/SOPD-G/NIT/07/2025 26/1 Dated 26-06-2025,STBR/SOPD-G/Barhampur-04/33 Improvement of (1) Rangagarah to KA Road (2) KA road to Chapanala Bagan under SOPD-G for the year 2025-26,STBR/SOPD-G/Barhampur-04/33 Improvement of (1) Rangagarah to KA Road (2) KA road to Chapanala Bagan under SOPD-G for the year 2025-26,Works,Open Tender,Item Rate,Civil Works – Roads,No,No,NA ,28-Jul-2025 03:00 PM,30-Jul-2025 11:00 AM ,180.0,No ,No,Online,11-Aug-2025 11:00 AM,Public Works Roads Department,Barhampur,782102.0,2.0,"24,33,700",SAGARDEV GOSWAMI,"2,433,567",Rejected-AOC,20-May-2026,Public Works Roads Department
2026_PWBNH_50658_1,SE(B)/DBC/ITI/LHL/25-26/45-A,"Construction of Internal Road from ITI Lahowal Main Gate (existing) to ITI Lahowal Workshop (constructed as Centre of Excellence under upgradation of Government Polytechnic Institute and ITI in Assam), Lahowal, Construction of Internal Access Road w","Construction of Internal Road from ITI Lahowal Main Gate (existing) to ITI Lahowal Workshop (constructed as Centre of Excellence under upgradation of Government Polytechnic Institute and ITI in Assam), Lahowal, Construction of Internal Access Road w",Works,Open Tender,Item Rate,Civil Works - Building,No,No,NA ,31-Jan-2026 11:00 AM,11-Feb-2026 11:00 AM ,180.0,No ,No,Online,20-Feb-2026 03:00 PM,Public Works Building and NH Department||Chief Engineer-Building - PWBNH,LAHOWAL,786010.0,2.0,"29,82,695",M/S Chandan Gogoi,"3,100,755",Accepted-AOC,12-May-2026,Public Works Building and NH Department||Chief Engineer-Building - PWBNH
2025_UDD_45665_1,SMB-263/15th FC(Untied)/566,Restoration of Dikhow Bund,Restoration of Dikhow Bund,Works,Open Tender,Works,Civil Works,No,No,NA ,16-Jul-2025 06:00 PM,21-Jul-2025 01:00 PM ,90.0,No ,No,Online,08-Aug-2025 01:00 PM,Urban Development Department||Directorate of Municipality Administration - UDD||Simaluguri Municipal Board,"Simaluguri Town,ward no-01",785686.0,2.0,"21,06,000",BIKRAMJIT DUTTA,"2,000,700.02",Accepted-AOC,14-May-2026,Urban Development Department||Directorate of Municipality Administration - UDD||Simaluguri Municipal Board
2025_PWD_45827_40,CE/MAINT/SOPDG/01/2025-26/02,MAINT/SOPD-G/2025-26/50,"MAINT/SOPD-G/2025-26/50_Re-construction of 1 Sahpur-Kharzara road , 2 Re-construction of Batsor Bhalukar to Bagurihati High School , 3 Re-construction of Kharsitha - Madhupur road , 4 Re-construction of Ghopa to Saktipara and 5 Re-construction of Jal",Works,Open Tender,Item Rate,Civil Works – Roads,No,No,NA ,23-Jul-2025 04:00 PM,24-Jul-2025 12:00 PM ,180.0,No ,No,Online,14-Aug-2025 11:00 AM,Public Works Roads Department,Nalbari,781335.0,2.0,"2,51,55,000",Sri Bimal Jyoti Mahanta,"25,154,500",Rejected-Finance,19-May-2026,Public Works Roads Department
2026_APGCL_50045_1,APGCL/CGM (HnC)/2025-26/ KLHEP Road maintenance/12(38),"Repairing of Road at KLHEP, APGCL, West Karbi Anglong, Assam.","Repairing of Road with premix carpeting in main road of KLHEP entrance Gate and all Lengery colony minor roads at KLHEP, APGCL, West Karbi Anglong, Assam.",Works,Open Tender,Works,Civil Works – Roads,No,No,NA ,08-Jan-2026 10:00 AM,NA ,180.0,No ,No,Online,04-Feb-2026 03:00 PM,Assam Power Generation Company Limited,"KLHEP, APGCL, West Karbi Anglong, Assam",782450.0,2.0,"37,82,870",ABINASH KALITA,"3,124,595",Accepted-AOC,02-May-2026,Assam Power Generation Company Limited
2025_BTC_49248_11,ACE-22/PWD/NIT/GOODWILL/25-26,Construction of CC Block road from Anandi Medhi store to Sachi Nanda house at Hatigarh VCDC (Udalguri Dev. Block) under CMs Goodwill Project (RIDF-XXXI) for the year 2025-26 in BTC area. (Package No. TN_68_UDL_RIDF-XXXI_11),Construction of CC Block road from Anandi Medhi store to Sachi Nanda house at Hatigarh VCDC (Udalguri Dev. Block) under CMs Goodwill Project (RIDF-XXXI) for the year 2025-26 in BTC area.,Works,Open Tender,Item Rate,Civil Works – Roads,No,No,NA ,12-Dec-2025 10:00 AM,26-Dec-2025 12:00 PM ,180.0,No ,No,Online,03-Jan-2026 11:00 AM,Bodoland Territorial Council-PWD||Director Cum CHD - PWD BTC,Udalguri,784509.0,2.0,"99,99,499",Islam Qureshi,"9,998,969.01",Rejected-Technical,05-May-2026,Bodoland Territorial Council-PWD||Director Cum CHD - PWD BTC
2025_BTC_49248_10,ACE-22/PWD/NIT/GOODWILL/25-26,Construction of CC Block road from No.3 Fajnur Ahmed house to Kuhu Deka house No.2 Sonajuli Koborsthan road at Kalikhola VCDC (Bhergaon Dev. Block) under CMs Goodwill Project (RIDF-XXXI) for the year 2025-26. (Package No. TN_68_UDL_RIDF-XXXI_10),Construction of CC Block road from No.3 Fajnur Ahmed house to Kuhu Deka house No.2 Sonajuli Koborsthan road at Kalikhola VCDC (Bhergaon Dev. Block) under CMs Goodwill Project (RIDF-XXXI) for the year 2025-26 in BTC area.,Works,Open Tender,Item Rate,Civil Works – Roads,No,No,NA ,12-Dec-2025 10:00 AM,26-Dec-2025 12:00 PM ,180.0,No ,No,Online,03-Jan-2026 11:00 AM,Bodoland Territorial Council-PWD||Director Cum CHD - PWD BTC,Udalguri,784509.0,2.0,"99,99,926",Islam Qureshi,"9,998,999.12",Rejected-Technical,05-May-2026,Bodoland Territorial Council-PWD||Director Cum CHD - PWD BTC
2026_GMC_49939_1,GER/CE/2505/2025/37 Dated_30/12/2025,Construction of Community Public Toilet under Ward No.22,Construction of Various Toilet under Guwahati Municipal Corporation,Works,Open Tender,Lump-sum,Civil Works,No,No,NA ,05-Jan-2026 03:00 PM,06-Jan-2026 12:00 PM ,120.0,No ,No,Online,29-Jan-2026 02:30 PM,Guwahati Municipal Corporation,Guwahati,781006.0,2.0,,MOON ENTERPRISE,"1,958,000",Accepted-AOC,05-May-2026,Guwahati Municipal Corporation
2026_BTC_49933_1,No.25/PWD/IFB/BTC/2025-26/51,Reconstruction of road from Kerpavita to Singrimari Road under SOPD-G for the year 2025-26. BTR_SOPD_G_25_45,Reconstruction of road from Kerpavita to Singrimari Road under SOPD-G for the year 2025-26. BTR_SOPD_G_25_45,Works,Open Tender,Item Rate,Civil Works – Roads,No,No,NA ,05-Jan-2026 12:00 PM,NA ,180.0,No ,No,Online,28-Jan-2026 11:00 AM,Bodoland Territorial Council-PWD||Director Cum CHD - PWD BTC,Kokrajhar,783370.0,2.0,"34,00,962",Yahvi Enterprise,"3,400,634.28",Rejected-AOC,18-May-2026,Bodoland Territorial Council-PWD||Director Cum CHD - PWD BTC
2023_WPTBC_32599_1,SCDCTECHCHUTIA20232401,Extension of New Multilevel Building at Megzin Guwahati KamrupM,Extension of New Multilevel Building at Megzin Guwahati Kamrup M,Works,Limited,Item Rate,Civil Works,No,No,NA ,20-Sep-2023 05:00 PM,NA ,180.0,No ,No,Online,26-Sep-2023 04:00 PM,Welfare of Plain Tribes and Backward Classes||Directorate of Welfare of Scheduled Caste||Assam State Development Corporation for SC,Guwahati,780071.0,2.0,"1,50,00,000",PRANJAL GOGOI,"15,000,000",Rejected-AOC,16-May-2026,Welfare of Plain Tribes and Backward Classes||Directorate of Welfare of Scheduled Caste||Assam State Development Corporation for SC
2025_GMC_47288_23,GER/CE/2505/2025/6 Dated_01/09/2025,Construction of Toilet under Ward No.25,Construction of Toilet under Ward No.25,Works,Open Tender,Lump-sum,Civil Works,No,No,NA ,06-Sep-2025 06:20 PM,08-Sep-2025 12:00 PM ,120.0,No ,No,Online,07-Oct-2025 02:30 PM,Guwahati Municipal Corporation,Guwahati,781006.0,2.0,,DIPEN RONGHANG,"1,490,000",Accepted-AOC,07-May-2026,Guwahati Municipal Corporation
2025_PWD_47678_6,CE/DEV/TB/60/2025-26/40 Dtd- 16.09.2025,MMPPNA_RIDF_XXXI_25_26_533 (i) Improvement of Merabheti to upper Panjan Road.(ii) Panjan to Hirhiri via Ritvoching under Mukhya Mantrir Pakipath Nirman Achani (MMPPNA) under RIDF - XXXI of NABARD for the Year 2025-26,MMPPNA_RIDF_XXXI_25_26_533 (i) Improvement of Merabheti to upper Panjan Road.(ii) Panjan to Hirhiri via Ritvoching under Mukhya Mantrir Pakipath Nirman Achani (MMPPNA) under RIDF - XXXI of NABARD for the Year 2025-26,Works,Open Tender,Item Rate,Civil Works – Roads,No,No,NA ,26-Sep-2025 12:30 PM,26-Sep-2025 01:00 PM ,180.0,No ,No,Online,08-Oct-2025 02:30 PM,Public Works Roads Department,Howraghat,782481.0,2.0,"7,79,00,000",Sri Girin Chutia,"73,194,398",Rejected-Finance,13-May-2026,Public Works Roads Department
2026_DoWR_50676_1,DHAKUAKHANA/2025-26/ PDNA/WORK/II,Restoration of Sampora L/B embankment from Gurathali Chapori to Dhakuakhana PWD Road. Package 1,Restoration of Sampora L/B embankment from Gurathali Chapori to Dhakuakhana PWD Road. Package 1.,Works,Open Tender,Works,Civil Works,No,No,NA ,31-Jan-2026 06:00 PM,NA ,180.0,No ,No,Online,09-Feb-2026 03:00 PM,Department of Water Resources||Chief Engineer - DoWR,DHAKUAKHANA,787053.0,2.0,"1,67,95,643",PURNA CHCUTIA,"16,784,661.5",Rejected-AOC,11-May-2026,Department of Water Resources||Chief Engineer - DoWR
2025_BTC_49241_1,No.ACE-22/PWD/NIT/GOODWILL,Construction of Road from Poshlabari Ballamguri road to Simlaguri village under Borobazar TD Block in Chirang District under CMs Goodwill Mission Project in BTC area (RIDF-XXXI of NABARD) for the year 2025-26. TN_71_CHR_RIDF-XXXI_20,Construction of Road from Poshlabari Ballamguri road to Simlaguri village under Borobazar TD Block in Chirang District under CMs Goodwill Mission Project in BTC area (RIDF-XXXI of NABARD) for the year 2025-26. TN_71_CHR_RIDF-XXXI_20,Works,Open Tender,Item Rate,Civil Works – Roads,No,No,NA ,12-Dec-2025 10:00 AM,NA ,180.0,No ,No,Online,03-Jan-2026 02:00 PM,Bodoland Territorial Council-PWD||Director Cum CHD - PWD BTC,Chirang,783393.0,2.0,"1,99,98,248",Rupraj Borgoyary,"19,988,738.03",Accepted-AOC,20-May-2026,Bodoland Territorial Council-PWD||Director Cum CHD - PWD BTC
2026_PWD_51822_1,DRC.XIII/16/98/NIT/DIB/Pt-I,"Construction of ROB at 1st Km of Madhavpur Tippling Road at Railway Level Crossing Gate No ST 135 under Construction of ROBs on 50 50 cost sharing basis for the year 2017 18 (APDCL connection andmiscellaneous works under PWRD, Duliajan and Naharkatia",Construction of ROB at 1st Km of Madhavpur Tippling Road at Railway Level Crossing Gate No ST 135,Works,Open Tender,Item Rate,Electrical Works,No,No,NA ,10-Mar-2026 11:00 AM,NA ,180.0,No ,No,Online,26-Mar-2026 04:00 PM,Public Works Roads Department,Duliajan,786602.0,2.0,"62,86,459",M/s AB ENTERPRISE,"6,265,393",Accepted-AOC,22-May-2026,Public Works Roads Department
2026_NHM_51313_1,NHM/I/1443951/2026,"Construction of New PHC at Jaljali in Darrang District under XV-FC Health Grant under NHM, Assam.","Construction of New PHC at Jaljali in Darrang District under XV-FC Health Grant under NHM, Assam.",Works,Open Tender,Turn-key,Civil Works,No,No,NA ,18-Feb-2026 01:00 PM,NA ,225.0,No ,No,Online,03-Mar-2026 03:30 PM,National Health Mission||State Programme Management Unit - NHM,Darrang,784125.0,2.0,"2,42,82,945",M/s Tina Enterprise,"24,227,445",Accepted-AOC,11-May-2026,National Health Mission||State Programme Management Unit - NHM
2025_NHM_48189_1,NHM-32023/810/2023-Const-NHM,Construction of Buildingless Sub Health Centre in Garala SC in Barpeta District under PM ABHIM for FY 2022-23 under NHM on turnkey Basis,Construction of Buildingless Sub Health Centre in Garala SC in Barpeta District under PM ABHIM for FY 2022-23 under NHM on turnkey Basis,Works,Open Tender,Turn-key,Civil Works - Building,No,No,NA ,22-Oct-2025 06:00 PM,NA ,180.0,No ,No,Online,30-Oct-2025 03:30 PM,National Health Mission||State Programme Management Unit - NHM,Barpeta,781301.0,2.0,"52,03,000",HEMEN DEKA,"5,203,000",Accepted-AOC,11-May-2026,National Health Mission||State Programme Management Unit - NHM
2026_BTC_51985_1,No.ACE-106/PWD/IFB/PT-I/23-24,"Const. of Chirang and Baksa District connecting road from Bogidwara Muslim Basti to Hakuwa River via Abdaguri and Londonpara village road from Ch.0.00Km to Ch.2.00Km (Length - 2.00Km) with 1 No. RCC Box Culvert under SOPD in BTC area in Hakuwa VCDC,","Const. of Chirang and Baksa District connecting road from Bogidwara Muslim Basti to Hakuwa River via Abdaguri and Londonpara village road from Ch.0.00Km to Ch.2.00Km (Length - 2.00Km) with 1 No. RCC Box Culvert under SOPD in BTC area in Hakuwa VCDC,",Works,Open Tender,Item Rate,Civil Works – Roads,No,No,NA ,13-Mar-2026 05:00 PM,NA ,180.0,No ,No,Online,02-Apr-2026 02:00 PM,Bodoland Territorial Council-PWD||Director Cum CHD - PWD BTC,Chirang,783390.0,2.0,"1,65,54,336",THUNGRI KHAKLARY,"16,553,000",Rejected-AOC,18-May-2026,Bodoland Territorial Council-PWD||Director Cum CHD - PWD BTC
2025_DHTS_49655_1,SDW.1352/2025-26/44/1546 Dated 19/12/2025,"Installation of Deep Tube Well along with Running water Network, Maintenance of Institute Buildings including electrical and sanitary items","Installation of Deep Tube Well along with Running water Network, Maintenance of Institute Buildings including electrical and sanitary items at Sericultural Training Institute Titabor, Jorhat under SOPD-G for the year 2025-26",Works,Open Tender,Works,Civil Works,No,No,NA ,26-Dec-2025 09:00 AM,29-Dec-2025 11:30 AM ,180.0,No ,No,Online,12-Jan-2026 03:00 PM,Department of Handloom Textile and Sericulture||Directorate of Sericulture,"Sericultural Training Institute Titabor, Jorhat",781022.0,2.0,"19,97,000",BULU BORUAH,"1,417,000",Accepted-AOC,08-May-2026,Department of Handloom Textile and Sericulture||Directorate of Sericulture
2025_PWD_46685_26,CE/DEV/TB/60/2025-26/13 Dtd- 31.07.2025,"MMPPNA_RIDF_XXXI_25_26_367 Construction of road from(1) Balijuri to Sarbor Lekthe Gaon (from Ch. 0.00m to 2000.00m),(2) Rongmongwe Dev. Block Office tiniali to Sarthe Engleng via Chingthong Engti (from Ch. 0.00m to 4000.00m) under Mukhya Mantrir Pak","MMPPNA_RIDF_XXXI_25_26_367 Construction of road from(1) Balijuri to Sarbor Lekthe Gaon (from Ch. 0.00m to 2000.00m),(2) Rongmongwe Dev. Block Office tiniali to Sarthe Engleng via Chingthong Engti (from Ch. 0.00m to 4000.00m) under Mukhya Mantrir Pak",Works,Open Tender,Item Rate,Civil Works – Roads,No,No,NA ,21-Aug-2025 09:00 AM,21-Aug-2025 12:00 PM ,180.0,No ,No,Online,09-Sep-2025 02:30 PM,Public Works Roads Department,Karbi Anglong,782410.0,2.0,"5,40,00,000",Sri Manoj Pareek,"53,999,500",Rejected-Finance,12-May-2026,Public Works Roads Department
2025_NHM_48972_1,NHM/I/1274327/2025,"Construction of Sub Centres with Prefabricated steel structure, brick work in foundation, 112 mm thick brick walling at various places of Assam Pkg. No. G","Construction of Sub Centres with Prefabricated steel structure, brick work in foundation, 112 mm thick brick walling at various places of Assam Pkg. No. G (Balance work of 5 nos. of SC in Barpeta District) under NHM on Turn Key Basis.",Works,Open Tender,Item Rate,Civil Works,No,No,NA ,01-Dec-2025 05:00 PM,NA ,225.0,No ,No,Online,22-Dec-2025 03:30 PM,National Health Mission||State Programme Management Unit - NHM,Barpeta,781301.0,2.0,"94,44,403",M/S TALUKDAR CONSTRUCTION,"9,443,000",Rejected-Finance,05-May-2026,National Health Mission||State Programme Management Unit - NHM
2025_BoTC_45344_1,DPRD/BTC/15th FC/(IF)/Udl-04/2025/11,Const. of road with EF and SG and Nos. 2 slab culvert from Sembrabari village to Hatikuli village under interest fund of 15th FC for the year 2025-26.,DPRD/BTC/15th FC/(IF)/Udl-04/2025/11,Works,Open Tender,Item Rate,Civil Works,No,No,NA ,04-Jul-2025 10:30 AM,NA ,180.0,No ,No,Online,18-Jul-2025 02:30 PM,Bodoland Territorial Council||Panchayat and Rural Development-BTC,Udalguri,784509.0,2.0,"1,20,00,000",ALMA BASUMATARY,"11,999,630.68",Accepted-AOC,14-Aug-2025,Bodoland Territorial Council||Panchayat and Rural Development-BTC
2026_PWD_50704_15,GLP/EE(GE_J)/PDNA/2025-26/1969 Dated 30/01/2026,GLP/EE(GE_J)/NDRF(PDNA 2022)/2025 26/15 Recovery and Reconstruction of Bashbari Bangaljhar road (In stretches) (Constructed under PMGSY Package No AS-07-349) under NDRF (PDNA-2022) for the year 2025-26 of Goalpara District (12-Jaleswar LAC),GLP/EE(GE_J)/NDRF(PDNA 2022)/2025 26/15 Recovery and Reconstruction of Bashbari Bangaljhar road (In stretches) (Constructed under PMGSY Package No AS-07-349) under NDRF (PDNA-2022) for the year 2025-26 of Goalpara District (12-Jaleswar LAC),Works,Open Tender,Item Rate,Civil Works – Roads,No,No,NA ,03-Feb-2026 10:30 AM,05-Feb-2026 10:00 AM ,180.0,No ,No,Online,19-Feb-2026 04:00 PM,Public Works Roads Department,Goalpara,783101.0,2.0,"43,00,000",Soidur Rahman Sheikh,"3,280,862",Rejected-Technical,20-May-2026,Public Works Roads Department
2025_BoTC_45085_1,DPRD/BTC/15FC/UT/Udl-17/25/10,Const. of boundary wall at BDF rice Mill for the year 2023-24 during 2025-26.,DPRD/BTC/(15th FC)UT(VIII)Udl-17/2025/10,Works,Open Tender,Item Rate,Civil Works,No,No,NA ,23-Jun-2025 10:30 AM,NA ,180.0,No ,No,Online,09-Jul-2025 02:30 PM,Bodoland Territorial Council||Panchayat and Rural Development-BTC,Udalguri,784509.0,2.0,"25,00,000",Sri Birgrang Basumatary,"2,499,997.99",Rejected-AOC,30-Jul-2025,Bodoland Territorial Council||Panchayat and Rural Development-BTC
2026_GMC_49943_3,GER/CE/2505/2025/34 Dated_30/12/2025,Construction of Community Hall under Ward No.26,Construction of Various Community Hall under Guwahati Municipal Corporation,Works,Open Tender,Lump-sum,Civil Works,No,No,NA ,05-Jan-2026 04:00 PM,06-Jan-2026 12:00 PM ,120.0,No ,No,Online,29-Jan-2026 02:30 PM,Guwahati Municipal Corporation,Guwahati,781006.0,2.0,,MOON ENTERPRISE,"1,998,000",Rejected-Technical,05-May-2026,Guwahati Municipal Corporation
2026_GMC_50622_15,GER/CE/2525/2025/Part-I/ 9 Date_ 22 /01/2026,Package No. DSLT-Div-II/1,"Cleaning, Desilting and Maintenance of Drains (Package No. DSLT-Div-II/1) under Mitigation of Urban Flood in Guwahati City under Guwahati Municipal Corporation for the year 2026",Works,Open Tender,Lump-sum,Miscellaneous Works,No,No,NA ,03-Feb-2026 06:50 PM,05-Feb-2026 12:00 PM ,120.0,No ,No,Online,16-Feb-2026 02:30 PM,Guwahati Municipal Corporation,Guwahati,781006.0,2.0,"39,65,000",M/S TIRUPATI ENTERPRISE,"2,887,709.5",Rejected-AOC,06-May-2026,Guwahati Municipal Corporation
2026_GMC_50622_29,GER/CE/2525/2025/Part-I/ 9 Date_ 22 /01/2026,Package No. DSLT-Div-III/4,"Cleaning, Desilting and Maintenance of Drains (Package No. DSLT-Div-III/4) under Mitigation of Urban Flood in Guwahati City under Guwahati Municipal Corporation for the year 2026",Works,Open Tender,Lump-sum,Miscellaneous Works,No,No,NA ,04-Feb-2026 05:00 PM,05-Feb-2026 12:00 PM ,120.0,No ,No,Online,16-Feb-2026 02:30 PM,Guwahati Municipal Corporation,Guwahati,781006.0,2.0,"43,56,000",DHRUBA JYOTI SARMA,"2,919,826.8",Accepted-AOC,06-May-2026,Guwahati Municipal Corporation
2025_BTC_49361_1,No.ACE-22/PWD/NIT/GW/25-26/19,Construction of Road from Alangi Bazar to North Bomraguri Village under Maoriagaon VCDC under CMs Goodwill Mission Project under RIDF-XXXI of NABARD-BTC for the year 2025-26. TN_67KOK_RIDF-XXXI-51,Construction of Road from Alangi Bazar to North Bomraguri Village under Maoriagaon VCDC under CMs Goodwill Mission Project under RIDF-XXXI of NABARD-BTC for the year 2025-26. TN_67KOK_RIDF-XXXI-51,Works,Open Tender,Item Rate,Civil Works – Roads,No,No,NA ,15-Dec-2025 12:00 PM,NA ,180.0,No ,No,Online,07-Jan-2026 11:00 AM,Bodoland Territorial Council-PWD||Director Cum CHD - PWD BTC,Kokrajhar,783370.0,2.0,"1,66,00,000",Gautam Brahma,"16,599,450",Accepted-AOC,16-May-2026,Bodoland Territorial Council-PWD||Director Cum CHD - PWD BTC
2026_PWBNH_51129_1,EE/BAJ/BLDG/TB-21/2024-25/1215,"Construction of 1 one no. of court room with attached Judges Chamber and Stenographer Room at 2nd floor level of the existing building of the Office of the District and Sessions Judge, Bajali at Pathsala during the year 2024-25","Construction of 1 one no. of court room with attached Judges Chamber and Stenographer Room at 2nd floor level of the existing building of the Office of the District and Sessions Judge, Bajali at Pathsala during the year 2024-25",Works,Open Tender,Item Rate,Civil Works - Building,No,No,NA ,17-Feb-2026 03:00 PM,02-Mar-2026 12:00 PM ,180.0,No ,No,Online,04-Mar-2026 11:00 AM,Public Works Building and NH Department||Chief Engineer-Building - PWBNH,Pathsala,781325.0,2.0,"37,67,656",MAA ENTERPRISE,"4,164,669",Rejected-Finance,07-May-2026,Public Works Building and NH Department||Chief Engineer-Building - PWBNH
2026_BoTC_50028_21,SE(R/B)/20-21/Pt-III/15,Package No.202_21,Recovery and Restoration of RCC Slab Culvert 6.00m span Dahalachuba to People Holy under NDRF(PDNA-2022) in Udalguri District for the year 2025-26.,Works,Open Tender,Item Rate,Civil Works – Roads,No,No,NA ,07-Jan-2026 05:00 PM,NA ,180.0,No ,No,Online,27-Jan-2026 01:30 PM,Bodoland Territorial Council||PWD-BTC,Udalguri dist,784509.0,2.0,"21,12,969",ANSUMA BORO,"2,111,012",Accepted-AOC,05-May-2026,Bodoland Territorial Council||PWD-BTC
2026_PWBNH_50832_1,SE(B)/DBC/AUDKEN/25-26/56-A,Construction of Auditorium Building at Kenduguri T.E.,Construction of Auditorium Building at Kenduguri T.E.,Works,Open Tender,Item Rate,Civil Works - Building,No,No,NA ,05-Feb-2026 01:40 PM,16-Feb-2026 11:00 AM ,180.0,No ,No,Online,23-Feb-2026 03:00 PM,Public Works Building and NH Department||Chief Engineer-Building - PWBNH,DIBRUGARH,786611.0,2.0,"86,53,018",Dipen Mohan,"8,652,000",Accepted-AOC,08-May-2026,Public Works Building and NH Department||Chief Engineer-Building - PWBNH
2025_PWD_48283_1,CE/DEV/TB/116/2025-26/48 Dtd- 17.10.2025,ASOM_MALA_3.0_25_26_50 Improvement / Up-gradation of Road from Gogamukh to Selamukh (From Ch. 35.428 K.M. at Namoni Borkhamukh to Ch. 44.428 K.M. at Jengraimukh) (Phase-I) under Asom Mala-3.0 for the year 2025-26.,ASOM_MALA_3.0_25_26_50 Improvement / Up-gradation of Road from Gogamukh to Selamukh (From Ch. 35.428 K.M. at Namoni Borkhamukh to Ch. 44.428 K.M. at Jengraimukh) (Phase-I) under Asom Mala-3.0 for the year 2025-26.,Works,Open Tender,Item Rate,Civil Works – Roads,No,No,NA ,29-Oct-2025 03:00 PM,31-Oct-2025 12:00 PM ,180.0,No ,No,Online,18-Nov-2025 02:30 PM,Public Works Roads Department,Lakhimpur,787055.0,2.0,"49,89,67,000",BRN Infrastructures Private Limited,"498,967,000",Accepted-AOC,26-May-2026,Public Works Roads Department
2025_BTC_49281_1,No.ACE-22/PWD/NIT/GW/25-26/19,Construction of CC Block Road from 868 No. South Ghoskhata LP School to Kamarpara DD PWD road at Banargaon VCDC road under CMs Goodwill Mission Project under RIDF-XXXI of NABARD for the year 2025-26. TN_67KOK_RIDF-XXXI-02,Construction of CC Block Road from 868 No. South Ghoskhata LP School to Kamarpara DD PWD road at Banargaon VCDC road under CMs Goodwill Mission Project under RIDF-XXXI of NABARD for the year 2025-26. TN_67KOK_RIDF-XXXI-02,Works,Open Tender,Item Rate,Civil Works – Roads,No,No,NA ,15-Dec-2025 12:00 PM,NA ,180.0,No ,No,Online,07-Jan-2026 11:00 AM,Bodoland Territorial Council-PWD||Director Cum CHD - PWD BTC,Kokrajhar,783370.0,2.0,"99,99,985",DHANANJAY BASUMATARY,"9,996,415",Accepted-AOC,12-May-2026,Bodoland Territorial Council-PWD||Director Cum CHD - PWD BTC
2026_ICD_50194_1,510578/I/1391794/2026,"Construction of rubble masonry boundary wall at IE Malinibeel, Silchar in the Dist- Cachar, Assam","Construction of rubble masonry boundary wall at IE Malinibeel, Silchar in the Dist- Cachar, Assam",Works,Open Tender,Item Rate,Civil Works,No,No,NA ,13-Jan-2026 10:00 AM,NA ,180.0,No ,No,Online,03-Feb-2026 02:00 PM,Industries and Commerce Department||Assam Industrial Development Corporation Ltd - ICD,Industrial Estate Malinibeel Silchar Dist.- Cachar,788003.0,2.0,"85,95,253",JPD - SAMIM (JV),"6,437,957.38",Rejected-AOC,15-May-2026,Industries and Commerce Department||Assam Industrial Development Corporation Ltd - ICD
2026_PWD_51470_1,T/CC/ETN/SIL/2025-26/1240(T),Recovery and Reconstruction of Sonai Motinagar Didarkush (SMD) Road at Ch.3980 m to 4320 m and Ch.6700 m to 6950 m under NDRF (PDNA-2022) for the year 2025-26 Sonai LAC,"Recovery and Reconstruction of Sonai Motinagar Didarkush (SMD) Road at Ch.3980 m to 4320 m and Ch.6700 m to 6950 m under NDRF (PDNA-2022) for the year 2025-26 Sonai LAC, P/No.SE/SONAI/NDRF(PDNA-2022)/25-26/2",Works,Open Tender,Item Rate,Civil Works – Roads,No,No,NA ,24-Feb-2026 09:00 AM,27-Feb-2026 02:00 PM ,180.0,No ,No,Online,02-Mar-2026 03:10 PM,Public Works Roads Department,Cachar District.,788099.0,2.0,"29,99,720",MAZUMDER TELECOM,"2,993,720",Accepted-AOC,02-May-2026,Public Works Roads Department
2025_NHM_49709_8,I/1373076/2025,"Construction of New PHC at Kotoha SC in Dibrugarh District under XV-FC Health Grant under NHM, Assam.","Construction of New PHC at Kotoha SC in Dibrugarh District under XV-FC Health Grant under NHM, Assam.",Works,Open Tender,Turn-key,Civil Works - Building,No,No,NA ,29-Dec-2025 06:00 PM,NA ,225.0,No ,No,Online,20-Jan-2026 03:30 PM,National Health Mission||State Programme Management Unit - NHM,Dibrugarh,786001.0,2.0,"2,42,82,945",M/S Kalyan Enterprise,"24,282,945",Rejected-AOC,05-May-2026,National Health Mission||State Programme Management Unit - NHM
2026_APDCL_50572_1,CGM(D)/APDCL/UAR/T 18/2025-26/Tinsukia ESD III/Vol II/31,Construction of LILO arrangement of 33KV Panitola feeder at 33KV Panitola Substation,Construction of Line -In Line Out arrangement of 33KV Panitola feeder at 33KV Panitola Sub Station under Tinsukia ESD III of Tinsukia Electrical Circle,Works,Open Tender,Turn-key,Electrical Works,No,No,NA ,26-Jan-2026 09:00 AM,28-Jan-2026 12:00 PM ,180.0,No ,No,Online,05-Feb-2026 04:00 PM,Assam Power Distribution Company Ltd||CGM(D) Upper Assam Region - APDCL,Tinsukia,786183.0,2.0,"78,58,830",ASHIM KUMAR HAZARIKA,"7,819,430.27",Accepted-AOC,16-May-2026,Assam Power Distribution Company Ltd||CGM(D) Upper Assam Region - APDCL
2026_PWD_51470_3,T/CC/ETN/SIL/2025-26/1240(T),Recovery and Reconstruction of Silcoorie Sildubi Road under NDRF (PDNA-2022) for the year 2025-26 Sonai LAC,"Recovery and Reconstruction of Silcoorie Sildubi Road under NDRF (PDNA-2022) for the year 2025-26 Sonai LAC, P/No.SE/SONAI/NDRF(PDNA-2022)/25-26/10",Works,Open Tender,Item Rate,Civil Works – Roads,No,No,NA ,24-Feb-2026 09:00 AM,27-Feb-2026 02:00 PM ,180.0,No ,No,Online,02-Mar-2026 03:10 PM,Public Works Roads Department,Cachar District.,788118.0,2.0,"38,77,700",BHARAT TRADERS,"3,877,000",Accepted-AOC,02-May-2026,Public Works Roads Department
2025_NHM_49709_17,I/1373076/2025,"Construction of New PHC at CHAMARIA SD in KAMRUP (RURAL) District under XV-FC Health Grant under NHM, Assam.","Construction of New PHC at CHAMARIA SD in KAMRUP (RURAL) District under XV-FC Health Grant under NHM, Assam.",Works,Open Tender,Turn-key,Civil Works - Building,No,No,NA ,30-Dec-2025 04:00 PM,NA ,225.0,No ,No,Online,20-Jan-2026 03:30 PM,National Health Mission||State Programme Management Unit - NHM,Kamrup(Rural),781001.0,2.0,"2,42,82,945",LIZA KALITA,"24,282,945",Accepted-AOC,07-May-2026,National Health Mission||State Programme Management Unit - NHM
2025_PWD_47683_2,CE/DEV/TB/116/2025-26/20 Dtd- 09.09.2025,"ASOM_MALA_3.0_25_26_28 Improvement and Upgradation of Dhodar Ali from Sapekhati Chari Ali to Near Borhat Lefera Tin Ali under Asom Mala 3.0 under Charaideo District Territorial Road Division, Sonari","ASOM_MALA_3.0_25_26_28 Improvement and Upgradation of Dhodar Ali from Sapekhati Chari Ali to Near Borhat Lefera Tin Ali under Asom Mala 3.0 under Charaideo District Territorial Road Division, Sonari",Works,Open Tender,Item Rate,Civil Works – Roads,No,No,NA ,25-Sep-2025 09:00 AM,26-Sep-2025 12:30 PM ,180.0,No ,No,Online,07-Oct-2025 02:30 PM,Public Works Roads Department,Charaideo,785691.0,2.0,"41,51,32,000",ASCON and Biju Hazarika (JV),"415,132,000",Accepted-AOC,18-May-2026,Public Works Roads Department
2026_BoTC_51591_1,TECH- 36/SE(B)/IFB/2024-25/ 112,"Office Machinery items Computer, Laptop, Printer, Xerox Machine Cartridges, UPS, Mouse, Pen drive etc. TN-50-2.","Office Machinery items Computer, Laptop, Printer, Xerox Machine Cartridges, UPS, Mouse, Pen drive etc. TN-50-2.",Goods,Open Tender,Supply,Stationery,No,No,NA ,27-Feb-2026 06:00 PM,NA ,180.0,No ,No,Online,17-Mar-2026 02:00 PM,Bodoland Territorial Council||PWD-BTC,Kokrajhar,783370.0,2.0,"49,99,964",PREMJIT NARZARY,"4,999,520",Rejected-Finance,21-May-2026,Bodoland Territorial Council||PWD-BTC
2025_NHM_49686_4,I/1373076/2025,"Construction of New PHC at Pavoi SD in Biswanath District under XV-FC Health Grant under NHM, Assam.","Construction of New PHC at Pavoi SD in Biswanath District under XV-FC Health Grant under NHM, Assam.",Works,Open Tender,Turn-key,Civil Works - Building,No,No,NA ,27-Dec-2025 05:00 PM,NA ,225.0,No ,No,Online,20-Jan-2026 03:30 PM,National Health Mission||State Programme Management Unit - NHM,Biswanath,784177.0,2.0,"2,42,82,945",JIBAN GOGOI,"24,282,945.42",Accepted-AOC,11-May-2026,National Health Mission||State Programme Management Unit - NHM
2025_ICD_48254_1,ECF No. 533142/375 dated 27.10.2025,"Supply, Installation, Testing, and Commissioning of a 33 11 KV 2.5 MVA dedicated substation with control room, Drawal of 33 KV and 11 KV line at Industrial Park Tingkhong, Dibrugarh, Assam","Supply, Installation, Testing, and Commissioning of a 33 11 KV 2.5 MVA dedicated substation with control room, Drawal of 33 KV and 11 KV line at Industrial Park Tingkhong, Dibrugarh, Assam",Works,Open Tender,Item Rate,Electrical Works,No,No,NA ,27-Oct-2025 11:30 AM,07-Nov-2025 02:00 PM ,180.0,No ,No,Online,25-Nov-2025 03:00 PM,Industries and Commerce Department||Assam Industrial Development Corporation Ltd - ICD,"Industrial Estate, Tingkhong, Dibrugarh",786612.0,2.0,"5,63,63,658",NARUTTAM CHANGMAI (JV) U K ENTERPRISE,"56,105,739",Accepted-AOC,11-May-2026,Industries and Commerce Department||Assam Industrial Development Corporation Ltd - ICD
2025_BoTC_45087_1,DPRD/BTC/15FC/UT/Udl-5/25/10,Imp. of road with EF and SG from Jhakara Santali Basti Catholic Mission Assamese School to PWD road including 2 Nos. HPC at Ambagaon VCDC under 15 th FC for the year 2023-24 during 2025-26.,DPRD/BTC/(15th FC)UT(VIII)Udl-05/2025/10,Works,Open Tender,Item Rate,Civil Works,No,No,NA ,23-Jun-2025 10:30 AM,NA ,180.0,No ,No,Online,10-Jul-2025 02:30 PM,Bodoland Territorial Council||Panchayat and Rural Development-BTC,Udalguri,784509.0,2.0,"28,00,000",Juliash Basumatari,"2,799,999.64",Rejected-AOC,30-Jul-2025,Bodoland Territorial Council||Panchayat and Rural Development-BTC
2025_PWD_47085_36,CE/DEV/TB/60/2025-26/15 Dtd- 06.08.2025,"MMPPNA_RIDF_XXXI_25_26_480 Improvement of (i) Bazarghat-Basantapur PWD road to near Bazarghat Railway line via Madanmohon Ashram, (ii) Sonairpar to Gobindaganj bazar via Sonairpar Kalibari, (iii) Bazarghat-Basantapur PWD road to Asimganj-Anipur road","MMPPNA_RIDF_XXXI_25_26_480 Improvement of (i) Bazarghat-Basantapur PWD road to near Bazarghat Railway line via Madanmohon Ashram, (ii) Sonairpar to Gobindaganj bazar via Sonairpar Kalibari, (iii) Bazarghat-Basantapur PWD road to Asimganj-Anipur road",Works,Open Tender,Item Rate,Civil Works – Roads,No,No,NA ,02-Sep-2025 02:00 PM,04-Sep-2025 12:00 PM ,180.0,No ,No,Online,13-Oct-2025 02:30 PM,Public Works Roads Department,Patharkandi,788724.0,2.0,"3,50,45,000",SANKAR JYOTI DAS,"35,045,000",Rejected-Finance,27-May-2026,Public Works Roads Department
2025_BTC_49283_1,No.ACE-22/PWD/NIT/GW/25-26/19,Construction of ICBP road from RSB College to Amosara Fishery Tank Road from Ch.0.00 Km to Ch. 1.05 Km under CMs Goodwill Mission Project RIDF-XXXI of NABARD for the year 2025-26 of District Kokrajhar. TN_67KOK_RIDF-XXXI-03,Construction of ICBP road from RSB College to Amosara Fishery Tank Road from Ch.0.00 Km to Ch. 1.05 Km under CMs Goodwill Mission Project RIDF-XXXI of NABARD for the year 2025-26 of District Kokrajhar. TN_67KOK_RIDF-XXXI-03,Works,Open Tender,Item Rate,Civil Works – Roads,No,No,NA ,15-Dec-2025 12:00 PM,NA ,180.0,No ,No,Online,07-Jan-2026 11:00 AM,Bodoland Territorial Council-PWD||Director Cum CHD - PWD BTC,Kokrajhar,783370.0,2.0,"99,99,985",ANJIMA BRAHMA,"9,997,700",Accepted-AOC,13-May-2026,Bodoland Territorial Council-PWD||Director Cum CHD - PWD BTC
2026_GMC_50622_17,GER/CE/2525/2025/Part-I/ 9 Date_ 22 /01/2026,Package No. DSLT-Div-II/3,"Cleaning, Desilting and Maintenance of Drains (Package No. DSLT-Div-II/3) under Mitigation of Urban Flood in Guwahati City under Guwahati Municipal Corporation for the year 2026",Works,Open Tender,Lump-sum,Miscellaneous Works,No,No,NA ,03-Feb-2026 06:50 PM,05-Feb-2026 12:00 PM ,120.0,No ,No,Online,16-Feb-2026 02:30 PM,Guwahati Municipal Corporation,Guwahati,781006.0,2.0,"37,89,000",SRI ZEETENDRA SALAI,"2,454,514.2",Accepted-AOC,06-May-2026,Guwahati Municipal Corporation
2025_DoWR_47440_1,GOLAGHAT/2025-26/RIDF/I,"Construction of embankment on left bank of river Kakodunga from Chabuk Dhora Gaon to Mohbandha PWD Road, Package 2.","Construction of embankment on left bank of river Kakodunga from Chabuk Dhora Gaon to Mohbandha PWD Road, Package 2.",Works,Open Tender,Works,Civil Works,No,No,NA ,10-Sep-2025 06:55 PM,NA ,180.0,No ,No,Online,04-Oct-2025 03:00 PM,Department of Water Resources||Chief Engineer - DoWR,Golaghat,785621.0,2.0,"4,35,78,526",Sri Manoj Pareek,"37,954,628.93",Rejected-AOC,29-Apr-2026,Department of Water Resources||Chief Engineer - DoWR
2025_UDD_48545_1,smb/584/2024-2025/6683-88,Improvement of K P Chaliha Road from the junction of A T Road up to Padmadhar Chaliha Statue and Kalibari Road part at Ward No IX AND X of Sivasagar Municipal Board under NCAP,Improvement of K P Chaliha Road from the junction of A T Road up to Padmadhar Chaliha Statue and Kalibari Road part at Ward No IX AND X of Sivasagar Municipal Board under NCAP 2024-2025,Works,Open Tender,Works,Civil Works,No,No,NA ,12-Nov-2025 09:00 AM,NA ,180.0,No ,No,Online,03-Dec-2025 03:00 PM,Urban Development Department||Directorate of Municipality Administration - UDD||Sibsagar Municipal Board,SIVASAGAR,785640.0,2.0,"75,59,594",Mr. Mrigen Mohan,"6,803,635.04",Rejected-Technical,06-May-2026,Urban Development Department||Directorate of Municipality Administration - UDD||Sibsagar Municipal Board
2026_PWBNH_50830_1,SE(B)/DBC/AUD-HLMR/25-26/48-A,Construction of Auditorium Building at Halmari T.E,Construction of Auditorium Building at Halmari T.E,Works,Open Tender,Item Rate,Civil Works - Building,No,No,NA ,05-Feb-2026 01:30 PM,16-Feb-2026 11:00 AM ,180.0,No ,No,Online,23-Feb-2026 03:00 PM,Public Works Building and NH Department||Chief Engineer-Building - PWBNH,DIBRUGARH,786613.0,2.0,"86,53,018",SANTOSH GARODIA,"8,652,506",Rejected-Technical,12-May-2026,Public Works Building and NH Department||Chief Engineer-Building - PWBNH
2025_GMC_47796_2,GER/CE/2505/2025/17 Dated_25/09/2025,Construction of Toilet under Ward No-18,Construction of Various Toilet under Guwahati Municipal Corporation,Works,Open Tender,Lump-sum,Civil Works,No,No,NA ,03-Oct-2025 06:00 PM,08-Oct-2025 12:00 PM ,120.0,No ,No,Online,24-Oct-2025 02:30 PM,Guwahati Municipal Corporation,Guwahati,781006.0,2.0,,D N ENTERPRISE,"1,800,000",Rejected-AOC,07-May-2026,Guwahati Municipal Corporation
2026_PWBNH_51830_1,SE(B)/JHT/C/S/S-14/2025-26/972,"Construction of 3 BHK quarter of Superintendent of Padma Sri Indira Miri Girls Hostel at Jorhat Institute of Science and Technology, Jorhat under SOPD-G during the year 2025-26","Construction of 3 BHK quarter of Superintendent of Padma Sri Indira Miri Girls Hostel at Jorhat Institute of Science and Technology, Jorhat under SOPD-G during the year 2025-26",Works,Open Tender,Item Rate,Civil Works - Building,No,No,NA ,09-Mar-2026 05:00 PM,13-Mar-2026 11:00 AM ,180.0,No ,No,Online,30-Mar-2026 03:00 PM,Public Works Building and NH Department||Chief Engineer-Building - PWBNH,JORHAT,785001.0,2.0,"37,81,866",BROJEN GOGOI,"3,946,000",Rejected-AOC,27-May-2026,Public Works Building and NH Department||Chief Engineer-Building - PWBNH
2025_PWBNH_48205_1,CE/TB-III(H_E)/ 65/2025/7 Dated Guwahati the 26/09/2025,"Construction of Burn Unit G Plus 2 Storied (Provision 3 Storied Foundation) Silchar Medical College And Hospital, Silchar","Construction of Burn Unit G Plus 2 Storied (Provision 3 Storied Foundation) Silchar Medical College And Hospital, Silchar",Works,Open Tender,Item Rate,Civil Works - Building,No,No,NA ,22-Oct-2025 04:00 PM,31-Oct-2025 09:00 AM ,180.0,No ,No,Online,12-Nov-2025 04:00 PM,Public Works Building and NH Department||Chief Engineer-Building - PWBNH,Silchar,788001.0,2.0,"12,05,28,900",PADMAVATI CONSTRUCTION,"113,254,046",Rejected-Technical,15-May-2026,Public Works Building and NH Department||Chief Engineer-Building - PWBNH
2026_PWD_51858_1,DRC.XIII/16/98/NIT/DIB/Pt-I,"Construction of 1 No. Jatiyani Gaon Road L 1.50 Km under SOPD G for the year 2025 2026, Khowang LAC",Construction of 1 No. Jatiyani Gaon Road,Works,Open Tender,Item Rate,Civil Works,No,No,NA ,11-Mar-2026 11:00 AM,NA ,180.0,No ,No,Online,27-Mar-2026 03:00 PM,Public Works Roads Department,Khowang,785675.0,2.0,"1,41,26,843",M/S B N CONSTRUCTION,"13,985,584",Rejected-AOC,22-May-2026,Public Works Roads Department
2025_PWD_45408_39,CE/DEV/TB/60/2025-26/01 Dtd- 21.06.2025,"MMPPNA_RIDF_XXXI_25_26_43 Construction of Road from (1) Kachakhaiti to Saru Radha ati (from Ch. 0.00 m to 1225.00 m), (2) NB Road to Athgaon Chapori (Ch. 1370.00m to. Ch. 2370.00m), (2) Shalmarabori Bane Bihar Road (from Ch.0.00 m TO Ch. 1000.00 m) u","MMPPNA_RIDF_XXXI_25_26_43 Construction of Road from (1) Kachakhaiti to Saru Radha ati (from Ch. 0.00 m to 1225.00 m), (2) NB Road to Athgaon Chapori (Ch. 1370.00m to. Ch. 2370.00m), (2) Shalmarabori Bane Bihar Road (from Ch.0.00 m TO Ch. 1000.00 m) u",Works,Open Tender,Item Rate,Civil Works – Roads,No,No,NA ,09-Jul-2025 02:00 PM,17-Jul-2025 12:00 PM ,180.0,No ,No,Online,28-Jul-2025 02:30 PM,Public Works Roads Department,Dhing,782123.0,2.0,"3,03,75,000",MD BADIQUL ISLAM,"30,373,000",Rejected-Finance,14-May-2026,Public Works Roads Department
2026_UDD_50423_1,TMB/15th FC/Tied/159/pt-1/2019-20/934,"Engineering, Procurement, Construction for Establishment, Testing and Commissioning of Material Recovery Facility (MRF) and Waste to Compost Plant at Titabar Municipal Board.(Phase II)","Engineering, Procurement, Construction for Establishment, Testing and Commissioning of Material Recovery Facility MRF an Waste to Compost Plant at Titabar Municipal Board. Phase II",Works,Open Tender,Turn-key,Civil Works,No,Yes,NA ,22-Jan-2026 10:00 AM,,180.0,No ,No,Online,12-Feb-2026 12:30 PM,Urban Development Department||Directorate of Municipality Administration - UDD||Titabar Municipal Board,Titabar Municipal Board,785630.0,2.0,"1,87,68,000",Radiant Engineering Company,"18,768,000",Rejected-AOC,13-Mar-2026,Urban Development Department||Directorate of Municipality Administration - UDD||Titabar Municipal Board
2025_BoTC_49451_1,SE(R/B)/20-21/Pt-III/03/201_5,Package No.201_5,Construction of road with Paver Block from Bagulamari Tiniali to Pasnoi River via Jagyaram Barik House under CM Goodwill Mission Prject under RIDF-XXXI of NABARD for the year 2025-26.,Works,Open Tender,Item Rate,Civil Works – Roads,No,No,NA ,19-Dec-2025 01:00 PM,NA ,180.0,No ,No,Online,09-Jan-2026 01:30 PM,Bodoland Territorial Council||PWD-BTC,"Mazbat, Udalguri dist",784507.0,2.0,"1,00,00,000",M/S R.G. Enterprise,"9,999,386",Rejected-AOC,05-May-2026,Bodoland Territorial Council||PWD-BTC
2025_NHM_49402_1,NHM/ECF/700279,Construction of 1 no Doctor Quarter and 2 nos Nurses Quarter at Dhodang Ujirati MPHC in Golaghat District under NHM Assam Balance work,Construction of 1 no Doctor Quarter and 2 nos Nurses Quarter at Dhodang Ujirati MPHC in Golaghat District under NHM Assam Balance work,Works,Open Tender,Item Rate,Civil Works - Building,No,No,NA ,16-Dec-2025 03:40 PM,NA ,180.0,No ,No,Online,22-Dec-2025 12:00 PM,National Health Mission||State Programme Management Unit - NHM,Golaghat,785621.0,2.0,"23,44,567",DHANUKA CONSTRUCTION,"2,344,000",Accepted-AOC,18-May-2026,National Health Mission||State Programme Management Unit - NHM
2026_DHTS_51413_1,SDW.1358/2025-26/2659 Dtd.12/02/2026,Construction of New Toilet Block,"Construction of New Toilet Block ( 2.50 MX 2.00 M) along with Water Supply provision at ESG Adorkuna, Karimganj",Works,Open Tender,Works,Civil Works,No,No,NA ,21-Feb-2026 06:00 PM,26-Feb-2026 11:30 AM ,180.0,No ,No,Online,05-Mar-2026 03:30 PM,Department of Handloom Textile and Sericulture||Directorate of Sericulture,Guwahati,781022.0,2.0,"8,50,000",NOBIN DEORI,"849,000",Rejected-AOC,08-May-2026,Department of Handloom Textile and Sericulture||Directorate of Sericulture
2026_PCCF_50151_1,O.O. No. 05 dated 03/01/2026,Construction of Check Dams,Construction of Check Dams under Gaja Mitra Scheme,Works,Open Tender,Percentage,Civil Works - Building,No,No,NA ,09-Jan-2026 06:05 PM,NA ,180.0,No ,No,Online,29-Jan-2026 03:00 PM,"Pr. Chief Conservator of Forest and Head of Forest Force||Chief Conservator of Forests (Upper Assam Zone)||Northern Assam Circle, Tezpur||Nagaon Division",Nagaon,782001.0,2.0,"25,00,000",SD Enterprise,"2,250,000",Rejected-Finance,06-May-2026,"Pr. Chief Conservator of Forest and Head of Forest Force||Chief Conservator of Forests (Upper Assam Zone)||Northern Assam Circle, Tezpur||Nagaon Division"
2026_BTC_49931_1,No.25/PWD/IFB/BTC/2025-26/51,Reconstruction of road from UT Road to Uparkhuti under SOPD-G for the year 2025-26. BTR_SOPD_G_25_43,Reconstruction of road from UT Road to Uparkhuti under SOPD-G for the year 2025-26. BTR_SOPD_G_25_43,Works,Open Tender,Item Rate,Civil Works – Roads,No,No,NA ,05-Jan-2026 12:00 PM,NA ,180.0,No ,No,Online,28-Jan-2026 11:00 AM,Bodoland Territorial Council-PWD||Director Cum CHD - PWD BTC,Kokrajhar,783370.0,2.0,"81,99,953",PADMAVATI CONSTRUCTION,"8,199,953",Rejected-AOC,08-May-2026,Bodoland Territorial Council-PWD||Director Cum CHD - PWD BTC
2025_DoWR_49694_1,HAILAKANDI/ 2025-26/PDNA/WORKS/I,Restoration of dyke at different reaches on L/B of Bagakhal at Bagakhal area.,Restoration of dyke at different reaches on L/B of Bagakhal at Bagakhal area.,Works,Open Tender,Works,Civil Works,No,No,NA ,29-Dec-2025 09:00 AM,NA ,180.0,No ,No,Online,09-Jan-2026 03:00 PM,Department of Water Resources||Chief Engineer - DoWR,HAILAKANDI,788151.0,2.0,"1,34,19,347",SKYLINE ENTERPRISE,"13,419,332.09",Rejected-AOC,16-May-2026,Department of Water Resources||Chief Engineer - DoWR
2025_PWBNH_49024_1,T/TB-I/26/2024/30 dtd. 28/11/2025,"Construction of A State-of-the-art Sports Complex at Gurdon HS Playground Nalbari, Nalbari, Assam (Phase-I)","Construction of A State-of-the-art Sports Complex at Gurdon HS Playground Nalbari, Nalbari, Assam (Phase-I)",Works,Open Tender,Item Rate,Civil Works - Building,No,No,NA ,03-Dec-2025 05:00 PM,08-Dec-2025 01:00 PM ,180.0,No ,No,Online,26-Dec-2025 02:30 PM,Public Works Building and NH Department||Chief Engineer-Building - PWBNH,Nalbari,781335.0,2.0,"20,09,19,244",ANUPAM NIRMAN PVT. LTD.,"223,166,250",Accepted-AOC,25-May-2026,Public Works Building and NH Department||Chief Engineer-Building - PWBNH
2024_GMC_40180_1,GER/ Div-II/178/2024/06 Dt. 02/11/2024,"Development of Sri Sri Mahamaya Than, Solapara, Paltan Bazar","Development of Sri Sri Mahamaya Than, Solapara, Paltan Bazar",Works,Open Tender,Lump-sum,Civil Works - Building,No,No,NA ,04-Nov-2024 02:00 PM,NA ,180.0,No ,No,Online,29-Nov-2024 03:00 PM,Guwahati Municipal Corporation,GUWAHATI,781006.0,2.0,"49,99,800",P.S. ENTERPRISE,"4,107,335.7",Rejected-Technical,20-May-2026,Guwahati Municipal Corporation
2025_PWD_47542_2,CE/STBR/SOPD G/NIT/07/2025-26/21 Dated 04-09-2025,STBR/SOPD-G/Lumding/01/38 Periodic Renewal of (i) NH54 to Sastrigaon 1 Road (Itabhata Chariali to Sastrigaon 1) ( From Ch. 0.00 m to Ch. 800.00 m and from Ch. 1115.00m to 1450.00m) (ii)APTF 2nd Batellion Road ( From Ch. 0.00 m to Ch. 1660.00 m) (ii,STBR/SOPD-G/Lumding/01/38 Periodic Renewal of (i) NH54 to Sastrigaon 1 Road (Itabhata Chariali to Sastrigaon 1) ( From Ch. 0.00 m to Ch. 800.00 m and from Ch. 1115.00m to 1450.00m) (ii)APTF 2nd Batellion Road ( From Ch. 0.00 m to Ch. 1660.00 m) (ii,Works,Open Tender,Item Rate,Civil Works – Roads,No,No,NA ,16-Sep-2025 05:00 PM,18-Sep-2025 11:00 AM ,180.0,No ,No,Online,26-Sep-2025 11:00 AM,Public Works Roads Department,Lumding,782447.0,2.0,"2,29,88,200",ANIMESH MISHRA,"22,988,200",Accepted-AOC,06-May-2026,Public Works Roads Department
2026_DoWR_50794_1,DIBRUGARH/2025-26/SOPD-G/IV,A/E measures to protect Bhorali bari Kalita Gaon area from the erosion of river Buridehing Ph-I. Package No. 02,A/E measures to protect Bhorali bari Kalita Gaon area from the erosion of river Buridehing Ph-I. Package No. 02,Works,Open Tender,Works,Civil Works,No,No,NA ,04-Feb-2026 06:55 PM,NA ,180.0,No ,No,Online,16-Feb-2026 03:00 PM,Department of Water Resources||Chief Engineer - DoWR,"Bhoralibari Kalita Gaon, Dibrugarh",785676.0,2.0,"2,44,26,918",M/S Vinayak Infratech,"24,425,555",Accepted-AOC,19-May-2026,Department of Water Resources||Chief Engineer - DoWR
2024_GMC_39009_1,GER/CE/2360/2023/12 Dated 12/09/2024,"Construction of Balance Portion Multi-Storied Market Building at GANESHGURI for Guwahati Municipal Corporation, Parct-C","Construction of Balance Portion Multi-Storied Market Building at GANESHGURI for Guwahati Municipal Corporation, Parct-C",Works,Open Tender,Lump-sum,Civil Works - Building,No,No,NA ,14-Sep-2024 10:00 AM,NA ,180.0,No ,No,Online,04-Oct-2024 03:00 PM,Guwahati Municipal Corporation,GUWAHATI,781006.0,2.0,"46,00,000",Rajen Chandra Das,"3,847,900",Rejected-Technical,23-Dec-2024,Guwahati Municipal Corporation
2025_GMC_47288_21,GER/CE/2505/2025/6 Dated_01/09/2025,Construction of Toilet under Ward No.21,Construction of Toilet under Ward No.21,Works,Open Tender,Lump-sum,Civil Works,No,No,NA ,06-Sep-2025 06:15 PM,08-Sep-2025 12:00 PM ,120.0,No ,No,Online,07-Oct-2025 02:30 PM,Guwahati Municipal Corporation,Guwahati,781006.0,2.0,,DIPAK SARMA,"1,600,000",Rejected-AOC,07-May-2026,Guwahati Municipal Corporation
2025_PWD_47678_4,CE/DEV/TB/60/2025-26/40 Dtd- 16.09.2025,MMPPNA_RIDF_XXXI_25_26_534 (i) Improvement of Road from Dokmoka Howraghat at Onsing Kro gaon to Podumpukhuri Garo gaon (ii) Parakhowa Panjuri Wirwar Matikhola Road (From Ch.17360.00m-18360.00m) under Mukhya Mantrir Pakipath Nirman Achani (MMPPNA) un,MMPPNA_RIDF_XXXI_25_26_534 (i) Improvement of Road from Dokmoka Howraghat at Onsing Kro gaon to Podumpukhuri Garo gaon (ii) Parakhowa Panjuri Wirwar Matikhola Road (From Ch.17360.00m-18360.00m) under Mukhya Mantrir Pakipath Nirman Achani (MMPPNA) un,Works,Open Tender,Item Rate,Civil Works – Roads,No,No,NA ,25-Sep-2025 09:00 AM,26-Sep-2025 12:00 PM ,180.0,No ,No,Online,08-Oct-2025 02:30 PM,Public Works Roads Department,Howraghat,782481.0,2.0,"1,94,63,000",Mintu Bora,"19,461,000",Accepted-AOC,12-May-2026,Public Works Roads Department
2026_BTC_51987_1,No.ACE-106/PWD/IFB/PT-I/23-24,"Installation of Thengfakri Statue cum Amusement Park at Barlawgaon, Bijni, Chirang District. TN_133_10","Installation of Thengfakri Statue cum Amusement Park at Barlawgaon, Bijni, Chirang District. TN_133_10",Works,Open Tender,Item Rate,Civil Works - Building,No,No,NA ,13-Mar-2026 05:00 PM,NA ,180.0,No ,No,Online,02-Apr-2026 02:00 PM,Bodoland Territorial Council-PWD||Director Cum CHD - PWD BTC,Chirang,783390.0,2.0,"2,89,90,480",RUP KAMAL SWARGIARY,"28,986,464.02",Rejected-AOC,15-May-2026,Bodoland Territorial Council-PWD||Director Cum CHD - PWD BTC
2025_PWD_46685_4,CE/DEV/TB/60/2025-26/13 Dtd- 31.07.2025,"MMPPNA_RIDF_XXXI_25_26_406 Construction By ICBP of a road from(1)Soil Conservation office to Rongkarbi via inghi Barithe, (2)Rongchingdon Village to Rongchidon Play ground via sericulture office, (3)Nongkrong Tini Ali Amlong River, (4)Residential Sc","MMPPNA_RIDF_XXXI_25_26_406 Construction By ICBP of a road from(1)Soil Conservation office to Rongkarbi via inghi Barithe, (2)Rongchingdon Village to Rongchidon Play ground via sericulture office, (3)Nongkrong Tini Ali Amlong River, (4)Residential Sc",Works,Open Tender,Item Rate,Civil Works – Roads,No,No,NA ,19-Aug-2025 06:00 PM,21-Aug-2025 12:00 PM ,180.0,No ,No,Online,09-Sep-2025 02:30 PM,Public Works Roads Department,Karbi Anglong,782410.0,2.0,"8,64,00,000",M/S N.N. CONSTRUCTION,"86,400,000",Rejected-Finance,19-May-2026,Public Works Roads Department
2026_BTC_51181_1,No.ACE-133/PWD/G.79/2025-26/69,"Construction of VDP Office at Mazbat Thana under SOPD Bodoland Welfare Department, 2025-26. TN_111_26","Construction of VDP Office at Mazbat Thana under SOPD Bodoland Welfare Department, 2025-26. TN_111_26",Works,Open Tender,Item Rate,Civil Works - Building,No,No,NA ,16-Feb-2026 12:00 PM,NA ,180.0,No ,No,Online,05-Mar-2026 11:00 AM,Bodoland Territorial Council-PWD||Director Cum CHD - PWD BTC,Kokrajhar,783370.0,2.0,"13,33,467",BICHITRA BASUMATARY,"1,333,000",Rejected-AOC,22-May-2026,Bodoland Territorial Council-PWD||Director Cum CHD - PWD BTC
2026_GMC_49939_3,GER/CE/2505/2025/37 Dated_30/12/2025,Construction of Community Public Toilet under Ward No.26,Construction of Various Toilet under Guwahati Municipal Corporation,Works,Open Tender,Lump-sum,Civil Works,No,No,NA ,05-Jan-2026 03:00 PM,06-Jan-2026 12:00 PM ,120.0,No ,No,Online,29-Jan-2026 02:30 PM,Guwahati Municipal Corporation,Guwahati,781006.0,2.0,,MOON ENTERPRISE,"1,999,800",Accepted-AOC,05-May-2026,Guwahati Municipal Corporation
2026_WPTBC_51651_1,PTDC/Engg/2026-27/519,"Construction of Community Hall near ABSU office Building at Gogamukh, Dist - Dhemaji.","Construction of Community Hall near ABSU office Building at Gogamukh, Dist -Dhemaji.",Works,Open Tender,Item Rate,Civil Works,No,No,NA ,03-Mar-2026 11:40 AM,03-Mar-2026 12:00 PM ,180.0,No ,No,Online,10-Mar-2026 03:00 PM,Welfare of Plain Tribes and Backward Classes||Director - WPT and BC,"Gogamukh, Dhamaji",787034.0,2.0,"50,00,000",TULARAM BASUMATARY,"4,999,500",Rejected-AOC,13-May-2026,Welfare of Plain Tribes and Backward Classes||Director - WPT and BC
2026_PWD_51616_1,CE/Cmn/192/Pt-I/PDNA/25-26/7,PDNA/Na Ibari/18(Re-tender),Recovery and Reconstruction of Balowa shiva Mandir to Chutiapara road under NDRF (PDNA-2022) for the year 2025-26,Works,Open Tender,Item Rate,Civil Works – Roads,No,No,NA ,02-Mar-2026 03:00 PM,06-Mar-2026 04:00 PM ,180.0,No ,No,Online,09-Mar-2026 02:30 PM,Public Works Roads Department,Nalbari,781335.0,2.0,"1,80,00,000",SAILEN BAISHYA,"9,007,008",Not Admitted-Fee/PreQual/Technical,19-May-2026,Public Works Roads Department
2026_GMC_49939_2,GER/CE/2505/2025/37 Dated_30/12/2025,Construction of Community Public Toilet under Ward No.23,Construction of Various Toilet under Guwahati Municipal Corporation,Works,Open Tender,Lump-sum,Civil Works,No,No,NA ,05-Jan-2026 03:00 PM,06-Jan-2026 12:00 PM ,120.0,No ,No,Online,29-Jan-2026 02:30 PM,Guwahati Municipal Corporation,Guwahati,781006.0,2.0,,MOON ENTERPRISE,"1,794,800",Accepted-AOC,06-May-2026,Guwahati Municipal Corporation
2026_BTC_51494_1,No.28/ACE/Infra/BTC/2025-26/03,"Development of State Guest House at Kokrajhar, BTC under Grant to BTC for Infrastructure Development Fund for the Financial Year 2022-23 (Balance Work).","Development of State Guest House at Kokrajhar, BTC under Grant to BTC for Infrastructure Development Fund for the Financial Year 2022-23 (Balance Work).",Works,Open Tender,Item Rate,Civil Works - Building,No,No,NA ,26-Feb-2026 10:00 AM,NA ,180.0,No ,No,Online,13-Mar-2026 02:00 PM,Bodoland Territorial Council-PWD||Director Cum CHD - PWD BTC,Kokrajhar,783370.0,2.0,"16,24,41,352",RAHIM BADSHA,"162,436,352",Rejected-AOC,14-May-2026,Bodoland Territorial Council-PWD||Director Cum CHD - PWD BTC
2025_PWD_45399_2,CE/DEV/TB/54/2025-26/01 Dtd- 13.06.2025,MMUPPNA_RIDF_XXXI_25_26_02 Improvement and Widening of Barpeta Bhawanipur Road from (Ch-0.00km to 4.400.00km) under Mukhya Mantrir Unnoto Paki Path Nirman Achani (MMUPPNA) under RIDF-XXXI of NABARD for the year 2025-26.,MMUPPNA_RIDF_XXXI_25_26_02 Improvement and Widening of Barpeta Bhawanipur Road from (Ch-0.00km to 4.400.00km) under Mukhya Mantrir Unnoto Paki Path Nirman Achani (MMUPPNA) under RIDF-XXXI of NABARD for the year 2025-26.,Works,Open Tender,Item Rate,Civil Works – Roads,No,No,NA ,07-Jul-2025 09:00 AM,14-Jul-2025 12:00 PM ,180.0,No ,No,Online,25-Jul-2025 02:30 PM,Public Works Roads Department,Barpeta,781301.0,2.0,"3,33,58,000",DAL THOMS SCIENTIFIC,"28,176,660",Accepted-AOC,05-May-2026,Public Works Roads Department
2026_WPTBC_52077_1,SCDCTECHEDUBAJALI,Infrastruture Development of Niz Saldah HS Barpeta and Ganak Pukhuri HS Bajali,Infrastruture Development of Niz Saldah HS Barpeta and Ganak Pukhuri HS Bajali,Works,Open Tender,Item Rate,Civil Works,No,No,NA ,19-Mar-2026 09:00 AM,NA ,180.0,No ,No,Online,23-Mar-2026 02:00 PM,Welfare of Plain Tribes and Backward Classes||Directorate of Welfare of Scheduled Caste||Assam State Development Corporation for SC,"DISPUR, GHY-06",781006.0,2.0,"1,00,00,000",DIMBESWAR ROY,"9,999,765",Rejected-AOC,15-May-2026,Welfare of Plain Tribes and Backward Classes||Directorate of Welfare of Scheduled Caste||Assam State Development Corporation for SC
2025_PCCF_49501_1,SVR/CAMPA/ FGD QTR/BORHAT/2025/01,Construction of Forest Guard Quarter at Borhat Range Headquarter under State CAMPA Scheme for the year 2025-26,Construction of Forest Guard Quarter at Borhat Range Headquarter under State CAMPA Scheme for the year 2025-26,Works,Open Tender,Percentage,Civil Works - Building,No,No,NA ,19-Dec-2025 06:10 PM,31-Dec-2025 03:10 PM ,120.0,No ,No,Online,17-Jan-2026 02:10 PM,"Pr. Chief Conservator of Forest and Head of Forest Force||Chief Conservator of Forests (Upper Assam Zone)||Eastern Assam Circle, Jorhat||Sivasagar Division","Borhat Range Office campus, Borhat",785693.0,2.0,"35,16,411",RONGMON ENTERPRISE,"3,164,769.9",Rejected-AOC,05-May-2026,"Pr. Chief Conservator of Forest and Head of Forest Force||Chief Conservator of Forests (Upper Assam Zone)||Eastern Assam Circle, Jorhat||Sivasagar Division"
2025_PWD_47678_5,CE/DEV/TB/60/2025-26/40 Dtd- 16.09.2025,"MMPPNA_RIDF_XXXI_25_26_532 Improvement of road from (i)Upper Rangsali to Rongteke road,(ii) Wophong Hanse to Sarthe Rongpi Village,(iii) CPDMDK road at Dirring to Rasho Engti Village(from ch.0.00m to ch.2226.00m) under Mukhya Mantrir Pakipath Nirman","MMPPNA_RIDF_XXXI_25_26_532 Improvement of road from (i)Upper Rangsali to Rongteke road,(ii) Wophong Hanse to Sarthe Rongpi Village,(iii) CPDMDK road at Dirring to Rasho Engti Village(from ch.0.00m to ch.2226.00m) under Mukhya Mantrir Pakipath Nirman",Works,Open Tender,Item Rate,Civil Works – Roads,No,No,NA ,25-Sep-2025 09:00 AM,26-Sep-2025 12:00 PM ,180.0,No ,No,Online,08-Oct-2025 02:30 PM,Public Works Roads Department,Bokajan,782490.0,2.0,"6,99,15,000",DHANUKA CONSTRUCTION,"65,020,950",Accepted-AOC,21-May-2026,Public Works Roads Department
2025_PWD_47542_3,CE/STBR/SOPD G/NIT/07/2025-26/21 Dated 04-09-2025,"STBR/SOPD-G/Lumding/02/39 Periodic Renewal of Road from (i) NH27 to Baluhandar (Ch 0.00m to Ch 1580m), (ii) NH27 to Dakhin Udali (Ch 0.00m to Ch 2270m), (iii) 5th Km of Kaki Marketing road to Lachitpathar 2 Road (Ch 0.00m to Ch 1250m), (iv) Amtola to","STBR/SOPD-G/Lumding/02/39 Periodic Renewal of Road from (i) NH27 to Baluhandar (Ch 0.00m to Ch 1580m), (ii) NH27 to Dakhin Udali (Ch 0.00m to Ch 2270m), (iii) 5th Km of Kaki Marketing road to Lachitpathar 2 Road (Ch 0.00m to Ch 1250m), (iv) Amtola to",Works,Open Tender,Item Rate,Civil Works – Roads,No,No,NA ,16-Sep-2025 05:00 PM,18-Sep-2025 11:00 AM ,180.0,No ,No,Online,26-Sep-2025 11:00 AM,Public Works Roads Department,Lumding,782447.0,2.0,"2,68,34,700",ARNAB BHATTACHARJEE,"26,834,700",Accepted-AOC,06-May-2026,Public Works Roads Department
2025_BTC_49267_1,No.ACE-22/PWD/NIT/GOODWILL,Construction of Road from Bahadursingh M.E. School to Dihira Church under CMs Goodwill Mission Project (RIDF-XXXI of NABARD) for the financial year 2025-26. TN_72_BAK_RIDF-XXXI_01,Construction of Road from Bahadursingh M.E. School to Dihira Church under CMs Goodwill Mission Project (RIDF-XXXI of NABARD) for the financial year 2025-26. TN_72_BAK_RIDF-XXXI_01,Works,Open Tender,Item Rate,Civil Works – Roads,No,No,NA ,12-Dec-2025 12:00 PM,NA ,180.0,No ,No,Online,03-Jan-2026 02:00 PM,Bodoland Territorial Council-PWD||Director Cum CHD - PWD BTC,Baksa,781327.0,2.0,"1,99,98,664",Karan Boro,"19,997,509.24",Rejected-AOC,08-May-2026,Bodoland Territorial Council-PWD||Director Cum CHD - PWD BTC
2025_PWD_46622_2,CE/Commn/16/2025-26/16(Re-Bid),Naharkatia/MMPNA/3,Improvement/Reconstruction of Dighalia gaon to Khatua gaon Road under MMPNA under SOPD-G for the year 2025-26,Works,Open Tender,Item Rate,Civil Works – Roads,No,No,NA ,18-Aug-2025 05:00 PM,22-Aug-2025 04:00 PM ,120.0,No ,No,Online,26-Aug-2025 02:30 PM,Public Works Roads Department,Naharkatia,786610.0,2.0,"80,00,000",Deoki Nandan Garodia,"8,000,000",Accepted-AOC,02-May-2026,Public Works Roads Department
2026_PWBNH_50132_1,CS/247/2025-26/10064,"Refurbishment of Room No.F007-F011 and adjacent room of Commissioner and Secretary , Finance Department, F-Block, Janata Bhawan Dispur, Ghy-6","Refurbishment of Room No.F007-F011 and adjacent room of Commissioner and Secretary , Finance Department, F-Block, Janata Bhawan Dispur, Ghy-6",Works,Open Tender,Item Rate,Civil Works - Building,No,No,NA ,10-Jan-2026 11:00 AM,16-Jan-2026 12:00 PM ,180.0,No ,No,Online,02-Feb-2026 02:00 PM,Public Works Building and NH Department||Chief Engineer-Building - PWBNH||SE-Guwahati Circle-1 - PWBNH||EE- PCC Division-Dispur - PWBNH,Dispur,781006.0,2.0,"73,68,158",M/S P.A. ENTERPRISE,"8,006,206",Rejected-Technical,02-May-2026,Public Works Building and NH Department||Chief Engineer-Building - PWBNH||SE-Guwahati Circle-1 - PWBNH||EE- PCC Division-Dispur - PWBNH
2025_AEGCL_49159_1,AEGCL/MD/CGM/CAR/DiscInsulator,Supply of Disc Insulators under Central Assam Region AEGCL,Supply of Disc Insulators against Line Maintenance work under Central Assam Region AEGCL,Goods,Open Tender,Supply,Supply of Materials,No,No,NA ,11-Dec-2025 09:00 AM,NA ,180.0,No ,No,Online,05-Jan-2026 01:00 PM,Assam Electricity Grid Corporation Ltd||CGM (T and T),SAMAGURI NAGAON 782140 AND PANCHGRAM 788802,782140.0,2.0,"35,26,607",EJA ELECTRICALS,"2,854,939",Rejected-Finance,18-Mar-2026,Assam Electricity Grid Corporation Ltd||CGM (T and T)
2025_PWD_45818_67,CE/Commn/16/2025-26/04,Dibrugarh/MMPPNA/06,"Constn,Impofi)Milijulibylane1ii)Milijulibylane2iii)Milijulibylan3iv)BanshiGogorPathv)UdayPathvi)SamonnayPathvii)BhaskarjyotiPathviii)GandhiPathix)OppPetrolPumpbylanex)Malokhubosabylane5xi)MunicipalityWorkersColonyRoadxii)NamgharlinkpathunderMMPPNA",Works,Open Tender,Item Rate,Civil Works – Roads,No,No,NA ,24-Jul-2025 06:00 PM,28-Jul-2025 04:00 PM ,180.0,No ,No,Online,11-Aug-2025 02:30 PM,Public Works Roads Department,Dibrugarh,786001.0,2.0,"1,49,36,000",Probin Dutta,"14,935,933",Accepted-AOC,13-May-2026,Public Works Roads Department
2025_PWD_46685_19,CE/DEV/TB/60/2025-26/13 Dtd- 31.07.2025,"MMPPNA_RIDF_XXXI_25_26_400 Construction of road from (1) Rongchingrum Tiniali to Khonsing Kro Gaon via Panbari, (2)Jhum control road to Marlelangso, (3) NH 329 to Inglongkiri Rongphar Village Under Mukhya Mantir Pakipath Nirman Achani (MMPPNA) Under","MMPPNA_RIDF_XXXI_25_26_400 Construction of road from (1) Rongchingrum Tiniali to Khonsing Kro Gaon via Panbari, (2)Jhum control road to Marlelangso, (3) NH 329 to Inglongkiri Rongphar Village Under Mukhya Mantir Pakipath Nirman Achani (MMPPNA) Under",Works,Open Tender,Item Rate,Civil Works – Roads,No,No,NA ,20-Aug-2025 06:00 PM,21-Aug-2025 12:00 PM ,180.0,No ,No,Online,09-Sep-2025 02:30 PM,Public Works Roads Department,Karbi Anglong,782410.0,2.0,"6,53,22,000",Smti Monumaya Devi,"65,322,000",Rejected-Finance,26-May-2026,Public Works Roads Department
2025_AEGCL_48631_1,80.0,Procurement of Circuit Breaker,"Procurement of 33kV Circuit Breakers as spare for GSS under TNT Circle, North Lakhimpur, AEGCL",Goods,Open Tender,Supply,Electrical Work/ Equipment,No,No,NA ,15-Nov-2025 11:00 AM,NA ,180.0,No ,No,Online,07-Jan-2026 12:00 PM,Assam Electricity Grid Corporation Ltd||CGM (T and T),North Lakhimpur,787001.0,2.0,"20,59,100",SMP MARKETING,"1,740,000",Rejected-Finance,12-May-2026,Assam Electricity Grid Corporation Ltd||CGM (T and T)
2025_PWD_45408_38,CE/DEV/TB/60/2025-26/01 Dtd- 21.06.2025,"MMPPNA_RIDF_XXXI_25_26_42 Construction of Road from (1) Batamari Rampur Satra Road (Batamari to Rampur), (2) Boguriguri Batamari (Nagaon Dhing road to Haidubi) (Baguriguri to Batamari) (from Ch. 0.00 m to 1150.00 m), (3) Dhupaguri Dhacaibasti PMGSY r","MMPPNA_RIDF_XXXI_25_26_42 Construction of Road from (1) Batamari Rampur Satra Road (Batamari to Rampur), (2) Boguriguri Batamari (Nagaon Dhing road to Haidubi) (Baguriguri to Batamari) (from Ch. 0.00 m to 1150.00 m), (3) Dhupaguri Dhacaibasti PMGSY r",Works,Open Tender,Item Rate,Civil Works – Roads,No,No,NA ,09-Jul-2025 02:00 PM,17-Jul-2025 12:00 PM ,180.0,No ,No,Online,28-Jul-2025 02:30 PM,Public Works Roads Department,Dhing,782123.0,2.0,"4,99,62,000",M/S ANKUR ENTERPRISE,"49,958,300",Accepted-AOC,16-May-2026,Public Works Roads Department
2025_DoWR_49341_1,CACHAR/2025-26/SOPD-G/I,Anti-erosion measures to protect Lakhipur T.E (Binnakandi Pt I) area from the erosion of river Borak on its L/B.,Anti-erosion measures to protect Lakhipur T.E (Binnakandi Pt I) area from the erosion of river Borak on its L/B.,Works,Open Tender,Works,Civil Works,No,No,NA ,13-Dec-2025 06:55 PM,NA ,180.0,No ,No,Online,31-Dec-2025 03:00 PM,Department of Water Resources||Chief Engineer - DoWR,CACHAR,788001.0,2.0,"3,99,99,962",MOINUL HOQUE,"39,977,934",Accepted-AOC,15-May-2026,Department of Water Resources||Chief Engineer - DoWR
2025_PWD_47085_23,CE/DEV/TB/60/2025-26/15 Dtd- 06.08.2025,"MMPPNA_RIDF_XXXI_25_26_473 Improvement of road from i) Nakkati to Barbala, ii) Bhaktardoba Bazar to Madhya Kawaimari 10 no block LP school under Mukhya Mantrir Paki Path Nirman Achani (MMPPNA) under RIDF-XXXI of NABARD for the year 2025-26.","MMPPNA_RIDF_XXXI_25_26_473 Improvement of road from i) Nakkati to Barbala, ii) Bhaktardoba Bazar to Madhya Kawaimari 10 no block LP school under Mukhya Mantrir Paki Path Nirman Achani (MMPPNA) under RIDF-XXXI of NABARD for the year 2025-26.",Works,Open Tender,Item Rate,Civil Works – Roads,No,No,NA ,30-Aug-2025 02:00 PM,04-Sep-2025 12:00 PM ,180.0,No ,No,Online,19-Sep-2025 02:30 PM,Public Works Roads Department,Pakabetbari,781352.0,2.0,"2,46,82,000",M/S Royal Smart Construction,"24,680,000",Accepted-AOC,11-May-2026,Public Works Roads Department
2025_APDCL_49048_1,APDCL/CGM (NRE)/PMSHRI-III/Package-II,APDCL/CGM (NRE)/PMSHRI-III/II,"Implementation of On-Grid Solar Power Plants at different PM-SHRI Schools (Phase-III) Under Samagra Shiksha, Assam",Works,Open Tender,Turn-key,Electrical Works,No,No,NA ,05-Dec-2025 03:00 PM,12-Dec-2025 03:00 PM ,120.0,No ,No,Online,30-Jan-2026 03:00 PM,Assam Power Distribution Company Ltd||CGM (NRE),Guwahati,781001.0,2.0,"91,51,882",Better Power Services Pvt. Ltd.,"8,907,658",Accepted-AOC,12-Mar-2026,Assam Power Distribution Company Ltd||CGM (NRE)
2026_GMC_50622_16,GER/CE/2525/2025/Part-I/ 9 Date_ 22 /01/2026,Package No. DSLT-Div-II/2,"Cleaning, Desilting and Maintenance of Drains (Package No. DSLT-Div-II/2) under Mitigation of Urban Flood in Guwahati City under Guwahati Municipal Corporation for the year 2026",Works,Open Tender,Lump-sum,Miscellaneous Works,No,No,NA ,03-Feb-2026 06:50 PM,05-Feb-2026 12:00 PM ,120.0,No ,No,Online,16-Feb-2026 02:30 PM,Guwahati Municipal Corporation,Guwahati,781006.0,2.0,"33,64,000",SARAT DAS,"2,280,792",Rejected-AOC,06-May-2026,Guwahati Municipal Corporation
2025_NHM_49329_6,NHM/ECF/254257,Construction of Sub Health Centre at Various places of Assam Under XV FC Health Grant for FY 2023 24 Under NHM Assam 3 nos scheme in Dhubri district,Construction of Sub Health Centre at Various places of Assam Under XV FC Health Grant for FY 2023 24 Under NHM Assam 3 nos scheme in Dhubri district,Works,Open Tender,Turn-key,Civil Works - Building,No,No,NA ,13-Dec-2025 09:00 AM,NA ,180.0,No ,No,Online,29-Dec-2025 12:00 PM,National Health Mission||State Programme Management Unit - NHM,Dhubri district,781001.0,2.0,"1,56,08,607",Anurag Baishya,"15,608,000",Accepted-AOC,05-May-2026,National Health Mission||State Programme Management Unit - NHM
2026_BoTC_50028_22,SE(R/B)/20-21/Pt-III/15,Package No.202_22,Recovery and Restoration of Singrimari village road under NDRF(PDNA-2022) in Udalguri District for the year 2025-26.,Works,Open Tender,Item Rate,Civil Works – Roads,No,No,NA ,07-Jan-2026 05:00 PM,NA ,180.0,No ,No,Online,27-Jan-2026 01:30 PM,Bodoland Territorial Council||PWD-BTC,Udalguri dist,784509.0,2.0,"95,00,000",NIRAN CHANDRA BORO,"9,494,697",Rejected-AOC,05-May-2026,Bodoland Territorial Council||PWD-BTC
2025_PWD_47663_6,SNSTRD/T-2/ SOPD-G/ET(A)/2025-26/02,"SNSTRD_SOPD-G_ET(A)_25_26_06 Construction of Road Starting from (i) PWD Road to Bangshidas Temple via Nikhil Namasudra House , (ii) Construction of Road starting from Baurbag LP School to Baurbag village via house of Sahadeb Nath House upto Kotoi M","SNSTRD_SOPD-G_ET(A)_25_26_06 Construction of Road Starting from (i) PWD Road to Bangshidas Temple via Nikhil Namasudra House , (ii) Construction of Road starting from Baurbag LP School to Baurbag village via house of Sahadeb Nath House upto Kotoi M",Works,Open Tender,Item Rate,Civil Works,No,No,NA ,24-Sep-2025 02:00 PM,26-Sep-2025 02:00 PM ,180.0,No ,No,Online,13-Oct-2025 12:00 PM,Public Works Roads Department,Sribhumi,788710.0,2.0,"1,22,03,304",A.J.Enterprise,"12,202,959",Accepted-AOC,27-May-2026,Public Works Roads Department
2025_SCD_49657_11,Tender/NIT/Pt-I/2025-26/5725,Land Development Project at Saonagaon under RIDF-XXXI,Land Development Project at Saonagaon under RIDF-XXXI,Works,Open Tender,Item Rate,Civil Works,No,No,NA ,26-Dec-2025 10:30 AM,07-Jan-2026 12:00 PM ,180.0,No ,No,Online,19-Jan-2026 02:00 PM,Soil Conservation Department||Director - SCD,Barpeta S. C. Division,781301.0,2.0,"39,82,000",MD SONAR UDDIN,"3,205,510",Rejected-Finance,13-May-2026,Soil Conservation Department||Director - SCD
2026_PWBNH_51057_1,CS_JGCNGTBD_E-26_ITI_Guwahati,"Setting up a Skill Lab for Training the Students on Semi Conductor at ITI, Guwahati 16","Setting up a Skill Lab for Training the Students on Semi Conductor at ITI, Guwahati 16",Works,Open Tender,Item Wise,Civil Works - Building,No,No,NA ,11-Feb-2026 03:30 PM,12-Feb-2026 11:00 AM ,180.0,No ,No,Online,19-Feb-2026 02:30 PM,Public Works Building and NH Department||Chief Engineer-Building - PWBNH,"Birubari, Guwahati, Assam, 781016",781016.0,2.0,"23,50,853",M/S Natraj Commercial,"2,498,559",Rejected-Finance,06-May-2026,Public Works Building and NH Department||Chief Engineer-Building - PWBNH
2026_DoWR_51241_1,MORIGAON/2025-26/SOPD-G/X,Construction of Flood Embankment on Right Bank of River Pokoria from Tetliguri to Patekibori. (Ph IV)Package No. 02,Construction of Flood Embankment on Right Bank of River Pokoria from Tetliguri to Patekibori. (Ph IV)Package No. 02,Works,Open Tender,Works,Civil Works,No,No,NA ,16-Feb-2026 06:55 PM,NA ,180.0,No ,No,Online,25-Feb-2026 03:00 PM,Department of Water Resources||Chief Engineer - DoWR,"Teteliguri, Morigaon",782411.0,2.0,"3,22,89,526",KEA CONSULTANTS PRIVATE LIMITED,"32,285,103.57",Accepted-AOC,15-May-2026,Department of Water Resources||Chief Engineer - DoWR
2026_BoTC_51079_1,SE(RB)/20-21/Pt-III/45/208_2,Package No.208_2,Recovery and Reconstruction of Gardenpur to Panbari Koimari link road via Belguri under NDRF (PDNA-2022) for the year 2025-26.,Works,Open Tender,Item Rate,Civil Works – Roads,No,No,NA ,12-Feb-2026 02:00 PM,NA ,180.0,No ,No,Online,02-Mar-2026 01:30 PM,Bodoland Territorial Council||PWD-BTC,"Belguri, Kokrajhar",783334.0,2.0,"30,00,000",Sarat Ch. Narzary,"3,000,000",Rejected-AOC,13-May-2026,Bodoland Territorial Council||PWD-BTC
2026_PWD_51470_2,T/CC/ETN/SIL/2025-26/1240(T),Recovery and Reconstruction of NH-54 to Barik Nagar Road under NDRF (PDNA-2022) for the year 2025-26 Sonai LAC,"Recovery and Reconstruction of NH-54 to Barik Nagar Road under NDRF (PDNA-2022) for the year 2025-26 Sonai LAC, P/No.SE/SONAI/NDRF(PDNA-2022)/25-26/9",Works,Open Tender,Item Rate,Civil Works – Roads,No,No,NA ,24-Feb-2026 09:00 AM,27-Feb-2026 02:00 PM ,180.0,No ,No,Online,02-Mar-2026 03:10 PM,Public Works Roads Department,Cachar District.,788013.0,2.0,"23,20,300",BHARAT TRADERS,"2,320,000",Accepted-AOC,02-May-2026,Public Works Roads Department
2025_MDRDE_48970_1,IN-AHIDMS-525202-GO-RFB,Procurement of Furniture for Nursing Institutes under ASSIST Project of AHIDM Society,Procurement of Furniture for Nursing Institutes under ASSIST Project of AHIDM Society,Goods,Open Tender,Supply,Furniture/ Fixture,No,No,NA ,01-Dec-2025 06:00 PM,09-Dec-2025 03:00 PM ,150.0,No ,No,Online,12-Jan-2026 03:00 PM,Medical Education and Research Department- Externally Aided Project||Assam Health Infrastructure Development and Management Society,As per bid document,781022.0,2.0,,Pul Pul Manufacturer,"8,129,950",Rejected-Finance,25-Mar-2026,Medical Education and Research Department- Externally Aided Project||Assam Health Infrastructure Development and Management Society
2025_PWBNH_47679_1,CE/TB-VII/10/2025/7,"Construction of Co District Office (RCC G Plus 4) at Dalgaon, Darrang District, Assam on EPC mode-I","Construction of Co District Office (RCC G Plus 4) at Dalgaon, Darrang District, Assam on EPC mode-I",Works,Open Tender,Item Rate,Civil Works - Building,No,No,NA ,24-Sep-2025 06:00 PM,26-Sep-2025 11:00 AM ,180.0,No ,No,Online,13-Oct-2025 01:00 PM,Public Works Building and NH Department||Chief Engineer-Building - PWBNH,Dalgaon,784116.0,2.0,"17,39,21,368",M/S BIMAL KUMAR AGARWALA,"179,500,000",Rejected-Technical,14-May-2026,Public Works Building and NH Department||Chief Engineer-Building - PWBNH
2026_PWD_52129_1,NH37toAKDevroad,NH27AKDevroad,Construction of Road from NH-27 -Near to A.K. Dev Roadunder SOPD-G for the year 2025-26,Works,Open Tender,Item Wise,Civil Works – Roads,No,No,NA ,17-Mar-2026 02:00 PM,20-Mar-2026 04:00 PM ,180.0,No ,No,Online,23-Mar-2026 02:30 PM,Public Works Roads Department,Guwahati,781014.0,2.0,"1,22,29,000",M/S. DREAM-A-MAZE,"12,228,999.99",Accepted-AOC,27-May-2026,Public Works Roads Department
2026_BoTC_50028_32,SE(R/B)/20-21/Pt-III/15,Package No.202_32,Recovery and Restoration of Howly Chuba to Majarchuba by providing 8.00 M span culvert under NDRF(PDNA-2022) in Udalguri District for the year 2025-26,Works,Open Tender,Item Rate,Civil Works – Roads,No,No,NA ,08-Jan-2026 09:00 AM,NA ,180.0,No ,No,Online,27-Jan-2026 01:30 PM,Bodoland Territorial Council||PWD-BTC,Udalguri dist,784509.0,2.0,"30,00,000",SRI TIRTHA RAM BORO,"2,996,994",Rejected-Technical,05-May-2026,Bodoland Territorial Council||PWD-BTC
2025_BTC_49416_1,No. 05/ACE/BTC/KOK(R)/2025-26/06,"Construction of CC Block Road including RCC Middle Drain from P.K. Road Bhatipara to Kabarsthan at Bhatipara village, under Kokrajhar under SOPD, Tribal Affairs Department, BTC during the financial year 2025-26. TN_77_01.","Construction of CC Block Road including RCC Middle Drain from P.K. Road Bhatipara to Kabarsthan at Bhatipara village, under Kokrajhar under SOPD, Tribal Affairs Department, BTC during the financial year 2025-26. TN_77_01.",Works,Open Tender,Item Rate,Civil Works – Roads,No,No,NA ,18-Dec-2025 10:30 AM,NA ,180.0,No ,No,Online,19-Jan-2026 02:00 PM,Bodoland Territorial Council-PWD||Director Cum CHD - PWD BTC,Kokrajhar,783370.0,2.0,"62,36,898",Eyadul Mandal,"6,235,002",Rejected-AOC,27-May-2026,Bodoland Territorial Council-PWD||Director Cum CHD - PWD BTC
2026_DoWR_49971_1,DHEMAJI/2025-26/PDNA/WORK/II,Restoration of damaged section of Nanadi Right Bank Embankment from Ch. 825 m to 2225 m during the flood of 2022.,Restoration of damaged section of Nanadi Right Bank Embankment from Ch. 825 m to 2225 m during the flood of 2022.,Works,Open Tender,Works,Civil Works,No,No,NA ,06-Jan-2026 09:00 AM,NA ,180.0,No ,No,Online,16-Jan-2026 03:00 PM,Department of Water Resources||Chief Engineer - DoWR,DHEMAJI,787057.0,2.0,"1,06,95,587",Pulak Chutia,"10,695,586.71",Rejected-AOC,26-May-2026,Department of Water Resources||Chief Engineer - DoWR
2025_NHM_49329_2,NHM/ECF/254257,Construction of Sub Health Centre at Various places of Assam Under XV FC Health Grant for FY 2023 24 Under NHM Assam 2 nos scheme in Barpeta district,Construction of Sub Health Centre at Various places of Assam Under XV FC Health Grant for FY 2023 24 Under NHM Assam 2 nos scheme in Barpeta district,Works,Open Tender,Turn-key,Civil Works - Building,No,No,NA ,13-Dec-2025 09:00 AM,NA ,180.0,No ,No,Online,29-Dec-2025 12:00 PM,National Health Mission||State Programme Management Unit - NHM,Barpeta district,781001.0,2.0,"1,04,05,738",M/S T.S. ASSOCIATES,"10,405,700",Rejected-Finance,05-May-2026,National Health Mission||State Programme Management Unit - NHM
2026_GMC_50622_12,GER/CE/2525/2025/Part-I/ 9 Date_ 22 /01/2026,Package No. DSLT-Div-I/12,"Cleaning, Desilting and Maintenance of Drains (Package No. DSLT-Div-I/12) under Mitigation of Urban Flood in Guwahati City under Guwahati Municipal Corporation for the year 2026",Works,Open Tender,Lump-sum,Miscellaneous Works,No,No,NA ,02-Feb-2026 06:50 PM,05-Feb-2026 12:00 PM ,120.0,No ,No,Online,16-Feb-2026 02:30 PM,Guwahati Municipal Corporation,Guwahati,781006.0,2.0,"34,20,000",PURNA CHETRY,"2,325,600",Rejected-AOC,06-May-2026,Guwahati Municipal Corporation
2026_GMC_49943_4,GER/CE/2505/2025/34 Dated_30/12/2025,Construction of Community Hall under Ward No.20,Construction of Various Community Hall under Guwahati Municipal Corporation,Works,Open Tender,Lump-sum,Civil Works,No,No,NA ,05-Jan-2026 04:30 PM,06-Jan-2026 12:00 PM ,120.0,No ,No,Online,29-Jan-2026 02:30 PM,Guwahati Municipal Corporation,Guwahati,781006.0,2.0,,MOON ENTERPRISE,"1,673,800",Accepted-AOC,05-May-2026,Guwahati Municipal Corporation
2026_ID_50784_9,NIT NO.8 (SDMF) 2025-26 Date_03.02.2026,"Bank Protection at Morachandana FIS under SDMF for the year 2025-26 under Udalguri Mazbat Division (Irrigation), Udalguri Package_9","Bank Protection at Morachandana FIS under SDMF for the year 2025-26 under Udalguri Mazbat Division (Irrigation), Udalguri Package_9",Works,Open Tender,Item Rate,Civil Works,No,No,NA ,04-Feb-2026 06:00 PM,06-Feb-2026 02:00 PM ,180.0,No ,No,Online,26-Feb-2026 03:00 PM,Irrigation Department||Chief Engineer(Major)-Irrigation Dept,Udalguri,784509.0,2.0,"1,10,21,059",DEEPAK CHANDRA MANDAL,"6,424,695",Accepted-AOC,08-May-2026,Irrigation Department||Chief Engineer(Major)-Irrigation Dept
2026_WPTBC_51802_1,PTDC/Engg/2026-27/525,Construction of 5th and 6th floor of the new building (Block II) in the Directorate of Assam Institute of Research for Tribals and Scheduled Castes under Article 275 (1) of the Constitution of India during the year 2024-25.,Construction of 5th and 6th floor of the new building (Block II) in the Directorate of Assam Institute of Research for Tribals and Scheduled Castes under Article 275 (1) of the Constitution of India during the year 2024-25.,Works,Open Tender,Item Rate,Civil Works,No,No,NA ,09-Mar-2026 03:30 PM,12-Mar-2026 11:30 AM ,180.0,No ,No,Online,16-Mar-2026 03:00 PM,Welfare of Plain Tribes and Backward Classes||Director - WPT and BC,Kamrup Metro,781022.0,2.0,"4,27,08,000",M/S MIRUSI ENTERPRISE,"42,707,679.8",Accepted-AOC,16-May-2026,Welfare of Plain Tribes and Backward Classes||Director - WPT and BC
2025_BoTC_49434_1,SE(R/B)/20-21/Pt-III/03/201_2,Package No.201_2,Construction of CC Block road from Dhipbichara to SangbadikChowk under CM Goodwill Mission Prject under RIDF-XXXI of NABARD for the year 2025-26.,Works,Open Tender,Item Rate,Civil Works – Roads,No,No,NA ,19-Dec-2025 01:00 PM,NA ,180.0,No ,No,Online,09-Jan-2026 01:30 PM,Bodoland Territorial Council||PWD-BTC,Udalguri,784509.0,2.0,"99,99,981",DHARMESWAR GOYARI,"9,998,981",Rejected-AOC,18-May-2026,Bodoland Territorial Council||PWD-BTC
2026_WPTBC_52073_1,SCDCTECHTABARAKVALLY,Construction of Community hall at Hmarkolein Fulertal Cachar Assam,Construction of Community hall at Hmarkolein Fulertal Cachar Assam,Works,Open Tender,Item Rate,Civil Works,No,No,NA ,19-Mar-2026 09:00 AM,NA ,180.0,No ,No,Online,23-Mar-2026 02:00 PM,Welfare of Plain Tribes and Backward Classes||Directorate of Welfare of Scheduled Caste||Assam State Development Corporation for SC,"DISPUR, GHY-06",781006.0,2.0,"25,00,000",M/S GEE AA ENTERPRISE,"2,500,000",Rejected-AOC,27-May-2026,Welfare of Plain Tribes and Backward Classes||Directorate of Welfare of Scheduled Caste||Assam State Development Corporation for SC
2026_PWD_50704_12,GLP/EE(GE_J)/PDNA/2025-26/1969 Dated 30/01/2026,GLP/EE(GE_J)/NDRF(PDNA 2022)/2025 26/12 Recovery and Reconstruction of Saktola Khonarpar Road under NDRF (PDNA-2022) for the year 2025-26 of Goalpara District (12-Jaleswar LAC),GLP/EE(GE_J)/NDRF(PDNA 2022)/2025 26/12 Recovery and Reconstruction of Saktola Khonarpar Road under NDRF (PDNA-2022) for the year 2025-26 of Goalpara District (12-Jaleswar LAC),Works,Open Tender,Item Rate,Civil Works – Roads,No,No,NA ,03-Feb-2026 10:30 AM,05-Feb-2026 10:00 AM ,180.0,No ,No,Online,19-Feb-2026 04:00 PM,Public Works Roads Department,Goalpara,783101.0,2.0,"29,00,000",Hafizur Rahman,"2,233,000",Rejected-Technical,20-May-2026,Public Works Roads Department
2025_PWD_46706_2,CE/DEV/TB/120/2025-26/01 Dtd- 31.07.2025,"SOPD_G_25_26_29 Construction of (i) Bojou Ali, Internal Road, Pedestrian Road, VIP Entrance Road, VVIP and VIP Car Parking at Meeting Venue with General Car Parking (ii) Halipad No.1 (iii) Halipad No.2 and (iv) Halipad No. 3 for the VVIP visit at Jor","SOPD_G_25_26_29 Construction of (i) Bojou Ali, Internal Road, Pedestrian Road, VIP Entrance Road, VVIP and VIP Car Parking at Meeting Venue with General Car Parking (ii) Halipad No.1 (iii) Halipad No.2 and (iv) Halipad No. 3 for the VVIP visit at Jor",Works,Open Tender,Item Rate,Civil Works – Roads,No,No,NA ,20-Aug-2025 09:00 AM,21-Aug-2025 12:00 PM ,180.0,No ,No,Online,04-Sep-2025 02:30 PM,Public Works Roads Department,Jorhat,785001.0,2.0,"6,91,40,000",ANUPAM NIRMAN PVT. LTD.,"69,139,656",Rejected-Finance,13-May-2026,Public Works Roads Department
2025_PWD_46604_5,CE/STBR/SOPD-G/NIT/07/2025 26/8 Dated 29-07-2025,STBR/SOPD-G/Tezpur-05/05 Construction / Improvement of (1)Bam Parbatia to Rudrapad Temple Road (Ch.0.00m to Ch.880.00m) (2) Dalim Bora Padmabati Path (Padum Pukhuri to Barahalia Kalimandir)(Ch.700.00m to Ch.1400.00m) (3) Ganeshghat to Mahabhairab Ro,STBR/SOPD-G/Tezpur-05/05 Construction / Improvement of (1)Bam Parbatia to Rudrapad Temple Road (Ch.0.00m to Ch.880.00m) (2) Dalim Bora Padmabati Path (Padum Pukhuri to Barahalia Kalimandir)(Ch.700.00m to Ch.1400.00m) (3) Ganeshghat to Mahabhairab Ro,Works,Open Tender,Item Rate,Civil Works – Roads,No,No,NA ,18-Aug-2025 02:00 PM,20-Aug-2025 11:00 AM ,180.0,No ,No,Online,02-Sep-2025 11:00 AM,Public Works Roads Department,Tezpur,784001.0,2.0,"1,28,25,000",Anupam Industrial Corporation,"12,823,088",Accepted-AOC,06-May-2026,Public Works Roads Department
2026_BoTC_51261_1,SE(RB)/20-21/Pt-III/49/209_1,Package No.209_1,Recovery and Reconstruction of flood damaged road from NF railway Band to Sesapani village (Construction of RCC Box Cell Culvert along with earth filling and GSB at approaches) under NDRF (PDNA-2022) for the year 2025-26 of District-Kokrajhar.,Works,Open Tender,Item Rate,Civil Works – Roads,No,No,NA ,18-Feb-2026 01:00 PM,NA ,180.0,No ,No,Online,02-Mar-2026 01:30 PM,Bodoland Territorial Council||PWD-BTC,Kokrajhar district,783370.0,2.0,"46,85,000",SAMIUL ISLAM,"4,685,000",Rejected-AOC,12-May-2026,Bodoland Territorial Council||PWD-BTC
2025_PWD_46196_10,CE/DEV/TB/122/2025-26/06 Dated. 04-08-2025,BTR_SOPD_G_25_26_18 Construction of (1) CC block road from Dhenubori Silbori Road to Ashram Kalibari Road (Bandarputa) (2) Rowta Tarabari road to Simliguri road (3) RU road Hatigarh catlic church to NH-15 and Teacher colony (4) Construction of CC blo,BTR_SOPD_G_25_26_18 Construction of (1) CC block road from Dhenubori Silbori Road to Ashram Kalibari Road (Bandarputa) (2) Rowta Tarabari road to Simliguri road (3) RU road Hatigarh catlic church to NH-15 and Teacher colony (4) Construction of CC blo,Works,Open Tender,Item Rate,Civil Works – Roads,No,No,NA ,06-Aug-2025 06:00 PM,11-Aug-2025 12:00 PM ,180.0,No ,No,Online,14-Aug-2025 02:30 PM,Public Works Roads Department,Mazbat,784507.0,2.0,"2,15,71,000",DHARMESWAR GAYARI,"21,566,000",Rejected-Finance,18-May-2026,Public Works Roads Department
2025_PWD_46191_31,CE/DEV/TB/122/2025-26/1 Dtd- 01.08.2025,BTR_RIDF_XXXI_25_26_30 (1) Construction of ICBP road from South Sonapur near Patgaon toll gate to Ouguri village road from Ch.0.00Km to Ch. 2.20 Km (Length -2.20 Km) (2) Construction of Road from Diajhijari Main Road to Bhutiapara village Main Road c,BTR_RIDF_XXXI_25_26_30 (1) Construction of ICBP road from South Sonapur near Patgaon toll gate to Ouguri village road from Ch.0.00Km to Ch. 2.20 Km (Length -2.20 Km) (2) Construction of Road from Diajhijari Main Road to Bhutiapara village Main Road c,Works,Open Tender,Item Rate,Civil Works – Roads,No,No,NA ,06-Aug-2025 06:00 PM,11-Aug-2025 12:00 PM ,180.0,No ,No,Online,14-Aug-2025 02:30 PM,Public Works Roads Department,Kokrajhar,783370.0,2.0,"7,59,11,000",BIRKHW BASUMATARY,"75,909,419.72",Accepted-AOC,26-May-2026,Public Works Roads Department
2026_DoWR_50731_1,N LAKHIMPUR/2025-26/SOPD G/VI,Anti erosion measures to protect Nehru H.S. School and its adjoining areas from the erosion of river Dikrong on R/B.,Anti erosion measures to protect Nehru H.S. School and its adjoining areas from the erosion of river Dikrong on R/B.,Works,Open Tender,Works,Civil Works,No,No,NA ,03-Feb-2026 09:00 AM,NA ,180.0,No ,No,Online,16-Feb-2026 03:00 PM,Department of Water Resources||Chief Engineer - DoWR,North Lakhimpur,787001.0,2.0,"4,19,08,418",Yugant Infrastructure Private Limited,"41,904,183.52",Rejected-AOC,20-May-2026,Department of Water Resources||Chief Engineer - DoWR
2026_PWBNH_50948_1,Tech-I(H_E)/95/2025/63 Dated Guwahati the 6th February 2026,Construction of 100 Secondary Schools in 35 Districts of Assam under RIDF-XXXI (2025-26) for Kakopathar HS School under Tinsukia DTBD (Package No.42),Construction of 100 Secondary Schools in 35 Districts of Assam under RIDF-XXXI (2025-26) for Kakopathar HS School under Tinsukia DTBD (Package No.42),Works,Open Tender,Item Rate,Civil Works - Building,No,No,NA ,09-Feb-2026 10:00 AM,13-Feb-2026 11:30 AM ,180.0,No ,No,Online,18-Feb-2026 04:00 PM,Public Works Building and NH Department||Chief Engineer-Building - PWBNH,Tinsukia,786125.0,2.0,"4,08,19,476",MS UDAY ENTERPRISE,"40,819,000",Accepted-AOC,15-May-2026,Public Works Building and NH Department||Chief Engineer-Building - PWBNH
2026_BTC_51967_1,No.ACE-106/PWD/IFB/PT-I/23-24,Construction of ICBP road from Borobazar Bhabanipur road at Hasrawbari to Borobazar Choudhuripara road via Silbari Monakocha at Bijni in Chirang District BTC for the year 2025-26 (From Ch.1000.00m to 2000.00m) TN_133_02,Construction of ICBP road from Borobazar Bhabanipur road at Hasrawbari to Borobazar Choudhuripara road via Silbari Monakocha at Bijni in Chirang District BTC for the year 2025-26 (From Ch.1000.00m to 2000.00m) TN_133_02,Works,Open Tender,Item Rate,Civil Works – Roads,No,No,NA ,13-Mar-2026 04:00 PM,NA ,180.0,No ,No,Online,02-Apr-2026 02:00 PM,Bodoland Territorial Council-PWD||Director Cum CHD - PWD BTC,Chirang,783390.0,2.0,"99,98,741",MITHINGA BORO,"9,997,000",Rejected-AOC,26-May-2026,Bodoland Territorial Council-PWD||Director Cum CHD - PWD BTC
2026_BTC_50967_1,No.ACE-133/PWD/G.79/2025-26/66,Improvement and development of Mahamuni Devalay under SOPD Bodoland Welfare Department 2025-26. TN_108_04,Improvement and development of Mahamuni Devalay under SOPD Bodoland Welfare Department 2025-26. TN_108_04,Works,Open Tender,Item Rate,Civil Works - Building,No,No,NA ,09-Feb-2026 09:00 AM,NA ,180.0,No ,No,Online,21-Feb-2026 02:00 PM,Bodoland Territorial Council-PWD||Director Cum CHD - PWD BTC,Kokrajhar,783370.0,2.0,"1,09,99,837",ABONG BRAHMA,"10,999,800.01",Accepted-AOC,25-May-2026,Bodoland Territorial Council-PWD||Director Cum CHD - PWD BTC
2026_WPTBC_52116_1,PTDC/Engg/2026-27/542,"Major Renovation at Bakalia English LP School, Lanosomepi, Dist- Karbi Angling under DAJGUA during the year 2025-26.","Major Renovation at Bakalia English LP School, Lanosomepi, Dist- Karbi Angling under DAJGUA during the year 2025-26.",Works,Open Tender,Item Rate,Civil Works,No,No,NA ,16-Mar-2026 06:15 PM,23-Mar-2026 11:30 AM ,180.0,No ,No,Online,09-Apr-2026 03:00 PM,Welfare of Plain Tribes and Backward Classes||Director - WPT and BC,Karbi Anglong,782448.0,2.0,"74,99,000",Devajit Kutum,"6,749,100",Accepted-AOC,21-May-2026,Welfare of Plain Tribes and Backward Classes||Director - WPT and BC
2025_PWD_45820_73,CE/STBR/SOPD-G/NIT/07/2025 26/1 Dated 26-06-2025,STBR/SOPD-G/Dhing-01/16 Re-Consruction of Nagaon Bhuragaon Road from ch.27630.00 m to ch. 29990.00 m Under Mukhya Mantrir Path Nabikaran Achani under SOPD-G for the year 2025-26 in Nagaon District (Dhing LAC),STBR/SOPD-G/Dhing-01/16 Re-Consruction of Nagaon Bhuragaon Road from ch.27630.00 m to ch. 29990.00 m Under Mukhya Mantrir Path Nabikaran Achani under SOPD-G for the year 2025-26 in Nagaon District (Dhing LAC),Works,Open Tender,Item Rate,Civil Works – Roads,No,No,NA ,30-Jul-2025 03:00 PM,31-Jul-2025 11:00 AM ,180.0,No ,No,Online,11-Aug-2025 11:00 AM,Public Works Roads Department,Dhing,782123.0,2.0,"1,81,64,000",M/S ANKUR ENTERPRISE,"18,163,000",Accepted-AOC,20-May-2026,Public Works Roads Department
2025_BoTC_49468_1,SE(R/B)/20-21/Pt-III/03/201_9,Package No.201_9,Construction of CC Block road from NH-15 Baligami road to Batabari under Balipara VCDC under CM Goodwill Mission Prject under RIDF-XXXI of NABARD for the year 2025-26.,Works,Open Tender,Item Rate,Civil Works – Roads,No,No,NA ,19-Dec-2025 01:00 PM,NA ,180.0,No ,No,Online,09-Jan-2026 01:30 PM,Bodoland Territorial Council||PWD-BTC,"Mazbat, Udalguri dist",784507.0,2.0,"1,00,00,000",RATUL BRAHMA,"9,999,982",Rejected-AOC,05-May-2026,Bodoland Territorial Council||PWD-BTC
2026_PWBNH_51834_1,SE(B)/JHT/C/S/S-15/2025-26/980,"Renovation of existing Boys and Girls Hostel at JMCH, Jorhat","Renovation of existing Boys and Girls Hostel at JMCH, Jorhat",Works,Open Tender,Item Rate,Civil Works - Building,No,No,NA ,09-Mar-2026 05:40 PM,13-Mar-2026 11:00 AM ,180.0,No ,No,Online,30-Mar-2026 03:00 PM,Public Works Building and NH Department||Chief Engineer-Building - PWBNH,JORHAT,785001.0,2.0,"2,67,34,700",Rupom Dutta,"27,504,458",Rejected-Technical,26-May-2026,Public Works Building and NH Department||Chief Engineer-Building - PWBNH
2025_GMC_47288_19,GER/CE/2505/2025/6 Dated_01/09/2025,Construction of Toilet under Ward No.24,Construction of Toilet under Ward No.24,Works,Open Tender,Lump-sum,Civil Works,No,No,NA ,06-Sep-2025 06:15 PM,08-Sep-2025 12:00 PM ,120.0,No ,No,Online,07-Oct-2025 02:30 PM,Guwahati Municipal Corporation,Guwahati,781006.0,2.0,,HEMANTA KUMAR DEKA,"1,719,800",Accepted-AOC,07-May-2026,Guwahati Municipal Corporation
2025_PWD_46191_30,CE/DEV/TB/122/2025-26/1 Dtd- 01.08.2025,BTR_RIDF_XXXI_25_26_29 Construction of (1) Road from Simbargaon to Ouwabari village road from Ch. 0.00Km to Ch. 3.18 Km (Length - 3.18 Km) (2) ICBP road from Dekrub Bazar to Bhutiapara village at Karigaon Lahoti road from Ch. 0.00Km to Ch. 1.76 Km (L,BTR_RIDF_XXXI_25_26_29 Construction of (1) Road from Simbargaon to Ouwabari village road from Ch. 0.00Km to Ch. 3.18 Km (Length - 3.18 Km) (2) ICBP road from Dekrub Bazar to Bhutiapara village at Karigaon Lahoti road from Ch. 0.00Km to Ch. 1.76 Km (L,Works,Open Tender,Item Rate,Civil Works – Roads,No,No,NA ,06-Aug-2025 06:00 PM,11-Aug-2025 12:00 PM ,180.0,No ,No,Online,14-Aug-2025 02:30 PM,Public Works Roads Department,Kokrajhar,783370.0,2.0,"4,51,00,000",GEDEMA BASUMATARY,"45,099,000",Rejected-Finance,07-May-2026,Public Works Roads Department
2025_AEGCL_48144_1,AEGCL/MD/CGM(OnM)/EQUIPMENT SUPPLY/2025/BID,Supply of 33kV terminal equipments at various GSS of AEGCL under Lower Assam Region,Supply of 33kV terminal equipments at various GSS of AEGCL under Lower Assam Region,Goods,Open Tender,Supply,Electrical Work/ Equipment,No,No,NA ,17-Oct-2025 06:00 PM,NA ,180.0,No ,No,Online,26-Nov-2025 02:00 PM,Assam Electricity Grid Corporation Ltd||CGM (T and T),Various GSS of AEGCL as per Bid,781001.0,2.0,"97,42,818",AADS Enterprises,"7,684,160",Accepted-AOC,27-May-2026,Assam Electricity Grid Corporation Ltd||CGM (T and T)
2025_PWD_47977_1,Tech/NDTRD/NIT/1028/2931,Tihu_SOPD-G_2025-26_05,"1. Reconstruction of road from Dakhgin Bangaon (Dumora) to Napara link, 2. Construction of road from Bongaon Madrasa PWD Link Road to Bhagether Suburi road under SOPD-G for the year 2025-26.",Works,Open Tender,Item Rate,Civil Works – Roads,No,No,NA ,13-Oct-2025 10:30 AM,NA ,180.0,No ,No,Online,04-Nov-2025 10:30 AM,Public Works Roads Department,Nalbari,781335.0,2.0,"86,83,000",SRI BIMAN JYOTI DEKA,"8,682,400",Rejected-Finance,06-May-2026,Public Works Roads Department
2025_PWD_49749_1,DRRD/TB/NIT/COM/2018-19/482,Reconstruction of Khudimari Dumardaha Kalahat Binnachara Road at 7th Km 8th Km Ch. 0.00 m to Ch. 1000.00 m under NDRF PDNA-2022 for the year 2025 26,Reconstruction of Khudimari Dumardaha Kalahat Binnachara Road at 7th Km 8th Km Ch. 0.00 m to Ch. 1000.00 m under NDRF PDNA-2022 for the year 2025 26,Works,Open Tender,Item Rate,Civil Works,No,No,NA ,31-Dec-2025 11:00 AM,03-Jan-2026 04:00 PM ,90.0,No ,No,Online,06-Jan-2026 03:00 PM,Public Works Roads Department,DHUBRI,783301.0,2.0,"35,00,000",CHAITANYA DAS,"3,499,999.16",Accepted-AOC,27-Feb-2026,Public Works Roads Department
2025_PWD_46685_20,CE/DEV/TB/60/2025-26/13 Dtd- 31.07.2025,"MMPPNA_RIDF_XXXI_25_26_401 Construction of Road from (1) Coffee Board to Hidim Teron Village, (2) Kontholal gaon to Diger gaon, (3)Dikrong Langso LP School to Kania Ronghang village Under Mukhya Mantir Pakipath Nirman Achani (MMPPNA) Under RIDF-XXXI","MMPPNA_RIDF_XXXI_25_26_401 Construction of Road from (1) Coffee Board to Hidim Teron Village, (2) Kontholal gaon to Diger gaon, (3)Dikrong Langso LP School to Kania Ronghang village Under Mukhya Mantir Pakipath Nirman Achani (MMPPNA) Under RIDF-XXXI",Works,Open Tender,Item Rate,Civil Works – Roads,No,No,NA ,20-Aug-2025 06:00 PM,21-Aug-2025 12:00 PM ,180.0,No ,No,Online,09-Sep-2025 02:30 PM,Public Works Roads Department,Karbi Anglong,782410.0,2.0,"4,85,39,000",Blue Bell Group of Company,"48,539,000",Accepted-AOC,15-May-2026,Public Works Roads Department
2025_PWD_48827_1,CE/DEV/TB/60/2025-26/53 Dtd- 15.11.2025,MMPPNA_RIDF_XXXI_25_26_539 Improvement of Tiniali Chowk to Jarpara under Mukhya Mantrir Pakipath Nirman Achani (MMPPNA) under RIDF-XXXI of NABARD for the year 2025-26.,MMPPNA_RIDF_XXXI_25_26_539 Improvement of Tiniali Chowk to Jarpara under Mukhya Mantrir Pakipath Nirman Achani (MMPPNA) under RIDF-XXXI of NABARD for the year 2025-26.,Works,Open Tender,Item Rate,Civil Works – Roads,No,No,NA ,21-Nov-2025 06:55 PM,01-Dec-2025 12:00 PM ,180.0,No ,No,Online,12-Dec-2025 02:30 PM,Public Works Roads Department,Chamaria,781136.0,2.0,"6,00,00,000",SARAIGHAT ENGINEERS,"60,000,000",Rejected-Finance,06-May-2026,Public Works Roads Department
2026_BTC_51983_1,No.ACE-106/PWD/IFB/PT-I/23-24,"Contst. of road from Khaothong Chowk to Mebla Boro house via Bijaypur village from Ch.0.00 Km to Ch.2.00 Km (Length-2.00 Km) with 2 Nos. RCC Box Culvert under SOPD in BTC area in Barpather VCDC, Chirang District for the year 2025-26. TN_133_08","Contst. of road from Khaothong Chowk to Mebla Boro house via Bijaypur village from Ch.0.00 Km to Ch.2.00 Km (Length-2.00 Km) with 2 Nos. RCC Box Culvert under SOPD in BTC area in Barpather VCDC, Chirang District for the year 2025-26. TN_133_08",Works,Open Tender,Item Rate,Civil Works – Roads,No,No,NA ,13-Mar-2026 05:00 PM,NA ,180.0,No ,No,Online,02-Apr-2026 02:00 PM,Bodoland Territorial Council-PWD||Director Cum CHD - PWD BTC,Chirang,783390.0,2.0,"1,76,14,658",KAMALA KANTA KHAKLARY,"17,614,000",Rejected-AOC,18-May-2026,Bodoland Territorial Council-PWD||Director Cum CHD - PWD BTC
2025_PWD_49774_1,DRRD/TB/NIT/COM/2018-19/482,Reconstruction of road from Extension of NH 31 at Bagribari to Baniamari road under NDRF PDNA 2022 for the year 2025 2026,Reconstruction of road from Extension of NH 31 at Bagribari to Baniamari road under NDRF PDNA 2022 for the year 2025 2026,Works,Open Tender,Item Rate,Civil Works,No,No,NA ,31-Dec-2025 11:00 AM,03-Jan-2026 04:00 PM ,90.0,No ,No,Online,06-Jan-2026 03:00 PM,Public Works Roads Department,DHUBRI,783301.0,2.0,"49,99,000",VISHAL HARLALKA,"4,998,999.98",Rejected-AOC,11-Mar-2026,Public Works Roads Department
2025_PWD_45926_126,CE/DEV/TB/60/2025-26/06 Dtd- 14.07.2025,"MMPPNA_RIDF_XXXI_25_26_251 Construction of Meleng Fesual Road to Chetia Gaon via Rasheswar Borgohain Path Meteli Bhakat Chuk, Borgohain Chapori to Jamuguri and Sotai Bhakat Gaon under Mukhya Mantrir Paki Path Nirman Achani (MMPPNA) under RIDF-XXXI of","MMPPNA_RIDF_XXXI_25_26_251 Construction of Meleng Fesual Road to Chetia Gaon via Rasheswar Borgohain Path Meteli Bhakat Chuk, Borgohain Chapori to Jamuguri and Sotai Bhakat Gaon under Mukhya Mantrir Paki Path Nirman Achani (MMPPNA) under RIDF-XXXI of",Works,Open Tender,Item Rate,Civil Works – Roads,No,No,NA ,31-Jul-2025 06:00 PM,04-Aug-2025 12:00 PM ,180.0,No ,No,Online,14-Aug-2025 02:30 PM,Public Works Roads Department,Jorhat,785001.0,2.0,"4,60,52,000",Sri Jyoti Prakash Borah,"46,051,663",Rejected-Finance,26-May-2026,Public Works Roads Department
2026_DOT_51010_1,ATDC-748/2002/Pt-I/2011/4559 dtd. 02.02.2026,"Development, Operation and Management Contract for running the Tourist Arrival cum Reception Centre at Kaziranga","Development, Operation and Management Contract for running the Tourist Arrival cum Reception Centre at Kaziranga",Services,Open Tender,Item Rate,Hotel/ Catering,No,No,NA ,10-Feb-2026 01:00 PM,11-Feb-2026 12:00 PM ,180.0,No ,No,Online,24-Feb-2026 01:00 PM,Department of Tourism||Assam Tourism Development Corporation Ltd. - DOT||HO-Guwahati-ATDCL - DOT,Kaziranga,785609.0,2.0,"60,000",R and D HOLIDAYS,"60,000",Not Admitted-Fee/PreQual/Technical,07-May-2026,Department of Tourism||Assam Tourism Development Corporation Ltd. - DOT||HO-Guwahati-ATDCL - DOT
2025_PWBNH_48826_1,Tech-IV(H_E)/RIDF- XXXI/01/2025/ 36 Dated Guwahati the 07 Nov 2025,"Construction of New School Building of 100 Secondary School in 35 Districts of Assam under RDIF-XXXI (2025-26) for Mikirbheta HS School, Dist Morigaon, Package no. 31","Construction of New School Building of 100 Secondary School in 35 Districts of Assam under RDIF-XXXI (2025-26) for Mikirbheta HS School, Dist Morigaon, Package no. 31",Works,Open Tender,Item Rate,Civil Works - Building,No,No,NA ,22-Nov-2025 02:00 PM,26-Nov-2025 11:30 AM ,180.0,No ,No,Online,15-Dec-2025 04:00 PM,Public Works Building and NH Department||Chief Engineer-Building - PWBNH,Morigaon,782105.0,2.0,"4,12,18,189",Biren Deka,"44,875,062",Accepted-AOC,16-May-2026,Public Works Building and NH Department||Chief Engineer-Building - PWBNH
2026_BoTC_51611_1,SE(RB)/20-21/Pt-III/58/210_1,Package No.210_1,Construction of road with RCC Box Culvert at Polashguri under BTC for the year 2025-26,Works,Open Tender,Item Rate,Civil Works – Roads,No,No,NA ,02-Mar-2026 02:00 PM,NA ,180.0,No ,No,Online,18-Mar-2026 01:30 PM,Bodoland Territorial Council||PWD-BTC,"Polashguri, Kokrajhar dist",783360.0,2.0,"1,39,99,989",NIRITA NARZARY,"13,999,500",Rejected-AOC,16-May-2026,Bodoland Territorial Council||PWD-BTC
2025_PHED_49723_1,PHE_08_MM_PB_25_26_T_14607_12,Construction of New Divisional and Sub-Divisional Office Building in Sivasagar (PHE) under the programme SOPD,Construction of New Divisional and Sub-Divisional Office Building in Sivasagar required in the Assam Public Health Engineering Department under the programme SOPD,Works,Open Tender,Works,Civil Works - Building,No,No,NA ,31-Dec-2025 10:00 AM,12-Jan-2026 04:00 PM ,180.0,No ,No,Online,29-Jan-2026 03:00 PM,Public Health Engineering Department||Chief Engineer PHE(P)-Assam-PHED||Lower Assam Zone-Guwahati-PHED||Guwahati Circle-Guwahati-PHED,Sivasagar,785640.0,2.0,"3,66,45,000",Papan Gogoi,"32,984,164",Rejected-Finance,12-May-2026,Public Health Engineering Department||Chief Engineer PHE(P)-Assam-PHED||Lower Assam Zone-Guwahati-PHED||Guwahati Circle-Guwahati-PHED
2026_ID_50784_8,NIT NO.8 (SDMF) 2025-26 Date_03.02.2026,"Protection work at D/S Afflux and Improvement of Canal at Lalpani FIS under SDMF for the year 2025-26 under Udalguri Mazbat Division (Irrigation), Udalguri Package_8","Protection work at D/S Afflux and Improvement of Canal at Lalpani FIS under SDMF for the year 2025-26 under Udalguri Mazbat Division (Irrigation), Udalguri Package_8",Works,Open Tender,Item Rate,Civil Works,No,No,NA ,04-Feb-2026 06:00 PM,06-Feb-2026 02:00 PM ,180.0,No ,No,Online,26-Feb-2026 03:00 PM,Irrigation Department||Chief Engineer(Major)-Irrigation Dept,Udalguri,784509.0,2.0,"1,43,91,293",DHARMESWAR GOYARI,"12,952,164",Rejected-AOC,08-May-2026,Irrigation Department||Chief Engineer(Major)-Irrigation Dept
2026_GMC_49943_5,GER/CE/2505/2025/34 Dated_30/12/2025,Construction of Community Hall under Ward No.6,Construction of Various Community Hall under Guwahati Municipal Corporation,Works,Open Tender,Lump-sum,Civil Works,No,No,NA ,05-Jan-2026 04:30 PM,06-Jan-2026 12:00 PM ,120.0,No ,No,Online,29-Jan-2026 02:30 PM,Guwahati Municipal Corporation,Guwahati,781006.0,2.0,,M/S MAZUMDAR ENTERPRISES,"1,600,000",Accepted-AOC,07-May-2026,Guwahati Municipal Corporation
2026_GMC_50622_13,GER/CE/2525/2025/Part-I/ 9 Date_ 22 /01/2026,Package No. DSLT-Div-I/13,"Cleaning, Desilting and Maintenance of Drains (Package No. DSLT-Div-I/13) under Mitigation of Urban Flood in Guwahati City under Guwahati Municipal Corporation for the year 2026",Works,Open Tender,Lump-sum,Miscellaneous Works,No,No,NA ,02-Feb-2026 06:50 PM,05-Feb-2026 12:00 PM ,120.0,No ,No,Online,16-Feb-2026 02:30 PM,Guwahati Municipal Corporation,Guwahati,781006.0,2.0,"14,17,000",NIPEN DAS,"1,086,839",Rejected-AOC,06-May-2026,Guwahati Municipal Corporation
2026_DHTS_51417_1,"SDW.1356/2025-26/2664, Dated 12/02/2026","Construction of one no. Rearing House , Toilet Block and Supply of Rearing equipments","Construction of one no. Rearing House, Toilet Block and Supply of Rearing equipments at Lamachuk Sariani ECC under ADS Lakhimpur",Works,Open Tender,Works,Civil Works,No,No,NA ,21-Feb-2026 06:00 PM,26-Feb-2026 11:30 AM ,180.0,No ,No,Online,05-Mar-2026 04:00 PM,Department of Handloom Textile and Sericulture||Directorate of Sericulture,Guwahati,781022.0,2.0,"32,00,000",ASHOK BORUAH,"3,199,500",Accepted-AOC,08-May-2026,Department of Handloom Textile and Sericulture||Directorate of Sericulture
2026_BoTC_50028_27,SE(R/B)/20-21/Pt-III/15,Package No.202_27,Recovery and Restoration of Orangajuli VCDC road at Kalahandibasti under NDRF(PDNA-2022) in Udalguri District for the year 2025-26.,Works,Open Tender,Item Rate,Civil Works – Roads,No,No,NA ,07-Jan-2026 06:00 PM,NA ,180.0,No ,No,Online,27-Jan-2026 01:30 PM,Bodoland Territorial Council||PWD-BTC,Udalguri dist,784509.0,2.0,"28,95,000",ABDUL MADIN ALI,"2,893,498",Accepted-AOC,05-May-2026,Bodoland Territorial Council||PWD-BTC
2025_SCD_49657_14,Tender/NIT/Pt-I/2025-26/5725,Anti Erosion Measures With Boulder Revetment Work on The Bank of Turkunijan At Village Nalana under RIDFXXXI,Anti Erosion Measures With Boulder Revetment Work on The Bank of Turkunijan At Village Nalana under RIDFXXXI,Works,Open Tender,Item Rate,Civil Works,No,No,NA ,26-Dec-2025 10:45 AM,07-Jan-2026 12:00 PM ,180.0,No ,No,Online,19-Jan-2026 02:00 PM,Soil Conservation Department||Director - SCD,Barpeta S. C. Division,781301.0,2.0,"34,86,400",DHRUBA JYOTI SARMA,"2,823,984",Rejected-Finance,13-May-2026,Soil Conservation Department||Director - SCD
2025_PWD_47032_2,CE/DEV/TB/54/2025-26/12 Dtd- 14.08.2025,MMUPPNA_RIDF_XXXI_25_26_43 Improvement of Road from Major Ati Chariiali to Teliapatty Chariali from Ch.0.00m to 1155.00m including RCC Drain with widening of road from 0.00m to 750.00m up to Pani Ram Bora Road under Mukhya Mantrir Unnata Pakipath N,MMUPPNA_RIDF_XXXI_25_26_43 Improvement of Road from Major Ati Chariiali to Teliapatty Chariali from Ch.0.00m to 1155.00m including RCC Drain with widening of road from 0.00m to 750.00m up to Pani Ram Bora Road under Mukhya Mantrir Unnata Pakipath N,Works,Open Tender,Item Rate,Civil Works – Roads,No,No,NA ,27-Aug-2025 06:00 PM,02-Sep-2025 12:00 PM ,180.0,No ,No,Online,16-Sep-2025 02:30 PM,Public Works Roads Department,Nagaon,782001.0,2.0,"3,03,14,000",Sri Giri Kanta Borah,"30,313,000",Accepted-AOC,11-May-2026,Public Works Roads Department
2026_PCCF_50685_1,O.O. 41 dated. 30/01/2026,Development of other Wildlife Areas,Development of other Wildlife Areas under Nagaon Division Under the Scheme SOPD,Works,Open Tender,Percentage,Civil Works,No,No,NA ,31-Jan-2026 05:00 PM,NA ,180.0,No ,No,Online,19-Feb-2026 03:30 PM,"Pr. Chief Conservator of Forest and Head of Forest Force||Chief Conservator of Forests (Upper Assam Zone)||Northern Assam Circle, Tezpur||Nagaon Division",Nagaon,782001.0,2.0,"40,00,000",J D ASSOCIATES,"3,900,000",Rejected-Finance,13-Mar-2026,"Pr. Chief Conservator of Forest and Head of Forest Force||Chief Conservator of Forests (Upper Assam Zone)||Northern Assam Circle, Tezpur||Nagaon Division"
2026_DoWR_50635_1,GOLAGHAT/2025-26/SOPD-G/III,Anti-erosion measures at Sankala Sungi Hula area on the right bank of river Dhansiri.,Anti-erosion measures at Sankala Sungi Hula area on the right bank of river Dhansiri.,Works,Open Tender,Works,Civil Works,No,No,NA ,29-Jan-2026 06:55 PM,NA ,180.0,No ,No,Online,11-Feb-2026 03:00 PM,Department of Water Resources||Chief Engineer - DoWR,"Sankala Sungi Hula area, Golaghat",785622.0,2.0,"4,95,19,420",RAM SAGAR PRASAD,"49,519,418.82",Rejected-AOC,21-May-2026,Department of Water Resources||Chief Engineer - DoWR
2026_BTC_51307_2,125/ACE/NIT/Infra/BTC/22-23,"Construction of Office Building with Toilet Block, Drinking Water and earth filling to Goreswar Education Block for the year 2025-26. TN_16_5_R","Construction of Office Building with Toilet Block, Drinking Water and earth filling to Goreswar Education Block for the year 2025-26.",Works,Open Tender,Item Rate,Civil Works,No,No,NA ,18-Feb-2026 10:00 AM,NA ,180.0,No ,No,Online,10-Mar-2026 03:00 PM,Bodoland Territorial Council-PWD||Director Cum CHD - PWD BTC,Tamulpur,781315.0,2.0,"94,27,894",DIGEN SWARGIARY,"9,427,894",Rejected-AOC,22-May-2026,Bodoland Territorial Council-PWD||Director Cum CHD - PWD BTC
2025_NHM_49709_13,I/1373076/2025,"Construction of New PHC at Derapathar SD in HOJAI District under XV-FC Health Grant under NHM, Assam.","Construction of New PHC at Derapathar SD in HOJAI District under XV-FC Health Grant under NHM, Assam.",Works,Open Tender,Turn-key,Civil Works - Building,No,No,NA ,30-Dec-2025 04:00 PM,NA ,225.0,No ,No,Online,20-Jan-2026 03:30 PM,National Health Mission||State Programme Management Unit - NHM,Hojai,782435.0,2.0,"2,42,82,945",M/S MAYUR ASSOCIATES,"24,282,000",Rejected-Finance,05-May-2026,National Health Mission||State Programme Management Unit - NHM
2025_PWD_49144_1,CE/DEV/TB/116/2025-26/76 Dtd- 03.12.2025,ASOM_MALA_3.0_25_26_71 Construction Of RCC Bridge No. 3/1 Over River Jiadhal Including Bridge Approachcs On Dirpain NLGR Road At Panbari To Balisori Jaidhalmukh Under Asom Mala 3.0 For the Year 2025-2026,ASOM_MALA_3.0_25_26_71 Construction Of RCC Bridge No. 3/1 Over River Jiadhal Including Bridge Approachcs On Dirpain NLGR Road At Panbari To Balisori Jaidhalmukh Under Asom Mala 3.0 For the Year 2025-2026,Works,Open Tender,Item Rate,Civil Works – Roads,No,No,NA ,10-Dec-2025 09:00 AM,16-Dec-2025 12:00 PM ,180.0,No ,No,Online,29-Dec-2025 02:30 PM,Public Works Roads Department,Dhemaji,787057.0,2.0,"41,93,88,000",Sunwin Energy and Infra Pvt Ltd,"419,388,000",Rejected-Finance,25-May-2026,Public Works Roads Department
2025_NHM_49709_11,I/1373076/2025,"Construction of New PHC at Monachera SC in Hailakandi District under XV-FC Health Grant under NHM, Assam.","Construction of New PHC at Monachera SC in Hailakandi District under XV-FC Health Grant under NHM, Assam.",Works,Open Tender,Turn-key,Civil Works - Building,No,No,NA ,28-May-2026 06:00 PM,NA ,225.0,No ,No,Online,20-Jan-2026 03:30 PM,National Health Mission||State Programme Management Unit - NHM,Hailakandi,788151.0,2.0,"2,42,82,945",ABDUL HAMID CHOUDHURY,"24,280,945",Accepted-AOC,07-May-2026,National Health Mission||State Programme Management Unit - NHM
2026_UDD_50290_1,NIT No NMB/246/15th FC (Tied/Untied)/2021-22/491Dated Nazira the 16th January 2026,NIT No NMB/246/15th FC (Tied/Untied)/2021-22/491 Dated Nazira the 16th January 2026,"PROPOSED CONSTRUCTION OF ZUBEEN GARG STATUE PLATFORM AND BOUNDARY WALL WITH IMPROVEMENT OF GANDHI MAIDAN, NAZIRA UNDER NAZIRA MUNICIPAL BOARD",Works,Open Tender,Works,Civil Works,No,No,NA ,17-Jan-2026 05:00 PM,19-Jan-2026 11:00 AM ,90.0,No ,No,Online,07-Feb-2026 02:00 PM,Urban Development Department||Directorate of Municipality Administration - UDD||Nazira Municipal Board,NAZIRA TOWN WARD NO 5,785685.0,2.0,"65,85,000",REKIBUDDIN AHMED,"6,301,539",Accepted-AOC,08-May-2026,Urban Development Department||Directorate of Municipality Administration - UDD||Nazira Municipal Board
2026_SEEDE_50494_1,GS07b (Lot 1),Hiring of Creative Agency for Design and Printing of publicity materials and Audio-Visual Production (Lot 1- Creative Agency 1),Hiring of Creative Agency for Design and Printing of publicity materials and Audio-Visual Production (Lot 1- Creative Agency 1),Services,Open Tender,Item Rate,Miscellaneous Services,No,No,NA ,24-Jan-2026 10:00 AM,NA ,90.0,No ,No,Online,07-Feb-2026 03:00 PM,Skill Employment and Entrepreneurship Department- Externally Aided Project||Assam Skill University Project- ADB Funded Tenders,"DECT Complex, Rehabari",781008.0,1.0,,B P Enterprise,"854,320",Accepted-AOC,08-May-2026,Skill Employment and Entrepreneurship Department- Externally Aided Project||Assam Skill University Project- ADB Funded Tenders
2025_PHED_49498_1,ACE/PHE/NAZ/TEZ/TC-167 /2025-26/325 Dated 19/12/2025,Construction of RCC 2 Storied (with G plus 3 Foundation) Office Building of the Executive Engineer (PHE) Ghilamara Division and Assistant Executive Engineer (PHE) Ghilamara Sub_Division under the Programme SOPD,Construction of RCC 2 Storied (with G plus 3 Foundation) Office Building of the Executive Engineer (PHE) Ghilamara Division and Assistant Executive Engineer (PHE) Ghilamara Sub_Division under the Programme SOPD,Works,Open Tender,Item Rate,Civil Works - Building,No,No,NA ,20-Dec-2025 10:00 AM,30-Dec-2025 03:00 PM ,90.0,No ,No,Online,12-Jan-2026 03:00 PM,Public Health Engineering Department||Chief Engineer PHE(P)-Assam-PHED||North Assam Zone-Tezpur-PHED,"O/o the EE(PHE), Ghilamara, Lakhimpur",787053.0,2.0,"2,97,43,713",DILIP KUMAR SAIKIA,"29,742,712",Accepted-AOC,09-Mar-2026,Public Health Engineering Department||Chief Engineer PHE(P)-Assam-PHED||North Assam Zone-Tezpur-PHED
2026_BoTC_50028_25,SE(R/B)/20-21/Pt-III/15,Package No.202_25,Recovery and Restoration of damaged embankment on W/No.2 on Tangla road at Pub Nalbari under NDRF(PDNA-2022) in Udalguri District for the year 2025-26.,Works,Open Tender,Item Rate,Civil Works – Roads,No,No,NA ,07-Jan-2026 06:00 PM,NA ,180.0,No ,No,Online,27-Jan-2026 01:30 PM,Bodoland Territorial Council||PWD-BTC,Udalguri dist,784509.0,2.0,"22,87,623",SRI ABHIJEET MODAK,"2,287,441",Rejected-Technical,05-May-2026,Bodoland Territorial Council||PWD-BTC
2025_ASDMA_48422_1,519803/373,Engagement of IEC Agency for Social Media Management and Creative Services of ASDMA,Engagement of IEC Agency for Social Media Management and Creative Services of ASDMA,Services,Open Tender,Works,Consultancy,No,No,NA ,14-Nov-2025 09:00 AM,21-Nov-2025 11:00 AM ,365.0,No ,No,Online,06-Dec-2025 11:30 AM,Assam State Disaster Management Authority||Head Offcie - ASDMA,The CEO ASDMA,781006.0,2.0,"60,00,000",Exclusive Advertising Private Limited,"5,400,002.14",Accepted-AOC,12-May-2026,Assam State Disaster Management Authority||Head Offcie - ASDMA
2025_PWD_48733_1,CE/STBR/SOPD-G/NIT/07/25-26/45,CE/STBR/SOPD-G/NIT/07/25-26/45,Constrction of Road from Donbosco School to Mubarok Basti Road under Mukhya Mantrir Pakipath Nirman Achani under SOPD-G for the year 2025-26,Works,Open Tender,Works,Civil Works,No,No,NA ,20-Nov-2025 09:00 AM,NA ,180.0,No ,No,Online,27-Nov-2025 11:00 AM,Public Works Roads Department,O/o the CE(Roads)PWRD Assam Chandmari Ghy03,781003.0,2.0,"44,21,631",Umor Faruk Choudhury,"3,891,035",Rejected-AOC,14-May-2026,Public Works Roads Department
2026_BoTC_50028_19,SE(R/B)/20-21/Pt-III/15,Package No.202_19,Recovery and Restoration of Jalukbari to Banderi road (construction of 8.00m clear span RCC slab culvert) under NDRF(PDNA-2022) in Udalguri District for the year 2025-26.,Works,Open Tender,Item Rate,Civil Works – Roads,No,No,NA ,07-Jan-2026 05:00 PM,NA ,180.0,No ,No,Online,27-Jan-2026 01:30 PM,Bodoland Territorial Council||PWD-BTC,Udalguri dist,784509.0,2.0,"30,99,847",SS Enterprise,"3,068,000",Rejected-AOC,05-May-2026,Bodoland Territorial Council||PWD-BTC
2026_BTC_51981_1,No.ACE-106/PWD/IFB/PT-I/23-24,Construction of Road from Patalmari Village Road to Manashri Bazar (Length- 14.200 including Bylane) in Chirang District BTC for the year 2026-27. TN_133_07,Construction of Road from Patalmari Village Road to Manashri Bazar (Length- 14.200 including Bylane) in Chirang District BTC for the year 2026-27. TN_133_07,Works,Open Tender,Item Rate,Civil Works – Roads,No,No,NA ,13-Mar-2026 05:00 PM,NA ,180.0,No ,No,Online,02-Apr-2026 02:00 PM,Bodoland Territorial Council-PWD||Director Cum CHD - PWD BTC,Chirang,783390.0,2.0,"4,55,43,227",Diganta Basumatary,"45,532,336.25",Rejected-AOC,26-May-2026,Bodoland Territorial Council-PWD||Director Cum CHD - PWD BTC
2025_ICD_49036_1,C and P/PL/2025-26/05,GAS PIGGING AND CLEANING OF 100MM N.B. URIAMGHAT-GOLAGHAT CS NATURAL GAS PIPELINE,GAS PIGGING AND CLEANING OF 100MM N.B. URIAMGHAT-GOLAGHAT CS NATURAL GAS PIPELINE,Works,Limited,Works,Oil/Gas,No,No,NA ,04-Dec-2025 02:30 PM,10-Dec-2025 10:00 AM ,180.0,No ,No,Not Applicable,23-Dec-2025 11:00 AM,Industries and Commerce Department||Assam Gas Company Ltd - ICD,Operational areas of AGCL,785621.0,2.0,,M/s WELD TECH ENGINEERING,"311,853.94",Rejected-AOC,07-May-2026,Industries and Commerce Department||Assam Gas Company Ltd - ICD
2025_PWD_45408_1,CE/DEV/TB/60/2025-26/01 Dtd- 21.06.2025,"MMPPNA_RIDF_XXXI_25_26_122 Construction of Road from (1) Pam Kalidingia Road to Garajan Kalidingia Road via Maheripar, (2) Udmari Alitangani Road to Mahguri Bagariguri Road , (3) Rowmari Khewaghat Beltoli PWD Road to Borpeta Tiniali via Sonai River B","MMPPNA_RIDF_XXXI_25_26_122 Construction of Road from (1) Pam Kalidingia Road to Garajan Kalidingia Road via Maheripar, (2) Udmari Alitangani Road to Mahguri Bagariguri Road , (3) Rowmari Khewaghat Beltoli PWD Road to Borpeta Tiniali via Sonai River B",Works,Open Tender,Item Rate,Civil Works – Roads,No,No,NA ,07-Jul-2025 04:00 PM,17-Jul-2025 12:00 PM ,180.0,No ,No,Online,28-Jul-2025 02:30 PM,Public Works Roads Department,Nagaon,782125.0,2.0,"4,82,80,000",M/S ANKUR ENTERPRISE,"48,275,400",Accepted-AOC,16-May-2026,Public Works Roads Department
2026_GMC_50622_11,GER/CE/2525/2025/Part-I/ 9 Date_ 22 /01/2026,Package No. DSLT-Div-I/11,"Cleaning, Desilting and Maintenance of Drains (Package No. DSLT-Div-I/11) under Mitigation of Urban Flood in Guwahati City under Guwahati Municipal Corporation for the year 2026",Works,Open Tender,Lump-sum,Miscellaneous Works,No,No,NA ,02-Feb-2026 06:50 PM,05-Feb-2026 12:00 PM ,120.0,No ,No,Online,16-Feb-2026 02:30 PM,Guwahati Municipal Corporation,Guwahati,781006.0,2.0,"10,30,000",NIPEN DAS,"808,550",Rejected-AOC,06-May-2026,Guwahati Municipal Corporation
2025_DoWR_47486_1,DARRANG/2025-26/RIDF/III,Construction of New Embankment at LB of Dhansiri river from kopati to Thalthali.,Construction of New Embankment at LB of Dhansiri river from kopati to Thalthali.,Works,Open Tender,Works,Civil Works,No,No,NA ,12-Sep-2025 06:55 PM,NA ,180.0,No ,No,Online,07-Oct-2025 03:00 PM,Department of Water Resources||Chief Engineer - DoWR,DARRANG,784125.0,2.0,"4,37,49,476",BHUBANESWAR BARUAH,"43,746,113.47",Accepted-AOC,22-May-2026,Department of Water Resources||Chief Engineer - DoWR
2026_GMC_50622_39,GER/CE/2525/2025/Part-I/ 9 Date_ 22 /01/2026,Package No. DSLT-Div-III/14,"Cleaning, Desilting and Maintenance of Drains (Package No. DSLT-Div-III/14) under Mitigation of Urban Flood in Guwahati City under Guwahati Municipal Corporation for the year 2026",Works,Open Tender,Lump-sum,Miscellaneous Works,No,No,NA ,04-Feb-2026 05:00 PM,05-Feb-2026 12:00 PM ,120.0,No ,No,Online,16-Feb-2026 02:30 PM,Guwahati Municipal Corporation,Guwahati,781006.0,2.0,"39,53,000",M/S TIRUPATI ENTERPRISE,"2,484,855.8",Rejected-Technical,06-May-2026,Guwahati Municipal Corporation
2026_PWD_50800_2,PRTRD/RKN/PDNA/ET-68/2026/1489,PRTRD_PDNA_ET_25_26_10 Recovery and reconstruction of road from NH-44 to old Solamona via Telibasti in Patharkandi LAC under NDRF (PDNA-2022) for the year 2025-26,PRTRD_PDNA_ET_25_26_10 Recovery and reconstruction of road from NH-44 to old Solamona via Telibasti in Patharkandi LAC under NDRF (PDNA-2022) for the year 2025-26,Works,Open Tender,Item Rate,Civil Works,No,No,NA ,04-Feb-2026 05:00 PM,06-Feb-2026 02:00 PM ,180.0,No ,No,Online,11-Feb-2026 04:00 PM,Public Works Roads Department,RK Nagar,788166.0,2.0,"27,34,677",FOKRUL ISLAM,"2,734,673",Accepted-AOC,05-May-2026,Public Works Roads Department
2025_PWD_45926_39,CE/DEV/TB/60/2025-26/06 Dtd- 14.07.2025,MMPPNA_RIDF_XXXI_25_26_168 Construction of (1) Laal Dolong to Miri Bridge Connecting Road (2) Road from Posagula to Nalonibari Road under Mukhya Mantrir Paki Path Nirman Achani (MMPPNA) under RIDF-XXXI of NABARD for the year 2025-26.,MMPPNA_RIDF_XXXI_25_26_168 Construction of (1) Laal Dolong to Miri Bridge Connecting Road (2) Road from Posagula to Nalonibari Road under Mukhya Mantrir Paki Path Nirman Achani (MMPPNA) under RIDF-XXXI of NABARD for the year 2025-26.,Works,Open Tender,Item Rate,Civil Works – Roads,No,No,NA ,28-Jul-2025 12:00 PM,04-Aug-2025 12:00 PM ,180.0,No ,No,Online,14-Aug-2025 02:30 PM,Public Works Roads Department,Behali,784166.0,2.0,"3,08,64,000",MANAB HAZARIKA,"30,863,900",Accepted-AOC,27-May-2026,Public Works Roads Department
2025_PWD_46191_6,CE/DEV/TB/122/2025-26/1 Dtd- 01.08.2025,BTR_RIDF_XXXI_25_26_11 Construction of road from Bainara to Kotora via Sareng Borpukhuri under RIDF-XXXI of NABARD for the year 2025-26.,BTR_RIDF_XXXI_25_26_11 Construction of road from Bainara to Kotora via Sareng Borpukhuri under RIDF-XXXI of NABARD for the year 2025-26.,Works,Open Tender,Item Rate,Civil Works – Roads,No,No,NA ,06-Aug-2025 02:00 PM,11-Aug-2025 12:00 PM ,180.0,No ,No,Online,14-Aug-2025 02:30 PM,Public Works Roads Department,Bhergaon,784522.0,2.0,"3,96,21,000",Sri Dharmeswar Pathak,"39,620,500",Rejected-Finance,27-May-2026,Public Works Roads Department
2025_DoWR_46891_1,NAGAON/2022-23/RIDF/RECAST/I,Protection of B/Dyke at upstream of Muwamari butting point from the erosion of river Brahmaputra (Recast).,Protection of B/Dyke at upstream of Muwamari butting point from the erosion of river Brahmaputra (Recast).,Works,Open Tender,Works,Civil Works,No,No,NA ,23-Aug-2025 06:00 PM,NA ,180.0,No ,No,Online,15-Sep-2025 03:00 PM,Department of Water Resources||Chief Engineer - DoWR,NAGAON,782001.0,2.0,"2,27,53,582",S D BAJAJ,"22,712,626.05",Rejected-AOC,15-May-2026,Department of Water Resources||Chief Engineer - DoWR
2026_DOT_51233_1,ATDC/3872/2026 dtd. 29.01.2026,Development of Rangsapara Village under Goalpara ZP (Rangsapara and Urpad Beel),Development of Rangsapara Village under Goalpara ZP (Rangsapara and Urpad Beel),Works,Open Tender,Item Rate,Civil Works - Others,No,No,NA ,17-Feb-2026 02:00 PM,18-Feb-2026 12:00 PM ,180.0,No ,No,Online,24-Feb-2026 01:00 PM,Department of Tourism||Assam Tourism Development Corporation Ltd. - DOT||HO-Guwahati-ATDCL - DOT,"Rangsapara, Goalpara",783120.0,2.0,"1,73,94,000",CHANDAN CHOWDHURY,"15,654,600",Accepted-AOC,25-May-2026,Department of Tourism||Assam Tourism Development Corporation Ltd. - DOT||HO-Guwahati-ATDCL - DOT
2025_UDD_48543_1,smb/584/2025/6677-82,Improvement of Babupatty Road Akshay Ghosh Road by widening with concrete paver block on bothe side from the junction of Dolmukh Chariali up to junction of West Jamuna culvert at Ward No V AND XII of Sivasagar Municipal Board under NCAP,Improvement of Babupatty Road Akshay Ghosh Road by widening with concrete paver block on bothe side from the junction of Dolmukh Chariali up to junction of West Jamuna culvert at Ward No V AND XII of Sivasagar Municipal Board under NCAP 2024-2025,Works,Open Tender,Works,Civil Works,No,No,NA ,12-Nov-2025 09:00 AM,NA ,180.0,No ,No,Online,03-Dec-2025 03:00 PM,Urban Development Department||Directorate of Municipality Administration - UDD||Sibsagar Municipal Board,SIVASAGAR,785640.0,2.0,"6,75,00,000",KAUSHIK GOGOI,"6,075,000.15",Rejected-Finance,06-May-2026,Urban Development Department||Directorate of Municipality Administration - UDD||Sibsagar Municipal Board
2025_BoTC_45161_1,DPRD/BTC/15FC/VII/Bak/1/25/20,Const. of boundary wall with Iron Gate at Bathou Mandir Swabari village under No.2 Jolthengpar village under 15th FC Untied Grant 2nd Inst.for the year 2023-24 during 2025-26.,DPRD/BTC/15FC/VII/Baksa/1/2025/20,Works,Open Tender,Item Rate,Civil Works,No,No,NA ,25-Jun-2025 10:30 AM,NA ,180.0,No ,No,Online,11-Jul-2025 03:30 PM,Bodoland Territorial Council||Panchayat and Rural Development-BTC,Goreswar Baksa,781366.0,2.0,"24,00,000",Sri Birgrang Basumatary,"2,399,999.99",Rejected-AOC,30-Jul-2025,Bodoland Territorial Council||Panchayat and Rural Development-BTC
2026_BoTC_50247_1,TECH-28/SE(RB)/2019-20/05,Recovery and Reconstruction of Doomni Bagan to Batabari RF (PMGSY) under NDRF (PDNA-2022) for the year 2025-26.TN_386_11,Recovery and Reconstruction of Doomni Bagan to Batabari RF (PMGSY) under NDRF (PDNA-2022) for the year 2025-26.TN_386_11,Works,Open Tender,Works,Civil Works – Roads,No,No,NA ,13-Jan-2026 06:00 PM,NA ,180.0,No ,No,Online,03-Feb-2026 02:00 PM,Bodoland Territorial Council||PWD-BTC,Baksa,781346.0,2.0,"39,99,754",Karan Boro,"3,998,887",Rejected-Finance,07-May-2026,Bodoland Territorial Council||PWD-BTC
2026_PWBNH_50948_2,Tech-I(H_E)/95/2025/63 Dated Guwahati the 6th February 2026,Construction of 100 Secondary Schools in 35 Districts of Assam under RIDF-XXXI (2025-26) for Kakojan High School under Tinsukia DTBD (Package 43),Construction of 100 Secondary Schools in 35 Districts of Assam under RIDF-XXXI (2025-26) for Kakojan High School under Tinsukia DTBD (Package 43),Works,Open Tender,Item Rate,Civil Works - Building,No,No,NA ,09-Feb-2026 10:00 AM,13-Feb-2026 11:30 AM ,180.0,No ,No,Online,18-Feb-2026 04:00 PM,Public Works Building and NH Department||Chief Engineer-Building - PWBNH,Tinsukia,786125.0,2.0,"4,08,19,476",MS UDAY ENTERPRISE,"40,819,000",Accepted-AOC,15-May-2026,Public Works Building and NH Department||Chief Engineer-Building - PWBNH
2025_PWD_46191_26,CE/DEV/TB/122/2025-26/1 Dtd- 01.08.2025,BTR_RIDF_XXXI_25_26_54 Construction of CC Block Road from PMGSY Road Phuhurabari Village to Bholabari UB Road connecting via Samuel Murmu house under RIDF-XXXI of NABARD for the year 2025-26.,BTR_RIDF_XXXI_25_26_54 Construction of CC Block Road from PMGSY Road Phuhurabari Village to Bholabari UB Road connecting via Samuel Murmu house under RIDF-XXXI of NABARD for the year 2025-26.,Works,Open Tender,Item Rate,Civil Works – Roads,No,No,NA ,06-Aug-2025 05:00 PM,11-Aug-2025 12:00 PM ,180.0,No ,No,Online,14-Aug-2025 02:30 PM,Public Works Roads Department,Udalguri,784509.0,2.0,"1,84,00,000",NIPAN NATH,"16,120,411",Rejected-Finance,18-May-2026,Public Works Roads Department
2025_SEEDE_45441_1,GS02/ASU/MTC/030,Equipment for Civil Lab,"Equipment for Civil Lab, Basic Civil Lab, Transport and Highway Lab, Advance Structural Lab",Goods,Open Tender,Item Rate,Laboratory and scientific equipment,No,No,NA ,14-Jul-2025 12:30 PM,16-Jul-2025 11:30 AM ,150.0,No ,No,Online,10-Sep-2025 03:30 PM,Skill Employment and Entrepreneurship Department- Externally Aided Project||Assam Skill University Project- ADB Funded Tenders,"ASU Campus, Mangaldoi, Assam",784125.0,1.0,,AIMIL LTD,"77,100,000",Accepted-AOC,05-May-2026,Skill Employment and Entrepreneurship Department- Externally Aided Project||Assam Skill University Project- ADB Funded Tenders
2025_PWD_46191_32,CE/DEV/TB/122/2025-26/1 Dtd- 01.08.2025,"BTR_RIDF_XXXI_25_26_31 Construction of Road from Singimari Railway Gate to Titaguri Salakati PWD Road (Haloadal) under Haloadal VCDC, Kokrajhar Development Block, (From Ch. 0.00m to Ch. 2400.00m) under RIDF-XXXI of NABARD for the year 2025-26.","BTR_RIDF_XXXI_25_26_31 Construction of Road from Singimari Railway Gate to Titaguri Salakati PWD Road (Haloadal) under Haloadal VCDC, Kokrajhar Development Block, (From Ch. 0.00m to Ch. 2400.00m) under RIDF-XXXI of NABARD for the year 2025-26.",Works,Open Tender,Item Rate,Civil Works – Roads,No,No,NA ,06-Aug-2025 06:00 PM,11-Aug-2025 12:00 PM ,180.0,No ,No,Online,14-Aug-2025 02:30 PM,Public Works Roads Department,Kokrajhar,783370.0,2.0,"1,48,04,000",Assam Agencies,"14,792,658.57",Rejected-Finance,14-May-2026,Public Works Roads Department
2024_FD_40868_1,AF(S)57/RIDF/2023-24/5818 Dt 5/12/2024,Consultancy service for Preparation of Detailed Project Report for Development of Amranga Fish Farm Kamrup under RIDF XXVIII,Consultancy service for Preparation of Detailed Project Report for Development of Amranga Fish Farm Kamrup under RIDF XXVIII including sub soil investigation designing architectural structural planning detail estimation and BOQ preparation etc,Services,Open Tender,Lump-sum,Consultancy,No,No,NA ,06-Dec-2024 05:00 PM,NA ,90.0,No ,No,Online,16-Dec-2024 01:00 PM,Department of Fisheries||Directorate of Fisheries Assam,"Guwahati, Assam",781016.0,2.0,0.0,Y NOT SOLUTIONS,"2,595,000",Rejected-Technical,01-Sep-2025,Department of Fisheries||Directorate of Fisheries Assam
2025_GMC_47287_1,GER/CE/2504/2025/05 Dated_01/09/2025,Construction of Community Hall under Ward No-11,Construction of Community Hall under Ward No-11,Works,Open Tender,Lump-sum,Civil Works,No,No,NA ,04-Sep-2025 04:45 PM,08-Sep-2025 12:00 PM ,120.0,No ,No,Online,07-Oct-2025 02:30 PM,Guwahati Municipal Corporation,Guwahati,781006.0,2.0,,R P CONSTRUCTION,"1,630,000",Rejected-Technical,07-May-2026,Guwahati Municipal Corporation
2026_UDD_50639_1,TMB/15th FC/Tied/159/pt-1/2019-20/946,"Construction of New Bokaholla Town piped water supply scheme, under Tied Grant of 15th Finance Commission for the year 2021-22 to 2024-25, during the year 2025-26.","Construction of New Bokaholla Town piped water supply scheme, under Tied Grant of 15th Finance Commission for the year 2021-22 to 2024-25, during the year 2025-26.",Works,Open Tender,Works,Civil Works - Water Works,No,No,NA ,30-Jan-2026 10:00 AM,NA ,120.0,No ,No,Online,20-Feb-2026 12:30 PM,Urban Development Department||Directorate of Municipality Administration - UDD||Titabar Municipal Board,Titabar Municipal Board,785630.0,2.0,"1,13,41,039",Wasim Akram,"11,340,000",Rejected-AOC,13-Mar-2026,Urban Development Department||Directorate of Municipality Administration - UDD||Titabar Municipal Board
2025_PWD_46685_2,CE/DEV/TB/60/2025-26/13 Dtd- 31.07.2025,"MMPPNA_RIDF_XXXI_25_26_396 (1) Construction of Road with ICBP from Jhum Control Road to Heman Gaon via Rongmili Serlonthu Polling Station,(2)Contruction of road from Arboretum and craft centre to Rajen Ronghang via Rongsopi Under Mukhya Mantir Pakipa","MMPPNA_RIDF_XXXI_25_26_396 (1) Construction of Road with ICBP from Jhum Control Road to Heman Gaon via Rongmili Serlonthu Polling Station,(2)Contruction of road from Arboretum and craft centre to Rajen Ronghang via Rongsopi Under Mukhya Mantir Pakipa",Works,Open Tender,Item Rate,Civil Works – Roads,No,No,NA ,19-Aug-2025 06:00 PM,21-Aug-2025 12:00 PM ,180.0,No ,No,Online,09-Sep-2025 02:30 PM,Public Works Roads Department,Karbi Anglong,782410.0,2.0,"4,53,09,000",Blue Bell Group of Company,"45,309,000",Accepted-AOC,15-May-2026,Public Works Roads Department
2026_WPTBC_52130_1,PTDC/Engg/2026-27/536,"Major Renovation at Jambuguri ME School, Kachugaon, Dist - Kokrajhar under DAJGUA during the year 2025-26.","Major Renovation at Jambuguri ME School, Kachugaon, Dist - Kokrajhar under DAJGUA during the year 2025-26.",Works,Open Tender,Item Rate,Civil Works,No,No,NA ,17-Mar-2026 02:50 PM,23-Mar-2026 11:30 AM ,180.0,No ,No,Online,09-Apr-2026 03:00 PM,Welfare of Plain Tribes and Backward Classes||Director - WPT and BC||Assam Plains Tribes Development Corporation Ltd.,Kokrajhar,783370.0,2.0,"75,00,000",mithinga brahma,"7,500,000",Rejected-Technical,19-May-2026,Welfare of Plain Tribes and Backward Classes||Director - WPT and BC||Assam Plains Tribes Development Corporation Ltd.
2025_BTC_49248_28,ACE-22/PWD/NIT/GOODWILL/25-26,Construction of SDBC road from Chutiabasti to Devpukhuri road via Pasnoi Nonke Ch. 0.00 to 2500.00 UNDER RIDF-XXXI for the year 2025-26. (Package No. TN_68_UDL_RIDF-XXXI_28),Construction of SDBC road from Chutiabasti to Devpukhuri road via Pasnoi Nonke Ch. 0.00 to 2500.00 UNDER RIDF-XXXI for the year 2025-26.,Works,Open Tender,Item Rate,Civil Works – Roads,No,No,NA ,12-Dec-2025 10:00 AM,26-Dec-2025 12:00 PM ,180.0,No ,No,Online,03-Jan-2026 11:00 AM,Bodoland Territorial Council-PWD||Director Cum CHD - PWD BTC,Udalguri,784509.0,2.0,"1,99,99,708",Sri Bhaskar Kachari,"19,995,934",Rejected-Technical,05-May-2026,Bodoland Territorial Council-PWD||Director Cum CHD - PWD BTC
2025_PWRDW_48462_6,CE/EAP/716719/03,Construction of Bridge in Kamrup district i) Br. No. 1/1 on Bagals Road to Rangia Hajo road via Kanikuchi Nadipar suba Road,Package No. CE/EAP/ARRBP/OCB/Bridge-1/Kamrup/05A Construction of Bridge in Kamrup district i) Br. No. 1/1 on Bagals Road to Rangia Hajo road via Kanikuchi Nadipar suba Road,Works,Open Tender,Item Rate,Civil Works - Bridges,No,No,NA ,07-Nov-2025 05:20 PM,13-Nov-2025 11:00 AM ,180.0,No ,No,Online,27-Nov-2025 02:30 PM,Public Works Roads Department-Externally Aided Project||Public Works Road Department- World Bank Funded Tenders||Assam State Bridge Infrastructure Program,Kamrup,781122.0,2.0,"1,98,85,000",Dhaneswar Kalita,"17,890,534",Accepted-AOC,13-May-2026,Public Works Roads Department-Externally Aided Project||Public Works Road Department- World Bank Funded Tenders||Assam State Bridge Infrastructure Program
2025_PWD_46685_3,CE/DEV/TB/60/2025-26/13 Dtd- 31.07.2025,"MMPPNA_RIDF_XXXI_25_26_405 (1)Construction by ICBP of a road from Catholic Cremation Ground to PMS Scchool, (2)Construction By ICBP of a road from Soi Ali Ali to Harlong Juve, (3)Construction By ICBP of a road from Ambinong to Chongkup under MMPPNA o","MMPPNA_RIDF_XXXI_25_26_405 (1)Construction by ICBP of a road from Catholic Cremation Ground to PMS Scchool, (2)Construction By ICBP of a road from Soi Ali Ali to Harlong Juve, (3)Construction By ICBP of a road from Ambinong to Chongkup under MMPPNA o",Works,Open Tender,Item Rate,Civil Works – Roads,No,No,NA ,19-Aug-2025 06:00 PM,21-Aug-2025 12:00 PM ,180.0,No ,No,Online,09-Sep-2025 02:30 PM,Public Works Roads Department,Karbi Anglong,782410.0,2.0,"4,84,00,000",M/S N.N. CONSTRUCTION,"48,400,000",Rejected-Finance,15-May-2026,Public Works Roads Department
2025_PWD_45498_15,CE/Commn/16/2025-26/03,Bokakhat / MMPNA/2,Re- Construction of (i)DiffolopatharTamulipathar Ali (From Ch. 1300m to Ch. 5500m) (ii) Re-Construction of Road from PHEGuest House to NH 37 via Pillkhana (Ch.0m to Ch.700m (MMPNA) under SOPD(G)for theyear2025-26 underBokakhatandDergaonTRD,Works,Open Tender,Item Rate,Civil Works – Roads,No,No,NA ,14-Jul-2025 05:00 PM,18-Jul-2025 04:00 PM ,180.0,No ,No,Online,20-Aug-2025 02:30 PM,Public Works Roads Department,Bokakhat,785612.0,2.0,"1,38,88,000",Purvattar Enterprise,"13,888,000",Accepted-AOC,08-May-2026,Public Works Roads Department
2026_BTC_50885_1,No.ACE-106/PWD/IFB/PT-I/23-24,"Construction of RCC Covered drain with Cover Slab at Koila Moila Market at Koila Moila VCDC under Borobazar under Borobazar VCDC, Chirang District, BTR. TN_02_19 (R-1)","Construction of RCC Covered drain with Cover Slab at Koila Moila Market at Koila Moila VCDC under Borobazar under Borobazar VCDC, Chirang District, BTR. TN_02_19 (R-1)",Works,Open Tender,Item Rate,Civil Works – Roads,No,No,NA ,06-Feb-2026 04:00 PM,NA ,180.0,No ,No,Online,27-Feb-2026 02:00 PM,Bodoland Territorial Council-PWD||Director Cum CHD - PWD BTC,Chirang,783390.0,2.0,"1,10,29,997",AMIO KUNGOR BASUMATARY,"11,027,524.74",Accepted-AOC,12-May-2026,Bodoland Territorial Council-PWD||Director Cum CHD - PWD BTC
2026_GMC_49939_4,GER/CE/2505/2025/37 Dated_30/12/2025,Construction of Community Public Toilet under Ward No.60,Construction of Various Toilet under Guwahati Municipal Corporation,Works,Open Tender,Lump-sum,Civil Works,No,No,NA ,05-Jan-2026 03:00 PM,06-Jan-2026 12:00 PM ,120.0,No ,No,Online,29-Jan-2026 02:30 PM,Guwahati Municipal Corporation,Guwahati,781006.0,2.0,,MOON ENTERPRISE,"1,797,800",Rejected-Technical,05-May-2026,Guwahati Municipal Corporation
2025_BTC_49248_15,ACE-22/PWD/NIT/GOODWILL/25-26,Construction of CC Block road from Batabari village via Amtala village to Erabari under CMs Goodwill Project (RIDF-XXXI) for the year 2025-26 in BTC area. (Package No. TN_68_UDL_RIDF-XXXI_15),Construction of CC Block road from Batabari village via Amtala village to Erabari under CMs Goodwill Project (RIDF-XXXI) for the year 2025-26 in BTC area.,Works,Open Tender,Item Rate,Civil Works – Roads,No,No,NA ,12-Dec-2025 10:00 AM,26-Dec-2025 12:00 PM ,180.0,No ,No,Online,03-Jan-2026 11:00 AM,Bodoland Territorial Council-PWD||Director Cum CHD - PWD BTC,Udalguri,784509.0,2.0,"99,99,906",Islam Qureshi,"9,999,263.21",Rejected-Technical,05-May-2026,Bodoland Territorial Council-PWD||Director Cum CHD - PWD BTC
2025_PWD_45827_50,CE/MAINT/SOPDG/01/2025-26/02,MAINT/SOPD-G/2025-26/60,"MAINT/SOPD-G/2025-26/60_1Re-Construction of road from Ghorathal at Chamata Rampur road to Ghourabaha bazar chowk, 2Re-Construction of Teghettary village road, 3Re-Construction of road from HMD to Sutarkuchi (PMGSY) of Mukhya Mantrir Path Nabikaran A",Works,Open Tender,Item Rate,Civil Works – Roads,No,No,NA ,23-Jul-2025 06:00 PM,24-Jul-2025 12:00 PM ,180.0,No ,No,Online,14-Aug-2025 11:00 AM,Public Works Roads Department,Nalbari,781335.0,2.0,"56,60,000",DIGANTA MEDHI,"5,660,000",Rejected-Finance,13-May-2026,Public Works Roads Department
2025_PWD_46191_33,CE/DEV/TB/122/2025-26/1 Dtd- 01.08.2025,"BTR_RIDF_XXXI_25_26_32 Construction of road from Fukagaon Rail Gate to Bipin Daimary Road (From Ch. 0.00m to Ch. 590.00m) under Ai-Bhandarani VCDC, Kokrajhar Development Block by providing WMM, BM, SDBC and C.D. Works under RIDF-XXXI of NABARD for th","BTR_RIDF_XXXI_25_26_32 Construction of road from Fukagaon Rail Gate to Bipin Daimary Road (From Ch. 0.00m to Ch. 590.00m) under Ai-Bhandarani VCDC, Kokrajhar Development Block by providing WMM, BM, SDBC and C.D. Works under RIDF-XXXI of NABARD for th",Works,Open Tender,Item Rate,Civil Works – Roads,No,No,NA ,06-Aug-2025 06:00 PM,11-Aug-2025 12:00 PM ,180.0,No ,No,Online,14-Aug-2025 02:30 PM,Public Works Roads Department,Kokrajhar,783370.0,2.0,"1,00,06,000",Shri Ashit Kumar Brahma,"10,005,992.82",Rejected-Finance,22-May-2026,Public Works Roads Department
2026_PWD_49994_1,TB/PWD/MDTRD/610/2025-26/03,Recovery and Reconstruction of Bordhubatup to Bhuragaon Pachali (length Ch. 0.00 km to 1.50 Km) under NDRF (PDNA-2022) for the year 2025-26.,Recovery and Reconstruction of Bordhubatup to Bhuragaon Pachali (length Ch. 0.00 km to 1.50 Km) under NDRF (PDNA-2022) for the year 2025-26.,Works,Open Tender,Item Rate,Civil Works,No,No,NA ,08-Jan-2026 06:00 PM,09-Jan-2026 02:00 PM ,90.0,No ,No,Online,19-Jan-2026 04:00 PM,Public Works Roads Department,MORIGAON,782105.0,2.0,"98,00,000",Dibyajyoti Kaushik,"9,799,974.73",Accepted-AOC,12-May-2026,Public Works Roads Department
2025_WPTBC_49624_1,SCDCRuralMarketCachar,Construction of Rural Market Shed at Shantipur 79 No. Lakhinagar GP in Cachar District,Construction of Rural Market Shed at Shantipur 79 No. Lakhinagar GP in Cachar District,Works,Open Tender,Item Rate,Civil Works,No,No,NA ,24-Dec-2025 03:20 PM,NA ,180.0,No ,No,Online,01-Jan-2026 03:00 PM,Welfare of Plain Tribes and Backward Classes||Directorate of Welfare of Scheduled Caste||Assam State Development Corporation for SC,"DISPUR, GHY-06",781006.0,2.0,"33,60,000",KAD Solution,"3,359,696",Accepted-AOC,21-May-2026,Welfare of Plain Tribes and Backward Classes||Directorate of Welfare of Scheduled Caste||Assam State Development Corporation for SC
2025_GMC_49586_1,GER/CE/2481/2025/30 Dated_19/12/2025,"Construction of Drain, One Sump and Road at K.K. Bhatta Road Bye Lane, Ward No 33 Under Guwahati Municipal Corporation","Construction of Drain, One Sump and Road at K.K. Bhatta Road Bye Lane, Ward No 33 Under Guwahati Municipal Corporation",Works,Open Tender,Lump-sum,Civil Works,No,No,NA ,22-Dec-2025 06:50 PM,26-Dec-2025 12:00 PM ,120.0,No ,No,Online,12-Jan-2026 02:30 PM,Guwahati Municipal Corporation,Guwahati,781006.0,2.0,,INITIATIVE SOLUTIONS,"1,705,950",Rejected-AOC,06-May-2026,Guwahati Municipal Corporation
2025_PWBNH_49489_2,"Tech-I(H_E)/95/2025/49 Dated Guwahati the 18th December, 2025","Construction of 100 Secondary School in 35 Districts of Assam under RDIF-XXXI (2025-26) for Boginadi HS School, Dist North Lakhimpur DTBD package no 22","Construction of 100 Secondary School in 35 Districts of Assam under RDIF-XXXI (2025-26) for Boginadi HS School, Dist North Lakhimpur DTBD package no 22",Works,Open Tender,Item Rate,Civil Works - Building,No,No,NA ,19-Dec-2025 04:00 PM,24-Dec-2025 11:30 AM ,180.0,No ,No,Online,30-Dec-2025 04:00 PM,Public Works Building and NH Department||Chief Engineer-Building - PWBNH,North Lakhimpur,787001.0,2.0,"4,08,06,494",M/S Khushi Constructions,"42,642,786",Rejected-AOC,15-May-2026,Public Works Building and NH Department||Chief Engineer-Building - PWBNH
2026_KAAC_50471_1,SS/KAAC/WKA/CW/NSB/62/2025-26,AMRI HIGH SCHOOL,Construction of New School Building for Upgradation from Secondary to Higher Secondary School at AMRI HIGH SCHOOL under AMRI Block in West Karbi Anglong District,Works,Open Tender,Works,Civil Works - Building,No,No,NA ,06-Feb-2026 09:00 AM,09-Feb-2026 03:00 PM ,180.0,No ,No,Online,10-Feb-2026 04:00 PM,Karbi Anglong Autonomous Council||PWD||Addl. Chief Engineer Diphu,Ulukunchi,782413.0,2.0,"2,00,00,000",SURJO SING AMSHI,"19,995,468.52",Rejected-AOC,26-May-2026,Karbi Anglong Autonomous Council||PWD||Addl. Chief Engineer Diphu
2026_BTC_50965_1,No.ACE-133/PWD/G.79/2025-26/66,"Field expansion with earth filling and construction of boundary wall with river protection at ITI Womens College playground, Mazbat under SOPD Bodoland Welfare Department, 2025-26. TN_108_02","Field expansion with earth filling and construction of boundary wall with river protection at ITI Womens College playground, Mazbat under SOPD Bodoland Welfare Department, 2025-26. TN_108_02",Works,Open Tender,Item Rate,Civil Works - Building,No,No,NA ,09-Feb-2026 09:00 AM,NA ,180.0,No ,No,Online,21-Feb-2026 02:00 PM,Bodoland Territorial Council-PWD||Director Cum CHD - PWD BTC,Kokrajhar,783370.0,2.0,"1,99,99,941",RATUL BRAHMA,"19,999,901.18",Rejected-AOC,21-May-2026,Bodoland Territorial Council-PWD||Director Cum CHD - PWD BTC
2025_PWD_48827_2,CE/DEV/TB/60/2025-26/53 Dtd- 15.11.2025,"MMPPNA_RIDF_XXXI_25_26_540 Improvement of Road from (1) PWD road to Dakshin Kanhara, (2) PWD road to Jaokatadia, (3) PWD road to Tukrapara, (4) Mohgar Village Road and (5) Fakirpara Road under Mukhya Mantrir Pakipath Nirman Achani (MMPPNA) under RIDF","MMPPNA_RIDF_XXXI_25_26_540 Improvement of Road from (1) PWD road to Dakshin Kanhara, (2) PWD road to Jaokatadia, (3) PWD road to Tukrapara, (4) Mohgar Village Road and (5) Fakirpara Road under Mukhya Mantrir Pakipath Nirman Achani (MMPPNA) under RIDF",Works,Open Tender,Item Rate,Civil Works – Roads,No,No,NA ,21-Nov-2025 06:55 PM,01-Dec-2025 12:00 PM ,180.0,No ,No,Online,12-Dec-2025 02:30 PM,Public Works Roads Department,Chamaria,781136.0,2.0,"4,17,65,000",MANTU KALITA,"41,764,000",Rejected-Finance,08-May-2026,Public Works Roads Department
2026_UDD_50521_1,SMB-263/15thFC(Untied)1st Inst/2025-26/946,SMB-263/15TH FC(UNTIED)1st Inst/2025-26/946,Extension of LT Street Light for Street Light and Installation 182 nos 35 watt LED Street light in all ward of SMB,Works,Open Tender,Works,Electrical Works,No,No,NA ,22-Jan-2026 06:00 PM,05-Feb-2026 01:00 PM ,90.0,No ,No,Online,13-Feb-2026 01:00 PM,Urban Development Department||Directorate of Municipality Administration - UDD||Simaluguri Municipal Board,Simaluguri Town all wards,785686.0,2.0,"23,44,140",J B ENTERPRISE,"2,340,970",Accepted-AOC,13-May-2026,Urban Development Department||Directorate of Municipality Administration - UDD||Simaluguri Municipal Board
2025_DoWR_49086_1,BARPETA/2025-26/SOPD-G/IV,Protection of different reaches at kayakuchi area by bank protection works from the erosion of river pahumara.,Protection of different reaches at kayakuchi area by bank protection works from the erosion of river pahumara.,Works,Open Tender,Works,Civil Works,No,No,NA ,05-Dec-2025 06:55 PM,NA ,180.0,No ,No,Online,26-Dec-2025 03:00 PM,Department of Water Resources||Chief Engineer - DoWR,Barpeta,781301.0,2.0,"3,49,99,605",Dewarshi Das,"34,993,066.64",Accepted-AOC,22-May-2026,Department of Water Resources||Chief Engineer - DoWR
2026_GMC_50622_38,GER/CE/2525/2025/Part-I/ 9 Date_ 22 /01/2026,Package No. DSLT-Div-III/13,"Cleaning, Desilting and Maintenance of Drains (Package No. DSLT-Div-III/13) under Mitigation of Urban Flood in Guwahati City under Guwahati Municipal Corporation for the year 2026",Works,Open Tender,Lump-sum,Miscellaneous Works,No,No,NA ,04-Feb-2026 05:00 PM,05-Feb-2026 12:00 PM ,120.0,No ,No,Online,16-Feb-2026 02:30 PM,Guwahati Municipal Corporation,Guwahati,781006.0,2.0,"43,34,000",TIA DEVELOPERS,"2,938,885.4",Rejected-AOC,06-May-2026,Guwahati Municipal Corporation
2026_GMC_50622_10,GER/CE/2525/2025/Part-I/ 9 Date_ 22 /01/2026,Package No. DSLT-Div-I/10,"Cleaning, Desilting and Maintenance of Drains (Package No. DSLT-Div-I/10) under Mitigation of Urban Flood in Guwahati City under Guwahati Municipal Corporation for the year 2026",Works,Open Tender,Lump-sum,Miscellaneous Works,No,No,NA ,02-Feb-2026 06:50 PM,05-Feb-2026 12:00 PM ,120.0,No ,No,Online,16-Feb-2026 02:30 PM,Guwahati Municipal Corporation,Guwahati,781006.0,2.0,"35,00,000",M/S KUNDU ENTERPRISE,"2,326,450",Rejected-Technical,06-May-2026,Guwahati Municipal Corporation
2025_BTC_49224_1,No.ACE-22/PWD/NIT/GOODWILL,"Construction of ICBP Road from DomgaonKagrabari LP School to Domgaon Village Road under Subhaijhar VCDC in Chirang District, Assam under CMs Goodwill Mission Project under RIDF XXXI for the year 2025-26, Sidli LAC. TN_71_CHR_RIDF-XXXI_09","Construction of ICBP Road from DomgaonKagrabari LP School to Domgaon Village Road under Subhaijhar VCDC in Chirang District, Assam under CMs Goodwill Mission Project under RIDF XXXI for the year 2025-26, Sidli LAC. TN_71_CHR_RIDF-XXXI_09",Works,Open Tender,Item Rate,Civil Works – Roads,No,No,NA ,12-Dec-2025 10:00 AM,NA ,180.0,No ,No,Online,03-Jan-2026 02:00 PM,Bodoland Territorial Council-PWD||Director Cum CHD - PWD BTC,Chirang,783393.0,2.0,"99,99,602",PREMJIT BORO,"9,999,414.25",Rejected-AOC,27-May-2026,Bodoland Territorial Council-PWD||Director Cum CHD - PWD BTC
2026_PWD_51470_4,T/CC/ETN/SIL/2025-26/1240(T),Recovery and Reconstruction of Road from Sayedpur -Roypara to Murtakhalerpar road under NDRF (PDNA-2022) for the year 2025-26 Sonai LAC,"Recovery and Reconstruction of Road from Sayedpur -Roypara to Murtakhalerpar road under NDRF (PDNA-2022) for the year 2025-26 Sonai LAC, P/No.SE/SONAI/NDRF(PDNA-2022)/25-26/13",Works,Open Tender,Item Rate,Civil Works – Roads,No,No,NA ,24-Feb-2026 09:00 AM,27-Feb-2026 02:00 PM ,180.0,No ,No,Online,02-Mar-2026 03:10 PM,Public Works Roads Department,Cachar District.,788013.0,2.0,"61,91,663",BHARAT TRADERS,"6,191,000",Accepted-AOC,02-May-2026,Public Works Roads Department
2026_PWBNH_51390_1,Misc-7/SE(B)/SIV/2021-22/3340,"Repair and Renovation of Grade III Judicial Officers residence (Two storied RCC) with providing interlocking paver block,renovation of Garage-4 no.s ,construction of brick boundary wall with iron grill on top and painting of building at Bishnu Nagar","Repair and Renovation of Grade III Judicial Officers residence (Two storied RCC) with providing interlocking paver block,renovation of Garage-4 no.s ,construction of brick boundary wall with iron grill on top and painting of building at Bishnu Nagar.",Works,Open Tender,Item Rate,Civil Works - Building,No,No,NA ,20-Feb-2026 03:00 PM,02-Mar-2026 11:00 AM ,180.0,No ,No,Online,13-Mar-2026 03:00 PM,Public Works Building and NH Department||Chief Engineer-Building - PWBNH,"Bishnu Nagar, Sivasagar",785640.0,2.0,"24,97,270",BIMAN JYOTI CHUTIA,"2,620,000",Accepted-AOC,14-May-2026,Public Works Building and NH Department||Chief Engineer-Building - PWBNH
2026_BTC_51307_1,125/ACE/NIT/Infra/BTC/22-23,Construction of Teacher Bhawan at Goreswar for the year 2025-26. TN_16_4_R,Construction of Teacher Bhawan at Goreswar for the year 2025-26.,Works,Open Tender,Item Rate,Civil Works,No,No,NA ,18-Feb-2026 10:00 AM,NA ,180.0,No ,No,Online,10-Mar-2026 03:00 PM,Bodoland Territorial Council-PWD||Director Cum CHD - PWD BTC,Tamulpur,781315.0,2.0,"46,36,829",ASHOK KUMAR BASUMATARY,"4,635,855",Accepted-AOC,22-May-2026,Bodoland Territorial Council-PWD||Director Cum CHD - PWD BTC
2025_BoTC_45347_1,DPRD/BTC/15th FC/(IF)/Udl-02/2025/11,Const. of erosion protection with bouldern revetment both Bank of Bharla river at Santipur under interest fund of 15th FC for the year 2025-26,DPRD/BTC/15th FC/(IF)/Udl-02/2025/11,Works,Open Tender,Item Rate,Civil Works,No,No,NA ,04-Jul-2025 10:30 AM,NA ,180.0,No ,No,Online,18-Jul-2025 02:30 PM,Bodoland Territorial Council||Panchayat and Rural Development-BTC,Udalguri,784509.0,2.0,"1,50,00,000",ALMA BASUMATARY,"14,999,764.77",Accepted-AOC,14-Aug-2025,Bodoland Territorial Council||Panchayat and Rural Development-BTC
2026_BoTC_51614_1,SE(RB)/20-21/Pt-III/61/211_2,Package No.211_2,Construction of road from Srirampur Maktaigaon PWD road (Howriapet No.2) to Gossaigaon Sapkata PWD road (Panoway Bazar) via Nobojyoti High School under BTC for the year 2025-26.,Works,Open Tender,Item Rate,Civil Works – Roads,No,No,NA ,02-Mar-2026 02:00 PM,NA ,180.0,No ,No,Online,18-Mar-2026 01:30 PM,Bodoland Territorial Council||PWD-BTC,"Gossaigaon, Kokrajhar dist",783360.0,2.0,"1,36,30,900",M/S H.K MUCHAHARY ENTERPRISE,"13,630,000",Rejected-AOC,16-May-2026,Bodoland Territorial Council||PWD-BTC
2026_DoWR_51301_1,ACE(Mech)WR/G-17/2025/461,Resectioning and Regrading of the Kollong River from Namgaon to Misa Centre for augmentation of Flow Capacity (Phase-I). Pk 2,Resectioning and Regrading of the Kollong River from Namgaon to Misa Centre for augmentation of Flow Capacity (Phase-I). Pk 2,Works,Open Tender,Works,Civil Works,No,No,NA ,17-Feb-2026 06:55 PM,NA ,180.0,No ,No,Online,25-Feb-2026 03:00 PM,Department of Water Resources||Chief Engineer - DoWR,NAGAON,782001.0,2.0,"2,37,63,436",RUDRA CONSTRUCTION AND SUPPLY,"23,750,000",Rejected-AOC,16-May-2026,Department of Water Resources||Chief Engineer - DoWR
2026_GMC_49862_1,GER/CE/2525/2025/7 Date_30/12/2025,"Cleaning, desilting and maintenance of Morabhorolu River ISBT to Fatasil Junction.","Cleaning, Desilting and Maintenance of Major River Channels (as packaged) under Mitigation of Urban Flood in Guwahati City under Guwahati Municipal Corporation for the year 2026",Works,Open Tender,Lump-sum,Miscellaneous Works,No,No,NA ,02-Jan-2026 06:00 PM,05-Jan-2026 12:00 PM ,120.0,No ,No,Online,28-Jan-2026 02:30 PM,Guwahati Municipal Corporation,Guwahati,781006.0,2.0,"2,86,26,500",P.S. ENTERPRISE,"19,795,224.75",Rejected-AOC,06-May-2026,Guwahati Municipal Corporation
2025_PWD_48734_1,CE/STBR/SOPD-G/NIT/07/25-26/45,CE/STBR/SOPD-G/NIT/07/25-26/45,Construction of one side RCC Drain at Rampur Road under Mukhya Mantrir Pakipath Nirman Aachani SOPD-G for the year 2025-26 of District Hojai (Hojai LAC),Works,Open Tender,Works,Civil Works,No,No,NA ,20-Nov-2025 09:00 AM,NA ,180.0,No ,No,Online,27-Nov-2025 11:00 AM,Public Works Roads Department,O/o the CE(Roads)PWRD Assam Chandmari Ghy03,781003.0,2.0,"74,26,400",BIDYUT KUMAR PATHAK,"7,425,995",Accepted-AOC,06-May-2026,Public Works Roads Department
2026_DoWR_49915_1,UDALGURI/2025-26/PDNA/WORK/I,Restoration of embankment on L/B of Golondi river at Bekigaon area(Items of Labour).,Restoration of embankment on L/B of Golondi river at Bekigaon area(Items of Labour).,Works,Open Tender,Works,Civil Works,No,No,NA ,03-Jan-2026 06:55 PM,NA ,180.0,No ,No,Online,13-Jan-2026 03:00 PM,Department of Water Resources||Chief Engineer - DoWR,UDALGURI,784509.0,2.0,"27,79,878",JUNMAYA BASUMATARI,"2,501,888.59",Accepted-AOC,16-May-2026,Department of Water Resources||Chief Engineer - DoWR
2026_BTC_51180_1,No.ACE-133/PWD/G.79/2025-26/69,"Infrastructure Dev. of Udalguri District Gudi Bathou Office at Purani Goraibari at 37 Dhansiri under SOPD Bodoland Welfare Department, 2025-26. TN_111_25","Infrastructure Dev. of Udalguri District Gudi Bathou Office at Purani Goraibari at 37 Dhansiri under SOPD Bodoland Welfare Department, 2025-26. TN_111_25",Works,Open Tender,Item Rate,Civil Works - Building,No,No,NA ,16-Feb-2026 12:00 PM,NA ,180.0,No ,No,Online,05-Mar-2026 11:00 AM,Bodoland Territorial Council-PWD||Director Cum CHD - PWD BTC,Kokrajhar,783370.0,2.0,"17,88,839",ANNAI NARZARI,"1,788,839",Rejected-AOC,25-May-2026,Bodoland Territorial Council-PWD||Director Cum CHD - PWD BTC
2025_BoTC_49508_1,TECH-28/SE(RB)/2019-20/2,Construction of road from Demajuli PWD road near Haranga Daimary house to Madhya Kharijia M.E. School via-Water Supply under Mainamata VCDC at Mainamata Pather (Kajiamati) in Baksa District under CMs Goodwill Mission Project (RIDF XXXI) TN_384_4,Construction of road from Demajuli PWD road near Haranga Daimary house to Madhya Kharijia M.E. School via-Water Supply under Mainamata VCDC at Mainamata Pather (Kajiamati) in Baksa District under CMs Goodwill Mission Project (RIDF XXXI) TN_384_4,Works,Open Tender,Works,Civil Works – Roads,No,No,NA ,20-Dec-2025 02:00 PM,NA ,180.0,No ,No,Online,12-Jan-2026 02:00 PM,Bodoland Territorial Council||PWD-BTC,Baksa,781346.0,2.0,"99,99,971",chakrasing Muchahary,"9,996,000",Accepted-AOC,08-May-2026,Bodoland Territorial Council||PWD-BTC
2026_PWD_50979_1,TB/PWD/MDTRD/610/2025-26/09_2,Recovery and Reconstruction of Laharighat to Dakhin Bagalipara road damaged side berm and hard crust from ch. 330.00 to ch. 550.00 m and ch. 2850.00 to ch. 2880.00 m under NDRF (PDNA -2022) for the year 2025-26,Recovery and Reconstruction of Laharighat to Dakhin Bagalipara road damaged side berm and hard crust from ch. 330.00 to ch. 550.00 m and ch. 2850.00 to ch. 2880.00 m under NDRF (PDNA -2022) for the year 2025-26,Works,Open Tender,Item Rate,Civil Works,No,No,NA ,10-Feb-2026 11:00 AM,11-Feb-2026 12:00 PM ,90.0,No ,No,Online,18-Feb-2026 04:00 PM,Public Works Roads Department,MORIGAON,782105.0,2.0,"30,00,000",RAKESH KR. SINGH,"2,999,447",Rejected-AOC,02-May-2026,Public Works Roads Department
2026_BoTC_50070_9,SE(R/B)/20-21/Pt-III/20,Package No.203_9,Recovery and Re-construction of Jamuguri to Pub Kuruabahi Road under NDRF(PDNA-2022) for the year 2025-26.,Works,Open Tender,Item Rate,Civil Works – Roads,No,No,NA ,08-Jan-2026 03:00 PM,NA ,180.0,No ,No,Online,29-Jan-2026 01:30 PM,Bodoland Territorial Council||PWD-BTC,"Mazbat, Udalguri dist",784507.0,2.0,"39,98,000",SRI BIJU NATH BASUMATARY,"3,995,000",Rejected-Technical,18-May-2026,Bodoland Territorial Council||PWD-BTC
2026_BTC_51034_23,ACE-25/PWD/IFB/BTC/2025-26/70,Const. of CC Block road from Sialmari-Kochari PWD road to Podompukhuri under SOPD (BTC) for the year 2025-26. (TN_118_23),Const. of CC Block road from Sialmari-Kochari PWD road to Podompukhuri under SOPD (BTC) for the year 2025-26.,Works,Open Tender,Item Rate,Civil Works,No,No,NA ,11-Feb-2026 10:00 AM,18-Feb-2026 12:00 PM ,180.0,No ,No,Online,02-Mar-2026 03:00 PM,Bodoland Territorial Council-PWD||Director Cum CHD - PWD BTC,Udalguri,784509.0,2.0,"94,69,000",PRIYALATA DAIMARI,"9,468,980",Rejected-AOC,18-May-2026,Bodoland Territorial Council-PWD||Director Cum CHD - PWD BTC
2026_ID_50784_12,NIT NO.8 (SDMF) 2025-26 Date_03.02.2026,"Protection at Phuluguri FIS under SDMF for the year 2025--26 under Udalguri Mazbat Division (Irrigation), Udalguri Package_12","Protection at Phuluguri FIS under SDMF for the year 2025--26 under Udalguri Mazbat Division (Irrigation), Udalguri Package_12",Works,Open Tender,Item Rate,Civil Works,No,No,NA ,04-Feb-2026 06:00 PM,06-Feb-2026 02:00 PM ,180.0,No ,No,Online,26-Feb-2026 03:00 PM,Irrigation Department||Chief Engineer(Major)-Irrigation Dept,Udalguri,784509.0,2.0,"6,04,05,239",ASHOK KUMAR BAJAJ,"60,405,203",Accepted-AOC,08-May-2026,Irrigation Department||Chief Engineer(Major)-Irrigation Dept
2026_GMC_50622_63,GER/CE/2525/2025/Part-I/ 9 Date_ 22 /01/2026,Package No. DSLT-Div-V/9,"Cleaning, Desilting and Maintenance of Drains (Package No. DSLT-Div-V/9) under Mitigation of Urban Flood in Guwahati City under Guwahati Municipal Corporation for the year 2026",Works,Open Tender,Lump-sum,Miscellaneous Works,No,No,NA ,05-Feb-2026 10:00 AM,05-Feb-2026 12:00 PM ,120.0,No ,No,Online,16-Feb-2026 02:30 PM,Guwahati Municipal Corporation,Guwahati,781006.0,2.0,"19,28,000",MD SAFI ALI,"1,639,764",Rejected-AOC,06-May-2026,Guwahati Municipal Corporation
2025_PHED_46302_1,SEPH/GC/TB-152/Vol-XXI/25-26,Utility shifting and repairing of (Water distribution pipeline of PWSS) damaged during PWD road widening for Borgaon PWSS under Rangia (PHE) Division,Utility shifting and repairing of (Water distribution pipeline of PWSS) damaged during PWD road widening for Borgaon PWSS under Rangia (PHE) Division under SOPD-G for the year 2025-26,Works,Open Tender,Item Rate,Civil Works,No,No,NA ,12-Aug-2025 04:00 PM,19-Aug-2025 01:00 PM ,90.0,No ,No,Online,10-Sep-2025 03:00 PM,Public Health Engineering Department||Chief Engineer PHE(P)-Assam-PHED||Lower Assam Zone-Guwahati-PHED||Guwahati Circle-Guwahati-PHED,Borgaon Village,781354.0,2.0,"30,03,749",MD ABDUL WAHID,"2,958,629",Rejected-Technical,20-May-2026,Public Health Engineering Department||Chief Engineer PHE(P)-Assam-PHED||Lower Assam Zone-Guwahati-PHED||Guwahati Circle-Guwahati-PHED
2026_GMC_50622_77,GER/CE/2525/2025/Part-I/ 9 Date_ 22 /01/2026,Package No. DSLT-Div-VI/7,"Cleaning, Desilting and Maintenance of Drains (Package No. DSLT-Div-VI/7) under Mitigation of Urban Flood in Guwahati City under Guwahati Municipal Corporation for the year 2026",Works,Open Tender,Lump-sum,Miscellaneous Works,No,No,NA ,05-Feb-2026 12:10 PM,05-Feb-2026 12:10 PM ,120.0,No ,No,Online,16-Feb-2026 02:30 PM,Guwahati Municipal Corporation,Guwahati,781006.0,2.0,"33,24,000",SARAT DAS,"2,459,760",Accepted-AOC,06-May-2026,Guwahati Municipal Corporation
2025_PWD_45926_156,CE/DEV/TB/60/2025-26/06 Dtd- 14.07.2025,"MMPPNA_RIDF_XXXI_25_26_348 Construction of Road from (1) Lalgate to Krishipam Connecting (Longpotia Habi) Road (From Ch. 0.00M to Ch. 1000.00M, L- 1.00 Km) (2) Old Dhodar Ali to Pan Bari Road (From Ch. 0.00M to Ch. 1000.00M, L- 1.00 Km) (3) Uttar Sum","MMPPNA_RIDF_XXXI_25_26_348 Construction of Road from (1) Lalgate to Krishipam Connecting (Longpotia Habi) Road (From Ch. 0.00M to Ch. 1000.00M, L- 1.00 Km) (2) Old Dhodar Ali to Pan Bari Road (From Ch. 0.00M to Ch. 1000.00M, L- 1.00 Km) (3) Uttar Sum",Works,Open Tender,Item Rate,Civil Works – Roads,No,No,NA ,01-Aug-2025 06:00 PM,04-Aug-2025 12:00 PM ,180.0,No ,No,Online,14-Aug-2025 02:30 PM,Public Works Roads Department,Sonari,785112.0,2.0,"2,28,80,000",ADITYA DOWARAH,"22,880,000",Accepted-AOC,18-May-2026,Public Works Roads Department
2025_PWD_45926_63,CE/DEV/TB/60/2025-26/06 Dtd- 14.07.2025,MMPPNA_RIDF_XXXI_25_26_178 Construcion of Road from (i) Dakhin Devasthan to Moudanga Pathar (ii) Udmari village to Gonipur Road from Ch. 0.00m to ch. 3750.00m and (iii) Samarali Toopgaon to Samarali Bazar from Ch. 0.00m to Ch. 2350.00m under Mukhya M,MMPPNA_RIDF_XXXI_25_26_178 Construcion of Road from (i) Dakhin Devasthan to Moudanga Pathar (ii) Udmari village to Gonipur Road from Ch. 0.00m to ch. 3750.00m and (iii) Samarali Toopgaon to Samarali Bazar from Ch. 0.00m to Ch. 2350.00m under Mukhya M,Works,Open Tender,Item Rate,Civil Works – Roads,No,No,NA ,29-Jul-2025 09:00 AM,04-Aug-2025 12:00 PM ,180.0,No ,No,Online,14-Aug-2025 02:30 PM,Public Works Roads Department,Binnakandi,782435.0,2.0,"4,53,53,000",M/S ANKUR ENTERPRISE,"45,349,100",Not Admitted-Fee/PreQual/Technical,20-May-2026,Public Works Roads Department
2026_BTC_49930_1,No.25/PWD/IFB/BTC/2025-26/51,Reconstruction of road from Kawli Bazar to Sujit Chandra House under SOPD-G for the year 2025-26 in Tamulpur District. BTR_SOPD_G_25_42,Reconstruction of road from Kawli Bazar to Sujit Chandra House under SOPD-G for the year 2025-26 in Tamulpur District. BTR_SOPD_G_25_42,Works,Open Tender,Item Rate,Civil Works – Roads,No,No,NA ,05-Jan-2026 12:00 PM,NA ,180.0,No ,No,Online,28-Jan-2026 11:00 AM,Bodoland Territorial Council-PWD||Director Cum CHD - PWD BTC,Kokrajhar,783370.0,2.0,"41,26,000",Yahvi Enterprise,"4,125,956.9",Rejected-AOC,08-May-2026,Bodoland Territorial Council-PWD||Director Cum CHD - PWD BTC
2026_DoWR_50531_1,SOUTH SALMARA/2025-26/M AND R/I,Strengthening and Restoration of IBB Link Road at Kokradanga area under M and R for the Year 2025-26.,Strengthening and Restoration of IBB Link Road at Kokradanga area under M and R for the Year 2025-26.,Works,Open Tender,Works,Civil Works,No,No,NA ,22-Jan-2026 06:55 PM,NA ,180.0,No ,No,Online,02-Feb-2026 03:00 PM,Department of Water Resources||Chief Engineer - DoWR,South Salmara,783127.0,2.0,"2,39,99,352",Prasanta Bayan,"23,979,352.9",Rejected-AOC,13-May-2026,Department of Water Resources||Chief Engineer - DoWR
2025_PWD_45491_2,CE/Commn/16/2025-26/2,Makum/ SOPD/ 1,I)Imp of Old AT rd strting frm Gobindapur bypass to railway gate no1 II) Construction of RCC Box Clvrt at Makm Dhelakhat Rd near Ronga Dolong iii) Const of RCC Box Clvrt at Tinsukia Hilikha Rd. iv) Const of HPCul at Huknpkhri Rd undr SOPDG for2025-26,Works,Open Tender,Item Rate,Civil Works – Roads,No,No,NA ,10-Jul-2025 05:00 PM,18-Jul-2025 04:00 PM ,180.0,No ,No,Online,30-Jul-2025 02:30 PM,Public Works Roads Department,Makum,786170.0,2.0,"1,05,75,000",ARUP CHETIA,"10,574,943",Accepted-AOC,05-May-2026,Public Works Roads Department
2025_PWBNH_47745_1,T/TB-1/114/2022/46 Dated 18/09/2025,"Construction of Mini Stadium at Muolhoi, Haflong, DimaHasao District, Assam","Construction of Mini Stadium at Muolhoi, Haflong, DimaHasao District, Assam",Works,Open Tender,Item Rate,Civil Works - Building,No,No,NA ,27-Sep-2025 06:00 PM,07-Oct-2025 11:30 AM ,180.0,No ,No,Online,29-Oct-2025 03:00 PM,Public Works Building and NH Department||Chief Engineer-Building - PWBNH,DimaHasao,788819.0,2.0,"10,77,34,387",M/s. Ashirvad Associates,"136,282,641",Accepted-AOC,25-May-2026,Public Works Building and NH Department||Chief Engineer-Building - PWBNH
2025_DoWR_49695_1,HAILAKANDI/ 2025-26/PDNA/WORKS/II,Restoration of dyke at different reaches on R/B of river Katakhal from Dholai TE. to Kabulitilla area.,Restoration of dyke at different reaches on R/B of river Katakhal from Dholai TE. to Kabulitilla area.,Works,Open Tender,Works,Civil Works,No,No,NA ,29-Dec-2025 09:00 AM,NA ,180.0,No ,No,Online,09-Jan-2026 03:00 PM,Department of Water Resources||Chief Engineer - DoWR,HAILAKANDI,788151.0,2.0,"1,22,24,505",D A Builder & Consultancy,"12,221,266",Accepted-AOC,16-May-2026,Department of Water Resources||Chief Engineer - DoWR
2025_APDCL_47364_1,APDCL/CGM (NRE)/NRE-207/2025-26/20,"Implementation of Grid Connected Solar Power Plants at CM Secretariat, Dibrugarh, Assam","Implementation of Grid Connected Solar Power Plants at CM Secretariat, Dibrugarh, Assam",Works,Open Tender,Turn-key,Electrical Works,No,No,NA ,08-Sep-2025 04:00 PM,20-Sep-2025 12:30 PM ,90.0,No ,No,Online,08-Oct-2025 03:00 PM,Assam Power Distribution Company Ltd||CGM (NRE),Dibrugarh,786001.0,2.0,,UNIVERSAL MEP PROJECTS & ENGINEERING SERVICES LIMITED,"4,464,370.6",Rejected-Technical,08-May-2026,Assam Power Distribution Company Ltd||CGM (NRE)
2026_BTC_51206_3,No.ACE-133/PWD/G.79/2025-26/69,Construction of Boundary Wall at Asrabari Diamond English School under SOPD Bodoland Welfare Department 2025-26. TN_111_13,Construction of Boundary Wall at Asrabari Diamond English School under SOPD Bodoland Welfare Department 2025-26.,Works,Open Tender,Item Rate,Civil Works,No,No,NA ,16-Feb-2026 12:00 PM,NA ,180.0,No ,No,Online,05-Mar-2026 11:00 AM,Bodoland Territorial Council-PWD||Director Cum CHD - PWD BTC,Udalguri,784509.0,2.0,"9,99,750",Sansuma Daimari,"999,000",Rejected-AOC,22-May-2026,Bodoland Territorial Council-PWD||Director Cum CHD - PWD BTC
2026_DoWR_50221_1,SRIBHUMI/2025-26/PDNA/WORK/VI,Restoration of dyke on both bank of river Shingla at different reaches including restoration of existing culvert at Kapnar channel and Joyanagar.,Restoration of dyke on both bank of river Shingla at different reaches including restoration of existing culvert at Kapnar channel and Joyanagar.,Works,Open Tender,Works,Civil Works,No,No,NA ,13-Jan-2026 12:00 PM,NA ,180.0,No ,No,Online,20-Jan-2026 03:00 PM,Department of Water Resources||Chief Engineer - DoWR,SRIBHUMI,788710.0,2.0,"1,71,93,857",BIHUL UPADHYAY,"17,191,786.04",Accepted-AOC,26-May-2026,Department of Water Resources||Chief Engineer - DoWR
2025_GMC_47797_2,GER/CE/2504/2025/16 Dated_25/09/2025,Construction of Community Hall under Ward No.19,Construction of Various Community Hall under Guwahati Municipal Corporation,Works,Open Tender,Lump-sum,Civil Works,No,No,NA ,03-Oct-2025 06:00 PM,08-Oct-2025 12:00 PM ,120.0,No ,No,Online,24-Oct-2025 02:30 PM,Guwahati Municipal Corporation,Guwahati,781006.0,2.0,,D N ENTERPRISE,"1,777,000",Rejected-AOC,07-May-2026,Guwahati Municipal Corporation
2025_UDD_48544_1,smb/584/2025/6689-94,Improvement of Mahatma Gandhi Road by widening with concrete pavers block on both side from junction of K P Chaliha Road up to 809 M at Ward No X of Sivasagar Municipal Board under NCAP,Improvement of Mahatma Gandhi Road by widening with concrete pavers block on both side from junction of K P Chaliha Road up to 809 M at Ward No X of Sivasagar Municipal Board under NCAP 2023-2024,Works,Open Tender,Works,Civil Works,No,No,NA ,12-Nov-2025 09:00 AM,NA ,180.0,No ,No,Online,03-Dec-2025 03:00 PM,Urban Development Department||Directorate of Municipality Administration - UDD||Sibsagar Municipal Board,SIVASAGAR,785640.0,2.0,"53,77,098",HITESH DUTTA,"4,839,388.2",Rejected-Finance,06-May-2026,Urban Development Department||Directorate of Municipality Administration - UDD||Sibsagar Municipal Board
2025_BTC_49517_1,No.125/Infra/BTC/2022-23/349,"Construction of Sujit Narzary Memorial Auditorium Hall at Tipkai, Kokrajhar District. TN_83_03","Construction of Sujit Narzary Memorial Auditorium Hall at Tipkai, Kokrajhar District. TN_83_03",Works,Open Tender,Item Rate,Civil Works - Building,No,No,NA ,22-Dec-2025 10:30 AM,NA ,180.0,No ,No,Online,12-Jan-2026 02:00 PM,Bodoland Territorial Council-PWD||Director Cum CHD - PWD BTC,Kokrajhar,783370.0,2.0,"96,63,728",MD. AMANUR ALI,"9,663,700",Rejected-AOC,22-May-2026,Bodoland Territorial Council-PWD||Director Cum CHD - PWD BTC
2025_PWD_45827_124,CE/MAINT/SOPDG/01/2025-26/02,MAINT/SOPD-G/2025-26/112,"MAINT/SOPD-G/2025-26/112_Improvement of (GWC) Road from 1_ Boro Suba to Kumar suba Road, 2_ Improvement of (GWC) Road from Hussaian House(Mangala Chowk) to Sepkuchi Road, 3_ Improvement of (GWC) Road from Lakhimandir via Diganta Bardaloi House to Rag",Works,Open Tender,Item Rate,Civil Works – Roads,No,No,NA ,25-Jul-2025 06:00 PM,26-Jul-2025 02:00 PM ,180.0,No ,No,Online,19-Aug-2025 11:00 AM,Public Works Roads Department,Kamrup Rural,781354.0,2.0,"1,43,73,000",Abdur Rekib,"14,373,000",Accepted-AOC,15-May-2026,Public Works Roads Department
2026_BTC_50188_8,ACE-25/PWD/IFB/BTC/2025-26/64,"Construction of New Building of 100 Secondary Schools in 35 Districts of Assam under RIDF-XXXI (2025-26) at Barbari Nehru Higher Secondary School, Baksa under Udalguri and Baksa DTBD. (Package-88)","Construction of New Building of 100 Secondary Schools in 35 Districts of Assam under RIDF-XXXI (2025-26) at Barbari Nehru Higher Secondary School, Baksa under Udalguri and Baksa DTBD.",Works,Open Tender,Works,Civil Works,No,No,NA ,13-Jan-2026 10:00 AM,24-Jan-2026 12:00 PM ,180.0,No ,No,Online,02-Feb-2026 03:00 PM,Bodoland Territorial Council-PWD||Director Cum CHD - PWD BTC,Baksa,781372.0,2.0,"4,12,18,000",MR DIPAK SARMA,"41,214,000",Rejected-AOC,04-May-2026,Bodoland Territorial Council-PWD||Director Cum CHD - PWD BTC
2026_WPTBC_51946_1,BKWAC/e-proc/25-26/30/22852-57,Procurement of 2 beneficiary items of 1. Student School Bag and 2. Laptop,Procurement of 2beneficiary items of 1. Student School Bag and 2. Laptop,Goods,Open Tender,Item Wise,Miscellaneous Goods,No,No,NA ,13-Mar-2026 02:00 PM,NA ,180.0,No ,No,Online,07-Apr-2026 11:00 AM,Welfare of Plain Tribes and Backward Classes||Director - WPT and BC||BodoKachari Welfare Autonomous Council,"Bodoland Bhawan, Survey, Beltola",781028.0,2.0,"2,08,00,000",KAMRUP ENTERPRISE,"14,999,094",Rejected-Finance,15-May-2026,Welfare of Plain Tribes and Backward Classes||Director - WPT and BC||BodoKachari Welfare Autonomous Council
2025_PWD_46604_16,CE/STBR/SOPD-G/NIT/07/2025 26/8 Dated 29-07-2025,"STBR/SOPD-G/Jagiroad-08/52 1. Improvement of road from Dharamtul to Maruagaon via Mantabori Road, 2. Improvement of road from NH-37 at Bishnumondir to Bhalukmari Gaon and 3. Improvement of road from NH-37 to Gopal Krishna Tea Garden under SOPD-G","STBR/SOPD-G/Jagiroad-08/52 1. Improvement of road from Dharamtul to Maruagaon via Mantabori Road, 2. Improvement of road from NH-37 at Bishnumondir to Bhalukmari Gaon and 3. Improvement of road from NH-37 to Gopal Krishna Tea Garden under SOPD-G",Works,Open Tender,Item Rate,Civil Works – Roads,No,No,NA ,18-Aug-2025 02:00 PM,20-Aug-2025 11:00 AM ,180.0,No ,No,Online,02-Sep-2025 11:00 AM,Public Works Roads Department,Morigaon,782105.0,2.0,"1,41,98,000",BARUN AGARWALA,"14,196,992",Accepted-AOC,06-May-2026,Public Works Roads Department
2026_BTC_51204_1,No.ACE-133/PWD/G.79/2025-26/69,"Construction of Boundary Wall at Rowta Station Dharamsala under SOPD Bodoland Welfare Department, 2025-26. TN_111_45","Construction of Boundary Wall at Rowta Station Dharamsala under SOPD Bodoland Welfare Department, 2025-26. TN_111_45",Works,Open Tender,Item Rate,Civil Works - Building,No,No,NA ,16-Feb-2026 12:00 PM,NA ,180.0,No ,No,Online,05-Mar-2026 11:00 AM,Bodoland Territorial Council-PWD||Director Cum CHD - PWD BTC,Kokrajhar,783370.0,2.0,"6,99,999",KHAULA DAIMARI,"699,422.59",Rejected-AOC,25-May-2026,Bodoland Territorial Council-PWD||Director Cum CHD - PWD BTC
2026_PWBNH_51642_1,BDTBD/25-26/UC/Fur/32/1774-A,"Construction of new School Building for up gradation of Secondary to Higher Secondary School under Samagra Shiksha, Assam at Uzirar Char High School, Barpeta District (For Supply of Furniture only)","Construction of new School Building for up gradation of Secondary to Higher Secondary School under Samagra Shiksha, Assam at Uzirar Char High School, Barpeta District (For Supply of Furniture only)",Goods,Open Tender,Item Rate,Furniture/ Fixture,No,No,NA ,04-Mar-2026 04:30 PM,NA ,180.0,No ,No,Online,18-Mar-2026 03:30 PM,Public Works Building and NH Department||Chief Engineer-Building - PWBNH,Uzirar Char,783101.0,2.0,"31,15,390",MAA LAXMI ENTERPRISES,"3,109,540",Rejected-Finance,26-May-2026,Public Works Building and NH Department||Chief Engineer-Building - PWBNH
2025_DoWR_49098_1,N LAKHIMPUR/2025-26/SOPD-G/II,Widening and strengthening of Kakoi Right Bank embankment from Lilabari T.G. to Kadam including A/E works at different reaches.,Widening and strengthening of Kakoi Right Bank embankment from Lilabari T.G. to Kadam including A/E works at different reaches.,Works,Open Tender,Works,Civil Works,No,No,NA ,06-Dec-2025 06:55 PM,NA ,180.0,No ,No,Online,26-Dec-2025 03:00 PM,Department of Water Resources||Chief Engineer - DoWR,N LAKHIMPUR,787001.0,2.0,"8,25,05,189",LALBABU MAHATO,"82,505,188.57",Accepted-AOC,21-May-2026,Department of Water Resources||Chief Engineer - DoWR
2026_PWD_51692_1,CE/DEV/TB/294/2025-26/04 Dated 05.03.2026,"SOPD_G_25_26_65 Construction of connecting roads (i) Niz chilabandha road, (ii) Road at Mouchanda Pathar, (iii)Emergency escape road at Mouchanda Pathar via paddy field connecting Niz chilabandha road and Parking area","SOPD_G_25_26_65 Construction of connecting roads (i) Niz chilabandha road, (ii) Road at Mouchanda Pathar, (iii)Emergency escape road at Mouchanda Pathar via paddy field connecting Niz chilabandha road and Parking area",Works,Open Tender,Item Rate,Civil Works – Roads,No,No,NA ,05-Mar-2026 06:00 PM,NA ,180.0,No ,No,Online,12-Mar-2026 02:30 PM,Public Works Roads Department,Nagaon,782001.0,2.0,"2,89,22,100",SARAIGHAT ENGINEERS,"28,922,100",Rejected-Finance,06-May-2026,Public Works Roads Department
2025_PWD_45827_23,CE/MAINT/SOPDG/01/2025-26/02,MAINT/SOPD-G/2025-26/33,"MAINT/SOPD-G/2025-26/33_1_Improvement of road from Charaldanga M.E. School to 1st km of Fulkumari Chapgarh Road, 2_Improvement of Road from 1949 No Velakoba L.P. School to 2nd km of Fulkumari Chapgarh Road via Chapgarh Ayusman Arayoga Mandir (Ch. 237",Works,Open Tender,Item Rate,Civil Works – Roads,No,No,NA ,23-Jul-2025 12:00 PM,24-Jul-2025 12:00 PM ,180.0,No ,No,Online,14-Aug-2025 11:00 AM,Public Works Roads Department,Dhubri,783301.0,2.0,"1,00,65,000",M/S Kusumbar Construction,"10,065,000",Accepted-AOC,19-May-2026,Public Works Roads Department
2026_GMC_50622_1,GER/CE/2525/2025/Part-I/ 9 Date_ 22 /01/2026,Package No. DSLT-Div-I/1,"Cleaning, Desilting and Maintenance of Drains (Package No. DSLT-Div-I/1) under Mitigation of Urban Flood in Guwahati City under Guwahati Municipal Corporation for the year 2026",Works,Open Tender,Lump-sum,Miscellaneous Works,No,No,NA ,29-Jan-2026 06:00 PM,05-Feb-2026 12:00 PM ,120.0,No ,No,Online,16-Feb-2026 02:30 PM,Guwahati Municipal Corporation,Guwahati,781006.0,2.0,"25,52,000",KAMAL DAS,"1,777,978.4",Rejected-AOC,06-May-2026,Guwahati Municipal Corporation
2025_BoTC_45086_1,DPRD/BTC/(15th FC)UT(VIII)Udl-18/2025/10,Imp. of road with EF and SG from Monju Murmu house to Renga house with 1 Nos. of Slab culvert at Narjungpaara Saotal Basti under 15 th FC for the year 2023-24 during 2025-26.,DPRD/BTC(15th FC)UT(VIII)Udl-18/2025/10,Works,Open Tender,Item Rate,Civil Works,No,No,NA ,23-Jun-2025 10:30 AM,NA ,180.0,No ,No,Online,09-Jul-2025 02:30 PM,Bodoland Territorial Council||Panchayat and Rural Development-BTC,Udalguri,784509.0,2.0,"31,00,000",Sri Birgrang Basumatary,"3,099,999.47",Rejected-AOC,30-Jul-2025,Bodoland Territorial Council||Panchayat and Rural Development-BTC
2026_BoTC_50141_1,DPRD/BTC/6th ASFC/DG/Bak-16/2025/17,Construction of Market Shed at Hongkong Market at Angarkata under the Award of Direct Grant of 6th ASFC fund for the year 2021-22 (1st Installment) during 2025-26.,DPRD/BTC/6th ASFC/DG/Bak-16/2025/17,Works,Open Tender,Item Rate,Civil Works - Building,No,No,NA ,09-Jan-2026 05:00 PM,NA ,180.0,No ,No,Online,31-Jan-2026 03:30 PM,Bodoland Territorial Council||Panchayat and Rural Development-BTC,Angarkata Tamulpur,781367.0,2.0,"25,00,000",LABHI RAM RABHA,"2,499,701.39",Rejected-AOC,07-Feb-2026,Bodoland Territorial Council||Panchayat and Rural Development-BTC
2025_BoTC_49449_1,SE(R/B)/20-21/Pt-III/03/201_4,Package No.201_4,Construction of CC Block road from UdalguriKharupetia PWD connecting road to Singaon village under CM Goodwill Mission Prject under RIDF-XXXI of NABARD for the year 2025-26.,Works,Open Tender,Item Rate,Civil Works – Roads,No,No,NA ,19-Dec-2025 01:00 PM,NA ,180.0,No ,No,Online,09-Jan-2026 01:30 PM,Bodoland Territorial Council||PWD-BTC,Udalguri,784509.0,2.0,"99,99,918",DHARMESWAR GOYARI,"9,998,981",Rejected-AOC,18-May-2026,Bodoland Territorial Council||PWD-BTC
2026_PWD_52348_1,CE/CW/36/2025-26/,Rupkonwarhousingcomplexroad,Construction of Road and Drain at Rupknowar Housing Complex under SOPD-G for the year 2025-26 Ward 02,Works,Open Tender,Item Rate,Civil Works – Roads,No,No,NA ,14-May-2026 03:30 PM,18-May-2026 03:00 PM ,180.0,No ,No,Online,20-May-2026 02:30 PM,Public Works Roads Department,Guwahati,781013.0,2.0,"1,15,03,000",M/S. DREAM-A-MAZE,"11,502,999.99",Accepted-AOC,27-May-2026,Public Works Roads Department
2026_NHM_50214_1,NHM/ECF/685060,Repairing and renovation of Hospital building including Doctors Quarters and Nurses Quarters and 4th Grade Quarter at Baruah Balijhar MPHC in Kamrup district,Repairing and renovation of Hospital building including Doctors Quarters and Nurses Quarters and 4th Grade Quarter at Baruah Balijhar MPHC in Kamrup district,Works,Open Tender,Item Rate,Civil Works - Building,No,No,NA ,13-Jan-2026 09:00 AM,NA ,180.0,No ,No,Online,21-Jan-2026 01:00 PM,National Health Mission||State Programme Management Unit - NHM,"Baruah Balijhar MPHC, Kamrup",781128.0,2.0,"67,64,358",M/S LUIT ASSOCIATE,"6,764,000",Rejected-Finance,05-May-2026,National Health Mission||State Programme Management Unit - NHM
2025_PWBNH_48401_9,Tech-IV(H_E)/RIDF XXXI/01/2025/30 Dated Guwahati the 22nd Oct 2025,Package-27 Construction of 100 Secondary Schools in 35 Districts of Assam under RIDF-XXXI (2025-26) for Morigaon Collegiate High School under Morigaon DTBD,Package-27 Construction of 100 Secondary Schools in 35 Districts of Assam under RIDF-XXXI (2025-26) for Morigaon Collegiate High School under Morigaon DTBD,Works,Open Tender,Item Rate,Civil Works - Building,No,No,NA ,04-Nov-2025 09:00 AM,07-Nov-2025 11:00 AM ,180.0,No ,No,Online,21-Nov-2025 04:00 PM,Public Works Building and NH Department||Chief Engineer-Building - PWBNH,Morigaon,782105.0,2.0,"4,11,28,125",Biren Deka,"44,760,697",Accepted-AOC,16-May-2026,Public Works Building and NH Department||Chief Engineer-Building - PWBNH
2025_PWD_45827_125,CE/MAINT/SOPDG/01/2025-26/02,MAINT/SOPD-G/2025-26/120,MAINT/SOPD-G/2025-26/120_1_ Improvement of Road from Bhalukartol to Ganakjhar Road from ch.0.00m to ch.3203.00m and 2_ Road from Gasbari to Gurmow Road from ch.0.00m to ch.1100.00 under Mukhya Mantrir Path Nabikaran Aachani(MMPNA) under SOPD-G for th,Works,Open Tender,Item Rate,Civil Works – Roads,No,No,NA ,26-Jul-2025 09:00 AM,26-Jul-2025 02:00 PM ,180.0,No ,No,Online,19-Aug-2025 11:00 AM,Public Works Roads Department,Kamrup Rural,781354.0,2.0,"86,06,000",Abdur Rekib,"8,606,000",Accepted-AOC,15-May-2026,Public Works Roads Department
2026_BTC_50927_1,No.ACE-133/PWD/G.79/2025-26/65,"Repairing and Renovation of Saragaon ME School under Satianguri VCDC, under 19 Thuribari Constituency, District Chirang under Grant No.79. TN_107_18","Repairing and Renovation of Saragaon ME School under Satianguri VCDC, under 19 Thuribari Constituency, District Chirang under Grant No.79. TN_107_18",Works,Open Tender,Item Rate,Civil Works - Building,No,No,NA ,07-Feb-2026 12:00 PM,NA ,180.0,No ,No,Online,21-Feb-2026 02:00 PM,Bodoland Territorial Council-PWD||Director Cum CHD - PWD BTC,Kokrajhar,783370.0,2.0,"59,99,951",DEBAJIT BORO,"5,997,000",Accepted-AOC,25-May-2026,Bodoland Territorial Council-PWD||Director Cum CHD - PWD BTC
2025_PWD_46685_51,CE/DEV/TB/60/2025-26/13 Dtd- 31.07.2025,"MMPPNA_RIDF_XXXI_25_26_389 Construction of Road from (1)Bomrui to Gorjoga. (L- 2.48 Km ),(2) No.1 Udali to Huklakata. (L- 1.50 Km ),(3) Mekbi Athoi Hemai Timung Gaon To MOS Road L-1.40 Km ,(4) No.1 Uttamji to Kurna Killing Via Sotat Hanse, L-1.10 Km","MMPPNA_RIDF_XXXI_25_26_389 Construction of Road from (1)Bomrui to Gorjoga. (L- 2.48 Km ),(2) No.1 Udali to Huklakata. (L- 1.50 Km ),(3) Mekbi Athoi Hemai Timung Gaon To MOS Road L-1.40 Km ,(4) No.1 Uttamji to Kurna Killing Via Sotat Hanse, L-1.10 Km",Works,Open Tender,Item Rate,Civil Works – Roads,No,No,NA ,26-Aug-2025 01:00 PM,26-Aug-2025 02:00 PM ,180.0,No ,No,Online,09-Sep-2025 02:30 PM,Public Works Roads Department,Karbi Anglong,782410.0,2.0,"5,81,71,000",Smti Monumaya Devi,"58,171,000",Rejected-Finance,26-May-2026,Public Works Roads Department
2025_APDCL_49049_1,APDCL/CGM (NRE)/PMSHRI-III/Package-III,APDCL/CGM (NRE)/PMSHRI-III/III,"Implementation of On-Grid Solar Power Plants at different PM-SHRI Schools (Phase-III) Under Samagra Shiksha, Assam",Works,Open Tender,Turn-key,Electrical Works,No,No,NA ,05-Dec-2025 03:00 PM,12-Dec-2025 03:00 PM ,120.0,No ,No,Online,30-Jan-2026 03:00 PM,Assam Power Distribution Company Ltd||CGM (NRE),Guwahati,781001.0,2.0,"41,28,582",M/S THE TECHNOLOGY HUB,"3,998,809",Rejected-Technical,12-Mar-2026,Assam Power Distribution Company Ltd||CGM (NRE)
2026_BTC_50265_1,125/ACE/NIT/Infra/BTC/2022-23,"Polytechnic and Vocational Training Institute at Harisinga in Udalguri District under Special Development Package (SDP) to be funded by Govt. of Assam on EPC (Engineering, Procurement and Construction) Mode- I.","Polytechnic and Vocational Training Institute at Harisinga in Udalguri District under Special Development Package (SDP) to be funded by Govt. of Assam on EPC (Engineering, Procurement and Construction) Mode- I.",Works,Open Tender,Works,Civil Works,No,No,NA ,16-Jan-2026 11:00 AM,21-Jan-2026 12:00 PM ,180.0,No ,No,Online,05-Feb-2026 03:00 PM,Bodoland Territorial Council-PWD||Director Cum CHD - PWD BTC,Udalguri,784509.0,2.0,"34,84,85,869",M/S N.E. Infra,"369,395,000",Rejected-AOC,27-May-2026,Bodoland Territorial Council-PWD||Director Cum CHD - PWD BTC
2026_BTC_51206_2,No.ACE-133/PWD/G.79/2025-26/69,"Repairing and Renovation of Barapeta High School at Barapeta, Mothanguri under SOPD Bodoland Welfare Department 2025-26. TN_111_12","Repairing and Renovation of Barapeta High School at Barapeta, Mothanguri under SOPD Bodoland Welfare Department 2025-26.",Works,Open Tender,Item Rate,Civil Works,No,No,NA ,16-Feb-2026 12:00 PM,NA ,180.0,No ,No,Online,05-Mar-2026 11:00 AM,Bodoland Territorial Council-PWD||Director Cum CHD - PWD BTC,Udalguri,784509.0,2.0,"24,99,787",NAVADRONA CONSTRUCTION PVT. LTD.,"2,499,700",Rejected-AOC,19-May-2026,Bodoland Territorial Council-PWD||Director Cum CHD - PWD BTC
2025_PWD_46685_45,CE/DEV/TB/60/2025-26/13 Dtd- 31.07.2025,"MMPPNA_RIDF_XXXI_25_26_411 Construction of road at (1) Phangcho Pherere Gaon from Ch.0.00 m to 1500.00 m, (2)Marchong Rongphar Village from Ch.0.00 m to 1500.00m, (3)Piporgaon Ch.0.00m to 1300.00m under MMPPNA(RIDF-XXXI) of NABARD for the year 2025-2","MMPPNA_RIDF_XXXI_25_26_411 Construction of road at (1) Phangcho Pherere Gaon from Ch.0.00 m to 1500.00 m, (2)Marchong Rongphar Village from Ch.0.00 m to 1500.00m, (3)Piporgaon Ch.0.00m to 1300.00m under MMPPNA(RIDF-XXXI) of NABARD for the year 2025-2",Works,Open Tender,Item Rate,Civil Works – Roads,No,No,NA ,22-Aug-2025 01:00 PM,22-Aug-2025 02:00 PM ,180.0,No ,No,Online,09-Sep-2025 02:30 PM,Public Works Roads Department,Karbi Anglong,782410.0,2.0,"3,43,96,000",Blue Bell Group of Company,"34,396,000",Accepted-AOC,19-May-2026,Public Works Roads Department
2025_PWD_49768_1,DRRD/TB/NIT/COM/2018-19/482,Reconstruction of Road from Piazbari Bazar to Baniamari Pt III under NDRF PDNA 2022 for the year 2025 2026,Reconstruction of Road from Piazbari Bazar to Baniamari Pt III under NDRF PDNA 2022 for the year 2025 2026,Works,Open Tender,Item Rate,Civil Works,No,No,NA ,31-Dec-2025 11:00 AM,03-Jan-2026 04:00 PM ,90.0,No ,No,Online,06-Jan-2026 03:00 PM,Public Works Roads Department,DHUBRI,783301.0,2.0,"74,70,000",VISHAL HARLALKA,"7,469,998.52",Rejected-AOC,11-Mar-2026,Public Works Roads Department
2026_ID_50491_1,NIT NO.SEI/T-27/2026/1315 dtd.22/01/2026,Procurement of Steel Wire Rope for existing Steel Barges of Irrigation Department for Flood Hazard Reduction under Capacity Building and Preparedness Fund of Assam State Disaster Management Authority,Procurement of Steel Wire Rope for existing Steel Barges of Irrigation Department for Flood Hazard Reduction under Capacity Building and Preparedness Fund of Assam State Disaster Management Authority,Goods,Open Tender,Item Rate,Mechanical Engg Items,No,No,NA ,23-Jan-2026 10:00 AM,29-Jan-2026 11:00 AM ,180.0,No ,No,Online,13-Feb-2026 11:00 AM,Irrigation Department||Chief Engineer(Major)-Irrigation Dept||Nagaon Circle,Various Divisions under Irrigation Department,782105.0,2.0,"91,78,573",BALAJI CONSTRUCTIONS,"1,748,723",Accepted-AOC,02-Mar-2026,Irrigation Department||Chief Engineer(Major)-Irrigation Dept||Nagaon Circle
2026_DoWR_50061_1,KAMRUP RURAL/2025-26/PDNA/WORK/II,Restoration of Damaged of both bank(B/B) Embankment of River Hajo-Suti.,Restoration of Damaged of both bank(B/B) Embankment of River Hajo-Suti.,Works,Open Tender,Works,Civil Works,No,No,NA ,08-Jan-2026 09:00 AM,NA ,180.0,No ,No,Online,19-Jan-2026 03:00 PM,Department of Water Resources||Chief Engineer - DoWR,KAMRUP RURAL,781009.0,2.0,"2,09,82,901",M/S NIRMAN,"20,803,190.06",Rejected-AOC,16-May-2026,Department of Water Resources||Chief Engineer - DoWR
2025_GMC_48371_1,GMC/CE/2504/2025/25 Date_29/10/2025,Community Hall under Ward No.-35,Community Hall under Ward No.-35,Works,Open Tender,Lump-sum,Civil Works,No,No,NA ,01-Nov-2025 06:30 PM,04-Nov-2025 12:00 PM ,120.0,No ,No,Online,25-Nov-2025 02:30 PM,Guwahati Municipal Corporation,Guwahati,781006.0,2.0,"20,00,000",D N ENTERPRISE,"1,630,000",Accepted-AOC,07-May-2026,Guwahati Municipal Corporation
2025_PWD_45408_64,CE/DEV/TB/60/2025-26/01 Dtd- 21.06.2025,MMPPNA_RIDF_XXXI_25_26_105 Construction of Road from (1) Nizbasti to Murabasti Connected Road (L-2200.00 M) (2) No. 2 Rampur Village Road (L-1100.00 M) (3) Natelia to Urangbasti Via Mangalbariya Bazar Connected Road (L-1000.00 M) under Mukhya Mantrir,MMPPNA_RIDF_XXXI_25_26_105 Construction of Road from (1) Nizbasti to Murabasti Connected Road (L-2200.00 M) (2) No. 2 Rampur Village Road (L-1100.00 M) (3) Natelia to Urangbasti Via Mangalbariya Bazar Connected Road (L-1000.00 M) under Mukhya Mantrir,Works,Open Tender,Item Rate,Civil Works – Roads,No,No,NA ,10-Jul-2025 02:00 PM,17-Jul-2025 12:00 PM ,180.0,No ,No,Online,28-Jul-2025 02:30 PM,Public Works Roads Department,Naduar,784175.0,2.0,"3,78,31,000",MADHURJYA BORAH,"37,830,000",Accepted-AOC,18-May-2026,Public Works Roads Department
2025_PWD_47085_57,CE/DEV/TB/60/2025-26/15 Dtd- 06.08.2025,MMPPNA_RIDF_XXXI_25_26_442 Improvement of embankment cum road along right bank of River Katakhal from Bajemara bridge to Rupacherra RA via Sunacherra Rupacherra GP Office (Ch. 3000.00m to 5500.00m) under Mukhya Mantrir Paki Path Nirman Achani (MMPPNA,MMPPNA_RIDF_XXXI_25_26_442 Improvement of embankment cum road along right bank of River Katakhal from Bajemara bridge to Rupacherra RA via Sunacherra Rupacherra GP Office (Ch. 3000.00m to 5500.00m) under Mukhya Mantrir Paki Path Nirman Achani (MMPPNA,Works,Open Tender,Item Rate,Civil Works – Roads,No,No,NA ,05-Sep-2025 01:00 PM,05-Sep-2025 02:00 PM ,180.0,No ,No,Online,19-Sep-2025 02:30 PM,Public Works Roads Department,Hailakandi,788151.0,2.0,"2,58,24,000",M/S S.K. Enterprise,"25,824,000",Rejected-Finance,26-May-2026,Public Works Roads Department
2025_PCCF_47967_1,ASZ/TENDER/APFBC/2025/01,"Supply of Camera Traps and Batteries for wildlife studies at Assam State Zoo, Guwahati","Supply of Camera Traps and Batteries for wildlife studies at Assam State Zoo, Guwahati",Goods,Open Tender,Supply,Miscellaneous Goods,No,No,NA ,10-Oct-2025 06:00 PM,22-Oct-2025 12:00 PM ,60.0,No ,No,Online,01-Nov-2025 01:00 PM,Pr. Chief Conservator of Forest and Head of Forest Force||Principal Chief Conservator of Forests(Wildlife and Ch. Wildlife Warden)||Divisional Forest Officer - Assam Sate Zoo,Assasm State Zoo,781005.0,2.0,,Adinath veterinary Products Pvt ltd,"1,437,000",Accepted-AOC,18-May-2026,Pr. Chief Conservator of Forest and Head of Forest Force||Principal Chief Conservator of Forests(Wildlife and Ch. Wildlife Warden)||Divisional Forest Officer - Assam Sate Zoo
2026_DoWR_50325_1,DIBRUGARH/2025-26/ PDNA/WORK/III,"Restoration of different locations of embankments od Deochali Hills to Tipling ghat, Bhekulajan to Tipling, Balijan T. E. to Tingraimukh, Tipling Bridge to Tipling T. E. from the flood damages.","Restoration of different locations of embankments od Deochali Hills to Tipling ghat, Bhekulajan to Tipling, Balijan T. E. to Tingraimukh, Tipling Bridge to Tipling T. E. from the flood damages.",Works,Open Tender,Works,Civil Works,No,No,NA ,17-Jan-2026 06:55 PM,NA ,180.0,No ,No,Online,30-Jan-2026 03:00 PM,Department of Water Resources||Chief Engineer - DoWR,DIBRUGARH,786001.0,2.0,"1,90,80,953",M/S Vinayak Infratech,"19,079,799",Accepted-AOC,19-May-2026,Department of Water Resources||Chief Engineer - DoWR
2026_GMC_50622_76,GER/CE/2525/2025/Part-I/ 9 Date_ 22 /01/2026,Package No. DSLT-Div-VI/6,"Cleaning, Desilting and Maintenance of Drains (Package No. DSLT-Div-VI/6) under Mitigation of Urban Flood in Guwahati City under Guwahati Municipal Corporation for the year 2026",Works,Open Tender,Lump-sum,Miscellaneous Works,No,No,NA ,05-Feb-2026 12:00 PM,05-Feb-2026 12:00 PM ,120.0,No ,No,Online,16-Feb-2026 02:30 PM,Guwahati Municipal Corporation,Guwahati,781006.0,2.0,"19,70,000",B R BUILDERS,"1,457,800",Accepted-AOC,06-May-2026,Guwahati Municipal Corporation
2026_GMC_50622_62,GER/CE/2525/2025/Part-I/ 9 Date_ 22 /01/2026,Package No. DSLT-Div-V/8,"Cleaning, Desilting and Maintenance of Drains (Package No. DSLT-Div-V/8) under Mitigation of Urban Flood in Guwahati City under Guwahati Municipal Corporation for the year 2026",Works,Open Tender,Lump-sum,Miscellaneous Works,No,No,NA ,05-Feb-2026 10:00 AM,05-Feb-2026 12:00 PM ,120.0,No ,No,Online,16-Feb-2026 02:30 PM,Guwahati Municipal Corporation,Guwahati,781006.0,2.0,"13,04,000",Siddhartha Das,"977,608.8",Rejected-Technical,12-May-2026,Guwahati Municipal Corporation
2025_BoTC_45363_1,DPRD/BTC/(SOPD)Udl-16/2025/10,Const. of boundary wall with Iron Gate of Swarnamakha Catholic Church under SOPD for the financial year 2025-26.,DPRD/BTC/(SOPD)Udl-16/2025/10,Works,Open Tender,Item Rate,Civil Works,No,No,NA ,04-Jul-2025 03:30 PM,NA ,180.0,No ,No,Online,18-Jul-2025 02:30 PM,Bodoland Territorial Council||Panchayat and Rural Development-BTC,Udalguri,784509.0,2.0,"22,00,000",Elison Mochahari,"2,198,440.82",Accepted-AOC,30-Jul-2025,Bodoland Territorial Council||Panchayat and Rural Development-BTC
2026_BTC_51044_1,No. ACE-133/PWD/G.79/2025-26/68,"Repairing and renovation of Hatipota ME School in No.40 Rowta Constituency, Udalguri District under Grant No.79 (WBD) in BTC area. TN_107_41","Repairing and renovation of Hatipota ME School in No.40 Rowta Constituency, Udalguri District under Grant No.79 (WBD) in BTC area. TN_107_41",Works,Open Tender,Item Rate,Civil Works - Building,No,No,NA ,11-Feb-2026 10:00 AM,NA ,180.0,No ,No,Online,23-Feb-2026 02:00 PM,Bodoland Territorial Council-PWD||Director Cum CHD - PWD BTC,Udalguri,784217.0,2.0,"59,99,066",RATUL BRAHMA,"5,998,000",Rejected-AOC,21-May-2026,Bodoland Territorial Council-PWD||Director Cum CHD - PWD BTC
2025_PCCF_47714_1,WLN/B/CAMPA/2025-2026/3363,Construction of Chain Link Fence with RCC post having 2 lines of Barbed Wire at top and one line at bottom,"Construction of Chain Link Fence with RCC post having 2 lines of Barbed Wire at top and one line at bottom , Dhania Range, under Nagaon Wildlife Division under CAMPA 2025-26 Scheme (1575 RM)",Works,Open Tender,Works,Civil Works - Others,No,No,NA ,26-Sep-2025 04:00 PM,08-Oct-2025 12:00 PM ,120.0,No ,No,Online,22-Oct-2025 11:00 AM,Pr. Chief Conservator of Forest and Head of Forest Force||Principal Chief Conservator of Forests(Wildlife and Ch. Wildlife Warden)||Kaziranga National Park Bokakhat||Nagaon Wildlife Division,Under Dhania Range,784178.0,2.0,"26,16,075",YEASMIN SULTANA,"2,354,467.5",Rejected-Technical,24-Dec-2025,Pr. Chief Conservator of Forest and Head of Forest Force||Principal Chief Conservator of Forests(Wildlife and Ch. Wildlife Warden)||Kaziranga National Park Bokakhat||Nagaon Wildlife Division
2026_WPTBC_51345_1,PTDC/Engg/2026-27/485,Infrastructure Development of Gogamukh Padumani Aiethan Lotak Berbhanga under Dhemaji LAC in Dhemaji District under Development in ITDP and outside ITDP areas of Assam during the year 2025-26,Infrastructure Development of Gogamukh Padumani Aiethan Lotak Berbhanga under Dhemaji LAC in Dhemaji District under Development in ITDP and outside ITDP areas of Assam during the year 2025-26,Works,Open Tender,Works,Civil Works,No,No,NA ,21-Feb-2026 03:00 PM,23-Feb-2026 01:00 PM ,180.0,No ,No,Online,28-Feb-2026 03:00 PM,Welfare of Plain Tribes and Backward Classes||Director - WPT and BC||Assam Plains Tribes Development Corporation Ltd.,"Lotak, Dhemaji",787058.0,2.0,"25,00,000",MUNINDRA DOLEY,"2,500,000",Rejected-AOC,19-May-2026,Welfare of Plain Tribes and Backward Classes||Director - WPT and BC||Assam Plains Tribes Development Corporation Ltd.
2025_PWRDW_46124_7,RFB No CE/EAP/ARRBP/02/TENDERS/2024/ 47,Construction of Bridge in Jorhat District R.C.C Bridge no 3/2 Chattai TE Road Jorhat/18,CE/EAP/ARRBP/OCB/Bridge1/Jorhat/18 Construction of Bridge in Jorhat District R.C.C Bridge no 3/2 Chattai TE Road,Works,Open Tender,Item Rate,Civil Works - Bridges,No,No,NA ,05-Aug-2025 06:00 PM,19-Aug-2025 11:00 AM ,180.0,No ,No,Online,04-Sep-2025 02:30 PM,Public Works Roads Department-Externally Aided Project||Public Works Road Department- World Bank Funded Tenders||Assam State Bridge Infrastructure Program,Jorhat,785001.0,2.0,"1,54,42,000",krishna borah,"14,669,900.01",Rejected-Finance,21-May-2026,Public Works Roads Department-Externally Aided Project||Public Works Road Department- World Bank Funded Tenders||Assam State Bridge Infrastructure Program
2026_SEEDE_50512_1,GS07d,"Hiring of Event Management Agency for Events and Activities, Seminars, Workshops etc","Hiring of Event Management Agency for Events and Activities, Seminars, Workshops etc",Services,Open Tender,Item Rate,Miscellaneous Services,No,No,NA ,24-Jan-2026 10:00 AM,NA ,90.0,No ,No,Online,07-Feb-2026 04:00 PM,Skill Employment and Entrepreneurship Department- Externally Aided Project||Assam Skill University Project- ADB Funded Tenders,"DECT Complex, Rehabari",781008.0,1.0,,Priya Communication,"13,538,140",Rejected-Finance,08-May-2026,Skill Employment and Entrepreneurship Department- Externally Aided Project||Assam Skill University Project- ADB Funded Tenders
2025_BTC_49223_1,No.ACE-22/PWD/NIT/GOODWILL,Const. of road from Silphat Bazar to Kangal House under Ranchaidham VCDC under CMs Goodwill Mission Project under RIDF XXXI for the year 2025-26 in Chirang District under BTC. TN_71_CHR_RIDF-XXXI_08,Const. of road from Silphat Bazar to Kangal House under Ranchaidham VCDC under CMs Goodwill Mission Project under RIDF XXXI for the year 2025-26 in Chirang District under BTC. TN_71_CHR_RIDF-XXXI_08,Works,Open Tender,Item Rate,Civil Works – Roads,No,No,NA ,12-Dec-2025 10:00 AM,NA ,180.0,No ,No,Online,03-Jan-2026 02:00 PM,Bodoland Territorial Council-PWD||Director Cum CHD - PWD BTC,Chirang,783393.0,2.0,"99,99,154",TAMESWAR BASUMATARY,"9,998,412.2",Rejected-AOC,13-May-2026,Bodoland Territorial Council-PWD||Director Cum CHD - PWD BTC
2025_DoWR_49452_1,UDALGURI/2025-16/SOPD-G/IV,Anti erosion (A/E) measures to protect Golondi river on its R/B at Kathalguri village and Dandupur area in Udalguri district.,Anti erosion (A/E) measures to protect Golondi river on its R/B at Kathalguri village and Dandupur area in Udalguri district.,Works,Open Tender,Works,Civil Works,No,No,NA ,18-Dec-2025 01:00 PM,NA ,180.0,No ,No,Online,02-Jan-2026 03:00 PM,Department of Water Resources||Chief Engineer - DoWR,UDALGURI,784509.0,2.0,"2,99,68,990",Sri Bishnu Basumatary,"29,968,990.86",Rejected-AOC,19-May-2026,Department of Water Resources||Chief Engineer - DoWR
2026_DoWR_50362_1,NORTH LAKHIMPUR/2025-26/ PDNA/WORK/II,"Restoration of flood damage for PDNA 2022 along Hatilung R/B embankment from CH 795m to CH 4,805m.","Restoration of flood damage for PDNA 2022 along Hatilung R/B embankment from CH 795m to CH 4,805m.",Works,Open Tender,Works,Civil Works,No,No,NA ,20-Jan-2026 09:00 AM,NA ,180.0,No ,No,Online,30-Jan-2026 03:00 PM,Department of Water Resources||Chief Engineer - DoWR,North Lakhimpur,787001.0,2.0,"1,87,70,251",LALBABU MAHATO,"18,770,243.59",Accepted-AOC,21-May-2026,Department of Water Resources||Chief Engineer - DoWR
2026_GMC_49862_2,GER/CE/2525/2025/7 Date_30/12/2025,"Cleaning, desilting and maintenance of Bharalu River from Jonali Point to Bharalumukh","Cleaning, Desilting and Maintenance of Major River Channels (as packaged) under Mitigation of Urban Flood in Guwahati City under Guwahati Municipal Corporation for the year 2026",Works,Open Tender,Lump-sum,Miscellaneous Works,No,No,NA ,02-Jan-2026 06:50 PM,05-Jan-2026 12:00 PM ,120.0,No ,No,Online,28-Jan-2026 02:30 PM,Guwahati Municipal Corporation,Guwahati,781006.0,2.0,"3,64,67,964",MADAN BORO,"12,289,703.87",Rejected-AOC,06-May-2026,Guwahati Municipal Corporation
2026_BoTC_50576_1,DPRD/BTC/6th ASFC/DG/Bak-14/2025/42,Construction of New Office Building of Baksa Dev. Block under the Award of Direct Grant of 6th ASFC fund for the year 2021-22 (1st Installment) during 2025-26.,DPRD/BTC/6th ASFC/DG/Bak-14/2025/42,Works,Open Tender,Item Rate,Civil Works - Building,No,No,NA ,27-Jan-2026 10:30 AM,NA ,180.0,No ,No,Online,18-Feb-2026 03:30 PM,Bodoland Territorial Council||Panchayat and Rural Development-BTC,Baska,781366.0,2.0,"1,50,00,000",M/s Maa Enterprise,"14,998,807.39",Rejected-AOC,13-Mar-2026,Bodoland Territorial Council||Panchayat and Rural Development-BTC
2026_BoTC_51533_1,Tender No. KOK/BLDG-218/33 of 2025-26,Renovation of Room No A 28 and 31 of Block B for the purpose of Official Accomodation of Sri Lwmsrao Daimary Honble EM BTC Kokrajhar,Renovation of Room No A 28 and 31 of Block B for the purpose of Official Accomodation of Sri Lwmsrao Daimary Honble EM BTC Kokrajhar,Works,Open Tender,Works,Civil Works - Building,No,No,NA ,26-Feb-2026 05:30 PM,NA ,180.0,No ,No,Online,13-Mar-2026 01:30 PM,Bodoland Territorial Council||PWD-BTC,Kokrajhar,783370.0,2.0,"20,21,901",Jahn Narzary,"2,021,696",Accepted-AOC,14-Mar-2026,Bodoland Territorial Council||PWD-BTC
2025_PCCF_47998_1,ASZ/TENDER/APFBC/2025/03,"Supply of Equipments and Logistics Lot 1 for Rapid Response Team and Community Response Team at Assam State Zoo, Guwahati","Supply of Equipments and Logistics Lot 1 for Rapid Response Team and Community Response Team at Assam State Zoo, Guwahati",Goods,Open Tender,Supply,Miscellaneous Goods,No,No,NA ,13-Oct-2025 03:00 PM,22-Oct-2025 12:00 PM ,60.0,No ,No,Online,03-Nov-2025 01:00 PM,Pr. Chief Conservator of Forest and Head of Forest Force||Principal Chief Conservator of Forests(Wildlife and Ch. Wildlife Warden)||Divisional Forest Officer - Assam Sate Zoo,Assasm State Zoo,781005.0,2.0,,Future media,"530,800",Rejected-Technical,18-May-2026,Pr. Chief Conservator of Forest and Head of Forest Force||Principal Chief Conservator of Forests(Wildlife and Ch. Wildlife Warden)||Divisional Forest Officer - Assam Sate Zoo
2026_DoWR_51026_1,MORIGAON/2025-26/SOPD-G/IX,Construction of Flood Embankment on Right Bank of River Pokoria from Tetliguri to Patekibori.(Ph III),Construction of Flood Embankment on Right Bank of River Pokoria from Tetliguri to Patekibori.(Ph III),Works,Open Tender,Works,Civil Works,No,No,NA ,10-Feb-2026 06:55 PM,NA ,180.0,No ,No,Online,19-Feb-2026 03:00 PM,Department of Water Resources||Chief Engineer - DoWR,"Teteliguri, Morigaon",782411.0,2.0,"4,84,18,980",KEA CONSULTANTS PRIVATE LIMITED,"48,413,952.61",Accepted-AOC,15-May-2026,Department of Water Resources||Chief Engineer - DoWR
2026_ID_50784_11,NIT NO.8 (SDMF) 2025-26 Date_03.02.2026,"Improvement of Canal system and Afflux bund of Pathakpur FIS under SDMF for the year 2025-26 under Udalguri Mazbat Division (Irrigation), Udalguri Package_11","Improvement of Canal system and Afflux bund of Pathakpur FIS under SDMF for the year 2025-26 under Udalguri Mazbat Division (Irrigation), Udalguri Package_11",Works,Open Tender,Item Rate,Civil Works,No,No,NA ,04-Feb-2026 06:00 PM,06-Feb-2026 02:00 PM ,180.0,No ,No,Online,26-Feb-2026 03:00 PM,Irrigation Department||Chief Engineer(Major)-Irrigation Dept,Udalguri,784509.0,2.0,"1,32,84,609",DHARMESWAR GOYARI,"11,956,150",Rejected-AOC,08-May-2026,Irrigation Department||Chief Engineer(Major)-Irrigation Dept
2026_GMC_50622_48,GER/CE/2525/2025/Part-I/ 9 Date_ 22 /01/2026,Package No. DSLT-Div-IV/2,"Cleaning, Desilting and Maintenance of Drains (Package No. DSLT-Div-IV/2) under Mitigation of Urban Flood in Guwahati City under Guwahati Municipal Corporation for the year 2026",Works,Open Tender,Lump-sum,Miscellaneous Works,No,No,NA ,04-Feb-2026 06:00 PM,05-Feb-2026 12:00 PM ,120.0,No ,No,Online,16-Feb-2026 02:30 PM,Guwahati Municipal Corporation,Guwahati,781006.0,2.0,"41,76,000",M/S SAMIA CONSTRUCTION,"2,869,329.6",Rejected-AOC,16-May-2026,Guwahati Municipal Corporation
2026_GMC_50622_74,GER/CE/2525/2025/Part-I/ 9 Date_ 22 /01/2026,Package No. DSLT-Div-VI/4,"Cleaning, Desilting and Maintenance of Drains (Package No. DSLT-Div-VI/4) under Mitigation of Urban Flood in Guwahati City under Guwahati Municipal Corporation for the year 2026",Works,Open Tender,Lump-sum,Miscellaneous Works,No,No,NA ,05-Feb-2026 12:00 PM,05-Feb-2026 12:00 PM ,120.0,No ,No,Online,16-Feb-2026 02:30 PM,Guwahati Municipal Corporation,Guwahati,781006.0,2.0,"20,56,000",BHASKAR JYOTI DEKA,"1,498,618.4",Accepted-AOC,14-May-2026,Guwahati Municipal Corporation
2025_PWD_47085_55,CE/DEV/TB/60/2025-26/15 Dtd- 06.08.2025,MMPPNA_RIDF_XXXI_25_26_440 Improvement of road Baruncherra Katanala PWD Road to Nunai FV Bazar via Kundanala with drain and Slab Culverts under Mukhya Mantrir Paki Path Nirman Achani (MMPPNA) under RIDF-XXXI of NABARD for the year 2025-26.,MMPPNA_RIDF_XXXI_25_26_440 Improvement of road Baruncherra Katanala PWD Road to Nunai FV Bazar via Kundanala with drain and Slab Culverts under Mukhya Mantrir Paki Path Nirman Achani (MMPPNA) under RIDF-XXXI of NABARD for the year 2025-26.,Works,Open Tender,Item Rate,Civil Works – Roads,No,No,NA ,05-Sep-2025 01:00 PM,05-Sep-2025 02:00 PM ,180.0,No ,No,Online,19-Sep-2025 02:30 PM,Public Works Roads Department,Hailakandi,788151.0,2.0,"3,28,52,000",M/S CMC ASSOCIATES,"32,852,000",Accepted-AOC,07-May-2026,Public Works Roads Department
2026_DoIT_51568_1,AEDC/IT-Tools/2020-21,"Design, Development, and Implementation of the Digital Museum of Manuscripts of Assam with Interactive Display","Design, Development, and Implementation of the Digital Museum of Manuscripts of Assam with Interactive Display",Services,Open Tender,Item Rate,Information Technology,No,No,NA ,26-Feb-2026 05:30 PM,NA ,180.0,No ,No,Online,09-Mar-2026 01:00 PM,Principal Secretary-Department of Information Technology||Assam Electronics Development Corporation Ltd-DoIT,Guwahati,781021.0,2.0,,HUE Service Pvt Ltd,"11,570,903",Rejected-Technical,14-May-2026,Principal Secretary-Department of Information Technology||Assam Electronics Development Corporation Ltd-DoIT
2025_BoTC_45180_1,DPRD/BTC/15th FC/(IF)/Udl-20/2025/9,Const. of road with EF and SG from Purana Thana to Ranjit Deka shop via Boxing Complex in the Dyke under Interest Fund of 15th FC for the financial year of 2025-26..,DPRD/BTC/15th FC/(IF)/Udl-20/2025/9,Works,Open Tender,Item Rate,Civil Works,No,No,NA ,25-Jun-2025 04:45 PM,NA ,180.0,No ,No,Online,15-Jul-2025 03:30 PM,Bodoland Territorial Council||Panchayat and Rural Development-BTC,Udalguri,784509.0,2.0,"20,00,000",ELIUD DAIMARI,"1,997,142.25",Accepted-AOC,07-Aug-2025,Bodoland Territorial Council||Panchayat and Rural Development-BTC
2025_GMC_48371_3,GMC/CE/2504/2025/25 Date_29/10/2025,Community Hall under Ward No.-47,Community Hall under Ward No.-47,Works,Open Tender,Lump-sum,Civil Works,No,No,NA ,01-Nov-2025 06:30 PM,04-Nov-2025 12:00 PM ,120.0,No ,No,Online,25-Nov-2025 02:30 PM,Guwahati Municipal Corporation,Guwahati,781006.0,2.0,"20,00,000",D N ENTERPRISE,"1,710,000",Accepted-AOC,07-May-2026,Guwahati Municipal Corporation
2025_PWD_46685_47,CE/DEV/TB/60/2025-26/13 Dtd- 31.07.2025,"MMPPNA_RIDF_XXXI_25_26_413 Construction of (1) Road from Amkhalam - Morten Ph-ll Ch.0.00m to 1250.00m, (2)Umswai model road from Father Balawan road to Umswai model Presbyterian church upto Rongkimi from Ch.0.00m to 1500.00m, (3)Road from Amsai to Ra","MMPPNA_RIDF_XXXI_25_26_413 Construction of (1) Road from Amkhalam - Morten Ph-ll Ch.0.00m to 1250.00m, (2)Umswai model road from Father Balawan road to Umswai model Presbyterian church upto Rongkimi from Ch.0.00m to 1500.00m, (3)Road from Amsai to Ra",Works,Open Tender,Item Rate,Civil Works – Roads,No,No,NA ,22-Aug-2025 01:00 PM,22-Aug-2025 02:00 PM ,180.0,No ,No,Online,09-Sep-2025 02:30 PM,Public Works Roads Department,Karbi Anglong,782410.0,2.0,"4,60,00,000",Blue Bell Group of Company,"46,000,000",Accepted-AOC,19-May-2026,Public Works Roads Department
2026_PCCF_50666_1,DDM/NIT/SOPD/14,Installation of 20 km Solar Power Fencing at Kakojan Tokowani RF under Doomdooma Forest Division,Installation of 20 km Solar Power Fencing at Kakojan Tokowani RF under Doomdooma Forest Division,Works,Open Tender,Percentage,Civil Works - Others,No,No,NA ,31-Jan-2026 10:00 AM,NA ,180.0,No ,No,Online,23-Feb-2026 02:30 PM,"Pr. Chief Conservator of Forest and Head of Forest Force||Chief Conservator of Forests (Upper Assam Zone)||Eastern Assam Circle, Jorhat||Doomdooma Division",KAKOJAN AND TOKOWANI RF,786151.0,2.0,"70,00,000",STANDARD CREATION,"6,650,000",Rejected-Finance,16-May-2026,"Pr. Chief Conservator of Forest and Head of Forest Force||Chief Conservator of Forests (Upper Assam Zone)||Eastern Assam Circle, Jorhat||Doomdooma Division"
2025_UDD_47733_1,UWS(T)- 1072/2000/Pt- III/414 dated 25-09-225,"Design, Execution, Testing and Commissioning of complete water supply scheme Digboi Town Water Supply Scheme.","Design, Execution, Testing and Commissioning of complete water supply scheme along with two-month trial run of entire system for providing 3.9 MLD treated drinking water supplying 24 x 7 treated water as per CPHEEO standard of Digboi Town Water S",Works,Open Tender,Works,Civil Works - Water Works,No,No,NA ,26-Sep-2025 06:30 PM,06-Oct-2025 12:00 PM ,180.0,No ,No,Online,17-Oct-2025 12:00 PM,Urban Development Department||Assam Urban Water Supply and Sewerage Board-UDD,Digboi Munciparl Area,786171.0,2.0,"38,78,00,000",Sanjib Bhattacharjee,"387,798,000",Rejected-Technical,12-Dec-2025,Urban Development Department||Assam Urban Water Supply and Sewerage Board-UDD
2025_BTC_49259_1,No.ACE-22/PWD/NIT/GW/25-26/17,Construction of SDBC road from Kutabagra to Modati via Devitala with RCC Bridge and Culvert under Devitala Dev. Block under CMs Goodwill Mission Project under SOPD for the year 2025-26. TN_66KOK_SOPD-14,Construction of SDBC road from Kutabagra to Modati via Devitala with RCC Bridge and Culvert under Devitala Dev. Block under CMs Goodwill Mission Project under SOPD for the year 2025-26. TN_66KOK_SOPD-14,Works,Open Tender,Item Rate,Civil Works – Roads,No,No,NA ,15-Dec-2025 12:00 PM,NA ,180.0,No ,No,Online,09-Jan-2026 02:00 PM,Bodoland Territorial Council-PWD||Director Cum CHD - PWD BTC,Kokrajhar,783370.0,2.0,"1,49,99,919",M/S Jack & Jill Construction,"14,999,900",Rejected-AOC,18-May-2026,Bodoland Territorial Council-PWD||Director Cum CHD - PWD BTC
2026_PHED_50211_1,IFB NO 36 OF 2025-26,Restrengthening of Narpara PWSS of Nalbari (PHE) Division under SOPD-G,Restrengthening of Narpara PWSS of Nalbari (PHE) Division under SOPD-G,Works,Open Tender,Works,Civil Works,No,No,NA ,16-Jan-2026 02:00 PM,NA ,270.0,No ,No,Online,06-Feb-2026 11:30 AM,Public Health Engineering Department||Chief Engineer PHE(P)-Assam-PHED||Lower Assam Zone-Guwahati-PHED||Nalbari Circle-Nalbari-PHED,Narpara PWSS,781334.0,2.0,"42,34,000",Nitul Deka,"4,234,000",Accepted-AOC,11-May-2026,Public Health Engineering Department||Chief Engineer PHE(P)-Assam-PHED||Lower Assam Zone-Guwahati-PHED||Nalbari Circle-Nalbari-PHED
2026_PWBNH_51817_1,SE(B)/JHT/C/S/S-13/2025-26/972,"Renovation of 4 Blocks (4 quarters per block) of old faculty quarters with Assam type with Dyan roof to save from concrete roof leakage and other repairs at Jorhat Institute of Science and Technology,Jorhat under SOPD-G during the year 2025-26","Renovation of 4 Blocks (4 quarters per block) of old faculty quarters with Assam type with Dyan roof to save from concrete roof leakage and other repairs at Jorhat Institute of Science and Technology,Jorhat under SOPD-G during the year 2025-26",Works,Open Tender,Item Rate,Civil Works - Building,No,No,NA ,09-Mar-2026 03:00 PM,13-Mar-2026 11:00 AM ,180.0,No ,No,Online,30-Mar-2026 03:00 PM,Public Works Building and NH Department||Chief Engineer-Building - PWBNH,JORHAT,785001.0,2.0,"1,48,11,550",BROJEN GOGOI,"15,450,200",Rejected-AOC,27-May-2026,Public Works Building and NH Department||Chief Engineer-Building - PWBNH
2025_PWD_47461_3,CE/MAINT/SOPDG/01/2025-26/22,MAINT/SOPD-G/2025-26/149,MAINT/SOPD-G/2025-26/149_Improvement of Road from Sahpur Chowk to Bandarkhowa under Bhawanipur - Sorbhog LAC under SOPD-G for the year 2025-26,Works,Open Tender,Item Rate,Civil Works – Roads,No,No,NA ,11-Sep-2025 04:00 PM,04-Oct-2025 02:00 PM ,180.0,No ,No,Online,06-Oct-2025 04:00 PM,Public Works Roads Department,Barpeta,781301.0,2.0,"47,97,000",M/S D.K ENTERPRISES,"4,796,996",Rejected-Finance,14-May-2026,Public Works Roads Department
2026_PWD_50298_1,TB/PWD/MDTRD/610/2025-26/12,Recovery and Reconstruction of NH-37 to Balipathar tup via Balipathar gaon at 2nd and 3rd km road under NDRF (PDNA-2022) for the year 2025-26,Recovery and Reconstruction of NH-37 to Balipathar tup via Balipathar gaon at 2nd and 3rd km road under NDRF (PDNA-2022) for the year 2025-26,Works,Open Tender,Item Rate,Civil Works,No,No,NA ,17-Jan-2026 02:00 PM,19-Jan-2026 12:00 PM ,90.0,No ,No,Online,29-Jan-2026 04:00 PM,Public Works Roads Department,MORIGAON,782105.0,2.0,"80,00,000",JONAK ENTERPRISE,"8,000,000",Accepted-AOC,02-May-2026,Public Works Roads Department
2025_DoWR_49006_1,N LAKHIMPUR/2025-26/SOPD-G/I,Protection of Gajihula and its adjoining areas on R/B of river Kakoi-Gomnadi.,Protection of Gajihula and its adjoining areas on R/B of river Kakoi-Gomnadi.,Works,Open Tender,Works,Civil Works,No,No,NA ,02-Dec-2025 06:55 PM,NA ,180.0,No ,No,Online,22-Dec-2025 03:00 PM,Department of Water Resources||Chief Engineer - DoWR,North Lakhimpur,787001.0,2.0,"1,34,75,778",LALBABU MAHATO,"13,475,759.57",Accepted-AOC,25-May-2026,Department of Water Resources||Chief Engineer - DoWR
2025_BTC_49248_9,ACE-22/PWD/NIT/GOODWILL/25-26,Construction of CC Block road from No.2 Matkhola chowk to Dakhin Garuajhar M.E. School at Garuajhar VCDC (Bhergaon Dev. Block) under CMs Goodwill Project (RIDF-XXXI) for the year 2025-26 in BTC area. (Package No. TN_68_UDL_RIDF-XXXI_09),Construction of CC Block road from No.2 Matkhola chowk to Dakhin Garuajhar M.E. School at Garuajhar VCDC (Bhergaon Dev. Block) under CMs Goodwill Project (RIDF-XXXI) for the year 2025-26 in BTC area.,Works,Open Tender,Item Rate,Civil Works – Roads,No,No,NA ,12-Dec-2025 10:00 AM,26-Dec-2025 12:00 PM ,180.0,No ,No,Online,03-Jan-2026 11:00 AM,Bodoland Territorial Council-PWD||Director Cum CHD - PWD BTC,Udalguri,784509.0,2.0,"99,99,912",IQBAL QURESHI,"9,998,499.61",Rejected-Technical,05-May-2026,Bodoland Territorial Council-PWD||Director Cum CHD - PWD BTC
2026_UDD_50135_1,NO NMB/246/15th FC (Tied/Untied)/2021-22/465 Dated Nazira the 7th January 2026,No NMB/246/15th FC (Tied/Untied)/2021-22/465 Dated Nazira the 7th January 2026,IMPROVEMENT OF SEUJI NAGAR PATH AT WARD NO. 02,Works,Open Tender,Works,Civil Works,No,No,NA ,09-Jan-2026 05:00 PM,16-Jan-2026 11:00 AM ,90.0,No ,No,Online,02-Feb-2026 02:00 PM,Urban Development Department||Directorate of Municipality Administration - UDD||Nazira Municipal Board,NAZIRA TOWN WARD NO 2,785685.0,2.0,"35,30,895",GHANASHYAM SHARMA,"3,530,893",Accepted-AOC,08-May-2026,Urban Development Department||Directorate of Municipality Administration - UDD||Nazira Municipal Board
2026_BTC_50925_1,No.ACE-133/PWD/G.79/2025-26/65,"Repairing and Renovation of Baikhungaon Satipur ME School, in Chirang District, BTC, Assam. Under WBD Department in BTC area. TN_107_17","Repairing and Renovation of Baikhungaon Satipur ME School, in Chirang District, BTC, Assam. Under WBD Department in BTC area. TN_107_17",Works,Open Tender,Item Rate,Civil Works - Building,No,No,NA ,07-Feb-2026 12:00 PM,NA ,180.0,No ,No,Online,21-Feb-2026 02:00 PM,Bodoland Territorial Council-PWD||Director Cum CHD - PWD BTC,Kokrajhar,783370.0,2.0,"54,36,188",Sri Bishnu Basumatary,"5,436,000",Rejected-Technical,21-May-2026,Bodoland Territorial Council-PWD||Director Cum CHD - PWD BTC
2026_GMC_50622_2,GER/CE/2525/2025/Part-I/ 9 Date_ 22 /01/2026,Package No. DSLT-Div-I/2,"Cleaning, Desilting and Maintenance of Drains (Package No. DSLT-Div-I/2) under Mitigation of Urban Flood in Guwahati City under Guwahati Municipal Corporation for the year 2026",Works,Open Tender,Lump-sum,Miscellaneous Works,No,No,NA ,29-Jan-2026 06:00 PM,05-Feb-2026 12:00 PM ,120.0,No ,No,Online,16-Feb-2026 02:30 PM,Guwahati Municipal Corporation,Guwahati,781006.0,2.0,"24,08,000",SURAJ CONSTRUCTION,"1,631,901",Rejected-AOC,16-May-2026,Guwahati Municipal Corporation
2025_PWD_45820_28,CE/STBR/SOPD-G/NIT/07/2025 26/1 Dated 26-06-2025,STBR/SOPD-G/Hojai-02/105 Construction of Granual Wearing Course i) Hojai-Rajbari PWD Road to Siliguri Basti Railway line ii) Nandapur Sildubi Road to Bhuddha Dev Horizon L.P School from Ch.0.00m to Ch. 500.00m (iii) Ujagaon tiniali Road under SOPD,STBR/SOPD-G/Hojai-02/105 Construction of Granual Wearing Course i) Hojai-Rajbari PWD Road to Siliguri Basti Railway line ii) Nandapur Sildubi Road to Bhuddha Dev Horizon L.P School from Ch.0.00m to Ch. 500.00m (iii) Ujagaon tiniali Road under SOPD,Works,Open Tender,Item Rate,Civil Works – Roads,No,No,NA ,22-Jul-2025 05:00 PM,30-Jul-2025 11:00 AM ,180.0,No ,No,Online,11-Aug-2025 11:00 AM,Public Works Roads Department,Hojai,782435.0,2.0,"30,11,000",Pankaj sharma,"3,008,251",Rejected-AOC,06-May-2026,Public Works Roads Department
2026_GMC_50622_3,GER/CE/2525/2025/Part-I/ 9 Date_ 22 /01/2026,Package No. DSLT-Div-I/3,"Cleaning, Desilting and Maintenance of Drains (Package No. DSLT-Div-I/3) under Mitigation of Urban Flood in Guwahati City under Guwahati Municipal Corporation for the year 2026",Works,Open Tender,Lump-sum,Miscellaneous Works,No,No,NA ,29-Jan-2026 06:00 PM,05-Feb-2026 12:00 PM ,120.0,No ,No,Online,16-Feb-2026 02:30 PM,Guwahati Municipal Corporation,Guwahati,781006.0,2.0,"23,73,000",M/S KUNDU ENTERPRISE,"1,492,379.7",Rejected-AOC,16-May-2026,Guwahati Municipal Corporation
2025_PWHE_48185_1,IN-ASSAM PWD-510406-CW-RFB,Package No. 47 Construction of Class Rooms under Assam School Education and Adolescent Well-Being Project (ASAP) under Majuli District Territorial Building Division for i. Navajyoti H.S.. ii. Shewlal Bayanwala H.S iii. Gezera H.S. iv. Arunoday HS,Package No. 47 Construction of Class Rooms under Assam School Education and Adolescent Well-Being Project (ASAP) under Majuli District Territorial Building Division for i. Navajyoti H.S.. ii. Shewlal Bayanwala H.S iii. Gezera H.S. iv. Arunoday HS,Works,Open Tender,Item Rate,Civil Works - Building,No,No,NA ,22-Oct-2025 04:30 PM,29-Oct-2025 11:30 AM ,180.0,No ,No,Online,06-Nov-2025 05:00 PM,Public Works Health and Education Department-Externally Aided Project||Public Works Health and Education Department-WB,Majuli,785106.0,2.0,"13,67,10,020",Punjab Engineering CompanyPD,"173,368,800",Accepted-AOC,14-May-2026,Public Works Health and Education Department-Externally Aided Project||Public Works Health and Education Department-WB
2026_PWBNH_50833_1,SE(B)/DBC/AUDJNKTL/25-26/54,Construction of Auditorium Building at Joonktoli T.E.,Construction of Auditorium Building at Joonktoli T.E.,Works,Open Tender,Item Rate,Civil Works - Building,No,No,NA ,05-Feb-2026 01:50 PM,16-Feb-2026 11:00 AM ,180.0,No ,No,Online,23-Feb-2026 03:00 PM,Public Works Building and NH Department||Chief Engineer-Building - PWBNH,JOONKTOLI,786612.0,2.0,"86,53,018",SANTOSH GARODIA,"8,652,481",Rejected-Technical,12-May-2026,Public Works Building and NH Department||Chief Engineer-Building - PWBNH
2025_BTC_49248_8,ACE-22/PWD/NIT/GOODWILL/25-26,Construction of CC Block road from Biren Saharia house to Jadab Deka house at Rajagarh VCDC (Bhergaon Dev. Block) under CMs Goodwill Project (RIDF-XXXI) for the year 2025-26 in BTC area. (Package No. TN_68_UDL_RIDF-XXXI_08),Construction of CC Block road from Biren Saharia house to Jadab Deka house at Rajagarh VCDC (Bhergaon Dev. Block) under CMs Goodwill Project (RIDF-XXXI) for the year 2025-26 in BTC area.,Works,Open Tender,Item Rate,Civil Works – Roads,No,No,NA ,12-Dec-2025 10:00 AM,26-Dec-2025 12:00 PM ,180.0,No ,No,Online,03-Jan-2026 11:00 AM,Bodoland Territorial Council-PWD||Director Cum CHD - PWD BTC,Udalguri,784509.0,2.0,"99,99,993",IQBAL QURESHI,"9,998,868.15",Rejected-Technical,05-May-2026,Bodoland Territorial Council-PWD||Director Cum CHD - PWD BTC
2025_BoTC_45164_1,DPRD/BTC/15th FC/UT(VIII)/Udl-20/2025/9,Const. of CC Block road near Dariya House-250m under 15th Untied Grant for the year 2023-24 during 2025-26.,DPRD/BTC/15th FC/UT(VIII)/Udl-20/2025/9,Works,Open Tender,Item Rate,Civil Works,No,No,NA ,25-Jun-2025 12:00 PM,NA ,180.0,No ,No,Online,15-Jul-2025 02:30 PM,Bodoland Territorial Council||Panchayat and Rural Development-BTC,Udalguri,784509.0,2.0,"23,00,000",Dipali Basumatary,"2,297,599",Accepted-AOC,30-Jul-2025,Bodoland Territorial Council||Panchayat and Rural Development-BTC
2025_PWD_46191_42,CE/DEV/TB/122/2025-26/1 Dtd- 01.08.2025,BTR_RIDF_XXXI_25_26_20 Construction of Road ICBP road from Ananda Bazar road to Jharbishpani via No.2 Agrong under RIDF-XXXI of NABARD for the year 2025-26.,BTR_RIDF_XXXI_25_26_20 Construction of Road ICBP road from Ananda Bazar road to Jharbishpani via No.2 Agrong under RIDF-XXXI of NABARD for the year 2025-26.,Works,Open Tender,Item Rate,Civil Works – Roads,No,No,NA ,07-Aug-2025 01:00 PM,11-Aug-2025 12:00 PM ,180.0,No ,No,Online,14-Aug-2025 02:30 PM,Public Works Roads Department,Bijni,783390.0,2.0,"1,32,88,000",Anowar Hussain Zahid,"13,287,000",Accepted-AOC,25-May-2026,Public Works Roads Department
2026_BoTC_50143_1,TECH-28/SE(RB)/2019-20/03,Recovery and Reconstruction of No.2 Gwjwnpuri Village Roadd under NDRF (PDNA-2022) for the year 2025-26(ICBP road with Embankment Protection Work). TN-385-7.,Recovery and Reconstruction of No.2 Gwjwnpuri Village Roadd under NDRF (PDNA-2022) for the year 2025-26(ICBP road with Embankment Protection Work). TN-385-7.,Works,Open Tender,Works,Civil Works - Others,No,No,NA ,09-Jan-2026 06:00 PM,NA ,180.0,No ,No,Online,30-Jan-2026 02:00 PM,Bodoland Territorial Council||PWD-BTC,Chirang,783385.0,2.0,"28,49,410",BIKASH AGARWALA,"2,849,410",Accepted-AOC,11-May-2026,Bodoland Territorial Council||PWD-BTC
2026_BTC_50265_2,125/ACE/NIT/Infra/BTC/2022-23,"Bodoland Movement Memorial Museum at Salbari, Baksa under Special Development Package (SDP) to be funded by Govt. of India on EPC (Engineering, Procurement and Construction) Mode- I.","Bodoland Movement Memorial Museum at Salbari, Baksa under Special Development Package (SDP) to be funded by Govt. of India on EPC (Engineering, Procurement and Construction) Mode- I.",Works,Open Tender,Works,Civil Works,No,No,NA ,16-Jan-2026 11:10 AM,21-Jan-2026 12:00 PM ,180.0,No ,No,Online,05-Feb-2026 03:00 PM,Bodoland Territorial Council-PWD||Director Cum CHD - PWD BTC,Baksa,781372.0,2.0,"29,30,31,736",MR DIPAK SARMA,"293,025,000",Rejected-AOC,04-May-2026,Bodoland Territorial Council-PWD||Director Cum CHD - PWD BTC
2026_BTC_51206_1,No.ACE-133/PWD/G.79/2025-26/69,Construction of Boundary Wall at Bewaifwr Harimu Afad Office compound at Purani Goraimari Udalguri under SOPD Bodoland Welfare Department 2025-26. TN_111_11,Construction of Boundary Wall at Bewaifwr Harimu Afad Office compound at Purani Goraimari Udalguri under SOPD Bodoland Welfare Department 2025-26.,Works,Open Tender,Item Rate,Civil Works,No,No,NA ,16-Feb-2026 12:00 PM,NA ,180.0,No ,No,Online,05-Mar-2026 11:00 AM,Bodoland Territorial Council-PWD||Director Cum CHD - PWD BTC,Udalguri,784509.0,2.0,"6,99,968",ANNAI NARZARI,"699,968",Rejected-AOC,25-May-2026,Bodoland Territorial Council-PWD||Director Cum CHD - PWD BTC
2025_PWD_45818_3,CE/Commn/16/2025-26/04,Mahmora /MMPNA/02,ReConst of 1) Bishrampur to Himpora Rd 2) LukhurakhanPoromoni Rd 3) BishrampurPorosoni 4) Rd frm Majpathar to Barpathar 5) Rd frm Hologuri to Chakalia under MMPNA under SOPDG fr the yr 2025-26,Works,Open Tender,Item Rate,Civil Works – Roads,No,No,NA ,23-Jul-2025 06:00 PM,28-Jul-2025 04:00 PM ,180.0,No ,No,Online,11-Aug-2025 02:30 PM,Public Works Roads Department,Mahmora,785691.0,2.0,"1,18,75,000",MR NIKHILESH GOGOI,"11,875,000",Accepted-AOC,05-May-2026,Public Works Roads Department
2025_GMC_48371_2,GMC/CE/2504/2025/25 Date_29/10/2025,Community Hall under Ward No.-36,Community Hall under Ward No.-36,Works,Open Tender,Lump-sum,Civil Works,No,No,NA ,01-Nov-2025 06:30 PM,04-Nov-2025 12:00 PM ,120.0,No ,No,Online,25-Nov-2025 02:30 PM,Guwahati Municipal Corporation,Guwahati,781006.0,2.0,"20,00,000",D N ENTERPRISE,"1,700,000",Accepted-AOC,07-May-2026,Guwahati Municipal Corporation
2026_PWBNH_51638_1,BDTBD/25-26/FMC/CST/26/1753-A,"Clearance of septic tank for faculty quarter, backside of Emergency Deptt. and Police outpost under FAAMCH, Barpeta","Clearance of septic tank for faculty quarter, backside of Emergency Deptt. and Police outpost under FAAMCH, Barpeta",Works,Open Tender,Item Rate,Civil Works - Others,No,No,NA ,02-Mar-2026 05:55 PM,NA ,180.0,No ,No,Online,13-Mar-2026 03:30 PM,Public Works Building and NH Department||Chief Engineer-Building - PWBNH,Barpeta Town,781301.0,2.0,"22,33,642",Dimbashwar Das,"2,344,495",Not Admitted-Fee/PreQual/Technical,21-May-2026,Public Works Building and NH Department||Chief Engineer-Building - PWBNH
2025_PWD_45926_61,CE/DEV/TB/60/2025-26/06 Dtd- 14.07.2025,"MMPPNA_RIDF_XXXI_25_26_176 Construcion of Road from (i) Doboka to Jugijaan Road via Amlipukhuri (from Ch. 8400.00m to Ch. 11600.00m), (ii) Islamnagar to Kathalpur Road under Mukhya Mantrir Paki Path Nirman Achani (MMPPNA) under RIDF-XXXI of NABARD f","MMPPNA_RIDF_XXXI_25_26_176 Construcion of Road from (i) Doboka to Jugijaan Road via Amlipukhuri (from Ch. 8400.00m to Ch. 11600.00m), (ii) Islamnagar to Kathalpur Road under Mukhya Mantrir Paki Path Nirman Achani (MMPPNA) under RIDF-XXXI of NABARD f",Works,Open Tender,Item Rate,Civil Works – Roads,No,No,NA ,29-Jul-2025 09:00 AM,04-Aug-2025 12:00 PM ,180.0,No ,No,Online,14-Aug-2025 02:30 PM,Public Works Roads Department,Binnakandi,782435.0,2.0,"2,80,94,000",M/S ANKUR ENTERPRISE,"28,086,800",Accepted-AOC,20-May-2026,Public Works Roads Department
2026_GMC_50622_61,GER/CE/2525/2025/Part-I/ 9 Date_ 22 /01/2026,Package No. DSLT-Div-V/7,"Cleaning, Desilting and Maintenance of Drains (Package No. DSLT-Div-V/7) under Mitigation of Urban Flood in Guwahati City under Guwahati Municipal Corporation for the year 2026",Works,Open Tender,Lump-sum,Miscellaneous Works,No,No,NA ,04-Feb-2026 06:55 PM,05-Feb-2026 12:00 PM ,120.0,No ,No,Online,16-Feb-2026 02:30 PM,Guwahati Municipal Corporation,Guwahati,781006.0,2.0,"44,97,000",DHRUVA NARAYAN SHARMA,"3,192,870",Rejected-Technical,06-May-2026,Guwahati Municipal Corporation
2026_GMC_50622_75,GER/CE/2525/2025/Part-I/ 9 Date_ 22 /01/2026,Package No. DSLT-Div-VI/5,"Cleaning, Desilting and Maintenance of Drains (Package No. DSLT-Div-VI/5) under Mitigation of Urban Flood in Guwahati City under Guwahati Municipal Corporation for the year 2026",Works,Open Tender,Lump-sum,Miscellaneous Works,No,No,NA ,05-Feb-2026 12:00 PM,05-Feb-2026 12:00 PM ,120.0,No ,No,Online,16-Feb-2026 02:30 PM,Guwahati Municipal Corporation,Guwahati,781006.0,2.0,"11,18,000",Sri Amarjit Medhi,"894,400",Rejected-AOC,06-May-2026,Guwahati Municipal Corporation
2026_DoWR_51303_1,ACE(Mech)WR/G-17/2025/462,Resectioning and Regrading of the Kollong River from Misa to Kuhumtoli for augmentation of Flow Capacity (Phase-II). PK 2,Resectioning and Regrading of the Kollong River from Misa to Kuhumtoli for augmentation of Flow Capacity (Phase-II). PK 2,Works,Open Tender,Works,Civil Works,No,No,NA ,17-Feb-2026 06:55 PM,NA ,180.0,No ,No,Online,25-Feb-2026 03:00 PM,Department of Water Resources||Chief Engineer - DoWR,NAGAON,782001.0,2.0,"2,39,69,517",Ramawtar Agarwala,"23,965,671",Rejected-AOC,16-May-2026,Department of Water Resources||Chief Engineer - DoWR
2025_PWD_45408_98,CE/DEV/TB/60/2025-26/01 Dtd- 21.06.2025,"MMPPNA_RIDF_XXXI_25_26_39 Construction of (1) road from Ratanjuli L.P. School to Rabha Gaon link Road via Bogribari Chock Road, (2) Barchalla Nath gaon to Das gaon (From Ch 0.00 m to Ch 1000.00 m) (3) road from Narayanpur Bagan Nanke to No.2 Sanmilan","MMPPNA_RIDF_XXXI_25_26_39 Construction of (1) road from Ratanjuli L.P. School to Rabha Gaon link Road via Bogribari Chock Road, (2) Barchalla Nath gaon to Das gaon (From Ch 0.00 m to Ch 1000.00 m) (3) road from Narayanpur Bagan Nanke to No.2 Sanmilan",Works,Open Tender,Item Rate,Civil Works – Roads,No,No,NA ,11-Jul-2025 06:00 PM,17-Jul-2025 12:00 PM ,180.0,No ,No,Online,28-Jul-2025 02:30 PM,Public Works Roads Department,Dhekiajuli,784110.0,2.0,"3,64,49,000",M/S ZENITH INFRA,"36,439,000",Accepted-AOC,26-May-2026,Public Works Roads Department
2026_ID_50784_10,NIT NO.8 (SDMF) 2025-26 Date_03.02.2026,"Bank Protection at Panchamukhi FIS under SDMF for the year 2025-26 under Udalguri Mazbat Division (Irrigation), Udalguri Package_10","Bank Protection at Panchamukhi FIS under SDMF for the year 2025-26 under Udalguri Mazbat Division (Irrigation), Udalguri Package_10",Works,Open Tender,Item Rate,Civil Works,No,No,NA ,04-Feb-2026 06:00 PM,06-Feb-2026 02:00 PM ,180.0,No ,No,Online,26-Feb-2026 03:00 PM,Irrigation Department||Chief Engineer(Major)-Irrigation Dept,Udalguri,784509.0,2.0,"1,67,90,939",ASHOK KUMAR BAJAJ,"15,111,845.1",Accepted-AOC,08-May-2026,Irrigation Department||Chief Engineer(Major)-Irrigation Dept
2025_PHED_47062_2,JJMA_05_Proc_2021_9127_31,"RE-INVITATION OF BID FOR EMPANELMENT OF AGENCIES FOR MAINTENANCE SERVICES OF IT PERIPHERALS AND THIRD-PARTY SOFTWARE SERVICES FOR MISSION DIRECTORATE JJM, ASSAM.","RE-INVITATION OF BID FOR EMPANELMENT OF AGENCIES FOR MAINTENANCE SERVICES OF IT PERIPHERALS AND THIRD-PARTY SOFTWARE SERVICES FOR MISSION DIRECTORATE JAL JEEVAN MISSION, ASSAM.",Services,Open Tender,Empanelment,Infotech Services,No,No,NA ,01-Jan-2026 10:00 AM,07-Jan-2026 04:00 PM ,180.0,No ,No,Online,20-Jan-2026 03:00 PM,Public Health Engineering Department||Chief Engineer PHE(P)-Assam-PHED||Lower Assam Zone-Guwahati-PHED||Guwahati Circle-Guwahati-PHED,Guwahati,781036.0,2.0,0.0,DEE TECH SOLUTION,"323,283",Rejected-AOC,12-May-2026,Public Health Engineering Department||Chief Engineer PHE(P)-Assam-PHED||Lower Assam Zone-Guwahati-PHED||Guwahati Circle-Guwahati-PHED
2026_BTC_49932_1,No.25/PWD/IFB/BTC/2025-26/51,Reconstruction of road from Oubari to UT road Bholabatabari under SOPD-G for the year 2025-26. BTR_SOPD_G_25_44,Reconstruction of road from Oubari to UT road Bholabatabari under SOPD-G for the year 2025-26. BTR_SOPD_G_25_44,Works,Open Tender,Item Rate,Civil Works – Roads,No,No,NA ,05-Jan-2026 12:00 PM,NA ,180.0,No ,No,Online,28-Jan-2026 11:00 AM,Bodoland Territorial Council-PWD||Director Cum CHD - PWD BTC,Kokrajhar,783370.0,2.0,"85,99,662",PADMAVATI CONSTRUCTION,"8,599,662",Rejected-AOC,08-May-2026,Bodoland Territorial Council-PWD||Director Cum CHD - PWD BTC
2026_PCCF_50152_1,O.O. 03 dated 03/01/2026,Construction of Tongi Ghor,Construction of Tongi Ghor,Works,Open Tender,Percentage,Civil Works - Building,No,No,NA ,09-Jan-2026 06:30 PM,NA ,180.0,No ,No,Online,29-Jan-2026 01:00 PM,"Pr. Chief Conservator of Forest and Head of Forest Force||Chief Conservator of Forests (Upper Assam Zone)||Northern Assam Circle, Tezpur||Nagaon Division",Nagaon,782001.0,2.0,"33,75,000",SD Enterprise,"3,037,500",Rejected-Finance,06-May-2026,"Pr. Chief Conservator of Forest and Head of Forest Force||Chief Conservator of Forests (Upper Assam Zone)||Northern Assam Circle, Tezpur||Nagaon Division"
2026_GMC_49862_3,GER/CE/2525/2025/7 Date_30/12/2025,"Cleaning, desilting and maintenance of Basistha River from Balaji Mandir to Natun Bazar Bridge","Cleaning, Desilting and Maintenance of Major River Channels (as packaged) under Mitigation of Urban Flood in Guwahati City under Guwahati Municipal Corporation for the year 2026",Works,Open Tender,Lump-sum,Miscellaneous Works,No,No,NA ,02-Jan-2026 06:50 PM,05-Jan-2026 12:00 PM ,120.0,No ,No,Online,28-Jan-2026 02:30 PM,Guwahati Municipal Corporation,Guwahati,781006.0,2.0,"2,69,55,000",Zeetendra Salai & Saurav Barman (JV),"14,609,610",Rejected-AOC,06-May-2026,Guwahati Municipal Corporation
2025_BoTC_45159_1,DPRD/BTC/(SOPD)Udl-09/2025/09,Const. of road with EF and SG from UT road to the UT road via Mwomari village under SOPD for the year 2025-26.,DPRD/BTC/(SOPD)Udl-09/2025/09,Works,Open Tender,Item Rate,Civil Works,No,No,NA ,25-Jun-2025 10:30 AM,NA ,180.0,No ,No,Online,11-Jul-2025 03:30 PM,Bodoland Territorial Council||Panchayat and Rural Development-BTC,Udalguri,784509.0,2.0,"25,00,000",ALMA BASUMATARY,"2,497,421.25",Accepted-AOC,07-Aug-2025,Bodoland Territorial Council||Panchayat and Rural Development-BTC
2026_PHED_50208_1,IFB NO 33 OF 2025-26,Renovation of Ghograpar PWSS of Nalbari (PHE) Division under SOPD,Renovation of Ghograpar PWSS of Nalbari (PHE) Division under SOPD,Works,Open Tender,Works,Civil Works,No,No,NA ,16-Jan-2026 02:00 PM,NA ,270.0,No ,No,Online,06-Feb-2026 11:30 AM,Public Health Engineering Department||Chief Engineer PHE(P)-Assam-PHED||Lower Assam Zone-Guwahati-PHED||Nalbari Circle-Nalbari-PHED,Ghograpar,781369.0,2.0,"23,77,000",Nitul Deka,"2,377,000",Rejected-Technical,11-May-2026,Public Health Engineering Department||Chief Engineer PHE(P)-Assam-PHED||Lower Assam Zone-Guwahati-PHED||Nalbari Circle-Nalbari-PHED
2026_BoTC_50246_1,TECH-28/SE(RB)/2019-20/05,Recovery and Reconstruction of Bhutankhuti to Arnibill road RCC BR.No.3/1 under NDRF (PDNA-2022)for the year 2025-26. TN-386-9.,Recovery and Reconstruction of Bhutankhuti to Arnibill road RCC BR.No.3/1 under NDRF (PDNA-2022)for the year 2025-26. TN-386-9.,Works,Open Tender,Works,Civil Works – Roads,No,No,NA ,13-Jan-2026 06:00 PM,NA ,180.0,No ,No,Online,03-Feb-2026 02:00 PM,Bodoland Territorial Council||PWD-BTC,Baksa,781346.0,2.0,"19,99,665",Karan Boro,"1,998,852.01",Rejected-Finance,07-May-2026,Bodoland Territorial Council||PWD-BTC
2025_PWD_47974_1,Tech/NDTRD/NIT/1028/2931,Tihu_SOPD-G_2025-26_02,"1. Road from Bala Bangaon Kali Mandir to Palla Road PWD link road, 2. Road from Khakharisal PHC to Paschim khakharisal and kalita suburi via kumarpara, 3. Barnaddi Jagyadham to Nalbari via Pakowa(20 m) and Haribhanga to Paschim Borpit road",Works,Open Tender,Item Rate,Civil Works – Roads,No,No,NA ,13-Oct-2025 10:30 AM,NA ,180.0,No ,No,Online,04-Nov-2025 10:30 AM,Public Works Roads Department,Nalbari,781335.0,2.0,"72,06,000",M/S KUSUM ENTERPRISE,"7,205,500",Accepted-AOC,25-May-2026,Public Works Roads Department
2026_GMC_50622_71,GER/CE/2525/2025/Part-I/ 9 Date_ 22 /01/2026,Package No. DSLT-Div-VI/1,"Cleaning, Desilting and Maintenance of Drains (Package No. DSLT-Div-VI/1) under Mitigation of Urban Flood in Guwahati City under Guwahati Municipal Corporation for the year 2026",Works,Open Tender,Lump-sum,Miscellaneous Works,No,No,NA ,05-Feb-2026 11:55 AM,05-Feb-2026 12:00 PM ,120.0,No ,No,Online,16-Feb-2026 02:30 PM,Guwahati Municipal Corporation,Guwahati,781006.0,2.0,"10,84,000",Debo Prasad Ray,"752,296",Rejected-AOC,06-May-2026,Guwahati Municipal Corporation
2025_BTC_49284_1,No.ACE-22/PWD/NIT/GW/25-26/19,Construction of CC Block Road from Bijit Daimary house to Pripul Brahma house via Dhananjoy Brahma House connecting with PWD Road under CMs Goodwill Mission Project RIDF-XXXI of NABARD for the year 2025-26. TN_67KOK_RIDF-XXXI-04,Construction of CC Block Road from Bijit Daimary house to Pripul Brahma house via Dhananjoy Brahma House connecting with PWD Road under CMs Goodwill Mission Project RIDF-XXXI of NABARD for the year 2025-26. TN_67KOK_RIDF-XXXI-04,Works,Open Tender,Item Rate,Civil Works – Roads,No,No,NA ,15-Dec-2025 12:00 PM,NA ,180.0,No ,No,Online,07-Jan-2026 11:00 AM,Bodoland Territorial Council-PWD||Director Cum CHD - PWD BTC,Kokrajhar,783370.0,2.0,"99,99,984",FUNGKHA BRAHMA,"9,997,265.4",Rejected-AOC,26-May-2026,Bodoland Territorial Council-PWD||Director Cum CHD - PWD BTC
2026_GMC_50622_65,GER/CE/2525/2025/Part-I/ 9 Date_ 22 /01/2026,Package No. DSLT-Div-V/11,"Cleaning, Desilting and Maintenance of Drains (Package No. DSLT-Div-V/11) under Mitigation of Urban Flood in Guwahati City under Guwahati Municipal Corporation for the year 2026",Works,Open Tender,Lump-sum,Miscellaneous Works,No,No,NA ,05-Feb-2026 10:00 AM,05-Feb-2026 12:00 PM ,120.0,No ,No,Online,16-Feb-2026 02:30 PM,Guwahati Municipal Corporation,Guwahati,781006.0,2.0,"13,49,000",DIPAK SARMA,"944,300",Accepted-AOC,06-May-2026,Guwahati Municipal Corporation
2025_GMC_47287_16,GER/CE/2504/2025/05 Dated_01/09/2025,Construction of Community Hall under Ward No-44,Construction of Community Hall under Ward No-44,Works,Open Tender,Lump-sum,Civil Works,No,No,NA ,06-Sep-2025 01:00 PM,08-Sep-2025 12:00 PM ,120.0,No ,No,Online,07-Oct-2025 02:30 PM,Guwahati Municipal Corporation,Guwahati,781006.0,2.0,,HEMANTA KUMAR,"1,630,000",Accepted-AOC,07-May-2026,Guwahati Municipal Corporation
2025_PWD_45408_88,CE/DEV/TB/60/2025-26/01 Dtd- 21.06.2025,MMPPNA_RIDF_XXXI_25_26_100 Construction of road from (1) Dekargaon Bishnu Mandir to B J Connecting Road (2) MM Road to Baniapara via Saloipara (3) Pachim Bahjani to Kalbari (R.K Road) (4) Amguripukhri to Thologuri Than under Mukhya Mantrir Paki Path,MMPPNA_RIDF_XXXI_25_26_100 Construction of road from (1) Dekargaon Bishnu Mandir to B J Connecting Road (2) MM Road to Baniapara via Saloipara (3) Pachim Bahjani to Kalbari (R.K Road) (4) Amguripukhri to Thologuri Than under Mukhya Mantrir Paki Path,Works,Open Tender,Item Rate,Civil Works – Roads,No,No,NA ,11-Jul-2025 04:00 PM,17-Jul-2025 12:00 PM ,180.0,No ,No,Online,28-Jul-2025 02:30 PM,Public Works Roads Department,Mangaldai,784125.0,2.0,"3,30,12,000",SRI AMAL BARUAH,"33,004,927",Rejected-Finance,11-May-2026,Public Works Roads Department
2025_PWD_45926_187,CE/DEV/TB/60/2025-26/06 Dtd- 14.07.2025,MMPPNA_RIDF_XXXI_25_26_224 Improvement of road from (i) Hainagar Hospital to Chunilal Singh House via Nibaran Das House (ii) BBC road to Naraynpur via Bidyaratanpur Samshan Kalibari under Mukhya Mantrir Paki Path Nirman Achani (MMPPNA) under RIDF-XXX,MMPPNA_RIDF_XXXI_25_26_224 Improvement of road from (i) Hainagar Hospital to Chunilal Singh House via Nibaran Das House (ii) BBC road to Naraynpur via Bidyaratanpur Samshan Kalibari under Mukhya Mantrir Paki Path Nirman Achani (MMPPNA) under RIDF-XXX,Works,Open Tender,Item Rate,Civil Works – Roads,No,No,NA ,02-Aug-2025 06:55 PM,04-Aug-2025 12:00 PM ,180.0,No ,No,Online,14-Aug-2025 02:30 PM,Public Works Roads Department,Dholai,788114.0,2.0,"2,33,76,000",Bibhas Ranjan Deb,"23,371,000",Accepted-AOC,26-May-2026,Public Works Roads Department
2026_GMC_50622_59,GER/CE/2525/2025/Part-I/ 9 Date_ 22 /01/2026,Package No. DSLT-Div-V/5,"Cleaning, Desilting and Maintenance of Drains (Package No. DSLT-Div-V/5) under Mitigation of Urban Flood in Guwahati City under Guwahati Municipal Corporation for the year 2026",Works,Open Tender,Lump-sum,Miscellaneous Works,No,No,NA ,04-Feb-2026 06:50 PM,05-Feb-2026 12:00 PM ,120.0,No ,No,Online,16-Feb-2026 02:30 PM,Guwahati Municipal Corporation,Guwahati,781006.0,2.0,"33,97,000",Partha Thakuria,"2,334,078.7",Rejected-AOC,06-May-2026,Guwahati Municipal Corporation
2025_IPRPS_46121_1,E-1355936,Supply of Paper,Supply of Paper,Goods,Open Tender,Supply,Supply of Materials,No,No,NA ,05-Aug-2025 11:00 AM,11-Aug-2025 02:00 PM ,180.0,No ,No,Online,26-Aug-2025 01:00 PM,Information - Public Relations - Printing and Stationery Department||Directorate of Printing and Stationery-Assam,Directorate of Printing and Stationery,781021.0,2.0,"1,75,00,000",ENAJORI ENTERPRISE,"4,375,000",Accepted-AOC,04-May-2026,Information - Public Relations - Printing and Stationery Department||Directorate of Printing and Stationery-Assam
2026_ICD_51580_1,E. No. 759659/216,Construction of RCC Outlet Drain and Culvert at Industrial Estate Cinnamora Jorhat,Construction of RCC Outlet Drain and Culvert at Industrial Estate Cinnamora Jorhat,Works,Open Tender,Item Rate,Civil Works,No,No,NA ,28-Feb-2026 02:00 PM,NA ,180.0,No ,No,Online,20-Mar-2026 11:00 AM,Industries and Commerce Department||Assam Industrial Infrastructure Development Corporation,Industrial Estate Cinnamora Jorhat,785008.0,2.0,"1,79,27,265",MS UNIQUE CONSTRUCTION AND SUPPLY,"18,021,841",Rejected-Finance,03-Jun-2026,Industries and Commerce Department||Assam Industrial Infrastructure Development Corporation
2025_PWBNH_48600_11,Tech-IV(H_E)/RIDF XXXI/01/2025/30 Dated Guwahati the 22nd Oct 2025,Construction of 100 Secondary Schools in 35 Districts of Assam under RIDF-XXXI (2025-26) for Gandhi Smriti HSS under DarrangDTBD (pkg-8),Construction of 100 Secondary Schools in 35 Districts of Assam under RIDF-XXXI (2025-26) for Gandhi Smriti HSS under DarrangDTBD (pkg-8),Works,Open Tender,Item Rate,Civil Works - Building,No,No,NA ,14-Nov-2025 06:00 PM,17-Nov-2025 11:00 AM ,180.0,No ,No,Online,03-Dec-2025 04:00 PM,Public Works Building and NH Department||Chief Engineer-Building - PWBNH,Darrang,784125.0,2.0,"4,08,37,120",VERSHA TECHNOTRADE PVT LTD,"44,181,318",Rejected-AOC,14-May-2026,Public Works Building and NH Department||Chief Engineer-Building - PWBNH
2025_PWD_46191_52,CE/DEV/TB/122/2025-26/1 Dtd- 01.08.2025,BTR_RIDF_XXXI_25_26_39 Construction of road on Jogdai Mechpara village road (Ch.0.00m to Ch.1300.00m) by providing ICBP under RIDF-XXXI of NABARD for the year 2025-26.,BTR_RIDF_XXXI_25_26_39 Construction of road on Jogdai Mechpara village road (Ch.0.00m to Ch.1300.00m) by providing ICBP under RIDF-XXXI of NABARD for the year 2025-26.,Works,Open Tender,Item Rate,Civil Works – Roads,No,No,NA ,07-Aug-2025 03:00 PM,11-Aug-2025 12:00 PM ,180.0,No ,No,Online,14-Aug-2025 02:30 PM,Public Works Roads Department,Parbotjhora,735228.0,2.0,"1,22,94,000",ACHINTA BASUMATARY,"12,292,849",Accepted-AOC,18-May-2026,Public Works Roads Department
2026_PWBNH_51255_1,SBC/CS/2025-26/10/638/Gr-I,Construction of toilet blocks for persons with disabilities PWD and transgender in the Court building under the establishment of the District and Sessions Judge Cachar Silchar as per model design of Public Toilet Block approved by the Honble Gauhati,"Civil, Sanitary and Water supply and Electrical Work and Road Work",Works,Open Tender,Item Rate,Civil Works - Building,No,No,NA ,17-Feb-2026 10:30 AM,26-Feb-2026 12:00 PM ,180.0,No ,No,Online,09-Mar-2026 04:00 PM,Public Works Building and NH Department||Chief Engineer-Building - PWBNH||SE-Silchar Circle - PWBNH,Sadarghat Silchar,788001.0,2.0,"26,86,240",MRINAL KANTI ACHARJEE,"2,820,552",Rejected-AOC,12-Mar-2026,Public Works Building and NH Department||Chief Engineer-Building - PWBNH||SE-Silchar Circle - PWBNH
2026_BoTC_51612_1,SE(RB)/20-21/Pt-III/61/211_1,Package No.211_1,Construction of RCC Box Culvert with approach road at Soraigaon village under BTC for the year 2025-26.,Works,Open Tender,Item Rate,Civil Works – Roads,No,No,NA ,02-Mar-2026 02:00 PM,NA ,180.0,No ,No,Online,18-Mar-2026 01:30 PM,Bodoland Territorial Council||PWD-BTC,"Soraigaon, Kokrajhar dist",783360.0,2.0,"66,99,700",PINKU NARZARY,"6,698,918",Rejected-AOC,16-May-2026,Bodoland Territorial Council||PWD-BTC
2025_PWD_46191_46,CE/DEV/TB/122/2025-26/1 Dtd- 01.08.2025,BTR_RIDF_XXXI_25_26_26 Construction of road from (1) 2 No. Matiapara to Gaochulka Road from Ch. 0.00 to Ch. 2.34 (Length-2.34km) (2) Sengmari to Persuabari village road by providing Black Topping (From Ch.0.00m to Ch.1150.00m) under RIDF-XXXI of NAB,BTR_RIDF_XXXI_25_26_26 Construction of road from (1) 2 No. Matiapara to Gaochulka Road from Ch. 0.00 to Ch. 2.34 (Length-2.34km) (2) Sengmari to Persuabari village road by providing Black Topping (From Ch.0.00m to Ch.1150.00m) under RIDF-XXXI of NAB,Works,Open Tender,Item Rate,Civil Works – Roads,No,No,NA ,07-Aug-2025 02:00 PM,11-Aug-2025 12:00 PM ,180.0,No ,No,Online,14-Aug-2025 02:30 PM,Public Works Roads Department,Gossaigaon,783360.0,2.0,"2,72,55,000",MD. AMANUR ALI,"27,247,190",Rejected-Finance,14-May-2026,Public Works Roads Department
2024_BoTC_37721_1,DPRD/BTC/(Gen)Udl-259/2024/12,Const of Paver Block at Udalguri Parish Catholic Church under Udalguri Dist under WPT and BC for the year 2023-24.,DPRD/BTC/(Gen)Udl-259/2024/12,Works,Open Tender,Item Rate,Civil Works,No,No,NA ,24-Jun-2024 04:55 PM,09-Jul-2024 11:30 AM ,180.0,No ,No,Online,16-Jul-2024 02:30 PM,Bodoland Territorial Council||Panchayat and Rural Development-BTC,Rowta,784508.0,2.0,"29,70,588",Sri Birgrang Basumatary,"2,970,588.25",Rejected-AOC,08-Aug-2024,Bodoland Territorial Council||Panchayat and Rural Development-BTC
2026_GMC_50622_7,GER/CE/2525/2025/Part-I/ 9 Date_ 22 /01/2026,Package No. DSLT-Div-I/7,"Cleaning, Desilting and Maintenance of Drains (Package No. DSLT-Div-I/7) under Mitigation of Urban Flood in Guwahati City under Guwahati Municipal Corporation for the year 2026",Works,Open Tender,Lump-sum,Miscellaneous Works,No,No,NA ,30-Jan-2026 06:00 PM,05-Feb-2026 12:00 PM ,120.0,No ,No,Online,16-Feb-2026 02:30 PM,Guwahati Municipal Corporation,Guwahati,781006.0,2.0,"25,34,000",PURNA CHETRY,"1,797,797.7",Rejected-AOC,06-May-2026,Guwahati Municipal Corporation
2025_PWBNH_48645_29,CE/TB-III(H_E)/40/2025/13 Dated 22-10-2025,"Construction of New Building of 100 Secondary Schools under RIDF-XXXI (2025-26) for Kalakhowa Miri Pathar HS under Dibrugarh, Chabua Lahowal, Khowang and Ting DTBD (Package-60)","Construction of New Building of 100 Secondary Schools under RIDF-XXXI (2025-26) for Kalakhowa Miri Pathar HS under Dibrugarh, Chabua Lahowal, Khowang and Ting DTBD (Package-60)",Works,Open Tender,Item Rate,Civil Works - Building,No,No,NA ,29-Nov-2025 09:00 AM,04-Dec-2025 11:30 AM ,180.0,No ,No,Online,18-Dec-2025 04:00 PM,Public Works Building and NH Department||Chief Engineer-Building - PWBNH,Dibrugarh,786001.0,2.0,"3,98,37,952",SRI BISHNU CHETRY,"44,180,000",Rejected-AOC,19-May-2026,Public Works Building and NH Department||Chief Engineer-Building - PWBNH
2026_UDD_50504_1,SMB-263 /15TH FC (TIED)/2025-26/944,SMB-263/15TH FC(TIED)/2025-26/944,INSTALLATION OF PORTABLE WATER SUPPLY,Works,Open Tender,Works,Civil Works,No,No,NA ,22-Jan-2026 06:00 PM,05-Feb-2026 01:00 PM ,90.0,No ,No,Online,13-Feb-2026 01:00 PM,Urban Development Department||Directorate of Municipality Administration - UDD||Simaluguri Municipal Board,Simaluguri Town various palaces,785686.0,2.0,"32,10,000",GHANASHYAM SHARMA,"3,210,000",Accepted-AOC,13-May-2026,Urban Development Department||Directorate of Municipality Administration - UDD||Simaluguri Municipal Board
2025_SCD_49475_4,Tender/NIT/Pt-I/2025-26/5606,Daobobil Bund Land Development Project under Borshijhora VCDC under RIDF-XXXI,Daobobil Bund Land Development Project under Borshijhora VCDC under RIDF-XXXI,Works,Open Tender,Item Rate,Civil Works,No,No,NA ,19-Dec-2025 01:00 PM,29-Dec-2025 12:00 PM ,180.0,No ,No,Online,09-Jan-2026 02:00 PM,Soil Conservation Department||Director - SCD,Kokrajhar Soil Conservation Division,783370.0,2.0,"29,45,940",SWRANG NARZARY,"2,945,000",Rejected-Finance,01-May-2026,Soil Conservation Department||Director - SCD
2026_GMC_50622_6,GER/CE/2525/2025/Part-I/ 9 Date_ 22 /01/2026,Package No. DSLT-Div-I/6,"Cleaning, Desilting and Maintenance of Drains (Package No. DSLT-Div-I/6) under Mitigation of Urban Flood in Guwahati City under Guwahati Municipal Corporation for the year 2026",Works,Open Tender,Lump-sum,Miscellaneous Works,No,No,NA ,29-Jan-2026 06:00 PM,05-Feb-2026 12:00 PM ,120.0,No ,No,Online,16-Feb-2026 02:30 PM,Guwahati Municipal Corporation,Guwahati,781006.0,2.0,"15,92,000",SURAJ CONSTRUCTION,"919,539",Rejected-AOC,16-May-2026,Guwahati Municipal Corporation
2025_PHED_44357_1,JJMA_27_Lab_2024_2527_32,"Empanelment of Agencies for supply of different Glasswares and Miscellaneous items for various water testing laboratories under JJM, Assam","Empanelment of Agencies for supply of different Glasswares and Miscellaneous items for various water testing laboratories under Jal Jeevan Mission, Assam",Goods,Open Tender,Empanelment,Laboratory and scientific equipment,No,No,NA ,19-May-2025 10:00 AM,31-May-2025 04:00 PM ,180.0,No ,No,Online,16-Jul-2025 03:00 PM,Public Health Engineering Department||Chief Engineer PHE(P)-Assam-PHED||Lower Assam Zone-Guwahati-PHED||Guwahati Circle-Guwahati-PHED,Guwahati,781035.0,2.0,0.0,Trade and Allied Agencies,"110,199",Rejected-Technical,12-May-2026,Public Health Engineering Department||Chief Engineer PHE(P)-Assam-PHED||Lower Assam Zone-Guwahati-PHED||Guwahati Circle-Guwahati-PHED
2026_UDD_49941_1,PMB III/134/Biochar Plant/23/448,"Establishment, Construction, Supply, Procurement and Commissioning for Biochar Plant Infrastructure Works at Palashbari under Palashbari Municipal Board on Engineering, Procurement and Construction (EPC) Mode-1 basis","under 15th FC Tied grant 1st Installment for the year 2021-22 during 2022-23, 2nd Installment for the year 2021-22 during 2023-24 and 1st Installment for the year 2022-23 during 2023-24",Works,Open Tender,Turn-key,Civil Works,No,No,NA ,07-Jan-2026 02:00 PM,NA ,180.0,No ,No,Online,22-Jan-2026 12:00 PM,Urban Development Department||Directorate of Municipality Administration - UDD||Palashbari Municipal Board,Ward No. 3 Palashbari,781128.0,2.0,"56,00,000",DLS ENVIROTECH CORORATION PVT LTD,"5,594,400",Accepted-AOC,07-May-2026,Urban Development Department||Directorate of Municipality Administration - UDD||Palashbari Municipal Board
2025_ICD_47900_1,DNPL/PC/2025/CRS/ACTV/74/18,PROCUREMENT OF ACTUATED AND ASSORTED VALVES,PROCUREMENT OF ACTUATED AND ASSORTED VALVES,Goods,Open Tender,Supply,Mechanical Engg Items,No,No,NA ,08-Oct-2025 04:15 PM,16-Oct-2025 02:00 PM ,180.0,No ,No,Online,28-Nov-2025 11:00 AM,Industries and Commerce Department||DNP Limited,Duliajan,786602.0,2.0,,ZED VALVES CO. PVT. LTD.,"1,398,825",Rejected-Finance,25-May-2026,Industries and Commerce Department||DNP Limited
2026_GMC_51464_1,GMC/SBM/34/2023/80 Date_23_02_2026,"Design, Build, Operate, Own and Transfer (DBOOT) For Nature Based Greening Under 20 Flyovers in Guwahati, Assam.","Design, Build, Operate, Own and Transfer (DBOOT) For Nature Based Greening Under 20 Flyovers in Guwahati, Assam.",Works,Open Tender,EOI,Civil Works,No,No,NA ,24-Feb-2026 02:00 PM,02-Mar-2026 02:00 PM ,120.0,No ,No,Online,17-Mar-2026 03:00 PM,Guwahati Municipal Corporation,Guwahati,781006.0,1.0,,S P BANSAL CONST CO,0.0,Rejected-Technical,21-May-2026,Guwahati Municipal Corporation
2025_PWD_49668_14,CE/Commn/192/2025-26/9,PDNA/ Bongaigaon /02,"Recovery and Reconstruction of (1) Tilapara to Ambari Kacharipety Road (2) Kirtanpara to Naravita road at 1st , 2nd KM under NDRF (PDNA-2022) for the year 2025-26",Works,Open Tender,Item Rate,Civil Works – Roads,No,No,NA ,26-Dec-2025 06:00 PM,02-Jan-2026 04:00 PM ,180.0,No ,No,Online,08-Jan-2026 02:30 PM,Public Works Roads Department||CE PWD(R) - PWD||Traffic Engineering Cell - PWD,BONGAIGAON,783101.0,2.0,"65,00,000",Kanchan Moni Barkalita,"6,499,488",Accepted-AOC,27-May-2026,Public Works Roads Department||CE PWD(R) - PWD||Traffic Engineering Cell - PWD
2025_PWD_45818_6,CE/Commn/16/2025-26/04,Mahmora /MMPNA/03,ReConst of (1) ChengelimoraJorhatia Road (2) KhamunPahuchungi Road (3) Kheroni to Nirmalia Road (4 )Deogharia to Helaiguri Road under MMPNA under SOPD-G for the yaer 2025-26,Works,Open Tender,Item Rate,Civil Works – Roads,No,No,NA ,23-Jul-2025 06:00 PM,28-Jul-2025 04:00 PM ,180.0,No ,No,Online,11-Aug-2025 02:30 PM,Public Works Roads Department,Mahmora,785691.0,2.0,"1,78,01,000",MR NIKHILESH GOGOI,"17,801,000",Accepted-AOC,05-May-2026,Public Works Roads Department
2026_BTC_50921_1,No.ACE-133/PWD/G.79/2025-26/65,Repairing and Renovation of Borgaon MV School at Ulubari-II Borobazar under No.18 Manas Serfang Constituency in District Chirang under Grant No.79. TN_107_13,Repairing and Renovation of Borgaon MV School at Ulubari-II Borobazar under No.18 Manas Serfang Constituency in District Chirang under Grant No.79. TN_107_13,Works,Open Tender,Item Rate,Civil Works - Building,No,No,NA ,07-Feb-2026 12:00 PM,NA ,180.0,No ,No,Online,26-Feb-2026 02:00 PM,Bodoland Territorial Council-PWD||Director Cum CHD - PWD BTC,Kokrajhar,783370.0,2.0,"59,18,189",Punyajit Narzary,"5,918,100",Rejected-AOC,26-May-2026,Bodoland Territorial Council-PWD||Director Cum CHD - PWD BTC
2026_GMC_50622_58,GER/CE/2525/2025/Part-I/ 9 Date_ 22 /01/2026,Package No. DSLT-Div-V/4,"Cleaning, Desilting and Maintenance of Drains (Package No. DSLT-Div-V/4) under Mitigation of Urban Flood in Guwahati City under Guwahati Municipal Corporation for the year 2026",Works,Open Tender,Lump-sum,Miscellaneous Works,No,No,NA ,04-Feb-2026 06:50 PM,05-Feb-2026 12:00 PM ,120.0,No ,No,Online,16-Feb-2026 02:30 PM,Guwahati Municipal Corporation,Guwahati,781006.0,2.0,"28,44,000",M/S TIRUPATI ENTERPRISE,"2,040,001",Rejected-AOC,06-May-2026,Guwahati Municipal Corporation
2025_DHTS_49649_1,SDW.1349/2025-26/49/1528 Dated 19/12/2025,Repairing of Grainage house and Toilet block along with Installation of Tube well,"Repairing of Grainage house and Toilet block along with Installation of Tube well in MSDP, Jogduar under SOPD-G for the year 2025-26",Works,Open Tender,Works,Civil Works,No,No,NA ,26-Dec-2025 09:00 AM,29-Dec-2025 11:30 AM ,180.0,No ,No,Online,12-Jan-2026 04:30 PM,Department of Handloom Textile and Sericulture||Directorate of Sericulture,"MSDP, Jogduar",781022.0,2.0,"8,00,000",ASHOK BORUAH,"799,500",Accepted-AOC,08-May-2026,Department of Handloom Textile and Sericulture||Directorate of Sericulture
2026_DoWR_50732_1,N LAKHIMPUR/2025-26/SOPD G/VII,Construction of flood wall to protect North Lakhimpur College and its adjoining areas from flood inundation of river Sumdiri.,Construction of flood wall to protect North Lakhimpur College and its adjoining areas from flood inundation of river Sumdiri.,Works,Open Tender,Works,Civil Works,No,No,NA ,03-Feb-2026 09:00 AM,NA ,180.0,No ,No,Online,16-Feb-2026 03:00 PM,Department of Water Resources||Chief Engineer - DoWR,North Lakhimpur,787001.0,2.0,"2,32,46,182",LALBABU MAHATO,"23,246,149.98",Accepted-AOC,22-May-2026,Department of Water Resources||Chief Engineer - DoWR
2026_GMC_50622_64,GER/CE/2525/2025/Part-I/ 9 Date_ 22 /01/2026,Package No. DSLT-Div-V/10,"Cleaning, Desilting and Maintenance of Drains (Package No. DSLT-Div-V/10) under Mitigation of Urban Flood in Guwahati City under Guwahati Municipal Corporation for the year 2026",Works,Open Tender,Lump-sum,Miscellaneous Works,No,No,NA ,05-Feb-2026 10:00 AM,05-Feb-2026 12:00 PM ,120.0,No ,No,Online,16-Feb-2026 02:30 PM,Guwahati Municipal Corporation,Guwahati,781006.0,2.0,"31,82,000",MD SAFI ALI,"2,127,803.4",Rejected-Technical,06-May-2026,Guwahati Municipal Corporation
2025_PWD_45408_89,CE/DEV/TB/60/2025-26/01 Dtd- 21.06.2025,MMPPNA_RIDF_XXXI_25_26_141 Construction of road from (1) Jagara Mukalmua road to Barkhetri Barni Billeswar LP school via Jalti Sadagar ME School and Barni Jagannath Mandir (2) Jagara Mukalmua Road To Belsor PHE via Chandapara Karmipara (3) Belsor Mel,MMPPNA_RIDF_XXXI_25_26_141 Construction of road from (1) Jagara Mukalmua road to Barkhetri Barni Billeswar LP school via Jalti Sadagar ME School and Barni Jagannath Mandir (2) Jagara Mukalmua Road To Belsor PHE via Chandapara Karmipara (3) Belsor Mel,Works,Open Tender,Item Rate,Civil Works – Roads,No,No,NA ,11-Jul-2025 04:00 PM,17-Jul-2025 12:00 PM ,180.0,No ,No,Online,28-Jul-2025 02:30 PM,Public Works Roads Department,Tihu,781371.0,2.0,"3,20,45,000",Dhaneswar Kalita,"32,044,500",Accepted-AOC,14-May-2026,Public Works Roads Department
2025_GMC_47287_17,GER/CE/2504/2025/05 Dated_01/09/2025,Construction of Community Hall under Ward No-51,Construction of Community Hall under Ward No-51,Works,Open Tender,Lump-sum,Civil Works,No,No,NA ,06-Sep-2025 01:00 PM,08-Sep-2025 12:00 PM ,120.0,No ,No,Online,07-Oct-2025 02:30 PM,Guwahati Municipal Corporation,Guwahati,781006.0,2.0,,H S CONSTRUCTION,"1,610,000",Accepted-AOC,07-May-2026,Guwahati Municipal Corporation
2025_PWD_47085_45,CE/DEV/TB/60/2025-26/15 Dtd- 06.08.2025,MMPPNA_RIDF_XXXI_25_26_470 Improvement of Road from (1) Rangoli to Joriguri connecting link Road to Prafulla Mohan Path (2) Nolonibam Budhbaria Bazar to Raidang High School Approach Road via Disangkukh Parghat under Mukhya Mantrir Paki Path Nirman Ac,MMPPNA_RIDF_XXXI_25_26_470 Improvement of Road from (1) Rangoli to Joriguri connecting link Road to Prafulla Mohan Path (2) Nolonibam Budhbaria Bazar to Raidang High School Approach Road via Disangkukh Parghat under Mukhya Mantrir Paki Path Nirman Ac,Works,Open Tender,Item Rate,Civil Works – Roads,No,No,NA ,02-Sep-2025 02:40 PM,04-Sep-2025 12:00 PM ,180.0,No ,No,Online,19-Sep-2025 02:30 PM,Public Works Roads Department,Mahmora,786101.0,2.0,"3,17,40,000",Dipen Mohan,"31,739,000",Accepted-AOC,22-May-2026,Public Works Roads Department
2025_PWD_47085_51,CE/DEV/TB/60/2025-26/15 Dtd- 06.08.2025,MMPPNA_RIDF_XXXI_25_26_431 Improvement of Road from back side of NIT Gate to Madhu Tilla (Ch.0.00 M to Ch.1100.00 M - 1.10 Km) under Mukhya Mantrir Paki Path Nirman Achani (MMPPNA) under RIDF-XXXI of NABARD for the year 2025-26.,MMPPNA_RIDF_XXXI_25_26_431 Improvement of Road from back side of NIT Gate to Madhu Tilla (Ch.0.00 M to Ch.1100.00 M - 1.10 Km) under Mukhya Mantrir Paki Path Nirman Achani (MMPPNA) under RIDF-XXXI of NABARD for the year 2025-26.,Works,Open Tender,Item Rate,Civil Works – Roads,No,No,NA ,04-Sep-2025 02:00 PM,04-Sep-2025 03:00 PM ,180.0,No ,No,Online,19-Sep-2025 02:30 PM,Public Works Roads Department,Borkhola,788110.0,2.0,"1,49,16,000",KISHORE CHANDRA GHOSE,"14,915,000",Accepted-AOC,26-May-2026,Public Works Roads Department
2026_GMC_50622_70,GER/CE/2525/2025/Part-I/ 9 Date_ 22 /01/2026,Package No. DSLT-Div-V/16,"Cleaning, Desilting and Maintenance of Drains (Package No. DSLT-Div-V/16) under Mitigation of Urban Flood in Guwahati City under Guwahati Municipal Corporation for the year 2026",Works,Open Tender,Lump-sum,Miscellaneous Works,No,No,NA ,05-Feb-2026 11:55 AM,05-Feb-2026 12:00 PM ,120.0,No ,No,Online,16-Feb-2026 02:30 PM,Guwahati Municipal Corporation,Guwahati,781006.0,2.0,"16,68,000",Siddhartha Das,"1,200,626.4",Rejected-AOC,11-May-2026,Guwahati Municipal Corporation
2026_UDD_49981_1,DMB.136/2025-26/3536,Rejuvenation of DEURIJAN Stream at DABAKA,"Rejuvenation of Deurijan Stream at Dabaka Town Including Cleaning, Rejuvenation, and Protection Works by Stone Pitching, Retaining Walls, etc. Under Operational Guidelines Of 15fc Tied Grant - Water Body Rejuvenation for the year 2025-26",Works,Open Tender,Works,Civil Works - Water Works,No,No,NA ,06-Jan-2026 03:00 PM,09-Jan-2026 01:00 PM ,180.0,No ,No,Online,03-Feb-2026 03:00 PM,Urban Development Department||Directorate of Municipality Administration - UDD||Dabaka Municipal Board,Dabaka,782440.0,2.0,"3,90,00,000",D KUMAR AND COMPANY,"38,987,717.95",Accepted-AOC,09-Feb-2026,Urban Development Department||Directorate of Municipality Administration - UDD||Dabaka Municipal Board
2025_KAAC_49634_1,SS/KAAC/CW/Hidipi/2025-26/94,Hidipi High School,Construction of New School Building for upgradation from Secondary to Higher Secondary (Arts and Science) at Hidipi High School campus under Bokajan Block in Karbi Anglong District,Works,Open Tender,Works,Civil Works - Building,No,No,NA ,16-Jan-2026 09:00 AM,NA ,180.0,No ,No,Online,19-Jan-2026 04:00 PM,Karbi Anglong Autonomous Council||PWD||Addl. Chief Engineer Diphu,bokajan,782461.0,2.0,"2,00,00,000",SURJO SING AMSHI,"19,991,924",Rejected-AOC,18-May-2026,Karbi Anglong Autonomous Council||PWD||Addl. Chief Engineer Diphu
2025_PWD_46723_1,CE/MAINT/SOPDG/01/2025-26/16,MAINT/SOPD-G/2025-26/15,"MAINT/SOPD-G/2025-26/15_Improvement of 1_Nayeralga Gauranghat to Gutipara Pt VI Road (Ch. 0.00m to Ch. 3000.00 m, 2_Improvement of Nayeralga Pt IV to Mayerchar Pt VI Road (Ch. 0.00m to Ch. 4000.00 m), 3_Re-Construction of road from Jharnarchar Pt-IV",Works,Open Tender,Item Rate,Civil Works – Roads,No,No,NA ,20-Aug-2025 05:00 PM,NA ,180.0,No ,No,Online,04-Sep-2025 03:00 PM,Public Works Roads Department,Dhubri,783301.0,2.0,"1,94,54,000",M/S Kusumbar Construction,"19,452,000",Accepted-AOC,18-May-2026,Public Works Roads Department
2026_BTC_49997_1,No.23/ACE/PWD/Infr /BTC/2025-26/12,"Repairing and Renovation of Bodo Sahitya Sabha Central Office, Kokrajhar under Grants to BTC for Infrastructure Development Fund for the FY 2025-26. TN_38_01R","Repairing and Renovation of Bodo Sahitya Sabha Central Office, Kokrajhar under Grants to BTC for Infrastructure Development Fund for the FY 2025-26. TN_38_01R",Works,Open Tender,Item Rate,Civil Works - Building,No,No,NA ,07-Jan-2026 10:30 AM,NA ,180.0,No ,No,Online,28-Jan-2026 02:00 PM,Bodoland Territorial Council-PWD||Director Cum CHD - PWD BTC,Kokrajhar,783370.0,2.0,"99,93,095",FUNGKHA BRAHMA,"9,992,323.7",Rejected-AOC,26-May-2026,Bodoland Territorial Council-PWD||Director Cum CHD - PWD BTC
2025_PWD_47467_1,SEMRC/TB/NIT/O1/2023-24/69,"Maintenance of road from Hekudangbori to Mikirbheta under SOPD-G for the year 2025-26 under Morigaon District, Morigaon LAC","Maintenance of road from Hekudangbori to Mikirbheta under SOPD-G for the year 2025-26 under Morigaon District, Morigaon LAC",Works,Open Tender,Item Rate,Civil Works – Roads,No,No,NA ,11-Sep-2025 04:00 PM,NA ,180.0,No ,No,Online,26-Sep-2025 05:00 PM,Public Works Roads Department||CE PWD(R) - PWD,SE Morigaon,782105.0,2.0,"67,00,000",HARUN RASHID,"6,699,900",Accepted-AOC,18-May-2026,Public Works Roads Department||CE PWD(R) - PWD
2025_PWD_49802_1,N-BRBTRD/NDRF/2025-26/02,Garukhunda to Notun Garukhunda Road,Recovery and Reconstruction of Garukhunda to Notun Garukhunda Road under NDRF (PDNA-2022) for the year 2025 26,Works,Open Tender,Item Rate,Civil Works,No,No,NA ,31-Dec-2025 05:00 PM,07-Jan-2026 01:00 PM ,180.0,No ,No,Online,17-Jan-2026 03:00 PM,Public Works Roads Department,Barhampur,782001.0,2.0,"48,00,000",Sri Pradip Kumar Nath,"4,798,469",Rejected-AOC,20-May-2026,Public Works Roads Department
2026_GMC_49862_4,GER/CE/2525/2025/7 Date_30/12/2025,"Cleaning, desilting and maintenance of Lakhimi Jan from Bhetapara Golden Path to Dakhingaon Pump House","Cleaning, Desilting and Maintenance of Major River Channels (as packaged) under Mitigation of Urban Flood in Guwahati City under Guwahati Municipal Corporation for the year 2026",Works,Open Tender,Lump-sum,Miscellaneous Works,No,No,NA ,02-Jan-2026 06:50 PM,05-Jan-2026 12:00 PM ,120.0,No ,No,Online,28-Jan-2026 02:30 PM,Guwahati Municipal Corporation,Guwahati,781006.0,2.0,"1,36,00,000",M/S G. B. CONSTRUCTION,"4,651,200",Accepted-AOC,19-May-2026,Guwahati Municipal Corporation
2026_WPTBC_51125_1,SCDCKachamari,Infrastructure Development at Kachamari High School at Golaghat,Infrastructure Development at Kachamari High School at Golaghat,Works,Open Tender,Item Rate,Civil Works,No,No,NA ,13-Feb-2026 02:15 PM,NA ,180.0,No ,No,Online,24-Feb-2026 02:00 PM,Welfare of Plain Tribes and Backward Classes||Directorate of Welfare of Scheduled Caste||Assam State Development Corporation for SC,"DISPUR, GHY-06",781006.0,2.0,"50,00,000",UNIVERSAL CONTRACTORS,"4,995,571",Rejected-Technical,18-May-2026,Welfare of Plain Tribes and Backward Classes||Directorate of Welfare of Scheduled Caste||Assam State Development Corporation for SC
2026_BTC_51966_1,No.ACE-106/PWD/IFB/PT-I/23-24,Construction of ICBP road from Borobazar Bhabanipur road at Hasrawbari to Borobazar Choudhuripara road via Silbari to Monakocha at Bijni in Chirang District for the year 2025-26 (From Ch.0.00m to Ch.1000.00m) TN_133_01,Construction of ICBP road from Borobazar Bhabanipur road at Hasrawbari to Borobazar Choudhuripara road via Silbari to Monakocha at Bijni in Chirang District for the year 2025-26 (From Ch.0.00m to Ch.1000.00m) TN_133_01,Works,Open Tender,Item Rate,Civil Works – Roads,No,No,NA ,13-Mar-2026 04:00 PM,NA ,180.0,No ,No,Online,02-Apr-2026 02:00 PM,Bodoland Territorial Council-PWD||Director Cum CHD - PWD BTC,Chirang,783390.0,2.0,"99,98,404",MITHINGA BORO,"9,997,000",Rejected-AOC,26-May-2026,Bodoland Territorial Council-PWD||Director Cum CHD - PWD BTC
2025_PWD_45827_6,CE/MAINT/SOPDG/01/2025-26/02,MAINT/SOPD-G/2025-26/16,"MAINT/SOPD-G/2025-26/16_Constructiont of SPT Bridge No.3/1 on Suapata Pt-IV to Suapata Pt-V Road at Ch. 2100.00 m, 2_Improvement of Road from Nayeralga Pt-III to Mayerchar Pt-II (from Ch. 0.00m to Ch.1220.00m) and 3_Improvement of Road from Mayerchar",Works,Open Tender,Item Rate,Civil Works – Roads,No,No,NA ,22-Jul-2025 12:00 PM,24-Jul-2025 12:00 PM ,180.0,No ,No,Online,14-Aug-2025 11:00 AM,Public Works Roads Department,Dhubri,783301.0,2.0,"1,19,38,000",M/S Kusumbar Construction,"11,937,000",Accepted-AOC,18-May-2026,Public Works Roads Department
2026_PWD_52115_1,CE/CW/34/2025-26/ khasiiram Boro,Khasiramboropath,"Improvement of Khasia Ram Boro Path from NH-27 near ISBT to A. K. Dev Road by providing ICBP, RCC load bearing drain etc. from Ch 0 m to Ch 600 m under SOPD-G for the year 2025-26",Works,Open Tender,Item Rate,Civil Works – Roads,No,No,NA ,16-Mar-2026 06:55 PM,NA ,180.0,No ,No,Online,23-Mar-2026 02:30 PM,Public Works Roads Department,Guwahati,781014.0,2.0,"2,27,92,900",M/S ABJ ASSOCIATES,"22,792,899.99",Accepted-AOC,27-May-2026,Public Works Roads Department
2025_PWD_47085_47,CE/DEV/TB/60/2025-26/15 Dtd- 06.08.2025,MMPPNA_RIDF_XXXI_25_26_438 Improvement of (1) ASS Road-Paborchara at Bottola Chariali to Saleya Harirdham (2) road from Dhepdhepi H.S school to Nay Kanirpar (3) NH127B at Kalahat Bhabendra Nath L.P school to Baniyatari Shiv linga Dham (4) Golakganj,MMPPNA_RIDF_XXXI_25_26_438 Improvement of (1) ASS Road-Paborchara at Bottola Chariali to Saleya Harirdham (2) road from Dhepdhepi H.S school to Nay Kanirpar (3) NH127B at Kalahat Bhabendra Nath L.P school to Baniyatari Shiv linga Dham (4) Golakganj,Works,Open Tender,Item Rate,Civil Works – Roads,No,No,NA ,02-Sep-2025 06:30 PM,04-Sep-2025 12:00 PM ,180.0,No ,No,Online,19-Sep-2025 02:30 PM,Public Works Roads Department,Golakganj,783334.0,2.0,"4,66,54,000",Hiya Construction,"46,654,000",Accepted-AOC,12-May-2026,Public Works Roads Department
2025_GMC_47287_15,GER/CE/2504/2025/05 Dated_01/09/2025,Construction of Community Hall under Ward No-43,Construction of Community Hall under Ward No-43,Works,Open Tender,Lump-sum,Civil Works,No,No,NA ,06-Sep-2025 01:00 PM,08-Sep-2025 12:00 PM ,120.0,No ,No,Online,07-Oct-2025 02:30 PM,Guwahati Municipal Corporation,Guwahati,781006.0,2.0,,DIPAK SARMA,"1,600,000",Accepted-AOC,07-May-2026,Guwahati Municipal Corporation
2026_GMC_50622_66,GER/CE/2525/2025/Part-I/ 9 Date_ 22 /01/2026,Package No. DSLT-Div-V/12,"Cleaning, Desilting and Maintenance of Drains (Package No. DSLT-Div-V/12) under Mitigation of Urban Flood in Guwahati City under Guwahati Municipal Corporation for the year 2026",Works,Open Tender,Lump-sum,Miscellaneous Works,No,No,NA ,05-Feb-2026 11:55 AM,05-Feb-2026 12:00 PM ,120.0,No ,No,Online,16-Feb-2026 02:30 PM,Guwahati Municipal Corporation,Guwahati,781006.0,2.0,"47,27,000",P.S. ENTERPRISE,"3,235,631.5",Rejected-AOC,06-May-2026,Guwahati Municipal Corporation
2026_GMC_50622_72,GER/CE/2525/2025/Part-I/ 9 Date_ 22 /01/2026,Package No. DSLT-Div-VI/2,"Cleaning, Desilting and Maintenance of Drains (Package No. DSLT-Div-VI/2) under Mitigation of Urban Flood in Guwahati City under Guwahati Municipal Corporation for the year 2026",Works,Open Tender,Lump-sum,Miscellaneous Works,No,No,NA ,05-Feb-2026 12:00 PM,05-Feb-2026 12:00 PM ,120.0,No ,No,Online,16-Feb-2026 02:30 PM,Guwahati Municipal Corporation,Guwahati,781006.0,2.0,"21,94,000",RAJIB KUMAR CHOUDHURY,"1,645,500",Accepted-AOC,06-May-2026,Guwahati Municipal Corporation
2025_PWD_46081_8,T/CC/ETN/SIL/2025-26/368(T),"Construction of Road from Digli road near Pratap Baba Mandir to Ward No-6 under Mukhya Mantrir Paki Path Nirman Achani (MMPPNA) Under SOPD-G for the year 2025-26 under Lakhipur Civil Sub Division Territorial Road Division ,Lakhipur LAC","Construction of Road from Digli road near Pratap Baba Mandir to Ward No-6 under Mukhya Mantrir Paki Path Nirman Achani (MMPPNA) Under SOPD-G for the year 2025-26 under Lakhipur Civil Sub Divn TR Divn ,Lakhipur LAC,P/No.SE/LAK/MMPPNA/25-26/8",Works,Open Tender,Item Rate,Civil Works – Roads,No,No,NA ,05-Aug-2025 09:00 AM,12-Aug-2025 02:00 PM ,180.0,No ,No,Online,20-Aug-2025 03:10 PM,Public Works Roads Department,Cachar District.,788103.0,2.0,"87,99,904",DEBOPRIYO DEB,"8,799,904",Rejected-AOC,23-May-2026,Public Works Roads Department
2025_PWD_49268_8,TB-62/GWC/2024-25/1718 Dtd. 01-12-2025,"Construction of GWC Road including from Assam Darshan Road (Kareng Chapori) to Dolung Silung under SOPD-G for the year 2025-26 in 80 No. Jonai LAC in Dhemaji District under Jonai Territorial Road Division, Silapathar","Construction of GWC Road including from Assam Darshan Road (Kareng Chapori) to Dolung Silung under SOPD-G for the year 2025-26 in 80 No. Jonai LAC in Dhemaji District under Jonai Territorial Road Division, Silapathar",Works,Open Tender,Item Rate,Civil Works,No,No,NA ,12-Dec-2025 05:45 PM,NA ,180.0,No ,No,Online,19-Dec-2025 10:00 AM,Public Works Roads Department,Jonai,787060.0,2.0,"47,05,000",SATYENDRA BORAH,"4,701,399.6",Rejected-AOC,02-Feb-2026,Public Works Roads Department
2026_BoTC_51751_1,SE(RB)/20-21/Pt-III/66/212_2,Package No.212_2,Construction of road by providing ICBP from No.2 Bajugaon Gothaibari Church to Ram Mardi House under BTC for the year 2025-26.,Works,Open Tender,Item Rate,Civil Works – Roads,No,No,NA ,07-Mar-2026 02:00 PM,NA ,180.0,No ,No,Online,26-Mar-2026 01:30 PM,Bodoland Territorial Council||PWD-BTC,"Gothaibari, Kokrajhar district",783346.0,2.0,"96,83,000",EMANUEL BASUMATARY,"9,682,700",Rejected-AOC,18-May-2026,Bodoland Territorial Council||PWD-BTC
2025_PWD_45491_7,CE/Commn/16/2025-26/2,Demow/ SOPD/ 1,Construction of (i) Boat ghat to Dhundarmukh Koch gaon Mathauri Road (L1.50Km) (ii) Pulin Mohan Path to Sepon Sunpora road (L0.60Km) by providing ICBP under SOPD-G under Sivasagar Demow Territorial Road Division for the year 2025-26,Works,Open Tender,Item Rate,Civil Works – Roads,No,No,NA ,10-Jul-2025 05:00 PM,18-Jul-2025 04:00 PM ,180.0,No ,No,Online,30-Jul-2025 02:30 PM,Public Works Roads Department,Demow,785662.0,2.0,"1,59,66,100",Sri Diganta gogoi,"15,966,000",Rejected-AOC,19-May-2026,Public Works Roads Department
2026_WPTBC_50038_1,PTDC/Engg/2024-25/463/03,Construction of Hostel at Colleges at 20 District of Assam,"Construction of Hostel at Colleges at 20 District of Assam at Rs. 100.00 Lakh for each Hostel under Article 275 (I) of the Constitution of India during the year 2025-26 (Bodofa UN Brahma College, Kajalgaon, Chirang).",Works,Open Tender,Works,Civil Works,No,No,NA ,08-Jan-2026 04:00 PM,12-Jan-2026 12:00 PM ,180.0,No ,No,Online,26-Jan-2026 03:00 PM,Welfare of Plain Tribes and Backward Classes||Director - WPT and BC,"Bodofa UN Brahma College, Kajalgaon, Chirang",783385.0,2.0,"1,00,00,000",M/S J.K ENTERPRISE,"9,000,000",Rejected-Technical,15-May-2026,Welfare of Plain Tribes and Backward Classes||Director - WPT and BC
2026_BTC_51341_1,No.22/ACE/Infra-Dev/2025-26/95,"Construction of Community Hall at Gaurang near Gaurang High School, Balajan Tiniali Chariali VCDC, Kokrajhar Development Block, Kokrajhar District under Grants to BTC for Infrastructure Development Fund for the FY 2025-26.","Construction of Community Hall at Gaurang near Gaurang High School, Balajan Tiniali Chariali VCDC, Kokrajhar Development Block, Kokrajhar District under Grants to BTC for Infrastructure Development Fund for the FY 2025-26.",Works,Open Tender,Item Rate,Civil Works - Building,No,No,NA ,19-Feb-2026 10:00 AM,NA ,180.0,No ,No,Online,05-Mar-2026 02:00 PM,Bodoland Territorial Council-PWD||Director Cum CHD - PWD BTC,Kokrajhar,783370.0,2.0,"49,99,999",MRS. SANGRILA BRAHMA,"4,999,999",Rejected-AOC,11-May-2026,Bodoland Territorial Council-PWD||Director Cum CHD - PWD BTC
2026_WPTBC_51728_1,PTDC/Engg/2026-27/520,Construction of Public Hall at Khowang College in Dibrugarh District.,Construction of Public Hall at Khowang College in Dibrugarh District.,Works,Open Tender,Item Rate,Civil Works,No,No,NA ,06-Mar-2026 04:50 PM,07-Mar-2026 11:00 AM ,180.0,No ,No,Online,10-Mar-2026 03:00 PM,Welfare of Plain Tribes and Backward Classes||Director - WPT and BC,Dibrugarh,786001.0,2.0,"50,00,000",TULARAM BASUMATARY,"4,949,968.73",Rejected-AOC,13-May-2026,Welfare of Plain Tribes and Backward Classes||Director - WPT and BC
2025_NHM_49685_3,NHM-32017/8/2025-Const-NHM- I/1373076/2025,"Construction of New PHC at Doba Tiniali SC in Charaideo District under XV-FC Health Grant under NHM, Assam","Construction of New PHC at Doba Tiniali SC in Charaideo District under XV-FC Health Grant under NHM, Assam",Works,Open Tender,Turn-key,Civil Works - Building,No,No,NA ,27-Dec-2025 05:00 PM,NA ,225.0,No ,No,Online,20-Jan-2026 03:30 PM,National Health Mission||State Programme Management Unit - NHM,Charaideo,785689.0,2.0,"2,42,82,945",SANTANU BURAGOHAIN,"24,282,000",Rejected-AOC,05-May-2026,National Health Mission||State Programme Management Unit - NHM
2025_PWBNH_48645_8,CE/TB-III(H_E)/40/2025/13 Dated 22-10-2025,Construction of New Building of 100 Secondary Schools under RIDF-XXXI (2025-26) for Demow HSS under Sivasagar DTBD ( Package-81),Construction of New Building of 100 Secondary Schools under RIDF-XXXI (2025-26) for Demow HSS under Sivasagar DTBD ( Package-81),Works,Open Tender,Item Rate,Civil Works - Building,No,No,NA ,15-Nov-2025 03:00 PM,19-Nov-2025 11:30 AM ,180.0,No ,No,Online,03-Dec-2025 04:00 PM,Public Works Building and NH Department||Chief Engineer-Building - PWBNH,Sivasagar,785640.0,2.0,"4,12,18,190",Achinta Bhattacharjya,"44,750,000",Accepted-AOC,15-May-2026,Public Works Building and NH Department||Chief Engineer-Building - PWBNH
2026_CD_49852_1,HF/ENGG-3626/24-25/193,"Renovation work for Boys and Girls Hostel at Cotton University, Guwahati, Assam under PM-USHA, Assam","Renovation work for Boys and Girls Hostel at Cotton University, Guwahati, Assam under PM-USHA, Assam",Works,Open Tender,Item Rate,Civil Works,No,No,NA ,02-Jan-2026 01:00 PM,05-Jan-2026 12:00 PM ,180.0,No ,No,Online,21-Jan-2026 11:00 AM,Cooperation Department||Assam State Co-operative Housing Federation Ltd.(HOUSEFED),"Cotton University, Guwahati",781001.0,2.0,"64,10,255",SRI MRIGEN DAS,"6,410,263",Rejected-Technical,06-May-2026,Cooperation Department||Assam State Co-operative Housing Federation Ltd.(HOUSEFED)
2025_PCCF_49718_1,O.O. 282 dated 23/12/2025,Construction of Chain-linked Fencing with 3 strand barbed wire to be filled on pre-cast RCC pillars,Construction of Chain-linked Fencing with 3 strand barbed wire to be filled on pre-cast RCC pillars,Works,Open Tender,Percentage,Civil Works,No,No,NA ,29-Dec-2025 06:00 PM,NA ,180.0,No ,No,Online,20-Jan-2026 11:00 AM,"Pr. Chief Conservator of Forest and Head of Forest Force||Chief Conservator of Forests (Upper Assam Zone)||Northern Assam Circle, Tezpur||Nagaon Division",Nagaon,782001.0,2.0,"47,17,240",YEASMIN SULTANA,"4,245,516",Rejected-Technical,16-May-2026,"Pr. Chief Conservator of Forest and Head of Forest Force||Chief Conservator of Forests (Upper Assam Zone)||Northern Assam Circle, Tezpur||Nagaon Division"
2025_PWD_47992_1,BDTRD_BKT_SOPD-G_25-26_10,Construction of GWC at Notun Chapori Da Dhora to Bukura Gaon connecting road from Ch 0.00m to Ch 3400.00 m under SOPD-G for the year 2025-26 of Golaghat District (Dergaon LAC),Construction of GWC at Notun Chapori Da Dhora to Bukura Gaon connecting road from Ch 0.00m to Ch 3400.00 m under SOPD-G for the year 2025-26 of Golaghat District (Dergaon LAC),Works,Open Tender,Item Rate,Civil Works – Roads,No,No,NA ,13-Oct-2025 10:00 AM,16-Oct-2025 12:00 PM ,180.0,No ,No,Online,30-Oct-2025 10:00 AM,Public Works Roads Department,Bokakhat,785612.0,2.0,"55,29,000",RUPANJAL BORBORUAH,"4,971,100",Rejected-AOC,05-May-2026,Public Works Roads Department
2025_PWD_46604_13,CE/STBR/SOPD-G/NIT/07/2025 26/8 Dated 29-07-2025,"STBR/SOPD-G/Jagiroad-07/51 1. Improvement of road from NH-37 to Nizarapar Road, 2. Improvement of road from NH-715-A to Palasong Village, 3. Improvement of road from NH-37 to Charangkushi Road, 4. Improvement of road from NH-37 to Dry Fish Market","STBR/SOPD-G/Jagiroad-07/51 1. Improvement of road from NH-37 to Nizarapar Road, 2. Improvement of road from NH-715-A to Palasong Village, 3. Improvement of road from NH-37 to Charangkushi Road, 4. Improvement of road from NH-37 to Dry Fish Market",Works,Open Tender,Item Rate,Civil Works – Roads,No,No,NA ,18-Aug-2025 02:00 PM,20-Aug-2025 11:00 AM ,180.0,No ,No,Online,02-Sep-2025 11:00 AM,Public Works Roads Department,Morigaon,782105.0,2.0,"90,32,000",AKSHAY KUMAR DEKA,"9,031,000",Accepted-AOC,06-May-2026,Public Works Roads Department
2025_HFWD_48207_2,DMCH/HMC/Telephone Bill/01/2022-23/1153,Supply of Fixed Cordless Phone Received,Supply of Fixed Cordless Phone Received,Goods,Open Tender,Supply,Electronics Equipment,No,Yes,NA ,13-Nov-2025 03:00 PM,,60.0,No ,No,Online,29-Nov-2025 12:00 PM,Health and Family Welfare Department||Directorate of Medical Education-HFWD||Dhubri Medical College and Hospital-HFWD,Dhubri Medical College and Hospital,783325.0,2.0,"90,000",Pravi Mantech Pvt Ltd,"90,000",Accepted-AOC,11-May-2026,Health and Family Welfare Department||Directorate of Medical Education-HFWD||Dhubri Medical College and Hospital-HFWD
2026_GMC_50622_4,GER/CE/2525/2025/Part-I/ 9 Date_ 22 /01/2026,Package No. DSLT-Div-I/4,"Cleaning, Desilting and Maintenance of Drains (Package No. DSLT-Div-I/4) under Mitigation of Urban Flood in Guwahati City under Guwahati Municipal Corporation for the year 2026",Works,Open Tender,Lump-sum,Miscellaneous Works,No,No,NA ,29-Jan-2026 06:00 PM,05-Feb-2026 12:00 PM ,120.0,No ,No,Online,16-Feb-2026 02:30 PM,Guwahati Municipal Corporation,Guwahati,781006.0,2.0,"31,56,000",M/S KUNDU ENTERPRISE,"1,926,738",Rejected-AOC,16-May-2026,Guwahati Municipal Corporation
2025_PWBNH_48645_16,CE/TB-III(H_E)/40/2025/13 Dated 22-10-2025,"Construction of New Building of 100 Secondary Schools under RIDF-XXXI (2025-26) for Tarinipur High School under Lakhipur, Borkhola and Katigorah DTBD ( Package-51)","Construction of New Building of 100 Secondary Schools under RIDF-XXXI (2025-26) for Tarinipur High School under Lakhipur, Borkhola and Katigorah DTBD ( Package-51)",Works,Open Tender,Item Rate,Civil Works - Building,No,No,NA ,19-Nov-2025 11:00 AM,25-Nov-2025 11:30 AM ,180.0,No ,No,Online,09-Dec-2025 04:00 PM,Public Works Building and NH Department||Chief Engineer-Building - PWBNH,Katigorah,788805.0,2.0,"4,12,18,262",M/S CMC ASSOCIATES,"41,220,255",Accepted-AOC,13-May-2026,Public Works Building and NH Department||Chief Engineer-Building - PWBNH
2026_ICD_51252_1,E. No. 758385/73 date 16/02/2026,"Up-gradation of Growth Centre, Barpeta","Up-gradation of Growth Centre, Barpeta",Works,Open Tender,Item Rate,Civil Works,No,No,NA ,17-Feb-2026 10:00 AM,NA ,180.0,No ,No,Online,09-Mar-2026 03:00 PM,Industries and Commerce Department||Assam Industrial Infrastructure Development Corporation,Barpeta,781314.0,2.0,,Charu Krishna Bhardwaj,"49,795,823",Accepted-AOC,27-May-2026,Industries and Commerce Department||Assam Industrial Infrastructure Development Corporation
2026_DHTS_51416_1,"SDW.1357/2025-26/2654, Dated 12/02/2026",Repairing of one no. of Jali House along with Installation of Tube Well and Electrification works,"Repairing of one no. of Jali House along with Installation of Tube Well and Electrification works at Boitamari Muga Food Plantation Centre, Bajali",Works,Open Tender,Works,Civil Works,No,No,NA ,21-Feb-2026 06:00 PM,26-Feb-2026 11:30 AM ,180.0,No ,No,Online,05-Mar-2026 03:00 PM,Department of Handloom Textile and Sericulture||Directorate of Sericulture,Guwahati,781022.0,2.0,"10,00,000",KAJU BORO,"999,500",Rejected-AOC,08-May-2026,Department of Handloom Textile and Sericulture||Directorate of Sericulture
2025_PWBNH_47390_1,CE/TB-III/(B)/61/2023/12 Dated Guwahati the 26th Aug 2025,"Construction of Building of PWD (IB) and Staff Quarter at Dotma in Kokrajhar District, BTR, Assam under SOPD (G) for the year 2024-25","Construction of Building of PWD (IB) and Staff Quarter at Dotma in Kokrajhar District, BTR, Assam under SOPD (G) for the year 2024-25",Works,Open Tender,Item Rate,Civil Works - Building,No,No,NA ,09-Sep-2025 02:00 PM,10-Sep-2025 11:00 AM ,180.0,No ,No,Online,26-Sep-2025 03:00 PM,Public Works Building and NH Department||Chief Engineer-Building - PWBNH,Dotma,783347.0,2.0,"4,03,02,309",Biren Deka,"41,292,500",Accepted-AOC,26-May-2026,Public Works Building and NH Department||Chief Engineer-Building - PWBNH
2026_GMC_50622_5,GER/CE/2525/2025/Part-I/ 9 Date_ 22 /01/2026,Package No. DSLT-Div-I/5,"Cleaning, Desilting and Maintenance of Drains (Package No. DSLT-Div-I/5) under Mitigation of Urban Flood in Guwahati City under Guwahati Municipal Corporation for the year 2026",Works,Open Tender,Lump-sum,Miscellaneous Works,No,No,NA ,29-Jan-2026 06:00 PM,05-Feb-2026 12:00 PM ,120.0,No ,No,Online,16-Feb-2026 02:30 PM,Guwahati Municipal Corporation,Guwahati,781006.0,2.0,"14,99,000",SURAJ CONSTRUCTION,"873,167",Rejected-Technical,16-May-2026,Guwahati Municipal Corporation
2026_DOT_50664_1,ATDC.3859/2025/4395 dt. 17.01.2026,"Development, Operation and Management Contract for running the Prashaanti Tourist Lodge, Nagaon (New Building)","Development, Operation and Management Contract for running the Prashaanti Tourist Lodge, Nagaon (New Building)",Services,Open Tender,Item Rate,Hotel/ Catering,No,No,NA ,30-Jan-2026 05:30 PM,02-Feb-2026 12:00 PM ,180.0,No ,No,Online,17-Feb-2026 01:00 PM,Department of Tourism||Assam Tourism Development Corporation Ltd. - DOT||HO-Guwahati-ATDCL - DOT,Nagaon,782001.0,2.0,"1,20,000",Hotel Rishiraj,"130,000",Not Admitted-Fee/PreQual/Technical,07-May-2026,Department of Tourism||Assam Tourism Development Corporation Ltd. - DOT||HO-Guwahati-ATDCL - DOT
2026_PWD_51938_1,T/CC/ETN/SIL/2025-26/1370(T),Balance work for construction of Drain cum footpath at Silchar Kathal road and construction of hard shoulder from Ch.1500.00m to Ch.2800.00m (Both side) connecting to NH-Bye pass under MMUPPNA under RIDF-XXIX of NABARD for the year 2023-24.,Bal work for constn of Drain cum footpath at Silchar Kathal rd and constn of hard shoulder from Ch.1500.00m to Ch.2800.00m (Both side) connecting to NH-Bye pass under MMUPPNA under RIDF-XXIX of NABARD for 2023-24. P/No.MMUPPNA_RIDF_XXIX_23_24_109(BW),Works,Open Tender,Item Rate,Civil Works – Roads,No,No,NA ,13-Mar-2026 09:00 AM,19-Mar-2026 02:00 PM ,180.0,No ,No,Online,26-Mar-2026 03:10 PM,Public Works Roads Department,Cachar District.,788001.0,2.0,"73,23,000",A B ENTERPRISE,"7,322,347",Accepted-AOC,14-May-2026,Public Works Roads Department
2026_BTC_51184_1,No.ACE-133/PWD/G.79/2025-26/69,"Repair and Renovation of Namati Mouza High School under Grand 79 in BTC, 2025-26. TN_111_28","Repair and Renovation of Namati Mouza High School under Grand 79 in BTC, 2025-26. TN_111_28",Works,Open Tender,Item Rate,Civil Works - Building,No,No,NA ,16-Feb-2026 12:00 PM,NA ,180.0,No ,No,Online,05-Mar-2026 11:00 AM,Bodoland Territorial Council-PWD||Director Cum CHD - PWD BTC,Kokrajhar,783370.0,2.0,"49,99,773",M/s Maa Enterprise,"4,998,026.94",Rejected-Technical,25-May-2026,Bodoland Territorial Council-PWD||Director Cum CHD - PWD BTC
2026_PWBNH_50587_1,SE(B)/JHT/C/S/S-08/2025-26/828,"Improvement and Renovation of Additional Court Building,Golaghat","Improvement and Renovation of Additional Court Building,Golaghat",Works,Open Tender,Item Rate,Civil Works - Building,No,No,NA ,28-Jan-2026 03:45 PM,05-Feb-2026 11:00 AM ,180.0,No ,No,Online,18-Feb-2026 03:00 PM,Public Works Building and NH Department||Chief Engineer-Building - PWBNH,Golaghat,785621.0,2.0,"28,55,980",DEBABORT PHUKAN,"2,570,382",Accepted-AOC,07-May-2026,Public Works Building and NH Department||Chief Engineer-Building - PWBNH
2025_AEGCL_48983_1,AEGCL /MD/ CGM(UAR)/ Rupai/ Bus-Aug/ 2025/ BID,"Augmentation of 33KV Bus from existing twin ACSR panther to twin ACSR Zebra conductor at 132KV GSS, AEGCL, Rupai","Augmentation of 33KV Bus from existing twin ACSR panther to twin ACSR Zebra conductor at 132KV GSS, AEGCL, Rupai",Works,Open Tender,Works,Electrical Works,No,No,NA ,03-Dec-2025 12:00 PM,NA ,180.0,No ,No,Online,06-Jan-2026 02:00 PM,Assam Electricity Grid Corporation Ltd||CGM (T and T),132KV Rupai GSS,786153.0,2.0,"92,74,328",P & S CONSTRUCTION,"7,397,863",Rejected-Finance,14-May-2026,Assam Electricity Grid Corporation Ltd||CGM (T and T)
2026_PWD_50613_1,TB/PWD/MDTRD/610/2025-26/05_2,Recovery and reconstruction of Taptola Rowmari road under NDRF (PDNA -2022) for the year 2025-26.,Recovery and reconstruction of Taptola Rowmari road under NDRF (PDNA -2022) for the year 2025-26.,Works,Open Tender,Item Rate,Civil Works,No,No,NA ,02-Feb-2026 11:00 AM,03-Feb-2026 12:00 PM ,90.0,No ,No,Online,09-Feb-2026 04:00 PM,Public Works Roads Department,MORIGAON,782105.0,2.0,"26,67,000",AYUB ALI,"2,665,355.12",Accepted-AOC,01-May-2026,Public Works Roads Department
2025_NHM_49685_2,NHM-32017/8/2025-Const-NHM- I/1373076/2025,"Construction of New PHC at Borhat MPHC in Charaideo District under XV-FC Health Grant under NHM, Assam","Construction of New PHC at Borhat MPHC in Charaideo District under XV-FC Health Grant under NHM, Assam",Works,Open Tender,Turn-key,Civil Works - Building,No,No,NA ,27-Dec-2025 05:00 PM,NA ,225.0,No ,No,Online,20-Jan-2026 03:30 PM,National Health Mission||State Programme Management Unit - NHM,Charaideo,785689.0,2.0,"2,42,82,945",Sri Krishna Borah,"24,282,900",Rejected-AOC,05-May-2026,National Health Mission||State Programme Management Unit - NHM
2025_PWBNH_48645_9,CE/TB-III(H_E)/40/2025/13 Dated 22-10-2025,Construction of New Building of 100 Secondary Schools under RIDF-XXXI (2025-26) for Juktali HSS under Sivasagar DTBD ( Package-83),Construction of New Building of 100 Secondary Schools under RIDF-XXXI (2025-26) for Juktali HSS under Sivasagar DTBD ( Package-83),Works,Open Tender,Item Rate,Civil Works - Building,No,No,NA ,15-Nov-2025 03:00 PM,19-Nov-2025 11:30 AM ,180.0,No ,No,Online,03-Dec-2025 04:00 PM,Public Works Building and NH Department||Chief Engineer-Building - PWBNH,Sivasagar,785640.0,2.0,"4,11,23,741",Friend Enterprise,"44,700,000",Accepted-AOC,19-May-2026,Public Works Building and NH Department||Chief Engineer-Building - PWBNH
2025_WPTBC_44540_1,PTDC/Engg/2024-25/330,"Infrastructure Development at Suntola M.E. School, Jagiroad LAC, under SCSP Scheme for the financial year 2024-25","Proposal for Administrative Approval for the works of infrastructure at 40 (Forty) different LP/UP Schools of dominated area of amount of Rs. 1000.00 Lakh under DEE, Assam during the Financial Year 2024-25 ( Infrastructure Development at Suntola M.E",Works,Open Tender,Item Rate,Civil Works,No,No,NA ,26-May-2025 06:30 PM,02-Jun-2025 02:00 PM ,180.0,No ,No,Online,16-Jun-2025 02:00 PM,Welfare of Plain Tribes and Backward Classes||Director - WPT and BC,Morigaon,781125.0,2.0,"25,00,000",SRI BUBUL KONWAR,"2,500,000",Rejected-AOC,14-May-2026,Welfare of Plain Tribes and Backward Classes||Director - WPT and BC
2025_PWD_45818_5,CE/Commn/16/2025-26/04,Sivasagar/SOPD/04,Construction of 1.Balance Length of LebangChaulkora Road from Ch 1000m to Ch 1600m under SOPD-G 2.Dawki Ali to Borpatra Ali via Tinikuria from Ch. 0.00m to Ch. 650.00m under SOPD-G for the year 2025-26 in Sivasagar District (Sivasagar LAC),Works,Open Tender,Item Rate,Civil Works – Roads,No,No,NA ,21-Jul-2025 05:00 PM,28-Jul-2025 04:00 PM ,180.0,No ,No,Online,11-Aug-2025 02:30 PM,Public Works Roads Department,Sivasagar,785640.0,2.0,"1,07,70,000",RINTU BORAH,"10,769,981",Rejected-AOC,18-May-2026,Public Works Roads Department
2026_PWBNH_51257_1,SBC/CS/2025-26/10/638/Gr-II,Installation of Transparent Roof at Path Way between New Court Building at the Office of the District and Sessions Judge Cachar Silchar and District Bar Association SilcharGrII,"Civil, Sanitary and Water supply and Electrical Work and Road Work",Works,Open Tender,Item Rate,Civil Works - Building,No,No,NA ,17-Feb-2026 11:30 AM,26-Feb-2026 12:00 PM ,180.0,No ,No,Online,09-Mar-2026 04:00 PM,Public Works Building and NH Department||Chief Engineer-Building - PWBNH||SE-Silchar Circle - PWBNH,"Sadarghat ,Silchar",788001.0,2.0,"37,08,377",HIRENDRA SEKHAR CHAKRABORTY,"3,708,376",Accepted-AOC,12-Mar-2026,Public Works Building and NH Department||Chief Engineer-Building - PWBNH||SE-Silchar Circle - PWBNH
2025_PWD_48474_1,CE/DEV/TB/117/2025-26/01 Dtd- 29.10.2025,"SOPD_G_25_26_44 Improvement and Upgradation of road from Sildubi to Jhargaon via Ashigarh under SOPD-G for the year 2025-26 of Morigaon District, Jagiroad LAC(SC)","SOPD_G_25_26_44 Improvement and Upgradation of road from Sildubi to Jhargaon via Ashigarh under SOPD-G for the year 2025-26 of Morigaon District, Jagiroad LAC(SC)",Works,Open Tender,Item Rate,Civil Works – Roads,No,No,NA ,07-Nov-2025 04:00 PM,13-Nov-2025 12:00 PM ,180.0,No ,No,Online,27-Nov-2025 02:30 PM,Public Works Roads Department,Jagiroad,782410.0,2.0,"53,58,50,000",Premdhan Construction Co,"482,774,071",Accepted-AOC,26-May-2026,Public Works Roads Department
2026_BTC_51206_7,No.ACE-133/PWD/G.79/2025-26/69,"Construction of 31 No. Dhupguri MV School at Dhupguri, Baksa District under SOPD Bodoland Welfare Department, 2025-26. TN_111_17","Construction of 31 No. Dhupguri MV School at Dhupguri, Baksa District under SOPD Bodoland Welfare Department, 2025-26.",Works,Open Tender,Item Rate,Civil Works,No,No,NA ,16-Feb-2026 12:00 PM,NA ,180.0,No ,No,Online,05-Mar-2026 11:00 AM,Bodoland Territorial Council-PWD||Director Cum CHD - PWD BTC,Baksa,781315.0,2.0,"24,99,664",NAVADRONA CONSTRUCTION PVT. LTD.,"2,499,600",Rejected-AOC,16-May-2026,Bodoland Territorial Council-PWD||Director Cum CHD - PWD BTC
2025_PWD_48449_1,CE/DEV/TB/116/2025-26/53 Dtd- 01.11.2025,ASOM_MALA_3.0_25_26_51 Improvement and upgradation of Saderi-Nityananda-Geruapara road under Asom Mala-3.0 for the year 2025-26,ASOM_MALA_3.0_25_26_51 Improvement and upgradation of Saderi-Nityananda-Geruapara road under Asom Mala-3.0 for the year 2025-26,Works,Open Tender,Item Rate,Civil Works – Roads,No,No,NA ,06-Nov-2025 02:00 PM,11-Nov-2025 12:00 PM ,180.0,No ,No,Online,25-Nov-2025 02:30 PM,Public Works Roads Department,Bajali,781325.0,2.0,"64,08,21,000",ANUPAM NIRMAN PVT. LTD.,"640,820,090",Rejected-Finance,25-May-2026,Public Works Roads Department
2026_PWBNH_49883_1,CE/TB-III (H_E)/69/2024/4 dated Guwahati the 22/12/2025,"Construction of 50 bedded Critical Care Hospital Block (CCB) at Tezpur Medical College and Hospital, Tezpur, District Sonitpur, Assam","Construction of 50 bedded Critical Care Hospital Block (CCB) at Tezpur Medical College and Hospital, Tezpur, District Sonitpur, Assam",Works,Open Tender,Item Rate,Civil Works - Building,No,No,NA ,03-Jan-2026 12:00 PM,07-Jan-2026 11:30 AM ,180.0,No ,No,Online,22-Jan-2026 04:00 PM,Public Works Building and NH Department||Chief Engineer-Building - PWBNH,Tezpur,784001.0,2.0,"18,17,75,022",VERSHA TECHNOTRADE PVT LTD,"188,068,806",Rejected-Technical,19-May-2026,Public Works Building and NH Department||Chief Engineer-Building - PWBNH
2025_PWD_45408_75,CE/DEV/TB/60/2025-26/01 Dtd- 21.06.2025,MMPPNA_RIDF_XXXI_25_26_68 Construction of road from (1) Lakhipur Khalishavita Road (from Ch. 5.00 km to 18.00 km Length-5.570 Km in stretches) including construction of RCC drain and (2) Gaurnagar to Chataimari (from Ch. 5.46 km to 6.46 km) under Muk,MMPPNA_RIDF_XXXI_25_26_68 Construction of road from (1) Lakhipur Khalishavita Road (from Ch. 5.00 km to 18.00 km Length-5.570 Km in stretches) including construction of RCC drain and (2) Gaurnagar to Chataimari (from Ch. 5.46 km to 6.46 km) under Muk,Works,Open Tender,Item Rate,Civil Works – Roads,No,No,NA ,11-Jul-2025 09:00 AM,17-Jul-2025 12:00 PM ,180.0,No ,No,Online,28-Jul-2025 02:30 PM,Public Works Roads Department,Jaleswar,756032.0,2.0,"5,50,00,000",Merajul Haque,"54,999,500",Rejected-Finance,12-May-2026,Public Works Roads Department
2025_PWD_49573_48,CE/Commn/192/PDNA/2025-26/02,PDNA/ Darrang/09,"Recovery and Reconstruction of Bheruadal to Rajghat Road (Length 2.264 km) under NDRF(PDNA-2022) for the year 2025-26, Sipajhar LAC",Works,Open Tender,Item Rate,Civil Works – Roads,No,No,NA ,24-Dec-2025 12:00 PM,26-Dec-2025 04:00 PM ,180.0,No ,No,Online,05-Jan-2026 02:30 PM,Public Works Roads Department,Sipajhar,784145.0,2.0,"2,74,19,180",Rang Private Limited,"27,418,981",Accepted-AOC,05-May-2026,Public Works Roads Department
2025_GMC_48371_4,GMC/CE/2504/2025/25 Date_29/10/2025,Community Hall under Ward No.-59,Community Hall under Ward No.-59,Works,Open Tender,Lump-sum,Civil Works,No,No,NA ,01-Nov-2025 06:30 PM,04-Nov-2025 12:00 PM ,120.0,No ,No,Online,25-Nov-2025 02:30 PM,Guwahati Municipal Corporation,Guwahati,781006.0,2.0,"20,00,000",MUSTAKIM ALI AHMED,"1,580,000",Rejected-Technical,07-May-2026,Guwahati Municipal Corporation
2026_BTC_51200_1,No.ACE-133/PWD/G.79/2025-26/69,"Construction of Additional Class Room at Alongbar ME School, Jaolia, Jingabil under SOPD Bodoland Welfare Department, 2025-26. TN_111_42","Construction of Additional Class Room at Alongbar ME School, Jaolia, Jingabil under SOPD Bodoland Welfare Department, 2025-26. TN_111_42",Works,Open Tender,Item Rate,Civil Works - Building,No,No,NA ,16-Feb-2026 12:00 PM,NA ,180.0,No ,No,Online,05-Mar-2026 11:00 AM,Bodoland Territorial Council-PWD||Director Cum CHD - PWD BTC,Kokrajhar,783370.0,2.0,"17,99,626",Sansuma Daimari,"1,799,000",Rejected-AOC,25-May-2026,Bodoland Territorial Council-PWD||Director Cum CHD - PWD BTC
2026_GMC_50622_67,GER/CE/2525/2025/Part-I/ 9 Date_ 22 /01/2026,Package No. DSLT-Div-V/13,"Cleaning, Desilting and Maintenance of Drains (Package No. DSLT-Div-V/13) under Mitigation of Urban Flood in Guwahati City under Guwahati Municipal Corporation for the year 2026",Works,Open Tender,Lump-sum,Miscellaneous Works,No,No,NA ,05-Feb-2026 11:55 AM,05-Feb-2026 12:00 PM ,120.0,No ,No,Online,16-Feb-2026 02:30 PM,Guwahati Municipal Corporation,Guwahati,781006.0,2.0,"44,22,000",TIA DEVELOPERS,"3,026,859",Rejected-AOC,06-May-2026,Guwahati Municipal Corporation
2025_BoTC_49469_1,SE(R/B)/20-21/Pt-III/03/201_10,Package No.201_10,Construction of CC Block road from 66 Dhansiri Bazar Jungle Block road to Pauripota (Hajongbasti) road under CM Goodwill Mission Prject under RIDF-XXXI of NABARD for the year 2025-26.,Works,Open Tender,Item Rate,Civil Works – Roads,No,No,NA ,19-Dec-2025 01:00 PM,NA ,180.0,No ,No,Online,09-Jan-2026 01:30 PM,Bodoland Territorial Council||PWD-BTC,"Mazbat, Udalguri dist",784507.0,2.0,"99,99,797",Sri Bhaskar Kachari,"9,997,262",Rejected-AOC,05-May-2026,Bodoland Territorial Council||PWD-BTC
2026_GMC_49862_5,GER/CE/2525/2025/7 Date_30/12/2025,"Cleaning, desilting and maintenance of Bahini River from Patorkuchi to Jonali Bridge Point","Cleaning, Desilting and Maintenance of Major River Channels (as packaged) under Mitigation of Urban Flood in Guwahati City under Guwahati Municipal Corporation for the year 2026",Works,Open Tender,Lump-sum,Miscellaneous Works,No,No,NA ,02-Jan-2026 06:50 PM,05-Jan-2026 12:00 PM ,120.0,No ,No,Online,28-Jan-2026 02:30 PM,Guwahati Municipal Corporation,Guwahati,781006.0,2.0,"3,35,25,000",BISWAJIT SARMA,"30,172,500",Rejected-AOC,06-May-2026,Guwahati Municipal Corporation
2025_PWBNH_48401_14,Tech-IV(H_E)/RIDF XXXI/01/2025/30 Dated Guwahati the 22nd Oct 2025,Package-39 Construction of 100 Secondary Schools in 35 Districts of Assam under RIDF-XXXI (2025-26) for Dekargaon HS School under Sonitpur DTBD,Package-39 Construction of 100 Secondary Schools in 35 Districts of Assam under RIDF-XXXI (2025-26) for Dekargaon HS School under Sonitpur DTBD,Works,Open Tender,Item Rate,Civil Works - Building,No,No,NA ,04-Nov-2025 09:00 AM,07-Nov-2025 11:00 AM ,180.0,No ,No,Online,21-Nov-2025 04:00 PM,Public Works Building and NH Department||Chief Engineer-Building - PWBNH,Sonitpur,782120.0,2.0,"4,03,11,625",JAI MAA KAMAKHYA INFRASTRUCTURE,"40,265,000",Accepted-AOC,04-May-2026,Public Works Building and NH Department||Chief Engineer-Building - PWBNH
2026_PWD_50619_7,SSRDM/TC-65/NIT/PDNA/2025-26/2,"Reconstruction of South Salmara Patakata Road under Reconstruction and Recovery Window (Assam floods and Landslides, 2022, PDNA) for the year 2025-26. Package No. SSDTRD_PDNA_7","Reconstruction of South Salmara Patakata Road under Reconstruction and Recovery Window (Assam floods and Landslides, 2022, PDNA) for the year 2025-26. Package No. SSDTRD_PDNA_7",Works,Open Tender,Item Rate,Civil Works – Roads,No,No,NA ,29-Jan-2026 04:30 PM,NA ,180.0,No ,No,Online,19-Feb-2026 10:30 AM,Public Works Roads Department,Mankachar,783131.0,2.0,"19,99,968",MIZANUR KARIM SARKAR,"1,996,000",Rejected-AOC,26-May-2026,Public Works Roads Department
2025_GMC_47288_1,GER/CE/2505/2025/6 Dated_01/09/2025,Construction of Toilet under Ward No.11,Construction of Toilet under Ward No.11,Works,Open Tender,Lump-sum,Civil Works,No,No,NA ,04-Sep-2025 05:05 PM,08-Sep-2025 12:00 PM ,120.0,No ,No,Online,07-Oct-2025 02:30 PM,Guwahati Municipal Corporation,Guwahati,781006.0,2.0,,R P CONSTRUCTION,"1,600,000",Rejected-AOC,07-May-2026,Guwahati Municipal Corporation
2026_WPTBC_51521_1,PTDC/Engg/2026-27/499,"Construction work for place for safety under Vatsalaya Sadan at Baska, BTAD, district.","Construction work for place for safety under Vatsalaya Sadan at Baska, BTAD, district.",Works,Open Tender,Item Rate,Civil Works,No,No,NA ,25-Feb-2026 06:35 PM,26-Feb-2026 11:30 AM ,180.0,No ,No,Online,10-Mar-2026 03:00 PM,Welfare of Plain Tribes and Backward Classes||Director - WPT and BC,Baska,389350.0,2.0,"1,34,93,500",M/s Maa Construction,"13,486,326",Rejected-Technical,11-May-2026,Welfare of Plain Tribes and Backward Classes||Director - WPT and BC
2025_PWD_49268_4,TB-62/GWC/2024-25/1718 Dtd. 01-12-2025,"Construction of GWC Road from Tako Burisuti to Burisuti Chapori road to NH515 via Silikhaguri Santapara under SOPD-G for the year 2025-26, 80 No. Jonai LAC.","Construction of GWC Road from Tako Burisuti to Burisuti Chapori road to NH515 via Silikhaguri Santapara under SOPD-G for the year 2025-26, 80 No. Jonai LAC.",Works,Open Tender,Item Rate,Civil Works,No,No,NA ,12-Dec-2025 04:15 PM,NA ,180.0,No ,No,Online,19-Dec-2025 10:00 AM,Public Works Roads Department,Jonai,787060.0,2.0,"29,95,400",KHEMRAJ LAGACHU,"2,993,850.9",Accepted-AOC,02-Feb-2026,Public Works Roads Department
2025_GMC_47287_19,GER/CE/2504/2025/05 Dated_01/09/2025,Construction of Community Hall under Ward No-22,Construction of Community Hall under Ward No-22,Works,Open Tender,Lump-sum,Civil Works,No,No,NA ,06-Sep-2025 01:00 PM,08-Sep-2025 12:00 PM ,120.0,No ,No,Online,07-Oct-2025 02:30 PM,Guwahati Municipal Corporation,Guwahati,781006.0,2.0,,JITU TALUKDAR,"1,900,000",Rejected-Technical,07-May-2026,Guwahati Municipal Corporation
2026_GMC_50622_42,GER/CE/2525/2025/Part-I/ 9 Date_ 22 /01/2026,Package No. DSLT-Div-III/17,"Cleaning, Desilting and Maintenance of Drains (Package No. DSLT-Div-III/17) under Mitigation of Urban Flood in Guwahati City under Guwahati Municipal Corporation for the year 2026",Works,Open Tender,Lump-sum,Miscellaneous Works,No,No,NA ,04-Feb-2026 05:10 PM,05-Feb-2026 12:00 PM ,120.0,No ,No,Online,16-Feb-2026 02:30 PM,Guwahati Municipal Corporation,Guwahati,781006.0,2.0,"21,41,000",Siddhartha Das,"1,797,797.7",Accepted-AOC,06-May-2026,Guwahati Municipal Corporation
2025_PWBNH_48518_10,Tech-IV(H_E)/RIDF XXXI/01/2025/30 Dated Guwahati the 22nd Oct 2025,"Construction of New School Building of 100 Secondary School in 35 Districts of Assam under RDIF-XXXI (2025-26) for Koilashpur High School, Dist Tinsukia package no-45","Construction of New School Building of 100 Secondary School in 35 Districts of Assam under RDIF-XXXI (2025-26) for Koilashpur High School, Dist Tinsukia package no-45",Works,Open Tender,Item Rate,Civil Works - Building,No,No,NA ,12-Nov-2025 09:00 AM,13-Nov-2025 11:00 AM ,180.0,No ,No,Online,26-Nov-2025 04:00 PM,Public Works Building and NH Department||Chief Engineer-Building - PWBNH,Tinsukia,786125.0,2.0,"4,08,19,476",SULABH DOHUTIA,"44,166,250",Rejected-AOC,27-May-2026,Public Works Building and NH Department||Chief Engineer-Building - PWBNH
2025_BoTC_49465_1,SE(R/B)/20-21/Pt-III/03/201_7,Package No.201_7,Construction of road from No.2 Khusurabari Near Siva Mandir to Suban Hapa House under CM Goodwill Mission Prject under RIDF-XXXI of NABARD for the year 2025-26.,Works,Open Tender,Item Rate,Civil Works – Roads,No,No,NA ,19-Dec-2025 01:00 PM,NA ,180.0,No ,No,Online,09-Jan-2026 01:30 PM,Bodoland Territorial Council||PWD-BTC,"Mazbat, Udalguri dist",784507.0,2.0,"1,00,00,000",RATUL KALITA,"9,999,000",Rejected-AOC,20-May-2026,Bodoland Territorial Council||PWD-BTC
2026_ICD_51127_1,296585/721,"Utility area cleaning and maintenance at Industrial Estate, Balipara, Dist. Sonitpur, Assam","Utility area cleaning and maintenance at Industrial Estate, Balipara, Dist. Sonitpur, Assam",Works,Open Tender,Item Rate,Civil Works - Others,No,No,NA ,13-Feb-2026 05:00 PM,20-Feb-2026 02:00 PM ,120.0,No ,No,Online,27-Feb-2026 02:00 PM,Industries and Commerce Department||Assam Industrial Development Corporation Ltd - ICD,"Industrial Estate, Balipara",784105.0,2.0,"20,81,848",HARAJYOTI DAS,"1,665,477.91",Rejected-Technical,19-May-2026,Industries and Commerce Department||Assam Industrial Development Corporation Ltd - ICD
2026_GMC_50622_56,GER/CE/2525/2025/Part-I/ 9 Date_ 22 /01/2026,Package No. DSLT-Div-V/2,"Cleaning, Desilting and Maintenance of Drains (Package No. DSLT-Div-V/2) under Mitigation of Urban Flood in Guwahati City under Guwahati Municipal Corporation for the year 2026",Works,Open Tender,Lump-sum,Miscellaneous Works,No,No,NA ,04-Feb-2026 06:30 PM,05-Feb-2026 12:00 PM ,120.0,No ,No,Online,16-Feb-2026 02:30 PM,Guwahati Municipal Corporation,Guwahati,781006.0,2.0,"14,91,000",Rakib Hussain,"1,101,699.9",Rejected-AOC,06-May-2026,Guwahati Municipal Corporation
2025_PWD_45926_177,CE/DEV/TB/60/2025-26/06 Dtd- 14.07.2025,MMPPNA_RIDF_XXXI_25_26_261 Construction of (1) Road starting from GN road to Rabilal Goala house via Rono Malakar house at Telkargrant Mahadevpur GP (2) Road from Mahadevpur Bus Stand at Mahadevpur Part- I to Foiska under Mukhya Mantrir Paki Path Nir,MMPPNA_RIDF_XXXI_25_26_261 Construction of (1) Road starting from GN road to Rabilal Goala house via Rono Malakar house at Telkargrant Mahadevpur GP (2) Road from Mahadevpur Bus Stand at Mahadevpur Part- I to Foiska under Mukhya Mantrir Paki Path Nir,Works,Open Tender,Item Rate,Civil Works – Roads,No,No,NA ,02-Aug-2025 06:55 PM,04-Aug-2025 12:00 PM ,180.0,No ,No,Online,14-Aug-2025 02:30 PM,Public Works Roads Department,Katigorah,788805.0,2.0,"2,57,14,000",DEY ENTERPRISE,"25,713,000",Rejected-Finance,11-May-2026,Public Works Roads Department
2025_PWD_49573_45,CE/Commn/192/PDNA/2025-26/02,PDNA/Barpeta/06,Recovery and Reconstruction of Bamunbari Kujarpith Road under PMGSy-3 (Package no - AS-01-508) under NDRF (PDNA-2022) for the year 2025-26 of District Barpeta (25 - Pakabetbari LAC),Works,Open Tender,Item Rate,Civil Works – Roads,No,No,NA ,24-Dec-2025 09:00 AM,26-Dec-2025 04:00 PM ,180.0,No ,No,Online,05-Jan-2026 02:30 PM,Public Works Roads Department,Barpeta,781301.0,2.0,"5,50,00,000",M/S Royal Smart Construction,"54,995,000",Accepted-AOC,11-May-2026,Public Works Roads Department
2026_GMC_50622_81,GER/CE/2525/2025/Part-I/ 9 Date_ 22 /01/2026,Package No. DSLT-Div-VI/11,"Cleaning, Desilting and Maintenance of Drains (Package No. DSLT-Div-VI/11) under Mitigation of Urban Flood in Guwahati City under Guwahati Municipal Corporation for the year 2026",Works,Open Tender,Lump-sum,Miscellaneous Works,No,No,NA ,05-Feb-2026 12:30 PM,05-Feb-2026 12:30 PM ,120.0,No ,No,Online,16-Feb-2026 02:30 PM,Guwahati Municipal Corporation,Guwahati,781006.0,2.0,"37,85,000",Rahul Kalita,"3,028,000",Rejected-Technical,06-May-2026,Guwahati Municipal Corporation
2026_WPTBC_52067_1,SCDCTECHTARENOVATION4,Major Renovation at 1 No Kamalabari Junior Basic,Major Renovation at 1 No Kamalabari Junior Basic,Works,Open Tender,Item Rate,Civil Works,No,No,NA ,20-Mar-2026 09:00 AM,NA ,180.0,No ,No,Online,08-Apr-2026 02:00 PM,Welfare of Plain Tribes and Backward Classes||Directorate of Welfare of Scheduled Caste||Assam State Development Corporation for SC,"DISPUR, GHY-06",781006.0,2.0,"75,00,000",ADITYA DOLEY,"6,750,000",Accepted-AOC,27-May-2026,Welfare of Plain Tribes and Backward Classes||Directorate of Welfare of Scheduled Caste||Assam State Development Corporation for SC
2025_PCCF_48906_1,KJ(T)/CAMPA/Fencing/2025/03,Cost of full chain link fencing with 3 strand barbed wire,Cost of full chain link fencing with 3 strand barbed wire to be fitted on pre-cast RCC pillars of specific specification,Works,Open Tender,Works,Civil Works,No,No,NA ,28-Nov-2025 09:00 AM,NA ,60.0,No ,No,Online,24-Dec-2025 04:00 PM,Pr. Chief Conservator of Forest and Head of Forest Force||Chief Conservator of Forestes (T) (Lower Assam Zone)||Southern Assam Circle||Karimganj Forest (T) Division,Narenakka within Longai RF under LP Range,788726.0,2.0,,BIHUL UPADHYAY,"4,042,209.6",Accepted-AOC,25-May-2026,Pr. Chief Conservator of Forest and Head of Forest Force||Chief Conservator of Forestes (T) (Lower Assam Zone)||Southern Assam Circle||Karimganj Forest (T) Division
2026_BTC_51188_1,No.ACE-133/PWD/G.79/2025-26/69,"Construction of Phuluguri Bishnujyoti yuva Sangha office at Phuluguri under SOPD Bodoland Welfare Department, 2025-26. TN_111_30","Construction of Phuluguri Bishnujyoti yuva Sangha office at Phuluguri under SOPD Bodoland Welfare Department, 2025-26. TN_111_30",Works,Open Tender,Item Rate,Civil Works - Building,No,No,NA ,16-Feb-2026 12:00 PM,NA ,180.0,No ,No,Online,05-Mar-2026 11:00 AM,Bodoland Territorial Council-PWD||Director Cum CHD - PWD BTC,Kokrajhar,783370.0,2.0,"9,25,358",ABONG BRAHMA,"924,500",Accepted-AOC,25-May-2026,Bodoland Territorial Council-PWD||Director Cum CHD - PWD BTC
2025_PWD_46191_49,CE/DEV/TB/122/2025-26/1 Dtd- 01.08.2025,BTR_RIDF_XXXI_25_26_36 (1) Construction of road from Mokrambil Kochua Chariali road to Mokrambil Sub-Centre road from CH. 0.00 Km to CH. 1.00 Km (Length-1 Km) (2) Improvement of road from Tulsibil to Bhumka road (3) Construction of Tulsibil Model Hos,BTR_RIDF_XXXI_25_26_36 (1) Construction of road from Mokrambil Kochua Chariali road to Mokrambil Sub-Centre road from CH. 0.00 Km to CH. 1.00 Km (Length-1 Km) (2) Improvement of road from Tulsibil to Bhumka road (3) Construction of Tulsibil Model Hos,Works,Open Tender,Item Rate,Civil Works – Roads,No,No,NA ,07-Aug-2025 03:00 PM,11-Aug-2025 12:00 PM ,180.0,No ,No,Online,14-Aug-2025 02:30 PM,Public Works Roads Department,Parbotjhora,735228.0,2.0,"2,65,00,000",MD. AMANUR ALI,"26,494,916",Rejected-Finance,14-May-2026,Public Works Roads Department
2025_BTC_49357_1,No.ACE-22/PWD/NIT/GW/25-26/19,Construction of Road from Gyanipur to Mohendrapur Village under Mohendrapur Saralpara VCDC under CMs Goodwill Mission Project under RIDF-XXXI of NABARD for the year 2025. TN_67KOK_RIDF-XXXI-47,Construction of Road from Gyanipur to Mohendrapur Village under Mohendrapur Saralpara VCDC under CMs Goodwill Mission Project under RIDF-XXXI of NABARD for the year 2025. TN_67KOK_RIDF-XXXI-47,Works,Open Tender,Item Rate,Civil Works – Roads,No,No,NA ,15-Dec-2025 12:00 PM,NA ,180.0,No ,No,Online,07-Jan-2026 11:00 AM,Bodoland Territorial Council-PWD||Director Cum CHD - PWD BTC,Kokrajhar,783370.0,2.0,"99,99,997",BISTI MUSHAHARY,"9,999,604.45",Accepted-AOC,27-May-2026,Bodoland Territorial Council-PWD||Director Cum CHD - PWD BTC
2025_PWBNH_48645_32,CE/TB-III(H_E)/40/2025/13 Dated 22-10-2025,Construction of New Building of 100 Secondary Schools under RIDF-XXXI (2025-26) for Longnit High School under Karbi Anglong DTBD ( Package-77),Construction of New Building of 100 Secondary Schools under RIDF-XXXI (2025-26) for Longnit High School under Karbi Anglong DTBD ( Package-77),Works,Open Tender,Item Rate,Civil Works - Building,No,No,NA ,29-Nov-2025 09:00 AM,04-Dec-2025 11:30 AM ,180.0,No ,No,Online,18-Dec-2025 04:00 PM,Public Works Building and NH Department||Chief Engineer-Building - PWBNH,Karbi Anglong,782460.0,2.0,"4,12,18,180",Sri Peheisang Raimme,"39,104,975",Rejected-AOC,25-May-2026,Public Works Building and NH Department||Chief Engineer-Building - PWBNH
2025_PWBNH_48645_26,CE/TB-III(H_E)/40/2025/13 Dated 22-10-2025,"Construction of New Building of 100 Secondary Schools under RIDF-XXXI (2025-26) For Dhupanpur Tribal H.S. School, under Sribhumi DTBD ( Package-86)","Construction of New Building of 100 Secondary Schools under RIDF-XXXI (2025-26) For Dhupanpur Tribal H.S. School, under Sribhumi DTBD ( Package-86)",Works,Open Tender,Item Rate,Civil Works - Building,No,No,NA ,24-Nov-2025 04:00 PM,27-Nov-2025 11:30 AM ,180.0,No ,No,Online,10-Dec-2025 04:00 PM,Public Works Building and NH Department||Chief Engineer-Building - PWBNH,Sribhumi,788710.0,2.0,"3,98,37,952",M/s S T Enterprise,"41,811,650",Accepted-AOC,19-May-2026,Public Works Building and NH Department||Chief Engineer-Building - PWBNH
2025_BTC_49248_2,ACE-22/PWD/NIT/GOODWILL/25-26,Construction of ICBP Road from Prasanta Boro House to Dolkona Khagara under CMs Goodwill Mission Project under RIDF-XXXI in Udalguri District for the year 2025-26. (Package No. TN_68_UDL_RIDF-XXXI_02),Construction of ICBP Road from Prasanta Boro House to Dolkona Khagara under CMs Goodwill Mission Project under RIDF-XXXI in Udalguri District for the year 2025-26.,Works,Open Tender,Item Rate,Civil Works – Roads,No,No,NA ,12-Dec-2025 10:00 AM,26-Dec-2025 12:00 PM ,180.0,No ,No,Online,03-Jan-2026 11:00 AM,Bodoland Territorial Council-PWD||Director Cum CHD - PWD BTC,Udalguri,784509.0,2.0,"2,49,99,375",MADAN DEBNATH,"24,999,270",Rejected-AOC,02-May-2026,Bodoland Territorial Council-PWD||Director Cum CHD - PWD BTC
2025_PWBNH_48645_27,CE/TB-III(H_E)/40/2025/13 Dated 22-10-2025,"Construction of New Building of 100 Secondary Schools under RIDF-XXXI (2025-26) for Moderkhat SRC High School under Dibrugarh, Chabua Lahowal, Khowang and Ting DTBD (Package-58)","Construction of New Building of 100 Secondary Schools under RIDF-XXXI (2025-26) for Moderkhat SRC High School under Dibrugarh, Chabua Lahowal, Khowang and Ting DTBD (Package-58)",Works,Open Tender,Item Rate,Civil Works - Building,No,No,NA ,28-Nov-2025 04:00 PM,04-Dec-2025 11:30 AM ,180.0,No ,No,Online,18-Dec-2025 04:00 PM,Public Works Building and NH Department||Chief Engineer-Building - PWBNH,Dibrugarh,786001.0,2.0,"3,95,60,060",DONY GOHAIN,"44,100,000",Accepted-AOC,22-May-2026,Public Works Building and NH Department||Chief Engineer-Building - PWBNH
2026_DoWR_50174_1,SIVASAGAR/2025-26/PDNA/WORK/VI,Restoration of damaged section of Mitong bund left bank from Khorkhorijan to Bhadiaghat.,Restoration of damaged section of Mitong bund left bank from Khorkhorijan to Bhadiaghat.,Works,Open Tender,Works,Civil Works,No,No,NA ,12-Jan-2026 09:00 AM,NA ,180.0,No ,No,Online,22-Jan-2026 03:00 PM,Department of Water Resources||Chief Engineer - DoWR,SIVASAGAR,785640.0,2.0,"91,08,582",MRIDU PABAN NEOG,"9,017,496.17",Accepted-AOC,16-May-2026,Department of Water Resources||Chief Engineer - DoWR
2026_GMC_50622_9,GER/CE/2525/2025/Part-I/ 9 Date_ 22 /01/2026,Package No. DSLT-Div-I/9,"Cleaning, Desilting and Maintenance of Drains (Package No. DSLT-Div-I/9) under Mitigation of Urban Flood in Guwahati City under Guwahati Municipal Corporation for the year 2026",Works,Open Tender,Lump-sum,Miscellaneous Works,No,No,NA ,02-Feb-2026 06:50 PM,05-Feb-2026 12:00 PM ,120.0,No ,No,Online,16-Feb-2026 02:30 PM,Guwahati Municipal Corporation,Guwahati,781006.0,2.0,"25,28,000",PURNA CHETRY,"1,719,040",Rejected-AOC,06-May-2026,Guwahati Municipal Corporation
2026_BTC_52083_1,No.27/KOJ/NIT/II/2023-24/168,"Construction of RCC (G-2) Office Building at Udalguri New Created PWD (BNH) Udalguri and Baksa District Territorial Building Division, Udalguri (2nd Phase) under SOPD-G, BTC for the FY 2026-27. (Package No. TN_135_01).","Construction of RCC (G-2) Office Building at Udalguri New Created PWD (BNH) Udalguri and Baksa District Territorial Building Division, Udalguri (2nd Phase) under SOPD-G, BTC for the FY 2026-27. (Package No. TN_135_01).",Works,Open Tender,Item Rate,Civil Works - Building,No,No,NA ,16-Mar-2026 10:00 AM,NA ,180.0,No ,No,Online,06-Apr-2026 02:00 PM,Bodoland Territorial Council-PWD||Director Cum CHD - PWD BTC,Kokrajhar,783370.0,2.0,"6,44,56,542",MANAS DAS,"64,456,300",Accepted-AOC,13-May-2026,Bodoland Territorial Council-PWD||Director Cum CHD - PWD BTC
2026_BTC_51009_1,No.ACE-133/PWD/G.79/2025-26/67,Construction of School Building at Nalbari ME School (Udise- 18240403903) at Nalbari under 23 Dihira Constituency in Baksa District under Grant No-79. TN_107_30,Construction of School Building at Nalbari ME School (Udise- 18240403903) at Nalbari under 23 Dihira Constituency in Baksa District under Grant No-79. TN_107_30,Works,Open Tender,Item Rate,Civil Works - Building,No,No,NA ,10-Feb-2026 02:00 PM,NA ,180.0,No ,No,Online,23-Feb-2026 02:00 PM,Bodoland Territorial Council-PWD||Director Cum CHD - PWD BTC,Kokrajhar,783370.0,2.0,"59,99,994",LAIJOU INFRA ENGINEERING PRIVATE LIMITED,"5,999,000",Rejected-AOC,28-May-2026,Bodoland Territorial Council-PWD||Director Cum CHD - PWD BTC
2025_BTC_49293_1,No.ACE-22/PWD/NIT/GW/25-26/19,Improvement of road from Metalling and Black Topping Road at Banargaon-Fakiragram Road from Ch.1.00 Km to Ch.3.40 Km Length 2.40 KM under CMs Goodwill Mission Project for the year 2025-26 of District Kokrajhar. TN_67KOK_RIDF-XXXI-09,Improvement of road from Metalling and Black Topping Road at Banargaon-Fakiragram Road from Ch.1.00 Km to Ch.3.40 Km Length 2.40 KM under CMs Goodwill Mission Project for the year 2025-26 of District Kokrajhar. TN_67KOK_RIDF-XXXI-09,Works,Open Tender,Item Rate,Civil Works – Roads,No,No,NA ,15-Dec-2025 12:00 PM,NA ,180.0,No ,No,Online,07-Jan-2026 11:00 AM,Bodoland Territorial Council-PWD||Director Cum CHD - PWD BTC,Kokrajhar,783370.0,2.0,"1,00,00,000",DHANANJAY BASUMATARY,"9,999,980",Accepted-AOC,12-May-2026,Bodoland Territorial Council-PWD||Director Cum CHD - PWD BTC
2025_PWBNH_48600_5,Tech-IV(H_E)/RIDF XXXI/01/2025/30 Dated Guwahati the 22nd Oct 2025,Construction of 100 Secondary Schools in 35 Districts of Assam under RIDF-XXXI (2025-26) for G N B M High School under Barpeta DTBD package 2,Construction of 100 Secondary Schools in 35 Districts of Assam under RIDF-XXXI (2025-26) for G N B M High School under Barpeta DTBD package 2,Works,Open Tender,Item Rate,Civil Works - Building,No,No,NA ,14-Nov-2025 05:00 PM,17-Nov-2025 11:30 AM ,180.0,No ,No,Online,03-Dec-2025 04:00 PM,Public Works Building and NH Department||Chief Engineer-Building - PWBNH,Nalbari,781334.0,2.0,"3,98,37,952",VERSHA TECHNOTRADE PVT LTD,"43,120,672",Rejected-AOC,15-May-2026,Public Works Building and NH Department||Chief Engineer-Building - PWBNH
2025_PWBNH_48645_5,CE/TB-III(H_E)/40/2025/13 Dated 22-10-2025,Construction of New Building of 100 Secondary Schools under RIDF-XXXI (2025-26) for for Marangi Dinanath HSS under Khumtai and Sarupathar TBD ( Package-66),Construction of New Building of 100 Secondary Schools under RIDF-XXXI (2025-26) for for Marangi Dinanath HSS under Khumtai and Sarupathar TBD ( Package-66),Works,Open Tender,Item Rate,Civil Works - Building,No,No,NA ,15-Nov-2025 03:00 PM,19-Nov-2025 11:30 AM ,180.0,No ,No,Online,03-Dec-2025 04:00 PM,Public Works Building and NH Department||Chief Engineer-Building - PWBNH,Sarupathar,785601.0,2.0,"4,12,18,190",GIRIN CHUTIA,"41,218,180",Rejected-AOC,25-May-2026,Public Works Building and NH Department||Chief Engineer-Building - PWBNH
2026_BTC_50912_1,No.ACE-133/PWD/G.79/2025-26/65,"Renovation- Re-Construction of Khoraghat Namapara ME School under Jalabila VCDC, Parbatjhora, Kokrajhar. TN_107_05","Renovation- Re-Construction of Khoraghat Namapara ME School under Jalabila VCDC, Parbatjhora, Kokrajhar. TN_107_05",Works,Open Tender,Item Rate,Civil Works - Building,No,No,NA ,07-Feb-2026 12:00 PM,NA ,180.0,No ,No,Online,21-Feb-2026 02:00 PM,Bodoland Territorial Council-PWD||Director Cum CHD - PWD BTC,Kokrajhar,783370.0,2.0,"59,99,766",MAHADEV BRAHMA,"5,998,068.13",Rejected-AOC,21-May-2026,Bodoland Territorial Council-PWD||Director Cum CHD - PWD BTC
2026_BTC_51957_1,No.ACE-22/PWD/NIT/GOODWILL,"Construction of C.C Block road at Bartolowa (Length 1.20 Km) of Chirang District, BTC, Assam under CMs Goodwill Mission Project under RIDF-XXXI of NABARD for the year 2025-26. TN_71_CHR_RIDF-XXXI_14_(R-1)","Construction of C.C Block road at Bartolowa (Length 1.20 Km) of Chirang District, BTC, Assam under CMs Goodwill Mission Project under RIDF-XXXI of NABARD for the year 2025-26. TN_71_CHR_RIDF-XXXI_14_(R-1)",Works,Open Tender,Item Rate,Civil Works – Roads,No,No,NA ,13-Mar-2026 03:00 PM,NA ,180.0,No ,No,Online,02-Apr-2026 02:00 PM,Bodoland Territorial Council-PWD||Director Cum CHD - PWD BTC,Chirang,783390.0,2.0,"99,99,102",NABIBAR ISLAM,"9,998,000",Accepted-AOC,21-May-2026,Bodoland Territorial Council-PWD||Director Cum CHD - PWD BTC
2026_PWBNH_50592_1,SE(B)/JHT/C/S/S-09/2025-26/828,"Improvement and Renovation of two office rooms and waiting room for use of Honourable Guardian Minister and Guardian Commissioner Secy of Golaghat District at Decentralized office building, Golaghat.","Improvement and Renovation of two office rooms and waiting room for use of Honourable Guardian Minister and Guardian Commissioner Secy. of Golaghat District at Decentralized office building, Golaghat.",Works,Open Tender,Item Rate,Civil Works - Building,No,No,NA ,28-Jan-2026 03:45 PM,05-Feb-2026 11:00 AM ,180.0,No ,No,Online,18-Feb-2026 03:00 PM,Public Works Building and NH Department||Chief Engineer-Building - PWBNH,Golaghat,785621.0,2.0,"24,79,670",DEBABORT PHUKAN,"2,231,703",Accepted-AOC,07-May-2026,Public Works Building and NH Department||Chief Engineer-Building - PWBNH
2026_GMC_50622_80,GER/CE/2525/2025/Part-I/ 9 Date_ 22 /01/2026,Package No. DSLT-Div-VI/10,"Cleaning, Desilting and Maintenance of Drains (Package No. DSLT-Div-VI/10) under Mitigation of Urban Flood in Guwahati City under Guwahati Municipal Corporation for the year 2026",Works,Open Tender,Lump-sum,Miscellaneous Works,No,No,NA ,05-Feb-2026 12:30 PM,05-Feb-2026 12:30 PM ,120.0,No ,No,Online,16-Feb-2026 02:30 PM,Guwahati Municipal Corporation,Guwahati,781006.0,2.0,"14,54,000",Rahul Kalita,"1,226,885.2",Rejected-AOC,06-May-2026,Guwahati Municipal Corporation
2025_HFWD_45036_1,AHIDMS/Equipment/USG/2025/03,Supply Installation and Commissioning Of Ultrasound System,"Supply Installation and Commissioning Of Ultrasound System for GMCH, LMCH, DMCH, JMCH, FAAMCH and TMCH",Goods,Open Tender,Supply,Laboratory and scientific equipment,Yes,No,NA ,21-Jun-2025 01:00 PM,30-Jun-2025 12:00 PM ,180.0,No ,No,Online,06-Oct-2025 05:00 PM,Health and Family Welfare Department||Directorate of Medical Education-HFWD,As per bid document,781022.0,2.0,,Esaote Asia Pacific Diagnostic Pvt.Ltd.,"77,267,771.56",Accepted-AOC,22-May-2026,Health and Family Welfare Department||Directorate of Medical Education-HFWD
2026_BoTC_50229_1,TECH-28/SE(RB)/2019-20/05,Recovery And Reconstruction of Dihira MV School To Tarabari Road Under NDRF (PDNA-2022) for The Year 2025-26. TN-386-1.,Recovery And Reconstruction of Dihira MV School To Tarabari Road Under NDRF (PDNA-2022) for The Year 2025-26. TN-386-1.,Works,Open Tender,Works,Civil Works – Roads,No,No,NA ,13-Jan-2026 06:00 PM,NA ,180.0,No ,No,Online,03-Feb-2026 02:00 PM,Bodoland Territorial Council||PWD-BTC,Baksa,781346.0,2.0,"7,99,863",Karan Boro,"798,594",Rejected-Finance,07-May-2026,Bodoland Territorial Council||PWD-BTC
2024_WPTBC_37068_1,SCDCTECHTAIAHOMSHASHAN,Construction of Public Smashan at Gohain Gaon area Hahchara Sivasagar,Construction of Public Smashan at Gohain Gaon area Hahchara Sivasagar,Works,Limited,Item Rate,Civil Works,No,No,NA ,09-Mar-2024 09:00 AM,NA ,180.0,No ,No,Online,12-Mar-2024 04:00 PM,Welfare of Plain Tribes and Backward Classes||Directorate of Welfare of Scheduled Caste||Assam State Development Corporation for SC,"Dispur,Ghy",781006.0,2.0,"35,00,000",PRANJAL GOGOI,"3,500,000",Rejected-AOC,16-May-2026,Welfare of Plain Tribes and Backward Classes||Directorate of Welfare of Scheduled Caste||Assam State Development Corporation for SC
2025_GMC_47287_24,GER/CE/2504/2025/05 Dated_01/09/2025,Construction of Community Hall under Ward No-10,Construction of Community Hall under Ward No-10,Works,Open Tender,Lump-sum,Civil Works,No,No,NA ,06-Sep-2025 05:30 PM,08-Sep-2025 12:00 PM ,120.0,No ,No,Online,07-Oct-2025 02:30 PM,Guwahati Municipal Corporation,Guwahati,781006.0,2.0,,HRISHIKESH TALUKDAR,"1,958,000",Accepted-AOC,07-May-2026,Guwahati Municipal Corporation
2026_GMC_50622_57,GER/CE/2525/2025/Part-I/ 9 Date_ 22 /01/2026,Package No. DSLT-Div-V/3,"Cleaning, Desilting and Maintenance of Drains (Package No. DSLT-Div-V/3) under Mitigation of Urban Flood in Guwahati City under Guwahati Municipal Corporation for the year 2026",Works,Open Tender,Lump-sum,Miscellaneous Works,No,No,NA ,04-Feb-2026 06:30 PM,05-Feb-2026 12:00 PM ,120.0,No ,No,Online,16-Feb-2026 02:30 PM,Guwahati Municipal Corporation,Guwahati,781006.0,2.0,"20,39,000",M/S BHARATI ASSOCIATES,"1,464,205.9",Rejected-Technical,06-May-2026,Guwahati Municipal Corporation
2026_GMC_50622_43,GER/CE/2525/2025/Part-I/ 9 Date_ 22 /01/2026,Package No. DSLT-Div-III/18,"Cleaning, Desilting and Maintenance of Drains (Package No. DSLT-Div-III/18) under Mitigation of Urban Flood in Guwahati City under Guwahati Municipal Corporation for the year 2026",Works,Open Tender,Lump-sum,Miscellaneous Works,No,No,NA ,04-Feb-2026 05:15 PM,05-Feb-2026 12:00 PM ,120.0,No ,No,Online,16-Feb-2026 02:30 PM,Guwahati Municipal Corporation,Guwahati,781006.0,2.0,"31,72,000",M/S TRIKUTA ENTERPRISE,"2,394,860",Rejected-Technical,06-May-2026,Guwahati Municipal Corporation
2025_GMC_47287_18,GER/CE/2504/2025/05 Dated_01/09/2025,Construction of Community Hall under Ward No-60,Construction of Community Hall under Ward No-60,Works,Open Tender,Lump-sum,Civil Works,No,No,NA ,06-Sep-2025 01:00 PM,08-Sep-2025 12:00 PM ,120.0,No ,No,Online,07-Oct-2025 02:30 PM,Guwahati Municipal Corporation,Guwahati,781006.0,2.0,,Siddhartha Das,"1,679,400",Rejected-Technical,07-May-2026,Guwahati Municipal Corporation
2025_PWD_45408_86,CE/DEV/TB/60/2025-26/01 Dtd- 21.06.2025,MMPPNA_RIDF_XXXI_25_26_98 Construction of (1) Kameipara Talipara Connected Road (2) road from C.M Dutta Bundh road to Adhikari connecting Noanadi Embankment (3) road from Deaonagaon to Outola Road (4) Bidyanagar Path Road near Skill University under,MMPPNA_RIDF_XXXI_25_26_98 Construction of (1) Kameipara Talipara Connected Road (2) road from C.M Dutta Bundh road to Adhikari connecting Noanadi Embankment (3) road from Deaonagaon to Outola Road (4) Bidyanagar Path Road near Skill University under,Works,Open Tender,Item Rate,Civil Works – Roads,No,No,NA ,11-Jul-2025 04:00 PM,17-Jul-2025 12:00 PM ,180.0,No ,No,Online,28-Jul-2025 02:30 PM,Public Works Roads Department,Mangaldai,784125.0,2.0,"3,87,79,000",KULEN HAZARIKA,"38,775,268",Accepted-AOC,06-May-2026,Public Works Roads Department
2025_PWD_46081_5,T/CC/ETN/SIL/2025-26/368(T),"Construction of road from Chotomamda PWD road near PHE plant to Natunbasti (Ch. 0.00m to Ch. 800.00m) under Mukhya Mantrir Pakipath Nirman Achani (MMPPNA) under SOPD-G for the year 2025-26 under Lakhipur Civil Sub Division TR Division, Lakhipur LAC","Con of rd from Chotomamda PWD rd near PHE plant to Natunbasti (Ch. 0.00m to Ch. 800.00m) under Mukhya Mantrir Pakipath Nirman Achani (MMPPNA) under SOPD-G for the yr 25-26 under Lakhipur Civil Sub Div TR Div, Lakhipur LAC,P/No.SE/LAK/MMPPNA/25-26/5",Works,Open Tender,Item Rate,Civil Works – Roads,No,No,NA ,05-Aug-2025 09:00 AM,12-Aug-2025 02:00 PM ,180.0,No ,No,Online,20-Aug-2025 03:10 PM,Public Works Roads Department,Cachar District.,788126.0,2.0,"87,18,000",SRI RAJAT GHOSH,"8,718,000",Rejected-AOC,23-May-2026,Public Works Roads Department
2026_BTC_51034_17,ACE-25/PWD/IFB/BTC/2025-26/70,Construction of CC Block road from NH-15 to No. 2 Sonajuli at Gelabil under SOPD-BTC for the year 2025-26. (TN_118_17),Construction of CC Block road from NH-15 to No. 2 Sonajuli at Gelabil under SOPD-BTC for the year 2025-26.,Works,Open Tender,Item Rate,Civil Works,No,No,NA ,11-Feb-2026 10:00 AM,18-Feb-2026 12:00 PM ,180.0,No ,No,Online,02-Mar-2026 03:00 PM,Bodoland Territorial Council-PWD||Director Cum CHD - PWD BTC,Udalguri,784509.0,2.0,"97,93,000",BICHITRA BASUMATARY,"9,792,500",Rejected-AOC,05-May-2026,Bodoland Territorial Council-PWD||Director Cum CHD - PWD BTC
2026_BoTC_51718_1,TECH_36/SEB/IFB/2024_25/117,"Construction of Sri Sri Ram Janaki Mandir at Kalaigaon, Udalguri TN_29_R","Construction of Sri Sri Ram Janaki Mandir at Kalaigaon, Udalguri TN_29_R",Works,Open Tender,Works,Civil Works - Building,No,No,NA ,06-Mar-2026 03:00 PM,NA ,180.0,No ,No,Online,16-Mar-2026 02:00 PM,Bodoland Territorial Council||PWD-BTC,Udalguri,784509.0,2.0,"49,99,719",TAZ ENTERPRISE,"4,998,383",Rejected-Finance,25-May-2026,Bodoland Territorial Council||PWD-BTC
2025_SEEDE_48415_1,GS02/ASU/TEC/064/2025-26,Equipment for Augmented Reality/Virtual Reality,Equipment for Augmented Reality/Virtual Reality,Goods,Open Tender,Item Rate,Laboratory and scientific equipment,No,No,NA ,06-Nov-2025 10:00 AM,13-Nov-2025 02:30 PM ,150.0,No ,No,Online,06-Dec-2025 03:00 PM,Skill Employment and Entrepreneurship Department- Externally Aided Project||Assam Skill University Project- ADB Funded Tenders,"ASU Campus, Mangaldoi",784125.0,1.0,,ELEKTRO LABS,"11,678,460",Rejected-Finance,12-May-2026,Skill Employment and Entrepreneurship Department- Externally Aided Project||Assam Skill University Project- ADB Funded Tenders
2026_BTC_50188_12,ACE-25/PWD/IFB/BTC/2025-26/64,"Construction of New Building of 100 Secondary Schools in 35 Districts of Assam under RIDF-XXXI (2025-26) at Mazbat Higher Secondary School, Udalguri under Udalguri and Baksa DTBD. (Package-92)","Construction of New Building of 100 Secondary Schools in 35 Districts of Assam under RIDF-XXXI (2025-26) at Mazbat Higher Secondary School, Udalguri under Udalguri and Baksa DTBD.",Works,Open Tender,Works,Civil Works,No,No,NA ,13-Jan-2026 10:00 AM,24-Jan-2026 12:00 PM ,180.0,No ,No,Online,02-Feb-2026 03:00 PM,Bodoland Territorial Council-PWD||Director Cum CHD - PWD BTC,Udalguri,784509.0,2.0,"3,98,38,000",MR DIPAK SARMA,"39,830,000",Rejected-AOC,04-May-2026,Bodoland Territorial Council-PWD||Director Cum CHD - PWD BTC
2025_PWRDW_45557_2,CE/EAP/ARRBP01TENDERS2024/66B,Construction of Bridge in Sonitpur district i) Br. No. 1/1 on Naharbari (At Kalia Gohai Satra) to Amtol Bhergaon,Pkg. No. CE/EAP/ARRBP/OCB/Bridge-1/Sonitpur/10 Construction of Bridge in Sonitpur district i) Br. No. 1/1 on Naharbari (At Kalia Gohai Satra) to Amtol Bhergaon,Works,Open Tender,Item Rate,Civil Works - Bridges,No,No,NA ,14-Jul-2025 05:00 PM,21-Jul-2025 11:00 AM ,180.0,No ,No,Online,14-Aug-2025 02:30 PM,Public Works Roads Department-Externally Aided Project||Public Works Road Department- World Bank Funded Tenders||Assam State Bridge Infrastructure Program,Sonitpur,782123.0,2.0,"1,17,13,000",Mousum Bora,"12,295,870",Rejected-Finance,22-May-2026,Public Works Roads Department-Externally Aided Project||Public Works Road Department- World Bank Funded Tenders||Assam State Bridge Infrastructure Program
2026_PWD_50619_6,SSRDM/TC-65/NIT/PDNA/2025-26/2,"Reconstruction and Recovery of Road from IBB Road to Puran Sukchar via Manik Sarkar High School, under NDRF(PDNA-2022) for the year 2025-26. Package No. SSDTRD_PDNA_6","Reconstruction and Recovery of Road from IBB Road to Puran Sukchar via Manik Sarkar High School, under NDRF(PDNA-2022) for the year 2025-26. Package No. SSDTRD_PDNA_6",Works,Open Tender,Item Rate,Civil Works – Roads,No,No,NA ,29-Jan-2026 04:30 PM,NA ,180.0,No ,No,Online,19-Feb-2026 10:30 AM,Public Works Roads Department,Mankachar,783131.0,2.0,"24,99,973",MR SHOBHAN KUMAR SAHA,"1,999,978.4",Not Admitted-Fee/PreQual/Technical,23-May-2026,Public Works Roads Department
2026_PWBNH_52136_1,BDTBD/25-26/FC/GW/20/1831-A,"Construction of guard wall with stone masonry retaining wall at outer side of the building, inside painting of the building and repairing a few parts of boundary drain and pavers block at Family Court, Barpeta","Construction of guard wall with stone masonry retaining wall at outer side of the building, inside painting of the building and repairing a few parts of boundary drain and pavers block at Family Court, Barpeta",Works,Open Tender,Item Rate,Civil Works - Building,No,No,NA ,18-Mar-2026 04:50 PM,NA ,180.0,No ,No,Online,31-Mar-2026 03:30 PM,Public Works Building and NH Department||Chief Engineer-Building - PWBNH,Barpeta Town,783101.0,2.0,"23,77,418",M/S S.K. Enterprise,"2,448,740",Rejected-Finance,18-May-2026,Public Works Building and NH Department||Chief Engineer-Building - PWBNH
2026_BTC_50188_10,ACE-25/PWD/IFB/BTC/2025-26/64,"Construction of New Building of 100 Secondary Schools in 35 Districts of Assam under RIDF-XXXI (2025-26) at Chaibari Bidyapith High School, Udalguri under Udalguri and Baksa DTBD, (Package-90)","Construction of New Building of 100 Secondary Schools in 35 Districts of Assam under RIDF-XXXI (2025-26) at Chaibari Bidyapith High School, Udalguri under Udalguri and Baksa DTBD.",Works,Open Tender,Works,Civil Works,No,No,NA ,13-Jan-2026 10:00 AM,24-Jan-2026 12:00 PM ,180.0,No ,No,Online,02-Feb-2026 03:00 PM,Bodoland Territorial Council-PWD||Director Cum CHD - PWD BTC,Udalguri,784509.0,2.0,"3,98,38,000",MR DIPAK SARMA,"39,830,000",Rejected-AOC,07-May-2026,Bodoland Territorial Council-PWD||Director Cum CHD - PWD BTC
2026_BoTC_51506_1,SE(RB)/20-21/Pt-III/52/203_3,Package No.203_1,Recovery and Re-construction of Naoherua to Thakuriapara Road under NDRF(PDNA-2022) for the year 2025-26.,Works,Open Tender,Item Rate,Civil Works – Roads,No,No,NA ,25-Feb-2026 05:00 PM,NA ,180.0,No ,No,Online,04-Mar-2026 01:30 PM,Bodoland Territorial Council||PWD-BTC,"Mazbat, Udalguri dist",784507.0,2.0,"31,56,967",SRD ENTERPRISE,"2,841,270",Rejected-AOC,13-May-2026,Bodoland Territorial Council||PWD-BTC
2026_BTC_50995_1,No.ACE-133/PWD/G.79/2025-26/67,"Repairing and renovation of Dakhin Mazbat M.E. School, Udalguri, BTC, Assam under WBD department in BTC area for the year 2025-26. TN_107_23","Repairing and renovation of Dakhin Mazbat M.E. School, Udalguri, BTC, Assam under WBD department in BTC area for the year 2025-26. TN_107_23",Works,Open Tender,Item Rate,Civil Works - Building,No,No,NA ,10-Feb-2026 02:00 PM,NA ,180.0,No ,No,Online,23-Feb-2026 02:00 PM,Bodoland Territorial Council-PWD||Director Cum CHD - PWD BTC,Kokrajhar,783370.0,2.0,"59,99,882",MEERA DAIMARI,"5,999,000",Accepted-AOC,28-May-2026,Bodoland Territorial Council-PWD||Director Cum CHD - PWD BTC
2026_GMC_50622_69,GER/CE/2525/2025/Part-I/ 9 Date_ 22 /01/2026,Package No. DSLT-Div-V/15,"Cleaning, Desilting and Maintenance of Drains (Package No. DSLT-Div-V/15) under Mitigation of Urban Flood in Guwahati City under Guwahati Municipal Corporation for the year 2026",Works,Open Tender,Lump-sum,Miscellaneous Works,No,No,NA ,05-Feb-2026 11:55 AM,05-Feb-2026 12:00 PM ,120.0,No ,No,Online,16-Feb-2026 02:30 PM,Guwahati Municipal Corporation,Guwahati,781006.0,2.0,"36,34,000",Siddhartha Das,"2,615,752.2",Accepted-AOC,11-May-2026,Guwahati Municipal Corporation
2026_BTC_51034_15,ACE-25/PWD/IFB/BTC/2025-26/70,Construction of CC Block road from NH 15 To Tenglari village Under SOPD-BTC for the year 2025-26. (TN_118_15),Construction of CC Block road from NH 15 To Tenglari village Under SOPD-BTC for the year 2025-26.,Works,Open Tender,Item Rate,Civil Works,No,No,NA ,11-Feb-2026 10:00 AM,18-Feb-2026 12:00 PM ,180.0,No ,No,Online,02-Mar-2026 03:00 PM,Bodoland Territorial Council-PWD||Director Cum CHD - PWD BTC,Udalguri,784509.0,2.0,"87,90,999",PRIYALATA DAIMARI,"8,790,800",Rejected-AOC,18-May-2026,Bodoland Territorial Council-PWD||Director Cum CHD - PWD BTC
2026_GMC_50622_55,GER/CE/2525/2025/Part-I/ 9 Date_ 22 /01/2026,Package No. DSLT-Div-V/1,"Cleaning, Desilting and Maintenance of Drains (Package No. DSLT-Div-V/1) under Mitigation of Urban Flood in Guwahati City under Guwahati Municipal Corporation for the year 2026",Works,Open Tender,Lump-sum,Miscellaneous Works,No,No,NA ,04-Feb-2026 06:30 PM,05-Feb-2026 12:00 PM ,120.0,No ,No,Online,16-Feb-2026 02:30 PM,Guwahati Municipal Corporation,Guwahati,781006.0,2.0,"30,17,000",Partha Thakuria,"2,027,725.7",Rejected-Technical,07-May-2026,Guwahati Municipal Corporation
2025_PWD_47085_74,CE/DEV/TB/60/2025-26/15 Dtd- 06.08.2025,"MMPPNA_RIDF_XXXI_25_26_491 (1) Improvement of road from Rongtilla PWD Road to Subash Nagar Bridge Point via Jumtilla, Harinagar (Phase-I) (2) Improvement of road from Kathalwala Bazar to Bagkhuri Masghat via Bagkhuri Durgabari (Phase-I) (3) Improveme","MMPPNA_RIDF_XXXI_25_26_491 (1) Improvement of road from Rongtilla PWD Road to Subash Nagar Bridge Point via Jumtilla, Harinagar (Phase-I) (2) Improvement of road from Kathalwala Bazar to Bagkhuri Masghat via Bagkhuri Durgabari (Phase-I) (3) Improveme",Works,Open Tender,Item Rate,Civil Works – Roads,No,No,NA ,11-Sep-2025 12:00 PM,11-Sep-2025 12:30 PM ,180.0,No ,No,Online,19-Sep-2025 02:30 PM,Public Works Roads Department,Udharbond,788030.0,2.0,"3,96,07,000",Anamul Haque laskar,"39,605,000",Accepted-AOC,13-May-2026,Public Works Roads Department
2026_GMC_50622_41,GER/CE/2525/2025/Part-I/ 9 Date_ 22 /01/2026,Package No. DSLT-Div-III/16,"Cleaning, Desilting and Maintenance of Drains (Package No. DSLT-Div-III/16) under Mitigation of Urban Flood in Guwahati City under Guwahati Municipal Corporation for the year 2026",Works,Open Tender,Lump-sum,Miscellaneous Works,No,No,NA ,04-Feb-2026 05:10 PM,05-Feb-2026 12:00 PM ,120.0,No ,No,Online,16-Feb-2026 02:30 PM,Guwahati Municipal Corporation,Guwahati,781006.0,2.0,"26,00,000",Siddhartha Das,"2,183,220",Accepted-AOC,06-May-2026,Guwahati Municipal Corporation
2025_PWD_45926_55,CE/DEV/TB/60/2025-26/06 Dtd- 14.07.2025,MMPPNA_RIDF_XXXI_25_26_226 Construction of road from Nazirating Picnic Spot to Duarmora Tea Estate under Mukhya Mantrir Paki Path Nirman Achani (MMPPNA) under RIDF-XXXI of NABARD for the year 2025-26.,MMPPNA_RIDF_XXXI_25_26_226 Construction of road from Nazirating Picnic Spot to Duarmora Tea Estate under Mukhya Mantrir Paki Path Nirman Achani (MMPPNA) under RIDF-XXXI of NABARD for the year 2025-26.,Works,Open Tender,Item Rate,Civil Works – Roads,No,No,NA ,28-Jul-2025 06:00 PM,04-Aug-2025 12:00 PM ,180.0,No ,No,Online,14-Aug-2025 02:30 PM,Public Works Roads Department,Digboi,786171.0,2.0,"8,74,57,000",Dulal Dutta,"87,456,000",Accepted-AOC,19-May-2026,Public Works Roads Department
2025_NHM_49118_5,NHM/ECF/674887,Establishment of 30 bedded CHC under Fifteenth Finance Health Grant scheme under NHM Assam Deomornoi in Darrang district,Establishment of 30 bedded CHC under Fifteenth Finance Health Grant scheme under NHM Assam Deomornoi in Darrang district FY 2024-25,Works,Open Tender,Turn-key,Civil Works - Building,No,No,NA ,08-Dec-2025 06:00 PM,NA ,180.0,No ,No,Online,29-Dec-2025 12:00 PM,National Health Mission||State Programme Management Unit - NHM,Deomornoi in Darrang district,784125.0,2.0,"5,73,99,637",MAHABAHU ASSOCIATE AND SUPPLIES,"57,397,000",Accepted-AOC,27-May-2026,National Health Mission||State Programme Management Unit - NHM
2026_PWBNH_50435_1,Tech-II/38/2025/14 dated Guwahati the 6th January 2026,"Construction of Pre-Fabricated (A.T Single Roof) Hostel for Transit Campus of IIM at Tech City, Bongora, Guwahati","Construction of Pre-Fabricated (A.T Single Roof) Hostel for Transit Campus of IIM at Tech City, Bongora, Guwahati",Works,Open Tender,Item Rate,Civil Works - Building,No,No,NA ,21-Jan-2026 12:00 PM,22-Jan-2026 12:30 PM ,180.0,No ,No,Online,28-Jan-2026 03:30 PM,Public Works Building and NH Department||Chief Engineer-Building - PWBNH,Bongora,781015.0,2.0,"15,40,85,000",HTE INFRA LLP,"159,848,047",Accepted-AOC,12-May-2026,Public Works Building and NH Department||Chief Engineer-Building - PWBNH
2025_PWD_45926_41,CE/DEV/TB/60/2025-26/06 Dtd- 14.07.2025,MMPPNA_RIDF_XXXI_25_26_170 Construction of Road from Missing Katani Tiniali at Hantapara Dangtala Road to Lakhipur Tiniali Connecting Kishnapur under Mukhya Mantrir Paki Path Nirman Achani (MMPPNA) under RIDF-XXXI of NABARD for the year 2025-26.,MMPPNA_RIDF_XXXI_25_26_170 Construction of Road from Missing Katani Tiniali at Hantapara Dangtala Road to Lakhipur Tiniali Connecting Kishnapur under Mukhya Mantrir Paki Path Nirman Achani (MMPPNA) under RIDF-XXXI of NABARD for the year 2025-26.,Works,Open Tender,Item Rate,Civil Works – Roads,No,No,NA ,28-Jul-2025 12:00 PM,04-Aug-2025 12:00 PM ,180.0,No ,No,Online,14-Aug-2025 02:30 PM,Public Works Roads Department,Behali,784166.0,2.0,"2,32,88,000",MS Nameri Construction and Suppliers,"23,288,000",Rejected-Finance,18-May-2026,Public Works Roads Department
2026_WPTBC_52004_1,SCDCETCHEDUSE,Construction of Boundary Wall and Iron Gate at Sanatan Sewasram High School Kharadhara Pattacharkuchi LAC Dist Bajali and Paka Sariha Higher Secondary School Lechera Dist Bajali,Construction of Boundary Wall and Iron Gate at Sanatan Sewasram High School Kharadhara Pattacharkuchi LAC Dist Bajali and Paka Sariha Higher Secondary School Lechera Dist Bajali,Works,Open Tender,Item Rate,Civil Works,No,No,NA ,13-Mar-2026 06:00 PM,NA ,180.0,No ,No,Online,19-Mar-2026 02:00 PM,Welfare of Plain Tribes and Backward Classes||Directorate of Welfare of Scheduled Caste||Assam State Development Corporation for SC,"Dispur,Ghy",781006.0,2.0,"1,00,00,000",DIMBESWAR ROY,"9,999,700",Rejected-AOC,15-May-2026,Welfare of Plain Tribes and Backward Classes||Directorate of Welfare of Scheduled Caste||Assam State Development Corporation for SC
2026_BTC_51206_9,No.ACE-133/PWD/G.79/2025-26/69,"Field development at Bombai Centre Playground under SOPD Bodoland Welfare Department, 2025-26. TN_111_19","Field development at Bombai Centre Playground under SOPD Bodoland Welfare Department, 2025-26.",Works,Open Tender,Item Rate,Civil Works,No,No,NA ,16-Feb-2026 12:00 PM,NA ,180.0,No ,No,Online,05-Mar-2026 11:00 AM,Bodoland Territorial Council-PWD||Director Cum CHD - PWD BTC,Udalguri,784509.0,2.0,"6,99,694",Sansuma Daimari,"699,184.5",Rejected-AOC,22-May-2026,Bodoland Territorial Council-PWD||Director Cum CHD - PWD BTC
2026_PWBNH_51408_1,"Tech-I(H_E)/86/2022/40 Dated Guwahati the 19th February, 2026","Construction of Model Womens College at Jaleswar, Goalpara (Balance Work)","Construction of Model Womens College at Jaleswar, Goalpara (Balance Work)",Works,Open Tender,Item Rate,Civil Works - Building,No,No,NA ,20-Feb-2026 06:30 PM,25-Feb-2026 11:30 AM ,180.0,No ,No,Online,05-Mar-2026 01:30 PM,Public Works Building and NH Department||Chief Engineer-Building - PWBNH,Jaleswar,756032.0,2.0,"17,06,41,907",HTE INFRA LLP,"153,577,716",Accepted-AOC,13-May-2026,Public Works Building and NH Department||Chief Engineer-Building - PWBNH
2025_PWD_45818_24,CE/Commn/16/2025-26/04,Khowang/MMPPNA/01,"Construction of (i)Bamkolakhowa Majorchuk Path (L-0.850Km)ii) Purani Bolai Lapitichuk Path (L-0.850 Km) under Mukhya Mantri Pakipath Nirman Achani (MMPPNA) under SOPD-G for the year 2025-26, Khowang LAC",Works,Open Tender,Item Rate,Civil Works – Roads,No,No,NA ,22-Jul-2025 06:00 PM,28-Jul-2025 04:00 PM ,180.0,No ,No,Online,11-Aug-2025 02:30 PM,Public Works Roads Department,Khowang,785675.0,2.0,"1,24,89,000",BHRIGU BORAH,"12,478,144",Accepted-AOC,27-May-2026,Public Works Roads Department
2026_ICD_49829_1,AIIDC/4067/2025/40/8001 date 29/12/2025,"Up-gradation of IIDC Banderdewa, Dist. Lakhimpur",Up gradation of IIDC Banderdewa Dist Lakhimpur,Works,Open Tender,Item Rate,Construction Works,No,No,NA ,01-Jan-2026 05:00 PM,NA ,180.0,No ,No,Online,20-Jan-2026 03:00 PM,Industries and Commerce Department||Assam Industrial Infrastructure Development Corporation,IIDC Banderdewa,784163.0,2.0,,PANKAJ KHANIKAR,"106,987,523",Rejected-Finance,15-Mar-2026,Industries and Commerce Department||Assam Industrial Infrastructure Development Corporation
2025_PWBNH_48645_7,CE/TB-III(H_E)/40/2025/13 Dated 22-10-2025,Construction of New Building of 100 Secondary Schools under RIDF-XXXI (2025-26) for for Kaziranga National Park high School under Golaghat DTBD ( Package-68),Construction of New Building of 100 Secondary Schools under RIDF-XXXI (2025-26) for for Kaziranga National Park high School under Golaghat DTBD ( Package-68),Works,Open Tender,Item Rate,Civil Works - Building,No,No,NA ,15-Nov-2025 03:00 PM,19-Nov-2025 11:30 AM ,180.0,No ,No,Online,03-Dec-2025 04:00 PM,Public Works Building and NH Department||Chief Engineer-Building - PWBNH,Golaghat,785621.0,2.0,"4,12,18,190",DHANUKA CONSTRUCTION,"44,830,000",Rejected-AOC,13-May-2026,Public Works Building and NH Department||Chief Engineer-Building - PWBNH
2026_PWBNH_51061_1,T/TB-1(B)/55/2025/ 24 Dated 04 /02/2026,"Construction of Campus Drainage System and Land Development Works at STC Tinsukia, Assam under SAI RC Guwahati","Construction of Campus Drainage System and Land Development Works at STC Tinsukia, Assam under SAI RC Guwahati",Works,Open Tender,Item Rate,Civil Works - Building,No,No,NA ,11-Feb-2026 04:00 PM,18-Feb-2026 01:00 PM ,180.0,No ,No,Online,05-Mar-2026 02:30 PM,Public Works Building and NH Department||Chief Engineer-Building - PWBNH,Tinsukia,786125.0,2.0,"1,06,96,028",BIJAY KALITA,"11,368,197",Accepted-AOC,15-May-2026,Public Works Building and NH Department||Chief Engineer-Building - PWBNH
2025_PWD_45827_112,CE/MAINT/SOPDG/01/2025-26/02,MAINT/SOPD-G/2025-26/85,MAINT/SOPD-G/2025-26/85_Contruction of road from 1_ Madhukuchi Chirakhundi Chubri Road_Maya Boros House to Chirakhundi Namghar_2_Kanikuchi Kaita Chuba road and 3_Majzid Chowk on Chepti Kulhati Road to Isadgaria Hazarikakhat under SOPD-G for the year,Works,Open Tender,Item Rate,Civil Works – Roads,No,No,NA ,25-Jul-2025 12:00 PM,26-Jul-2025 02:00 PM ,180.0,No ,No,Online,14-Aug-2025 11:00 AM,Public Works Roads Department,Kamrup Rural,781354.0,2.0,"1,07,38,000",KHEMSA TRADERS AND DEVELOPERS,"10,727,264",Rejected-Finance,13-May-2026,Public Works Roads Department
2025_PCCF_49417_1,SVR/CAMPA/ FENCE/SOLA/SONARI/2025/02,Construction of Chain Link Fence with R.C.C. Post Having 2 Lines of Barbed Wire At Top and One Line at Bottom (Total 3 Strand Barbed Wire) in 50 Ha. AR Plantation at Sola RF under Sonari Range of Sivasagar (T) Division under State CAMPA Scheme,Construction of Chain Link Fence with R.C.C. Post Having 2 Lines of Barbed Wire At Top and One Line at Bottom (Total 3 Strand Barbed Wire) in 50 Ha. AR Plantation at Sola RF under Sonari Range of Sivasagar (T) Division under State CAMPA Scheme,Works,Open Tender,Percentage,Civil Works,No,No,NA ,18-Dec-2025 04:10 PM,31-Dec-2025 12:00 PM ,120.0,No ,No,Online,07-Jan-2026 02:00 PM,"Pr. Chief Conservator of Forest and Head of Forest Force||Chief Conservator of Forests (Upper Assam Zone)||Eastern Assam Circle, Jorhat||Sivasagar Division",Sola RF under Sonari Range,785689.0,2.0,"72,83,485",STANDARD CREATION,"6,555,136.5",Rejected-AOC,05-May-2026,"Pr. Chief Conservator of Forest and Head of Forest Force||Chief Conservator of Forests (Upper Assam Zone)||Eastern Assam Circle, Jorhat||Sivasagar Division"
2026_BTC_51217_1,No.ACE-133/PWD/G.79/2025-26/69,Construction of Weaving Centre at Chutiapara under SOPD Bodoland Welfare Department 2025-26. TN_111_09,Construction of Weaving Centre at Chutiapara under SOPD Bodoland Welfare Department 2025-26. TN_111_09,Works,Open Tender,Item Rate,Civil Works - Building,No,No,NA ,16-Feb-2026 12:00 PM,NA ,180.0,No ,No,Online,05-Mar-2026 11:00 AM,Bodoland Territorial Council-PWD||Director Cum CHD - PWD BTC,Udlaguri,784509.0,2.0,"7,99,619",PRIYALATA DAIMARI,"799,500",Rejected-AOC,02-May-2026,Bodoland Territorial Council-PWD||Director Cum CHD - PWD BTC
2025_PWBNH_48401_2,Tech-IV(H_E)/RIDF XXXI/01/2025/30 Dated Guwahati the 22nd Oct 2025,Package-10 Construction of 100 Secondary Schools in 35 Districts of Assam under RIDF-XXXI (2025-26) for Raijhora High School under Dhubri DTBD,Package-10 Construction of 100 Secondary Schools in 35 Districts of Assam under RIDF-XXXI (2025-26) for Raijhora High School under Dhubri DTBD,Works,Open Tender,Item Rate,Civil Works - Building,No,No,NA ,04-Nov-2025 09:00 AM,07-Nov-2025 11:00 AM ,180.0,No ,No,Online,21-Nov-2025 04:00 PM,Public Works Building and NH Department||Chief Engineer-Building - PWBNH,Dhubri,783301.0,2.0,"4,07,60,824",Bikramjeet Ghosh,"44,394,000",Accepted-AOC,16-May-2026,Public Works Building and NH Department||Chief Engineer-Building - PWBNH
2025_PWRDW_47703_2,ARRBP/BR/01/2024/E696387/31,ARRBP/OCB/Bridge1/Charaideo/9 i) Br.No.1/3 of Aideobari Road,CE/EAP/ARRBP/OCB/ Bridge1/Charaideo/9 Construction of Bridge in Charaideo District i) Br.No.1/3 of Aideobari Road,Works,Open Tender,Item Rate,Civil Works - Bridges,No,No,NA ,25-Sep-2025 06:55 PM,03-Oct-2025 11:00 AM ,90.0,No ,No,Online,27-Oct-2025 02:30 PM,Public Works Roads Department-Externally Aided Project||Public Works Road Department- World Bank Funded Tenders||Assam State Bridge Infrastructure Program,Charaideo District,785691.0,2.0,"96,20,000",PABITRA SAIKIA,"10,068,700",Accepted-AOC,02-May-2026,Public Works Roads Department-Externally Aided Project||Public Works Road Department- World Bank Funded Tenders||Assam State Bridge Infrastructure Program
2026_BTC_50188_2,ACE-25/PWD/IFB/BTC/2025-26/64,"Construction of New Building of 100 Secondary Schools in 35 Districts of Assam under RIDF-XXXI (2025-26) at Alayaran High School, Kokrajhar District under Kokrajhar and Chirang DTBD. (Package-82)","Construction of New Building of 100 Secondary Schools in 35 Districts of Assam under RIDF-XXXI (2025-26) at Alayaran High School, Kokrajhar District under Kokrajhar and Chirang DTBD.",Works,Open Tender,Works,Civil Works,No,No,NA ,12-Jan-2026 05:00 PM,24-Jan-2026 12:00 PM ,180.0,No ,No,Online,02-Feb-2026 03:00 PM,Bodoland Territorial Council-PWD||Director Cum CHD - PWD BTC,Kokrajhar,783370.0,2.0,"3,98,38,000",DHRUBAJYOTI DAS,"39,837,848",Accepted-AOC,04-May-2026,Bodoland Territorial Council-PWD||Director Cum CHD - PWD BTC
2026_ICD_51064_1,C and P/PL/2025-26/07,GAS PIGGING AND CLEANING OF 300MM N.B.,GAS PIGGING AND CLEANING OF 300MM N.B. NAMBOR-KHORAGHATURIAMGHAT CS NATURAL GAS PIPELINE,Works,Limited,Works,Oil/Gas,No,No,NA ,11-Feb-2026 04:45 PM,17-Feb-2026 10:00 AM ,180.0,No ,No,Not Applicable,24-Feb-2026 12:00 PM,Industries and Commerce Department||Assam Gas Company Ltd - ICD,As per NIT,786602.0,1.0,,GOGI ENTERPRISES,"220,588.02",Rejected-Finance,12-May-2026,Industries and Commerce Department||Assam Gas Company Ltd - ICD
2026_BTC_50910_1,No.ACE-133/PWD/G.79/2025-26/65,"Repairing and Renovation of Serfanguri High ME School under WBD department at Serfanguri in Kokrajhar District, BTC, Assam. TN_107_03","Repairing and Renovation of Serfanguri High ME School under WBD department at Serfanguri in Kokrajhar District, BTC, Assam. TN_107_03",Works,Open Tender,Item Rate,Civil Works - Building,No,No,NA ,07-Feb-2026 12:00 PM,NA ,180.0,No ,No,Online,21-Feb-2026 02:00 PM,Bodoland Territorial Council-PWD||Director Cum CHD - PWD BTC,Kokrajhar,783370.0,2.0,"59,99,794",BISWAJIT DEBNATH,"5,999,600",Accepted-AOC,25-May-2026,Bodoland Territorial Council-PWD||Director Cum CHD - PWD BTC
2025_PCCF_49716_1,O.O. 280 dated 23/12/2025,Construction of Chain-linked Fencing with 3 strand barbed wire to be filled on pre-cast RCC pillars,Construction of Chain-linked Fencing with 3 strand barbed wire to be filled on pre-cast RCC pillars,Works,Open Tender,Percentage,Civil Works,No,No,NA ,29-Dec-2025 06:00 PM,NA ,180.0,No ,No,Online,20-Jan-2026 01:00 PM,"Pr. Chief Conservator of Forest and Head of Forest Force||Chief Conservator of Forests (Upper Assam Zone)||Northern Assam Circle, Tezpur||Nagaon Division",Nagaon,782001.0,2.0,"28,78,513",YEASMIN SULTANA,"2,590,661.7",Rejected-Technical,16-May-2026,"Pr. Chief Conservator of Forest and Head of Forest Force||Chief Conservator of Forests (Upper Assam Zone)||Northern Assam Circle, Tezpur||Nagaon Division"
2025_PWBNH_48645_31,CE/TB-III(H_E)/40/2025/13 Dated 22-10-2025,Construction of New Building of 100 Secondary Schools under RIDF-XXXI (2025-26) for Bokajan HSS under Karbi Anglong DTBD (Package-76),Construction of New Building of 100 Secondary Schools under RIDF-XXXI (2025-26) for Bokajan HSS under Karbi Anglong DTBD (Package-76),Works,Open Tender,Item Rate,Civil Works - Building,No,No,NA ,29-Nov-2025 09:00 AM,04-Dec-2025 11:30 AM ,180.0,No ,No,Online,18-Dec-2025 04:00 PM,Public Works Building and NH Department||Chief Engineer-Building - PWBNH,Bokajan,782480.0,2.0,"4,12,18,180",GIRIN CHUTIA,"39,775,544",Rejected-AOC,25-May-2026,Public Works Building and NH Department||Chief Engineer-Building - PWBNH
2026_BTC_50175_2,125/ACE/NIT/Infra/BTC/2022-23,Extension of 2nd Floor of Adivashi Boys Hostel at Udalguri. (TN_15_7),Extension of 2nd Floor of Adivashi Boys Hostel at Udalguri.,Works,Open Tender,Item Rate,Civil Works - Building,No,No,NA ,12-Jan-2026 10:00 AM,NA ,180.0,No ,No,Online,03-Feb-2026 11:00 AM,Bodoland Territorial Council-PWD||Director Cum CHD - PWD BTC,Udalguri,784509.0,2.0,"46,59,739",IQBAL QURESHI,"4,658,486",Rejected-AOC,05-May-2026,Bodoland Territorial Council-PWD||Director Cum CHD - PWD BTC
2026_WPTBC_52124_1,PTDC/Engg/2026-27/545,"Major Renovation at Bholajar Bangalipar ME School, Dist Tamulpur under DAJGUA during the year 2025-26","Major Renovation at Bholajar Bangalipar ME School, Dist Tamulpur under DAJGUA during the year 2025-26",Works,Open Tender,Item Rate,Civil Works,No,No,NA ,17-Mar-2026 02:00 PM,23-Mar-2026 02:00 PM ,180.0,No ,No,Online,09-Apr-2026 03:00 PM,Welfare of Plain Tribes and Backward Classes||Director - WPT and BC||Assam Plains Tribes Development Corporation Ltd.,tamulpur,781367.0,2.0,"74,78,951",Devajit Kutum,"6,731,055.9",Rejected-AOC,21-May-2026,Welfare of Plain Tribes and Backward Classes||Director - WPT and BC||Assam Plains Tribes Development Corporation Ltd.
2026_WPTBC_51829_1,PTDC/Engg/2022-23/107,"Infrastructure Development of pub Kamrup Janata High School, Tamulpur, BTR","Infrastructure Development of pub Kamrup Janata High School, Tamulpur, BTR",Works,Open Tender,Item Rate,Civil Works,No,No,NA ,10-Mar-2026 01:00 PM,11-Mar-2026 03:00 PM ,180.0,No ,No,Online,16-Mar-2026 03:00 PM,Welfare of Plain Tribes and Backward Classes||Director - WPT and BC||Assam Plains Tribes Development Corporation Ltd.,Tamulpur,781367.0,2.0,"25,00,000",Gaziul Hassan,"2,496,000",Accepted-AOC,25-May-2026,Welfare of Plain Tribes and Backward Classes||Director - WPT and BC||Assam Plains Tribes Development Corporation Ltd.
2025_PWBNH_48645_18,CE/TB-III(H_E)/40/2025/13 Dated 22-10-2025,Construction of New Building of 100 Secondary Schools under RIDF-XXXI (2025-26) for Moheswar Borkatory HSS under Jorhat DTBD ( Package-73),Construction of New Building of 100 Secondary Schools under RIDF-XXXI (2025-26) for Moheswar Borkatory HSS under Jorhat DTBD ( Package-73),Works,Open Tender,Item Rate,Civil Works - Building,No,No,NA ,19-Nov-2025 11:00 AM,25-Nov-2025 11:30 AM ,180.0,No ,No,Online,09-Dec-2025 04:00 PM,Public Works Building and NH Department||Chief Engineer-Building - PWBNH,Jorhat,785001.0,2.0,"3,98,37,952",M/S M.Bee Traders,"44,180,000",Accepted-AOC,25-May-2026,Public Works Building and NH Department||Chief Engineer-Building - PWBNH
2025_PWD_47172_12,CE/STBR/SOPD G/NIT/07/2025-26/16 Dated 18-08-2025,STBR/SOPD-G/ Katigorah-04/12 i) Balance work Estimate for RCC Bridge at Choligram over river Larang with approaches and protection works ii) Construction of Road starting from NH-06 near MVI gate at Digharkhal to Gita Mandir iii) Construction of R,STBR/SOPD-G/ Katigorah-04/12 i) Balance work Estimate for RCC Bridge at Choligram over river Larang with approaches and protection works ii) Construction of Road starting from NH-06 near MVI gate at Digharkhal to Gita Mandir iii) Construction of R,Works,Open Tender,Item Rate,Civil Works – Roads,No,No,NA ,03-Sep-2025 09:00 AM,08-Sep-2025 11:00 AM ,180.0,No ,No,Online,19-Sep-2025 11:00 AM,Public Works Roads Department,Katigorah,788805.0,2.0,"2,00,76,900",SUJATA KAIRI,"20,076,000",Rejected-AOC,06-May-2026,Public Works Roads Department
2025_AAU_48337_1,Financial/Urgent/2025/27146 dtd 31-10-2025,"Repairing and Retrofitting works of Administrative Building at ZRS AAU, Gossaigaon",Civil and electrical works for the Administrative building of ZRS Gossaigaon,Works,Open Tender,Percentage,Civil Works - Building,No,No,NA ,01-Nov-2025 10:00 AM,10-Nov-2025 11:30 AM ,180.0,No ,No,Online,25-Nov-2025 03:00 PM,Assam Agricultural University||Directorate of Physical Plants,ZRS Gossaigaon,783361.0,2.0,"49,50,616",SUNIT BAISHYA,"3,910,987",Rejected-Technical,11-May-2026,Assam Agricultural University||Directorate of Physical Plants
2025_DoWR_49563_1,KAMRUP RURAL/2025-26/SOPD-G/I,Construction of Single shutter sluices on R/Bof Kalajal river to Minimisethe Waterlogging Problems in Athiaboi and its adjoining areas.,Construction of Single shutter sluices on R/Bof Kalajal river to Minimisethe Waterlogging Problems in Athiaboi and its adjoining areas.,Works,Open Tender,Works,Civil Works,No,No,NA ,22-Dec-2025 09:00 AM,NA ,180.0,No ,No,Online,05-Jan-2026 03:00 PM,Department of Water Resources||Chief Engineer - DoWR,KAMRUP RURAL,781009.0,2.0,"1,02,53,370",GEMINI ENTERPRISE,"9,867,468.27",Accepted-AOC,11-May-2026,Department of Water Resources||Chief Engineer - DoWR
2026_BTC_50188_3,ACE-25/PWD/IFB/BTC/2025-26/64,Construction of New Building of 100 Secondary Schools in 35 Districts of Assam under RIDF-XXXI (2025-26) at Salakati High School in Kokrajhar District under Kokrajhar and Chirang DTBD. (Package-83),Construction of New Building of 100 Secondary Schools in 35 Districts of Assam under RIDF-XXXI (2025-26) at Salakati High School in Kokrajhar District under Kokrajhar and Chirang DTBD.,Works,Open Tender,Works,Civil Works,No,No,NA ,12-Jan-2026 05:00 PM,24-Jan-2026 12:00 PM ,180.0,No ,No,Online,02-Feb-2026 03:00 PM,Bodoland Territorial Council-PWD||Director Cum CHD - PWD BTC,Kokrajhar,783370.0,2.0,"3,98,38,000",DHRUBAJYOTI DAS,"39,837,848",Accepted-AOC,02-May-2026,Bodoland Territorial Council-PWD||Director Cum CHD - PWD BTC
2025_PWD_45827_107,CE/MAINT/SOPDG/01/2025-26/02,MAINT/SOPD-G/2025-26/80,MAINT/SOPD-G/2025-26/80_Reconstruction of Soneswar Kaniha Road under SOPD-G for the year 2025-26 under Rangia LAC..,Works,Open Tender,Item Rate,Civil Works – Roads,No,No,NA ,25-Jul-2025 12:00 PM,26-Jul-2025 02:00 PM ,180.0,No ,No,Online,14-Aug-2025 11:00 AM,Public Works Roads Department,Kamrup Rural,781354.0,2.0,"1,31,25,000",Kishor Kalita,"13,125,000",Accepted-AOC,15-May-2026,Public Works Roads Department
2025_PWD_49268_12,TB-62/GWC/2024-25/1718 Dtd. 01-12-2025,Construction of GWC Road from Aamlakhi tiniali to Pan bari road under SOPD-G for the year 2025-26,Construction of GWC Road from Aamlakhi tiniali to Pan bari road under SOPD-G for the year 2025-26.,Works,Open Tender,Item Rate,Civil Works,No,No,NA ,13-Dec-2025 09:00 AM,NA ,180.0,No ,No,Online,19-Dec-2025 10:00 AM,Public Works Roads Department,Sissiborgaon,787059.0,2.0,"20,20,000",Lakhyajit Gogoi,"2,018,527.54",Accepted-AOC,03-Feb-2026,Public Works Roads Department
2026_SEEDE_50499_1,GS07b (Lot 2),Hiring of Creative Agency for Design and Printing of publicity materials and Audio-Visual Production (Lot 2- Creative Agency 2),Hiring of Creative Agency for Design and Printing of publicity materials and Audio-Visual Production (Lot 2- Creative Agency 2),Services,Open Tender,Item Rate,Miscellaneous Services,No,No,NA ,24-Jan-2026 10:00 AM,NA ,90.0,No ,No,Online,13-Feb-2026 03:30 PM,Skill Employment and Entrepreneurship Department- Externally Aided Project||Assam Skill University Project- ADB Funded Tenders,"DECT Complex, Rehabari",781008.0,1.0,,TOP PRINTERS,"1,283,250",Rejected-Finance,08-May-2026,Skill Employment and Entrepreneurship Department- Externally Aided Project||Assam Skill University Project- ADB Funded Tenders
2026_BTC_51971_1,No.ACE-106/PWD/IFB/PT-I/23-24,Const. of ICBP road from Gorom Bazar to Jaharbari Play Ground at Bijni in Chirang Disrict for the Year 2025-26 TN_133_03,Const. of ICBP road from Gorom Bazar to Jaharbari Play Ground at Bijni in Chirang Disrict for the Year 2025-26 TN_133_03,Works,Open Tender,Item Rate,Civil Works – Roads,No,No,NA ,13-Mar-2026 04:00 PM,NA ,180.0,No ,No,Online,02-Apr-2026 02:00 PM,Bodoland Territorial Council-PWD||Director Cum CHD - PWD BTC,Chirang,783390.0,2.0,"99,99,620",Sunil Basumatary,"9,990,867.79",Rejected-AOC,21-May-2026,Bodoland Territorial Council-PWD||Director Cum CHD - PWD BTC
2026_BTC_51177_1,No.ACE-133/PWD/G.79/2025-26/69,"Construction of Additional Class Room at Dangrigaon ME School, Udise-18240401502, Dist. Baksa. TN_111_22","Construction of Additional Class Room at Dangrigaon ME School, Udise-18240401502, Dist. Baksa. TN_111_22",Works,Open Tender,Item Rate,Civil Works - Building,No,No,NA ,16-Feb-2026 12:00 PM,NA ,180.0,No ,No,Online,05-Mar-2026 11:00 AM,Bodoland Territorial Council-PWD||Director Cum CHD - PWD BTC,Kokrajhar,783370.0,2.0,"18,99,763",LAIJOU INFRA ENGINEERING PRIVATE LIMITED,"1,899,000",Rejected-Technical,28-May-2026,Bodoland Territorial Council-PWD||Director Cum CHD - PWD BTC
2025_PWD_49312_1,CE/DEV/TB/60/2025-26/60 Dtd- 09.12.2025,"MMPPNA_RIDF_XXXI_25_26_18 Construction of road from (i) Sonkani Bausiudaipur PWD road at Dr. Prasbin Talukdar house to Khata Dhamdhama village, (ii) Baushi udaypur Mouzadare House to Nonoi Barbari Link Road via Go puja Link Road, (iii) Nalbari Kamrak","MMPPNA_RIDF_XXXI_25_26_18 Construction of road from (i) Sonkani Bausiudaipur PWD road at Dr. Prasbin Talukdar house to Khata Dhamdhama village, (ii) Baushi udaypur Mouzadare House to Nonoi Barbari Link Road via Go puja Link Road, (iii) Nalbari Kamrak",Works,Open Tender,Item Rate,Civil Works – Roads,No,No,NA ,12-Dec-2025 06:00 PM,16-Dec-2025 12:00 PM ,180.0,No ,No,Online,22-Dec-2025 02:30 PM,Public Works Roads Department,Barkhetri,781126.0,2.0,"6,48,00,000",JINTU MANI SARMA,"64,797,920",Accepted-AOC,26-May-2026,Public Works Roads Department
2025_PWD_45818_31,CE/Commn/16/2025-26/04,Duliajan/SOPD-G/02,Construction of Ram Krishna Mission to Bhadoi Nagar Road from Ch. 0.00m to 1700.00m under SOPD-G for the year 2025-26 in Dibrugarh Distrct (Duliajan LAC),Works,Open Tender,Item Rate,Civil Works – Roads,No,No,NA ,23-Jul-2025 06:00 PM,28-Jul-2025 04:00 PM ,180.0,No ,No,Online,11-Aug-2025 02:30 PM,Public Works Roads Department,Duliajan,786602.0,2.0,"1,03,54,400",SUJIT SEN,"10,354,400",Rejected-AOC,07-May-2026,Public Works Roads Department
2025_BTC_49355_1,No.ACE-22/PWD/NIT/GW/25-26/19,Construction of Road from Chithila Jogdoi PWD Road to Binnachara PMGSY road under RIDF-XXXI NABARD for the year 2025-26. TN_67KOK_RIDF-XXXI-45,Construction of Road from Chithila Jogdoi PWD Road to Binnachara PMGSY road under RIDF-XXXI NABARD for the year 2025-26. TN_67KOK_RIDF-XXXI-45,Works,Open Tender,Item Rate,Civil Works – Roads,No,No,NA ,15-Dec-2025 12:00 PM,NA ,180.0,No ,No,Online,07-Jan-2026 11:00 AM,Bodoland Territorial Council-PWD||Director Cum CHD - PWD BTC,Kokrajhar,783370.0,2.0,"1,00,00,000",Arjun Saha,"9,999,982",Accepted-AOC,26-May-2026,Bodoland Territorial Council-PWD||Director Cum CHD - PWD BTC
2026_PWD_50619_11,SSRDM/TC-65/NIT/PDNA/2025-26/2,"Permanent Restoration of flood damage of New Fekamari to South Bhurakata Road (Ch.6000.00m to Ch.7500.00m) under Reconstruction and Recovery Window (Assam Floods and Landslides 2022,PDNA) for the year 2025-26. Package No. SSDTRD_PDNA_11","Permanent Restoration of flood damage of New Fekamari to South Bhurakata Road (Ch.6000.00m to Ch.7500.00m) under Reconstruction and Recovery Window (Assam Floods and Landslides 2022,PDNA) for the year 2025-26. Package No. SSDTRD_PDNA_11",Works,Open Tender,Item Rate,Civil Works – Roads,No,No,NA ,29-Jan-2026 05:00 PM,NA ,180.0,No ,No,Online,19-Feb-2026 10:30 AM,Public Works Roads Department,Mankachar,783131.0,2.0,"19,16,853",Shazibul Hassan Mollah,"1,303,459.99",Rejected-AOC,26-May-2026,Public Works Roads Department
2026_BTC_51206_8,No.ACE-133/PWD/G.79/2025-26/69,"Construction of Additional Class Room at Bhalukmari Vidyapith M.E. School under SOPD Bodoland Welfare Department, 2025-26. TN_111_18","Construction of Additional Class Room at Bhalukmari Vidyapith M.E. School under SOPD Bodoland Welfare Department, 2025-26.",Works,Open Tender,Item Rate,Civil Works,No,No,NA ,16-Feb-2026 12:00 PM,NA ,180.0,No ,No,Online,05-Mar-2026 11:00 AM,Bodoland Territorial Council-PWD||Director Cum CHD - PWD BTC,Udalguri,784509.0,2.0,"9,99,892",ANNAI NARZARI,"999,892",Rejected-AOC,28-May-2026,Bodoland Territorial Council-PWD||Director Cum CHD - PWD BTC
2026_GMC_50622_83,GER/CE/2525/2025/Part-I/ 9 Date_ 22 /01/2026,Package No. DSLT-Div-VI/13,"Cleaning, Desilting and Maintenance of Drains (Package No. DSLT-Div-VI/13) under Mitigation of Urban Flood in Guwahati City under Guwahati Municipal Corporation for the year 2026",Works,Open Tender,Lump-sum,Miscellaneous Works,No,No,NA ,05-Feb-2026 12:30 PM,05-Feb-2026 12:30 PM ,120.0,No ,No,Online,16-Feb-2026 02:30 PM,Guwahati Municipal Corporation,Guwahati,781006.0,2.0,"7,29,000",BHASKAR JYOTI DEKA,"532,097.1",Accepted-AOC,11-May-2026,Guwahati Municipal Corporation
2025_BTC_49249_11,ACE-22/PWD/NIT/GOODWILL/25-26,Construction of ICBP road from Harun Ali House to Dulabari Rangia PWD road under Khandikar VCDC in Tamulpur District under CMs Goodwill mission Project (RIDF- XXXI) for the year 2025-26. (Package No. TN_73_TML_RIDF-XXXI_11),Construction of ICBP road from Harun Ali House to Dulabari Rangia PWD road under Khandikar VCDC in Tamulpur District under CMs Goodwill mission Project (RIDF- XXXI) for the year 2025-26.,Works,Open Tender,Item Rate,Civil Works – Roads,No,No,NA ,12-Dec-2025 10:00 AM,26-Dec-2025 12:00 PM ,180.0,No ,No,Online,03-Jan-2026 11:00 AM,Bodoland Territorial Council-PWD||Director Cum CHD - PWD BTC,Tamulpur,781367.0,2.0,"1,00,00,000",ASHOK KUMAR BASUMATARY,"9,997,913",Accepted-AOC,12-May-2026,Bodoland Territorial Council-PWD||Director Cum CHD - PWD BTC
2025_PWD_49682_12,CE/DEV/TB/60/2025-26/62 Dtd- 23.12.2025,MMPPNA_RIDF_XXXI_25_26_485 Improvement of Road from (1) Buruakuri E and D Dyke to Sapekhaiti including RCC Box Culvert (2) Philkhana PWD tiniali to Phukan Chuk including Box Type Culvert under Mukhya Mantrir Paki Path Nirman Achani (MMPPNA) under RI,MMPPNA_RIDF_XXXI_25_26_485 Improvement of Road from (1) Buruakuri E and D Dyke to Sapekhaiti including RCC Box Culvert (2) Philkhana PWD tiniali to Phukan Chuk including Box Type Culvert under Mukhya Mantrir Paki Path Nirman Achani (MMPPNA) under RI,Works,Open Tender,Item Rate,Civil Works – Roads,No,No,NA ,27-Dec-2025 09:00 AM,29-Dec-2025 02:30 PM ,180.0,No ,No,Online,05-Jan-2026 02:30 PM,Public Works Roads Department,Sissiborgaon,787110.0,2.0,"3,47,96,000",Lakhyajit Gogoi,"34,792,000",Accepted-AOC,20-May-2026,Public Works Roads Department
2025_NHM_49118_4,NHM/ECF/674887,Establishment of 30 bedded CHC under Fifteenth Finance Health Grant scheme under NHM Assam Dipila HWC in Darrang district,Establishment of 30 bedded CHC under Fifteenth Finance Health Grant scheme under NHM Assam Dipila HWC in Darrang district FY 2024-25,Works,Open Tender,Turn-key,Civil Works - Building,No,No,NA ,08-Dec-2025 06:00 PM,NA ,180.0,No ,No,Online,29-Dec-2025 12:00 PM,National Health Mission||State Programme Management Unit - NHM,Dipila HWC in Darrang district,784125.0,2.0,"5,73,99,637",Nipul Kalita,"57,389,637",Rejected-Finance,27-May-2026,National Health Mission||State Programme Management Unit - NHM
2025_PWBNH_48518_12,Tech-IV(H_E)/RIDF XXXI/01/2025/30 Dated Guwahati the 22nd Oct 2025,Construction of 100 Secondary Schools in 35 Districts of Assam under RIDF-XXXI (2025-26) for Patrichuk HS School under North Lakhimpur DTBD (pkg-21),Construction of 100 Secondary Schools in 35 Districts of Assam under RIDF-XXXI (2025-26) for Patrichuk HS School under North Lakhimpur DTBD (pkg-21),Works,Open Tender,Item Rate,Civil Works - Building,No,No,NA ,12-Nov-2025 09:00 AM,13-Nov-2025 11:00 AM ,180.0,No ,No,Online,26-Nov-2025 04:00 PM,Public Works Building and NH Department||Chief Engineer-Building - PWBNH,North Lakhimpur,787001.0,2.0,"4,08,06,494",M/s LRR Enterprise,"40,800,000",Accepted-AOC,20-May-2026,Public Works Building and NH Department||Chief Engineer-Building - PWBNH
2026_GMC_50622_40,GER/CE/2525/2025/Part-I/ 9 Date_ 22 /01/2026,Package No. DSLT-Div-III/15,"Cleaning, Desilting and Maintenance of Drains (Package No. DSLT-Div-III/15) under Mitigation of Urban Flood in Guwahati City under Guwahati Municipal Corporation for the year 2026",Works,Open Tender,Lump-sum,Miscellaneous Works,No,No,NA ,04-Feb-2026 05:10 PM,05-Feb-2026 12:00 PM ,120.0,No ,No,Online,16-Feb-2026 02:30 PM,Guwahati Municipal Corporation,Guwahati,781006.0,2.0,"46,06,000",TIA DEVELOPERS,"3,123,328.6",Rejected-AOC,06-May-2026,Guwahati Municipal Corporation
2026_GMC_50622_54,GER/CE/2525/2025/Part-I/ 9 Date_ 22 /01/2026,Package No. DSLT-Div-IV/8,"Cleaning, Desilting and Maintenance of Drains (Package No. DSLT-Div-IV/8) under Mitigation of Urban Flood in Guwahati City under Guwahati Municipal Corporation for the year 2026",Works,Open Tender,Lump-sum,Miscellaneous Works,No,No,NA ,04-Feb-2026 06:30 PM,05-Feb-2026 12:00 PM ,120.0,No ,No,Online,16-Feb-2026 02:30 PM,Guwahati Municipal Corporation,Guwahati,781006.0,2.0,"31,43,000",ACHINTA DAS,"2,105,810",Accepted-AOC,13-May-2026,Guwahati Municipal Corporation
2025_PWD_47085_75,CE/DEV/TB/60/2025-26/15 Dtd- 06.08.2025,MMPPNA_RIDF_XXXI_25_26_416 Improvement of road Chandipur RA Bamboo Tilla Bazar to Kanash Malakar House under Mukhya Mantrir Paki Path Nirman Achani (MMPPNA) under RIDF-XXXI of NABARD for the year 2025-26.,MMPPNA_RIDF_XXXI_25_26_416 Improvement of road Chandipur RA Bamboo Tilla Bazar to Kanash Malakar House under Mukhya Mantrir Paki Path Nirman Achani (MMPPNA) under RIDF-XXXI of NABARD for the year 2025-26.,Works,Open Tender,Item Rate,Civil Works – Roads,No,No,NA ,11-Sep-2025 01:00 PM,11-Sep-2025 01:30 PM ,180.0,No ,No,Online,19-Sep-2025 02:30 PM,Public Works Roads Department,Algapur,788025.0,2.0,"1,54,14,000",M. R. CONSTRUCTION,"15,414,000",Accepted-AOC,26-May-2026,Public Works Roads Department
2025_SCD_49661_1,Tender/NIT/Pt-I/2025-26/5732,"Construction of Range Office at Dalgaon, Darrang District under SOPD-G","Construction of Range Office at Dalgaon, Darrang District under SOPD-G",Works,Open Tender,Item Rate,Civil Works - Building,No,No,NA ,26-Dec-2025 11:20 AM,02-Jan-2026 12:00 PM ,180.0,No ,No,Online,09-Jan-2026 02:00 PM,Soil Conservation Department||Director - SCD,"Dalgaon, darrang",784116.0,2.0,"50,00,000",SRI MANOJ KUMAR SARMA,"4,224,994",Rejected-Finance,01-May-2026,Soil Conservation Department||Director - SCD
2025_PWD_46081_6,T/CC/ETN/SIL/2025-26/368(T),"Construction of Road from Langlacherra PWD road to Sharma Road under Mukhya Mantrir Paki Path Nirman Achani (MMPPNA) Under SOPD-G for the year 2025-26 under Lakhipur Civil Sub Division Territorial Road Division, Lakhipur LAC","Construction of Road from Langlacherra PWD road to Sharma Road under Mukhya Mantrir Paki Path Nirman Achani (MMPPNA) Under SOPD-G for the year 2025-26 under Lakhipur Civil Sub Division TRoad Division, Lakhipur LAC,P/No.SE/LAK/MMPPNA/25-26/6",Works,Open Tender,Item Rate,Civil Works – Roads,No,No,NA ,05-Aug-2025 09:00 AM,12-Aug-2025 02:00 PM ,180.0,No ,No,Online,20-Aug-2025 03:10 PM,Public Works Roads Department,Cachar District.,788108.0,2.0,"81,99,712",MS LUCKY ENTERPRISE,"8,199,712",Rejected-AOC,23-May-2026,Public Works Roads Department
2026_BTC_51034_14,ACE-25/PWD/IFB/BTC/2025-26/70,Construction of CC Block road from NH 15 To Hatigarah LP School Under SOPD-BTC for the year 2025-26. (TN_118_14),Construction of CC Block road from NH 15 To Hatigarah LP School Under SOPD-BTC for the year 2025-26.,Works,Open Tender,Item Rate,Civil Works,No,No,NA ,11-Feb-2026 10:00 AM,18-Feb-2026 12:00 PM ,180.0,No ,No,Online,02-Mar-2026 03:00 PM,Bodoland Territorial Council-PWD||Director Cum CHD - PWD BTC,Udalguri,784509.0,2.0,"95,03,639",MAHESWAR BRAHMA,"9,500,926.7",Rejected-AOC,19-May-2026,Bodoland Territorial Council-PWD||Director Cum CHD - PWD BTC
2025_PWD_45926_83,CE/DEV/TB/60/2025-26/06 Dtd- 14.07.2025,"MMPPNA_RIDF_XXXI_25_26_272 1) Construction of Road from NH 15 to Nalinichuk from Ch. 0.00 m to 1000.00 m (L 1.000 KM) 2) Construction of Road from NH 15 Bachachuk to Khalihamari from Ch. 0.00 m to 1420.00 m, (L 1.420.00 KM) 3) Construction of Road fr","MMPPNA_RIDF_XXXI_25_26_272 1) Construction of Road from NH 15 to Nalinichuk from Ch. 0.00 m to 1000.00 m (L 1.000 KM) 2) Construction of Road from NH 15 Bachachuk to Khalihamari from Ch. 0.00 m to 1420.00 m, (L 1.420.00 KM) 3) Construction of Road fr",Works,Open Tender,Item Rate,Civil Works – Roads,No,No,NA ,30-Jul-2025 06:00 PM,04-Aug-2025 12:00 PM ,180.0,No ,No,Online,14-Aug-2025 02:30 PM,Public Works Roads Department,Lakhimpur,787001.0,2.0,"4,39,62,000",nabajyoti borah,"43,962,000",Rejected-Finance,06-May-2026,Public Works Roads Department
2025_PWD_48196_4,CE/STBR/SOPD-G/NIT/07/36,Restoration of - 1 Rd from Anipur Zamung road near the use of Asit Paul to Vetarbond basti under MMPNA SOPD-G,Restoration of - 1 Rd from Anipur Zamung road near the use of Asit Paul to Vetarbond basti under MMPNA SOPD-G,Works,Open Tender,Item Rate,Civil Works,No,No,NA ,23-Oct-2025 10:00 AM,NA ,180.0,No ,No,Online,04-Nov-2025 09:00 AM,Public Works Roads Department,RAMKRISHNAGAR,788166.0,2.0,"16,22,000",S&A CONSTRUCTION,"1,620,180",Accepted-AOC,06-May-2026,Public Works Roads Department
2026_WPTBC_50057_1,PTDC/Engg/2024-25/462,Proposal for Administrative Approval for construction of Additional work of Working Women Hostel at Nalbari for an amount of Rs.50.000 Lakhs.,Proposal for Administrative Approval for construction of Additional work of Working Women Hostel at Nalbari for an amount of Rs.50.000 Lakhs.,Works,Open Tender,Item Rate,Civil Works,No,No,NA ,08-Jan-2026 09:00 AM,16-Jan-2026 09:00 AM ,180.0,No ,No,Online,28-Jan-2026 03:30 PM,Welfare of Plain Tribes and Backward Classes||Director - WPT and BC,Nalbari,781126.0,2.0,"50,00,000",S & B ENTERPRISE,"4,999,506.56",Accepted-AOC,21-May-2026,Welfare of Plain Tribes and Backward Classes||Director - WPT and BC
2025_BTC_49230_1,No.ACE-22/PWD/NIT/GOODWILL,"Construction of road from No.1 Amguri to Salguri under Dangtol VCDC from Ch.0.00 Km to Ch.1.20 Km (Length-1.20 Km) of Chirang District, BTC, Assam under CMs Goodwill Mission Project under RIDF-XXXI of NABARD for the year 2025-26. TN_71_CHR_RIDF-XXXI_","Construction of road from No.1 Amguri to Salguri under Dangtol VCDC from Ch.0.00 Km to Ch.1.20 Km (Length-1.20 Km) of Chirang District, BTC, Assam under CMs Goodwill Mission Project under RIDF-XXXI of NABARD for the year 2025-26. TN_71_CHR_RIDF-XXXI_",Works,Open Tender,Item Rate,Civil Works – Roads,No,No,NA ,12-Dec-2025 10:00 AM,NA ,180.0,No ,No,Online,03-Jan-2026 02:00 PM,Bodoland Territorial Council-PWD||Director Cum CHD - PWD BTC,Chirang,783393.0,2.0,"99,99,178",Manik Bhowmick,"9,998,312.17",Rejected-AOC,08-May-2026,Bodoland Territorial Council-PWD||Director Cum CHD - PWD BTC
2026_WPTBC_51851_1,PTDC/Engg/2026-27/521,"Infrastructure Development of Jhanjimukh Janajati high School, 2 No Kawoimari Bhakatgaon, District Jorhat under Infrastructure Development in ITDP areas of Assam during the year 2025-26.","Infrastructure Development of Jhanjimukh Janajati high School, 2 No Kawoimari Bhakatgaon, District Jorhat under Infrastructure Development in ITDP areas of Assam during the year 2025-26.",Works,Open Tender,Item Rate,Civil Works,No,No,NA ,10-Mar-2026 05:30 PM,11-Mar-2026 11:30 AM ,180.0,No ,No,Online,16-Mar-2026 03:00 PM,Welfare of Plain Tribes and Backward Classes||Director - WPT and BC,Jorhat,785112.0,2.0,"25,00,000",MRS KRISHNA KUMBANG DEORI,"2,500,000",Accepted-AOC,25-May-2026,Welfare of Plain Tribes and Backward Classes||Director - WPT and BC
2026_PWD_50619_5,SSRDM/TC-65/NIT/PDNA/2025-26/2,Reconstruction and Recovery of HK Road-Kalairalga PMGSY Road under NDRF (PDNA-2022) for the year 2025-26. Package No. SSDTRD_PDNA_5,Reconstruction and Recovery of HK Road-Kalairalga PMGSY Road under NDRF (PDNA-2022) for the year 2025-26. Package No. SSDTRD_PDNA_5,Works,Open Tender,Item Rate,Civil Works – Roads,No,No,NA ,29-Jan-2026 04:30 PM,NA ,180.0,No ,No,Online,19-Feb-2026 10:30 AM,Public Works Roads Department,Mankachar,783131.0,2.0,"31,99,937",Ms. Eti Saha,"2,559,949.6",Not Admitted-Fee/PreQual/Technical,23-May-2026,Public Works Roads Department
2026_PWD_50566_3,T/CC/ETN/SIL/2025-26/1033(T),Recovery and Reconstruction of Road from 3rd Km of SMD Road to 4th Km of SMD Road at Ch.30 m to 1000 m under NDRF (PDNA-2022) for the year 2025-26 Sonai LAC,"Recovery and Reconstruction of Road from 3rd Km of SMD Road to 4th Km of SMD Road at Ch.30 m to1000m under NDRF (PDNA-2022) for the year 2025-26 Sonai LAC, P/No.SE/SONAI/NDRF(PDNA-2022)/25-26/3",Works,Open Tender,Item Rate,Civil Works – Roads,No,No,NA ,28-Jan-2026 09:00 AM,04-Feb-2026 02:00 PM ,180.0,No ,No,Online,07-Feb-2026 03:10 PM,Public Works Roads Department,Cachar District.,788099.0,2.0,"21,99,740",MAZUMDER TELECOM,"2,199,740",Accepted-AOC,02-May-2026,Public Works Roads Department
2025_BoTC_49506_1,TECH-28/SE(RB)/2019-20/2,Construction of road from Gohekhanda Library to Khatalpara Post Office of Gohekhanda under Dakhin Howly VCDC under CMs Goodwill Mission Project (RIDF XXXI) in Baksa District for the year 2025-26.,Construction of road from Gohekhanda Library to Khatalpara Post Office of Gohekhanda under Dakhin Howly VCDC under CMs Goodwill Mission Project (RIDF XXXI) in Baksa District for the year 2025-26.,Works,Open Tender,Works,Civil Works – Roads,No,No,NA ,20-Dec-2025 02:00 PM,NA ,180.0,No ,No,Online,12-Jan-2026 02:00 PM,Bodoland Territorial Council||PWD-BTC,Baksa,781346.0,2.0,"99,99,859",chakrasing Muchahary,"9,998,000",Accepted-AOC,08-May-2026,Bodoland Territorial Council||PWD-BTC
2026_BoTC_50236_1,TECH-28/SE(RB)/2019-20/05,Recovery and Reconstruction of Garamdew to Banahopa road under NDRF (PDNA-2022) for the year 2025-26. TN-386-4.,Recovery and Reconstruction of Garamdew to Banahopa road under NDRF (PDNA-2022) for the year 2025-26. TN-386-4.,Works,Open Tender,Works,Civil Works – Roads,No,No,NA ,13-Jan-2026 06:00 PM,NA ,180.0,No ,No,Online,03-Feb-2026 02:00 PM,Bodoland Territorial Council||PWD-BTC,Baksa,781346.0,2.0,"31,99,638",Karan Boro,"3,198,163",Rejected-Finance,07-May-2026,Bodoland Territorial Council||PWD-BTC
2026_PWD_50619_1,SSRDM/TC-65/NIT/PDNA/2025-26/2,Recovery and Reconstruction of Bansali NEC Road to Puthimar bazar (Pushkonipara ) under NDRF (PDNA-2022) for the year 2025-26. Package No. SSDTRD_PDNA_1,Recovery and Reconstruction of Bansali NEC Road to Puthimar bazar (Pushkonipara ) under NDRF (PDNA-2022) for the year 2025-26. Package No. SSDTRD_PDNA_1,Works,Open Tender,Item Rate,Civil Works – Roads,No,No,NA ,29-Jan-2026 04:00 PM,NA ,180.0,No ,No,Online,19-Feb-2026 10:30 AM,Public Works Roads Department,Mankachar,783131.0,2.0,"52,12,263",Rakibul Hassan Mollah,"3,596,461",Rejected-AOC,26-May-2026,Public Works Roads Department
2025_DAASC_48859_1,ASC/P864/FM Proc/25-26/1897(B),SUPPLY AND INSTALLATION OF SEED PROCESSING PLANT,SUPPLY AND INSTALLATION OF SEED PROCESSING PLANT,Goods,Open Tender,Supply,Machineries,No,No,NA ,26-Nov-2025 03:15 PM,NA ,90.0,No ,No,Online,18-Dec-2025 05:30 PM,Directorate of Agriculture and Assam Seed Corporation,"Darigaji Seed farm, ASC Ltd.",782137.0,2.0,,M/S RASHI ENTERPRISE,"5,049,000",Rejected-AOC,02-May-2026,Directorate of Agriculture and Assam Seed Corporation
2026_DoWR_51467_1,CACHAR/2025-26/SDMF/VIII,PROTECTION AND PREVENTION OF KRISHNAPUR AREA UNDER SILCHAR REVENUE CIRCLE FROM EROSION OF RIVER BORAK UNDER SDMF FOR THE YEAR 2025-26 IN CACHAR DISTRICT OF ASSAM.,PROTECTION AND PREVENTION OF KRISHNAPUR AREA UNDER SILCHAR REVENUE CIRCLE FROM EROSION OF RIVER BORAK UNDER SDMF FOR THE YEAR 2025-26 IN CACHAR DISTRICT OF ASSAM.,Works,Open Tender,Works,Civil Works,No,No,NA ,23-Feb-2026 06:55 PM,NA ,180.0,No ,No,Online,05-Mar-2026 03:00 PM,Department of Water Resources||Chief Engineer - DoWR,"Krishnapur, Silchar",788025.0,2.0,"20,55,19,132",MOINUL HOQUE,"205,513,000",Rejected-AOC,18-May-2026,Department of Water Resources||Chief Engineer - DoWR
2026_PCCF_51800_1,B/152/SOPD/2025-26/282 dated 09.03.2026,Construction of 4x4x4 RCC Box Culvert at Bontapu in Orang National Park,Construction of 4x4x4 RCC Box Culvert at Bontapu in Orang National Park under SOPD 2025-26,Works,Open Tender,Percentage,Civil Works,No,No,NA ,10-Mar-2026 10:00 AM,NA ,180.0,No ,No,Online,24-Apr-2026 11:00 AM,"Pr. Chief Conservator of Forest and Head of Forest Force||Principal Chief Conservator of Forests(Wildlife and Ch. Wildlife Warden)||Mangaldai Wildlife Division, Darrang","Orang National Park, Silbori, Darrang, Assam",784114.0,2.0,"45,76,000",KAMAL BAHADUR SANNYASHI,"4,118,400",Not Admitted-Fee/PreQual/Technical,26-May-2026,"Pr. Chief Conservator of Forest and Head of Forest Force||Principal Chief Conservator of Forests(Wildlife and Ch. Wildlife Warden)||Mangaldai Wildlife Division, Darrang"
2026_BTC_51975_1,No.ACE-106/PWD/IFB/PT-I/23-24,Const. of ICBP road from Gorom Bazar to Manashri Bazar at Bijni in Chirang Disrict of BTC for the year 2025-26 (Part-I) (From Ch. 0.00m to Ch. 4500.00m) TN_133_05,Const. of ICBP road from Gorom Bazar to Manashri Bazar at Bijni in Chirang Disrict of BTC for the year 2025-26 (Part-I) (From Ch. 0.00m to Ch. 4500.00m) TN_133_05,Works,Open Tender,Item Rate,Civil Works – Roads,No,No,NA ,13-Mar-2026 05:00 PM,NA ,180.0,No ,No,Online,02-Apr-2026 02:00 PM,Bodoland Territorial Council-PWD||Director Cum CHD - PWD BTC,Chirang,783390.0,2.0,"4,99,96,692",Jisoya Chompramary,"49,988,672.68",Accepted-AOC,18-May-2026,Bodoland Territorial Council-PWD||Director Cum CHD - PWD BTC
2026_PHED_51770_1,SEPH/GC/TB-152/Vol-43/25-26,Construction of ESR at Hatogaon Pt I PWSS,Construction of ESR at Hatogaon Pt I PWSS under Goalpara Division under SOPD-G for the year 2025-26,Works,Open Tender,Item Rate,Civil Works,No,No,NA ,09-Mar-2026 04:00 PM,16-Mar-2026 02:00 PM ,90.0,No ,No,Online,31-Mar-2026 03:00 PM,Public Health Engineering Department||Chief Engineer PHE(P)-Assam-PHED||Lower Assam Zone-Guwahati-PHED||Guwahati Circle-Guwahati-PHED,Hatogaon,783120.0,2.0,"20,78,000",Jalnur Hussain,"2,074,951",Accepted-AOC,15-May-2026,Public Health Engineering Department||Chief Engineer PHE(P)-Assam-PHED||Lower Assam Zone-Guwahati-PHED||Guwahati Circle-Guwahati-PHED
2026_GMC_50622_50,GER/CE/2525/2025/Part-I/ 9 Date_ 22 /01/2026,Package No. DSLT-Div-IV/4,"Cleaning, Desilting and Maintenance of Drains (Package No. DSLT-Div-IV/4) under Mitigation of Urban Flood in Guwahati City under Guwahati Municipal Corporation for the year 2026",Works,Open Tender,Lump-sum,Miscellaneous Works,No,No,NA ,04-Feb-2026 06:00 PM,05-Feb-2026 12:00 PM ,120.0,No ,No,Online,16-Feb-2026 02:30 PM,Guwahati Municipal Corporation,Guwahati,781006.0,2.0,"30,17,000",DIPAK SARMA,"2,259,431.3",Rejected-AOC,06-May-2026,Guwahati Municipal Corporation
2026_GMC_50622_44,GER/CE/2525/2025/Part-I/ 9 Date_ 22 /01/2026,Package No. DSLT-Div-III/19,"Cleaning, Desilting and Maintenance of Drains (Package No. DSLT-Div-III/19) under Mitigation of Urban Flood in Guwahati City under Guwahati Municipal Corporation for the year 2026",Works,Open Tender,Lump-sum,Miscellaneous Works,No,No,NA ,04-Feb-2026 06:00 PM,05-Feb-2026 12:00 PM ,120.0,No ,No,Online,16-Feb-2026 02:30 PM,Guwahati Municipal Corporation,Guwahati,781006.0,2.0,"15,67,000",BHASKAR JYOTI DEKA,"1,173,526.3",Accepted-AOC,13-May-2026,Guwahati Municipal Corporation
2025_PWD_47085_65,CE/DEV/TB/60/2025-26/15 Dtd- 06.08.2025,MMPPNA_RIDF_XXXI_25_26_454 Improvement of (i) road from Panerogarh Swapnargool PWD Road to South Swapnargool Bhairav Bari at Ward no. 4 (ii) Kamalpur PMGSY road near Kamalpur L.P. School to Kamalpur Bagacherra via Bhairavbari and Kamalpur Masjid (iii,MMPPNA_RIDF_XXXI_25_26_454 Improvement of (i) road from Panerogarh Swapnargool PWD Road to South Swapnargool Bhairav Bari at Ward no. 4 (ii) Kamalpur PMGSY road near Kamalpur L.P. School to Kamalpur Bagacherra via Bhairavbari and Kamalpur Masjid (iii,Works,Open Tender,Item Rate,Civil Works – Roads,No,No,NA ,08-Sep-2025 01:00 PM,08-Sep-2025 02:00 PM ,180.0,No ,No,Online,19-Sep-2025 02:30 PM,Public Works Roads Department,Sribhumi North,788710.0,2.0,"3,51,49,000",SAMSUL HOQUE CHOUDHURY,"35,148,500",Rejected-Finance,16-May-2026,Public Works Roads Department
2026_GMC_50622_78,GER/CE/2525/2025/Part-I/ 9 Date_ 22 /01/2026,Package No. DSLT-Div-VI/8,"Cleaning, Desilting and Maintenance of Drains (Package No. DSLT-Div-VI/8) under Mitigation of Urban Flood in Guwahati City under Guwahati Municipal Corporation for the year 2026",Works,Open Tender,Lump-sum,Miscellaneous Works,No,No,NA ,05-Feb-2026 12:10 PM,05-Feb-2026 12:10 PM ,120.0,No ,No,Online,16-Feb-2026 02:30 PM,Guwahati Municipal Corporation,Guwahati,781006.0,2.0,"31,03,000",SARAT DAS,"2,141,070",Rejected-Technical,06-May-2026,Guwahati Municipal Corporation
2025_PWD_49268_2,TB-62/GWC/2024-25/1718 Dtd. 01-12-2025,"Construction of GWC Road from No.1 Tarajan PWD Road to Mohmora PWD Road via Balijan under SOPD-G for the year 2025-26, 80 No. Jonai LAC.","Construction of GWC Road from No.1 Tarajan PWD Road to Mohmora PWD Road via Balijan under SOPD-G for the year 2025-26, 80 No. Jonai LAC.",Works,Open Tender,Item Rate,Civil Works,No,No,NA ,12-Dec-2025 02:00 PM,NA ,180.0,No ,No,Online,19-Dec-2025 10:00 AM,Public Works Roads Department,Jonai,787060.0,2.0,"31,42,100",Dikankar Kashyap,"3,141,884.75",Accepted-AOC,02-Feb-2026,Public Works Roads Department
2026_PWD_51857_1,BDTRD_BKT_ETENDER_25-26_03,"Construction of Road from NH-39 to Numaligarh Bormohori Pathar under deposit fund of NRL for the year 2025-26 under Bokakhat and Dergaon Territorial Road Division, Bokakhat.","Construction of Road from NH-39 to Numaligarh Bormohori Pathar under deposit fund of NRL for the year 2025-26 under Bokakhat and Dergaon Territorial Road Division, Bokakhat.",Works,Open Tender,Item Rate,Civil Works – Roads,No,No,NA ,10-Mar-2026 04:15 PM,12-Mar-2026 10:00 AM ,180.0,No ,No,Online,16-Mar-2026 02:00 PM,Public Works Roads Department,"Numaligarh, Bokakhat LAC",785612.0,2.0,"1,80,07,000",Sri Manoj Pareek,"18,006,700",Rejected-AOC,07-May-2026,Public Works Roads Department
2026_PCCF_50227_1,O.O. 19 dated 12/01/2026,Construction of Chain-linked Fencing with 3 strand barbed wire to be filled on pre-cast RCC pillars,Construction of Chain-linked Fencing with 3 strand barbed wire to be filled on pre-cast RCC pillars,Works,Open Tender,Percentage,Civil Works,No,No,NA ,13-Jan-2026 05:00 PM,NA ,180.0,No ,No,Online,29-Jan-2026 12:00 PM,"Pr. Chief Conservator of Forest and Head of Forest Force||Chief Conservator of Forests (Upper Assam Zone)||Northern Assam Circle, Tezpur||Nagaon Division",Nagaon,782001.0,2.0,"14,30,121",STANDARD CREATION,"1,287,108.9",Rejected-Technical,15-May-2026,"Pr. Chief Conservator of Forest and Head of Forest Force||Chief Conservator of Forests (Upper Assam Zone)||Northern Assam Circle, Tezpur||Nagaon Division"
2025_BoTC_49426_1,SE(R/B)/20-21/Pt-III/03/201_1,Package No.201_1,Construction of ICBP road from Deorgaon link road to Krishna Mondal House at Khoirabari under Balipara VCDC under CM Goodwill Mission Project under RIDF-XXXI of NABARD for the year 2025-26.,Works,Open Tender,Item Rate,Civil Works – Roads,No,No,NA ,19-Dec-2025 01:00 PM,NA ,180.0,No ,No,Online,09-Jan-2026 01:30 PM,Bodoland Territorial Council||PWD-BTC,"Khoirabari, Udalguri district",784522.0,2.0,"99,98,000",BULBUL HOQUE,"9,997,000",Accepted-AOC,05-May-2026,Bodoland Territorial Council||PWD-BTC
2026_WPTBC_52061_1,SCDCTECHHOSTELRATABARI,Construction of SC Boys Hostel at Cachar Ramkrishna Nagar College Ratabari,Construction of SC Boys Hostel at Cachar Ramkrishna Nagar College Ratabari,Works,Open Tender,Item Rate,Civil Works,No,No,NA ,19-Mar-2026 09:00 AM,NA ,180.0,No ,No,Online,23-Mar-2026 02:00 PM,Welfare of Plain Tribes and Backward Classes||Directorate of Welfare of Scheduled Caste||Assam State Development Corporation for SC,"DISPUR, GHY-06",781006.0,2.0,"7,00,00,000",KHAGENDRA NATH SARKAR,"70,000,000",Accepted-AOC,15-May-2026,Welfare of Plain Tribes and Backward Classes||Directorate of Welfare of Scheduled Caste||Assam State Development Corporation for SC
2026_TDA_50117_1,AIWCL/31/2024/15,Construction of temporary Jetty Ramp and Side Railing and Miscellaneous works at North Bank Entry and Exit and South Bank of Guwahati Umananda Ferry Service,Construction of temporary Jetty Ramp and Side Railing and Miscellaneous works at North Bank Entry and Exit and South Bank of Guwahati Umananda Ferry Service,Works,Open Tender,Works,Civil Works,No,No,NA ,19-Jan-2026 11:10 AM,NA ,45.0,No ,No,Online,29-Jan-2026 04:00 PM,Transport Department||Assam Inland Waterways Company Limited,Guwahati,781007.0,1.0,,GAJEN KALITA,"513,619.98",Accepted-AOC,27-May-2026,Transport Department||Assam Inland Waterways Company Limited
2025_PWD_47428_2,CE/Commn/16/2025-26/24(Re-Bid),Dergaon / MMPNA/1,"Re-Construction of Road from (i) Athgaon to Furkating,(ii)Dohotiaali (KanimahalChariali to KamargaonTiniali road, (iii) KanimoholChariali to ahom gaon, (iv)Dhoniramali to Gwalgaon under MMPNA for 25-26",Works,Open Tender,Item Rate,Civil Works – Roads,No,No,NA ,11-Sep-2025 11:00 AM,15-Sep-2025 04:00 PM ,180.0,No ,No,Online,19-Sep-2025 02:30 PM,Public Works Roads Department,Dergaon,785614.0,2.0,"2,19,46,000",Gauri Constructions and Services,"21,945,240",Accepted-AOC,21-May-2026,Public Works Roads Department
2026_PWBNH_51450_1,SE/BII/TECH/GAUHATI UNIVERSITY,"Construction of a Seminar cum conference Hall in the Department of Botany, Gauhati University, Jalukbari, Guwahati, Assam","Construction of a Seminar cum conference Hall in the Department of Botany, Gauhati University, Jalukbari, Guwahati, Assam",Works,Open Tender,Item Wise,Civil Works - Building,No,No,NA ,25-Feb-2026 12:00 PM,02-Mar-2026 12:00 PM ,180.0,No ,No,Online,20-Mar-2026 11:00 AM,Public Works Building and NH Department||Chief Engineer-Building - PWBNH||SE-Guwahati Circle-2 - PWBNH,GUWAHATI UNIVERSITY,781014.0,2.0,"23,81,178",Sri Ashok Kalita,"2,491,660",Rejected-AOC,15-May-2026,Public Works Building and NH Department||Chief Engineer-Building - PWBNH||SE-Guwahati Circle-2 - PWBNH
2026_BTC_50188_7,ACE-25/PWD/IFB/BTC/2025-26/64,Construction of New Building of 100 Secondary Schools in 35 Districts of Assam under RIDF-XXXI (2025-26) at Bijni Bandhab Higher Secondary School at Chirang District under Kokrajhar and Chirang DTBD. (Package-87),Construction of New Building of 100 Secondary Schools in 35 Districts of Assam under RIDF-XXXI (2025-26) at Bijni Bandhab Higher Secondary School at Chirang District under Kokrajhar and Chirang DTBD.,Works,Open Tender,Works,Civil Works,No,No,NA ,12-Jan-2026 06:00 PM,24-Jan-2026 12:00 PM ,180.0,No ,No,Online,02-Feb-2026 03:00 PM,Bodoland Territorial Council-PWD||Director Cum CHD - PWD BTC,Kokrajhar,783370.0,2.0,"3,98,38,000",DHRUBAJYOTI DAS,"39,837,000",Accepted-AOC,04-May-2026,Bodoland Territorial Council-PWD||Director Cum CHD - PWD BTC
2025_NHM_46857_1,NHM/32023/408/2022-Cons/NHM,Construction of Buildingless Sub Health Centre in Baralakhaity SC in Darrang District under PM ABHIM for FY 2021-22 under NHM on turnkey Basis,Construction of Buildingless Sub Health Centre in Baralakhaity SC in Darrang District under PM ABHIM for FY 2021-22 under NHM on turnkey Basis,Works,Open Tender,Turn-key,Civil Works - Building,No,No,NA ,22-Aug-2025 06:00 PM,NA ,180.0,No ,No,Online,05-Sep-2025 03:30 PM,National Health Mission||State Programme Management Unit - NHM,Darrang,784522.0,2.0,"52,03,000",RUDRA CONSTRUCTION AND SUPPLY,"5,200,000",Rejected-Technical,11-May-2026,National Health Mission||State Programme Management Unit - NHM
2025_PWD_46604_19,CE/STBR/SOPD-G/NIT/07/2025 26/8 Dated 29-07-2025,"STBR/SOPD-G/Jagiroad-14/58 1. Improvement of road from Naukota Dandua Patrobori Road (Ch. 4950.00 m to Ch. 8400.00 m ), 2. Improvement of road from Naramari 1 to Patrabori Road, 3. Improvement of road from Kumoi Ghagua Road and 4. Improvement of","STBR/SOPD-G/Jagiroad-14/58 1. Improvement of road from Naukota Dandua Patrobori Road (Ch. 4950.00 m to Ch. 8400.00 m ), 2. Improvement of road from Naramari 1 to Patrabori Road, 3. Improvement of road from Kumoi Ghagua Road and 4. Improvement of",Works,Open Tender,Item Rate,Civil Works – Roads,No,No,NA ,18-Aug-2025 05:00 PM,20-Aug-2025 11:00 AM ,180.0,No ,No,Online,02-Sep-2025 11:00 AM,Public Works Roads Department,Morigaon,782105.0,2.0,"61,89,000",BALEN CHANDRA DAS,"6,187,262",Accepted-AOC,06-May-2026,Public Works Roads Department
2026_PWBNH_51260_1,SE(B)/DBC/BSLIIILab/25-26/64,"Renovation of the BSL III Laboratory under the department of Microbiology, AMCH, Dibrugarh","Renovation of the BSL III Laboratory under the department of Microbiology, AMCH, Dibrugarh",Works,Open Tender,Item Rate,Civil Works - Building,No,No,NA ,17-Feb-2026 11:30 AM,24-Feb-2026 11:00 AM ,180.0,No ,No,Online,05-Mar-2026 03:00 PM,Public Works Building and NH Department||Chief Engineer-Building - PWBNH,DIBRUGARH,786001.0,2.0,"86,64,638",DEVA PROSAD MECH,"9,495,501",Rejected-AOC,14-May-2026,Public Works Building and NH Department||Chief Engineer-Building - PWBNH
2025_BoTC_45088_1,DPRD/BTC/(15th FC)UT(VIII)Udl-06/2025/10,Imp. of road with EF and SG from Uttar Bahadur Adarsha LP School to Nizwmpuri village including 3 Nos. HPC under 15 th FC for the year 2023-24 during 2025-26.,DPRD/BTC/(15th FC)UT(VIII)Udl-06/2025/10,Works,Open Tender,Item Rate,Civil Works,No,No,NA ,23-Jun-2025 10:30 AM,NA ,180.0,No ,No,Online,10-Jul-2025 02:30 PM,Bodoland Territorial Council||Panchayat and Rural Development-BTC,Udalguri,784509.0,2.0,"28,00,000",JIRIMIYA DAIMARI,"2,799,999.99",Rejected-AOC,30-Jul-2025,Bodoland Territorial Council||Panchayat and Rural Development-BTC
2025_PWD_47085_6,CE/DEV/TB/60/2025-26/15 Dtd- 06.08.2025,"MMPPNA_RIDF_XXXI_25_26_459 (1) Improvement of Bahadurpur CC road to Rakhaltillah Road, (2) Improvement of Road from Digli Kajal Basti PMGSY Road to Umednagar via Karjan Basti under Mukhya Mantrir Paki Path Nirman Achani (MMPPNA) under RIDF-XXXI of N","MMPPNA_RIDF_XXXI_25_26_459 (1) Improvement of Bahadurpur CC road to Rakhaltillah Road, (2) Improvement of Road from Digli Kajal Basti PMGSY Road to Umednagar via Karjan Basti under Mukhya Mantrir Paki Path Nirman Achani (MMPPNA) under RIDF-XXXI of N",Works,Open Tender,Item Rate,Civil Works – Roads,No,No,NA ,29-Aug-2025 09:00 AM,04-Sep-2025 12:00 PM ,180.0,No ,No,Online,19-Sep-2025 02:30 PM,Public Works Roads Department,Lakhipur,783129.0,2.0,"3,01,53,000",DEBOPRIYO DEB,"30,152,971",Rejected-Finance,26-May-2026,Public Works Roads Department
2025_PWD_46187_1,CE/Commn/16/25-26/10 (4gp),Demow/ SOPD/04,"Construction of 1)Raichai Udai Chuk (L465m), 2)Raichai Pukhuripar road (L 250m), 3)Raichai Konwar Dehingia road (L 345m) 4) Tongia Path by providing ICBP under SOPD-G under Sivasagar Demow Territorial Road Division, for the year 2025-26",Works,Open Tender,Item Rate,Civil Works – Roads,No,No,NA ,06-Aug-2025 02:00 PM,13-Aug-2025 04:00 PM ,180.0,No ,No,Online,27-Aug-2025 02:30 PM,Public Works Roads Department,Demow,785662.0,2.0,"1,49,54,100",TARUN CHETIA,"14,950,722.78",Rejected-AOC,19-May-2026,Public Works Roads Department
2025_PWD_48393_1,SKTRD/Tech/106/2025-26,SKTRD/SOPD-G/25-26/02,Improvement_of_road_(GWC)_from_Athubhanga_Muslimpara_to_Moirachora_Khelpathar_Road_under_SOPD(G)_for_the_year_2025_26,Works,Open Tender,Item Rate,Civil Works – Roads,No,No,NA ,04-Nov-2025 02:00 PM,09-Nov-2025 12:00 PM ,180.0,No ,No,Online,17-Nov-2025 02:30 PM,Public Works Roads Department,Kamrup Rural,781125.0,2.0,"18,50,000",A.R. ENTERPRISE,"1,850,000",Accepted-AOC,25-May-2026,Public Works Roads Department
2025_PWD_48869_1,ecf No.720769/3 CE/EAP/ARRBP/Jorhat/20,Jorhat/20 Construction of Bridge i) Br. No. 5/1 on Nagajanka to Udoipur Road,Construction of Bridge i) Br. No. 5/1 on Nagajanka to Udoipur Road,Works,Open Tender,Item Rate,Civil Works - Bridges,No,No,NA ,27-Nov-2025 09:00 AM,05-Dec-2025 11:00 AM ,90.0,No ,No,Online,29-Dec-2025 02:30 PM,Public Works Roads Department,Jorhat District,785634.0,2.0,"2,90,83,000",Sri Girin Chutia,"30,301,476",Accepted-AOC,19-May-2026,Public Works Roads Department
2025_PWBNH_48645_20,CE/TB-III(H_E)/40/2025/13 Dated 22-10-2025,Construction of New Building of 100 Secondary Schools under RIDF-XXXI (2025-26) for Bhagamukh Karikari HS under Jorhat DTBD ( Package-75),Construction of New Building of 100 Secondary Schools under RIDF-XXXI (2025-26) for Bhagamukh Karikari HS under Jorhat DTBD ( Package-75),Works,Open Tender,Item Rate,Civil Works - Building,No,No,NA ,19-Nov-2025 11:35 AM,25-Nov-2025 11:30 AM ,180.0,No ,No,Online,09-Dec-2025 04:00 PM,Public Works Building and NH Department||Chief Engineer-Building - PWBNH,Jorhat,785001.0,2.0,"3,98,37,952",M/S M.Bee Traders,"44,180,000",Accepted-AOC,25-May-2026,Public Works Building and NH Department||Chief Engineer-Building - PWBNH
2025_PWD_46612_1,CE/STBR/SOPD-G/NIT/07/2025 26/13 Dated 07-08-2025,STBR/SOPD-G/Naduar-01 (i) Construction of Road from NH-15 to Sankardev Sangha Adhiveshan Thali (VIP Road) (L 300.00 M) (ii) Construction of Road from Naharbari Panigaon Road to Sankardev Sangha Adhiveshan Thali (Main Gate) (L 300.00 M) (iii) Constr,STBR/SOPD-G/Naduar-01 (i) Construction of Road from NH-15 to Sankardev Sangha Adhiveshan Thali (VIP Road) (L 300.00 M) (ii) Construction of Road from Naharbari Panigaon Road to Sankardev Sangha Adhiveshan Thali (Main Gate) (L 300.00 M) (iii) Constr,Works,Open Tender,Item Rate,Civil Works – Roads,No,No,NA ,18-Aug-2025 01:00 PM,20-Aug-2025 11:00 AM ,180.0,No ,No,Online,02-Sep-2025 11:00 AM,Public Works Roads Department,Naduar,784001.0,2.0,"2,99,45,000",M/S SMB CONSTRUCTION,"29,943,200",Rejected-AOC,06-May-2026,Public Works Roads Department
2025_PWD_45820_31,CE/STBR/SOPD-G/NIT/07/2025 26/1 Dated 26-06-2025,STBR/SOPD-G/Hojai-05/108 i)Periodic Renewal of Road from Shikari Gate to Tetoiltola Road (Ch. 0.00 m to Ch. 1100.00 m) under Mukhya Mantrir Path Unnatikoron Aachani (SOPD) for the year 2025-26 in Hojai LAC of Hojai District. (ii) Hojai-Juraphukuri Ro,STBR/SOPD-G/Hojai-05/108 i)Periodic Renewal of Road from Shikari Gate to Tetoiltola Road (Ch. 0.00 m to Ch. 1100.00 m) under Mukhya Mantrir Path Unnatikoron Aachani (SOPD) for the year 2025-26 in Hojai LAC of Hojai District. (ii) Hojai-Juraphukuri Ro,Works,Open Tender,Item Rate,Civil Works – Roads,No,No,NA ,22-Jul-2025 05:00 PM,30-Jul-2025 11:00 AM ,180.0,No ,No,Online,11-Aug-2025 11:00 AM,Public Works Roads Department,Hojai,782435.0,2.0,"2,00,03,000",Pankaj sharma,"20,002,900",Rejected-AOC,06-May-2026,Public Works Roads Department
2025_PWD_45827_39,CE/MAINT/SOPDG/01/2025-26/02,MAINT/SOPD-G/2025-26/49,"MAINT/SOPD-G/2025-26/49_1Re-construction of Sapkata Chowk to Howlighat road under SOPD-G for the year 2025-26 and 2Re-construction of Purni-Borpit road under SOPD-G for the year 2025-26, Tihu LAC, Nalbari District",Works,Open Tender,Item Rate,Civil Works – Roads,No,No,NA ,23-Jul-2025 04:00 PM,24-Jul-2025 12:00 PM ,180.0,No ,No,Online,14-Aug-2025 11:00 AM,Public Works Roads Department,Nalbari,781335.0,2.0,"2,13,86,000",ABANI KUMAR DEKA,"21,386,000",Accepted-AOC,13-May-2026,Public Works Roads Department
2025_PWD_45820_30,CE/STBR/SOPD-G/NIT/07/2025 26/1 Dated 26-06-2025,STBR/SOPD-G/Hojai-04/107 Construction of Hojai Town Railway Gate No. 2 to Lal Patty Railway Quarter Road under Mukhya Mantrir Pakipath Nirman Aachani SOPD-G for the year 2025-26 of District Hojai (Hojai LAC),STBR/SOPD-G/Hojai-04/107 Construction of Hojai Town Railway Gate No. 2 to Lal Patty Railway Quarter Road under Mukhya Mantrir Pakipath Nirman Aachani SOPD-G for the year 2025-26 of District Hojai (Hojai LAC),Works,Open Tender,Item Rate,Civil Works – Roads,No,No,NA ,22-Jul-2025 05:00 PM,30-Jul-2025 11:00 AM ,180.0,No ,No,Online,11-Aug-2025 11:00 AM,Public Works Roads Department,Hojai,782435.0,2.0,"26,47,000",SUMAN DAS,"2,645,000",Rejected-AOC,14-May-2026,Public Works Roads Department
2025_PWBNH_48645_35,CE/TB-III(H_E)/40/2025/13 Dated 22-10-2025,Construction of New Building of 100 Secondary Schools under RIDF-XXXI (2025-26) for Kathalguri HSS under Naharkatia Duliajan TBD ( Package-61),Construction of New Building of 100 Secondary Schools under RIDF-XXXI (2025-26) for Kathalguri HSS under Naharkatia Duliajan TBD ( Package-61),Works,Open Tender,Item Rate,Civil Works - Building,No,No,NA ,04-Dec-2025 12:00 PM,10-Dec-2025 11:30 AM ,180.0,No ,No,Online,24-Dec-2025 04:00 PM,Public Works Building and NH Department||Chief Engineer-Building - PWBNH,Duliajan,786602.0,2.0,"4,12,11,021",M/S Manab Jyoti Gogoi & Co.,"44,800,000",Accepted-AOC,19-May-2026,Public Works Building and NH Department||Chief Engineer-Building - PWBNH
2025_BTC_49248_4,ACE-22/PWD/NIT/GOODWILL/25-26,Construction of RCC Br. No.1/1 at Geruapara to Nizpotola River on Gerua River under Bhergaon Dev. Block under CMs Goodwill Mission Project under RIDF-XXXI in Udalguri District for the year 2025-26. (Package No. TN_68_UDL_RIDF-XXXI_04),Construction of RCC Br. No.1/1 at Geruapara to Nizpotola River on Gerua River under Bhergaon Dev. Block under CMs Goodwill Mission Project under RIDF-XXXI in Udalguri District for the year 2025-26.,Works,Open Tender,Item Rate,Civil Works – Roads,No,No,NA ,12-Dec-2025 10:00 AM,26-Dec-2025 12:00 PM ,180.0,No ,No,Online,03-Jan-2026 11:00 AM,Bodoland Territorial Council-PWD||Director Cum CHD - PWD BTC,Udalguri,784509.0,2.0,"99,99,990",DABASHISH DAS,"9,999,190",Rejected-AOC,02-May-2026,Bodoland Territorial Council-PWD||Director Cum CHD - PWD BTC
2025_PWD_47085_7,CE/DEV/TB/60/2025-26/15 Dtd- 06.08.2025,MMPPNA_RIDF_XXXI_25_26_462 Improvement of Road from (1) Borthol factory to RCBP School (2) Ujanbadri PMGSY Road to Badribasti Nagapunji and Pashipara under Mukhya Mantrir Paki Path Nirman Achani (MMPPNA) under RIDF-XXXI of NABARD for the year 2025-26,MMPPNA_RIDF_XXXI_25_26_462 Improvement of Road from (1) Borthol factory to RCBP School (2) Ujanbadri PMGSY Road to Badribasti Nagapunji and Pashipara under Mukhya Mantrir Paki Path Nirman Achani (MMPPNA) under RIDF-XXXI of NABARD for the year 2025-26,Works,Open Tender,Item Rate,Civil Works – Roads,No,No,NA ,29-Aug-2025 09:00 AM,04-Sep-2025 12:00 PM ,180.0,No ,No,Online,19-Sep-2025 02:30 PM,Public Works Roads Department,Lakhipur,783129.0,2.0,"2,14,16,000",DEBOPRIYO DEB,"21,415,820",Rejected-Finance,26-May-2026,Public Works Roads Department
2026_PWD_50058_11,PRTRD/RKN/PDNA/ET/2026/1302,PRTRD_PDNA_ET_25_26_11 Recovery and reconstruction of road from Patharkandi -Kazirbazar at Duhalia to Modhurbond Nayabazar in Patharkandi LAC under NDRF (PDNA-2022) for the year 2025-26.,PRTRD_PDNA_ET_25_26_11 Recovery and reconstruction of road from Patharkandi -Kazirbazar at Duhalia to Modhurbond Nayabazar in Patharkandi LAC under NDRF (PDNA-2022) for the year 2025-26.,Works,Open Tender,Item Rate,Civil Works,No,No,NA ,09-Jan-2026 02:00 PM,12-Jan-2026 12:00 PM ,180.0,No ,No,Online,28-Jan-2026 11:00 AM,Public Works Roads Department,RK Nagar,788166.0,2.0,"29,63,709",KRISHNA DEBNATH,"2,963,697",Accepted-AOC,26-May-2026,Public Works Roads Department
2025_PWD_46604_18,CE/STBR/SOPD-G/NIT/07/2025 26/8 Dated 29-07-2025,STBR/SOPD-G/Jagiroad-17/61 Re-Construction of road from Govali to Nalini Road under SOPD-G in Morigaon District for the year 2025-26,STBR/SOPD-G/Jagiroad-17/61 Re-Construction of road from Govali to Nalini Road under SOPD-G in Morigaon District for the year 2025-26,Works,Open Tender,Item Rate,Civil Works – Roads,No,No,NA ,18-Aug-2025 05:00 PM,20-Aug-2025 11:00 AM ,180.0,No ,No,Online,02-Sep-2025 11:00 AM,Public Works Roads Department,Morigaon,782105.0,2.0,"41,31,000",M/S PREMIER ASSOCIATES,"4,130,736",Rejected-AOC,06-May-2026,Public Works Roads Department
2026_WPTBC_50032_1,PTDC/Engg/2024-25/463/01,Construction of Hostel at Colleges at 20 District of Assam,"Construction of Hostel at Colleges at 20 District of Assam under Article 275 (I) of the Constitution of India during the year 2025-26 (B.B Kishna College, Jalah, Baksa).",Works,Open Tender,Works,Civil Works,No,No,NA ,08-Jan-2026 09:00 AM,12-Jan-2026 12:00 PM ,180.0,No ,No,Online,26-Jan-2026 03:00 PM,Welfare of Plain Tribes and Backward Classes||Director - WPT and BC,Baksa,781372.0,2.0,"1,00,00,000",M/S J.K ENTERPRISE,"9,000,000",Rejected-Technical,15-May-2026,Welfare of Plain Tribes and Backward Classes||Director - WPT and BC
2026_BTC_50188_6,ACE-25/PWD/IFB/BTC/2025-26/64,Construction of New Building of 100 Secondary Schools in 35 Districts of Assam under RIDF-XXXI (2025-26) at Subhaijhar High School at Chirang District under Kokrajhar and Chirang DTBD. (Package-86),Construction of New Building of 100 Secondary Schools in 35 Districts of Assam under RIDF-XXXI (2025-26) at Subhaijhar High School at Chirang District under Kokrajhar and Chirang DTBD.,Works,Open Tender,Works,Civil Works,No,No,NA ,12-Jan-2026 06:00 PM,24-Jan-2026 12:00 PM ,180.0,No ,No,Online,02-Feb-2026 03:00 PM,Bodoland Territorial Council-PWD||Director Cum CHD - PWD BTC,Chirang,783390.0,2.0,"3,98,38,000",DHRUBAJYOTI DAS,"39,837,000",Accepted-AOC,07-May-2026,Bodoland Territorial Council-PWD||Director Cum CHD - PWD BTC
2025_PWBNH_48600_3,Tech-IV(H_E)/RIDF XXXI/01/2025/30 Dated Guwahati the 22nd Oct 2025,"Construction of New School Building of 100 Secondary School in 35 Districts of Assam under RDIF-XXXI (2025-26) for Dhalpur HS School, Dist North Lakhimpur DTBD package no 20","Construction of New School Building of 100 Secondary School in 35 Districts of Assam under RDIF-XXXI (2025-26) for Dhalpur HS School, Dist North Lakhimpur DTBD package no 20",Works,Open Tender,Item Rate,Civil Works - Building,No,No,NA ,14-Nov-2025 05:00 PM,17-Nov-2025 11:30 AM ,180.0,No ,No,Online,03-Dec-2025 04:00 PM,Public Works Building and NH Department||Chief Engineer-Building - PWBNH,North Lakhimpur,787001.0,2.0,"4,08,06,494",NITUMONI BARUAH,"42,029,550",Accepted-AOC,14-May-2026,Public Works Building and NH Department||Chief Engineer-Building - PWBNH
2026_BTC_51991_1,No.ACE-106/PWD/IFB/PT-I/23-24,"Repair and Renovation of District Centre Building, Kajalgaon, Chirang District. TN_133_11","Repair and Renovation of District Centre Building, Kajalgaon, Chirang District. TN_133_11",Works,Open Tender,Item Rate,Civil Works – Roads,No,No,NA ,13-Mar-2026 06:00 PM,NA ,180.0,No ,No,Online,02-Apr-2026 02:00 PM,Bodoland Territorial Council-PWD||Director Cum CHD - PWD BTC,Chirang,783390.0,2.0,"3,49,93,207",Sachin Basumatary,"34,990,000",Rejected-AOC,18-May-2026,Bodoland Territorial Council-PWD||Director Cum CHD - PWD BTC
2026_BTC_51197_1,No.ACE-133/PWD/G.79/2025-26/69,"Construction of Open Pendal at Lambari Hathkola near Shiv Mandir under SOPD Bodoland Welfare Department, 2025-26. TN_111_39","Construction of Open Pendal at Lambari Hathkola near Shiv Mandir under SOPD Bodoland Welfare Department, 2025-26. TN_111_39",Works,Open Tender,Item Rate,Civil Works - Building,No,No,NA ,16-Feb-2026 12:00 PM,NA ,180.0,No ,No,Online,05-Mar-2026 11:00 AM,Bodoland Territorial Council-PWD||Director Cum CHD - PWD BTC,Kokrajhar,783370.0,2.0,"7,99,997",ANNAI NARZARI,"799,997",Rejected-AOC,22-May-2026,Bodoland Territorial Council-PWD||Director Cum CHD - PWD BTC
2025_BTC_49348_1,No.ACE-22/PWD/NIT/GW/25-26/19,Construction of ICBP road from PWD Road near Jugu House to Maoria House via Banargaon Mondir at Banargaon Village Road under CMs Goodwill Mission Project under RIDF-XXXI of NABARD for the year 2025-26. TN_67KOK_RIDF-XXXI-39,Construction of ICBP road from PWD Road near Jugu House to Maoria House via Banargaon Mondir at Banargaon Village Road under CMs Goodwill Mission Project under RIDF-XXXI of NABARD for the year 2025-26. TN_67KOK_RIDF-XXXI-39,Works,Open Tender,Item Rate,Civil Works – Roads,No,No,NA ,15-Dec-2025 12:00 PM,NA ,180.0,No ,No,Online,07-Jan-2026 11:00 AM,Bodoland Territorial Council-PWD||Director Cum CHD - PWD BTC,Kokrajhar,783370.0,2.0,"1,00,00,000",MRIDUL KUMAR BASUMATARY,"9,999,985",Rejected-AOC,12-May-2026,Bodoland Territorial Council-PWD||Director Cum CHD - PWD BTC
2026_DoWR_49902_1,JORHAT/2025-26/ PDNA/WORK/IX,Restoration of flood damage for PDNA 2022 of B/Dyke from Rongdoi to Neamati at D/S of Vitor Kokila area.,Restoration of flood damage for PDNA 2022 of B/Dyke from Rongdoi to Neamati at D/S of Vitor Kokila area.,Works,Open Tender,Works,Civil Works,No,No,NA ,03-Jan-2026 02:05 PM,NA ,180.0,No ,No,Online,13-Jan-2026 03:00 PM,Department of Water Resources||Chief Engineer - DoWR,Jorhat,785001.0,2.0,"31,74,953",PIBCO ENTERPRISE,"3,173,921.85",Accepted-AOC,18-May-2026,Department of Water Resources||Chief Engineer - DoWR
2026_BTC_50929_1,No.ACE-133/PWD/G.79/2025-26/65,Repair and Renovation of Narayanpur L.P school under no. 27 Nagrijuli Constituency in Tamulpur. TN_107_20,Repair and Renovation of Narayanpur L.P school under no. 27 Nagrijuli Constituency in Tamulpur. TN_107_20,Works,Open Tender,Item Rate,Civil Works - Building,No,No,NA ,07-Feb-2026 12:00 PM,NA ,180.0,No ,No,Online,21-Feb-2026 02:00 PM,Bodoland Territorial Council-PWD||Director Cum CHD - PWD BTC,Kokrajhar,783370.0,2.0,"59,14,543",Raju Gupta,"5,913,223.84",Rejected-AOC,25-May-2026,Bodoland Territorial Council-PWD||Director Cum CHD - PWD BTC
2025_PWBNH_49077_1,Tech-I(H_E)/95/2025/44 Dated Guwahati the 3rd December 2025,Package No. 9 Construction of 100 Secondary School in 35 Districts of Assam under RDIF-XXXI (2025-26) for Chhagalia HS School under Dhubri DTBD,Package No. 9 Construction of 100 Secondary School in 35 Districts of Assam under RDIF-XXXI (2025-26) for Chhagalia HS School under Dhubri DTBD,Works,Open Tender,Item Rate,Civil Works - Building,No,No,NA ,05-Dec-2025 06:00 PM,09-Dec-2025 11:30 AM ,180.0,No ,No,Online,16-Dec-2025 04:00 PM,Public Works Building and NH Department||Chief Engineer-Building - PWBNH,Dhubri,783301.0,2.0,"4,07,92,499",SAILEN BAISHYA,"44,444,279",Accepted-AOC,04-May-2026,Public Works Building and NH Department||Chief Engineer-Building - PWBNH
2025_BoTC_45091_1,DPRD/BTC/(15th FC)UT(VIII)Udl-07/2025/10,Imp. of road with EF and SG from Simalubari Saotal Basti village to Kashipur Simlani Daifang PWD link road South and North side including 1 Nos of Box culvert and 4 Nos. of HPC Culvert under 15th FC Untied Grant for the year 2023-24 during 2025-26.,DPRD/BTC/(15th FC)UT(VIII)Udl-07/2025/10,Works,Open Tender,Item Rate,Civil Works,No,No,NA ,23-Jun-2025 10:30 AM,NA ,180.0,No ,No,Online,09-Jul-2025 02:30 PM,Bodoland Territorial Council||Panchayat and Rural Development-BTC,Udalguri,784509.0,2.0,"40,00,000",JIRIMIYA DAIMARI,"3,999,999.33",Rejected-AOC,30-Jul-2025,Bodoland Territorial Council||Panchayat and Rural Development-BTC
2025_PWD_49682_5,CE/DEV/TB/60/2025-26/62 Dtd- 23.12.2025,MMPPNA_RIDF_XXXI_25_26_185 Construction of Road from (1) Balijan to Dhekiapathar via Paniline (2) Khotiakholi Gaon Road under Mukhya Mantrir Paki Path Nirman Achani under RIDF-XXXI of NABARD for the year 2025-26.,MMPPNA_RIDF_XXXI_25_26_185 Construction of Road from (1) Balijan to Dhekiapathar via Paniline (2) Khotiakholi Gaon Road under Mukhya Mantrir Paki Path Nirman Achani under RIDF-XXXI of NABARD for the year 2025-26.,Works,Open Tender,Item Rate,Civil Works – Roads,No,No,NA ,27-Dec-2025 09:00 AM,29-Dec-2025 02:30 PM ,180.0,No ,No,Online,05-Jan-2026 02:30 PM,Public Works Roads Department,Bokakhat,785612.0,2.0,"2,98,99,000",DHANUKA CONSTRUCTION,"29,899,000",Accepted-AOC,21-May-2026,Public Works Roads Department
2025_PWD_49377_1,DRRD/TB/NIT/COM/2018-19/482,Construction of Road from BSF main Gate Bay Water Wing Dhubri Camp to Brahmaputra Water Wing Jetty (Ch. 0.00 m to Ch. 154.00 m) under SOPD G for the year 2025-2026,Construction of Road from BSF main Gate Bay Water Wing Dhubri Camp to Brahmaputra Water Wing Jetty (Ch. 0.00 m to Ch. 154.00 m) under SOPD G for the year 2025-2026,Works,Open Tender,Item Rate,Civil Works,No,No,NA ,16-Dec-2025 11:00 AM,17-Dec-2025 04:00 PM ,90.0,No ,No,Online,07-Jan-2026 11:00 AM,Public Works Roads Department,DHUBRI,783301.0,2.0,"27,53,000",CHAITANYA DAS,"2,752,999.17",Accepted-AOC,05-Feb-2026,Public Works Roads Department
2026_WPTBC_52120_1,PTDC/Engg/2026-27/538,"Major Renovation at Naharbari Novodaya ME School, Bordoloni, Dist - Dhemaji under DAJGUA during the year 2025-26.","Major Renovation at Naharbari Novodaya ME School, Bordoloni, Dist - Dhemaji under DAJGUA during the year 2025-26.",Works,Open Tender,Item Rate,Civil Works,No,No,NA ,17-Mar-2026 02:00 PM,23-Mar-2026 11:30 AM ,180.0,No ,No,Online,09-Apr-2026 03:00 PM,Welfare of Plain Tribes and Backward Classes||Director - WPT and BC,Dhemaji,787059.0,2.0,"74,98,245",RAHUL PATIR,"7,498,244.23",Rejected-AOC,20-May-2026,Welfare of Plain Tribes and Backward Classes||Director - WPT and BC
2025_PWD_45926_158,CE/DEV/TB/60/2025-26/06 Dtd- 14.07.2025,MMPPNA_RIDF_XXXI_25_26_352 Construction of (i) BRN to Thengalgaon Road (Ch. 0.00m to Ch. 2000.00 m) (ii) Gar Ali to Mohimabari Connecting Road under Mukhya Mantrir Paki Path Nirman Achani (MMPPNA) under RIDF-XXXI of NABARD for the year 2025-26.,MMPPNA_RIDF_XXXI_25_26_352 Construction of (i) BRN to Thengalgaon Road (Ch. 0.00m to Ch. 2000.00 m) (ii) Gar Ali to Mohimabari Connecting Road under Mukhya Mantrir Paki Path Nirman Achani (MMPPNA) under RIDF-XXXI of NABARD for the year 2025-26.,Works,Open Tender,Item Rate,Civil Works – Roads,No,No,NA ,01-Aug-2025 06:00 PM,04-Aug-2025 12:00 PM ,180.0,No ,No,Online,14-Aug-2025 02:30 PM,Public Works Roads Department,Titabor,785630.0,2.0,"2,31,01,000",Tej Karan Jain,"23,100,075",Rejected-Finance,19-May-2026,Public Works Roads Department
2026_PWD_49840_1,CE/DEV/TB/120/2025-26/40 Dtd- 18.12.2025,"SOPD_G_25_26_50 Construction of Road from S.K. Road to Ranghar (Ch. 0.00 m to Ch.2000.00 m) and Bhangarpar Babur Bazar Road to Ranghar Br.Approach (Ch.0.00 m to Ch.1100.00 m) under SOPD-G for the year 2025-26, Borkhola LAC.","SOPD_G_25_26_50 Construction of Road from S.K. Road to Ranghar (Ch. 0.00 m to Ch.2000.00 m) and Bhangarpar Babur Bazar Road to Ranghar Br.Approach (Ch.0.00 m to Ch.1100.00 m) under SOPD-G for the year 2025-26, Borkhola LAC.",Works,Open Tender,Item Rate,Civil Works – Roads,No,No,NA ,01-Jan-2026 06:05 PM,01-Jan-2026 06:15 PM ,180.0,No ,No,Online,12-Jan-2026 02:30 PM,Public Works Roads Department,Borkhola,788110.0,2.0,"2,62,69,000",DEBOJIT DEB,"26,268,346",Accepted-AOC,26-May-2026,Public Works Roads Department
2026_GMC_50622_79,GER/CE/2525/2025/Part-I/ 9 Date_ 22 /01/2026,Package No. DSLT-Div-VI/9,"Cleaning, Desilting and Maintenance of Drains (Package No. DSLT-Div-VI/9) under Mitigation of Urban Flood in Guwahati City under Guwahati Municipal Corporation for the year 2026",Works,Open Tender,Lump-sum,Miscellaneous Works,No,No,NA ,05-Feb-2026 12:15 PM,05-Feb-2026 12:15 PM ,120.0,No ,No,Online,16-Feb-2026 02:30 PM,Guwahati Municipal Corporation,Guwahati,781006.0,2.0,"19,04,000",SARAT DAS,"1,424,192",Rejected-Technical,06-May-2026,Guwahati Municipal Corporation
2025_PWD_46081_3,T/CC/ETN/SIL/2025-26/368(T),"Construction of road from Uttar Doloicherra Colony MMPPNA Road to Majhipara under Mukhya Mantrir Pakipath Nirman Aachani (MMPPNA) under SOPD-G for the year 2025-26 under Lakhipur Civil Sub Division Territorial Road Division,Lakhipur LAC","Con of rd from Uttar Doloicherra Colony MMPPNA Road to Majhipara under Mukhya Mantrir Pakipath Nirman Aachani (MMPPNA) under SOPD-G for the yr 25-26 under LCSTR Div,Lakhipur LAC, P/No.SE/LAK/MMPPNA/25--26/3",Works,Open Tender,Item Rate,Civil Works – Roads,No,No,NA ,05-Aug-2025 09:00 AM,12-Aug-2025 02:00 PM ,180.0,No ,No,Online,20-Aug-2025 03:10 PM,Public Works Roads Department,Cachar District.,788103.0,2.0,"54,83,859",MS LUCKY ENTERPRISE,"5,483,859",Rejected-AOC,23-May-2026,Public Works Roads Department
2025_PWD_45408_94,CE/DEV/TB/60/2025-26/01 Dtd- 21.06.2025,"MMPPNA_RIDF_XXXI_25_26_07 Construction of (1) Chengahiloi Bodo LP School to Durga Mandap road including Cross drainage Works, (2) Road from Simoluguri LP School to Silikhabari HS School, (3) Road from Panbari PWSS to Natun Tarajan LP School under Muk","MMPPNA_RIDF_XXXI_25_26_07 Construction of (1) Chengahiloi Bodo LP School to Durga Mandap road including Cross drainage Works, (2) Road from Simoluguri LP School to Silikhabari HS School, (3) Road from Panbari PWSS to Natun Tarajan LP School under Muk",Works,Open Tender,Item Rate,Civil Works – Roads,No,No,NA ,11-Jul-2025 05:00 PM,17-Jul-2025 12:00 PM ,180.0,No ,No,Online,28-Jul-2025 02:30 PM,Public Works Roads Department,Barchalla,782103.0,2.0,"3,81,49,000",M/S ZENITH INFRA,"38,139,000",Accepted-AOC,26-May-2026,Public Works Roads Department
2025_DoWR_43069_1,FREMAA_CS14_M_E CONSULTANTS,"Request for Proposals for Engagement of Consultant for Monitoring and Evaluation of the implementation of ESMF, GAP, SEP, ESMPs and RAPs for under AIRBMP","Request for Proposals for Engagement of Consultant for Monitoring and Evaluation of the implementation of ESMF, GAP, SEP, ESMPs and RAPs for under AIRBMP",Services,Open Tender,Lump-sum,Consultancy,No,No,NA ,22-Feb-2025 09:00 AM,04-Mar-2025 01:00 PM ,120.0,No ,No,Not Applicable,09-Apr-2025 04:00 PM,Department of Water Resources||Flood and River Erosion Management Agency of Assam,Assam,781028.0,2.0,"96,91,440",BKLG VENDORS PRIVATE LIMITED,"5,080,000",Rejected-Finance,15-May-2026,Department of Water Resources||Flood and River Erosion Management Agency of Assam
2026_BTC_51213_1,No.ACE-133/PWD/G.79/2025-26/69,Infrastructure Development of Mazbat Anchalik Brahma Mandir under SOPD Bodoland Welfare Department 2025-26. TN_111_05,Infrastructure Development of Mazbat Anchalik Brahma Mandir under SOPD Bodoland Welfare Department 2025-26. TN_111_05,Works,Open Tender,Item Rate,Civil Works - Building,No,No,NA ,16-Feb-2026 12:00 PM,NA ,180.0,No ,No,Online,05-Mar-2026 11:00 AM,Bodoland Territorial Council-PWD||Director Cum CHD - PWD BTC,Udlaguri,784509.0,2.0,"17,21,863",Sansuma Daimari,"1,721,500",Rejected-AOC,25-May-2026,Bodoland Territorial Council-PWD||Director Cum CHD - PWD BTC
2026_GMC_50622_45,GER/CE/2525/2025/Part-I/ 9 Date_ 22 /01/2026,Package No. DSLT-Div-III/20,"Cleaning, Desilting and Maintenance of Drains (Package No. DSLT-Div-III/20) under Mitigation of Urban Flood in Guwahati City under Guwahati Municipal Corporation for the year 2026",Works,Open Tender,Lump-sum,Miscellaneous Works,No,No,NA ,04-Feb-2026 06:00 PM,05-Feb-2026 12:00 PM ,120.0,No ,No,Online,16-Feb-2026 02:30 PM,Guwahati Municipal Corporation,Guwahati,781006.0,2.0,"51,58,000",P.S. ENTERPRISE,"3,553,346",Rejected-AOC,06-May-2026,Guwahati Municipal Corporation
2025_GMC_47287_22,GER/CE/2504/2025/05 Dated_01/09/2025,Construction of Community Hall under Ward No-25,Construction of Community Hall under Ward No-25,Works,Open Tender,Lump-sum,Civil Works,No,No,NA ,06-Sep-2025 05:30 PM,08-Sep-2025 12:00 PM ,120.0,No ,No,Online,07-Oct-2025 02:30 PM,Guwahati Municipal Corporation,Guwahati,781006.0,2.0,,JITU TALUKDAR,"1,800,000",Accepted-AOC,07-May-2026,Guwahati Municipal Corporation
2026_GMC_50622_51,GER/CE/2525/2025/Part-I/ 9 Date_ 22 /01/2026,Package No. DSLT-Div-IV/5,"Cleaning, Desilting and Maintenance of Drains (Package No. DSLT-Div-IV/5) under Mitigation of Urban Flood in Guwahati City under Guwahati Municipal Corporation for the year 2026",Works,Open Tender,Lump-sum,Miscellaneous Works,No,No,NA ,04-Feb-2026 06:30 PM,05-Feb-2026 12:00 PM ,120.0,No ,No,Online,16-Feb-2026 02:30 PM,Guwahati Municipal Corporation,Guwahati,781006.0,2.0,"31,56,000",P.S. ENTERPRISE,"2,651,040",Rejected-Technical,06-May-2026,Guwahati Municipal Corporation
2026_BoTC_50070_7,SE(R/B)/20-21/Pt-III/20,Package No.203_7,Recovery and Re-construction of Garogaon to Saaotalgaon under NDRF(PDNA-2022) for the year 2025-26.,Works,Open Tender,Item Rate,Civil Works – Roads,No,No,NA ,08-Jan-2026 03:00 PM,NA ,180.0,No ,No,Online,29-Jan-2026 01:30 PM,Bodoland Territorial Council||PWD-BTC,"Mazbat, Udalguri dist",784507.0,2.0,"34,47,000",SRI BIJU NATH BASUMATARY,"3,446,988",Rejected-AOC,18-May-2026,Bodoland Territorial Council||PWD-BTC
2026_BTC_51034_7,ACE-25/PWD/IFB/BTC/2025-26/70,Construction of CC Block road from Dalgaon-Kopati PWD road East Jhakuapara Under SOPD(BTC) for the year 2025-26. (TN_118_7),Construction of CC Block road from Dalgaon-Kopati PWD road East Jhakuapara Under SOPD(BTC) for the year 2025-26.,Works,Open Tender,Item Rate,Civil Works,No,No,NA ,11-Feb-2026 10:00 AM,18-Feb-2026 12:00 PM ,180.0,No ,No,Online,02-Mar-2026 03:00 PM,Bodoland Territorial Council-PWD||Director Cum CHD - PWD BTC,Udalguri,784509.0,2.0,"60,91,998",BINU RAM BORO,"6,089,770",Accepted-AOC,19-May-2026,Bodoland Territorial Council-PWD||Director Cum CHD - PWD BTC
2025_PWD_48388_3,CE/DEV/TB/60/2025-26/52 Dtd- 31.10.2025,MMPPNA_RIDF_XXXI_25_26_421 Improvement of (1) Gobartari Tiniali to Kulamuya Choto Nichinpur E and D Bundh via Nichinpur Bazar (2) Matakata PMGSY Road to Paikarpara E and D Bundh (3) Shimulchala RM road to Nessai via Amchala Village (Ch. 0.00 m to Ch.,MMPPNA_RIDF_XXXI_25_26_421 Improvement of (1) Gobartari Tiniali to Kulamuya Choto Nichinpur E and D Bundh via Nichinpur Bazar (2) Matakata PMGSY Road to Paikarpara E and D Bundh (3) Shimulchala RM road to Nessai via Amchala Village (Ch. 0.00 m to Ch.,Works,Open Tender,Item Rate,Civil Works – Roads,No,No,NA ,03-Nov-2025 02:00 PM,06-Nov-2025 02:30 PM ,180.0,No ,No,Online,17-Nov-2025 02:30 PM,Public Works Roads Department,Birsingjarua,783330.0,2.0,"3,91,18,000",Dhaneswar Kalita,"33,250,300",Accepted-AOC,26-May-2026,Public Works Roads Department
2026_BoTC_50578_1,DPRD/BTC/6th ASFC/DG/Bak-15/2025/39,Construction of New Office Building of Tihu-Barama Dev. Block under the Award of Direct Grant of 6th ASFC fund for the year 2021-22 (1st Installment) during 2025-26.,DPRD/BTC/6th ASFC/DG/Bak-15/2025/39,Works,Open Tender,Item Rate,Civil Works - Building,No,No,NA ,27-Jan-2026 10:30 AM,NA ,180.0,No ,No,Online,18-Feb-2026 03:30 PM,Bodoland Territorial Council||Panchayat and Rural Development-BTC,Baska,781366.0,2.0,"1,50,00,000",M/s Maa Enterprise,"14,998,807.39",Rejected-AOC,12-Mar-2026,Bodoland Territorial Council||Panchayat and Rural Development-BTC
2026_PWD_50183_11,CE/Commn/192/2025-26/24,PDNA/ Dima Hasao /16,Recovery and Reconstruction of Old Kubin to Mongon Road under NDRF (PDNA-2022) for the year 2025-26,Works,Open Tender,Item Rate,Civil Works – Roads,No,No,NA ,12-Jan-2026 05:00 PM,16-Jan-2026 04:00 PM ,180.0,No ,No,Online,22-Jan-2026 02:30 PM,Public Works Roads Department||CE PWD(R) - PWD||Traffic Engineering Cell - PWD,Dimahasao,788830.0,2.0,"4,00,00,000",Sri Peheisang Raimme,"33,392,000",Not Admitted-Fee/PreQual/Technical,26-May-2026,Public Works Roads Department||CE PWD(R) - PWD||Traffic Engineering Cell - PWD
2025_SEEDE_48675_1,GS-01d (Lot 2),Additional Supply Installation Testing and Commissioning of furniture for ASU,"Additional Supply, Installation, Testing and Commissioning of furniture for ASU",Goods,Open Tender,Item Rate,Laboratory and scientific equipment,No,No,NA ,17-Nov-2025 03:30 PM,26-Nov-2025 03:00 PM ,150.0,No ,No,Online,26-Dec-2025 04:00 PM,Skill Employment and Entrepreneurship Department- Externally Aided Project||Assam Skill University Project- ADB Funded Tenders,"3rd Floor, DECT Complex, Rehabari, Guwahati-08",784125.0,1.0,,ROYAL SAFE COMPANY (KB),"19,835,108.36",Accepted-AOC,05-May-2026,Skill Employment and Entrepreneurship Department- Externally Aided Project||Assam Skill University Project- ADB Funded Tenders
2025_AEGCL_47847_1,MD/CGM/CAR/Spare Equip/90/1,"Supply of 132kV CT, 132kV PT, 132kV LA, 33kV VCB, 33kV CT, 33kV LA for Sub-Stations under Central Assam Region, AEGCL","Supply of 132kV CT, 132kV PT, 132kV LA, 33kV VCB, 33kV CT, 33kV LA for Sub-Stations under Central Assam Region, AEGCL",Goods,Open Tender,Supply,Supply of Materials,No,No,NA ,08-Oct-2025 09:00 AM,NA ,180.0,No ,No,Online,29-Nov-2025 01:00 PM,Assam Electricity Grid Corporation Ltd||CGM (T and T),"Samaguri, Nagaon 782140 and Srikona cachar 788026",782140.0,2.0,"63,11,124",ARADHANA AGENCY,"5,836,870",Accepted-AOC,10-Mar-2026,Assam Electricity Grid Corporation Ltd||CGM (T and T)
2026_WPTBC_52122_1,PTDC/Engg/2026-27/543,Construction of Integrated Sports Facilities in Tribal Areas of Assam Rs.60.00 lakh under Article 275 (I) of the Constitution of India during the year 2025-26.,Construction of Integrated Sports Facilities in Tribal Areas of Assam Rs.60.00 lakh under Article 275 (I) of the Constitution of India during the year 2025-26.,Works,Open Tender,Item Rate,Civil Works,No,No,NA ,17-Mar-2026 02:00 PM,23-Mar-2026 11:30 AM ,180.0,No ,No,Online,09-Apr-2026 03:00 PM,Welfare of Plain Tribes and Backward Classes||Director - WPT and BC,10 district of Assam,781001.0,2.0,"6,00,00,000",S S ENTERPRISE,"59,997,968.79",Rejected-Technical,15-May-2026,Welfare of Plain Tribes and Backward Classes||Director - WPT and BC
2026_BoTC_50070_5,SE(R/B)/20-21/Pt-III/20,Package No.203_5,Recovery and Re-construction of RCC Slab Culvert at Natun Bazar to NC Fata Simulu Road under NDRF(PDNA-2022) for the year 2025-26.,Works,Open Tender,Item Rate,Civil Works – Roads,No,No,NA ,08-Jan-2026 03:00 PM,NA ,180.0,No ,No,Online,29-Jan-2026 01:30 PM,Bodoland Territorial Council||PWD-BTC,"Mazbat, Udalguri dist",784507.0,2.0,"34,29,995",Rahamat Ali,"3,426,679",Rejected-AOC,07-May-2026,Bodoland Territorial Council||PWD-BTC
2026_BTC_50916_1,No.ACE-133/PWD/G.79/2025-26/65,"Repair and Renovation of High ME School under WBD Department in BTC area under SOPD for the year 2025-26 (Naokata Milan Higher Secondary School, Tamulpur). TN_107_08","Repair and Renovation of High ME School under WBD Department in BTC area under SOPD for the year 2025-26 (Naokata Milan Higher Secondary School, Tamulpur). TN_107_08",Works,Open Tender,Item Rate,Civil Works - Building,No,No,NA ,07-Feb-2026 12:00 PM,NA ,180.0,No ,No,Online,21-Feb-2026 02:00 PM,Bodoland Territorial Council-PWD||Director Cum CHD - PWD BTC,Kokrajhar,783370.0,2.0,"59,99,993",Ananda Ram Boro,"5,981,369.59",Accepted-AOC,28-May-2026,Bodoland Territorial Council-PWD||Director Cum CHD - PWD BTC
2025_PWD_49791_8,CE/Commn/192/PDNA/2025-26/12,PDNA/ Cachar /12,Recovery and Re-construction of Badarpur Masimpur Road (Ch.3000.00m to Ch.5225.00m) in stretches under NDRF(PDNA-2022) for the year 2025-26,Works,Open Tender,Item Rate,Civil Works – Roads,No,No,NA ,31-Dec-2025 05:00 PM,NA ,180.0,No ,No,Online,12-Jan-2026 02:30 PM,Public Works Roads Department,Cachar,788001.0,2.0,"69,73,000",M.S. CONSTRUCTION,"6,959,056",Accepted-AOC,12-May-2026,Public Works Roads Department
2025_DoWR_47549_1,BAKSA/2025-26/RIDF/III,"Construction of new embankment on both bank of river Pohumara and Anglisiga along with protection work at different reaches, Package 1.","Construction of new embankment on both bank of river Pohumara and Anglisiga along with protection work at different reaches, Package 1.",Works,Open Tender,Works,Civil Works,No,No,NA ,16-Sep-2025 06:55 PM,NA ,180.0,No ,No,Online,07-Oct-2025 03:00 PM,Department of Water Resources||Chief Engineer - DoWR,Baksa,781344.0,2.0,"12,62,57,788",Sanjib Bhattacharjee,"126,256,308.4",Rejected-AOC,25-May-2026,Department of Water Resources||Chief Engineer - DoWR
2026_APDCL_49907_1,CGM(D)/APDCL/UAR/T-229/33KV DIGBOI MARGHERITA FEEDER/IOCL/2025-26,"RENOVATION AND CONSTRUCTION of THE 33KV DIGBOI MARGHERITA FEEDER FROM 33KV MARGHERITA S/S TO 33/11KV POWAI S/S TO IOCL, DIGBOI REFINERY UNDER MARGHERITA ESD OF TINSUKIA ELECTRICAL CIRCLE","RENOVATION AND CONSTRUCTION of THE 33KV DIGBOI MARGHERITA FEEDER FROM 33KV MARGHERITA S/S TO 33/11KV POWAI S/S TO IOCL, DIGBOI REFINERY UNDER MARGHERITA ESD OF TINSUKIA ELECTRICAL CIRCLE",Works,Open Tender,Turn-key,Electrical Works,No,No,NA ,03-Jan-2026 06:00 PM,06-Jan-2026 12:00 PM ,180.0,No ,No,Online,21-Jan-2026 05:00 PM,Assam Power Distribution Company Ltd||CGM(D) Upper Assam Region - APDCL,Margherita ESD,786181.0,2.0,"43,18,582",ASHIM KUMAR HAZARIKA,"4,231,692",Accepted-AOC,04-May-2026,Assam Power Distribution Company Ltd||CGM(D) Upper Assam Region - APDCL
2026_GMC_50622_47,GER/CE/2525/2025/Part-I/ 9 Date_ 22 /01/2026,Package No. DSLT-Div-IV/1,"Cleaning, Desilting and Maintenance of Drains (Package No. DSLT-Div-IV/1) under Mitigation of Urban Flood in Guwahati City under Guwahati Municipal Corporation for the year 2026",Works,Open Tender,Lump-sum,Miscellaneous Works,No,No,NA ,04-Feb-2026 06:00 PM,05-Feb-2026 12:00 PM ,120.0,No ,No,Online,16-Feb-2026 02:30 PM,Guwahati Municipal Corporation,Guwahati,781006.0,2.0,"42,21,000",M/S SAMIA CONSTRUCTION,"2,965,252.5",Rejected-Technical,16-May-2026,Guwahati Municipal Corporation
2025_DoWR_49541_1,GOLAGHAT/2025-26/SOPD-G/II,Construction of embankment from Misamari to Bilpathar on the right bank of river Dhansiri.,Construction of embankment from Misamari to Bilpathar on the right bank of river Dhansiri.,Works,Open Tender,Works,Civil Works,No,No,NA ,20-Dec-2025 06:55 PM,NA ,180.0,No ,No,Online,03-Jan-2026 03:00 PM,Department of Water Resources||Chief Engineer - DoWR,GOLAGHAT,785361.0,2.0,"7,93,47,847",Sri Manoj Pareek,"79,337,835.2",Rejected-AOC,12-May-2026,Department of Water Resources||Chief Engineer - DoWR
2026_GMC_50622_53,GER/CE/2525/2025/Part-I/ 9 Date_ 22 /01/2026,Package No. DSLT-Div-IV/7,"Cleaning, Desilting and Maintenance of Drains (Package No. DSLT-Div-IV/7) under Mitigation of Urban Flood in Guwahati City under Guwahati Municipal Corporation for the year 2026",Works,Open Tender,Lump-sum,Miscellaneous Works,No,No,NA ,04-Feb-2026 06:30 PM,05-Feb-2026 12:00 PM ,120.0,No ,No,Online,16-Feb-2026 02:30 PM,Guwahati Municipal Corporation,Guwahati,781006.0,2.0,"26,98,000",B R BUILDERS,"1,942,560",Accepted-AOC,06-May-2026,Guwahati Municipal Corporation
2025_PCCF_47718_1,WLN/B/CAMPA/2025-2026/3362,Construction of Chain Link Fence with RCC post having 2 lines of Barbed Wire at top and one line at bottom,"Construction of Chain Link Fence with RCC post having 2 lines of Barbed Wire at top and one line at bottom , Dhania Range, under Nagaon Wildlife Division under CAMPA 2025-26 Scheme (965 RM)",Works,Open Tender,Works,Civil Works - Others,No,No,NA ,26-Sep-2025 04:00 PM,08-Oct-2025 12:00 PM ,120.0,No ,No,Online,24-Oct-2025 11:00 AM,Pr. Chief Conservator of Forest and Head of Forest Force||Principal Chief Conservator of Forests(Wildlife and Ch. Wildlife Warden)||Kaziranga National Park Bokakhat||Nagaon Wildlife Division,Under Dhania Range,784178.0,2.0,"16,02,865",RISHAV BARMAN,"1,442,578.5",Rejected-Technical,24-Dec-2025,Pr. Chief Conservator of Forest and Head of Forest Force||Principal Chief Conservator of Forests(Wildlife and Ch. Wildlife Warden)||Kaziranga National Park Bokakhat||Nagaon Wildlife Division
2025_GMC_47287_20,GER/CE/2504/2025/05 Dated_01/09/2025,Construction of Community Hall under Ward No-23,Construction of Community Hall under Ward No-23,Works,Open Tender,Lump-sum,Civil Works,No,No,NA ,06-Sep-2025 01:00 PM,08-Sep-2025 12:00 PM ,120.0,No ,No,Online,07-Oct-2025 02:30 PM,Guwahati Municipal Corporation,Guwahati,781006.0,2.0,,RAJIB KUMAR CHOUDHURY,"1,689,800",Rejected-Technical,07-May-2026,Guwahati Municipal Corporation
2025_PWD_49545_1,DMJ/DRC/MISC-8/2024-25/896-904 DTD 17/12/2025,"Construction of GWC Road from Bormuria to Muktair E and D via Arney Kakabari from ch.2320.00m to ch.9720.00m under SOPD-G for the year 2025-26 in 80- Jonai LAC in Dhemaji District under Jonai Territorial Road Division, Silapathar","Construction of GWC Road from Bormuria to Muktair E and D via Arney Kakabari from ch.2320.00m to ch.9720.00m under SOPD-G for the year 2025-26 in 80- Jonai LAC in Dhemaji District under Jonai Territorial Road Division, Silapathar",Works,Open Tender,Works,Civil Works,No,No,NA ,22-Dec-2025 04:30 PM,NA ,180.0,No ,No,Online,07-Jan-2026 04:30 PM,Public Works Roads Department,Dhemaji,787057.0,2.0,"99,14,368",SRI LIKHAN KUMBANG,"9,914,368",Accepted-AOC,08-May-2026,Public Works Roads Department
2025_PWD_45408_96,CE/DEV/TB/60/2025-26/01 Dtd- 21.06.2025,"MMPPNA_RIDF_XXXI_25_26_09 Construction of Road from (1) Naharani to Kathalguri Chariali Road (from Ch. 0.00m to 1800.00m), (2) Phultol to Rikamari Hanuman mandir (from Ch. 0.00m to 2400.00m), (3) Bandarhagi LP School to Nagapathar (from Ch. 0.00m to","MMPPNA_RIDF_XXXI_25_26_09 Construction of Road from (1) Naharani to Kathalguri Chariali Road (from Ch. 0.00m to 1800.00m), (2) Phultol to Rikamari Hanuman mandir (from Ch. 0.00m to 2400.00m), (3) Bandarhagi LP School to Nagapathar (from Ch. 0.00m to",Works,Open Tender,Item Rate,Civil Works – Roads,No,No,NA ,11-Jul-2025 05:00 PM,17-Jul-2025 12:00 PM ,180.0,No ,No,Online,28-Jul-2025 02:30 PM,Public Works Roads Department,Barchalla,782103.0,2.0,"4,39,01,000",M/s Sujashree Enterprise,"43,899,000",Accepted-AOC,11-May-2026,Public Works Roads Department
2025_PWD_49268_1,TB-62/GWC/2024-25/1718 Dtd. 01-12-2025,"Construction of GWC Road from Belong Gaon to Bali Napam from Ch.2100.00 m under SOPD-G for the year 2025-26 in 80- Jonai LAC in Dhemaji District under Jonai Territorial Road Division, Silapathar","Construction of GWC Road from Belong Gaon to Bali Napam from Ch.2100.00 m under SOPD-G for the year 2025-26 in 80- Jonai LAC in Dhemaji District under Jonai Territorial Road Division, Silapathar",Works,Open Tender,Item Rate,Civil Works,No,No,NA ,12-Dec-2025 02:00 PM,NA ,180.0,No ,No,Online,19-Dec-2025 10:00 AM,Public Works Roads Department,Jonai,787060.0,2.0,"33,57,500",Mahesh Kumar Agarwalla,"3,357,498.46",Accepted-AOC,02-Feb-2026,Public Works Roads Department
2026_ICD_50553_1,AIIDC/3528/2023/278/8400 dated 21/01/2026,Additional Civil and Electrical works for completion of TRTC Tinsukia,Additional Civil and Electrical works for completion of TRTC Tinsukia,Works,Open Tender,Item Rate,Civil Works - Building,No,No,NA ,28-Jan-2026 02:00 PM,NA ,180.0,No ,No,Online,18-Feb-2026 02:30 PM,Industries and Commerce Department||Assam Industrial Infrastructure Development Corporation,"Plastic Park, Gelapukhuri, Tinsukia",786125.0,2.0,"50,76,930",Dipen Ch. Das,"5,076,930",Accepted-AOC,21-May-2026,Industries and Commerce Department||Assam Industrial Infrastructure Development Corporation
2025_SEEDE_46251_1,GS02/ASU/AFT/016/2025-26,Equipment for Food Analysis Lab 1,Equipment for Food Analysis Lab 1,Goods,Open Tender,Item Rate,Laboratory and scientific equipment,No,No,NA ,08-Aug-2025 02:30 PM,16-Aug-2025 11:30 AM ,150.0,No ,No,Online,25-Sep-2025 03:00 PM,Skill Employment and Entrepreneurship Department- Externally Aided Project||Assam Skill University Project- ADB Funded Tenders,"ASU Campus, Mangaldoi",781022.0,1.0,,MAVERICK TECHNOLOGIES,"34,008,839",Accepted-AOC,26-Dec-2025,Skill Employment and Entrepreneurship Department- Externally Aided Project||Assam Skill University Project- ADB Funded Tenders
2026_UDD_52091_1,NMB/69/2024-25/309,Construction of New Narayanpur PWSS at ward No 1B Narayanpur under 15th FC Tied Grant.,Construction of New Narayanpur PWSS at ward No 1B Narayanpur under 15th FC Tied Grant.,Works,Open Tender,Item Rate,Civil Works,No,No,NA ,16-Mar-2026 02:00 PM,17-Mar-2026 10:00 AM ,180.0,No ,No,Online,31-Mar-2026 04:00 PM,Urban Development Department||Directorate of Municipality Administration - UDD||Narayanpur Municipal Board,Narayanpur,784164.0,2.0,"2,16,29,000",Mintu Sahu,"21,628,000",Rejected-AOC,07-May-2026,Urban Development Department||Directorate of Municipality Administration - UDD||Narayanpur Municipal Board
2026_BTC_51349_1,No.20/ACE/BTC/SOPD/2025-26/04,Construction of road from Sashipur to Khairani via Patkijuli for the year 2025-26. (Package No.TN_124_SOPD-G_BTC),Construction of road from Sashipur to Khairani via Patkijuli for the year 2025-26. (Package No.TN_124_SOPD-G_BTC),Works,Open Tender,Item Rate,Civil Works – Roads,No,No,NA ,20-Feb-2026 10:00 AM,NA ,180.0,No ,No,Online,13-Mar-2026 02:00 PM,Bodoland Territorial Council-PWD||Director Cum CHD - PWD BTC,Kokrajhar,783370.0,2.0,"19,55,63,361",LAJIK BRAHMA,"195,560,000",Rejected-AOC,22-May-2026,Bodoland Territorial Council-PWD||Director Cum CHD - PWD BTC
2026_CD_51526_1,HF/ENGG-3664/25-26/19,"Construction of Multi-Storied Commercial Building for Office Accommodation at Rental Block-1, Housefed Complex, Dispur, Guwahati","Construction of Multi-Storied Commercial Building for Office Accommodation at Rental Block-1, Housefed Complex, Dispur, Guwahati",Works,Open Tender,Item Rate,Civil Works,No,No,NA ,26-Feb-2026 11:00 AM,02-Mar-2026 12:00 PM ,180.0,No ,No,Online,20-Mar-2026 11:00 AM,Cooperation Department||Assam State Co-operative Housing Federation Ltd.(HOUSEFED),"Dispur, Guwahati",781006.0,2.0,"23,08,57,241",SRINATH BUILDERS & HOUSING CO. PVT LTD.,"230,857,241",Rejected-AOC,25-May-2026,Cooperation Department||Assam State Co-operative Housing Federation Ltd.(HOUSEFED)
2025_PWBNH_49077_3,Tech-I(H_E)/95/2025/44 Dated Guwahati the 3rd December 2025,Construction of 100 Secondary Schools in 35 Districts of Assam under RIDF-XXXI (2025-26) for Khanamukh HS School under Sonitpur DTBD Package 40,Construction of 100 Secondary Schools in 35 Districts of Assam under RIDF-XXXI (2025-26) for Khanamukh HS School under Sonitpur DTBD Package 40,Works,Open Tender,Item Rate,Civil Works - Building,No,No,NA ,05-Dec-2025 06:00 PM,09-Dec-2025 11:30 AM ,180.0,No ,No,Online,16-Dec-2025 04:00 PM,Public Works Building and NH Department||Chief Engineer-Building - PWBNH,Sonitpur,784028.0,2.0,"4,08,06,514",SHREE ANANT UDYOG,"44,125,300",Rejected-AOC,20-May-2026,Public Works Building and NH Department||Chief Engineer-Building - PWBNH
2026_BoTC_51089_1,SE(RB)/20-21/Pt-III/45/208_6,Package No.208_6,"Recovery and Reconstruction of 4.0m span RCC Slab culvert at Bengbari to Ghagra at Jamfrabari village Road under PWD, Udalguri Rural Road Sub-Division, Udalguri under NDRF (PDNA-2022) in Udalguri District for the year 2025-26.",Works,Open Tender,Item Rate,Civil Works – Roads,No,No,NA ,12-Feb-2026 02:15 PM,NA ,180.0,No ,No,Online,02-Mar-2026 01:30 PM,Bodoland Territorial Council||PWD-BTC,"Bengbari, Udalguri dist",784510.0,2.0,"26,43,000",SUNNY BASUMATARY,"2,642,000",Rejected-AOC,05-May-2026,Bodoland Territorial Council||PWD-BTC
2026_PCCF_50244_1,O.O. 04 dated 03/01/2026,De Siltation of Water Bodies,De Siltation of Water Bodies under Gaja Mitra Scheme,Works,Open Tender,Percentage,Civil Works,No,No,NA ,13-Jan-2026 05:00 PM,NA ,180.0,No ,No,Online,29-Jan-2026 03:00 PM,"Pr. Chief Conservator of Forest and Head of Forest Force||Chief Conservator of Forests (Upper Assam Zone)||Northern Assam Circle, Tezpur||Nagaon Division",Nagaon,782001.0,2.0,"4,00,000",SD Enterprise,"360,000",Rejected-Finance,06-May-2026,"Pr. Chief Conservator of Forest and Head of Forest Force||Chief Conservator of Forests (Upper Assam Zone)||Northern Assam Circle, Tezpur||Nagaon Division"
2026_WPTBC_51873_1,BKWAC/e-proc/25-26/30/22613-16,"Supply of Kham, Serja, Student School Bag, Foortball, Volleyball and Net, Boro Dokhona","Supply of Kham, Serja, Student School Bag, Foortball, Volleyball and Net, Boro Dokhona",Goods,Open Tender,Item Wise,Miscellaneous Goods,No,No,NA ,11-Mar-2026 02:00 PM,NA ,90.0,No ,No,Online,03-Apr-2026 11:00 AM,Welfare of Plain Tribes and Backward Classes||Director - WPT and BC||BodoKachari Welfare Autonomous Council,"Survey, Beltola, Guwahati",781028.0,2.0,"2,88,00,000",ANGEL BASUMATARY,"8,398,785",Accepted-AOC,15-May-2026,Welfare of Plain Tribes and Backward Classes||Director - WPT and BC||BodoKachari Welfare Autonomous Council
2026_APDCL_50747_1,CGM(D)/APDCL/UAR/T 91/2025 26/NAZIRA ESD/Vol I/32,"Construction and renovation of 33 KV Geleky feeder and (2) Re-conductoring, dismantling and renovation of existing 33 KV Geleky feeder under Nazira ESD of Sivasagar Electrical Circle on turnkey mode","Construction and renovation of 33 KV Geleky feeder and (2) Re-conductoring, dismantling and renovation of existing 33 KV Geleky feeder under Nazira ESD of Sivasagar Electrical Circle on turnkey mode",Works,Open Tender,Works,Electrical Works,No,No,NA ,03-Feb-2026 05:00 PM,05-Feb-2026 12:00 PM ,180.0,No ,No,Online,24-Feb-2026 04:00 PM,Assam Power Distribution Company Ltd||CGM(D) Upper Assam Region - APDCL,Sivasagar Electrical Circle,785685.0,2.0,"3,93,16,869",M/S K.G. Electricals,"37,502,607.45",Accepted-AOC,13-May-2026,Assam Power Distribution Company Ltd||CGM(D) Upper Assam Region - APDCL
2025_PCCF_48000_1,ASZ/TENDER/APFBC/2025/04,"Supply of Equipments and Logistics (Lot-2) for Rapid Response Team and Community Response Team at Assam State Zoo, Guwahati","Supply of Equipments and Logistics (Lot-2) for Rapid Response Team and Community Response Team at Assam State Zoo, Guwahati",Goods,Open Tender,Supply,Miscellaneous Goods,No,No,NA ,13-Oct-2025 03:00 PM,22-Oct-2025 12:00 PM ,60.0,No ,No,Online,03-Nov-2025 01:00 PM,Pr. Chief Conservator of Forest and Head of Forest Force||Principal Chief Conservator of Forests(Wildlife and Ch. Wildlife Warden)||Divisional Forest Officer - Assam Sate Zoo,Assasm State Zoo,781005.0,2.0,,BIOHAB INC,"2,954,200",Rejected-Finance,18-May-2026,Pr. Chief Conservator of Forest and Head of Forest Force||Principal Chief Conservator of Forests(Wildlife and Ch. Wildlife Warden)||Divisional Forest Officer - Assam Sate Zoo
2026_BTC_50188_4,ACE-25/PWD/IFB/BTC/2025-26/64,"Construction of New Building of 100 Secondary Schools in 35 Districts of Assam under RIDF-XXXI (2025-26) at PM Shri Silgara H.S. School, Kokrajhar under Kokrajhar and Chirang DTBD. (Package-84)","Construction of New Building of 100 Secondary Schools in 35 Districts of Assam under RIDF-XXXI (2025-26) at PM Shri Silgara H.S. School, Kokrajhar under Kokrajhar and Chirang DTBD.",Works,Open Tender,Works,Civil Works,No,No,NA ,12-Jan-2026 06:00 PM,24-Jan-2026 12:00 PM ,180.0,No ,No,Online,02-Feb-2026 03:00 PM,Bodoland Territorial Council-PWD||Director Cum CHD - PWD BTC,Kokrajhar,783370.0,2.0,"3,98,38,000",DHRUBAJYOTI DAS,"39,837,848",Accepted-AOC,02-May-2026,Bodoland Territorial Council-PWD||Director Cum CHD - PWD BTC
2026_PWD_50503_1,NGTRD/ CS-222 / SOPD (G) /2025-26,NGTRD-08,Improvement of East and West Dighalipukhuri Road and GNB Road (RBI to Guwahati Club Rotary) under SOPD - G for 2024-25,Works,Open Tender,Works,Civil Works,No,No,NA ,13-Feb-2026 10:30 AM,NA ,180.0,No ,No,Online,18-Feb-2026 11:00 AM,Public Works Roads Department,Kamrup,781021.0,2.0,"49,92,000",MS JAY BHARAT CONSTRUCTION,"4,991,000",Not Admitted-Fee/PreQual/Technical,15-May-2026,Public Works Roads Department
2025_BTC_49248_6,ACE-22/PWD/NIT/GOODWILL/25-26,Construction of ICBP Road from B.K. Road to Landangpara Darugachuba under Bhergaon Dev. Block under CMs Goodwill Mission Project under RIDF-XXXI in Udalguri District for the year 2025-26. (Package No. TN_68_UDL_RIDF-XXXI_06),Construction of ICBP Road from B.K. Road to Landangpara Darugachuba under Bhergaon Dev. Block under CMs Goodwill Mission Project under RIDF-XXXI in Udalguri District for the year 2025-26.,Works,Open Tender,Item Rate,Civil Works – Roads,No,No,NA ,12-Dec-2025 10:00 AM,26-Dec-2025 12:00 PM ,180.0,No ,No,Online,03-Jan-2026 11:00 AM,Bodoland Territorial Council-PWD||Director Cum CHD - PWD BTC,Udalguri,784509.0,2.0,"1,00,00,000",DABASHISH DAS,"9,998,500",Rejected-AOC,02-May-2026,Bodoland Territorial Council-PWD||Director Cum CHD - PWD BTC
2025_PWD_45820_32,CE/STBR/SOPD-G/NIT/07/2025 26/1 Dated 26-06-2025,STBR/SOPD-G/Hojai-06/109 Construction of (i) 2 no. Pipal Phukuri to Punjabi Basti Road (ii) Itagaon Dhalphukuri Railway Station Road to Shikaribasti PWD Road under Mukhya Mantrir Pakipath Nirman Aachani SOPD-G for the year 2025-26 of District Ho,STBR/SOPD-G/Hojai-06/109 Construction of (i) 2 no. Pipal Phukuri to Punjabi Basti Road (ii) Itagaon Dhalphukuri Railway Station Road to Shikaribasti PWD Road under Mukhya Mantrir Pakipath Nirman Aachani SOPD-G for the year 2025-26 of District Ho,Works,Open Tender,Item Rate,Civil Works – Roads,No,No,NA ,22-Jul-2025 05:00 PM,30-Jul-2025 11:00 AM ,180.0,No ,No,Online,11-Aug-2025 11:00 AM,Public Works Roads Department,Hojai,782435.0,2.0,"96,41,000",Pankaj sharma,"9,640,998",Rejected-AOC,06-May-2026,Public Works Roads Department
2025_SEEDE_48299_1,GS02/ASU/TEC/077,Equipment for Advanced Semiconductor Lab,Equipment for Advanced Semiconductor Lab,Goods,Open Tender,Item Rate,Laboratory and scientific equipment,No,No,NA ,31-Oct-2025 10:00 AM,07-Nov-2025 12:00 PM ,150.0,No ,No,Online,03-Dec-2025 03:00 PM,Skill Employment and Entrepreneurship Department- Externally Aided Project||Assam Skill University Project- ADB Funded Tenders,Mangaldai,784125.0,1.0,,MAVERICK TECHNOLOGIES,"71,879,700",Rejected-Finance,12-May-2026,Skill Employment and Entrepreneurship Department- Externally Aided Project||Assam Skill University Project- ADB Funded Tenders
2026_BoTC_51268_1,SE(RB)/20-21/Pt-III/49/209_2,Package No.209_2,Recovery and Reconstruction of flood damaged road from Sesapani L.P. School to Madhay Sesapani village (Construction of RCC Box Culvert along with earth work and GSB) under NDRF (PDNA-2022) for the year 2025-26.,Works,Open Tender,Item Rate,Civil Works – Roads,No,No,NA ,18-Feb-2026 01:00 PM,NA ,180.0,No ,No,Online,02-Mar-2026 01:30 PM,Bodoland Territorial Council||PWD-BTC,Kokrajhar district,783370.0,2.0,"30,00,000",SAMIUL ISLAM,"3,000,000",Rejected-AOC,12-May-2026,Bodoland Territorial Council||PWD-BTC
2026_BTC_51014_1,No.ACE-133/PWD/G.79/2025-26/67,"Repairing and Renovation of Lamabari M.E. School, Udalguri, BTC, Assam under WBD department in BTC area for the year 2025-26. TN_107_33","Repairing and Renovation of Lamabari M.E. School, Udalguri, BTC, Assam under WBD department in BTC area for the year 2025-26. TN_107_33",Works,Open Tender,Item Rate,Civil Works - Building,No,No,NA ,10-Feb-2026 02:00 PM,NA ,180.0,No ,No,Online,23-Feb-2026 02:00 PM,Bodoland Territorial Council-PWD||Director Cum CHD - PWD BTC,Kokrajhar,783370.0,2.0,"59,99,916",RATUL BRAHMA,"5,995,000",Rejected-AOC,22-May-2026,Bodoland Territorial Council-PWD||Director Cum CHD - PWD BTC
2025_PWD_45820_27,CE/STBR/SOPD-G/NIT/07/2025 26/1 Dated 26-06-2025,STBR/SOPD-G/Hojai-01/104 (i) Construction of Road from Kenduguri PWD Road to Kenduguri-Taradubi PMGSY Road from Ch. 0.00 m to Ch. 525.00 m including 4 years of Routine Maintenance (ii) Construction of Road from Rajbari-Nobanga Kali Mandir Road to Tri,STBR/SOPD-G/Hojai-01/104 (i) Construction of Road from Kenduguri PWD Road to Kenduguri-Taradubi PMGSY Road from Ch. 0.00 m to Ch. 525.00 m including 4 years of Routine Maintenance (ii) Construction of Road from Rajbari-Nobanga Kali Mandir Road to Tri,Works,Open Tender,Item Rate,Civil Works – Roads,No,No,NA ,22-Jul-2025 05:00 PM,30-Jul-2025 11:00 AM ,180.0,No ,No,Online,11-Aug-2025 11:00 AM,Public Works Roads Department,Hojai,782435.0,2.0,"2,57,53,000",SUMAN DAS,"25,750,000",Rejected-AOC,14-May-2026,Public Works Roads Department
2025_PWBNH_48645_36,CE/TB-III(H_E)/40/2025/13 Dated 22-10-2025,Construction of New Building of 100 Secondary Schools under RIDF-XXXI (2025-26) for Joypur HSS under Naharkatia Duliajan TBD ( Package-63),Construction of New Building of 100 Secondary Schools under RIDF-XXXI (2025-26) for Joypur HSS under Naharkatia Duliajan TBD ( Package-63),Works,Open Tender,Item Rate,Civil Works - Building,No,No,NA ,04-Dec-2025 12:00 PM,10-Dec-2025 11:30 AM ,180.0,No ,No,Online,24-Dec-2025 04:00 PM,Public Works Building and NH Department||Chief Engineer-Building - PWBNH,Duliajan,786602.0,2.0,"4,13,18,190",SRI BISHNU CHETRY,"44,864,000",Rejected-AOC,19-May-2026,Public Works Building and NH Department||Chief Engineer-Building - PWBNH
2026_WPTBC_52063_1,SCDCTECHTARENOVATION1,Major Renovation at Badhakara ME School Dist Lakhimpur,Major Renovation at Badhakara ME School Dist Lakhimpur,Works,Open Tender,Item Rate,Civil Works,No,No,NA ,20-Mar-2026 09:00 AM,NA ,180.0,No ,No,Online,08-Apr-2026 02:00 PM,Welfare of Plain Tribes and Backward Classes||Directorate of Welfare of Scheduled Caste||Assam State Development Corporation for SC,"DISPUR, GHY-06",781006.0,2.0,"75,00,000",R D Enterprise,"6,748,420.5",Rejected-AOC,27-May-2026,Welfare of Plain Tribes and Backward Classes||Directorate of Welfare of Scheduled Caste||Assam State Development Corporation for SC
2025_PWBNH_46774_1,Arch/I/1203771/2025 Dated 13-08-2025,"PMC services for Setting up High Security Prison under Modernization of Prison Project at Assam, Hajo, Kamrup","PMC services for Setting up High Security Prison under Modernization of Prison Project at Assam, Hajo, Kamrup",Works,Open Tender,Item Rate,Civil Works - Building,No,No,NA ,20-Aug-2025 06:55 PM,26-Aug-2025 01:00 PM ,180.0,No ,No,Online,09-Sep-2025 04:00 PM,Public Works Building and NH Department||Chief Engineer-Building - PWBNH,Hajo,781102.0,2.0,"2,23,00,000",CP and DS Associates,"4,925,000",Rejected-AOC,11-May-2026,Public Works Building and NH Department||Chief Engineer-Building - PWBNH
2025_PWD_46604_33,CE/STBR/SOPD-G/NIT/07/2025 26/8 Dated 29-07-2025,"STBR/SOPD-G/Jagiroad-10/54 1. Re-Construction of road from Gobardhan Pahar to Ghuramarajan Pam, 2. Re-Construction of road from Borghuli Santipur Kamarpur Road, 3. Re-Construction of road from Gobardhan PWD Road to Niz Gobardhan Road, 4. Re-Con","STBR/SOPD-G/Jagiroad-10/54 1. Re-Construction of road from Gobardhan Pahar to Ghuramarajan Pam, 2. Re-Construction of road from Borghuli Santipur Kamarpur Road, 3. Re-Construction of road from Gobardhan PWD Road to Niz Gobardhan Road, 4. Re-Con",Works,Open Tender,Item Rate,Civil Works – Roads,No,No,NA ,21-Aug-2025 12:00 PM,22-Aug-2025 11:00 AM ,180.0,No ,No,Online,02-Sep-2025 11:00 AM,Public Works Roads Department,JAGIROAD,782410.0,2.0,"1,34,38,000",SRI JITU GOURA,"13,430,016",Rejected-AOC,06-May-2026,Public Works Roads Department
2026_DOT_51280_1,ATDC/3872/2026 dtd. 29.01.2026,Construction of Rural Haat Market Shed Complex in Charaideo District (Dilli Haat Model),Construction of Rural Haat Market Shed Complex in Charaideo District (Dilli Haat Model),Works,Open Tender,Item Rate,Civil Works - Others,No,No,NA ,17-Feb-2026 04:00 PM,18-Feb-2026 12:00 PM ,180.0,No ,No,Online,24-Feb-2026 01:00 PM,Department of Tourism||Assam Tourism Development Corporation Ltd. - DOT||HO-Guwahati-ATDCL - DOT,Charaideo,785690.0,2.0,"1,91,42,000",GLOBAL POWER AND ENGINEERS,"19,136,000",Accepted-AOC,25-May-2026,Department of Tourism||Assam Tourism Development Corporation Ltd. - DOT||HO-Guwahati-ATDCL - DOT
2025_PWBNH_48401_5,Tech-IV(H_E)/RIDF XXXI/01/2025/30 Dated Guwahati the 22nd Oct 2025,Package-18 Construction of 100 Secondary Schools in 35 Districts of Assam under RIDF-XXXI (2025-26) for BorigogHajo HS School under North Kamrup DTBD,Package-18 Construction of 100 Secondary Schools in 35 Districts of Assam under RIDF-XXXI (2025-26) for BorigogHajo HS School under North Kamrup DTBD,Works,Open Tender,Item Rate,Civil Works - Building,No,No,NA ,04-Nov-2025 09:00 AM,07-Nov-2025 11:00 AM ,180.0,No ,No,Online,21-Nov-2025 04:00 PM,Public Works Building and NH Department||Chief Engineer-Building - PWBNH,North Kamrup,781102.0,2.0,"4,08,16,805",VERSHA TECHNOTRADE PVT LTD,"44,190,575",Rejected-AOC,14-May-2026,Public Works Building and NH Department||Chief Engineer-Building - PWBNH
2025_BTC_49236_1,No.ACE-22/PWD/NIT/GOODWILL,Construction of Road from Holipara to Sanjawmakha village road under Borobazar TD Block in Chirang District under CMs Goodwill Mission Project in BTC area (RIDF-XXXI of NABARD) for the year 2025-26. TN_71_CHR_RIDF-XXXI_18,Construction of Road from Holipara to Sanjawmakha village road under Borobazar TD Block in Chirang District under CMs Goodwill Mission Project in BTC area (RIDF-XXXI of NABARD) for the year 2025-26. TN_71_CHR_RIDF-XXXI_18,Works,Open Tender,Item Rate,Civil Works – Roads,No,No,NA ,12-Dec-2025 10:00 AM,NA ,180.0,No ,No,Online,02-Jan-2026 02:00 PM,Bodoland Territorial Council-PWD||Director Cum CHD - PWD BTC,Chirang,783393.0,2.0,"99,98,787",Prafulla Swargiary,"9,998,144.24",Rejected-AOC,12-May-2026,Bodoland Territorial Council-PWD||Director Cum CHD - PWD BTC
2026_BTC_50188_5,ACE-25/PWD/IFB/BTC/2025-26/64,"Construction of New Building of 100 Secondary Schools in 35 Districts of Assam under RIDF-XXXI (2025-26) at Tipkai Higher Secondary School, Parbatjhora under Kokrajhar and Chirang DTBD. (Package-85)","Construction of New Building of 100 Secondary Schools in 35 Districts of Assam under RIDF-XXXI (2025-26) at Tipkai Higher Secondary School, Parbatjhora under Kokrajhar and Chirang DTBD.",Works,Open Tender,Works,Civil Works,No,No,NA ,12-Jan-2026 06:00 PM,24-Jan-2026 12:00 PM ,180.0,No ,No,Online,02-Feb-2026 03:00 PM,Bodoland Territorial Council-PWD||Director Cum CHD - PWD BTC,Kokrajhar,783370.0,2.0,"3,98,38,000",DHRUBAJYOTI DAS,"39,836,000",Accepted-AOC,07-May-2026,Bodoland Territorial Council-PWD||Director Cum CHD - PWD BTC
2026_PCCF_50225_1,O.O. 18 dated 12/01/2026,Construction of Chain-linked Fencing with 3 strand barbed wire to be filled on pre-cast RCC pillars,Construction of Chain-linked Fencing with 3 strand barbed wire to be filled on pre-cast RCC pillars,Works,Open Tender,Percentage,Civil Works,No,No,NA ,13-Jan-2026 05:00 PM,NA ,180.0,No ,No,Online,29-Jan-2026 11:00 AM,"Pr. Chief Conservator of Forest and Head of Forest Force||Chief Conservator of Forests (Upper Assam Zone)||Northern Assam Circle, Tezpur||Nagaon Division",Nagaon,782001.0,2.0,"52,22,184",M/S MAHAABALA CONSTRUCTION PVT. LTD.,"4,699,965.6",Rejected-Technical,15-May-2026,"Pr. Chief Conservator of Forest and Head of Forest Force||Chief Conservator of Forests (Upper Assam Zone)||Northern Assam Circle, Tezpur||Nagaon Division"
2025_PWD_49312_7,CE/DEV/TB/60/2025-26/60 Dtd- 09.12.2025,"MMPPNA_RIDF_XXXI_25_26_457 (1) Improvement of road from Batalimari PMGSY road to Bhuragaon Natun bazar, (2) Improvement of road from Tengaguri to Hatilorua under Mukhya Mantrir Paki Path Nirman Achani (MMPPNA) under RIDF-XXXI of NABARD for the year 2","MMPPNA_RIDF_XXXI_25_26_457 (1) Improvement of road from Batalimari PMGSY road to Bhuragaon Natun bazar, (2) Improvement of road from Tengaguri to Hatilorua under Mukhya Mantrir Paki Path Nirman Achani (MMPPNA) under RIDF-XXXI of NABARD for the year 2",Works,Open Tender,Item Rate,Civil Works – Roads,No,No,NA ,12-Dec-2025 06:30 PM,16-Dec-2025 12:00 PM ,180.0,No ,No,Online,22-Dec-2025 02:30 PM,Public Works Roads Department,Laharighat,782127.0,2.0,"2,32,99,000",m.r trading,"23,299,000",Accepted-AOC,27-May-2026,Public Works Roads Department
2025_GMC_41931_36,GER/CE/2461/2024/10 Date_04/01/2025,"Cleaning, Desilting and Maintenance of Drains as per package DSLT/D-VI/01 under Mitigation of Urban Flood in Guwahati City under Guwahati Municipal Corporation for the year 2024-25","Cleaning, Desilting and Maintenance of Drains (as packaged) under Mitigation of Urban Flood in Guwahati City under Guwahati Municipal Corporation for the year 2024-25.",Works,Open Tender,Lump-sum,Miscellaneous Works,No,No,NA ,08-Jan-2025 04:30 PM,17-Jan-2025 12:00 PM ,120.0,No ,No,Online,29-Jan-2025 02:30 PM,Guwahati Municipal Corporation,Guwahati,781006.0,2.0,"25,10,000",PRANAB JYOTI BAISHYA,"1,967,840",Accepted-AOC,26-Mar-2025,Guwahati Municipal Corporation
2025_DoWR_48069_1,MORIGAON/2025-26/NDMF/I,"Flood Mitigation by capacity augmentation of Morisutitup Beel , Morigaon, Assam, Package 2.","Flood Mitigation by capacity augmentation of Morisutitup Beel , Morigaon, Assam, Package 2.",Works,Open Tender,Works,Civil Works,No,No,NA ,15-Oct-2025 06:55 PM,NA ,180.0,No ,No,Online,10-Nov-2025 03:00 PM,Department of Water Resources||Chief Engineer - DoWR,MORIGAON,782105.0,2.0,"12,06,81,136",S D BAJAJ,"120,638,564.6",Rejected-AOC,15-May-2026,Department of Water Resources||Chief Engineer - DoWR
2025_DoWR_47550_1,BAKSA/2025-26/RIDF/III,"Construction of new embankment on both bank of river Pohumara and Anglisiga along with protection work at different reaches, Package 2.","Construction of new embankment on both bank of river Pohumara and Anglisiga along with protection work at different reaches, Package 2.",Works,Open Tender,Works,Civil Works,No,No,NA ,16-Sep-2026 05:24 PM,NA ,180.0,No ,No,Online,07-Oct-2025 03:00 PM,Department of Water Resources||Chief Engineer - DoWR,Baksa,781344.0,2.0,"12,71,63,407",Sanjib Bhattacharjee,"127,162,365",Rejected-AOC,25-May-2026,Department of Water Resources||Chief Engineer - DoWR
2025_PWBNH_49077_2,Tech-I(H_E)/95/2025/44 Dated Guwahati the 3rd December 2025,Construction of 100 Secondary Schools in 35 Districts of Assam under RIDF-XXXI (2025-26) for Ramdia HS School under North Kamrup DTBD Package 17,Construction of 100 Secondary Schools in 35 Districts of Assam under RIDF-XXXI (2025-26) for Ramdia HS School under North Kamrup DTBD Package 17,Works,Open Tender,Item Rate,Civil Works - Building,No,No,NA ,05-Dec-2025 06:00 PM,09-Dec-2025 11:30 AM ,180.0,No ,No,Online,16-Dec-2025 04:00 PM,Public Works Building and NH Department||Chief Engineer-Building - PWBNH,North Kamrup,781102.0,2.0,"4,06,07,275",M/S Mayur Associates,"40,607,275",Accepted-AOC,27-May-2026,Public Works Building and NH Department||Chief Engineer-Building - PWBNH
2025_PWD_48780_1,MDSTRD_SPJ_SOPD-G_25_26_10,MDSTRD_SPJ_SOPD-G_25_26_10,Construction of SPT Br No 1/1 on Alikhapara Village Approach Road under SOPD-G for the year 2025-26 under PWRD Mangaldai Dalgaon Sipajhar Territorial Road Division Sipajhar LAC,Works,Open Tender,Item Rate,Civil Works - Bridges,No,Yes,NA ,21-Nov-2025 01:00 PM,,180.0,No ,No,Online,11-Dec-2025 01:00 PM,Public Works Roads Department,Sipajhar,784145.0,2.0,"24,50,000",BAHARUL ISLAM,"2,449,000",Accepted-AOC,12-May-2026,Public Works Roads Department
2025_PWD_49682_6,CE/DEV/TB/60/2025-26/62 Dtd- 23.12.2025,"MMPPNA_RIDF_XXXI_25_26_187 Construction of (1) Road from NH-37 to Parghat (Beza Boisnab Path) (Ch. 0.00m to Ch. 1250.00m), (2) Budhbari Ali to Dhodang via Budhbari Gaon (L-1.260 km) under Mukhya Mantrir Paki Path Nirman Achani under RIDF-XXXI of NAB","MMPPNA_RIDF_XXXI_25_26_187 Construction of (1) Road from NH-37 to Parghat (Beza Boisnab Path) (Ch. 0.00m to Ch. 1250.00m), (2) Budhbari Ali to Dhodang via Budhbari Gaon (L-1.260 km) under Mukhya Mantrir Paki Path Nirman Achani under RIDF-XXXI of NAB",Works,Open Tender,Item Rate,Civil Works – Roads,No,No,NA ,27-Dec-2025 09:00 AM,29-Dec-2025 02:30 PM ,180.0,No ,No,Online,05-Jan-2026 02:30 PM,Public Works Roads Department,Bokakhat,785612.0,2.0,"2,23,58,000",DHANUKA CONSTRUCTION,"22,358,000",Accepted-AOC,21-May-2026,Public Works Roads Department
2026_BTC_51977_1,No.ACE-106/PWD/IFB/PT-I/23-24,"Construction of Road from Manashri Bazar to Forest Beat office (Length-15.00 Km including Bylane) in Chirang District, BTC, for the year 2026-27. TN_133_06","Construction of Road from Manashri Bazar to Forest Beat office (Length-15.00 Km including Bylane) in Chirang District, BTC, for the year 2026-27. TN_133_06",Works,Open Tender,Item Rate,Civil Works – Roads,No,No,NA ,13-Mar-2026 05:00 PM,NA ,180.0,No ,No,Online,02-Apr-2026 02:00 PM,Bodoland Territorial Council-PWD||Director Cum CHD - PWD BTC,Chirang,783390.0,2.0,"4,81,54,105",Diganta Basumatary,"48,151,320.1",Rejected-AOC,26-May-2026,Bodoland Territorial Council-PWD||Director Cum CHD - PWD BTC
2026_PWD_49866_1,BDTRD/SOPD-G/GWC/25-26/04,Construction of GWC road from NH-15 to Dina Singh House for the year 2025-26 under SOPD-G Barchalla LAC,Construction of GWC road from NH-15 to Dina Singh House for the year 2025-26 under SOPD-G Barchalla LAC,Works,Open Tender,Item Rate,Civil Works,No,No,NA ,05-Jan-2026 02:00 PM,08-Jan-2026 12:00 PM ,180.0,No ,No,Online,21-Jan-2026 02:00 PM,Public Works Roads Department,Barchalla,784110.0,2.0,"38,87,000",MOHIT RATHI & SONS,"3,885,628",Rejected-Finance,11-May-2026,Public Works Roads Department
2025_PWD_49050_1,CE/DEV/MMPPNA/RIDF-XXXI/25-26 D-29.11.25,MMPPNA_RIDF_XXXI_25_26_50 Construction of Bonda Sluice Gate to Lichu Bagan connecting Road under Mukhya Mantrir Paki Path Nirman Achani (MMPPNA) under RIDF-XXXI of NABARD for the year 2025-26.,MMPPNA_RIDF_XXXI_25_26_50 Construction of Bonda Sluice Gate to Lichu Bagan connecting Road under Mukhya Mantrir Paki Path Nirman Achani (MMPPNA) under RIDF-XXXI of NABARD for the year 2025-26.,Works,Open Tender,Item Rate,Civil Works – Roads,No,No,NA ,04-Dec-2025 06:00 PM,08-Dec-2025 12:00 PM ,180.0,No ,No,Online,10-Dec-2025 02:30 PM,Public Works Roads Department,Dimoria,781150.0,2.0,"2,89,20,000",BIJOY PATHAK,"28,920,000",Accepted-AOC,06-May-2026,Public Works Roads Department
2026_PWBNH_50636_1,CE/TB-III(H_E)/40/2025/27Dated Guwahati the 03/01/2026,"Construction of New Building of 100 Secondary Schools under RIDF-XXXI (2025-26) for RGC Memorial Higher Secondary School under Lakhipur, Borkhola and Katigorah DTBD ( Package-48)","Construction of New Building of 100 Secondary Schools under RIDF-XXXI (2025-26) for RGC Memorial Higher Secondary School under Lakhipur, Borkhola and Katigorah DTBD ( Package-48)",Works,Open Tender,Item Rate,Civil Works - Building,No,No,NA ,29-Jan-2026 06:55 PM,30-Jan-2026 11:30 AM ,180.0,No ,No,Online,05-Feb-2026 04:00 PM,Public Works Building and NH Department||Chief Engineer-Building - PWBNH,Katigorah,788805.0,2.0,"4,12,18,262",MRINAL KANTI ACHARJEE,"44,515,723",Rejected-Technical,19-May-2026,Public Works Building and NH Department||Chief Engineer-Building - PWBNH
2026_GMC_50622_52,GER/CE/2525/2025/Part-I/ 9 Date_ 22 /01/2026,Package No. DSLT-Div-IV/6,"Cleaning, Desilting and Maintenance of Drains (Package No. DSLT-Div-IV/6) under Mitigation of Urban Flood in Guwahati City under Guwahati Municipal Corporation for the year 2026",Works,Open Tender,Lump-sum,Miscellaneous Works,No,No,NA ,04-Feb-2026 06:30 PM,05-Feb-2026 12:00 PM ,120.0,No ,No,Online,16-Feb-2026 02:30 PM,Guwahati Municipal Corporation,Guwahati,781006.0,2.0,"8,84,000",Rakib Hussain,"688,547.6",Rejected-Technical,11-May-2026,Guwahati Municipal Corporation
2026_PCCF_50340_1,0.O. NO.10 DATED 19.01.2026,ERRECTION OF FENCING 39.952 HA WITH RCC POST AT KUNDIL KALIA RF UNDER SADIYA RANGE,ERRECTION OF FENCING 39.952 HA WITH RCC POST AT KUNDIL KALIA RF UNDER SADIYA RANGE,Works,Open Tender,Percentage,Civil Works - Others,No,No,NA ,20-Jan-2026 10:00 AM,NA ,180.0,No ,No,Online,12-Feb-2026 02:30 PM,"Pr. Chief Conservator of Forest and Head of Forest Force||Chief Conservator of Forests (Upper Assam Zone)||Eastern Assam Circle, Jorhat||Doomdooma Division",ERRECTION OF FENCING 39.952 HA WITH RCC POST AT K,786155.0,2.0,"62,93,529",RISHAV BARMAN,"5,664,176",Rejected-Finance,16-May-2026,"Pr. Chief Conservator of Forest and Head of Forest Force||Chief Conservator of Forests (Upper Assam Zone)||Eastern Assam Circle, Jorhat||Doomdooma Division"
2025_BoTC_45809_1,DPRD/BTC(15th FC)UT(VIII)Udl-27/2025/09,Construction of road EF and SG road from Ratan House to Basi House Dhubguri village under 15th FC Untied Grant for the year 2023-24 during 2025-26.,DPRD/BTC(15th FC)UT(VIII)Udl-27/2025/09,Works,Open Tender,Item Rate,Civil Works,No,No,NA ,21-Jul-2025 10:30 AM,NA ,180.0,No ,No,Online,12-Aug-2025 03:30 PM,Bodoland Territorial Council||Panchayat and Rural Development-BTC,Udalguri,784509.0,2.0,"20,00,000",SANGU BASUMATARY,"1,999,119.8",Accepted-AOC,19-Aug-2025,Bodoland Territorial Council||Panchayat and Rural Development-BTC
2026_GMC_50622_46,GER/CE/2525/2025/Part-I/ 9 Date_ 22 /01/2026,Package No. DSLT-Div-III/21,"Cleaning, Desilting and Maintenance of Drains (Package No. DSLT-Div-III/21) under Mitigation of Urban Flood in Guwahati City under Guwahati Municipal Corporation for the year 2026",Works,Open Tender,Lump-sum,Miscellaneous Works,No,No,NA ,04-Feb-2026 06:00 PM,05-Feb-2026 12:00 PM ,120.0,No ,No,Online,16-Feb-2026 02:30 PM,Guwahati Municipal Corporation,Guwahati,781006.0,2.0,"46,14,000",DIPAK SARMA AND PANKAJ DEKA JV,"3,588,769.2",Accepted-AOC,06-May-2026,Guwahati Municipal Corporation
2026_DoWR_50154_1,TAMULPUR/2025-26/PDNA/WORK/I,Restoration on Puthimari L/B embankment from Barpathar village to Baghdoba village.,Restoration on Puthimari L/B embankment from Barpathar village to Baghdoba village.,Works,Open Tender,Works,Civil Works,No,No,NA ,09-Jan-2026 06:55 PM,NA ,180.0,No ,No,Online,20-Jan-2026 03:00 PM,Department of Water Resources||Chief Engineer - DoWR,TAMULPUR,781360.0,2.0,"1,14,81,667",Ranjan Das,"9,988,839.69",Rejected-AOC,21-May-2026,Department of Water Resources||Chief Engineer - DoWR
2026_BoTC_50070_4,SE(R/B)/20-21/Pt-III/20,Package No.203_4,Recovery and Re-construction of Dhupguri Village to Pauripota Village under NDRF(PDNA-2022) for the year 2025-26.,Works,Open Tender,Item Rate,Civil Works – Roads,No,No,NA ,08-Jan-2026 03:00 PM,NA ,180.0,No ,No,Online,29-Jan-2026 01:30 PM,Bodoland Territorial Council||PWD-BTC,"Mazbat, Udalguri dist",784507.0,2.0,"34,43,970",SRI BIJU NATH BASUMATARY,"3,443,000",Not Admitted-Finance,18-May-2026,Bodoland Territorial Council||PWD-BTC
2026_PWD_50619_3,SSRDM/TC-65/NIT/PDNA/2025-26/2,"Reconstruction of road from Sotimari PMGSY Road IBB under Re-construction and Recovery Window (Assam Floods and Landslides 2022, PDNA) for the year 2025-26. Package No. SSDTRD_PDNA_3","Reconstruction of road from Sotimari PMGSY Road IBB under Re-construction and Recovery Window (Assam Floods and Landslides 2022, PDNA) for the year 2025-26. Package No. SSDTRD_PDNA_3",Works,Open Tender,Item Rate,Civil Works – Roads,No,No,NA ,29-Jan-2026 04:00 PM,NA ,180.0,No ,No,Online,19-Feb-2026 10:30 AM,Public Works Roads Department,Mankachar,783131.0,2.0,"18,82,951",Shazibul Hassan Mollah,"1,506,360",Rejected-AOC,26-May-2026,Public Works Roads Department
2024_PWRDW_38708_5,CEEAP/ARRBP111TENDERS2024ptI15,Construction of Bridges in Cachar district i) Br. No. 1/1 on NH-37 at Chiripool at Chiesel Punjee,CE/EAP/ARRBP/OCB/Bridge-1/Cachar/06 Construction of Bridges in Cachar district i) Br. No. 1/1 on NH-37 at Chiripool at Chiesel Punjee,Works,Open Tender,Item Rate,Civil Works - Bridges,No,No,NA ,02-Sep-2024 04:55 PM,03-Sep-2024 11:00 AM ,90.0,No ,No,Online,21-Sep-2024 02:30 PM,Public Works Roads Department-Externally Aided Project||Public Works Road Department- World Bank Funded Tenders||Assam State Bridge Infrastructure Program,Cachar,788001.0,2.0,"2,06,13,000",SAMIM AKHTER CHOUDHURY,"19,300,146.95",Rejected-Finance,19-May-2026,Public Works Roads Department-Externally Aided Project||Public Works Road Department- World Bank Funded Tenders||Assam State Bridge Infrastructure Program
2026_BoTC_50252_1,TECH-28/SE(RB)/2019-20/05,Recovery and Reconstruction of Sonaphulli to Dhekiajan Road under NDRF (PDNA-2022)for the year 2025-26 TN_386_14,Recovery and Reconstruction of Sonaphulli to Dhekiajan Road under NDRF (PDNA-2022)for the year 2025-26 TN_386_14,Works,Open Tender,Works,Civil Works – Roads,No,No,NA ,14-Jan-2026 10:00 AM,NA ,180.0,No ,No,Online,03-Feb-2026 02:00 PM,Bodoland Territorial Council||PWD-BTC,Baksa,781346.0,2.0,"19,99,645",SONMANI PATHAK,"1,998,095.93",Rejected-Finance,08-May-2026,Bodoland Territorial Council||PWD-BTC
2026_BTC_51216_1,No.ACE-133/PWD/G.79/2025-26/69,"Construction of Dakhin Kharija Bijni High School at Barpeta, Baksa District under SOPD Bodoland Welfare Department 2025-26. TN_111_08","Construction of Dakhin Kharija Bijni High School at Barpeta, Baksa District under SOPD Bodoland Welfare Department 2025-26. TN_111_08",Works,Open Tender,Item Rate,Civil Works - Building,No,No,NA ,16-Feb-2026 12:00 PM,NA ,180.0,No ,No,Online,05-Mar-2026 11:00 AM,Bodoland Territorial Council-PWD||Director Cum CHD - PWD BTC,Baksa,781327.0,2.0,"25,00,000",NAVADRONA CONSTRUCTION PVT. LTD.,"2,499,900",Rejected-AOC,16-May-2026,Bodoland Territorial Council-PWD||Director Cum CHD - PWD BTC
2025_GMC_42568_5,GER/CE/2461/2024/Part-I/5 Date_03/02/2025,"Cleaning, Desilting and Maintenance of Drains as per package DSLT/D-I/08 under Mitigation of Urban Flood in Guwahati City under Guwahati Municipal Corporation for the year 2024-25","Cleaning, Desilting and Maintenance of Drains (as packaged) under Mitigation of Urban Flood in Guwahati City under Guwahati Municipal Corporation for the year 2024-25.",Works,Open Tender,Lump-sum,Miscellaneous Works,No,No,NA ,06-Feb-2025 05:30 PM,16-Feb-2025 12:00 PM ,120.0,No ,No,Online,06-Mar-2025 02:30 PM,Guwahati Municipal Corporation,Guwahati,781006.0,2.0,"6,22,513",BHAGNESWAR KALITA,"445,719.31",Accepted-AOC,09-Jun-2025,Guwahati Municipal Corporation
2025_NHM_49709_21,I/1373076/2025,"Construction of New PHC at Rongpangbong SD in KARBI ANGLONG (WEST ) District under XV-FC Health Grant under NHM, Assam.","Construction of New PHC at Rongpangbong SD in KARBI ANGLONG (WEST ) District under XV-FC Health Grant under NHM, Assam.",Works,Open Tender,Turn-key,Civil Works - Building,No,No,NA ,30-Dec-2025 04:00 PM,NA ,225.0,No ,No,Online,20-Jan-2026 03:30 PM,National Health Mission||State Programme Management Unit - NHM,Karbi Anglong (West),782460.0,2.0,"2,42,82,945",GAJI RAM DAS,"23,020,231",Rejected-Technical,19-May-2026,National Health Mission||State Programme Management Unit - NHM
2025_PCCF_49717_1,O.O. 281 dated 23/12/2025,Construction of Chain-linked Fencing with 3 strand barbed wire to be filled on pre-cast RCC pillars,Construction of Chain-linked Fencing with 3 strand barbed wire to be filled on pre-cast RCC pillars,Works,Open Tender,Percentage,Civil Works,No,No,NA ,29-Dec-2025 06:00 PM,NA ,180.0,No ,No,Online,20-Jan-2026 12:00 PM,"Pr. Chief Conservator of Forest and Head of Forest Force||Chief Conservator of Forests (Upper Assam Zone)||Northern Assam Circle, Tezpur||Nagaon Division",Nagaon,782001.0,2.0,"48,68,391",YEASMIN SULTANA,"4,381,551.9",Rejected-Technical,16-May-2026,"Pr. Chief Conservator of Forest and Head of Forest Force||Chief Conservator of Forests (Upper Assam Zone)||Northern Assam Circle, Tezpur||Nagaon Division"
2026_BTC_50911_1,No.ACE-133/PWD/G.79/2025-26/65,"Repairing of Magurmari H.S. School under Dotma Dev. Block, Kokrajhar. TN_107_04","Repairing of Magurmari H.S. School under Dotma Dev. Block, Kokrajhar. TN_107_04",Works,Open Tender,Item Rate,Civil Works - Building,No,No,NA ,07-Feb-2026 12:00 PM,NA ,180.0,No ,No,Online,21-Feb-2026 02:00 PM,Bodoland Territorial Council-PWD||Director Cum CHD - PWD BTC,Kokrajhar,783370.0,2.0,"59,95,853",Bimal Brahma,"5,994,737.62",Accepted-AOC,07-May-2026,Bodoland Territorial Council-PWD||Director Cum CHD - PWD BTC
2026_BoTC_50028_29,SE(R/B)/20-21/Pt-III/15,Package No.202_29,Recovery and Restoration of bridge approach No.5/2 at Rupatal on Kalaigaon Mekanjee road under Tangla R.R. Sub-Division under NDRF(PDNA-2022) in Udalguri District for the year 2025-26.,Works,Open Tender,Item Rate,Civil Works – Roads,No,No,NA ,07-Jan-2026 06:00 PM,NA ,180.0,No ,No,Online,27-Jan-2026 01:30 PM,Bodoland Territorial Council||PWD-BTC,Udalguri dist,784509.0,2.0,"24,28,000",HAMIDA KHATUN,"2,428,000",Accepted-AOC,05-May-2026,Bodoland Territorial Council||PWD-BTC
2025_PWD_45399_29,CE/DEV/TB/54/2025-26/01 Dtd- 13.06.2025,MMUPPNA_RIDF_XXXI_25_26_14 Improvement and Upgradation of road from NH-37 at Palorbond to Dalurgram under Mukhya Mantrir Unnoto Paki Path Nirman Achani (MMUPPNA) under RIDF-XXXI of NABARD for the year 2025-26.,MMUPPNA_RIDF_XXXI_25_26_14 Improvement and Upgradation of road from NH-37 at Palorbond to Dalurgram under Mukhya Mantrir Unnoto Paki Path Nirman Achani (MMUPPNA) under RIDF-XXXI of NABARD for the year 2025-26.,Works,Open Tender,Item Rate,Civil Works – Roads,No,No,NA ,07-Jul-2025 06:55 PM,14-Jul-2025 12:00 PM ,180.0,No ,No,Online,25-Jul-2025 02:30 PM,Public Works Roads Department,Cachar,788103.0,2.0,"5,62,00,000",DEBOPRIYO DEB,"56,200,000",Rejected-Finance,26-May-2026,Public Works Roads Department
2026_WPTBC_52125_1,PTDC/Engg/2026-27/541,"Major Renovation at Dhemaji Town ME School, Dist Dhemaji under DAJGUA during the year 2025-26.","Major Renovation at Dhemaji Town ME School, Dist Dhemaji under DAJGUA during the year 2025-26.",Works,Open Tender,Item Rate,Civil Works,No,No,NA ,17-Mar-2026 03:05 PM,23-Mar-2026 11:30 AM ,180.0,No ,No,Online,13-Apr-2026 03:00 PM,Welfare of Plain Tribes and Backward Classes||Director - WPT and BC||Assam Plains Tribes Development Corporation Ltd.,dhemaji,787057.0,2.0,"74,70,592",BIKRAM RAJ WARY,"7,370,586.79",Accepted-AOC,19-May-2026,Welfare of Plain Tribes and Backward Classes||Director - WPT and BC||Assam Plains Tribes Development Corporation Ltd.
2024_NHM_40293_3,NHM-32049/14/2023-Cons-NHM,"Construction of BPHU at Halakura BPHC and Gauripur CHC in Dhubri District under PM ABHIM for the FY 2025-26 under NHM, Assam on Turnkey Basis Group no-3 (2 nos. of Scheme in Dhubri District)","Construction of BPHU at Halakura BPHC and Gauripur CHC in Dhubri District under PM ABHIM for the FY 2025-26 under NHM, Assam on Turnkey Basis Group no-3 (2 nos. of Scheme in Dhubri District)",Works,Open Tender,Turn-key,Civil Works - Building,No,No,NA ,11-Nov-2024 06:30 PM,NA ,180.0,No ,No,Online,27-Nov-2024 03:30 PM,National Health Mission||State Programme Management Unit - NHM,Dhubri,783301.0,2.0,"1,00,00,000",ANOWER HUSSAIN,"8,997,000",Rejected-Technical,12-May-2026,National Health Mission||State Programme Management Unit - NHM
2025_BTC_49290_1,No.ACE-22/PWD/NIT/GW/25-26/19,Construction of road from Silkatari to Lalkura via Kathalguri-Gaurangtari from Ch. 0.00M to Ch.3680.00M under CMs Goodwill Mission Project RIDF-XXXI of NABARD for the year 2025-26. TN_67KOK_RIDF-XXXI-07,Construction of road from Silkatari to Lalkura via Kathalguri-Gaurangtari from Ch. 0.00M to Ch.3680.00M under CMs Goodwill Mission Project RIDF-XXXI of NABARD for the year 2025-26. TN_67KOK_RIDF-XXXI-07,Works,Open Tender,Item Rate,Civil Works – Roads,No,No,NA ,15-Dec-2025 12:00 PM,NA ,180.0,No ,No,Online,07-Jan-2026 11:00 AM,Bodoland Territorial Council-PWD||Director Cum CHD - PWD BTC,Kokrajhar,783370.0,2.0,"2,86,99,910",TAMESWAR BASUMATARY,"28,698,715.82",Rejected-AOC,07-May-2026,Bodoland Territorial Council-PWD||Director Cum CHD - PWD BTC
2025_PWD_47085_28,CE/DEV/TB/60/2025-26/15 Dtd- 06.08.2025,"MMPPNA_RIDF_XXXI_25_26_426 Improvement of road (1) Daspara Adarsa Janata LP School to No. 2 Makeli LP School, (2) Solapathar to Chamaria Old Bus Stand and (3) Dhekiabari Power House to Bhehuwa Yuvak Sangha via Nepalipara, Garbandha under Mukhya Mantr","MMPPNA_RIDF_XXXI_25_26_426 Improvement of road (1) Daspara Adarsa Janata LP School to No. 2 Makeli LP School, (2) Solapathar to Chamaria Old Bus Stand and (3) Dhekiabari Power House to Bhehuwa Yuvak Sangha via Nepalipara, Garbandha under Mukhya Mantr",Works,Open Tender,Item Rate,Civil Works – Roads,No,No,NA ,30-Aug-2025 02:20 PM,04-Sep-2025 12:00 PM ,180.0,No ,No,Online,19-Sep-2025 02:30 PM,Public Works Roads Department,Boko-Chaygaon,781123.0,2.0,"4,53,99,000",Manik Kalita,"44,491,000",Rejected-Finance,07-May-2026,Public Works Roads Department
2026_GMC_50622_21,GER/CE/2525/2025/Part-I/ 9 Date_ 22 /01/2026,Package No. DSLT-Div-II/7,"Cleaning, Desilting and Maintenance of Drains (Package No. DSLT-Div-II/7) under Mitigation of Urban Flood in Guwahati City under Guwahati Municipal Corporation for the year 2026",Works,Open Tender,Lump-sum,Miscellaneous Works,No,No,NA ,04-Feb-2026 05:00 PM,05-Feb-2026 12:00 PM ,120.0,No ,No,Online,16-Feb-2026 02:30 PM,Guwahati Municipal Corporation,Guwahati,781006.0,2.0,"28,60,000",MR DIPAK SARMA,"2,288,000",Accepted-AOC,06-May-2026,Guwahati Municipal Corporation
2026_GMC_50622_35,GER/CE/2525/2025/Part-I/ 9 Date_ 22 /01/2026,Package No. DSLT-Div-III/10,"Cleaning, Desilting and Maintenance of Drains (Package No. DSLT-Div-III/10) under Mitigation of Urban Flood in Guwahati City under Guwahati Municipal Corporation for the year 2026",Works,Open Tender,Lump-sum,Miscellaneous Works,No,No,NA ,04-Feb-2026 05:00 PM,05-Feb-2026 12:00 PM ,120.0,No ,No,Online,16-Feb-2026 02:30 PM,Guwahati Municipal Corporation,Guwahati,781006.0,2.0,"31,56,000",M/S TRIKUTA ENTERPRISE,"1,893,600",Rejected-AOC,07-May-2026,Guwahati Municipal Corporation
2025_PWD_45926_35,CE/DEV/TB/60/2025-26/06 Dtd- 14.07.2025,MMPPNA_RIDF_XXXI_25_26_164 Construction of Road from (1) Bogijuli Pothar to Maghe Rowmari (2) Rangsali Doloni to Bhota Doloni under Mukhya Mantrir Paki Path Nirman Achani (MMPPNA) under RIDF-XXXI of NABARD for the year 2025-26.,MMPPNA_RIDF_XXXI_25_26_164 Construction of Road from (1) Bogijuli Pothar to Maghe Rowmari (2) Rangsali Doloni to Bhota Doloni under Mukhya Mantrir Paki Path Nirman Achani (MMPPNA) under RIDF-XXXI of NABARD for the year 2025-26.,Works,Open Tender,Item Rate,Civil Works – Roads,No,No,NA ,28-Jul-2025 12:00 PM,04-Aug-2025 12:00 PM ,180.0,No ,No,Online,14-Aug-2025 02:30 PM,Public Works Roads Department,Behali,784166.0,2.0,"2,85,43,000",NIPUN SAIKIA,"28,543,000",Accepted-AOC,27-May-2026,Public Works Roads Department
2026_PWD_49958_1,CE/DEV/TB/224/2025-26/02 Dtd- 31.12.2025,"NRL_DEPOSIT_25_26_03 Construction of RCC Foot Bridge at Jugibari Lake including Approaches in Khumtai LAC for the year 2025-26 under Golaghat and Khumtai Territorial Road Division (Khumtai LAC,NRL Deposit Work)","NRL_DEPOSIT_25_26_03 Construction of RCC Foot Bridge at Jugibari Lake including Approaches in Khumtai LAC for the year 2025-26 under Golaghat and Khumtai Territorial Road Division (Khumtai LAC,NRL Deposit Work)",Works,Open Tender,Item Rate,Civil Works – Roads,No,No,NA ,05-Jan-2026 06:00 PM,13-Jan-2026 12:00 PM ,180.0,No ,No,Online,22-Jan-2026 02:30 PM,Public Works Roads Department,Golaghat,785612.0,2.0,"1,29,99,000",Mohinis Trade and Construction,"12,998,188",Accepted-AOC,12-May-2026,Public Works Roads Department
2026_PWD_51543_3,CE/Commn/Pt-I/PDNA/192/25-26/5,PDNA/Nalbari/10,Recovery and Reconstruction of (1) Chandkuchi to Barmurikona (Chandkuchi Durga Mandir to Sarat Baruah House) and other 18 nos of roads under NDRF(PDNA-2022) for the year 2025 -26.,Works,Open Tender,Item Rate,Civil Works – Roads,No,No,NA ,26-Feb-2026 05:00 PM,27-Feb-2026 04:00 PM ,180.0,No ,No,Online,06-Mar-2026 02:30 PM,Public Works Roads Department,Nalbari,781335.0,2.0,"4,91,14,500",Sri Rubul Bhatta,"41,747,325",Rejected-AOC,15-May-2026,Public Works Roads Department
2025_PWD_48217_1,Tech/NDTRD/NIT/1028/2978,Nalbari_RIDF_2025-26_09,"Construction of Bhakatpara Road under Mukhya Mantir Pakipath Nirman Achani (MMPPNA) under RIDF-XXXI of NABARD for the year 2025-26, Nalbari LAC",Works,Open Tender,Item Rate,Civil Works – Roads,No,No,NA ,29-Oct-2025 10:30 AM,NA ,180.0,No ,No,Online,13-Nov-2025 10:30 AM,Public Works Roads Department,Nalbari,781335.0,2.0,"1,00,01,000",SAURABH TALUKDAR,"10,001,000",Rejected-Finance,14-May-2026,Public Works Roads Department
2026_BTC_50969_1,No.ACE-133/PWD/G.79/2025-26/66,"Construction of Cultural stage at Olongbar High School Field, Delaisri and Gwjwnpwthar (Bhimajuli), Udalguri District under undivided Biswanath District under SOPD Bodoland Welfare Department, 2025-26. TN_108_06","Construction of Cultural stage at Olongbar High School Field, Delaisri and Gwjwnpwthar (Bhimajuli), Udalguri District under undivided Biswanath District under SOPD Bodoland Welfare Department, 2025-26. TN_108_06",Works,Open Tender,Item Rate,Civil Works - Building,No,No,NA ,09-Feb-2026 09:00 AM,NA ,180.0,No ,No,Online,21-Feb-2026 02:00 PM,Bodoland Territorial Council-PWD||Director Cum CHD - PWD BTC,Kokrajhar,783370.0,2.0,"46,27,735",MAHESWAR BRAHMA,"4,625,000",Rejected-AOC,12-May-2026,Bodoland Territorial Council-PWD||Director Cum CHD - PWD BTC
2024_NHM_40309_1,568447/1 Date 12-11-2024,Printing and supply of RCH Register,Printing and supply of RCH Register,Goods,Limited,Item Rate,Publishing/Printing,No,No,NA ,12-Nov-2024 04:00 PM,NA ,90.0,No ,No,Not Applicable,18-Nov-2024 03:30 PM,National Health Mission||State Programme Management Unit - NHM,34 district drug ware house,781005.0,1.0,"1,23,00,000",Infinity Advertising Services Pvt Ltd,"9,155,856",Rejected-Finance,11-May-2026,National Health Mission||State Programme Management Unit - NHM
2025_PWBNH_49092_4,Tech-I(H_E)/95/2025/46 Dated Guwahati the 5th December 2025,Construction of 100 Secondary Schools in 35 Districts of Assam under RIDF-XXXI (2025-26) for Kahilipara Higher Secondary School under Dispur and Dimoria TBD Package-12,Construction of 100 Secondary Schools in 35 Districts of Assam under RIDF-XXXI (2025-26) for Kahilipara Higher Secondary School under Dispur and Dimoria TBD Package-12,Works,Open Tender,Item Rate,Civil Works - Building,No,No,NA ,06-Dec-2025 05:30 PM,10-Dec-2025 11:30 AM ,180.0,No ,No,Online,17-Dec-2025 04:00 PM,Public Works Building and NH Department||Chief Engineer-Building - PWBNH,Morigaon,782105.0,2.0,"4,08,10,874",Jiten Kalita,"44,157,000",Accepted-AOC,07-May-2026,Public Works Building and NH Department||Chief Engineer-Building - PWBNH
2025_GMC_47288_17,GER/CE/2505/2025/6 Dated_01/09/2025,Construction of Toilet under Ward No.20,Construction of Toilet under Ward No.20,Works,Open Tender,Lump-sum,Civil Works,No,No,NA ,06-Sep-2025 06:00 PM,08-Sep-2025 12:00 PM ,120.0,No ,No,Online,07-Oct-2025 02:30 PM,Guwahati Municipal Corporation,Guwahati,781006.0,2.0,,RAJIB KUMAR CHOUDHURY,"1,689,800",Rejected-AOC,07-May-2026,Guwahati Municipal Corporation
2025_PWRDW_45485_12,CE/EAP/ARRBP01TENDERS2024/66A,Repairing and Maintenance of Bridge in Kamrup district i) Br. No. 3/1 on Kukurmara Kandalpara Road,CE/EAP/ARRBP/OCB/Bridge-1/Kamrup/24 Repairing and Maintenance of Bridge in Kamrup district i) Br. No. 3/1 on Kukurmara Kandalpara Road,Works,Open Tender,Item Rate,Civil Works - Bridges,No,No,NA ,11-Jul-2025 09:00 AM,18-Jul-2025 11:00 AM ,180.0,No ,No,Online,11-Aug-2025 02:30 PM,Public Works Roads Department-Externally Aided Project||Public Works Road Department- World Bank Funded Tenders||Assam State Bridge Infrastructure Program,Kamrup,781101.0,2.0,"11,56,000",RUPJYOTI DAS,"1,151,342",Rejected-Finance,22-May-2026,Public Works Roads Department-Externally Aided Project||Public Works Road Department- World Bank Funded Tenders||Assam State Bridge Infrastructure Program
2026_PWBNH_49855_1,Tech-II/38/2025/11 dated Guwahati the 24th December 2025,"Construction of Academic Block of Transit Campus of IIM at Tech City, Bongora, Guwahati including Balance Works of CFC building of Amtron","Construction of Academic Block of Transit Campus of IIM at Tech City, Bongora, Guwahati including Balance Works of CFC building of Amtron",Works,Open Tender,Item Rate,Civil Works - Building,No,No,NA ,02-Jan-2026 02:00 PM,03-Jan-2026 11:00 AM ,180.0,No ,No,Online,08-Jan-2026 03:30 PM,Public Works Building and NH Department||Chief Engineer-Building - PWBNH,Bongora,781015.0,2.0,"22,16,64,000",SHREE GAUTAM CONSTRUCTION CO. LTD.,"224,927,751",Rejected-AOC,12-May-2026,Public Works Building and NH Department||Chief Engineer-Building - PWBNH
2024_BoTC_37735_1,DPRD/BTC/(15th FC)UT/V/Udl-08/2024/11,Const of road from Edenbari to Jaita under 15th FC Untied Grant (2nd Installment) for the year 2022-23 during 2023-24.,DPRD/BTC/(15th FC)UT/V/Udl-08/2024/11,Works,Open Tender,Item Rate,Civil Works,No,No,NA ,25-Jun-2024 02:00 PM,10-Jul-2024 11:30 AM ,180.0,No ,No,Online,17-Jul-2024 02:30 PM,Bodoland Territorial Council||Panchayat and Rural Development-BTC,Udalguri,784509.0,2.0,"34,69,026",Sri Birgrang Basumatary,"3,469,026.21",Rejected-AOC,08-Aug-2024,Bodoland Territorial Council||Panchayat and Rural Development-BTC
2026_BoTC_51507_1,Tender No. KOK/BLDG-218/34 of 2025-26,Supply of Furniture of the Office Chamber of 5Five Nos of Ems of BTC Kokrajhar Namely Honble EM Dhiraj Borgoyary Honble EM Lwmsrao Daimary Honble EM Moon Moon Brahma Paniram Brahma Honble Rabiram Narzary,Supply of Furniture of the Office Chamber of 5Five Nos of Ems of BTC Kokrajhar Namely Honble EM Dhiraj Borgoyary Honble EM Lwmsrao Daimary Honble EM Moon Moon Brahma Paniram Brahma Honble Rabiram Narzary,Works,Open Tender,Works,Civil Works - Building,No,No,NA ,25-Feb-2026 05:30 PM,NA ,180.0,No ,No,Online,13-Mar-2026 01:30 PM,Bodoland Territorial Council||PWD-BTC,Kokrajhar,783370.0,2.0,"30,10,368",Jahn Narzary,"3,008,789",Accepted-AOC,14-Mar-2026,Bodoland Territorial Council||PWD-BTC
2025_PWD_45820_68,CE/STBR/SOPD-G/NIT/07/2025 26/1 Dated 26-06-2025,"STBR/SOPD G/Nagaon-Batadrava-04/11 Construction of road (1) Paniram Bora Road (M.G. Road to Lawkhowa Road) , (2) Teliagaon to Solmari Road (Teliagaon to Khatuwal) (from Ch.0.00 m to 200.00m ) , (3) Sankardev Path, Morikolong , (4) Old NH 37 at Khut","STBR/SOPD G/Nagaon-Batadrava-04/11 Construction of road (1) Paniram Bora Road (M.G. Road to Lawkhowa Road) , (2) Teliagaon to Solmari Road (Teliagaon to Khatuwal) (from Ch.0.00 m to 200.00m ) , (3) Sankardev Path, Morikolong , (4) Old NH 37 at Khut",Works,Open Tender,Item Rate,Civil Works – Roads,No,No,NA ,28-Jul-2025 04:00 PM,30-Jul-2025 11:00 AM ,180.0,No ,No,Online,11-Aug-2025 11:00 AM,Public Works Roads Department,Batadrava,782122.0,2.0,"2,91,54,266",Sri Giri Kanta Borah,"29,154,000",Accepted-AOC,06-May-2026,Public Works Roads Department
2025_DHTS_49644_1,SDW.1316/2024-25/1772 Dated 23/12/2025,Construction of Boundary wall along with Earthfilling,"Construction of Boundary wall along with Earthfilling in the allotted land for Superintendent of Sericulture Office, Bajali, Pathshala under SOPD-G for the year 2024-25",Works,Open Tender,Works,Civil Works,No,No,NA ,26-Dec-2025 09:00 AM,30-Dec-2025 11:30 AM ,180.0,No ,No,Online,16-Jan-2026 02:30 PM,Department of Handloom Textile and Sericulture||Directorate of Sericulture,"Superintendent of Sericulture Office, Bajali, Path",781022.0,2.0,"18,00,000",M/S New Sunlight Traders,"1,348,020",Rejected-AOC,08-May-2026,Department of Handloom Textile and Sericulture||Directorate of Sericulture
2025_PWD_48726_1,BDTRD_BKT_SOPD-G_25-26_07,"Construction of GWC at Bhokotiagaon Cheriki chuk road, Kochugaon gaonbura chuk road, Kolaichuk Tini Ali to Itakhuli connecting road, Praja line road under SOPD-G for the year 2025-26 of Golaghat District (Dergaon LAC)","Construction of GWC at Bhokotiagaon Cheriki chuk road, Kochugaon gaonbura chuk road, Kolaichuk Tini Ali to Itakhuli connecting road, Praja line road under SOPD-G for the year 2025-26 of Golaghat District (Dergaon LAC)",Works,Open Tender,Item Rate,Civil Works – Roads,No,No,NA ,21-Nov-2025 10:00 AM,25-Nov-2025 12:00 PM ,180.0,No ,No,Online,04-Dec-2025 10:00 AM,Public Works Roads Department,Dergaon,785614.0,2.0,"40,22,900",Rupjyoti borah,"4,021,900",Accepted-AOC,08-May-2026,Public Works Roads Department
2025_DoWR_49722_1,NALBARI/2025-26/PDNA/WORK/II,Restoration of damaged embankment on R/B of river Pagladia in between Bijuli ghat and Adabari.,Restoration of damaged embankment on R/B of river Pagladia in between Bijuli ghat and Adabari.,Works,Open Tender,Works,Civil Works,No,No,NA ,29-Dec-2025 06:55 PM,NA ,180.0,No ,No,Online,08-Jan-2026 03:00 PM,Department of Water Resources||Chief Engineer - DoWR,Nalbari,781335.0,2.0,"3,05,11,783",DILNUR ALI,"30,510,190.2",Accepted-AOC,21-May-2026,Department of Water Resources||Chief Engineer - DoWR
2025_PWD_45820_69,CE/STBR/SOPD-G/NIT/07/2025 26/1 Dated 26-06-2025,"STBR/SOPD G/Nagaon-Batadrava-05/12 Construction of 1. Majgaon Helth Centre to Maj Uriagaon Road by GWC, 2. Majgaon to Uriagaon near rail gate by GWC, 3. Majpathari Singia Chuk link Road by GWC, 4. Baidyatup Embankment Road by GWC, 5. Godhoria Kor","STBR/SOPD G/Nagaon-Batadrava-05/12 Construction of 1. Majgaon Helth Centre to Maj Uriagaon Road by GWC, 2. Majgaon to Uriagaon near rail gate by GWC, 3. Majpathari Singia Chuk link Road by GWC, 4. Baidyatup Embankment Road by GWC, 5. Godhoria Kor",Works,Open Tender,Item Rate,Civil Works – Roads,No,No,NA ,28-Jul-2025 04:00 PM,30-Jul-2025 11:00 AM ,180.0,No ,No,Online,11-Aug-2025 11:00 AM,Public Works Roads Department,Batadrava,782122.0,2.0,"1,05,26,800",SAGARDEV GOSWAMI,"10,526,682",Rejected-AOC,20-May-2026,Public Works Roads Department
2025_BTC_49658_1,125/ACE/NIT/Infra/BTC/2022-23,"Animal Feed Plant Cattle feed and Solvent extraction Unit at Murmela, Udalguri, Assam under Special Development Project as per MoS 2020 (EPC Mode-I)","Animal Feed Plant Cattle feed and Solvent extraction Unit at Murmela, Udalguri, Assam under Special Development Project as per MoS 2020 (EPC Mode-I)",Works,Open Tender,Works,Civil Works,No,No,NA ,26-Dec-2025 10:05 AM,05-Jan-2026 12:00 PM ,180.0,No ,No,Online,17-Jan-2026 11:00 AM,Bodoland Territorial Council-PWD||Director Cum CHD - PWD BTC,Udalguri,784509.0,2.0,"31,26,16,843",KULEN HAZARIKA,"325,121,000",Accepted-AOC,02-May-2026,Bodoland Territorial Council-PWD||Director Cum CHD - PWD BTC
2025_FDGoA_44729_1,CT/COMP-7/2025/8,"Signing of Framework Agreement for conducting Special Audit under Section 66 of the Assam GST Act, 2017","Signing of Framework Agreement for conducting Special Audit under Section 66 of the Assam GST Act, 2017",Services,Open Tender,EOI,Consultancy,No,No,NA ,04-Jun-2025 03:00 PM,09-Jun-2025 11:00 AM ,180.0,No ,No,Online,30-Jun-2025 03:30 PM,Finance Department||Commissionerate of Taxes,"New Kar Bhawan Building,Ganeshguri Guwahati",781006.0,1.0,,H K Agrawala & Associates,0.0,Accepted-AOC,02-May-2026,Finance Department||Commissionerate of Taxes
2025_GMC_47288_16,GER/CE/2505/2025/6 Dated_01/09/2025,Construction of Toilet under Ward No.10,Construction of Toilet under Ward No.10,Works,Open Tender,Lump-sum,Civil Works,No,No,NA ,06-Sep-2025 06:00 PM,08-Sep-2025 12:00 PM ,120.0,No ,No,Online,07-Oct-2025 02:30 PM,Guwahati Municipal Corporation,Guwahati,781006.0,2.0,,SANJOY SINGH,"1,760,000",Accepted-AOC,07-May-2026,Guwahati Municipal Corporation
2025_BoTC_49466_1,SE(R/B)/20-21/Pt-III/03/201_8,Package No.201_8,Construction of road from Phuluguri PWD road to Rejina Das House under CM Goodwill Mission Prject under RIDF-XXXI of NABARD for the year 2025-26.,Works,Open Tender,Item Rate,Civil Works – Roads,No,No,NA ,19-Dec-2025 01:00 PM,NA ,180.0,No ,No,Online,09-Jan-2026 01:30 PM,Bodoland Territorial Council||PWD-BTC,"Mazbat, Udalguri dist",784507.0,2.0,"1,00,00,000",RATUL KALITA,"9,999,000",Rejected-AOC,20-May-2026,Bodoland Territorial Council||PWD-BTC
2025_PWBNH_48996_2,Tech-I(H_E)/95/2025/41 Dated Guwahati the 26th November 2025,Construction of 100 Secondary Schools in 35 Districts of Assam under RIDF-XXXI (2025-26) for Ghilamara HS School under North Lakhimpur DTBD (Package-23),Construction of 100 Secondary Schools in 35 Districts of Assam under RIDF-XXXI (2025-26) for Ghilamara HS School under North Lakhimpur DTBD (Package-23),Works,Open Tender,Item Rate,Civil Works - Building,No,No,NA ,02-Dec-2025 09:00 AM,04-Dec-2025 11:30 AM ,180.0,No ,No,Online,09-Dec-2025 04:00 PM,Public Works Building and NH Department||Chief Engineer-Building - PWBNH,North Lakhimpur,787001.0,2.0,"4,08,06,494",Kamal Kumar Modi,"44,099,935",Accepted-AOC,13-May-2026,Public Works Building and NH Department||Chief Engineer-Building - PWBNH
2024_BoTC_37711_1,DPRD/BTC/(Gen)Udl-270/2024/09,Const of Market Shed at Sastrapara Daily Market under Market and Fairs Department in BTC for the year 2023-24.,DPRD/BTC/(Gen)Udl-270/2024/09,Works,Open Tender,Item Rate,Civil Works,No,No,NA ,24-Jun-2024 10:30 AM,09-Jul-2024 11:30 AM ,180.0,No ,No,Online,17-Jul-2024 02:30 PM,Bodoland Territorial Council||Panchayat and Rural Development-BTC,Udalguri,784509.0,2.0,"22,00,000",Elison Mochahari,"2,199,999.66",Rejected-AOC,02-Aug-2024,Bodoland Territorial Council||Panchayat and Rural Development-BTC
2026_PWD_50189_1,EE/HDTRD/TB/95/2024-25/05,HDTRD/PDNA-22/1Recovery and Reconstruction of Sarlok Nikharlmukh Road from Ch. 0.00m to Ch. 1530.00m under NDRF (PDNA-2022) for the year 2025-26 In Hojal District of Blnnakandl LAC,HDTRD/PDNA-22/1 Recovery and Reconstruction of Sarlok Nikharlmukh Road from Ch. 0.00m to Ch. 1530.00m under NDRF (PDNA-2022) for the year 2025-26 In Hojal District of Blnnakandl LAC,Works,Open Tender,Item Rate,Civil Works,No,No,NA ,14-Jan-2026 10:00 AM,17-Jan-2026 03:00 PM ,180.0,No ,No,Online,29-Jan-2026 02:30 PM,Public Works Roads Department,Binnkandi,782440.0,2.0,"53,96,000",Badrul Islam,"4,478,680",Accepted-AOC,26-May-2026,Public Works Roads Department
2026_GMC_50622_34,GER/CE/2525/2025/Part-I/ 9 Date_ 22 /01/2026,Package No. DSLT-Div-III/9,"Cleaning, Desilting and Maintenance of Drains (Package No. DSLT-Div-III/9) under Mitigation of Urban Flood in Guwahati City under Guwahati Municipal Corporation for the year 2026",Works,Open Tender,Lump-sum,Miscellaneous Works,No,No,NA ,04-Feb-2026 05:00 PM,05-Feb-2026 12:00 PM ,120.0,No ,No,Online,16-Feb-2026 02:30 PM,Guwahati Municipal Corporation,Guwahati,781006.0,2.0,"35,08,000",M/S TRIKUTA ENTERPRISE,"2,197,060.4",Rejected-AOC,06-May-2026,Guwahati Municipal Corporation
2025_PWD_47085_15,CE/DEV/TB/60/2025-26/15 Dtd- 06.08.2025,"MMPPNA_RIDF_XXXI_25_26_435 Improvement of road from (1) Gosto Bihari to Nibutari Tiniali, (2) 2 No. Tupamari Chowk Bazar via Siddikia Masjid, (3) Hanif Ali House to munnaf Ali Chariali and (4) Koimari to Jaokatagaon under Mukhya Mantrir Paki Path Nir","MMPPNA_RIDF_XXXI_25_26_435 Improvement of road from (1) Gosto Bihari to Nibutari Tiniali, (2) 2 No. Tupamari Chowk Bazar via Siddikia Masjid, (3) Hanif Ali House to munnaf Ali Chariali and (4) Koimari to Jaokatagaon under Mukhya Mantrir Paki Path Nir",Works,Open Tender,Item Rate,Civil Works – Roads,No,No,NA ,30-Aug-2025 02:00 PM,04-Sep-2025 12:00 PM ,180.0,No ,No,Online,19-Sep-2025 02:30 PM,Public Works Roads Department,Chamaria,781136.0,2.0,"3,43,98,000",Gagan Ch. Sarma,"34,373,092",Rejected-Finance,08-May-2026,Public Works Roads Department
2025_APGCL_49532_1,APGCL/CGM (H and C)/2025-26/ Bathymetry Survey KLHEP/11(36),Conducting Bathymetry Survey and LiDAR based Topography Survey,"Conducting Bathymetry Survey and LiDAR based Topography Survey for Computation of Area Capacity Curve of Hatidubi Dam, Karbi Langpi Hydro Electric Project, West Karbi Anglong, Assam.",Services,Open Tender,Works,Miscellaneous Services,No,No,NA ,22-Dec-2025 09:00 AM,NA ,180.0,No ,No,Online,06-Jan-2026 03:00 PM,Assam Power Generation Company Limited,Amtereng,782450.0,2.0,"21,56,657",PRECISION SURVEY CONSULTANCY,"1,828,979.48",Rejected-Finance,02-May-2026,Assam Power Generation Company Limited
2026_GMC_50622_20,GER/CE/2525/2025/Part-I/ 9 Date_ 22 /01/2026,Package No. DSLT-Div-II/6,"Cleaning, Desilting and Maintenance of Drains (Package No. DSLT-Div-II/6) under Mitigation of Urban Flood in Guwahati City under Guwahati Municipal Corporation for the year 2026",Works,Open Tender,Lump-sum,Miscellaneous Works,No,No,NA ,04-Feb-2026 05:00 PM,05-Feb-2026 12:00 PM ,120.0,No ,No,Online,16-Feb-2026 02:30 PM,Guwahati Municipal Corporation,Guwahati,781006.0,2.0,"37,72,000",KAMAL DAS,"2,588,723.6",Accepted-AOC,06-May-2026,Guwahati Municipal Corporation
2026_ID_50784_7,NIT NO.8 (SDMF) 2025-26 Date_03.02.2026,"Restrengthening of D/S Floor along with Erosion Protection works at Guide Bund of Kundarbil FIS under SDMF for the year 2025-26 under Udalguri Mazbat Division (Irrigation), Udalguri Package_7","Protection work at Restrengthening of D/S Floor along with Erosion Protection works at Guide Bund of Kundarbil FIS under SDMF for the year 2025-26 under Udalguri Mazbat Division (Irrigation), Udalguri Package_7",Works,Open Tender,Item Rate,Civil Works,No,No,NA ,04-Feb-2026 06:00 PM,06-Feb-2026 02:00 PM ,180.0,No ,No,Online,26-Feb-2026 03:00 PM,Irrigation Department||Chief Engineer(Major)-Irrigation Dept,Udalguri,784509.0,2.0,"1,85,66,791",Pankaj Boro,"3,018,190.27",Rejected-Technical,08-May-2026,Irrigation Department||Chief Engineer(Major)-Irrigation Dept
2026_BTC_50890_1,125/ACE/NIT/Infra/BTC/2022-23,Construction of RCC Bridge No. 1/1 at Gurihati Rakhkhala at Dewaguri village road over Gurihati Dimila Nadi under Infrastructure Development Fund (IBA) in Udalguri District for the year 2025-26. (TN_112_1),Construction of RCC Bridge No. 1/1 at Gurihati Rakhkhala at Dewaguri village road over Gurihati Dimila Nadi under Infrastructure Development Fund (IBA) in Udalguri District for the year 2025-26.,Works,Open Tender,Item Rate,Civil Works,No,No,NA ,06-Feb-2026 03:35 PM,NA ,180.0,No ,No,Online,26-Feb-2026 03:00 PM,Bodoland Territorial Council-PWD||Director Cum CHD - PWD BTC,Udalguri,784509.0,2.0,"1,38,99,628",MADAN DEBNATH,"13,899,000",Rejected-AOC,02-May-2026,Bodoland Territorial Council-PWD||Director Cum CHD - PWD BTC
2026_PWD_51069_1,CE/DEV/TB/106/2025-26/7 Dtd- 10.02.2026,MMPPNA_RIDF_XXXI_25_26_354 Construction of (1) Bypass Road from Sontila Siva Mandir to SS Road (2) Phalaiphadi Village Road under Mukhya Mantrir Paki Path Nirman Achani under RIDF-XXXI of NABARD for the year 2025-26.,MMPPNA_RIDF_XXXI_25_26_354 Construction of (1) Bypass Road from Sontila Siva Mandir to SS Road (2) Phalaiphadi Village Road under Mukhya Mantrir Paki Path Nirman Achani under RIDF-XXXI of NABARD for the year 2025-26.,Works,Open Tender,Item Rate,Civil Works – Roads,No,No,NA ,11-Feb-2026 06:00 PM,12-Feb-2026 12:30 PM ,180.0,No ,No,Online,18-Feb-2026 02:30 PM,Public Works Roads Department,Haflong,788819.0,2.0,"1,75,00,000",PONDA KEMPRAI,"13,987,750",Rejected-Finance,13-May-2026,Public Works Roads Department
2026_BTC_50288_3,125/ACE/NIT/Infra/BTC/2022-23,"Balance work for Polytechnic and Vocational Training Institute at Gobardhana, Baksa District under SDP to be funded by Govt. of Assam. (TN_102_3)","Balance work for Polytechnic and Vocational Training Institute at Gobardhana, Baksa District under SDP to be funded by Govt. of Assam.",Works,Open Tender,Item Rate,Civil Works,No,No,NA ,17-Jan-2026 10:00 AM,29-Jan-2026 12:00 PM ,180.0,No ,No,Online,06-Feb-2026 03:00 PM,Bodoland Territorial Council-PWD||Director Cum CHD - PWD BTC,Baksa,781327.0,2.0,"21,82,00,449",MR DIPAK SARMA,"218,198,920",Rejected-AOC,04-May-2026,Bodoland Territorial Council-PWD||Director Cum CHD - PWD BTC
2026_PWBNH_50044_1,CS/SKTBD/114/2024-25/1768 Date-02.01.2026,"Construction of E Lab at Govt. ITI Boko, Kamrup District","Construction of E Lab at Govt. ITI Boko, Kamrup District",Works,Open Tender,Item Rate,Civil Works - Building,No,No,NA ,07-Jan-2026 04:00 PM,17-Jan-2026 12:00 PM ,180.0,No ,No,Online,28-Jan-2026 02:30 PM,Public Works Building and NH Department||Chief Engineer-Building - PWBNH,Boko,781123.0,2.0,"34,52,725",M/S PIONEER ELECTRONICS,"3,452,475",Accepted-AOC,20-May-2026,Public Works Building and NH Department||Chief Engineer-Building - PWBNH
2026_DoWR_50217_1,HAILAKANDI/2025-26/ PDNA/WORK/IX,Restoration of dyke at different reaches on R/B of river Katakhal at Moragang area.,Restoration of dyke at different reaches on R/B of river Katakhal at Moragang area.,Works,Open Tender,Works,Civil Works,No,No,NA ,13-Jan-2026 09:00 AM,NA ,180.0,No ,No,Online,22-Jan-2026 03:00 PM,Department of Water Resources||Chief Engineer - DoWR,HAILAKANDI,788151.0,2.0,"93,34,534",farooq ahmed barbhuiya,"9,333,188.43",Rejected-AOC,19-May-2026,Department of Water Resources||Chief Engineer - DoWR
2026_BTC_51189_1,No.ACE-133/PWD/G.79/2025-26/69,"Construction of Pub Kharija Bijni High HS School at Barapeta, Baksa District under SOPD Bodoland Welfare Department, 2025-26. TN_111_31","Construction of Pub Kharija Bijni High HS School at Barapeta, Baksa District under SOPD Bodoland Welfare Department, 2025-26. TN_111_31",Works,Open Tender,Item Rate,Civil Works - Building,No,No,NA ,16-Feb-2026 12:00 PM,NA ,180.0,No ,No,Online,05-Mar-2026 11:00 AM,Bodoland Territorial Council-PWD||Director Cum CHD - PWD BTC,Kokrajhar,783370.0,2.0,"24,99,964",NAVADRONA CONSTRUCTION PVT. LTD.,"2,499,900",Rejected-AOC,16-May-2026,Bodoland Territorial Council-PWD||Director Cum CHD - PWD BTC
2025_PWD_48778_1,MDSTRD_SPJ_SOPD-G_25_26_9,MDSTRD_SPJ_SOPD-G_25_26_9,Construction of SPT Br No10/3 on Bhuktabari Sonapur Road under SOPD-G for the year 2025-26 under PWRD Mangaldai Dalgaon and Sipajhar Territorial Road Division Sipajhar LAC,Works,Open Tender,Item Rate,Civil Works - Bridges,No,Yes,NA ,21-Nov-2025 01:00 PM,,180.0,No ,No,Online,11-Dec-2025 01:00 PM,Public Works Roads Department,Sipajhar,784145.0,2.0,"33,20,000",SRI KIRITI BHUYAN,"3,319,000",Rejected-AOC,12-May-2026,Public Works Roads Department
2026_BTC_51972_1,No.ACE-106/PWD/IFB/PT-I/23-24,Const. of ICBP road from Gorom Bazar to Manashri Bazar at Bijni in Chirang Disrict for the year 2025-26 (Part-II) (From Ch. 4500.00 m to Ch. 7150.00 m) TN_133_04,Const. of ICBP road from Gorom Bazar to Manashri Bazar at Bijni in Chirang Disrict for the year 2025-26 (Part-II) (From Ch. 4500.00 m to Ch. 7150.00 m) TN_133_04,Works,Open Tender,Item Rate,Civil Works – Roads,No,No,NA ,13-Mar-2026 04:00 PM,NA ,180.0,No ,No,Online,02-Apr-2026 02:00 PM,Bodoland Territorial Council-PWD||Director Cum CHD - PWD BTC,Chirang,783390.0,2.0,"2,98,76,989",Jisoya Chompramary,"29,870,089.65",Accepted-AOC,18-May-2026,Bodoland Territorial Council-PWD||Director Cum CHD - PWD BTC
2026_BoTC_50028_16,SE(R/B)/20-21/Pt-III/15,Package No.202_16,Recovery and Restoration of RCC Box Culvert on Andherighat Harisinga Road at Kawaimari under NDRF(PDNA-2022) in Udalguri District for the year 2025-26.,Works,Open Tender,Item Rate,Civil Works – Roads,No,No,NA ,07-Jan-2026 05:00 PM,NA ,180.0,No ,No,Online,27-Jan-2026 01:30 PM,Bodoland Territorial Council||PWD-BTC,Udalguri dist,784509.0,2.0,"38,26,728",GOPAL SARKAR,"3,788,500",Accepted-AOC,05-May-2026,Bodoland Territorial Council||PWD-BTC
2026_ID_50784_5,NIT NO.8 (SDMF) 2025-26 Date_03.02.2026,"Protection work at Itabhata FIS under SDMF for the year 2025-26 under Udalguri Mazbat Division (Irrigation), Udalguri Package_5","Protection work at Itabhata FIS under SDMF for the year 2025-26 under Udalguri Mazbat Division (Irrigation), Udalguri Package_5",Works,Open Tender,Item Rate,Civil Works,No,No,NA ,04-Feb-2026 06:00 PM,06-Feb-2026 02:00 PM ,180.0,No ,No,Online,26-Feb-2026 03:00 PM,Irrigation Department||Chief Engineer(Major)-Irrigation Dept,Udalguri,784509.0,2.0,"4,18,66,700",DHARMESWAR GOYARI,"37,680,030",Rejected-Technical,08-May-2026,Irrigation Department||Chief Engineer(Major)-Irrigation Dept
2026_GMC_50622_36,GER/CE/2525/2025/Part-I/ 9 Date_ 22 /01/2026,Package No. DSLT-Div-III/11,"Cleaning, Desilting and Maintenance of Drains (Package No. DSLT-Div-III/11) under Mitigation of Urban Flood in Guwahati City under Guwahati Municipal Corporation for the year 2026",Works,Open Tender,Lump-sum,Miscellaneous Works,No,No,NA ,04-Feb-2026 05:00 PM,05-Feb-2026 12:00 PM ,120.0,No ,No,Online,16-Feb-2026 02:30 PM,Guwahati Municipal Corporation,Guwahati,781006.0,2.0,"43,47,000",TIA DEVELOPERS,"2,948,570.1",Rejected-AOC,06-May-2026,Guwahati Municipal Corporation
2026_GMC_50622_22,GER/CE/2525/2025/Part-I/ 9 Date_ 22 /01/2026,Package No. DSLT-Div-II/8,"Cleaning, Desilting and Maintenance of Drains (Package No. DSLT-Div-II/8) under Mitigation of Urban Flood in Guwahati City under Guwahati Municipal Corporation for the year 2026",Works,Open Tender,Lump-sum,Miscellaneous Works,No,No,NA ,04-Feb-2026 05:00 PM,05-Feb-2026 12:00 PM ,120.0,No ,No,Online,16-Feb-2026 02:30 PM,Guwahati Municipal Corporation,Guwahati,781006.0,2.0,"33,71,000",M/S TRIKUTA ENTERPRISE,"2,505,664.3",Rejected-AOC,06-May-2026,Guwahati Municipal Corporation
2025_PWD_45926_103,CE/DEV/TB/60/2025-26/06 Dtd- 14.07.2025,"MMPPNA_RIDF_XXXI_25_26_152 Construction of road from (1) NH-31 Manikpur Borbila Rosmi Singha club to Borbakhra (Paschim Barbila) Smashan Ghat Road, (2) Lughjhar Ghatpar Chariali PMGSY road to Mukti Akbar Ali House and (3) Manikpur Boripara Namghar to","MMPPNA_RIDF_XXXI_25_26_152 Construction of road from (1) NH-31 Manikpur Borbila Rosmi Singha club to Borbakhra (Paschim Barbila) Smashan Ghat Road, (2) Lughjhar Ghatpar Chariali PMGSY road to Mukti Akbar Ali House and (3) Manikpur Boripara Namghar to",Works,Open Tender,Item Rate,Civil Works – Roads,No,No,NA ,30-Jul-2025 02:00 PM,04-Aug-2025 12:00 PM ,180.0,No ,No,Online,14-Aug-2025 02:30 PM,Public Works Roads Department,Abhayapuri,783384.0,2.0,"2,92,65,000",NEWTECH GROUP OF CONSTRUCTION,"29,261,616",Accepted-AOC,08-May-2026,Public Works Roads Department
2024_GMC_38840_10,GER/CE/2430/2024/8 Dated 03/09/2024,Construction of Koinadhora Patorkuchi Inner drain.,Construction of Koinadhora Patorkuchi Inner drain.,Works,Open Tender,Lump-sum,Civil Works,No,No,NA ,05-Sep-2024 02:00 PM,NA ,180.0,No ,No,Online,09-Oct-2024 03:00 PM,Guwahati Municipal Corporation,GUWAHATI,781006.0,2.0,"70,00,000",P.S. ENTERPRISE,"5,833,800",Rejected-Technical,20-May-2026,Guwahati Municipal Corporation
2026_PWD_50189_3,EE/HDTRD/TB/95/2024-25/05,HDTRD/PDNA-22/3 Recovery and Reconstruction of Nagaya Pam to Sarupathar Road from Ch. 0.00m to Ch. 1500.00m under NDRF (PDNA-2022) for the year 2025-26 In Hojal District of Blnnakandl LAC,HDTRD/PDNA-22/3 Recovery and Reconstruction of Nagaya Pam to Sarupathar Road from Ch. 0.00m to Ch. 1500.00m under NDRF (PDNA-2022) for the year 2025-26 In Hojal District of Blnnakandl LAC,Works,Open Tender,Item Rate,Civil Works,No,No,NA ,14-Jan-2026 10:00 AM,17-Jan-2026 03:00 PM ,180.0,No ,No,Online,29-Jan-2026 02:30 PM,Public Works Roads Department,Binnkandi,782440.0,2.0,"65,00,000",Bhaskar Jyoti Bora,"5,525,000",Accepted-AOC,26-May-2026,Public Works Roads Department
2025_PWD_45408_18,CE/DEV/TB/60/2025-26/01 Dtd- 21.06.2025,"MMPPNA_RIDF_XXXI_25_26_96 Construction of road from (1) Tapeswara Arunodoy High School to E and D Bund via Garambazaar, (2) Lurfuria to Sitoli E and D bund, (3) Dakshin Rupshi High School to Kaurjahi, (4) Haldia to Chakla, (5) Howly Jania road to Sal","MMPPNA_RIDF_XXXI_25_26_96 Construction of road from (1) Tapeswara Arunodoy High School to E and D Bund via Garambazaar, (2) Lurfuria to Sitoli E and D bund, (3) Dakshin Rupshi High School to Kaurjahi, (4) Haldia to Chakla, (5) Howly Jania road to Sal",Works,Open Tender,Item Rate,Civil Works – Roads,No,No,NA ,08-Jul-2025 02:00 PM,17-Jul-2025 12:00 PM ,180.0,No ,No,Online,28-Jul-2025 02:30 PM,Public Works Roads Department,Mandia,781308.0,2.0,"6,11,43,000",M/S Royal Smart Construction,"61,140,000",Rejected-Finance,11-May-2026,Public Works Roads Department
2025_PWD_45408_110,CE/DEV/TB/60/2025-26/01 Dtd- 21.06.2025,"MMPPNA_RIDF_XXXI_25_26_69 Construction of Road from (1) Jonai Bazar Tinmile Ghat Road from Ch. 0.00 m to 6015.00 m, (2) Bogibeel Railway Dyke to Kareng Chapori Do.lung Silung under Mukhya Mantrir Paki Path Nirman Achani (MMPPNA) under RIDF-XXXI of NA","MMPPNA_RIDF_XXXI_25_26_69 Construction of Road from (1) Jonai Bazar Tinmile Ghat Road from Ch. 0.00 m to 6015.00 m, (2) Bogibeel Railway Dyke to Kareng Chapori Do.lung Silung under Mukhya Mantrir Paki Path Nirman Achani (MMPPNA) under RIDF-XXXI of NA",Works,Open Tender,Item Rate,Civil Works – Roads,No,No,NA ,14-Jul-2025 09:00 AM,17-Jul-2025 12:00 PM ,180.0,No ,No,Online,28-Jul-2025 02:30 PM,Public Works Roads Department,Jonai,787060.0,2.0,"4,15,95,000",Pranjyoti Doley,"41,594,000",Rejected-Finance,22-May-2026,Public Works Roads Department
2025_PWD_45818_47,CE/Commn/16/2025-26/04,Sarupathar /SOPD/6,Imp of Erthn Rd fm i)Da Chk to Pnjanii)Turng Gaon iii)Naojan Forst iv)DVN to Tngaholla v)Naojan Adarsa vi)Neog chuk to pub Naojan vii)Gndhokri Jtiya vdyly to Pub Najnaviii)Lnk Rd betwn Trng Gaon and Kusal Knwr Ali ix)Nhrani toDVN undr SOPD-G fr 25-26,Works,Open Tender,Item Rate,Civil Works – Roads,No,No,NA ,23-Jul-2025 06:00 PM,28-Jul-2025 04:00 PM ,180.0,No ,No,Online,11-Aug-2025 02:30 PM,Public Works Roads Department,Sarupathar,785601.0,2.0,"94,12,000",SAMARESH DAS,"9,412,000",Rejected-AOC,07-May-2026,Public Works Roads Department
2025_PWD_45408_138,CE/DEV/TB/60/2025-26/01 Dtd- 21.06.2025,"MMPPNA_RIDF_XXXI_25_26_150 Construction of Road from (i) Tepujan to Roshi Pather Connecting Road (Ch 0.00 m to Ch 1500.00 m), (ii) Phatikasuwa Abhoipuria Gaon Road to Ghuguloni Chuk (Ch 0.00 m to Ch 1320.00 m), (iii) Raidang Gaon Road (Ch 0.00 m to C","MMPPNA_RIDF_XXXI_25_26_150 Construction of Road from (i) Tepujan to Roshi Pather Connecting Road (Ch 0.00 m to Ch 1500.00 m), (ii) Phatikasuwa Abhoipuria Gaon Road to Ghuguloni Chuk (Ch 0.00 m to Ch 1320.00 m), (iii) Raidang Gaon Road (Ch 0.00 m to C",Works,Open Tender,Item Rate,Civil Works – Roads,No,No,NA ,14-Jul-2025 06:00 PM,17-Jul-2025 12:00 PM ,180.0,No ,No,Online,28-Jul-2025 02:30 PM,Public Works Roads Department,Tingkhong,786612.0,2.0,"3,12,52,000",MR NIKHILESH GOGOI,"31,252,000",Accepted-AOC,04-May-2026,Public Works Roads Department
2025_AEGCL_48816_1,81.0,Procurement of Current Transformer,Procurement of 2 sets of 33 kV transformer CT and 2 sets of 33 kV Line CT for GSS under TNT Circle AEGCL North Lakhimpur,Goods,Open Tender,Supply,Electrical Work/ Equipment,No,No,NA ,22-Nov-2025 11:00 AM,NA ,180.0,No ,No,Online,04-Feb-2026 12:00 PM,Assam Electricity Grid Corporation Ltd||CGM (T and T),North Lakhimpur,787001.0,2.0,"10,62,000",SMP MARKETING,"768,000",Rejected-Finance,13-May-2026,Assam Electricity Grid Corporation Ltd||CGM (T and T)
2025_PWD_46694_5,CE/DEV/TB/54/2025-26/09 Dated 11.08.2025,MMUPPNA-RIDF-XXXI-25-26-35 Improvement and widening of road at an Bey Gaon via Hawarpi Tourist complex Under Mukhya Mantir Unnoto Pakipath Nirman Achani (MMUPPNA) Under RIDF-XXXI of NABARD for the year 2025-26.,MMUPPNA-RIDF-XXXI-25-26-35 Improvement and widening of road at an Bey Gaon via Hawarpi Tourist complex Under Mukhya Mantir Unnoto Pakipath Nirman Achani (MMUPPNA) Under RIDF-XXXI of NABARD for the year 2025-26.,Works,Open Tender,Item Rate,Civil Works – Roads,No,No,NA ,19-Aug-2025 06:00 PM,21-Aug-2025 12:00 PM ,180.0,No ,No,Online,09-Sep-2025 02:30 PM,Public Works Roads Department,Karbi Anglong,782460.0,2.0,"1,50,00,000",SRI BABUL CH. DAS,"14,850,012",Accepted-AOC,15-May-2026,Public Works Roads Department
2026_PWD_49922_10,Tech/NDTRD/NIT/1028/4212 dated 03.01.2026,Tihu_PDNA_2025-26_22,Recovery and Reconstruction of Barkhetri Banekuchi to Danguapara Road under NDRF (PDNA-2022) for the year 2025-26.,Works,Open Tender,Item Rate,Civil Works – Roads,No,No,NA ,08-Jan-2026 10:30 AM,NA ,180.0,No ,No,Online,21-Jan-2026 10:30 AM,Public Works Roads Department,Nalbari,781335.0,2.0,"28,94,000",Abubakkar Siddik Pasha,"2,893,098",Accepted-AOC,13-May-2026,Public Works Roads Department
2026_WPTBC_51621_1,PTDC/Engg/2026-27/507,Construction of Public Auditorium at Bakrapur under Dudhnoi LAC in Goalpara District.,Construction of Public Auditorium at Bakrapur under Dudhnoi LAC in Goalpara District.,Works,Open Tender,Item Rate,Civil Works,No,No,NA ,02-Mar-2026 04:00 PM,02-Mar-2026 04:30 PM ,180.0,No ,No,Online,10-Mar-2026 03:00 PM,Welfare of Plain Tribes and Backward Classes||Director - WPT and BC,Dudhnoi Goalpara,783124.0,2.0,"1,00,00,000",MANJITA RABHA,"9,999,135.2",Accepted-AOC,25-May-2026,Welfare of Plain Tribes and Backward Classes||Director - WPT and BC
2026_BoTC_50564_1,DPRD/BTC/6TH ASFC/DG/Bak-18/2025/22,Construction of Market Shed at Ouguri Market under the Award of Direct Grant of 6th ASFC fund for the year 2021-22 (1st Installment) during 2025-26.,DPRD/BTC/6TH ASFC/DG/Bak-18/2025/22,Works,Open Tender,Item Rate,Civil Works - Building,No,No,NA ,24-Jan-2026 04:00 PM,NA ,180.0,No ,No,Online,16-Feb-2026 03:30 PM,Bodoland Territorial Council||Panchayat and Rural Development-BTC,Goreswar,781366.0,2.0,"25,00,000",DAITHUN BORO,"2,498,210",Not Admitted-Fee/PreQual/Technical,12-Mar-2026,Bodoland Territorial Council||Panchayat and Rural Development-BTC
2025_BTC_49248_26,ACE-22/PWD/NIT/GOODWILL/25-26,Construction of CC Block road from Pachim Nepalpara to Pub Nepalpara LP School with 2 Nos. of HPC and 1 Nos. of slab culvert under CMs Goodwill Mission Project under RIDF-XXXI of NABARD for the year 2025-26. (Package No. TN_68_UDL_RIDF-XXXI_26),Construction of CC Block road from Pachim Nepalpara to Pub Nepalpara LP School with 2 Nos. of HPC and 1 Nos. of slab culvert under CMs Goodwill Mission Project under RIDF-XXXI of NABARD for the year 2025-26.,Works,Open Tender,Item Rate,Civil Works – Roads,No,No,NA ,12-Dec-2025 10:00 AM,26-Dec-2025 12:00 PM ,180.0,No ,No,Online,03-Jan-2026 11:00 AM,Bodoland Territorial Council-PWD||Director Cum CHD - PWD BTC,Udalguri,784509.0,2.0,"1,50,00,000",SRD ENTERPRISE,"14,999,885",Rejected-AOC,19-May-2026,Bodoland Territorial Council-PWD||Director Cum CHD - PWD BTC
2025_WPTBC_49593_1,PTDC/Engg/2024-25/398,"Construction of Boundary Wall and Iron Gate at Women and Child Development Complex, Beltola Laxmi Mandir, Guwahati","Construction of Boundary Wall and Iron Gate at Women and Child Development Complex, Beltola Laxmi Mandir, Guwahati",Works,Open Tender,Item Rate,Civil Works,No,No,NA ,23-Dec-2025 02:00 PM,26-Dec-2025 11:00 AM ,180.0,No ,No,Online,07-Jan-2026 03:00 PM,Welfare of Plain Tribes and Backward Classes||Director - WPT and BC,"Beltola Laxmi Mandir, Guwahati",781028.0,2.0,"53,81,367",M/S. J.T. CONSTRUCTION & SUPPLIERS,"5,381,366.76",Accepted-AOC,16-May-2026,Welfare of Plain Tribes and Backward Classes||Director - WPT and BC
2026_PWBNH_51436_1,BDTBD/25-26/PBDOTC/25/1639-A,"Painting works and glass changing of windows and ventilation in the Biochemistry Department of College Building, FAAMCH, Barpeta and information regarding leakage of water girls common Room and painting works at 2nd floor of College Building, FAAMCH,","Painting works and glass changing of windows and ventilation in the Biochemistry Department of College Building, FAAMCH, Barpeta and information regarding leakage of water girls common Room and painting works at 2nd floor of College Building, FAAMCH.",Works,Open Tender,Item Rate,Civil Works - Building,No,No,NA ,21-Feb-2026 06:30 PM,NA ,180.0,No ,No,Online,28-Feb-2026 03:30 PM,Public Works Building and NH Department||Chief Engineer-Building - PWBNH,Barpeta Town,781301.0,2.0,"26,29,131",Dimbashwar Das,"2,760,571",Accepted-AOC,21-May-2026,Public Works Building and NH Department||Chief Engineer-Building - PWBNH
2025_PWD_45820_124,CE/STBR/SOPD-G/NIT/07/2025 26/1 Dated 26-06-2025,STBR/SOPD-G/Jalukbari -13/52 Improvement of Stretches St. Anthony School and Pasupati Nath Road under SOPD-G for the year 2025-26,STBR/SOPD-G/Jalukbari -13/52 Improvement of Stretches St. Anthony School and Pasupati Nath Road under SOPD-G for the year 2025-26,Works,Open Tender,Item Rate,Civil Works – Roads,No,No,NA ,02-Aug-2025 12:00 PM,04-Aug-2025 11:00 AM ,180.0,No ,No,Online,19-Aug-2025 11:00 AM,Public Works Roads Department,Jalukbari,781013.0,2.0,"38,14,000",Mrinal Kumar Das,"3,813,999",Rejected-AOC,14-May-2026,Public Works Roads Department
2025_ICD_48749_1,C and P/Rb and C/Ethanol/25-26/02,Procurement of Denatured Anhydrous Ethanol,Procurement of Denatured Anhydrous Ethanol,Goods,Open Tender,Buy,Supply of Materials,No,No,NA ,20-Nov-2025 03:00 PM,NA ,120.0,No ,No,Online,09-Dec-2025 11:00 AM,Industries and Commerce Department||Assam Gas Company Ltd - ICD,"Numaligarh, Golghat",785621.0,2.0,,GREENOSPHERE RENEWABLE ENERGY PRIVATE LIMITED,"37,000,005",Rejected-Finance,13-May-2026,Industries and Commerce Department||Assam Gas Company Ltd - ICD
2025_PWD_46191_14,CE/DEV/TB/122/2025-26/1 Dtd- 01.08.2025,BTR_RIDF_XXXI_25_26_33 Construction of Jungle Block to Dhansiri Bajar (Ch. 0.00 to 1400.00m) under RIDF-XXXI of NABARD for the year 2025-26.,BTR_RIDF_XXXI_25_26_33 Construction of Jungle Block to Dhansiri Bajar (Ch. 0.00 to 1400.00m) under RIDF-XXXI of NABARD for the year 2025-26.,Works,Open Tender,Item Rate,Civil Works – Roads,No,No,NA ,06-Aug-2025 04:00 PM,11-Aug-2025 12:00 PM ,180.0,No ,No,Online,14-Aug-2025 02:30 PM,Public Works Roads Department,Mazbat,784507.0,2.0,"1,05,00,000",ANIMA DAIMARI,"8,767,433",Accepted-AOC,21-May-2026,Public Works Roads Department
2025_PWBNH_48996_1,Tech-I(H_E)/95/2025/41 Dated Guwahati the 26th November 2025,Construction of 100 Secondary Schools in 35 Districts of Assam under RIDF-XXXI (2025-26) for Bihaguri HS School under Sonitpur DTBD Package 38,Construction of 100 Secondary Schools in 35 Districts of Assam under RIDF-XXXI (2025-26) for Bihaguri HS School under Sonitpur DTBD Package 38,Works,Open Tender,Item Rate,Civil Works - Building,No,No,NA ,02-Dec-2025 09:00 AM,04-Dec-2025 11:30 AM ,180.0,No ,No,Online,09-Dec-2025 04:00 PM,Public Works Building and NH Department||Chief Engineer-Building - PWBNH,Sonitpur,784153.0,2.0,"4,08,16,805",MANOJ TALUKDAR,"41,187,000",Rejected-AOC,04-May-2026,Public Works Building and NH Department||Chief Engineer-Building - PWBNH
2025_PWBNH_49092_6,Tech-I(H_E)/95/2025/46 Dated Guwahati the 5th December 2025,"Construction of 100 Secondary Schools in 35 Districts of Assam under RIDF-XXXI (2025-26) for Rakshasmari Higher Secondary School under Sonitpur DTBD, Package-37","Construction of 100 Secondary Schools in 35 Districts of Assam under RIDF-XXXI (2025-26) for Rakshasmari Higher Secondary School under Sonitpur DTBD, Package-37",Works,Open Tender,Item Rate,Civil Works - Building,No,No,NA ,06-Dec-2025 06:00 PM,10-Dec-2025 11:30 AM ,180.0,No ,No,Online,17-Dec-2025 04:00 PM,Public Works Building and NH Department||Chief Engineer-Building - PWBNH,Sonitpur,784001.0,2.0,"4,08,01,577",VERSHA TECHNOTRADE PVT LTD,"44,182,055",Accepted-AOC,14-May-2026,Public Works Building and NH Department||Chief Engineer-Building - PWBNH
2026_BoTC_51505_1,Tender No. KOK/BLDG-218/32 of 2025-26,Renovation of Room NoA11 of BTCLA for the purpose of Official Accomodation of Sri Rabiram Narzary Honble EM BTC Kokrajhar,Renovation of Room NoA11 of BTCLA for the purpose of Official Accomodation of Sri Rabiram Narzary Honble EM BTC Kokrajhar,Works,Open Tender,Works,Civil Works - Building,No,No,NA ,25-Feb-2026 05:30 PM,NA ,180.0,No ,No,Online,13-Mar-2026 01:30 PM,Bodoland Territorial Council||PWD-BTC,Kokrajhar BTCLA,783370.0,2.0,"24,16,785",Jahn Narzary,"2,414,269",Accepted-AOC,14-Mar-2026,Bodoland Territorial Council||PWD-BTC
2026_BTC_51190_1,No.ACE-133/PWD/G.79/2025-26/69,"Construction of Boundary wall at Ramanuj English School, Lamabari under SOPD Bodoland Welfare Department, 2025-26. TN_111_32","Construction of Boundary wall at Ramanuj English School, Lamabari under SOPD Bodoland Welfare Department, 2025-26. TN_111_32",Works,Open Tender,Item Rate,Civil Works - Building,No,No,NA ,16-Feb-2026 12:00 PM,NA ,180.0,No ,No,Online,05-Mar-2026 11:00 AM,Bodoland Territorial Council-PWD||Director Cum CHD - PWD BTC,Kokrajhar,783370.0,2.0,"9,99,750",Sansuma Daimari,"999,400.95",Rejected-AOC,25-May-2026,Bodoland Territorial Council-PWD||Director Cum CHD - PWD BTC
2025_DHTS_49646_1,SDW.1350/2025-26/39/1534 Dated 19/12/2025,Construction of Boundary wall,"Construction of Boundary wall for Girls Hostel at Sericultural Training Institute Titabar, Jorhat under SOPD-G for the year 2025-26",Works,Open Tender,Works,Civil Works,No,No,NA ,26-Dec-2025 09:00 AM,NA ,180.0,No ,No,Online,12-Jan-2026 03:30 PM,Department of Handloom Textile and Sericulture||Directorate of Sericulture,"Sericultural Training Institute Titabar, Jorhat",781022.0,2.0,"15,04,000",Manash Borua,"1,306,976",Rejected-AOC,08-May-2026,Department of Handloom Textile and Sericulture||Directorate of Sericulture
2025_PCCF_48803_1,ASZ/TENDER/APFBC/2025/05-A,"Supply of Equipments and Logistics Lot 3 for Rapid Response Team and Community Response Team at Assam State Zoo, Guwahati","Supply of Equipments and Logistics Lot 3 for Rapid Response Team and Community Response Team at Assam State Zoo, Guwahati",Goods,Open Tender,Supply,Miscellaneous Goods,No,No,NA ,21-Nov-2025 04:00 PM,29-Nov-2025 12:00 PM ,60.0,No ,No,Online,09-Dec-2025 01:00 PM,Pr. Chief Conservator of Forest and Head of Forest Force||Principal Chief Conservator of Forests(Wildlife and Ch. Wildlife Warden)||Divisional Forest Officer - Assam Sate Zoo,Assasm State Zoo,781005.0,2.0,,BMR WILDLIFE SERVICES,"860,197",Accepted-AOC,18-May-2026,Pr. Chief Conservator of Forest and Head of Forest Force||Principal Chief Conservator of Forests(Wildlife and Ch. Wildlife Warden)||Divisional Forest Officer - Assam Sate Zoo
2025_PWBNH_49035_1,CE/TB-III(H_E)/40/2025/16 Dated Guwahati the 01/12/2025,Construction of New Building of 100 Secondary Schools under RIDF-XXXI (2025-26) for Judhisthir Saha HSS under Lakhipur Borkhola and Katigorah TBD ( Package-47),Construction of New Building of 100 Secondary Schools under RIDF-XXXI (2025-26) for Judhisthir Saha HSS under Lakhipur Borkhola and Katigorah TBD ( Package-47),Works,Open Tender,Item Rate,Civil Works - Building,No,No,NA ,04-Dec-2025 12:00 PM,10-Dec-2025 11:30 AM ,180.0,No ,No,Online,24-Dec-2025 04:00 PM,Public Works Building and NH Department||Chief Engineer-Building - PWBNH,Katigorah,788804.0,2.0,"4,12,18,190",MR DIPAK SARMA,"44,866,000",Rejected-AOC,25-May-2026,Public Works Building and NH Department||Chief Engineer-Building - PWBNH
2025_PWD_46685_38,CE/DEV/TB/60/2025-26/13 Dtd- 31.07.2025,MMPPNA_RIDF_XXXI_25_26_380 Construction of Road from NH29 to Kuruna Bey gaon under Mukhya Mantrir Pakipath Nirman Achani (MMPPNA) under RIDF - XXXI of NABARD for the Year 2025-26,MMPPNA_RIDF_XXXI_25_26_380 Construction of Road from NH29 to Kuruna Bey gaon under Mukhya Mantrir Pakipath Nirman Achani (MMPPNA) under RIDF - XXXI of NABARD for the Year 2025-26,Works,Open Tender,Item Rate,Civil Works – Roads,No,No,NA ,21-Aug-2025 02:30 PM,21-Aug-2025 03:00 PM ,180.0,No ,No,Online,09-Sep-2025 02:30 PM,Public Works Roads Department,Karbi Anglong,782410.0,2.0,"2,13,80,000",Sahadev Basumatary,"21,379,000",Rejected-Finance,08-May-2026,Public Works Roads Department
2026_BTC_50913_1,No.ACE-133/PWD/G.79/2025-26/65,Repairing and Renovation of Rakhal ME School (Udise-18240416404) Patla (Barphena Pathar under No.21 Salbari Constituency in Baksa District. TN_107_06,Repairing and Renovation of Rakhal ME School (Udise-18240416404) Patla (Barphena Pathar under No.21 Salbari Constituency in Baksa District. TN_107_06,Works,Open Tender,Item Rate,Civil Works - Building,No,No,NA ,07-Feb-2026 12:00 PM,NA ,180.0,No ,No,Online,21-Feb-2026 02:00 PM,Bodoland Territorial Council-PWD||Director Cum CHD - PWD BTC,Kokrajhar,783370.0,2.0,"59,99,983",M/S Barman Enterprise,"5,998,199.76",Rejected-AOC,25-May-2026,Bodoland Territorial Council-PWD||Director Cum CHD - PWD BTC
2026_PWD_50189_2,EE/HDTRD/TB/95/2024-25/05,HDTRD/PDNA-22/2 Recovery and Reconstruction of Road from Hojai Mubarok Bastl to Pachlm Nllbagan under NDRF (PDNA-2022) for the year 2025-26 In Hojal District of Blnnakandl LAC,HDTRD/PDNA-22/2 Recovery and Reconstruction of Road from Hojai Mubarok Bastl to Pachlm Nllbagan under NDRF (PDNA-2022) for the year 2025-26 In Hojal District of Blnnakandl LAC,Works,Open Tender,Item Rate,Civil Works,No,No,NA ,14-Jan-2026 10:00 AM,17-Jan-2026 03:00 PM ,180.0,No ,No,Online,29-Jan-2026 02:30 PM,Public Works Roads Department,Binnkandi,782440.0,2.0,"75,00,000",Bhaskar Jyoti Bora,"6,375,000",Accepted-AOC,26-May-2026,Public Works Roads Department
2025_PWD_49573_24,CE/Commn/192/PDNA/2025-26/02,PDNA/ Dima Hasao/06,Recovery and Reconstruction of Ramnagar Natun Basti Road under NDRF(PDNA-2022) for the year 2025-26.,Works,Open Tender,Item Rate,Civil Works – Roads,No,No,NA ,23-Dec-2025 04:00 PM,26-Dec-2025 04:00 PM ,180.0,No ,No,Online,09-Jan-2026 02:30 PM,Public Works Roads Department,Dima Hasao,788819.0,2.0,"1,00,00,000",SONLAL BODO,"9,000,000",Rejected-AOC,07-May-2026,Public Works Roads Department
2026_GMC_50622_23,GER/CE/2525/2025/Part-I/ 9 Date_ 22 /01/2026,Package No. DSLT-Div-II/9,"Cleaning, Desilting and Maintenance of Drains (Package No. DSLT-Div-II/9) under Mitigation of Urban Flood in Guwahati City under Guwahati Municipal Corporation for the year 2026",Works,Open Tender,Lump-sum,Miscellaneous Works,No,No,NA ,04-Feb-2026 05:00 PM,05-Feb-2026 12:00 PM ,120.0,No ,No,Online,16-Feb-2026 02:30 PM,Guwahati Municipal Corporation,Guwahati,781006.0,2.0,"28,65,000",ACHINTA DAS,"1,919,550",Accepted-AOC,06-May-2026,Guwahati Municipal Corporation
2025_PWD_47085_16,CE/DEV/TB/60/2025-26/15 Dtd- 06.08.2025,MMPPNA_RIDF_XXXI_25_26_450 Improvement of Road from (1) Bhetamukh Bor Rang Mahal Road (2) Madhupur Rudreswar Road (3) Simlibari Bor Masjid Road (4) Borchandra Bathei Church to Samuel Rubber Garden at Natunacha Road Ch 0.00m to Ch 1.350m under Mukhya,MMPPNA_RIDF_XXXI_25_26_450 Improvement of Road from (1) Bhetamukh Bor Rang Mahal Road (2) Madhupur Rudreswar Road (3) Simlibari Bor Masjid Road (4) Borchandra Bathei Church to Samuel Rubber Garden at Natunacha Road Ch 0.00m to Ch 1.350m under Mukhya,Works,Open Tender,Item Rate,Civil Works – Roads,No,No,NA ,30-Aug-2025 02:00 PM,04-Sep-2025 12:00 PM ,180.0,No ,No,Online,19-Sep-2025 02:30 PM,Public Works Roads Department,Kamalpur,781352.0,2.0,"3,87,26,000",Shining Marak,"38,726,000",Rejected-Finance,27-May-2026,Public Works Roads Department
2026_GMC_50622_37,GER/CE/2525/2025/Part-I/ 9 Date_ 22 /01/2026,Package No. DSLT-Div-III/12,"Cleaning, Desilting and Maintenance of Drains (Package No. DSLT-Div-III/12) under Mitigation of Urban Flood in Guwahati City under Guwahati Municipal Corporation for the year 2026",Works,Open Tender,Lump-sum,Miscellaneous Works,No,No,NA ,04-Feb-2026 05:00 PM,05-Feb-2026 12:00 PM ,120.0,No ,No,Online,16-Feb-2026 02:30 PM,Guwahati Municipal Corporation,Guwahati,781006.0,2.0,"30,87,000",M/s Meenakshi Enterprise,"2,016,737.1",Rejected-Technical,07-May-2026,Guwahati Municipal Corporation
2026_BoTC_50250_1,TECH-28/SE(RB)/2019-20/05,Recovery and Reconstruction of Subankhata to Nalbari Road at Maithabari under NDRF (PDNA-2022) for the year 2025-26. TN-386-15.,Recovery and Reconstruction of Subankhata to Nalbari Road at Maithabari under NDRF (PDNA-2022) for the year 2025-26. TN-386-15.,Works,Open Tender,Works,Civil Works – Roads,No,No,NA ,13-Jan-2026 06:00 PM,NA ,180.0,No ,No,Online,03-Feb-2026 02:00 PM,Bodoland Territorial Council||PWD-BTC,Baksa,781346.0,2.0,"24,99,682",Mazibar Rahman,"2,499,200.96",Accepted-AOC,13-May-2026,Bodoland Territorial Council||PWD-BTC
2025_PWD_48012_2,BSPTRD/TECH/SOPDG/153/2023-24,BSPTRD/SOPD-G/2025-26/4,Construction of Road from Shwahid Harapati Talukdar approach Road under SOPD-G for the year 2025-26,Works,Open Tender,Item Rate,Civil Works – Roads,No,No,NA ,15-Oct-2025 10:00 AM,16-Oct-2025 12:00 PM ,180.0,No ,No,Online,01-Nov-2025 10:00 AM,Public Works Roads Department,Barpeta Road,781315.0,2.0,"23,75,000",M/s Juman Enterprise,"2,373,786",Rejected-Finance,27-May-2026,Public Works Roads Department
2026_BTC_51214_1,No.ACE-133/PWD/G.79/2025-26/69,Repairing and Renovation of Mayarani Memorial ME School at Jakhlibil Pathar at Mothanguri under SOPD Bodoland Welfare Department 2025-26. TN_111_06,Repairing and Renovation of Mayarani Memorial ME School at Jakhlibil Pathar at Mothanguri under SOPD Bodoland Welfare Department 2025-26. TN_111_06,Works,Open Tender,Item Rate,Civil Works - Building,No,No,NA ,16-Feb-2026 12:00 PM,NA ,180.0,No ,No,Online,05-Mar-2026 11:00 AM,Bodoland Territorial Council-PWD||Director Cum CHD - PWD BTC,Baksa,781327.0,2.0,"49,999",NAVADRONA CONSTRUCTION PVT. LTD.,"2,499,900",Rejected-AOC,16-May-2026,Bodoland Territorial Council-PWD||Director Cum CHD - PWD BTC
2026_ID_50784_4,NIT NO.8 (SDMF) 2025-26 Date_03.02.2026,"Improvement of Dumduma FIS under SDMF for the year 2025-26 under Udalguri Mazbat Division (Irrigation), Udalguri Package_4","Improvement of Dumduma FIS under SDMF for the year 2025-26 under Udalguri Mazbat Division (Irrigation), Udalguri Package_4",Works,Open Tender,Item Rate,Civil Works,No,No,NA ,04-Feb-2026 06:00 PM,06-Feb-2026 02:00 PM ,180.0,No ,No,Online,26-Feb-2026 03:00 PM,Irrigation Department||Chief Engineer(Major)-Irrigation Dept,Udalguri,784509.0,2.0,"1,23,68,721",ASHOK KUMAR BAJAJ,"11,131,849",Accepted-AOC,08-May-2026,Irrigation Department||Chief Engineer(Major)-Irrigation Dept
2025_BTC_49110_7,ACE-25/PWD/IFB/BTC/2025-26/13,Improvement and Upgradation Athiabari Market to Barimakha Road Ch. 0.000 km (Athiabari Market) to (Ch.12.795 km (Barirmakha Road) under Asom Mala 3.0 for the year 2025-26.,Improvement and Upgradation Athiabari Market to Barimakha Road Ch. 0.000 km (Athiabari Market) to (Ch.12.795 km (Barirmakha Road) under Asom Mala 3.0 for the year 2025-26.,Works,Open Tender,Item Rate,Civil Works – Roads,No,No,NA ,08-Dec-2025 10:15 AM,15-Dec-2025 12:00 PM ,180.0,No ,No,Online,22-Dec-2025 11:00 AM,Bodoland Territorial Council-PWD||Director Cum CHD - PWD BTC,Baksa,781320.0,2.0,"47,12,08,000",kamalchgoyary,"471,206,000",Accepted-AOC,22-May-2026,Bodoland Territorial Council-PWD||Director Cum CHD - PWD BTC
2026_BoTC_50028_17,SE(R/B)/20-21/Pt-III/15,Package No.202_17,Recovery and Restoration of RCC Slab Culvert on No.1 Bainara to Barnadipar under NDRF(PDNA-2022) in Udalguri District for the year 2025-26.,Works,Open Tender,Item Rate,Civil Works – Roads,No,No,NA ,07-Jan-2026 05:00 PM,NA ,180.0,No ,No,Online,27-Jan-2026 01:30 PM,Bodoland Territorial Council||PWD-BTC,Udalguri dist,784509.0,2.0,"41,33,882",SRI KAMALA KT. BARO,"4,133,800",Rejected-AOC,05-May-2026,Bodoland Territorial Council||PWD-BTC
2025_NHM_49709_2,I/1373076/2025,"Construction of New PHC at Garukhuti PHC in DARRANG District under XV-FC Health Grant under NHM, Assam.","Construction of New PHC at Garukhuti PHC in DARRANG District under XV-FC Health Grant under NHM, Assam.",Works,Open Tender,Turn-key,Civil Works - Building,No,No,NA ,29-Dec-2025 06:00 PM,NA ,225.0,No ,No,Online,20-Jan-2026 03:30 PM,National Health Mission||State Programme Management Unit - NHM,Darrang,784125.0,2.0,"2,42,82,945",M/s Tina Enterprise,"24,282,945",Rejected-Finance,12-May-2026,National Health Mission||State Programme Management Unit - NHM
2025_BTC_49292_1,No.ACE-22/PWD/NIT/GW/25-26/19,"Construction of road from Dologaon-Dholmara PMGSY Road to Nayachara Pt.III via Ghatpara Bazar by providing earth filling, GSB, WBM-III ICBP, CD works in Kokrajhar Dist. under CMs Goodwill Mission Project RIDF-XXXI for 2025-26. TN_67KOK_RIDF-XXXI-08","Construction of road from Dologaon-Dholmara PMGSY Road to Nayachara Pt.III via Ghatpara Bazar by providing earth filling, GSB, WBM-III ICBP, CD works in Kokrajhar Dist. under CMs Goodwill Mission Project RIDF-XXXI for 2025-26. TN_67KOK_RIDF-XXXI-08",Works,Open Tender,Item Rate,Civil Works – Roads,No,No,NA ,15-Dec-2025 12:00 PM,NA ,180.0,No ,No,Online,07-Jan-2026 11:00 AM,Bodoland Territorial Council-PWD||Director Cum CHD - PWD BTC,Kokrajhar,783370.0,2.0,"2,69,99,821",TAMESWAR BASUMATARY,"26,999,338.95",Rejected-AOC,07-May-2026,Bodoland Territorial Council-PWD||Director Cum CHD - PWD BTC
2025_NHM_49709_33,I/1373076/2025,"Construction of New PHC at Bamuni MPHC in NAGAON District under XV-FC Health Grant under NHM, Assam.","Construction of New PHC at Bamuni MPHC in NAGAON District under XV-FC Health Grant under NHM, Assam.",Works,Open Tender,Turn-key,Civil Works - Building,No,No,NA ,30-Dec-2025 04:00 PM,NA ,225.0,No ,No,Online,20-Jan-2026 03:30 PM,National Health Mission||State Programme Management Unit - NHM,Nagaon,782001.0,2.0,"2,42,82,945",SAURAV PHUKAN,"24,282,900",Rejected-Finance,05-May-2026,National Health Mission||State Programme Management Unit - NHM
2025_DHUA_48510_1,AUSDP/ADB/OCB-Works/15,Construction with Ten Year Operation and Maintenance of 24x7 - Drink from Tap Water Supply Scheme for Dhubri Town in Assam,Construction with Ten Year Operation and Maintenance of 24x7 - Drink from Tap Water Supply Scheme for Dhubri Town in Assam,Works,Open Tender,Item Rate,Civil Works,No,No,NA ,10-Nov-2025 06:30 PM,20-Nov-2025 11:00 AM ,120.0,No ,No,Online,15-Dec-2025 03:00 PM,Department of Housing and Urban Affairs||Assam Urban Infrastructure Development and Finance Corporation Ltd||EAP-Assam Urban Sector Development Project,Dhubri,783301.0,2.0,,M/S D.K. (ASSAM) ASSOCIATES PVT. LTD.,"1,275,627,290.3",Accepted-AOC,15-May-2026,Department of Housing and Urban Affairs||Assam Urban Infrastructure Development and Finance Corporation Ltd||EAP-Assam Urban Sector Development Project
2025_BTC_49249_6,ACE-22/PWD/NIT/GOODWILL/25-26,Construction of CC Block road from Ramchajhar to No.2 Rowmari via Parmeswar Dekas house under Niz Betna VCDC under CMs Goodwill mission Project (RIDF-XXXI) for the year 2025-26. (Package No. TN_73_TML_RIDF-XXXI_06),Construction of CC Block road from Ramchajhar to No.2 Rowmari via Parmeswar Dekas house under Niz Betna VCDC under CMs Goodwill mission Project (RIDF-XXXI) for the year 2025-26.,Works,Open Tender,Item Rate,Civil Works – Roads,No,No,NA ,12-Dec-2025 10:00 AM,26-Dec-2025 12:00 PM ,180.0,No ,No,Online,03-Jan-2026 11:00 AM,Bodoland Territorial Council-PWD||Director Cum CHD - PWD BTC,Tamulpur,781367.0,2.0,"1,00,00,000",JIBAN BASUMATARY,"9,985,952.07",Rejected-AOC,25-May-2026,Bodoland Territorial Council-PWD||Director Cum CHD - PWD BTC
2026_BTC_51500_1,125/ACE/NIT/Infra/BTC/2022-23,Balance work for Institute of Paramedical and Nursing Sciences at Udalguri District under SDP to be funded by Govt. of Assam. (TN_102_1_R),Balance work for Institute of Paramedical and Nursing Sciences at Udalguri District under SDP to be funded by Govt. of Assam.,Works,Open Tender,Item Rate,Civil Works,No,No,NA ,25-Feb-2026 02:30 PM,02-Mar-2026 12:00 PM ,180.0,No ,No,Online,06-Mar-2026 03:00 PM,Bodoland Territorial Council-PWD||Director Cum CHD - PWD BTC,Udalguri,784509.0,2.0,"26,99,49,878",ABIQ-JV,"269,940,000",Accepted-AOC,25-May-2026,Bodoland Territorial Council-PWD||Director Cum CHD - PWD BTC
2025_PWD_48499_1,CE/STBR/SOPD-G/NIT/07/2025 26/40 Dated 01-11-2025,STBR/SOPD G/Sissiborgaon/25-26/01 Improvement of Road from Gorumurakhuti to Bongalmari via Amguri including R.C.C Br. No.14/1 (Br. Length 150.00M) over River Lesia (Ch.8900.00m to Ch.17130.00m 8.230 km) under 79-Sissiborgaon LAC under SOPD under Jon,STBR/SOPD G/Sissiborgaon/25-26/01 Improvement of Road from Gorumurakhuti to Bongalmari via Amguri including R.C.C Br. No.14/1 (Br. Length 150.00M) over River Lesia (Ch.8900.00m to Ch.17130.00m 8.230 km) under 79-Sissiborgaon LAC under SOPD under Jon,Works,Open Tender,Item Rate,Civil Works – Roads,No,No,NA ,10-Nov-2025 01:00 PM,18-Nov-2025 11:00 AM ,180.0,No ,No,Online,02-Dec-2025 11:00 AM,Public Works Roads Department,Sissiborgaon,787110.0,2.0,"17,60,97,500",Lakhyajit Gogoi,"176,093,779",Accepted-AOC,18-May-2026,Public Works Roads Department
2025_FD_46511_1,AF(S)188/RIDF/2023-24/3641-44 Dtd 14.08.2025,"Development of Joysagar Fish Seed Farm, Sivsagar District",17 Nos of Fish Farm Projects in 11 Districts of Assam under RIDFXXIX Development of Joysagar Fish Seed Farm Sivsagar District,Works,Open Tender,Works,Civil Works,No,No,NA ,16-Aug-2025 10:00 AM,NA ,180.0,No ,No,Online,09-Sep-2025 01:00 PM,Department of Fisheries||Directorate of Fisheries Assam,SIVSAGAR,781016.0,2.0,"50,75,000",SAHIL CHOUDHURY,"3,930,875.98",Rejected-Technical,07-May-2026,Department of Fisheries||Directorate of Fisheries Assam
2025_SEEDE_48298_1,GS02/ASU/MTC/033/2025-26,Equipment for Fire Safety Technology,Equipment for Fire Safety Technology,Goods,Open Tender,Item Rate,Laboratory and scientific equipment,No,No,NA ,31-Oct-2025 10:00 AM,07-Nov-2025 02:30 PM ,150.0,No ,No,Online,03-Dec-2025 03:00 PM,Skill Employment and Entrepreneurship Department- Externally Aided Project||Assam Skill University Project- ADB Funded Tenders,"ASU Campus, Mangaldoi",784125.0,1.0,,Fusion Systems,"22,818,250",Rejected-Technical,12-May-2026,Skill Employment and Entrepreneurship Department- Externally Aided Project||Assam Skill University Project- ADB Funded Tenders
2025_APDCL_49044_1,APDCL/CGM (NRE)/PMSHRI-III/Package-I,APDCL/CGM(NRE)/PMSHRI-III/I,"Implementation of On-Grid Solar Power Plants at different PM-SHRI Schools (Phase-III) Under Samagra Shiksha, Assam",Works,Open Tender,Turn-key,Electrical Works,No,No,NA ,05-Dec-2025 03:00 PM,12-Dec-2025 03:00 PM ,120.0,No ,No,Online,08-Jan-2026 03:00 PM,Assam Power Distribution Company Ltd||CGM (NRE),Guwahati,781001.0,2.0,"1,21,19,291",POWER INDIA CONSTRUCTION,"11,741,379",Rejected-Technical,12-Mar-2026,Assam Power Distribution Company Ltd||CGM (NRE)
2026_GMC_50622_33,GER/CE/2525/2025/Part-I/ 9 Date_ 22 /01/2026,Package No. DSLT-Div-III/8,"Cleaning, Desilting and Maintenance of Drains (Package No. DSLT-Div-III/8) under Mitigation of Urban Flood in Guwahati City under Guwahati Municipal Corporation for the year 2026",Works,Open Tender,Lump-sum,Miscellaneous Works,No,No,NA ,04-Feb-2026 05:00 PM,05-Feb-2026 12:00 PM ,120.0,No ,No,Online,16-Feb-2026 02:30 PM,Guwahati Municipal Corporation,Guwahati,781006.0,2.0,"51,19,000",DHRUBA JYOTI SARMA,"3,421,027.7",Rejected-AOC,06-May-2026,Guwahati Municipal Corporation
2025_BTC_49213_1,No.ACE-22/PWD/NIT/GOODWILL,"Construction of Road at Amguri near Amguri Thana Road under Amguri VCDC, Borobazar TD Development Block in Chirang District under CMs Goodwill Mission Project in BTC area (RIDF-XXXI of NABARD) for the year 2025-26. TN_71_CHR_RIDF-XXXI_01","Construction of Road at Amguri near Amguri Thana Road under Amguri VCDC, Borobazar TD Development Block in Chirang District under CMs Goodwill Mission Project in BTC area (RIDF-XXXI of NABARD) for the year 2025-26. TN_71_CHR_RIDF-XXXI_01",Works,Open Tender,Item Rate,Civil Works – Roads,No,No,NA ,12-Dec-2025 10:00 AM,NA ,180.0,No ,No,Online,03-Jan-2026 02:00 PM,Bodoland Territorial Council-PWD||Director Cum CHD - PWD BTC,Chirang,783390.0,2.0,"99,98,777",AMIO KUNGOR BASUMATARY,"9,998,768.16",Accepted-AOC,12-May-2026,Bodoland Territorial Council-PWD||Director Cum CHD - PWD BTC
2025_PWD_47085_12,CE/DEV/TB/60/2025-26/15 Dtd- 06.08.2025,"MMPPNA_RIDF_XXXI_25_26_460 Improvement of Road from (1) Boromamda PWD road to Nagabazar, (2) Fulertol byepass near petrol pump to tractor tillah under Mukhya Mantrir Paki Path Nirman Achani (MMPPNA) under RIDF-XXXI of NABARD for the year 2025-26.","MMPPNA_RIDF_XXXI_25_26_460 Improvement of Road from (1) Boromamda PWD road to Nagabazar, (2) Fulertol byepass near petrol pump to tractor tillah under Mukhya Mantrir Paki Path Nirman Achani (MMPPNA) under RIDF-XXXI of NABARD for the year 2025-26.",Works,Open Tender,Item Rate,Civil Works – Roads,No,No,NA ,29-Aug-2025 04:00 PM,04-Sep-2025 12:00 PM ,180.0,No ,No,Online,19-Sep-2025 02:30 PM,Public Works Roads Department,Lakhipur,783129.0,2.0,"2,84,97,000",DEBOPRIYO DEB,"28,497,000",Rejected-Finance,26-May-2026,Public Works Roads Department
2025_PWRDW_45485_9,CE/EAP/ARRBP01TENDERS2024/66A,Construction of Bridge in Nalbari district i) Br. No. 1/1 on Barbari to Khata Dhamdhama Road,CE/EAP/ARRBP/OCB/Bridge-1/Nalbari/15 Construction of Bridge in Nalbari district i) Br. No. 1/1 on Barbari to Khata Dhamdhama Road,Works,Open Tender,Item Rate,Civil Works - Bridges,No,No,NA ,11-Jul-2025 09:00 AM,18-Jul-2025 11:00 AM ,180.0,No ,No,Online,11-Aug-2025 02:30 PM,Public Works Roads Department-Externally Aided Project||Public Works Road Department- World Bank Funded Tenders||Assam State Bridge Infrastructure Program,Nalbari,781335.0,2.0,"78,85,000",M/S CHOUDHURY ENTERPRISE,"7,088,615",Rejected-Finance,13-May-2026,Public Works Roads Department-Externally Aided Project||Public Works Road Department- World Bank Funded Tenders||Assam State Bridge Infrastructure Program
2026_GMC_50622_27,GER/CE/2525/2025/Part-I/ 9 Date_ 22 /01/2026,Package No. DSLT-Div-III/2,"Cleaning, Desilting and Maintenance of Drains (Package No. DSLT-Div-III/2) under Mitigation of Urban Flood in Guwahati City under Guwahati Municipal Corporation for the year 2026",Works,Open Tender,Lump-sum,Miscellaneous Works,No,No,NA ,04-Feb-2026 05:00 PM,05-Feb-2026 12:00 PM ,120.0,No ,No,Online,16-Feb-2026 02:30 PM,Guwahati Municipal Corporation,Guwahati,781006.0,2.0,"13,09,000",Rakib Hussain,"994,840",Rejected-Technical,06-May-2026,Guwahati Municipal Corporation
2026_BoTC_50331_1,SE(B)/21-22/Pt-III/66,Package No.562_1,"Construction of Mediation Centre (ADR Centre) RCC (G plus 1) Building at Baksa District, Mushalpur.",Works,Open Tender,Item Rate,Civil Works - Building,No,No,NA ,19-Jan-2026 01:00 PM,NA ,180.0,No ,No,Online,02-Feb-2026 01:30 PM,Bodoland Territorial Council||PWD-BTC,"Mushalpur, Baksa district",781372.0,2.0,"1,98,08,081",Mantaj Ali,"19,610,000",Rejected-Technical,05-May-2026,Bodoland Territorial Council||PWD-BTC
2025_PWD_49544_1,T/CC/ETN/SIL/2025-26/895(T),"Construction of both side guard wall of Singherkhal- Starting from Indraprastha Hotel to Rangirkhari via Backside of Shyamananda Baba Ashram under Mukhya Mantrir Nagariya Pakipath Nirman Achani (MMNPPNA) for the year 2023-24, Silchar MB","Con of both side guard wall of Singherkhal- Starting from Indraprastha Hotel to Rangirkhari via Backside of Shyamananda Baba Ashram under Mukhya Mantrir Nagariya Pakipath Nirman Achani (MMNPPNA) for 2023-24, Silchar MB P/No.SE/SIL/MMNPPNA/23-24/1",Works,Open Tender,Item Rate,Civil Works – Roads,No,No,NA ,22-Dec-2025 09:00 AM,26-Dec-2025 02:00 PM ,180.0,No ,No,Online,02-Jan-2026 03:10 PM,Public Works Roads Department,Cachar District.,788001.0,2.0,"2,99,85,827",SHYAMAL DAS,"29,985,500",Accepted-AOC,10-May-2026,Public Works Roads Department
2025_PWD_46191_38,CE/DEV/TB/122/2025-26/1 Dtd- 01.08.2025,BTR_RIDF_XXXI_25_26_09 (1) Improvement of Nayakgaon to Chakrasila road from Ch. 0.00m to Ch. 5010.00m by providing DBM and BC including CD works (2) Construction of road from Dangaimari to Khalisanimari road (Ch. 0.00 m to Ch. 1000.00 m) by providing,BTR_RIDF_XXXI_25_26_09 (1) Improvement of Nayakgaon to Chakrasila road from Ch. 0.00m to Ch. 5010.00m by providing DBM and BC including CD works (2) Construction of road from Dangaimari to Khalisanimari road (Ch. 0.00 m to Ch. 1000.00 m) by providing,Works,Open Tender,Item Rate,Civil Works – Roads,No,No,NA ,07-Aug-2025 01:00 PM,11-Aug-2025 12:00 PM ,180.0,No ,No,Online,14-Aug-2025 02:30 PM,Public Works Roads Department,Baokhungri,783370.0,2.0,"7,58,26,000",Assam Agencies,"75,825,000",Rejected-Finance,07-May-2026,Public Works Roads Department
2025_PWD_48873_1,ecf No.720769/3 CE/EAP/ARRBP/Lakhimpur/30,Lakhimpur/30 Construction of Bridge i) Br. No. 1/1 on Bihpuria to NH-15 at Pathalipahar via Borbali,Construction of Bridge in Lakhimpur District i) Br. No. 1/1 on Bihpuria to NH-15 at Pathalipahar via Borbali,Works,Open Tender,Item Rate,Civil Works - Bridges,No,No,NA ,27-Nov-2025 11:00 AM,05-Dec-2025 11:00 AM ,90.0,No ,No,Online,29-Dec-2025 02:30 PM,Public Works Roads Department,Lakhimpur District,784161.0,2.0,"78,85,000",DEEPAK CHETRY,"6,836,295",Rejected-Finance,21-May-2026,Public Works Roads Department
2026_WPTBC_52123_1,PTDC/Engg/2026-27/537,"Major Renovation at Kamala Miri Tribal ME School, Bordoloni, Dist Dhemaji under DAJGUA during the year 2025-26","Major Renovation at Kamala Miri Tribal ME School, Bordoloni,Dhemaji under DAJGUA during the year 2025-26",Works,Open Tender,Item Rate,Civil Works,No,No,NA ,17-Mar-2026 02:00 PM,23-Mar-2026 02:00 PM ,180.0,No ,No,Online,09-Apr-2026 02:00 PM,Welfare of Plain Tribes and Backward Classes||Director - WPT and BC||Assam Plains Tribes Development Corporation Ltd.,"bordoloni, dhemaji",787026.0,2.0,"74,98,245",M/S BASUDEV ENTERPRISE,"6,798,698.12",Rejected-Technical,19-May-2026,Welfare of Plain Tribes and Backward Classes||Director - WPT and BC||Assam Plains Tribes Development Corporation Ltd.
2025_PWD_45498_22,CE/Commn/16/2025-26/03,Khumtai/ SOPD/ 1,Reconstruction of Habigaon clean village road from Ch. 0M to 1600m under SOPD-G for the year 2025-26 in GolaghatandKhumtai TRD of district Golaghat (Khumtai LAC),Works,Open Tender,Item Rate,Civil Works – Roads,No,No,NA ,14-Jul-2025 05:00 PM,18-Jul-2025 04:00 PM ,180.0,No ,No,Online,30-Jul-2025 02:30 PM,Public Works Roads Department,Khumtai,785619.0,2.0,"1,14,33,800",Sri Swarmal Agarwalla,"11,430,000",Rejected-AOC,25-May-2026,Public Works Roads Department
2025_BoTC_45156_1,DPRD/BTC/(SOPD)Udl-04/2025/09,Const. of EF and SG from Santipur to Khairabari under SOPD for the year 2025-26.,DPRD/BTC/(SOPD)Udl-04/2025/09,Works,Open Tender,Item Rate,Civil Works,No,No,NA ,25-Jun-2025 10:30 AM,NA ,180.0,No ,No,Online,11-Jul-2025 03:30 PM,Bodoland Territorial Council||Panchayat and Rural Development-BTC,Udalguri,784509.0,2.0,"25,00,000",ELIUD DAIMARI,"2,497,132.33",Rejected-AOC,07-Aug-2025,Bodoland Territorial Council||Panchayat and Rural Development-BTC
2025_PWD_45827_66,CE/MAINT/SOPDG/01/2025-26/02,MAINT/SOPD-G/2025-26/75,"MAINT/SOPD-G/2025-26/75_1Construction of Dangarkuchi Kabarsthan approach road from ch310m to 840 m, 2Construction of road from Azad Nagar Rani Bora Lodge to Hasmat Ali and Sonkuchi Deurikuchi Road to Saint Kevin M E School,3Improvement of VIP road v",Works,Open Tender,Item Rate,Civil Works – Roads,No,No,NA ,24-Jul-2025 09:00 AM,24-Jul-2025 12:00 PM ,180.0,No ,No,Online,14-Aug-2025 11:00 AM,Public Works Roads Department,Barpeta,781301.0,2.0,"1,76,79,000",Sri Jatin Deka,"15,732,000",Not Admitted-Fee/PreQual/Technical,13-May-2026,Public Works Roads Department
2025_AEGCL_48897_1,"AEGCL / MD/ CGM(OnM, UAR)/ 33KV Geleky Fdr / 2024 /BID","Up-gradation of 33 KV Geleky feeder bay at 132 KV Gargaon GSS, AEGCL, Nazira","Up-gradation of 33 KV Geleky feeder bay at 132 KV Gargaon GSS, AEGCL, Nazira",Works,Open Tender,Works,Electrical Works,No,No,NA ,28-Nov-2025 12:00 PM,NA ,180.0,No ,No,Online,03-Jan-2026 02:00 PM,Assam Electricity Grid Corporation Ltd||CGM (T and T),"132KV Gargaon GSS, Nazira",785685.0,2.0,"24,54,584",P & S CONSTRUCTION,"2,797,981",Rejected-Finance,14-May-2026,Assam Electricity Grid Corporation Ltd||CGM (T and T)
2026_DoWR_50678_1,DHAKUAKHANA/2025-26/ PDNA/WORK/II,Restoration of Sampora L/B embankment from Gurathali Chapori to Dhakuakhana PWD Road. Package 2,Restoration of Sampora L/B embankment from Gurathali Chapori to Dhakuakhana PWD Road. Package 2,Works,Open Tender,Works,Civil Works,No,No,NA ,31-Jan-2026 06:00 PM,NA ,180.0,No ,No,Online,09-Feb-2026 03:00 PM,Department of Water Resources||Chief Engineer - DoWR,DHAKUAKHANA,787053.0,2.0,"1,80,09,806",PURNA CHCUTIA,"17,998,512.75",Rejected-AOC,11-May-2026,Department of Water Resources||Chief Engineer - DoWR
2025_AEGCL_48091_1,AEGCL/MD/CGM(OnM)/HTLS Lines /CT Upgradation/2025/BID,"Supply of 145kV Current Transformers for HTLS upgraded transmission lines under Lower Assam Region, AEGCL","Supply of 145kV Current Transformers for HTLS upgraded transmission lines under Lower Assam Region, AEGCL",Goods,Open Tender,Supply,Electrical Work/ Equipment,No,No,NA ,17-Oct-2025 03:00 PM,NA ,180.0,No ,No,Online,26-Nov-2025 02:00 PM,Assam Electricity Grid Corporation Ltd||CGM (T and T),Various GSS of AEGCL as per Bid,781001.0,2.0,"73,04,200",SMP MARKETING,"6,991,500",Rejected-Finance,27-May-2026,Assam Electricity Grid Corporation Ltd||CGM (T and T)
2025_PCCF_49628_1,O.O. 279 dated 23/12/2025,Construction of Chain-linked Fencing with 3 strand barbed wire to be filled on pre-cast RCC pillars,Construction of Chain-linked Fencing with 3 strand barbed wire to be filled on pre-cast RCC pillars,Works,Open Tender,Percentage,Civil Works,No,No,NA ,29-Dec-2025 06:00 PM,NA ,180.0,No ,No,Online,20-Jan-2026 02:00 PM,"Pr. Chief Conservator of Forest and Head of Forest Force||Chief Conservator of Forests (Upper Assam Zone)||Northern Assam Circle, Tezpur||Nagaon Division",Nagaon,782001.0,2.0,"53,88,284",YEASMIN SULTANA,"4,849,455.6",Rejected-Technical,15-May-2026,"Pr. Chief Conservator of Forest and Head of Forest Force||Chief Conservator of Forests (Upper Assam Zone)||Northern Assam Circle, Tezpur||Nagaon Division"
2025_PWBNH_48996_4,Tech-I(H_E)/95/2025/41 Dated Guwahati the 26th November 2025,"Construction of 100 Secondary Schools in 35 Districts of Assam under RIDF-XXXI (2025-26) for Ketetong Janajati High School under Tinsukia DTBD, Package 44","Construction of 100 Secondary Schools in 35 Districts of Assam under RIDF-XXXI (2025-26) for Ketetong Janajati High School under Tinsukia DTBD, Package 44",Works,Open Tender,Item Rate,Civil Works - Building,No,No,NA ,02-Dec-2025 09:00 AM,04-Dec-2025 11:30 AM ,180.0,No ,No,Online,09-Dec-2025 04:00 PM,Public Works Building and NH Department||Chief Engineer-Building - PWBNH,Tinsukia,786125.0,2.0,"4,08,16,805",M/S Manab Jyoti Gogoi & Co.,"44,172,620",Accepted-AOC,19-May-2026,Public Works Building and NH Department||Chief Engineer-Building - PWBNH
2025_PWD_47789_1,1105.0,"1. Construction of RCC Slab Culvert No. 3/1 on Guiya Palara Baranghati Road road under SOPD-G for the year 2025-26 under Rangia LAC. 2. Construction of Brick Masonry Boundary wall of Jawaharlal Nehru Shishu Vidyalay, Rangia on the north side under SO",NKTRD(R)/ SOPD(G)/ 2025-26/14,Works,Open Tender,Item Rate,Civil Works – Roads,No,No,NA ,03-Oct-2025 11:00 AM,04-Oct-2025 12:00 PM ,180.0,No ,No,Online,15-Oct-2025 01:00 PM,Public Works Roads Department,Rangia LAC,781382.0,2.0,"6,21,000",Ghanashyam Kakoti,"621,000",Accepted-AOC,15-May-2026,Public Works Roads Department
2025_GMC_47288_10,GER/CE/2505/2025/6 Dated_01/09/2025,Construction of Toilet under Ward No.41,Construction of Toilet under Ward No.41,Works,Open Tender,Lump-sum,Civil Works,No,No,NA ,05-Sep-2025 06:00 PM,08-Sep-2025 12:00 PM ,120.0,No ,No,Online,07-Oct-2025 02:30 PM,Guwahati Municipal Corporation,Guwahati,781006.0,2.0,,DIPAK SARMA,"1,600,000",Rejected-AOC,07-May-2026,Guwahati Municipal Corporation
2026_BTC_50933_1,No.ACE-133/PWD/G.79/2025-26/65,Repair and Renovation of High-ME School under WBD Department in BTC area. (Ultapani (prov.) High School under Kokrajhar dist. BTC. TN_107_22,Repair and Renovation of High-ME School under WBD Department in BTC area. (Ultapani (prov.) High School under Kokrajhar dist. BTC. TN_107_22,Works,Open Tender,Item Rate,Civil Works - Building,No,No,NA ,07-Feb-2026 12:30 PM,NA ,180.0,No ,No,Online,21-Feb-2026 02:00 PM,Bodoland Territorial Council-PWD||Director Cum CHD - PWD BTC,Kokrajhar,783370.0,2.0,"59,99,110",BISWAJIT DEBNATH,"5,999,100",Accepted-AOC,25-May-2026,Bodoland Territorial Council-PWD||Director Cum CHD - PWD BTC
2025_PWD_49438_1,CE/DEV/TB/122/2025-26/17 Dated 15-12-2025,BTR_SOPD_G_25_26_16 (1) Improvement of Jamuguri Gerubari Road (Tekalibil) to Anarasbagan with construction of RCC Boxcell culvert (2) Improvement of Habigaon water Tank to Kapurpora (3) Construction of CC block road from Mazbat Veterinary office to O,BTR_SOPD_G_25_26_16 (1) Improvement of Jamuguri Gerubari Road (Tekalibil) to Anarasbagan with construction of RCC Boxcell culvert (2) Improvement of Habigaon water Tank to Kapurpora (3) Construction of CC block road from Mazbat Veterinary office to O,Works,Open Tender,Item Rate,Civil Works – Roads,No,No,NA ,17-Dec-2025 06:00 PM,20-Dec-2025 12:00 PM ,180.0,No ,No,Online,30-Dec-2025 02:30 PM,Public Works Roads Department,Udalguri,784509.0,2.0,"2,36,45,000",DHARMESWAR GOYARI,"23,639,000",Rejected-Finance,21-May-2026,Public Works Roads Department
2025_BoTC_49505_1,TECH-28/SE(RB)/2019-20/2,Construction of road from Katajhar Kahitama PWD road near Burha Dolong to Madhya Kharija Bijni Bodo M.E. School in Baksa District under CMs Goodwill Mission Project (RIDF XXXI) in Baksa District for the year 2025-26.,Construction of road from Katajhar Kahitama PWD road near Burha Dolong to Madhya Kharija Bijni Bodo M.E. School in Baksa District under CMs Goodwill Mission Project (RIDF XXXI) in Baksa District for the year 2025-26.,Works,Open Tender,Works,Civil Works – Roads,No,No,NA ,20-Dec-2025 02:00 PM,NA ,180.0,No ,No,Online,12-Jan-2026 02:00 PM,Bodoland Territorial Council||PWD-BTC,Baksa,781346.0,2.0,"99,99,974",chakrasing Muchahary,"9,999,000",Accepted-AOC,13-May-2026,Bodoland Territorial Council||PWD-BTC
2025_PWD_45408_34,CE/DEV/TB/60/2025-26/01 Dtd- 21.06.2025,"MMPPNA_RIDF_XXXI_25_26_03 Construction of Road from (1) NH27 (Old No NH31) to Pahla Rice Mill, (2) PA Road to 706/2 No Daisingri LP School via Daisingri Mahapurushia Satra with feeder Roads, (3) Nalana-Belana PMGSY Road to Signature Road via Borgunar","MMPPNA_RIDF_XXXI_25_26_03 Construction of Road from (1) NH27 (Old No NH31) to Pahla Rice Mill, (2) PA Road to 706/2 No Daisingri LP School via Daisingri Mahapurushia Satra with feeder Roads, (3) Nalana-Belana PMGSY Road to Signature Road via Borgunar",Works,Open Tender,Item Rate,Civil Works – Roads,No,No,NA ,09-Jul-2025 03:00 PM,17-Jul-2025 12:00 PM ,180.0,No ,No,Online,28-Jul-2025 02:30 PM,Public Works Roads Department,Bajali,781325.0,2.0,"3,61,04,000",M/S Kusumbar Construction,"36,100,000",Accepted-AOC,25-May-2026,Public Works Roads Department
2026_BTC_51209_1,No.ACE-133/PWD/G.79/2025-26/69,"Construction of SARD NGO Office at Mazbat under SOPD Bodoland Welfare Department, 2025-26. TN_111_02","Construction of SARD NGO Office at Mazbat under SOPD Bodoland Welfare Department, 2025-26. TN_111_02",Works,Open Tender,Item Rate,Civil Works - Building,No,No,NA ,16-Feb-2026 12:00 PM,NA ,180.0,No ,No,Online,05-Mar-2026 11:00 AM,Bodoland Territorial Council-PWD||Director Cum CHD - PWD BTC,Udlaguri,784509.0,2.0,"7,99,618",Sansuma Daimari,"799,000",Rejected-AOC,25-May-2026,Bodoland Territorial Council-PWD||Director Cum CHD - PWD BTC
2025_AEGCL_47430_1,79.0,Repairing of Type III C Quarter,Repairing of type III C quarter at 132kV Nalkata GSS.,Works,Open Tender,Works,Civil Works,No,No,NA ,11-Sep-2025 11:00 AM,NA ,180.0,No ,No,Online,17-Oct-2025 12:00 PM,Assam Electricity Grid Corporation Ltd||CGM (T and T),Nalkata GSS,787001.0,2.0,"13,93,807",debashish Borah,"1,122,015",Rejected-Finance,08-May-2026,Assam Electricity Grid Corporation Ltd||CGM (T and T)
2025_DoWR_49700_1,HAILAKANDI/ 2025-26/PDNA/WORKS/VII,Restoration of dyke at different reaches on L/B of river Katakhal from Katlicherra to Sahabad area.,Restoration of dyke at different reaches on L/B of river Katakhal from Katlicherra to Sahabad area.,Works,Open Tender,Works,Civil Works,No,No,NA ,29-Dec-2025 09:00 AM,NA ,180.0,No ,No,Online,09-Jan-2026 03:00 PM,Department of Water Resources||Chief Engineer - DoWR,HAILAKANDI,788151.0,2.0,"53,47,938",SKYLINE ENTERPRISE,"5,347,923.89",Rejected-AOC,16-May-2026,Department of Water Resources||Chief Engineer - DoWR
2026_ID_50784_1,NIT NO.8 (SDMF) 2025-26 Date_03.02.2026,"Erosion Protection at U/S Afflux Bund of No2 Bahipukhuri FIS under SDMF for the year 2025-26 year 2025-26) under Udalguri Mazbat Division (Irrigation), Udalguri Package_1","Erosion Protection at U/S Afflux Bund of No2 Bahipukhuri FIS under SDMF for the year 2025-26 year 2025-26) under Udalguri Mazbat Division (Irrigation), Udalguri Package_1",Works,Open Tender,Item Rate,Civil Works,No,No,NA ,04-Feb-2026 06:00 PM,06-Feb-2026 02:00 PM ,180.0,No ,No,Online,26-Feb-2026 03:00 PM,Irrigation Department||Chief Engineer(Major)-Irrigation Dept,Udalguri,784509.0,2.0,"2,29,88,725",Pankaj Boro,"4,000,114",Accepted-AOC,08-May-2026,Irrigation Department||Chief Engineer(Major)-Irrigation Dept
2024_ID_39149_38,01_RIDF_XXX_2024_25 Date_21_09_2024,Renovation of Cannel systems at different Pump Centres of Maloibari ELIS under RIDF-XXX NABARD for the year 2024-25under Dispu rDivision Package_38,Renovation of Cannel systems at different Pump Centres of Maloibari ELIS under RIDF-XXX NABARD for the year 2024-25under Dispu rDivision Package_38,Works,Open Tender,Item Rate,Civil Works,No,No,NA ,25-Sep-2024 06:00 PM,05-Oct-2024 02:00 PM ,180.0,No ,No,Online,19-Oct-2024 10:00 AM,Irrigation Department||Chief Engineer(Major)-Irrigation Dept,Dispur,781001.0,2.0,"1,48,51,691",M/S KAMRUP ENTERPRISE,"1,866,579",Rejected-Technical,19-May-2026,Irrigation Department||Chief Engineer(Major)-Irrigation Dept
2025_MDRDE_47915_1,IN-AHIDMS-510276-CW-RFB,"Repair and Renovation works of Mother and Child Health Wing (MCH), Diphu Medical College and Hospital, Diphu and Haflong Civil Hospital, Haflong","Repair and Renovation works of Mother and Child Health Wing (MCH), Diphu Medical College and Hospital, Diphu and Haflong Civil Hospital, Haflong",Works,Open Tender,Item Rate,Civil Works,No,No,NA ,09-Oct-2025 05:00 PM,16-Oct-2025 03:00 PM ,150.0,No ,No,Online,10-Nov-2025 03:00 PM,Medical Education and Research Department- Externally Aided Project||Assam Health Infrastructure Development and Management Society,As per bid document,781022.0,2.0,"17,36,43,410",M/s Macrocosm Builders,"153,656,557.87",Rejected-Finance,18-Feb-2026,Medical Education and Research Department- Externally Aided Project||Assam Health Infrastructure Development and Management Society
2026_GMC_50622_26,GER/CE/2525/2025/Part-I/ 9 Date_ 22 /01/2026,Package No. DSLT-Div-III/1,"Cleaning, Desilting and Maintenance of Drains (Package No. DSLT-Div-III/1) under Mitigation of Urban Flood in Guwahati City under Guwahati Municipal Corporation for the year 2026",Works,Open Tender,Lump-sum,Miscellaneous Works,No,No,NA ,04-Feb-2026 05:00 PM,05-Feb-2026 12:00 PM ,120.0,No ,No,Online,16-Feb-2026 02:30 PM,Guwahati Municipal Corporation,Guwahati,781006.0,2.0,"30,08,000",M/s Meenakshi Enterprise,"2,192,531.2",Rejected-Technical,06-May-2026,Guwahati Municipal Corporation
2026_GMC_50622_32,GER/CE/2525/2025/Part-I/ 9 Date_ 22 /01/2026,Package No. DSLT-Div-III/7,"Cleaning, Desilting and Maintenance of Drains (Package No. DSLT-Div-III/7) under Mitigation of Urban Flood in Guwahati City under Guwahati Municipal Corporation for the year 2026",Works,Open Tender,Lump-sum,Miscellaneous Works,No,No,NA ,04-Feb-2026 05:00 PM,05-Feb-2026 12:00 PM ,120.0,No ,No,Online,16-Feb-2026 02:30 PM,Guwahati Municipal Corporation,Guwahati,781006.0,2.0,"22,03,000",Bedanta Choudhury,"1,603,784",Accepted-AOC,06-May-2026,Guwahati Municipal Corporation
2025_PWRDW_45485_8,CE/EAP/ARRBP01TENDERS2024/66A,Construction of Bridge in Nalbari distric i) Br. No. 3/1 on 4 No. Balitara to Naherbari Road,CE/EAP/ARRBP/OCB/Bridge-1/Nalbari/14 Construction of Bridge in Nalbari district i) Br. No. 3/1 on 4 No. Balitara to Naherbari Road,Works,Open Tender,Item Rate,Civil Works - Bridges,No,No,NA ,11-Jul-2025 09:00 AM,18-Jul-2025 11:00 AM ,180.0,No ,No,Online,11-Aug-2025 02:30 PM,Public Works Roads Department-Externally Aided Project||Public Works Road Department- World Bank Funded Tenders||Assam State Bridge Infrastructure Program,Nalbari,781335.0,2.0,"1,67,47,000",JYOTI PRAKASH BAISHYA,,Rejected-Finance,,Public Works Roads Department-Externally Aided Project||Public Works Road Department- World Bank Funded Tenders||Assam State Bridge Infrastructure Program
2025_PWBNH_49660_1,T/TB-I/50/2024/18 dtd. 23/12/2025,"Construction of Institute of Wildlife Health and Research, Dinjan, Dibrugarh, Assam","Construction of Institute of Wildlife Health and Research, Dinjan, Dibrugarh, Assam",Works,Open Tender,Item Rate,Civil Works - Building,No,No,NA ,26-Dec-2025 01:30 PM,30-Dec-2025 01:00 PM ,180.0,No ,No,Online,19-Jan-2026 02:30 PM,Public Works Building and NH Department||Chief Engineer-Building - PWBNH,Dibrugarh,786001.0,2.0,"2,45,24,49,000",M/S Badri Rai & Company,"2,311,295,492",Accepted-AOC,11-May-2026,Public Works Building and NH Department||Chief Engineer-Building - PWBNH
2025_PWBNH_46058_1,CS/11/2025-26/3055,"Construction of Multistoried Academic Building at Beltola College Campus (Phase-III) (Remaining work of Class Room (First Floor ) Building at Beltola College, Beltola, Ghy-29","Construction of Multistoried Academic Building at Beltola College Campus (Phase-III) (Remaining work of Class Room (First Floor ) Building at Beltola College, Beltola, Ghy-29",Works,Open Tender,Item Rate,Civil Works - Building,No,No,NA ,31-Jul-2025 01:00 PM,NA ,180.0,No ,No,Online,14-Aug-2025 02:00 PM,Public Works Building and NH Department||Chief Engineer-Building - PWBNH||SE-Guwahati Circle-1 - PWBNH||EE- PCC Division-Dispur - PWBNH,Beltola,781029.0,2.0,"24,99,976",ENAJORI ENTERPRISE,"2,497,870",Rejected-AOC,02-May-2026,Public Works Building and NH Department||Chief Engineer-Building - PWBNH||SE-Guwahati Circle-1 - PWBNH||EE- PCC Division-Dispur - PWBNH
2026_PWD_51353_1,CE/DEV/TB/120/2025-26/46 Dtd- 10.02.2026,"SOPD_G_25_26_57 (1) Construction of Kapahartari Thekargaon Road to Jalkara SPT Bridge Road, (2) Construction of Slab Culvert near Kali Mandir at Ata Village, (3) Construction of Nalirpam PWD Road to 151 No. AWC, (4) Construction of Arjyapara PMGSY Ro","SOPD_G_25_26_57 (1) Construction of Kapahartari Thekargaon Road to Jalkara SPT Bridge Road, (2) Construction of Slab Culvert near Kali Mandir at Ata Village, (3) Construction of Nalirpam PWD Road to 151 No. AWC, (4) Construction of Arjyapara PMGSY Ro",Works,Open Tender,Item Rate,Civil Works – Roads,No,No,NA ,19-Feb-2026 04:00 PM,20-Feb-2026 02:30 PM ,180.0,No ,No,Online,23-Feb-2026 02:30 PM,Public Works Roads Department,Barpeta,781301.0,2.0,"12,85,69,000",M/S Royal Smart Construction,"128,500,000",Rejected-Finance,11-May-2026,Public Works Roads Department
2025_BTC_49249_7,ACE-22/PWD/NIT/GOODWILL/25-26,Construction of CC Block road from Nabin Kalita house to Dongpar via Alekjari Suba under Tengajhar VCDC under CMs Goodwill mission Project (RIDF-XXXI) for the year 2025- 26. (Package No. TN_73_TML_RIDF-XXXI_07),Construction of CC Block road from Nabin Kalita house to Dongpar via Alekjari Suba under Tengajhar VCDC under CMs Goodwill mission Project (RIDF-XXXI) for the year 2025- 26.,Works,Open Tender,Item Rate,Civil Works – Roads,No,No,NA ,12-Dec-2025 10:00 AM,26-Dec-2025 12:00 PM ,180.0,No ,No,Online,03-Jan-2026 11:00 AM,Bodoland Territorial Council-PWD||Director Cum CHD - PWD BTC,Tamulpur,781367.0,2.0,"1,00,00,000",RINKY KONWAR,"9,995,783.7",Rejected-AOC,25-May-2026,Bodoland Territorial Council-PWD||Director Cum CHD - PWD BTC
2023_BoTC_33925_1,DPRD/BTC/(SOPD)Udl-03/2023/08,Const of road with CC Block from Kahibari main road to Mintu Basumatary House under SOPD for the year 2023-24.,DPRD/BTC/(SOPD)Udl-03/2023/08,Works,Open Tender,Item Rate,Civil Works,No,No,NA ,14-Nov-2023 10:30 AM,NA ,180.0,No ,No,Online,06-Dec-2023 02:30 PM,Bodoland Territorial Council||Panchayat and Rural Development-BTC,Udalguri,784509.0,2.0,"20,47,725",Sri Birgrang Basumatary,"2,047,725.17",Rejected-AOC,16-Jan-2024,Bodoland Territorial Council||Panchayat and Rural Development-BTC
2026_BTC_51500_2,125/ACE/NIT/Infra/BTC/2022-23,"Balance Work for Institute of Paramedical and Nursing Sciences at Tamulpur, Baksa District under SDP to be funded by Govt. of Assam. (TN_102_2_R)","Balance Work for Institute of Paramedical and Nursing Sciences at Tamulpur, Baksa District under SDP to be funded by Govt. of Assam.",Works,Open Tender,Item Rate,Civil Works,No,No,NA ,25-Feb-2026 02:30 PM,02-Mar-2026 12:00 PM ,180.0,No ,No,Online,06-Mar-2026 03:00 PM,Bodoland Territorial Council-PWD||Director Cum CHD - PWD BTC,Tamulpur,781367.0,2.0,"17,52,71,554",ABIS-JV,"175,270,000",Accepted-AOC,25-May-2026,Bodoland Territorial Council-PWD||Director Cum CHD - PWD BTC
2026_PWD_51108_1,CE/DEV/TB/60/2025-26/76 Dtd- 29.01.2026,MMPPNA_RIDF_XXXI_25_26_543 Improvement of Road from Lilianpur Khasia Punjee road to Monkush via BT Road under RIDF-XXXI of NABARD for the year 2025-26.,MMPPNA_RIDF_XXXI_25_26_543 Improvement of Road from Lilianpur Khasia Punjee road to Monkush via BT Road under RIDF-XXXI of NABARD for the year 2025-26.,Works,Open Tender,Item Rate,Civil Works – Roads,No,No,NA ,12-Feb-2026 05:30 PM,12-Feb-2026 06:00 PM ,180.0,No ,No,Online,16-Feb-2026 02:30 PM,Public Works Roads Department,Lakhipur,788103.0,2.0,"10,81,48,000",DEBOJIT DEB,"108,145,687",Accepted-AOC,26-May-2026,Public Works Roads Department
2025_PWD_45399_10,CE/DEV/TB/54/2025-26/01 Dtd- 13.06.2025,"MMUPPNA_RIDF_XXXI_25_26_10 Improvement and Widening of road from Lakhipur to Jaleswar (from ch. 0.950 km to Ch. 1.350 and Ch. 10.00 km to Ch. 12.00 km, Length- 2.40 Km) Including RCC Drain under Mukhya Mantrir Unnoto Paki Path Nirman Achani (MMUPPNA)","MMUPPNA_RIDF_XXXI_25_26_10 Improvement and Widening of road from Lakhipur to Jaleswar (from ch. 0.950 km to Ch. 1.350 and Ch. 10.00 km to Ch. 12.00 km, Length- 2.40 Km) Including RCC Drain under Mukhya Mantrir Unnoto Paki Path Nirman Achani (MMUPPNA)",Works,Open Tender,Item Rate,Civil Works – Roads,No,No,NA ,07-Jul-2025 09:00 AM,14-Jul-2025 12:00 PM ,180.0,No ,No,Online,25-Jul-2025 02:30 PM,Public Works Roads Department,Goalpara,783132.0,2.0,"2,50,00,000",Merajul Haque,"24,999,500",Rejected-Finance,12-May-2026,Public Works Roads Department
2025_GMC_48367_1,GMC/CE/2505/2025/29 Date_29/10/2025,Toilet and Community Hall under Ward No-50,Toilet and Community Hall under Ward No-50,Works,Open Tender,Lump-sum,Civil Works,No,No,NA ,01-Nov-2025 06:30 PM,04-Nov-2025 12:00 PM ,120.0,No ,No,Online,25-Nov-2025 02:30 PM,Guwahati Municipal Corporation,Guwahati,781006.0,2.0,"20,00,000",MUSTAKIM ALI AHMED,"1,580,000",Rejected-AOC,07-May-2026,Guwahati Municipal Corporation
2025_PWD_45498_4,CE/Commn/16/2025-26/03,Jonai/ SOPD/ 1,"Reconstructionof road from1.Lachit Nagar to 2 No Mohmara,2 NH515 toAmorpurSungkurang from Ch0m to Ch1000m,3Tako to BorongSaraibari(ShantipurtoBorong Saraibari) from Ch0m to Ch1000m ,4 Telem Railway station fromCh0Ch1000m,5ManikpurChariali toNawkataRd",Works,Open Tender,Item Rate,Civil Works – Roads,No,No,NA ,11-Jul-2025 11:00 AM,18-Jul-2025 04:00 PM ,180.0,No ,No,Online,30-Jul-2025 02:30 PM,Public Works Roads Department,Jonai,787060.0,2.0,"1,72,08,000",LABA KANTA TAYUNG,"17,206,000",Accepted-AOC,22-May-2026,Public Works Roads Department
2026_GMC_50622_24,GER/CE/2525/2025/Part-I/ 9 Date_ 22 /01/2026,Package No. DSLT-Div-II/10,"Cleaning, Desilting and Maintenance of Drains (Package No. DSLT-Div-II/10) under Mitigation of Urban Flood in Guwahati City under Guwahati Municipal Corporation for the year 2026",Works,Open Tender,Lump-sum,Miscellaneous Works,No,No,NA ,04-Feb-2026 05:00 PM,05-Feb-2026 12:00 PM ,120.0,No ,No,Online,16-Feb-2026 02:30 PM,Guwahati Municipal Corporation,Guwahati,781006.0,2.0,"37,53,000",KALYAN DAS,"2,608,335",Accepted-AOC,06-May-2026,Guwahati Municipal Corporation
2026_WPTBC_51017_1,SCDCSribhumi,Construction of Classroom Building at Damcherra Public Tribal ME School in Sribhumi District,Construction of Classroom Building at Damcherra Public Tribal ME School in Sribhumi District,Works,Open Tender,Item Rate,Civil Works,No,No,NA ,10-Feb-2026 01:45 PM,NA ,180.0,No ,No,Online,13-Feb-2026 03:00 PM,Welfare of Plain Tribes and Backward Classes||Directorate of Welfare of Scheduled Caste||Assam State Development Corporation for SC,"DISPUR, GHY-06",781006.0,2.0,"40,00,000",M/S A R ENTERPRISE,"3,999,900",Rejected-AOC,14-May-2026,Welfare of Plain Tribes and Backward Classes||Directorate of Welfare of Scheduled Caste||Assam State Development Corporation for SC
2026_GMC_50622_30,GER/CE/2525/2025/Part-I/ 9 Date_ 22 /01/2026,Package No. DSLT-Div-III/5,"Cleaning, Desilting and Maintenance of Drains (Package No. DSLT-Div-III/5) under Mitigation of Urban Flood in Guwahati City under Guwahati Municipal Corporation for the year 2026",Works,Open Tender,Lump-sum,Miscellaneous Works,No,No,NA ,04-Feb-2026 05:00 PM,05-Feb-2026 12:00 PM ,120.0,No ,No,Online,16-Feb-2026 02:30 PM,Guwahati Municipal Corporation,Guwahati,781006.0,2.0,"46,19,000",DIPAK SARMA AND PANKAJ DEKA JV,"3,089,649.1",Accepted-AOC,06-May-2026,Guwahati Municipal Corporation
2026_WPTBC_51811_1,SCDCTECH100BEDDED,Construction of 100 bedded Boys Hostel at Lanka Mahavidyalaya Hojai,Construction of 100 bedded Boys Hostel at Lanka Mahavidyalaya Hojai,Works,Open Tender,Item Rate,Civil Works,No,No,NA ,09-Mar-2026 03:00 PM,NA ,180.0,No ,No,Online,12-Mar-2026 02:00 PM,Welfare of Plain Tribes and Backward Classes||Directorate of Welfare of Scheduled Caste||Assam State Development Corporation for SC,"Dispur,Ghy",781006.0,2.0,"3,50,00,000",Sri Babul Kumar Das,"35,000,000",Rejected-AOC,25-May-2026,Welfare of Plain Tribes and Backward Classes||Directorate of Welfare of Scheduled Caste||Assam State Development Corporation for SC
2025_BoTC_49462_1,SE(R/B)/20-21/Pt-III/03/201_6,Package No.201_6,Construction of road from PMGSY road to No.2 Merabil via Padum Gour House with Paver Blocks under CM Goodwill Mission Project under RIDF-XXXI of NABARD for the year 2025-26.,Works,Open Tender,Item Rate,Civil Works – Roads,No,No,NA ,19-Dec-2025 01:00 PM,NA ,180.0,No ,No,Online,09-Jan-2026 01:30 PM,Bodoland Territorial Council||PWD-BTC,"Mazbat, Udalguri dist",784507.0,2.0,"99,89,149",JUNUSH MOCHAHARI,"9,988,304",Rejected-AOC,05-May-2026,Bodoland Territorial Council||PWD-BTC
2026_GMC_50622_18,GER/CE/2525/2025/Part-I/ 9 Date_ 22 /01/2026,Package No. DSLT-Div-II/4,"Cleaning, Desilting and Maintenance of Drains (Package No. DSLT-Div-II/4) under Mitigation of Urban Flood in Guwahati City under Guwahati Municipal Corporation for the year 2026",Works,Open Tender,Lump-sum,Miscellaneous Works,No,No,NA ,03-Feb-2026 06:55 PM,05-Feb-2026 12:00 PM ,120.0,No ,No,Online,16-Feb-2026 02:30 PM,Guwahati Municipal Corporation,Guwahati,781006.0,2.0,"39,67,000",SRI ZEETENDRA SALAI,"2,558,318.3",Accepted-AOC,06-May-2026,Guwahati Municipal Corporation
2026_ID_50784_3,NIT NO.8 (SDMF) 2025-26 Date_03.02.2026,"Bank Protection Work at Dhupguri FIS under SDMF for the year 2025-26 under SDMF for the year 2025-26 year 2025-26) under Udalguri Mazbat Division (Irrigation), Udalguri Package_3","PBank Protection Work at Dhupguri FIS under SDMF for the year 2025-26 under SDMF for the year 2025-26 year 2025-26) under Udalguri Mazbat Division (Irrigation), Udalguri Package_3",Works,Open Tender,Item Rate,Civil Works,No,No,NA ,04-Feb-2026 06:00 PM,06-Feb-2026 02:00 PM ,180.0,No ,No,Online,26-Feb-2026 03:00 PM,Irrigation Department||Chief Engineer(Major)-Irrigation Dept,Udalguri,784509.0,2.0,"1,37,51,903",ASHOK KUMAR BAJAJ,"12,376,712.7",Rejected-Technical,08-May-2026,Irrigation Department||Chief Engineer(Major)-Irrigation Dept
2026_WPTBC_52060_1,SCDCTECHHOSTELCACHAR,Construction of SC Boys Hostel at Cachar College Cachar,Construction of SC Boys Hostel at Cachar College Cachar,Works,Open Tender,Item Rate,Civil Works,No,No,NA ,19-Mar-2026 09:00 AM,NA ,180.0,No ,No,Online,23-Mar-2026 02:00 PM,Welfare of Plain Tribes and Backward Classes||Directorate of Welfare of Scheduled Caste||Assam State Development Corporation for SC,"DISPUR, GHY-06",781006.0,2.0,"7,00,00,000",M/S. Sanjib Dutta,"70,000,000",Rejected-AOC,15-May-2026,Welfare of Plain Tribes and Backward Classes||Directorate of Welfare of Scheduled Caste||Assam State Development Corporation for SC
2025_HFWD_49702_1,AMSC-IT0PROC/11/2025,Selection of Service Provider for entering into Rate Contract for Vehicle Hiring Services,Selection of Service Provider for entering into Rate Contract for Vehicle Hiring Services,Services,Open Tender,Item Rate,Shipping/ Transportation/ Vehicle,No,No,NA ,30-Dec-2025 06:00 PM,06-Jan-2026 03:00 PM ,180.0,No ,No,Online,28-Jan-2026 04:30 PM,Health and Family Welfare Department||Assam Medical Services Corporation Limited,Guwahati,781026.0,2.0,"30,00,000",ANUJ KALITA,1.0,Accepted-AOC,05-May-2026,Health and Family Welfare Department||Assam Medical Services Corporation Limited
2026_PWD_50314_1,EE/LKH/ NDRF (PDNA 2022)/2025-26/11,Recovery and Re-construction of Jhanjipara to Besorkona road under NDRF (PDNA 2022) for the year 2025-26 (Protection of Existing damaged embankment with Geo Bags and earthwork in Stretches) of Goalpara District (13-Goalpara West),Recovery and Re-construction of Jhanjipara to Besorkona road under NDRF (PDNA 2022) for the year 2025-26 (Protection of Existing damaged embankment with Geo Bags and earthwork in Stretches) of Goalpara District (13-Goalpara West),Works,Open Tender,Item Rate,Civil Works – Roads,No,No,NA ,17-Jan-2026 05:55 PM,NA ,180.0,No ,No,Online,02-Feb-2026 02:00 PM,Public Works Roads Department,Lakhipur Goalpara,783129.0,2.0,"39,99,553",Dark Knight Consultancy & Research,"3,079,615.98",Rejected-AOC,21-May-2026,Public Works Roads Department
2025_PWD_45408_36,CE/DEV/TB/60/2025-26/01 Dtd- 21.06.2025,"MMPPNA_RIDF_XXXI_25_26_05 (1) Construction of Road from Kharadhara-Barhamchari Road to Barjhar Village, (2) Construction of Road (Balance Portion) from Ext. OBK Road to Tihu Dumni Road , (3) Construction of Road from Rupdiga RCC Bridge to Dahudi unde","MMPPNA_RIDF_XXXI_25_26_05 (1) Construction of Road from Kharadhara-Barhamchari Road to Barjhar Village, (2) Construction of Road (Balance Portion) from Ext. OBK Road to Tihu Dumni Road , (3) Construction of Road from Rupdiga RCC Bridge to Dahudi unde",Works,Open Tender,Item Rate,Civil Works – Roads,No,No,NA ,09-Jul-2025 03:00 PM,17-Jul-2025 12:00 PM ,180.0,No ,No,Online,28-Jul-2025 02:30 PM,Public Works Roads Department,Bajali,781325.0,2.0,"3,18,45,000",MS TRIRANV ASSOCIATES,"31,845,000",Rejected-Finance,06-May-2026,Public Works Roads Department
2026_PWD_50189_5,EE/HDTRD/TB/95/2024-25/05,HDTRD/PDNA-22/5 Recovery and Reconstruction of T-08 Solmarijan To Ashinagar Road under NDRF(PDNA-2022) for the year 2025- 26 in Hojai District (Binnakandi LAC),HDTRD/PDNA-22/5 Recovery and Reconstruction of T-08 Solmarijan To Ashinagar Road under NDRF(PDNA-2022) for the year 2025- 26 in Hojai District (Binnakandi LAC),Works,Open Tender,Item Rate,Civil Works,No,No,NA ,14-Jan-2026 10:00 AM,17-Jan-2026 03:00 PM ,180.0,No ,No,Online,29-Jan-2026 02:30 PM,Public Works Roads Department,Binnkandi,782440.0,2.0,"97,20,000",M/S Swastik Hardware,"9,720,000",Not Admitted-Fee/PreQual/Technical,26-May-2026,Public Works Roads Department
2025_PWD_45926_105,CE/DEV/TB/60/2025-26/06 Dtd- 14.07.2025,"MMPPNA_RIDF_XXXI_25_26_153 Construction of road from (1) 407 No. Patikata LP School to Near Bridge (No. 2 Patikata), (2) Gossaigaon Pt-II to Gossaigaon Pt-III and (3) Manas Wooden Bridge to No. 2 Kawadiol under Mukhya Mantrir Paki Path Nirman Achani","MMPPNA_RIDF_XXXI_25_26_153 Construction of road from (1) 407 No. Patikata LP School to Near Bridge (No. 2 Patikata), (2) Gossaigaon Pt-II to Gossaigaon Pt-III and (3) Manas Wooden Bridge to No. 2 Kawadiol under Mukhya Mantrir Paki Path Nirman Achani",Works,Open Tender,Item Rate,Civil Works – Roads,No,No,NA ,30-Jul-2025 02:00 PM,04-Aug-2025 12:00 PM ,180.0,No ,No,Online,14-Aug-2025 02:30 PM,Public Works Roads Department,Abhayapuri,783384.0,2.0,"2,85,21,000",NEWTECH GROUP OF CONSTRUCTION,"28,518,629",Accepted-AOC,08-May-2026,Public Works Roads Department
2025_AEGCL_48392_1,AEGCL/DGM/TTC/DBR/3891,"Construction of new boundary wall (East Side) at 220KV GSS, AEGCL, Tinsukia.","Construction of new boundary wall (East Side) at 220KV GSS, AEGCL, Tinsukia.",Works,Open Tender,Works,Civil Works,No,No,NA ,04-Nov-2025 12:00 PM,NA ,180.0,No ,No,Online,26-Nov-2025 03:00 PM,Assam Electricity Grid Corporation Ltd||CGM (T and T),220KV GSS Tinsukia,786146.0,2.0,"19,01,268",R K ENTERPRISE,"1,460,486",Rejected-Finance,25-May-2026,Assam Electricity Grid Corporation Ltd||CGM (T and T)
2025_GMC_41931_4,GER/CE/2461/2024/10 Date_04/01/2025,"Cleaning, Desilting and Maintenance of Drains as per package DSLT/D-I/04 under Mitigation of Urban Flood in Guwahati City under Guwahati Municipal Corporation for the year 2024-25","Cleaning, Desilting and Maintenance of Drains (as packaged) under Mitigation of Urban Flood in Guwahati City under Guwahati Municipal Corporation for the year 2024-25.",Works,Open Tender,Lump-sum,Miscellaneous Works,No,No,NA ,07-Jan-2025 10:00 AM,17-Jan-2025 12:00 PM ,120.0,No ,No,Online,29-Jan-2025 02:30 PM,Guwahati Municipal Corporation,Guwahati,781006.0,2.0,"74,69,543",M/S KUNDU ENTERPRISE,"5,975,635.01",Rejected-Technical,08-May-2025,Guwahati Municipal Corporation
2026_PWD_51543_6,CE/Commn/Pt-I/PDNA/192/25-26/5,PDNA/Nalbari/08,Recovery and Reconstruction of (1) Pachimkhatar Kalakuchi to Jaha Road (From Barogopal Than ) and 15 other roads under NDRF(PDNA-2022) for the year 2025 -26.,Works,Open Tender,Item Rate,Civil Works – Roads,No,No,NA ,26-Feb-2026 05:00 PM,27-Feb-2026 04:00 PM ,180.0,No ,No,Online,06-Mar-2026 02:30 PM,Public Works Roads Department,Nalbari,781335.0,2.0,"4,91,09,700",Merajul Haque,"40,751,229",Accepted-AOC,13-May-2026,Public Works Roads Department
2026_PWBNH_50118_1,"CE/TB-III(H_E)/40/2025/13 Dated Guwahati the 22nd October, 2025",Construction of New Building of 100 Secondary Schools under RIDF-XXXI (2025-26) for Langting HS School under Haflong TBD ( Package-79),Construction of New Building of 100 Secondary Schools under RIDF-XXXI (2025-26) for Langting HS School under Haflong TBD ( Package-79),Works,Open Tender,Item Rate,Civil Works - Building,No,No,NA ,09-Jan-2026 02:00 PM,12-Jan-2026 11:30 AM ,180.0,No ,No,Online,19-Jan-2026 04:00 PM,Public Works Building and NH Department||Chief Engineer-Building - PWBNH,Haflong,788819.0,2.0,"4,12,18,190",Sri Peheisang Raimme,"37,013,611.75",Rejected-AOC,25-May-2026,Public Works Building and NH Department||Chief Engineer-Building - PWBNH
2025_GMC_47288_12,GER/CE/2505/2025/6 Dated_01/09/2025,Construction of Toilet under Ward No.44,Construction of Toilet under Ward No.44,Works,Open Tender,Lump-sum,Civil Works,No,No,NA ,06-Sep-2025 06:00 PM,08-Sep-2025 12:00 PM ,120.0,No ,No,Online,07-Oct-2025 02:30 PM,Guwahati Municipal Corporation,Guwahati,781006.0,2.0,,ROYAL TRENDZ,"1,699,400",Rejected-AOC,07-May-2026,Guwahati Municipal Corporation
2025_BoTC_49507_1,TECH-28/SE(RB)/2019-20/2,Construction of road from Dumruguri Bodo Supa village Library to Jengrengpara PWD road in Baksa District under CMs Goodwill Mission Project (RIDF XXXI) in Baksa District for the year 2025-26.,Construction of road from Dumruguri Bodo Supa village Library to Jengrengpara PWD road in Baksa District under CMs Goodwill Mission Project (RIDF XXXI) in Baksa District for the year 2025-26.,Works,Open Tender,Works,Civil Works – Roads,No,No,NA ,20-Dec-2025 02:00 PM,NA ,180.0,No ,No,Online,12-Jan-2026 02:00 PM,Bodoland Territorial Council||PWD-BTC,Baksa,781346.0,2.0,"99,99,819",chakrasing Muchahary,"9,997,500",Accepted-AOC,08-May-2026,Bodoland Territorial Council||PWD-BTC
2026_BoTC_50237_1,TECH-28/SE(RB)/2019-20/05,Recovery and Reconstruction of Bikram sing house to Arnibill road RCC . culvert of 5 cell and 3 cell approach under NDRF (PDNA-2022) for the year 2025-26.TN_386_10,Recovery and Reconstruction of Bikram sing house to Arnibill road RCC . culvert of 5 cell and 3 cell approach under NDRF (PDNA-2022) for the year 2025-26.TN_386_10,Works,Open Tender,Works,Civil Works – Roads,No,No,NA ,13-Jan-2026 06:00 PM,NA ,180.0,No ,No,Online,03-Feb-2026 02:00 PM,Bodoland Territorial Council||PWD-BTC,Baksa,781346.0,2.0,"19,99,858",Karan Boro,"1,998,456.36",Rejected-Finance,07-May-2026,Bodoland Territorial Council||PWD-BTC
2025_PWBNH_49092_1,Tech-I(H_E)/95/2025/46 Dated Guwahati the 5th December 2025,"Construction of 100 Secondary Schools in 35 Districts of Assam under RIDF-XXXI (2025-26) for Baghmara Higher Secondary School under Bajali DTBD, Packge-1","Construction of 100 Secondary Schools in 35 Districts of Assam under RIDF-XXXI (2025-26) for Baghmara Higher Secondary School under Bajali DTBD, Packge-1",Works,Open Tender,Item Rate,Civil Works - Building,No,No,NA ,06-Dec-2025 05:00 PM,10-Dec-2025 11:30 AM ,180.0,No ,No,Online,17-Dec-2025 04:00 PM,Public Works Building and NH Department||Chief Engineer-Building - PWBNH,Bajali,781325.0,2.0,"4,12,27,255",Jiten Kalita,"44,625,750",Accepted-AOC,07-May-2026,Public Works Building and NH Department||Chief Engineer-Building - PWBNH
2023_WPTBC_32488_1,SCDCTECHDWSC314202324238,Construction of Assam Type Tai Language Academy at,Construction of Assam Type Tai Language Academy at Tengakhat,Works,Limited,Item Rate,Civil Works,No,No,NA ,13-Sep-2023 05:30 PM,NA ,180.0,No ,No,Online,18-Sep-2023 04:00 PM,Welfare of Plain Tribes and Backward Classes||Directorate of Welfare of Scheduled Caste||Assam State Development Corporation for SC,Tengakhat,786103.0,2.0,"45,00,000",JURI GOGOI,"4,500,000.01",Accepted-AOC,21-May-2026,Welfare of Plain Tribes and Backward Classes||Directorate of Welfare of Scheduled Caste||Assam State Development Corporation for SC
2026_ICD_51469_1,E No. 746034/60 date 22/02/2026,"Development of IGC Changsari, Dist.- Kamrup","Development of IGC Changsari, Dist.- Kamrup",Works,Open Tender,Item Rate,Civil Works,No,No,NA ,24-Feb-2026 10:00 AM,NA ,180.0,No ,No,Online,09-Mar-2026 03:00 PM,Industries and Commerce Department||Assam Industrial Infrastructure Development Corporation,IGC Changsari,781101.0,2.0,,MADHU SUDAN BAISHYA,"49,896,580",Accepted-AOC,27-May-2026,Industries and Commerce Department||Assam Industrial Infrastructure Development Corporation
2025_PWD_45827_65,CE/MAINT/SOPDG/01/2025-26/02,MAINT/SOPD-G/2025-26/74,"MAINT/SOPD-G/2025-26/74_1Construction of Dangarkuchi Kabarsthan approach road from ch310m to 840 m, 2Construction of road from Azad Nagar Rani Bora Lodge to Hasmat Ali and Sonkuchi Deurikuchi Road to Saint Kevin M E School,3Improvement of VIP road v",Works,Open Tender,Item Rate,Civil Works – Roads,No,No,NA ,24-Jul-2025 09:00 AM,24-Jul-2025 12:00 PM ,180.0,No ,No,Online,14-Aug-2025 11:00 AM,Public Works Roads Department,Barpeta,781301.0,2.0,"1,62,36,000",BISWADEV DAS,"15,747,273",Not Admitted-Fee/PreQual/Technical,13-May-2026,Public Works Roads Department
2026_BTC_52084_1,No.27/KOJ/NIT/II/2023-24/168,"Repairing and Renovation of Old campus of IS Office for establishment of Mini Secretariat at Udalguri District (Part-I) under SOPD-G, BTC for the FY 2026-27. (Package No. TN_135_02).","Repairing and Renovation of Old campus of IS Office for establishment of Mini Secretariat at Udalguri District (Part-I) under SOPD-G, BTC for the FY 2026-27. (Package No. TN_135_02).",Works,Open Tender,Item Rate,Civil Works - Building,No,No,NA ,16-Mar-2026 10:00 AM,NA ,180.0,No ,No,Online,06-Apr-2026 02:00 PM,Bodoland Territorial Council-PWD||Director Cum CHD - PWD BTC,Kokrajhar,783370.0,2.0,"2,66,86,978",MANAS DAS,"26,686,900",Not Admitted-Fee/PreQual/Technical,13-May-2026,Bodoland Territorial Council-PWD||Director Cum CHD - PWD BTC
2026_PWBNH_51365_1,SE/TB/TEN/06/2025-26/1008 Dated 13/02/2026,"Construction of New School building for upgradation of secondary to higher secondary school under Samagra Shiksha, Assam at Kadamtal High School in Sonitpur District (For Supply of Furniture only)","Construction of New School building for upgradation of secondary to higher secondary school under Samagra Shiksha, Assam at Kadamtal High School in Sonitpur District (For Supply of Furniture only)",Works,Open Tender,Item Rate,Civil Works - Building,No,No,NA ,20-Feb-2026 02:00 PM,26-Feb-2026 12:00 PM ,180.0,No ,No,Online,13-Mar-2026 01:00 PM,Public Works Building and NH Department||Chief Engineer-Building - PWBNH,Sonitpur,784504.0,2.0,"31,15,390",MAA LAXMI ENTERPRISES,"3,109,540",Rejected-AOC,21-May-2026,Public Works Building and NH Department||Chief Engineer-Building - PWBNH
2025_PWD_49546_1,DMJ/DRC/MISC-8/2024-25/911-920 DTD 18/12/2025,"Construction of GWC Road Including CD work from pipalguri PMGSY to punoi from Ch.0.00 m to Ch.3200.00 m under SOPD-G for the year 2025-26 in 80- Jonai LAC in Dhemaji District under Jonai Territorial Road Division, Silapathar","Construction of GWC Road Including CD work from pipalguri PMGSY to punoi from Ch.0.00 m to Ch.3200.00 m under SOPD-G for the year 2025-26 in 80- Jonai LAC in Dhemaji District under Jonai Territorial Road Division, Silapathar",Works,Open Tender,Works,Civil Works,No,No,NA ,24-Dec-2025 04:30 PM,NA ,180.0,No ,No,Online,09-Jan-2026 04:30 PM,Public Works Roads Department,Dhemaji,787057.0,2.0,"60,39,276",SRI LIKHAN KUMBANG,"6,039,276",Accepted-AOC,08-May-2026,Public Works Roads Department
2025_GMC_47288_13,GER/CE/2505/2025/6 Dated_01/09/2025,Construction of Toilet under Ward No.51,Construction of Toilet under Ward No.51,Works,Open Tender,Lump-sum,Civil Works,No,No,NA ,06-Sep-2025 06:00 PM,08-Sep-2025 12:00 PM ,120.0,No ,No,Online,07-Oct-2025 02:30 PM,Guwahati Municipal Corporation,Guwahati,781006.0,2.0,,Bedanta Choudhury,"1,700,000",Accepted-AOC,07-May-2026,Guwahati Municipal Corporation
2026_PWD_50011_4,CE/Commn/198/SDMF/2025-26/01,Lakhimpur/SDMF/4,Improvement of SH 42 Ghilamara Dhakuakhana Road by constructing a guide bund with synthetic geogrids at Ch. 2.475 K.M. Korha river bridge approach (Ghilamara Side and Dhakuakhana Side) under SDMF for the year 2024-25 in Lakhimpur District.,Works,Open Tender,Item Rate,Civil Works – Roads,No,No,NA ,07-Jan-2026 04:00 PM,21-Jan-2026 04:00 PM ,180.0,No ,No,Online,28-Jan-2026 02:30 PM,Public Works Roads Department,Lakhimpur,787001.0,2.0,"2,28,99,000",MADHAB SAIKIA,"22,898,700",Rejected-AOC,20-May-2026,Public Works Roads Department
2026_BTC_51950_1,No.ACE-106/PWD/IFB/PT-I/23-24,"Construction of Market shed at Bamungaon, Chirang District. TN_02_9 (R-2)","Construction of Market shed at Bamungaon, Chirang District. TN_02_9 (R-2)",Works,Open Tender,Item Rate,Civil Works - Building,No,No,NA ,13-Mar-2026 02:00 PM,NA ,180.0,No ,No,Online,27-Mar-2026 02:00 PM,Bodoland Territorial Council-PWD||Director Cum CHD - PWD BTC,Chirang,783390.0,2.0,"48,19,347",ULTON ISLARY,"4,819,069.44",Accepted-AOC,20-May-2026,Bodoland Territorial Council-PWD||Director Cum CHD - PWD BTC
2026_WPTBC_52121_1,PTDC/Engg/2026-27/539,"Major Renovation at Pachim Gogamukh ME School, Bordoloni, Dist Dhemaji under DAJGUA during the year 2025 26.","Major Renovation at Pachim Gogamukh ME School, Bordoloni, Dist Dhemaji under DAJGUA during the year 202526.",Works,Open Tender,Fixed-rate,Civil Works,No,No,NA ,17-Mar-2026 02:00 PM,23-Mar-2026 02:00 PM ,180.0,No ,No,Online,09-Apr-2026 02:00 PM,Welfare of Plain Tribes and Backward Classes||Director - WPT and BC||Assam Plains Tribes Development Corporation Ltd.,"Bordoloni, Dhemaji",787026.0,2.0,"74,98,245",M/S BASUDEV ENTERPRISE,"7,497,000",Rejected-Technical,20-May-2026,Welfare of Plain Tribes and Backward Classes||Director - WPT and BC||Assam Plains Tribes Development Corporation Ltd.
2026_ICD_49974_1,DNPL/RM/DS SV IP/25/02,"Repair and Maintenance of R.C.C. Roof Slab of Control Room Building at Despatch Station, Madhuban and Equipment Room Building of IP-1 Station, Sivsagar including supply of necessary materials, labour etc. complete","Repair and Maintenance of R.C.C. Roof Slab of Control Room Building at Despatch Station, Madhuban and Equipment Room Building of IP-1 Station, Sivsagar including supply of necessary materials, labour etc. complete",Works,Open Tender,Works,Civil Works - Building,No,No,NA ,06-Jan-2026 10:45 AM,NA ,180.0,No ,No,Online,14-Feb-2026 10:00 AM,Industries and Commerce Department||DNP Limited,Duliajan,786602.0,2.0,,M/S REINFORCED CONCRETE SOLUTIONS,"647,508.8",Accepted-AOC,12-May-2026,Industries and Commerce Department||DNP Limited
2025_SEEDE_48676_1,GS02/ASU/CMN/094,Equipment for Basic Science,Equipment for Basic Science,Goods,Open Tender,Item Rate,Laboratory and scientific equipment,No,No,NA ,17-Nov-2025 03:30 PM,NA ,90.0,No ,No,Online,03-Dec-2025 03:00 PM,Skill Employment and Entrepreneurship Department- Externally Aided Project||Assam Skill University Project- ADB Funded Tenders,"3rd Floor, DECT Complex, Rehabari, Guwahati-08",784125.0,1.0,,Valeur Fabtex Private Limited,"3,001,339.48",Rejected-Finance,05-May-2026,Skill Employment and Entrepreneurship Department- Externally Aided Project||Assam Skill University Project- ADB Funded Tenders
2025_PWD_46685_16,CE/DEV/TB/60/2025-26/13 Dtd- 31.07.2025,"MMPPNA_RIDF_XXXI_25_26_397 Construction of Road with ICBP from Jhum Control Road to Prilangso(Raideng) via Hemari Ronghang, Mensing Phangcho, Khorsing Terang gaon Under Mukhya Mantir Pakipath Nirman Achani (MMPPNA) Under RIDF-XXXI of NABARD for th","MMPPNA_RIDF_XXXI_25_26_397 Construction of Road with ICBP from Jhum Control Road to Prilangso(Raideng) via Hemari Ronghang, Mensing Phangcho, Khorsing Terang gaon Under Mukhya Mantir Pakipath Nirman Achani (MMPPNA) Under RIDF-XXXI of NABARD for th",Works,Open Tender,Item Rate,Civil Works – Roads,No,No,NA ,20-Aug-2025 06:00 PM,21-Aug-2025 12:00 PM ,180.0,No ,No,Online,09-Sep-2025 02:30 PM,Public Works Roads Department,Karbi Anglong,782410.0,2.0,"8,17,54,000",Blue Bell Group of Company,"81,754,000",Accepted-AOC,15-May-2026,Public Works Roads Department
2025_PWD_46339_3,CE/Commn/18/SDMF/2025-26/01,Darrang/SDMF/4,Protection and Prevention of Potapukhuri Hari mandir to Ghilaguri village road from flood damages under SDMF for the year 2024-25 in Darrang District of Assam,Works,Open Tender,Item Rate,Civil Works,No,No,NA ,13-Aug-2025 06:00 PM,27-Aug-2025 04:00 PM ,180.0,No ,No,Online,01-Sep-2025 02:30 PM,Public Works Roads Department,Sipajhar,784145.0,2.0,"9,32,05,000",Rang Private Limited,"93,204,992",Rejected-AOC,05-May-2026,Public Works Roads Department
2025_PWD_45926_110,CE/DEV/TB/60/2025-26/06 Dtd- 14.07.2025,"MMPPNA_RIDF_XXXI_25_26_156 Construction of road from (1) Kirtanpara Langla road to Boroichala via Moinapara, (2) NH-17 Tulungia Boripara to Dharmapara via Tulungia LP SChool and (3) Ujanpara Laxmi Mandir to Jamadarpara LP School under Mukhya Mantrir","MMPPNA_RIDF_XXXI_25_26_156 Construction of road from (1) Kirtanpara Langla road to Boroichala via Moinapara, (2) NH-17 Tulungia Boripara to Dharmapara via Tulungia LP SChool and (3) Ujanpara Laxmi Mandir to Jamadarpara LP School under Mukhya Mantrir",Works,Open Tender,Item Rate,Civil Works – Roads,No,No,NA ,30-Jul-2025 02:00 PM,04-Aug-2025 12:00 PM ,180.0,No ,No,Online,14-Aug-2025 02:30 PM,Public Works Roads Department,Abhayapuri,783384.0,2.0,"3,37,21,000",Rana Bora,"33,718,000",Rejected-Finance,14-May-2026,Public Works Roads Department
2026_PWD_50189_4,EE/HDTRD/TB/95/2024-25/05,HDTRD/PDNA-22/4 Recovery and Reconstruction of Sarlok to Binakandl via Jugijan Road from Ch. 0.00m to Ch. 1150.00m under NDRF (PDNA-2022) for the year 2025-26 In Hojai District of Binnakandi LAC,HDTRD/PDNA-22/4 Recovery and Reconstruction of Sarlok to Binakandl via Jugijan Road from Ch. 0.00m to Ch. 1150.00m under NDRF (PDNA-2022) for the year 2025-26 In Hojai District of Binnakandi LAC,Works,Open Tender,Item Rate,Civil Works,No,No,NA ,14-Jan-2026 10:00 AM,17-Jan-2026 03:00 PM ,180.0,No ,No,Online,29-Jan-2026 02:30 PM,Public Works Roads Department,Binnkandi,782440.0,2.0,"24,59,000",LUTFUR AHMED,"1,918,020",Rejected-AOC,26-May-2026,Public Works Roads Department
2026_BTC_51196_1,No.ACE-133/PWD/G.79/2025-26/69,"Construction of Madhya Helonar Pam L.P School at Helonar Pam at Madhya Helmor Pam, Baksa District under SOPD Bodoland Welfare Department, 2025-26. TN_111_38","Construction of Madhya Helonar Pam L.P School at Helonar Pam at Madhya Helmor Pam, Baksa District under SOPD Bodoland Welfare Department, 2025-26. TN_111_38",Works,Open Tender,Item Rate,Civil Works - Building,No,No,NA ,16-Feb-2026 12:00 PM,NA ,180.0,No ,No,Online,05-Mar-2026 11:00 AM,Bodoland Territorial Council-PWD||Director Cum CHD - PWD BTC,Kokrajhar,783370.0,2.0,"24,99,822",NAVADRONA CONSTRUCTION PVT. LTD.,"2,499,800",Rejected-AOC,16-May-2026,Bodoland Territorial Council-PWD||Director Cum CHD - PWD BTC
2025_PWD_45926_19,CE/DEV/TB/60/2025-26/06 Dtd- 14.07.2025,"MMPPNA_RIDF_XXXI_25_26_199 Construction of (1) Biga Munda Road, (2) road from Narenkati H.E. School to Nepalibasti (From Ch. 0.00 m to 1000.00 m), (3) road from Bhutia Ali via Padmabil LP School to Bhangamondir (From Ch. 1000.00 m to Ch. 3200.00 m) u","MMPPNA_RIDF_XXXI_25_26_199 Construction of (1) Biga Munda Road, (2) road from Narenkati H.E. School to Nepalibasti (From Ch. 0.00 m to 1000.00 m), (3) road from Bhutia Ali via Padmabil LP School to Bhangamondir (From Ch. 1000.00 m to Ch. 3200.00 m) u",Works,Open Tender,Item Rate,Civil Works – Roads,No,No,NA ,26-Jul-2025 06:00 PM,04-Aug-2025 12:00 PM ,180.0,No ,No,Online,14-Aug-2025 02:30 PM,Public Works Roads Department,Dhekiajuli,784110.0,2.0,"3,91,87,000",DEEPAK KUMAR BUCHA,"39,184,381",Accepted-AOC,15-May-2026,Public Works Roads Department
2025_PWD_45408_9,CE/DEV/TB/60/2025-26/01 Dtd- 21.06.2025,MMPPNA_RIDF_XXXI_25_26_89 Construction of road from (1) Dambukial to 16th Mile (2) Dambukial to Jamudchuk under Mukhya Mantrir Paki Path Nirman Achani (MMPPNA) under RIDF-XXXI of NABARD for the year 2025-26.,MMPPNA_RIDF_XXXI_25_26_89 Construction of road from (1) Dambukial to 16th Mile (2) Dambukial to Jamudchuk under Mukhya Mantrir Paki Path Nirman Achani (MMPPNA) under RIDF-XXXI of NABARD for the year 2025-26.,Works,Open Tender,Item Rate,Civil Works – Roads,No,No,NA ,08-Jul-2025 09:00 AM,17-Jul-2025 12:00 PM ,180.0,No ,No,Online,28-Jul-2025 02:30 PM,Public Works Roads Department,Majuli,785106.0,2.0,"3,60,80,000",Satyajit Morang,"36,078,129",Rejected-Finance,22-May-2026,Public Works Roads Department
2025_PWD_48012_4,BSPTRD/TECH/SOPDG/153/2023-24,BSPTRD/SOPD-G/2025-26/6,Construction of Road from Kamargaon-Golapara village Road under SOPD-G for the year 2025-26,Works,Open Tender,Item Rate,Civil Works – Roads,No,No,NA ,15-Oct-2025 10:00 AM,16-Oct-2025 12:00 PM ,180.0,No ,No,Online,01-Nov-2025 10:00 AM,Public Works Roads Department,Barpeta Road,781315.0,2.0,"34,20,000",MANORANJAN ROY,"3,419,517",Accepted-AOC,27-May-2026,Public Works Roads Department
2026_ID_50784_2,NIT NO.8 (SDMF) 2025-26 Date_03.02.2026,"Protection work at Batabari Nabin Dong FIS under SDMF for the year 2025-26 under SDMF for the year 2025-26 year 2025-26) under Udalguri Mazbat Division (Irrigation), Udalguri Package_2","Protection work at Batabari Nabin Dong FIS under SDMF for the year 2025-26 under SDMF for the year 2025-26 year 2025-26) under Udalguri Mazbat Division (Irrigation), Udalguri Package_2",Works,Open Tender,Item Rate,Civil Works,No,No,NA ,04-Feb-2026 06:00 PM,06-Feb-2026 02:00 PM ,180.0,No ,No,Online,26-Feb-2026 03:00 PM,Irrigation Department||Chief Engineer(Major)-Irrigation Dept,Udalguri,784509.0,2.0,"7,07,21,311",ASHOK KUMAR BAJAJ,"70,721,100",Accepted-AOC,08-May-2026,Irrigation Department||Chief Engineer(Major)-Irrigation Dept
2026_GMC_50622_19,GER/CE/2525/2025/Part-I/ 9 Date_ 22 /01/2026,Package No. DSLT-Div-II/5,"Cleaning, Desilting and Maintenance of Drains (Package No. DSLT-Div-II/5) under Mitigation of Urban Flood in Guwahati City under Guwahati Municipal Corporation for the year 2026",Works,Open Tender,Lump-sum,Miscellaneous Works,No,No,NA ,04-Feb-2026 05:00 PM,05-Feb-2026 12:00 PM ,120.0,No ,No,Online,16-Feb-2026 02:30 PM,Guwahati Municipal Corporation,Guwahati,781006.0,2.0,"24,68,000",M/S G. B. CONSTRUCTION,"1,925,040",Rejected-Technical,06-May-2026,Guwahati Municipal Corporation
2025_PWD_47085_38,CE/DEV/TB/60/2025-26/15 Dtd- 06.08.2025,MMPPNA_RIDF_XXXI_25_26_463 Improvement of Road From (1) Bhuyan Chuck to Moranjan Kachupathar connecting Road Via Lukhurakhan to Bormam Road (2) Road From 2 No. Balikhuti LP School Road to Seujipather Himpora Road under Mukhya Mantrir Paki Path Nirman,MMPPNA_RIDF_XXXI_25_26_463 Improvement of Road From (1) Bhuyan Chuck to Moranjan Kachupathar connecting Road Via Lukhurakhan to Bormam Road (2) Road From 2 No. Balikhuti LP School Road to Seujipather Himpora Road under Mukhya Mantrir Paki Path Nirman,Works,Open Tender,Item Rate,Civil Works – Roads,No,No,NA ,02-Sep-2025 02:00 PM,04-Sep-2025 12:00 PM ,180.0,No ,No,Online,19-Sep-2025 02:30 PM,Public Works Roads Department,Mahmora,786101.0,2.0,"2,04,46,000",Sri Hemanta Gogoi,"20,445,000",Rejected-Finance,13-May-2026,Public Works Roads Department
2026_BTC_51603_1,No.35/ACE/PWD/BTC/2025-26/05,"Up-gradation of DIET, Kokrajhar as Centre of Excellence (COE) under the Directorate of SCERT, Assam.","Up-gradation of DIET, Kokrajhar as Centre of Excellence (COE) under the Directorate of SCERT, Assam.",Works,Open Tender,Item Rate,Civil Works - Building,No,No,NA ,02-Mar-2026 10:00 AM,NA ,180.0,No ,No,Online,16-Mar-2026 02:00 PM,Bodoland Territorial Council-PWD||Director Cum CHD - PWD BTC,Kokrajhar,783370.0,2.0,"10,90,55,300",Shiv construction Company,"109,157,000",Rejected-AOC,16-May-2026,Bodoland Territorial Council-PWD||Director Cum CHD - PWD BTC
2026_GMC_50622_31,GER/CE/2525/2025/Part-I/ 9 Date_ 22 /01/2026,Package No. DSLT-Div-III/6,"Cleaning, Desilting and Maintenance of Drains (Package No. DSLT-Div-III/6) under Mitigation of Urban Flood in Guwahati City under Guwahati Municipal Corporation for the year 2026",Works,Open Tender,Lump-sum,Miscellaneous Works,No,No,NA ,04-Feb-2026 05:00 PM,05-Feb-2026 12:00 PM ,120.0,No ,No,Online,16-Feb-2026 02:30 PM,Guwahati Municipal Corporation,Guwahati,781006.0,2.0,"15,99,000",SRI GANESH ENTERPRISE AND HARDWARE,"1,039,190.1",Rejected-AOC,06-May-2026,Guwahati Municipal Corporation
2026_GMC_50622_25,GER/CE/2525/2025/Part-I/ 9 Date_ 22 /01/2026,Package No. DSLT-Div-II/11,"Cleaning, Desilting and Maintenance of Drains (Package No. DSLT-Div-II/11) under Mitigation of Urban Flood in Guwahati City under Guwahati Municipal Corporation for the year 2026",Works,Open Tender,Lump-sum,Miscellaneous Works,No,No,NA ,04-Feb-2026 05:00 PM,05-Feb-2026 12:00 PM ,120.0,No ,No,Online,16-Feb-2026 02:30 PM,Guwahati Municipal Corporation,Guwahati,781006.0,2.0,"21,45,000",MS NEPTUNE,"1,716,000",Rejected-Technical,06-May-2026,Guwahati Municipal Corporation
2026_BoTC_51077_1,SE(RB)/20-21/Pt-III/45/208_1,Package No.208_1,Recovery and Reconstruction of Narayanpur to Bhowraguri Kachugaon road under NDRF (PDNA-2022) for the year 2025-26.,Works,Open Tender,Item Rate,Civil Works – Roads,No,No,NA ,12-Feb-2026 02:00 PM,NA ,180.0,No ,No,Online,02-Mar-2026 01:30 PM,Bodoland Territorial Council||PWD-BTC,"Bhowraguri, Kokrajhar",783336.0,2.0,"69,99,917",Sarat Ch. Narzary,"6,999,900",Rejected-AOC,13-May-2026,Bodoland Territorial Council||PWD-BTC
2025_PWD_45399_11,CE/DEV/TB/54/2025-26/01 Dtd- 13.06.2025,MMUPPNA_RIDF_XXXI_25_26_11 Improvement and widening of road from Asomi HS Tiniali to Korotipar Chariali from Ch. 0.00 m to 9500.00 m under Mukhya Mantrir Unnoto Paki Path Nirman Achani (MMUPPNA) under RIDF-XXXI of NABARD for the year 2025-26.,MMUPPNA_RIDF_XXXI_25_26_11 Improvement and widening of road from Asomi HS Tiniali to Korotipar Chariali from Ch. 0.00 m to 9500.00 m under Mukhya Mantrir Unnoto Paki Path Nirman Achani (MMUPPNA) under RIDF-XXXI of NABARD for the year 2025-26.,Works,Open Tender,Item Rate,Civil Works – Roads,No,No,NA ,07-Jul-2025 09:00 AM,14-Jul-2025 12:00 PM ,180.0,No ,No,Online,25-Jul-2025 02:30 PM,Public Works Roads Department,Golaghat,785619.0,2.0,"10,80,46,000",M/S. M.P. AGARWALLA,"108,035,978",Accepted-AOC,26-May-2026,Public Works Roads Department
2025_BTC_49249_4,ACE-22/PWD/NIT/GOODWILL/25-26,Construction of road from Ch.R.N. to Aubari Adibasi supa via Boro supa under Aubari VCDC under CMs Goodwill mission Project (RIDF-XXXI) for the year 2025-26. (Package No. TN_73_TML_RIDF-XXXI_04),Construction of road from Ch.R.N. to Aubari Adibasi supa via Boro supa under Aubari VCDC under CMs Goodwill mission Project (RIDF-XXXI) for the year 2025-26.,Works,Open Tender,Item Rate,Civil Works – Roads,No,No,NA ,12-Dec-2025 10:00 AM,26-Dec-2025 12:00 PM ,180.0,No ,No,Online,03-Jan-2026 11:00 AM,Bodoland Territorial Council-PWD||Director Cum CHD - PWD BTC,Tamulpur,781367.0,2.0,"1,00,00,000",Ananda Ram Boro,"9,998,416.56",Accepted-AOC,25-May-2026,Bodoland Territorial Council-PWD||Director Cum CHD - PWD BTC
2026_PHED_51531_1,SEPH/GC/TB-152/Vol-40/25-26,"Installation of Deep Tube Well by DTH Rig Boring including necessary accessories for water supply arrangement at Rajaduar Ananda Nagar, North Guwahati","Installation of Deep Tube Well by DTH Rig Boring including necessary accessories for water supply arrangement at Rajaduar Ananda Nagar, North Guwahati under Guwahati Division No.-l under SOPD-G for the year 2025-26",Works,Open Tender,Item Rate,Civil Works,No,No,NA ,26-Feb-2026 04:00 PM,05-Mar-2026 02:00 PM ,90.0,No ,No,Online,20-Mar-2026 03:00 PM,Public Health Engineering Department||Chief Engineer PHE(P)-Assam-PHED||Lower Assam Zone-Guwahati-PHED||Guwahati Circle-Guwahati-PHED,"Rajaduar,Ananda Nagar",781030.0,2.0,"53,25,700",M/S M.R. ENTERPRISE,"5,319,607",Rejected-Finance,16-May-2026,Public Health Engineering Department||Chief Engineer PHE(P)-Assam-PHED||Lower Assam Zone-Guwahati-PHED||Guwahati Circle-Guwahati-PHED
2025_PCCF_48532_1,O.O. 243 dated 07/11/2025,Construction of Chain-linked Fencing with 3 strand barbed wire to be filled on pre-cast RCC pillars,Construction of Chain-linked Fencing with 3 strand barbed wire to be filled on pre-cast RCC pillars,Works,Open Tender,Percentage,Civil Works,No,No,NA ,11-Nov-2025 06:00 PM,NA ,180.0,No ,No,Online,03-Dec-2025 03:00 PM,"Pr. Chief Conservator of Forest and Head of Forest Force||Chief Conservator of Forests (Upper Assam Zone)||Northern Assam Circle, Tezpur||Nagaon Division",Nagaon,782001.0,2.0,"55,52,723",M/S MAHAABALA CONSTRUCTION PVT. LTD.,"4,997,450.7",Rejected-Technical,15-May-2026,"Pr. Chief Conservator of Forest and Head of Forest Force||Chief Conservator of Forests (Upper Assam Zone)||Northern Assam Circle, Tezpur||Nagaon Division"
2026_WPTBC_50076_1,PTDC/Engg/2024-25/463/13,Construction of Hostel at Colleges at 20 District of Assam,"Construction of Hostel at Colleges at 20 District of Assam at Rs. 100.00 Lakh for each Hostel under Article 275 (I) of the Constitution of India during the year 2025-26 (Girls College, Kokrajhar, Dist - Kokrajhar).",Works,Open Tender,Works,Civil Works,No,No,NA ,08-Jan-2026 03:00 PM,12-Jan-2026 12:00 PM ,180.0,No ,No,Online,26-Jan-2026 03:00 PM,Welfare of Plain Tribes and Backward Classes||Director - WPT and BC,Kokrajhar,783370.0,2.0,"1,00,00,000",M/S J.K ENTERPRISE,"9,000,000",Rejected-AOC,15-May-2026,Welfare of Plain Tribes and Backward Classes||Director - WPT and BC
2026_WPTBC_51835_1,scdctechsedhanubhanga,Construction of Boundary Wall and Iron Gate at Dhanubhanga High School Dist Goalpara,Construction of Boundary Wall and Iron Gate at Dhanubhanga High School Dist Goalpara,Works,Open Tender,Item Rate,Civil Works,No,No,NA ,10-Mar-2026 12:00 PM,NA ,180.0,No ,No,Online,13-Mar-2026 02:00 PM,Welfare of Plain Tribes and Backward Classes||Directorate of Welfare of Scheduled Caste||Assam State Development Corporation for SC,"DISPUR, GHY-06",781006.0,2.0,"40,00,000",BISWAJIT DAS,"4,000,000",Accepted-AOC,15-May-2026,Welfare of Plain Tribes and Backward Classes||Directorate of Welfare of Scheduled Caste||Assam State Development Corporation for SC
