Tender ID,tender_externalreference,tender_title,Work Description,Tender Category,Tender Type,Form of contract,Product Category,Is Multi Currency Allowed For BOQ,Allow Two Stage Bidding,Independent External Monitor/Remarks,Published Date,Pre Bid Meeting Date,Bid Validity(Days),Should Allow NDA Tender,Allow Preferential Bidder,Payment Mode,Bid Opening Date,Organisation Chain,location,Pincode,No of Bids Received,Tender Value in ₹,Bidder Name,Awarded Value,Status,Contract Date :,Department
2025_PWBNH_47994_1,"Tech-I(H_E)/07/2025/7 Dated Guwahati the 9th October, 2025",Establishment of Govt. Model Degree Colleges in Assam under SOPD for the Year 2025-26 for Karambir Chandra Nath Sarma College at Borchalla (Sonitpur),Establishment of Govt. Model Degree Colleges in Assam under SOPD for the Year 2025-26 for Karambir Chandra Nath Sarma College at Borchalla (Sonitpur),Works,Open Tender,Item Rate,Civil Works - Building,No,No,NA ,13-Oct-2025 09:00 AM,22-Oct-2025 11:30 AM ,180.0,No ,No,Online,01-Nov-2025 03:30 PM,Public Works Building and NH Department||Chief Engineer-Building - PWBNH,Borchalla,784117.0,2.0,"32,45,53,654",KULEN HAZARIKA,"344,740,675",Accepted-AOC,20-Apr-2026,Public Works Building and NH Department||Chief Engineer-Building - PWBNH
2025_BoTC_49512_1,TECH-28/SE(RB)/2019-20/2,"Construction of CC Block road from Thaneswar Boro house to Police Para Masjid at Sunbari village, Salbari under CMs Goodwill Mission Project (RIDF XXXI) in Baksa District for the year 2025-26. TN_384_6","Construction of CC Block road from Thaneswar Boro house to Police Para Masjid at Sunbari village, Salbari under CMs Goodwill Mission Project (RIDF XXXI) in Baksa District for the year 2025-26. TN_384_6",Works,Open Tender,Works,Civil Works – Roads,No,No,NA ,20-Dec-2025 02:00 PM,NA ,180.0,No ,No,Online,12-Jan-2026 02:00 PM,Bodoland Territorial Council||PWD-BTC,Baksa,781346.0,2.0,"99,99,807",SAMRAT BRAHMA,"9,998,200",Rejected-Finance,28-Apr-2026,Bodoland Territorial Council||PWD-BTC
2025_DoWR_49343_1,KAMRUP RURAL/2025-26/SOPD-G/I,Construction of flood wall at R/B of river Barnadi from Halda RCC Bridge to Baniasuba.,Construction of flood wall at R/B of river Barnadi from Halda RCC Bridge to Baniasuba.,Works,Open Tender,Works,Civil Works,No,No,NA ,13-Dec-2025 06:55 PM,NA ,180.0,No ,No,Online,31-Dec-2025 03:00 PM,Department of Water Resources||Chief Engineer - DoWR,KAMRUP RURAL,781009.0,2.0,"3,99,99,764",Rabindra Chhawchharia,"39,989,562.13",Accepted-AOC,20-Apr-2026,Department of Water Resources||Chief Engineer - DoWR
2026_PWD_49990_1,TB/PWD/MDTRD/610/2025-26/10,Recovery and Reconstruction of Khandajan Bakorihapori (Singimari) road (PMGSY Pkg No. AS17-88) (RR) under NDRF (PDNA-2022) for the year 2025-26,Recovery and Reconstruction of Khandajan Bakorihapori (Singimari) road (PMGSY Pkg No. AS17-88) (RR) under NDRF (PDNA-2022) for the year 2025-26,Works,Open Tender,Item Rate,Civil Works,No,No,NA ,06-Jan-2026 04:00 PM,07-Jan-2026 02:00 PM ,90.0,No ,No,Online,19-Jan-2026 04:00 PM,Public Works Roads Department,MORIGAON,782105.0,2.0,"64,08,000",KULEN BEZBARUAH,"6,407,936.55",Accepted-AOC,28-Apr-2026,Public Works Roads Department
2025_PWD_47085_35,CE/DEV/TB/60/2025-26/15 Dtd- 06.08.2025,"MMPPNA_RIDF_XXXI_25_26_478 Improvement of (i) Daluacherra PWD road to Fultali L.P.School, (ii) NH-08 near bye-pass tri-junction to Moyna Kalibari via Moyna L.P.School, (iii) Fakua PWD road to 56-Poribar via Vetenary Dispensary, (iv) Road from Tarbinc","MMPPNA_RIDF_XXXI_25_26_478 Improvement of (i) Daluacherra PWD road to Fultali L.P.School, (ii) NH-08 near bye-pass tri-junction to Moyna Kalibari via Moyna L.P.School, (iii) Fakua PWD road to 56-Poribar via Vetenary Dispensary, (iv) Road from Tarbinc",Works,Open Tender,Item Rate,Civil Works – Roads,No,No,NA ,02-Sep-2025 02:00 PM,04-Sep-2025 12:00 PM ,180.0,No ,No,Online,13-Oct-2025 02:30 PM,Public Works Roads Department,Patharkandi,788724.0,2.0,"3,54,94,000",SHAYEED AHMED,"35,494,000",Accepted-AOC,23-Apr-2026,Public Works Roads Department
2026_PWD_50058_4,PRTRD/RKN/PDNA/ET/2026/1302,PRTRD_PDNA_ET_25_26_04 Recovery and reconstruction Patharkandi-Kazirbazar road in Patharkandi LAC under NDRF (PDNA-2022) for the year 2025-26.,PRTRD_PDNA_ET_25_26_04 Recovery and reconstruction Patharkandi-Kazirbazar road in Patharkandi LAC under NDRF (PDNA-2022) for the year 2025-26.,Works,Open Tender,Item Rate,Civil Works,No,No,NA ,09-Jan-2026 02:00 PM,12-Jan-2026 12:00 PM ,180.0,No ,No,Online,28-Jan-2026 11:00 AM,Public Works Roads Department,RK Nagar,788166.0,2.0,"27,24,931",HELAL UDDIN,"2,724,663",Accepted-AOC,02-Apr-2026,Public Works Roads Department
2025_PWD_46191_23,CE/DEV/TB/122/2025-26/1 Dtd- 01.08.2025,BTR_RIDF_XXXI_25_26_51 Construction of CC Block Road from Ghagra Shantipur PWD Road to Shantipur Kundarbil PWD Road via Mundabasti and Ghoradak Nepalibasti village Road under RIDF-XXXI of NABARD for the year 2025-26.,BTR_RIDF_XXXI_25_26_51 Construction of CC Block Road from Ghagra Shantipur PWD Road to Shantipur Kundarbil PWD Road via Mundabasti and Ghoradak Nepalibasti village Road under RIDF-XXXI of NABARD for the year 2025-26.,Works,Open Tender,Item Rate,Civil Works – Roads,No,No,NA ,06-Aug-2025 04:00 PM,11-Aug-2025 12:00 PM ,180.0,No ,No,Online,14-Aug-2025 02:30 PM,Public Works Roads Department,Udalguri,784509.0,2.0,"3,55,00,000",NELSON BASUMATARY,"35,499,000",Accepted-AOC,08-Apr-2026,Public Works Roads Department
2026_PWD_50183_2,CE/Commn/192/2025-26/24,PDNA/ Kamrup /03,Recovery and Reconstruction of Saniadi Barchapori Road under NDRF (PDNA 2022) for the year 2025-26.,Works,Open Tender,Item Rate,Civil Works – Roads,No,No,NA ,12-Jan-2026 04:00 PM,16-Jan-2026 04:00 PM ,180.0,No ,No,Online,22-Jan-2026 02:30 PM,Public Works Roads Department||CE PWD(R) - PWD||Traffic Engineering Cell - PWD,Kamrup,781031.0,2.0,"1,41,91,000",M/S MORAMI ENTERPRISE,"14,191,000",Rejected-AOC,29-Apr-2026,Public Works Roads Department||CE PWD(R) - PWD||Traffic Engineering Cell - PWD
2026_DoWR_50062_1,KAMRUP RURAL/2025-26/PDNA/WORK/III,Restoration of Damaged L/B Embankment of River Noona from Noonapar to Niteni at different reaches.,Restoration of Damaged L/B Embankment of River Noona from Noonapar to Niteni at different reaches.,Works,Open Tender,Works,Civil Works,No,No,NA ,08-Jan-2026 09:00 AM,NA ,180.0,No ,No,Online,19-Jan-2026 03:00 PM,Department of Water Resources||Chief Engineer - DoWR,KAMRUP RURAL,781009.0,2.0,"2,26,83,832",GEMINI ENTERPRISE,"22,363,535.8",Accepted-AOC,03-Apr-2026,Department of Water Resources||Chief Engineer - DoWR
2025_NHM_43874_1,NHM-32023/725/2023-Const,Construction of Buildingless Sub-Health Centre at various places of Assam under PM-ABHIM for FY 2022-23 48 Nos. of BLSHC under NHM Assam AT GHORAMARA KACHARI SC in Sonitpur District,Construction of Buildingless Sub-Health Centre at various places of Assam under PM-ABHIM for FY 2022-23 48 Nos. of BLSHC under NHM Assam AT GHORAMARA KACHARI SC in Sonitpur District,Works,Open Tender,Turn-key,Civil Works - Building,No,No,NA ,29-Mar-2025 05:30 PM,NA ,180.0,No ,No,Online,16-Apr-2025 03:30 PM,National Health Mission||State Programme Management Unit - NHM,Sonitpur,784105.0,2.0,"52,03,000",HRISHIKESH BORBORA,"5,200,000",Accepted-AOC,17-Apr-2026,National Health Mission||State Programme Management Unit - NHM
2026_BTC_50000_2,125/ACE/NIT/Infra/BTC/2022-23,Construction of Bodo Sahitya Sabha Bhawan at Udalguri in Udalguri District. (TN_15_2),Construction of Bodo Sahitya Sabha Bhawan at Udalguri in Udalguri District.,Works,Open Tender,Item Rate,Civil Works - Building,No,No,NA ,07-Jan-2026 10:00 AM,NA ,180.0,No ,No,Online,29-Jan-2026 11:00 AM,Bodoland Territorial Council-PWD||Director Cum CHD - PWD BTC,Udalguri,784509.0,2.0,"49,41,722",Sri Sarbananda Ojha,"4,941,425",Rejected-AOC,02-Apr-2026,Bodoland Territorial Council-PWD||Director Cum CHD - PWD BTC
2025_PWD_47418_2,CE/DEV/TB/60/2025-26/31 Dtd- 04.09.2025,"MMPPNA_RIDF_XXXI_25_26_515 Improvement of Sumoni gaon to Kukurapohia Mohima 4 no. connecting road (Pohuchowa road), Kakodunga HS connecting road (from Ch. 0.00 m to Ch. 3530.00 m) under Mukhya Mantrir Paki Path Nirman Achani (MMPPNA) under RIDF-XXXI","MMPPNA_RIDF_XXXI_25_26_515 Improvement of Sumoni gaon to Kukurapohia Mohima 4 no. connecting road (Pohuchowa road), Kakodunga HS connecting road (from Ch. 0.00 m to Ch. 3530.00 m) under Mukhya Mantrir Paki Path Nirman Achani (MMPPNA) under RIDF-XXXI",Works,Open Tender,Item Rate,Civil Works – Roads,No,No,NA ,10-Sep-2025 01:00 PM,11-Sep-2025 12:00 PM ,180.0,No ,No,Online,25-Sep-2025 02:30 PM,Public Works Roads Department,Dergaon,785614.0,2.0,"3,14,16,000",Shyamal Saikia,"28,274,400",Rejected-Finance,02-Apr-2026,Public Works Roads Department
2025_PWD_45820_74,CE/STBR/SOPD-G/NIT/07/2025 26/1 Dated 26-06-2025,STBR/SOPD-G/Dhing -02/17 Re-construction of road from Bechamari to Moiradhaj Road from ch 0.00m to ch.2000.00m under Mukhya Mantrir Path Nabikaran Achani (MMPNA) under SOPD-G for the year 2025-26 in Nagaon District (Dhing LAC),STBR/SOPD-G/Dhing -02/17 Re-construction of road from Bechamari to Moiradhaj Road from ch 0.00m to ch.2000.00m under Mukhya Mantrir Path Nabikaran Achani (MMPNA) under SOPD-G for the year 2025-26 in Nagaon District (Dhing LAC),Works,Open Tender,Item Rate,Civil Works – Roads,No,No,NA ,30-Jul-2025 04:00 PM,31-Jul-2025 11:00 AM ,180.0,No ,No,Online,11-Aug-2025 11:00 AM,Public Works Roads Department,Dhing,782123.0,2.0,"99,09,000",Badrul Islam,"9,909,000",Accepted-AOC,06-Apr-2026,Public Works Roads Department
2025_PWD_46191_22,CE/DEV/TB/122/2025-26/1 Dtd- 01.08.2025,BTR_RIDF_XXXI_25_26_50 Construction of CC Block Road from Udalguri Bhairabkunda road to Golandi River Embankment via Angragaon Boro Chuba and Assamese Chuba village road under RIDF-XXXI of NABARD for the year 2025-26.,BTR_RIDF_XXXI_25_26_50 Construction of CC Block Road from Udalguri Bhairabkunda road to Golandi River Embankment via Angragaon Boro Chuba and Assamese Chuba village road under RIDF-XXXI of NABARD for the year 2025-26.,Works,Open Tender,Item Rate,Civil Works – Roads,No,No,NA ,06-Aug-2025 04:00 PM,11-Aug-2025 12:00 PM ,180.0,No ,No,Online,14-Aug-2025 02:30 PM,Public Works Roads Department,Udalguri,784509.0,2.0,"1,43,00,000",Sri Ransingh Daimari,"12,870,000",Rejected-Finance,29-Apr-2026,Public Works Roads Department
2026_DoWR_50003_1,DHUBRI/2025-26/PDNA/WORK/III,Restoration of B/Dyke from Khapara to Tekona at Ch 0.00m to ch 2350.00m from the flood damages of river Brahmaputra on its L/B.,Restoration of B/Dyke from Khapara to Tekona at Ch 0.00m to ch 2350.00m from the flood damages of river Brahmaputra on its L/B.,Works,Open Tender,Works,Civil Works,No,No,NA ,07-Jan-2026 09:00 AM,NA ,180.0,No ,No,Online,19-Jan-2026 03:00 PM,Department of Water Resources||Chief Engineer - DoWR,DHUBRI,783301.0,2.0,"1,27,54,548",GLOBAL INFRASTRUCTURE,"12,737,661.59",Accepted-AOC,24-Apr-2026,Department of Water Resources||Chief Engineer - DoWR
2025_DLW_47313_1,685124/CA/2025/250,Empanelment of Chartered Accountant For Internal Audit and Income Tax Return appeal and Exemption Certificate from Assam for a period of One year,Empanelment of Chartered Accountant For Internal Audit and Income Tax Return appeal and Exemption Certificate from Assam for a period of One year,Services,Open Tender,EOI,Consultancy,No,No,NA ,05-Sep-2025 05:00 PM,NA ,365.0,No ,No,Online,16-Sep-2025 02:00 PM,Department of Labour and Welfare||Commissionerate of Labour||Assam BOCWWB,ABOCWWB Guwahati,781016.0,1.0,,D K BAJAJ AND CO,"1,050,000",Rejected-Technical,02-Apr-2026,Department of Labour and Welfare||Commissionerate of Labour||Assam BOCWWB
2025_PWD_45818_58,CE/Commn/16/2025-26/04,Khumtai/SOPD/5,Construction of Kowani clean village road from Ch. 0.00M to 1120.00 m under SOPD-G for the year 2025-26 in Golaghat and Khumtai TRD of district Golaghat (Khumtai LAC),Works,Open Tender,Item Rate,Civil Works – Roads,No,No,NA ,24-Jul-2025 11:00 AM,28-Jul-2025 04:00 PM ,180.0,No ,No,Online,11-Aug-2025 02:30 PM,Public Works Roads Department,Khumtai,785619.0,2.0,"76,63,000",Gautam Bagaria,"7,661,000",Accepted-AOC,30-Apr-2026,Public Works Roads Department
2025_PWD_49436_1,CE/DEV/TB/122/2025-26/15 Dated 15-12-2025,BTR_RIDF_XXXI_25_26_48 Construction of ICBP Road from (1) Hapabari Road to Pakimuri link Road under Dumuruguri VCDC (2) Ranthali Bagicha Chowk to Kulshipar link Road under Chengapathar VCDC (3) Chenibari link road to Gohain Kamal road via Bholabari G,BTR_RIDF_XXXI_25_26_48 Construction of ICBP Road from (1) Hapabari Road to Pakimuri link Road under Dumuruguri VCDC (2) Ranthali Bagicha Chowk to Kulshipar link Road under Chengapathar VCDC (3) Chenibari link road to Gohain Kamal road via Bholabari G,Works,Open Tender,Item Rate,Civil Works – Roads,No,No,NA ,17-Dec-2025 06:00 PM,20-Dec-2025 12:00 PM ,180.0,No ,No,Online,30-Dec-2025 02:30 PM,Public Works Roads Department,Udalguri,784509.0,2.0,"4,94,50,000",RAJENDRA CHAUDHURY,"49,449,956",Accepted-AOC,22-Apr-2026,Public Works Roads Department
2025_PWRDW_42315_6,CEEAPARRBP111TENDERS2024Pt-I38,Construction of Bridge in Karbi-Anglong district i) Br. No. 1/1 on Road from 15th KM of DM Road near Kanch office to Hidim Teron Village,CE/EAP/ARRBP/OCB/Bridge-1/Karbi-Anglong/16A Construction of Bridge in Karbi-Anglong district i) Br. No. 1/1 on Road from 15th KM of DM Road near Kanch office to Hidim Teron Village,Works,Open Tender,Item Rate,Civil Works - Bridges,No,No,NA ,24-Jan-2025 12:00 PM,29-Jan-2025 11:00 AM ,180.0,No ,No,Online,24-Feb-2025 02:30 PM,Public Works Roads Department-Externally Aided Project||Public Works Road Department- World Bank Funded Tenders||Assam State Bridge Infrastructure Program,Karbi-Anglong,782462.0,2.0,"2,79,18,000",JOHN MILLIK,"26,494,182",Rejected-Technical,24-Apr-2026,Public Works Roads Department-Externally Aided Project||Public Works Road Department- World Bank Funded Tenders||Assam State Bridge Infrastructure Program
2025_PWD_47542_11,CE/STBR/SOPD G/NIT/07/2025-26/21 Dated 04-09-2025,"STBR/SOPD-G/Jagiroad-13/57 Reconstruction of road from 1) Dhamkhunda Didgalhati Dhipujijan to Ghuramara Jan Pam, 2) Dhamkhunda to Bherbheri under SOPD-G for the year 2025-26 in Morigaon District","STBR/SOPD-G/Jagiroad-13/57 Reconstruction of road from 1) Dhamkhunda Didgalhati Dhipujijan to Ghuramara Jan Pam, 2) Dhamkhunda to Bherbheri under SOPD-G for the year 2025-26 in Morigaon District",Works,Open Tender,Item Rate,Civil Works – Roads,No,No,NA ,16-Sep-2025 05:00 PM,18-Sep-2025 11:00 AM ,180.0,No ,No,Online,26-Sep-2025 11:00 AM,Public Works Roads Department,Jagiroad,782410.0,2.0,"40,80,000",Shivam transcon Pvt.Ltd,"4,080,000",Accepted-AOC,06-Apr-2026,Public Works Roads Department
2025_PWD_46934_1,Tech/2083 dated 18/08/2025,Construction of road from Baralia Embankment to Digara Garamsung under SOPD (G) for the year 2025-26,Construction of road from Baralia Embankment to Digara Garamsung under SOPD (G) for the year 2025-26 Pkg no. NKTRD(R)/ SOPD(G)/ 2025-26/07,Works,Open Tender,Item Rate,Civil Works – Roads,No,No,NA ,26-Aug-2025 11:00 AM,27-Aug-2025 12:00 PM ,180.0,No ,No,Online,08-Sep-2025 01:00 PM,Public Works Roads Department,Rangia LAC,781354.0,2.0,"12,05,528",M/S Nistha Construction,"1,205,500",Accepted-AOC,13-Mar-2026,Public Works Roads Department
2025_DoWR_49613_1,NALBARI/2025-26/PDNA/SUPPLY/I,Restoration of damaged embankment of river Noona and river Pagladia during the flood of 2022 (procurement of supply materials). Package 1,Restoration of damaged embankment of river Noona and river Pagladia during the flood of 2022 (procurement of supply materials). Package 1,Goods,Open Tender,Supply,Supply of Materials,No,No,NA ,23-Dec-2025 06:55 PM,NA ,180.0,No ,No,Online,05-Jan-2026 03:00 PM,Department of Water Resources||Chief Engineer - DoWR,Nalbari,781335.0,2.0,"31,07,073",Ashit Roy,"3,104,906",Accepted-AOC,02-Apr-2026,Department of Water Resources||Chief Engineer - DoWR
2025_BTC_49326_1,No.ACE-22/PWD/NIT/GW/25-26/19,Widening strengthening of Road from JD Road Assam Oil to Tengapara Railway Gate from Ch.0.00m to 1000.00m by providing DBM BC including CD works under CMs Goodwill Mission Project RIDF-XXXI of NABARD for the year 2025-26. TN_67KOK_RIDF-XXXI-21,Widening strengthening of Road from JD Road Assam Oil to Tengapara Railway Gate from Ch.0.00m to 1000.00m by providing DBM BC including CD works under CMs Goodwill Mission Project RIDF-XXXI of NABARD for the year 2025-26. TN_67KOK_RIDF-XXXI-21,Works,Open Tender,Item Rate,Civil Works – Roads,No,No,NA ,15-Dec-2025 12:00 PM,NA ,180.0,No ,No,Online,07-Jan-2026 11:00 AM,Bodoland Territorial Council-PWD||Director Cum CHD - PWD BTC,Kokrajhar,783370.0,2.0,"1,45,13,780",Gautam Brahma,"14,512,785",Accepted-AOC,20-Apr-2026,Bodoland Territorial Council-PWD||Director Cum CHD - PWD BTC
2026_PWD_51143_1,CE/DEV/TB/120/2025-26/48 Dtd- 11.02.2026,SOPD_G_25_26_60 Improvement of Road from NH15 to Bholaguri (Ch. 0.00 M to 3000.00 M) under SOPD-G for the year 2025-26 under Gohpur Civil Sub Division Territorial Road Division (Gohpur LAC),SOPD_G_25_26_60 Improvement of Road from NH15 to Bholaguri (Ch. 0.00 M to 3000.00 M) under SOPD-G for the year 2025-26 under Gohpur Civil Sub Division Territorial Road Division (Gohpur LAC),Works,Open Tender,Item Rate,Civil Works – Roads,No,No,NA ,13-Feb-2026 05:30 PM,13-Feb-2026 06:00 PM ,180.0,No ,No,Online,23-Feb-2026 02:30 PM,Public Works Roads Department,Gohpur,784168.0,2.0,"2,11,24,000",KHEMSA TRADERS AND DEVELOPERS,"21,098,784",Not Admitted-Fee/PreQual/Technical,04-Apr-2026,Public Works Roads Department
2025_DoWR_47619_1,BARPETA/2025-26/RIDF/III,"Restoration of DRDA Bund of river Tihu including AE measures to protect village Medhittari No. 5 Block, Kawaimari No.6 Block and Kawaimari No.7 Block on its R/B, Package 2.","Restoration of DRDA Bund of river Tihu including AE measures to protect village Medhittari No. 5 Block, Kawaimari No.6 Block and Kawaimari No.7 Block on its R/B, Package 2.",Works,Open Tender,Works,Civil Works,No,No,NA ,19-Sep-2025 06:55 PM,NA ,180.0,No ,No,Online,08-Oct-2025 03:00 PM,Department of Water Resources||Chief Engineer - DoWR,Barpeta,781301.0,2.0,"3,81,70,349",KHEMSA TRADERS AND DEVELOPERS,"38,159,563.82",Rejected-AOC,20-Apr-2026,Department of Water Resources||Chief Engineer - DoWR
2025_DoWR_49099_1,N LAKHIMPUR/2025-26/SOPD-G/III,Construction of new embankment on left bank of Sessa river from Sessa PWD bridge to PWD Road at Phuta-Bhog.,Construction of new embankment on left bank of Sessa river from Sessa PWD bridge to PWD Road at Phuta-Bhog.,Works,Open Tender,Works,Civil Works,No,No,NA ,06-Dec-2025 06:55 PM,NA ,180.0,No ,No,Online,26-Dec-2025 03:00 PM,Department of Water Resources||Chief Engineer - DoWR,N LAKHIMPUR,787001.0,2.0,"4,85,14,035",Pradip Kumar Agarwalla,"48,512,415.96",Accepted-AOC,07-Apr-2026,Department of Water Resources||Chief Engineer - DoWR
2026_BoTC_50140_1,TECH-28/SE(RB)/2019-20/03,Recovery and Reconstruction of Jaoliabari LP school to Amtola Balapara LP school Road under NDRF (PDNA-2022) for the year 2025-26 (CD work with approach). TN-385-6.,Recovery and Reconstruction of Jaoliabari LP school to Amtola Balapara LP school Road under NDRF (PDNA-2022) for the year 2025-26 (CD work with approach). TN-385-6.,Works,Open Tender,Works,Civil Works – Roads,No,No,NA ,09-Jan-2026 06:00 PM,NA ,180.0,No ,No,Online,30-Jan-2026 02:00 PM,Bodoland Territorial Council||PWD-BTC,Chirang,783385.0,2.0,"34,99,560",MANAJIT BASUMATARY,"3,499,000",Rejected-Finance,28-Apr-2026,Bodoland Territorial Council||PWD-BTC
2026_BTC_50104_1,No.ACE-25/PWD/BTC/2025-26/58,"Construction of road from a. Jaginath Mandir Saudarvitha to Danguapara Village Via- Panialguri L.P. School, b. Sarugati Tiniali to Khayerbari Loknath Sharma House, c. Manas PWD Road to Prahallad Nath House at Uzan Bahbari under SOPD-G. TN_96_SOPD_02","Construction of road from a. Jaginath Mandir Saudarvitha to Danguapara Village Via- Panialguri L.P. School, b. Sarugati Tiniali to Khayerbari Loknath Sharma House, c. Manas PWD Road to Prahallad Nath House at Uzan Bahbari under SOPD-G. TN_96_SOPD_02",Works,Open Tender,Item Rate,Civil Works – Roads,No,No,NA ,09-Jan-2026 10:30 AM,NA ,180.0,No ,No,Online,30-Jan-2026 02:00 PM,Bodoland Territorial Council-PWD||Director Cum CHD - PWD BTC,Kokrajhar,783370.0,2.0,"3,62,46,850",SOFIQUL ISLAM,"36,236,835",Rejected-AOC,24-Apr-2026,Bodoland Territorial Council-PWD||Director Cum CHD - PWD BTC
2025_PWD_48324_1,CE/DEV/TB/60/2025-26/50 Dtd- 22.10.2025,"MMPPNA_RIDF_XXXI_25_26_475 Improvement of (i) LK road to Badshahi F.V. PMGSY road to south Sagolmora, (ii) Lowairpoa-Kanmun road to South Kalacherra Mosque, (iii) Lowairpoa-Kanmun road to Bazaricherra and Madhabpur (Part-I, II and III) under Mukhya M","MMPPNA_RIDF_XXXI_25_26_475 Improvement of (i) LK road to Badshahi F.V. PMGSY road to south Sagolmora, (ii) Lowairpoa-Kanmun road to South Kalacherra Mosque, (iii) Lowairpoa-Kanmun road to Bazaricherra and Madhabpur (Part-I, II and III) under Mukhya M",Works,Open Tender,Item Rate,Civil Works – Roads,No,No,NA ,31-Oct-2025 02:00 PM,01-Nov-2025 12:00 PM ,180.0,No ,No,Online,10-Nov-2025 02:30 PM,Public Works Roads Department,Patharkandi,788724.0,2.0,"4,54,39,000",Suman Dhar,"45,438,900",Accepted-AOC,22-Apr-2026,Public Works Roads Department
2026_PWD_50858_1,TB/CS/PDNA/2025-26/233/1751,Recovery and Reconstruction of flood damaged to SH-18 (Kampur-Singimari-Baithalangso Segment) (28th to 35th Km) under NDRF (PDNA - 2022) for the year 2025-26.,Recovery and Reconstruction of flood damaged to SH-18 (Kampur-Singimari-Baithalangso Segment) (28th to 35th Km) under NDRF (PDNA - 2022) for the year 2025-26.,Works,Open Tender,Item Rate,Civil Works – Roads,No,No,NA ,06-Feb-2026 10:00 AM,NA ,180.0,No ,No,Online,16-Feb-2026 03:00 PM,Public Works Roads Department,Nagaon,782001.0,2.0,"29,54,000",ZINNER HUSSAIN,"2,953,794",Rejected-Finance,02-Apr-2026,Public Works Roads Department
2025_DoWR_49611_1,UDALGURI/2025-26/PDNA/SUPPLY/I,Restoration of embankment on L/B of Golondi river at Bekigaon area (Items of Supply). Package 2,Restoration of embankment on L/B of Golondi river at Bekigaon area (Items of Supply). Package 2,Goods,Open Tender,Supply,Supply of Materials,No,No,NA ,23-Dec-2025 06:55 PM,NA ,180.0,No ,No,Online,08-Jan-2026 03:00 PM,Department of Water Resources||Chief Engineer - DoWR,Udalguri,784509.0,2.0,"49,41,241",PRAKASH PRINTING MILLS,"4,941,082.19",Rejected-AOC,02-Apr-2026,Department of Water Resources||Chief Engineer - DoWR
2025_DoWR_49654_1,SOUTH SALMARA/2025-26/PDNA/SUPPLY/I,Restoration of Indo-Bangla Border Link Road from end point of Ongoing Geo-Tube works for a length of 1.00 km. (Procurement of Geo-Tube).,Restoration of Indo-Bangla Border Link Road from end point of Ongoing Geo-Tube works for a length of 1.00 km. (Procurement of Geo-Tube).,Goods,Open Tender,Supply,Supply of Materials,No,No,NA ,26-Dec-2025 09:00 AM,NA ,180.0,No ,No,Online,07-Jan-2026 03:00 PM,Department of Water Resources||Chief Engineer - DoWR,SOUTH SALMARA,783127.0,2.0,"42,52,342",SMILE NONWOVENS PVT. LTD.,"4,247,000",Accepted-AOC,02-Apr-2026,Department of Water Resources||Chief Engineer - DoWR
2025_PWD_48556_26,ARRBP/BR/01/2024/E696387/41,Nagaon/20 i) Br. No. 1/1 on Gauranga-ati to Hatigarh Balijuri,CE/EAP/ARRBP/OCB/Bridge1/ Nagaon/20 Construction of Bridge in Nagaon district i) Br. No. 1/1 on Gauranga-ati to Hatigarh Balijuri Connecting road leading to karbi Anglong,Works,Open Tender,Item Rate,Civil Works - Bridges,No,No,NA ,14-Nov-2025 09:00 AM,21-Nov-2025 11:00 AM ,90.0,No ,No,Online,28-Nov-2025 02:30 PM,Public Works Roads Department,Nagaon District,782001.0,2.0,"3,77,11,000",Bani Kanta Gogoi,"39,408,000",Accepted-AOC,10-Apr-2026,Public Works Roads Department
2025_FD_43517_1,AF(S)174/RIDF/2023-24/8442-45 Dated 13/03/2025,Renovation of Upahupar Fish Seed Farm Darrang District,17 Nos of Fish Farm Projects in 11 districts of Assam under RIDF XXIX Renovation of Upahupar Fish Seed Farm Darrang District,Works,Open Tender,Works,Civil Works,No,No,NA ,17-Mar-2025 05:00 PM,NA ,180.0,No ,No,Online,08-Apr-2025 01:00 PM,Department of Fisheries||Directorate of Fisheries Assam,Darrang,781016.0,2.0,"51,49,000",Jayanta Das,"3,977,362.25",Rejected-AOC,25-Feb-2026,Department of Fisheries||Directorate of Fisheries Assam
2025_BTC_49243_1,No.ACE-22/PWD/NIT/GOODWILL,"Construction of Manas road from Dadra Bazar to Gambari Bazar under Patabari VCDC from Ch.0.00 Km to Ch.1.05 Km (Length-1.05 Km) of Chirang District, BTC, Assam under CMs Goodwill Mission Project under RIDF-XXXI of NABARD for the year 2025-26. TN_71_C","Construction of Manas road from Dadra Bazar to Gambari Bazar under Patabari VCDC from Ch.0.00 Km to Ch.1.05 Km (Length-1.05 Km) of Chirang District, BTC, Assam under CMs Goodwill Mission Project under RIDF-XXXI of NABARD for the year 2025-26. TN_71_C",Works,Open Tender,Item Rate,Civil Works – Roads,No,No,NA ,12-Dec-2025 10:00 AM,NA ,180.0,No ,No,Online,03-Jan-2026 02:00 PM,Bodoland Territorial Council-PWD||Director Cum CHD - PWD BTC,Chirang,783393.0,2.0,"99,99,369",ANANDA CHANDRA DAS,"9,998,900",Accepted-AOC,23-Apr-2026,Bodoland Territorial Council-PWD||Director Cum CHD - PWD BTC
2025_PWD_46191_34,CE/DEV/TB/122/2025-26/1 Dtd- 01.08.2025,"BTR_RIDF_XXXI_25_26_05 Construction of road from (i) SH10 to Bhogpur Jakhekona LP school via Danswrang Laimwn Sangha ,(ii) NH127E to Kharuajan GO reserve via Nehru milan high school under RIDF-XXXI of NABARD for the year 2025-26.","BTR_RIDF_XXXI_25_26_05 Construction of road from (i) SH10 to Bhogpur Jakhekona LP school via Danswrang Laimwn Sangha ,(ii) NH127E to Kharuajan GO reserve via Nehru milan high school under RIDF-XXXI of NABARD for the year 2025-26.",Works,Open Tender,Item Rate,Civil Works – Roads,No,No,NA ,06-Aug-2025 06:00 PM,11-Aug-2025 12:00 PM ,180.0,No ,No,Online,18-Aug-2025 02:30 PM,Public Works Roads Department,Baksa,781372.0,2.0,"2,01,74,000",PURNANANDA BHATTACHARJYA,"20,167,718",Rejected-Finance,23-Apr-2026,Public Works Roads Department
2025_PWD_48319_1,T/CC/ETN/SIL/2025-26/629(T),"Construction of Br. No.7/2 (L 11.35 M) at Pailapool to Bandu (Airport) road under SOPD-G for the year 2025-26 under Lakhipur Civil Sub Division Territorial Road Division, Lakhipur LAC.","Construction of Br. No.7/2 (L 11.35 M) at Pailapool to Bandu (Airport) road under SOPD-G for the year 2025-26 under Lakhipur Civil Sub Division Territorial Road Division, Lakhipur LAC.P/No.SE/LAK/SOPD-G/25-26/1",Works,Open Tender,Item Rate,Civil Works,No,No,NA ,01-Nov-2025 09:00 AM,10-Nov-2025 02:00 PM ,180.0,No ,No,Online,18-Nov-2025 03:10 PM,Public Works Roads Department,Cachar District.,788098.0,2.0,"54,85,727",M/S S.K. Enterprise,"5,485,727",Rejected-AOC,21-Apr-2026,Public Works Roads Department
2025_PWD_48770_1,TB/282/DNTRD/2025-26,"Construction of road from Jengrai Singimari to Bamoyah Chuk, from (Ch. 0.00m to Ch. 2000.00 m, Part-I )under under SOPG(G) for the year 2025-26.","Construction of road from Jengrai Singimari to Bamoyah Chuk, from (Ch. 0.00m to Ch. 2000.00 m, Part-I )under under SOPG(G) for the year 2025-26.",Works,Open Tender,Works,Civil Works – Roads,No,No,NA ,21-Nov-2025 10:00 AM,22-Nov-2025 02:00 PM ,90.0,No ,No,Online,06-Dec-2025 04:00 PM,Public Works Roads Department,Dhakuakhana,787053.0,2.0,"27,00,000",Manoranjan Taid,"2,700,000",Rejected-AOC,20-Jan-2026,Public Works Roads Department
2025_PWD_45820_76,CE/STBR/SOPD-G/NIT/07/2025 26/1 Dated 26-06-2025,STBR/SOPD-G/Raha -01/19 Construction of Road from (i) Chaparmukh Railway Station to Dhalijan (ii) Amonisali to Kaibarta Gaon under Mukhya Mantri Paki Path Nirman Aachani(MMPPNA) underSOPD(G) for the year 2025-26,STBR/SOPD-G/Raha -01/19 Construction of Road from (i) Chaparmukh Railway Station to Dhalijan (ii) Amonisali to Kaibarta Gaon under Mukhya Mantri Paki Path Nirman Aachani(MMPPNA) underSOPD(G) for the year 2025-26,Works,Open Tender,Item Rate,Civil Works – Roads,No,No,NA ,30-Jul-2025 06:00 PM,31-Jul-2025 11:00 AM ,180.0,No ,No,Online,11-Aug-2025 11:00 AM,Public Works Roads Department,Raha,782103.0,2.0,"23,48,000",Himashish Kashyap,"2,347,900",Rejected-AOC,06-Apr-2026,Public Works Roads Department
2025_BTC_49248_12,ACE-22/PWD/NIT/GOODWILL/25-26,Construction of CC Block road from Barhang club play ground to Uttar Gejerkuchi Kali Mandir under CMs Goodwill Mission Project (RIDF-XXXI) for the year 2025-26 in BTC area. (Package No. TN_68_UDL_RIDF-XXXI_12),Construction of CC Block road from Barhang club play ground to Uttar Gejerkuchi Kali Mandir under CMs Goodwill Mission Project (RIDF-XXXI) for the year 2025-26 in BTC area.,Works,Open Tender,Item Rate,Civil Works – Roads,No,No,NA ,12-Dec-2025 10:00 AM,26-Dec-2025 12:00 PM ,180.0,No ,No,Online,03-Jan-2026 11:00 AM,Bodoland Territorial Council-PWD||Director Cum CHD - PWD BTC,Udalguri,784509.0,2.0,"99,99,907",BHABA DEV MAHANTA,"9,998,364",Rejected-AOC,23-Apr-2026,Bodoland Territorial Council-PWD||Director Cum CHD - PWD BTC
2025_BTC_49248_13,ACE-22/PWD/NIT/GOODWILL/25-26,Construction of CC Block road from Nonaipara High School to Dhupguri village via Hemanta Deka house under CMs Goodwill Project (RIDF-XXXI) for the year 2025-26 in BTC area. (Package No. TN_68_UDL_RIDF-XXXI_13),Construction of CC Block road from Nonaipara High School to Dhupguri village via Hemanta Deka house under CMs Goodwill Project (RIDF-XXXI) for the year 2025-26 in BTC area.,Works,Open Tender,Item Rate,Civil Works – Roads,No,No,NA ,12-Dec-2025 10:00 AM,26-Dec-2025 12:00 PM ,180.0,No ,No,Online,03-Jan-2026 11:00 AM,Bodoland Territorial Council-PWD||Director Cum CHD - PWD BTC,Udalguri,784509.0,2.0,"1,00,00,000",HARESWAR BORO,"10,000,000",Accepted-AOC,02-Apr-2026,Bodoland Territorial Council-PWD||Director Cum CHD - PWD BTC
2025_PWD_45820_77,CE/STBR/SOPD-G/NIT/07/2025 26/1 Dated 26-06-2025,STBR/SOPD-G/Raha -02/20 Construction of Road from (i) Kohiguri Gandhibori Road to Katahguri Road (ii) Dimow Raidingia Road to Chamuagaon LP School under Mukhya Mantrir Pakipath Nirman Aachani (MMPPNA) under SOPD-G for the year 2025-26 in Nagaon,STBR/SOPD-G/Raha -02/20 Construction of Road from (i) Kohiguri Gandhibori Road to Katahguri Road (ii) Dimow Raidingia Road to Chamuagaon LP School under Mukhya Mantrir Pakipath Nirman Aachani (MMPPNA) under SOPD-G for the year 2025-26 in Nagaon,Works,Open Tender,Item Rate,Civil Works – Roads,No,No,NA ,30-Jul-2025 06:00 PM,31-Jul-2025 11:00 AM ,180.0,No ,No,Online,11-Aug-2025 11:00 AM,Public Works Roads Department,Raha,782103.0,2.0,"54,05,000",Himashish Kashyap,"5,404,900",Rejected-AOC,06-Apr-2026,Public Works Roads Department
2025_PWD_46191_35,CE/DEV/TB/122/2025-26/1 Dtd- 01.08.2025,BTR_RIDF_XXXI_25_26_06 Construction of road from Kaljar Kharua Bennabari to Naktiparapam under RIDF-XXXI of NABARD for the year 2025-26.,BTR_RIDF_XXXI_25_26_06 Construction of road from Kaljar Kharua Bennabari to Naktiparapam under RIDF-XXXI of NABARD for the year 2025-26.,Works,Open Tender,Item Rate,Civil Works – Roads,No,No,NA ,06-Aug-2025 06:15 PM,11-Aug-2025 12:00 PM ,180.0,No ,No,Online,18-Aug-2025 02:30 PM,Public Works Roads Department,Baksa,781372.0,2.0,"1,36,01,000",PURNANANDA BHATTACHARJYA,"13,594,861",Rejected-Finance,23-Apr-2026,Public Works Roads Department
2026_DoWR_50060_1,KAMRUP RURAL/2025-26/PDNA/WORK/I,Restoration of damaged embankment of Damaged of B/Dyke on R/B embankment of river Brahmaputra in between Ch.0.00km to 6.80km.,Restoration of damaged embankment of Damaged of B/Dyke on R/B embankment of river Brahmaputra in between Ch.0.00km to 6.80km.,Works,Open Tender,Works,Civil Works,No,No,NA ,08-Jan-2026 09:00 AM,NA ,180.0,No ,No,Online,19-Jan-2026 03:00 PM,Department of Water Resources||Chief Engineer - DoWR,KAMRUP RURAL,781009.0,2.0,"96,40,551",DILNUR ALI,"9,639,159.15",Accepted-AOC,06-Apr-2026,Department of Water Resources||Chief Engineer - DoWR
2025_PWD_48754_1,TB/282/DNTRD/2025-26,Construction of road from Naharani to Panchayat Office under SOPD (G) for the year 2025-26.,Construction of road from Naharani to Panchayat Office under SOPD (G) for the year 2025-26,Works,Open Tender,Works,Civil Works – Roads,No,No,NA ,21-Nov-2025 10:00 AM,22-Nov-2025 02:00 PM ,90.0,No ,No,Online,06-Dec-2025 04:00 PM,Public Works Roads Department,Dhakuakhana,787053.0,2.0,"14,00,000",RAJMONI CHETIA,"1,400,000",Rejected-AOC,13-Jan-2026,Public Works Roads Department
2026_PWD_50058_6,PRTRD/RKN/PDNA/ET/2026/1302,PRTRD_PDNA_ET_25_26_06 Recovery and reconstruction of road from Patharkandi-Mukamilla road to Paschim Defolala in Patharkandi LAC under NDRF (PDNA-2022) for the year 2025-26.,PRTRD_PDNA_ET_25_26_06 Recovery and reconstruction of road from Patharkandi-Mukamilla road to Paschim Defolala in Patharkandi LAC under NDRF (PDNA-2022) for the year 2025-26.,Works,Open Tender,Item Rate,Civil Works,No,No,NA ,09-Jan-2026 02:00 PM,12-Jan-2026 12:00 PM ,180.0,No ,No,Online,28-Jan-2026 11:00 AM,Public Works Roads Department,RK Nagar,788166.0,2.0,"24,49,882",BIHUL UPADHYAY,"2,449,280",Accepted-AOC,10-Apr-2026,Public Works Roads Department
2025_PWD_46685_25,CE/DEV/TB/60/2025-26/13 Dtd- 31.07.2025,"MMPPNA_RIDF_XXXI_25_26_366 Construction of Road from (1)N.H-37 to Thokwom Langso via Harmoti Killing,(2) Deopani Rongagora Road to Rongmongwe Adarsha Vidyalay (from Ch. 0.00 m to Ch. 1000.00 m) (Length-1.00 KM),(3)Thengkur Rongphar to Mandu bey vil","MMPPNA_RIDF_XXXI_25_26_366 Construction of Road from (1)N.H-37 to Thokwom Langso via Harmoti Killing,(2) Deopani Rongagora Road to Rongmongwe Adarsha Vidyalay (from Ch. 0.00 m to Ch. 1000.00 m) (Length-1.00 KM),(3)Thengkur Rongphar to Mandu bey vil",Works,Open Tender,Item Rate,Civil Works – Roads,No,No,NA ,21-Aug-2025 09:00 AM,21-Aug-2025 12:00 PM ,180.0,No ,No,Online,09-Sep-2025 02:30 PM,Public Works Roads Department,Karbi Anglong,782410.0,2.0,"3,31,15,000",Binit Saha,"33,114,000",Accepted-AOC,06-Apr-2026,Public Works Roads Department
2026_DoWR_50361_1,NORTH LAKHIMPUR/2025-26/ PDNA/WORK/I,Restoration of flood damage for PDNA 2022 from Bagicha to Madhupur and its adjoining area on right bank of river Dikrong.,Restoration of flood damage for PDNA 2022 from Bagicha to Madhupur and its adjoining area on right bank of river Dikrong.,Works,Open Tender,Works,Civil Works,No,No,NA ,20-Jan-2026 09:00 AM,NA ,180.0,No ,No,Online,30-Jan-2026 03:00 PM,Department of Water Resources||Chief Engineer - DoWR,North Lakhimpur,787001.0,2.0,"1,85,16,515",Yugant Infrastructure Private Limited,"18,510,727.31",Rejected-AOC,07-Apr-2026,Department of Water Resources||Chief Engineer - DoWR
2026_PWD_50704_16,GLP/EE(GE_J)/PDNA/2025-26/1969 Dated 30/01/2026,GLP/EE(GE_J)/NDRF(PDNA 2022)/2025 26/16 Recovery and Reconstruction of Ambari Kodatika to Konachipara Road (In stretches) under NDRF (PDNA-2022) for the year 2025-26 of Goalpara District (12-Jaleswar LAC),GLP/EE(GE_J)/NDRF(PDNA 2022)/2025 26/16 Recovery and Reconstruction of Ambari Kodatika to Konachipara Road (In stretches) under NDRF (PDNA-2022) for the year 2025-26 of Goalpara District (12-Jaleswar LAC),Works,Open Tender,Item Rate,Civil Works – Roads,No,No,NA ,03-Feb-2026 11:00 AM,05-Feb-2026 10:00 AM ,180.0,No ,No,Online,19-Feb-2026 04:00 PM,Public Works Roads Department,Goalpara,783101.0,2.0,"11,50,000",AMIN ELIUS,"891,258",Accepted-AOC,10-Apr-2026,Public Works Roads Department
2025_PWRDW_42315_5,CEEAPARRBP111TENDERS2024Pt-I38,Construction of Bridge in Karbi-Anglong district i) Br. No. 1/4 on Rajpathar Engleng gaon to Rajpur,CE/EAP/ARRBP/OCB/Bridge-1/Karbi-Anglong/15D Construction of Bridge in Karbi-Anglong district i) Br. No. 1/4 on Rajpathar Engleng gaon to Rajpur,Works,Open Tender,Item Rate,Civil Works - Bridges,No,No,NA ,24-Jan-2025 12:00 PM,29-Jan-2025 11:00 AM ,180.0,No ,No,Online,24-Feb-2025 02:30 PM,Public Works Roads Department-Externally Aided Project||Public Works Road Department- World Bank Funded Tenders||Assam State Bridge Infrastructure Program,Karbi-Anglong,782462.0,2.0,"2,18,50,000",JOHN MILLIK,"20,735,650",Rejected-Technical,24-Apr-2026,Public Works Roads Department-Externally Aided Project||Public Works Road Department- World Bank Funded Tenders||Assam State Bridge Infrastructure Program
2025_PWD_48769_1,MDSTRD_SPJ_SOPD-G_25_26_6,MDSTRD_SPJ_SOPD-G_25_26_6,Construction of SPT Br No 1/2 on Taragaon Bagachala Road under SOPD-G for the year 2025-26 under PWRD Mangaldai Dalgaon Sipajhar Territorial Road Division Sipajhar LAC,Works,Open Tender,Item Rate,Civil Works - Bridges,No,Yes,NA ,21-Nov-2025 01:00 PM,,180.0,No ,No,Online,11-Dec-2025 01:00 PM,Public Works Roads Department,Sipajhar,784145.0,2.0,"23,50,000",UTPAL KUMAR SAHARIA,"2,348,865",Rejected-AOC,20-Apr-2026,Public Works Roads Department
2025_BoTC_49510_1,TECH-28/SE(RB)/2019-20/2,"Construction of CC Block road from Manas PWD road to Iman Ali house at Raghabil village, Salbari under CMs Goodwill Mission Project (RIDF XXXI) in Baksa District for the year 2025-26. TN_384_5.","Construction of CC Block road from Manas PWD road to Iman Ali house at Raghabil village, Salbari under CMs Goodwill Mission Project (RIDF XXXI) in Baksa District for the year 2025-26. TN_384_5.",Works,Open Tender,Works,Civil Works – Roads,No,No,NA ,20-Dec-2025 02:00 PM,NA ,180.0,No ,No,Online,12-Jan-2026 02:00 PM,Bodoland Territorial Council||PWD-BTC,Baksa,781346.0,2.0,"99,99,879",SAMRAT BRAHMA,"9,998,100",Rejected-Finance,28-Apr-2026,Bodoland Territorial Council||PWD-BTC
2026_WPTBC_51570_1,SCDCTECHDARRANG,Construction of Development Works at Bihu Bhanga Shiv Mandir at Darrang,Construction of Development Works at Bihu Bhanga Shiv Mandir at Darrang,Works,Open Tender,Item Rate,Civil Works,No,No,NA ,26-Feb-2026 06:00 PM,NA ,180.0,No ,No,Online,02-Mar-2026 03:00 PM,Welfare of Plain Tribes and Backward Classes||Directorate of Welfare of Scheduled Caste||Assam State Development Corporation for SC,"Dispur,Ghy",781006.0,2.0,"30,00,000",Sri Babul Kumar Das,"3,000,000",Rejected-AOC,10-Apr-2026,Welfare of Plain Tribes and Backward Classes||Directorate of Welfare of Scheduled Caste||Assam State Development Corporation for SC
2026_DoWR_50365_1,NORTH LAKHIMPUR/2025-26/PDNA/WORK/V,"Restoration of flood damage for PDNA 2022 at No.2 Dahgharia, Kumolia chapori and its adjoining area on right bank of river Dikrong.","Restoration of flood damage for PDNA 2022 at No.2 Dahgharia, Kumolia chapori and its adjoining area on right bank of river Dikrong.",Works,Open Tender,Works,Civil Works,No,No,NA ,20-Jan-2026 09:05 AM,NA ,180.0,No ,No,Online,30-Jan-2026 03:00 PM,Department of Water Resources||Chief Engineer - DoWR,North Lakhimpur,787001.0,2.0,"1,87,65,976",Nitya Boruah,"18,760,329.64",Accepted-AOC,01-Apr-2026,Department of Water Resources||Chief Engineer - DoWR
2026_PWD_51537_1,CE/Commn/192/2025-26/45,PDNA/DIMAHASAO/10,Recovery and Reconstruction of Civil Hospital Road under NDRF (PDNA-2022) for the year 2025-26,Works,Open Tender,Works,Civil Works – Roads,No,No,NA ,26-Feb-2026 02:00 PM,27-Feb-2026 04:00 PM ,180.0,No ,No,Online,05-Mar-2026 02:30 PM,Public Works Roads Department||CE PWD(R) - PWD||Traffic Engineering Cell - PWD,Dima Hasao,788819.0,2.0,"35,00,000",Sri Laltuorpui Hmar,"3,500,000",Accepted-AOC,13-Apr-2026,Public Works Roads Department||CE PWD(R) - PWD||Traffic Engineering Cell - PWD
2026_DoWR_50064_1,KAMRUP RURAL/2025-26/PDNA/WORK/V,Restoration of Damaged L/B Embankment of River Nonna in between chainage 5th km to 7th km at Tokankata Area.,Restoration of Damaged L/B Embankment of River Nonna in between chainage 5th km to 7th km at Tokankata Area.,Works,Open Tender,Works,Civil Works,No,No,NA ,08-Jan-2026 09:00 AM,NA ,180.0,No ,No,Online,19-Jan-2026 03:00 PM,Department of Water Resources||Chief Engineer - DoWR,KAMRUP RURAL,781009.0,2.0,"77,22,047",DILNUR ALI,"7,721,436.52",Accepted-AOC,06-Apr-2026,Department of Water Resources||Chief Engineer - DoWR
2026_BTC_51218_1,No.ACE-133/PWD/G.79/2025-26/69,Repair and Renovation of Chapaguri Koklabari H.S. School at Koklabari under SOPD Bodoland Welfare Department 2025-26. TN_111_10,Repair and Renovation of Chapaguri Koklabari H.S. School at Koklabari under SOPD Bodoland Welfare Department 2025-26. TN_111_10,Works,Open Tender,Item Rate,Civil Works - Building,No,No,NA ,16-Feb-2026 12:00 PM,NA ,180.0,No ,No,Online,05-Mar-2026 11:00 AM,Bodoland Territorial Council-PWD||Director Cum CHD - PWD BTC,Baksa,781327.0,2.0,"49,99,701",RAJESH BASUMATARY,"4,998,228.16",Rejected-AOC,24-Apr-2026,Bodoland Territorial Council-PWD||Director Cum CHD - PWD BTC
2025_PWD_48125_1,CE/DEV/TB/235/2024-25/34 Dtd- 15.10.2025,SOPD_G_25_26_41 Construction of Road Cum Embankment on Left Bank of Dikrong River (NH-15 at Bahanibari to Sissapathar Bridge Approach) (Part 1 from Ch. 0.00m to 9110.00m) under SOPD-G for the year 2025-26,SOPD_G_25_26_41 Construction of Road Cum Embankment on Left Bank of Dikrong River (NH-15 at Bahanibari to Sissapathar Bridge Approach) (Part 1 from Ch. 0.00m to 9110.00m) under SOPD-G for the year 2025-26,Works,Open Tender,Item Rate,Civil Works – Roads,No,No,NA ,17-Oct-2025 02:00 PM,24-Oct-2025 02:30 PM ,180.0,No ,No,Online,17-Nov-2025 02:30 PM,Public Works Roads Department,Lakhimpur,787031.0,2.0,"15,32,02,000",Rajib Sahu,"153,202,000",Rejected-Finance,06-Apr-2026,Public Works Roads Department
2025_PWD_47085_27,CE/DEV/TB/60/2025-26/15 Dtd- 06.08.2025,"MMPPNA_RIDF_XXXI_25_26_425 Improvement of road (1) Pukhuripara to Sisapeeth, (2) Shola PWD Road to Fuleswar Kaibarta house at Darisatra Tangabari village via Radha Kaibarta house, (3) Narenga to Tarabari, (4) Trilochan M.E School to Baralimara P.W.D.","MMPPNA_RIDF_XXXI_25_26_425 Improvement of road (1) Pukhuripara to Sisapeeth, (2) Shola PWD Road to Fuleswar Kaibarta house at Darisatra Tangabari village via Radha Kaibarta house, (3) Narenga to Tarabari, (4) Trilochan M.E School to Baralimara P.W.D.",Works,Open Tender,Item Rate,Civil Works – Roads,No,No,NA ,30-Aug-2025 02:00 PM,04-Sep-2025 12:00 PM ,180.0,No ,No,Online,19-Sep-2025 02:30 PM,Public Works Roads Department,Boko-Chaygaon,781123.0,2.0,"5,00,90,000",Sri Binay Kalita,"50,090,000",Rejected-Finance,29-Apr-2026,Public Works Roads Department
2026_PWD_50800_1,PRTRD/RKN/PDNA/ET-68/2026/1489,PRTRD_PDNA_ET_25_26_01 Recovery and Reconstruction of Lowairpoa-Kanmun RCC bridge approach of Bridge No.1/1 in Patharkandi LAC under NDRF (PDNA-2022) for the year 2025-26.,PRTRD_PDNA_ET_25_26_01 Recovery and Reconstruction of Lowairpoa-Kanmun RCC bridge approach of Bridge No.1/1 in Patharkandi LAC under NDRF (PDNA-2022) for the year 2025-26.,Works,Open Tender,Item Rate,Civil Works,No,No,NA ,04-Feb-2026 05:00 PM,06-Feb-2026 02:00 PM ,180.0,No ,No,Online,11-Feb-2026 04:00 PM,Public Works Roads Department,RK Nagar,788166.0,2.0,"55,99,700",PARTHA PRATIM NATH,"5,599,700",Accepted-AOC,06-Apr-2026,Public Works Roads Department
2025_DoWR_49548_1,DIPHU/2025-26/PDNA/SUPPLY/I,Restoration of embankment of Flood of 2022 (Procurement of Supply of Material).,Restoration of embankment of Flood of 2022 (Procurement of Supply of Material).,Goods,Open Tender,Supply,Supply of Materials,No,No,NA ,22-Dec-2025 09:00 AM,NA ,180.0,No ,No,Online,05-Jan-2026 03:00 PM,Department of Water Resources||Chief Engineer - DoWR,DIPHU,782460.0,2.0,"52,09,119",SMILE NONWOVENS PVT. LTD.,"5,203,729.44",Rejected-Technical,02-Apr-2026,Department of Water Resources||Chief Engineer - DoWR
2025_DoWR_49689_1,NAGAON/2025-26/M AND R/III,"M AND R to Construction of embankment along right bank of river Kopilli from Patiyapam to Gar ali(Kahargaon), Kathkatia gaon to Kamar gaon and Dhanbazar to Jamunamukh PWD bridge for the year 2025-26.","M AND R to Construction of embankment along right bank of river Kopilli from Patiyapam to Gar ali(Kahargaon), Kathkatia gaon to Kamar gaon and Dhanbazar to Jamunamukh PWD bridge for the year 2025-26.",Works,Open Tender,Works,Civil Works,No,No,NA ,27-Dec-2025 06:00 PM,NA ,180.0,No ,No,Online,13-Jan-2026 03:00 PM,Department of Water Resources||Chief Engineer - DoWR,Nagaon,782001.0,2.0,"9,97,86,754",D KUMAR AND COMPANY,"99,779,040",Accepted-AOC,23-Apr-2026,Department of Water Resources||Chief Engineer - DoWR
2026_PWRDW_49871_15,CE/EAP/ARRBP/BR/Z4/2025/T01,"Karimganj10/Construction (Widening) of Bridges in Karimganj District i) Br. No. 3/1 on Batoyia Saidpur Road,ii.) Br.No 3/2 on Batoyia Saidpur Road,iii.) Br.No.3/1 on Bataiya Tegoriaah Road","Karimganj10/Construction (Widening) of Bridge in Karimganj District i) Br. No. 3/1 on Batoyia Saidpur Road,ii.) Br.No 3/2 on Batoyia Saidpur Road,iii.) Br.No.3/1 on Bataiya Tegoriaah Road",Works,Open Tender,Item Rate,Civil Works - Bridges,No,No,NA ,03-Jan-2026 09:00 AM,09-Jan-2026 11:00 AM ,90.0,No ,No,Online,16-Jan-2026 02:30 PM,Public Works Roads Department-Externally Aided Project||Public Works Road Department- World Bank Funded Tenders||PWD (R) - ARRBP,Karimganj District,788710.0,2.0,"2,24,28,000",GLOBAL CONSTRUCTION,"21,979,436",Accepted-AOC,24-Apr-2026,Public Works Roads Department-Externally Aided Project||Public Works Road Department- World Bank Funded Tenders||PWD (R) - ARRBP
2025_PWD_46191_25,CE/DEV/TB/122/2025-26/1 Dtd- 01.08.2025,BTR_RIDF_XXXI_25_26_53 Construction of CC Block Road from No. 1 Khomabari to Gelagaon Bogribari village road under RIDF-XXXI of NABARD for the year 2025-26.,BTR_RIDF_XXXI_25_26_53 Construction of CC Block Road from No. 1 Khomabari to Gelagaon Bogribari village road under RIDF-XXXI of NABARD for the year 2025-26.,Works,Open Tender,Item Rate,Civil Works – Roads,No,No,NA ,06-Aug-2025 05:00 PM,11-Aug-2025 12:00 PM ,180.0,No ,No,Online,14-Aug-2025 02:30 PM,Public Works Roads Department,Udalguri,784509.0,2.0,"1,99,00,000",Sri Bhabesh Saharia,"19,891,205",Rejected-Finance,27-Apr-2026,Public Works Roads Department
2025_DoWR_48345_1,KAMRUP METRO/2023-24/NISA/RECAST,Protection of Panikhaiti area at Chandrapur from river Brahmaputra (Recast).,Protection of Panikhaiti area at Chandrapur from river Brahmaputra (Recast).,Works,Open Tender,Works,Civil Works,No,No,NA ,31-Oct-2025 06:55 PM,NA ,180.0,No ,No,Online,14-Nov-2025 03:00 PM,Department of Water Resources||Chief Engineer - DoWR,KAMRUP METRO,781008.0,2.0,"1,83,08,775",S D BAJAJ,"18,207,372.18",Rejected-Technical,28-Apr-2026,Department of Water Resources||Chief Engineer - DoWR
2025_BTC_49248_17,ACE-22/PWD/NIT/GOODWILL/25-26,Construction of ICBP road from Punia Tiniali to Khoirabari L.P. School under CMs Goodwill Mission Project under RIDF-XXXI in Udalguri District for the year 2025-26. (Package No. TN_68_UDL_RIDF-XXXI_17),Construction of ICBP road from Punia Tiniali to Khoirabari L.P. School under CMs Goodwill Mission Project under RIDF-XXXI in Udalguri District for the year 2025-26.,Works,Open Tender,Item Rate,Civil Works – Roads,No,No,NA ,12-Dec-2025 10:00 AM,26-Dec-2025 12:00 PM ,180.0,No ,No,Online,03-Jan-2026 11:00 AM,Bodoland Territorial Council-PWD||Director Cum CHD - PWD BTC,Udalguri,784509.0,2.0,"99,99,672",RANJIT BORO,"9,999,500",Rejected-AOC,22-Apr-2026,Bodoland Territorial Council-PWD||Director Cum CHD - PWD BTC
2026_BTC_50922_1,No.ACE-133/PWD/G.79/2025-26/65,"Renovation and Restoration of Jalaishri High School, Jaleswari in Kokrajhar District. TN_107_14","Renovation and Restoration of Jalaishri High School, Jaleswari in Kokrajhar District. TN_107_14",Works,Open Tender,Item Rate,Civil Works - Building,No,No,NA ,07-Feb-2026 12:00 PM,NA ,180.0,No ,No,Online,21-Feb-2026 02:00 PM,Bodoland Territorial Council-PWD||Director Cum CHD - PWD BTC,Kokrajhar,783370.0,2.0,"58,93,415",MD. AMANUR ALI,"5,893,015.58",Rejected-AOC,17-Apr-2026,Bodoland Territorial Council-PWD||Director Cum CHD - PWD BTC
2026_DoWR_50430_1,MORIGAON/2025-26/PDNA/WORK/I,Restoration of left bank embankment of river Killing from Amlighat to Bihita area damaged during flood of 2022.,Restoration of left bank embankment of river Killing from Amlighat to Bihita area damaged during flood of 2022.,Works,Open Tender,Works,Civil Works,No,No,NA ,21-Jan-2026 09:00 AM,NA ,180.0,No ,No,Online,30-Jan-2026 03:00 PM,Department of Water Resources||Chief Engineer - DoWR,MORIGAON,782105.0,2.0,"4,01,64,843",D KUMAR AND COMPANY,"40,150,014.28",Accepted-AOC,17-Apr-2026,Department of Water Resources||Chief Engineer - DoWR
2025_BTC_49248_16,ACE-22/PWD/NIT/GOODWILL/25-26,Construction of ICBP road from MB road to No.1 Amguri link road via Rabha Chuba under CMs Goodwill Mission Project under RIDF-XXXI in Udalguri District for the year 2025-26. (Package No. TN_68_UDL_RIDF-XXXI_16),Construction of ICBP road from MB road to No.1 Amguri link road via Rabha Chuba under CMs Goodwill Mission Project under RIDF-XXXI in Udalguri District for the year 2025-26.,Works,Open Tender,Item Rate,Civil Works – Roads,No,No,NA ,12-Dec-2025 10:00 AM,26-Dec-2025 12:00 PM ,180.0,No ,No,Online,03-Jan-2026 11:00 AM,Bodoland Territorial Council-PWD||Director Cum CHD - PWD BTC,Udalguri,784509.0,2.0,"1,00,00,000",LANKESWAR RABHA,"10,000,000",Rejected-AOC,02-Apr-2026,Bodoland Territorial Council-PWD||Director Cum CHD - PWD BTC
2025_PWD_46191_24,CE/DEV/TB/122/2025-26/1 Dtd- 01.08.2025,BTR_RIDF_XXXI_25_26_52 Construction of CC Block Road from UT Road to Maidanguri Bathou Mandir via Dwimu Nwgwr Baptist Church under RIDF-XXXI of NABARD for the year 2025-26.,BTR_RIDF_XXXI_25_26_52 Construction of CC Block Road from UT Road to Maidanguri Bathou Mandir via Dwimu Nwgwr Baptist Church under RIDF-XXXI of NABARD for the year 2025-26.,Works,Open Tender,Item Rate,Civil Works – Roads,No,No,NA ,06-Aug-2025 04:00 PM,11-Aug-2025 12:00 PM ,180.0,No ,No,Online,14-Aug-2025 02:30 PM,Public Works Roads Department,Udalguri,784509.0,2.0,"1,29,00,000",Sri Bhabesh Saharia,"12,893,284",Rejected-Finance,27-Apr-2026,Public Works Roads Department
2026_PWBNH_50546_1,Tech-I(H_E)/95/2025/58 Dated Guwahati the 21st January 2026,Construction of 100 Secondary Schools in 35 Districts of Assam under RIDF-XXXI (2025-26) for Azarbari HS School under Morigaon DTBD Package 29,Construction of 100 Secondary Schools in 35 Districts of Assam under RIDF-XXXI (2025-26) for Azarbari HS School under Morigaon DTBD Package 29,Works,Open Tender,Item Rate,Civil Works - Building,No,No,NA ,23-Jan-2026 02:00 PM,28-Jan-2026 11:30 AM ,180.0,No ,No,Online,02-Feb-2026 04:00 PM,Public Works Building and NH Department||Chief Engineer-Building - PWBNH,Morigaon,782105.0,2.0,"4,11,28,125",peeajy Engineers,"44,408,525",Rejected-Technical,20-Apr-2026,Public Works Building and NH Department||Chief Engineer-Building - PWBNH
2026_PWD_50704_13,GLP/EE(GE_J)/PDNA/2025-26/1969 Dated 30/01/2026,GLP/EE(GE_J)/NDRF(PDNA 2022)/2025 26/13 Recovery and Reconstruction of Pub Konkairpar to Poschim Konkairpar under NDRF (PDNA-2022) for the year 2025-26 of Goalpara District (12-Jaleswar LAC),GLP/EE(GE_J)/NDRF(PDNA 2022)/2025 26/13 Recovery and Reconstruction of Pub Konkairpar to Poschim Konkairpar under NDRF (PDNA-2022) for the year 2025-26 of Goalpara District (12-Jaleswar LAC),Works,Open Tender,Item Rate,Civil Works – Roads,No,No,NA ,03-Feb-2026 10:30 AM,05-Feb-2026 10:00 AM ,180.0,No ,No,Online,19-Feb-2026 04:00 PM,Public Works Roads Department,Goalpara,783101.0,2.0,"26,99,994",AMIN ELIUS,"2,092,574",Rejected-Technical,10-Apr-2026,Public Works Roads Department
2025_PWD_46191_4,CE/DEV/TB/122/2025-26/1 Dtd- 01.08.2025,BTR_RIDF_XXXI_25_26_04 Construction of road from (i) Merkuchi devachara road to Polokata road via Nehru Anchalik high school (ii) PMGSY road (Lamdangpara) to bennabari link road under RIDF-XXXI of NABARD for the year 2025-26.,BTR_RIDF_XXXI_25_26_04 Construction of road from (i) Merkuchi devachara road to Polokata road via Nehru Anchalik high school (ii) PMGSY road (Lamdangpara) to bennabari link road under RIDF-XXXI of NABARD for the year 2025-26.,Works,Open Tender,Item Rate,Civil Works – Roads,No,No,NA ,06-Aug-2025 02:00 PM,11-Aug-2025 12:00 PM ,180.0,No ,No,Online,18-Aug-2025 02:30 PM,Public Works Roads Department,Baksa,781315.0,2.0,"1,80,44,000",PURNANANDA BHATTACHARJYA,"18,037,835",Rejected-Finance,23-Apr-2026,Public Works Roads Department
2025_PWD_46685_34,CE/DEV/TB/60/2025-26/13 Dtd- 31.07.2025,MMPPNA_RIDF_XXXI_25_26_376 Construction of Road from NH-29 to Phuloni HS School via Longki Hanse gaon under Mukhya Mantrir Pakipath Nirman Achani (MMPPNA) under RIDF - XXXI of NABARD for the Year 2025-26,MMPPNA_RIDF_XXXI_25_26_376 Construction of Road from NH-29 to Phuloni HS School via Longki Hanse gaon under Mukhya Mantrir Pakipath Nirman Achani (MMPPNA) under RIDF - XXXI of NABARD for the Year 2025-26,Works,Open Tender,Item Rate,Civil Works – Roads,No,No,NA ,21-Aug-2025 02:00 PM,21-Aug-2025 03:00 PM ,180.0,No ,No,Online,09-Sep-2025 02:30 PM,Public Works Roads Department,Karbi Anglong,782410.0,2.0,"1,02,50,000",BIBEKANANDA DAS,"10,249,722",Accepted-AOC,23-Apr-2026,Public Works Roads Department
2025_PWD_45408_3,CE/DEV/TB/60/2025-26/01 Dtd- 21.06.2025,"MMPPNA_RIDF_XXXI_25_26_45 Construction of (i) Harabari-Konwar gaon Road (ii) Road in Laluka Gaon drain path including Hunkan pukhuri, Puhari khonia L.P. School path under Mukhya Mantrir Paki Path Nirman Achani (MMPPNA) under RIDF-XXXI of NABARD for t","MMPPNA_RIDF_XXXI_25_26_45 Construction of (i) Harabari-Konwar gaon Road (ii) Road in Laluka Gaon drain path including Hunkan pukhuri, Puhari khonia L.P. School path under Mukhya Mantrir Paki Path Nirman Achani (MMPPNA) under RIDF-XXXI of NABARD for t",Works,Open Tender,Item Rate,Civil Works – Roads,No,No,NA ,07-Jul-2025 04:00 PM,17-Jul-2025 12:00 PM ,180.0,No ,No,Online,28-Jul-2025 02:30 PM,Public Works Roads Department,Dibrugarh,786001.0,2.0,"4,14,23,000",Anuj Saikia,"41,420,000",Accepted-AOC,23-Apr-2026,Public Works Roads Department
2025_PWD_47085_26,CE/DEV/TB/60/2025-26/15 Dtd- 06.08.2025,"MMPPNA_RIDF_XXXI_25_26_424 Improvement of road (1) Mouman Tangabari Road from Ch. 0.00 m to 1500.00 m, (2) Boko Chamaria Road to Raipara via Medhipara with wooden Bridge at Raipara and (3) Makeli Muslimpara PWD Road to Alekjari river bank via Muslimp","MMPPNA_RIDF_XXXI_25_26_424 Improvement of road (1) Mouman Tangabari Road from Ch. 0.00 m to 1500.00 m, (2) Boko Chamaria Road to Raipara via Medhipara with wooden Bridge at Raipara and (3) Makeli Muslimpara PWD Road to Alekjari river bank via Muslimp",Works,Open Tender,Item Rate,Civil Works – Roads,No,No,NA ,30-Aug-2025 02:00 PM,04-Sep-2025 12:00 PM ,180.0,No ,No,Online,19-Sep-2025 02:30 PM,Public Works Roads Department,Boko-Chaygaon,781123.0,2.0,"3,17,66,000",HIRANYA PATHAK,"31,765,000",Accepted-AOC,30-Apr-2026,Public Works Roads Department
2026_PWD_51470_5,T/CC/ETN/SIL/2025-26/1240(T),Recovery and Reconstruction of Baliganj Road Ch.0.00 to 300.00m and Ch.900.00 to Ch.1200.00m Avg depth of submergence 60.00 Cm under NDRF (PDNA-2022) for the year 2025-26,Recovery and Reconstruction of Baliganj Road Ch.0.00 to 300.00m and Ch.900.00 to Ch.1200.00m Avg depth of submergence 60.00 Cm under NDRF (PDNA-2022) for the year 2025-26. P/No.SE/UDH/NDRF(PDNA-2022)/25-26/10,Works,Open Tender,Item Rate,Civil Works – Roads,No,No,NA ,24-Feb-2026 09:00 AM,27-Feb-2026 02:00 PM ,180.0,No ,No,Online,02-Mar-2026 03:10 PM,Public Works Roads Department,Cachar District.,788030.0,2.0,"54,99,856",RAUNAQ CONSTRUCTION,"5,498,510",Accepted-AOC,21-Apr-2026,Public Works Roads Department
2024_AP_37571_1,391764/661,PROCUREMENT OF BULLET RESISTANCE JACKETS WITH DYNAMIC WEIGHT DISTRIBUTION SYSTEM and QUICK RELEASE MECHANISM FOR ASSAM POLICE,PROCUREMENT OF BULLET RESISTANCE JACKETS WITH DYNAMIC WEIGHT DISTRIBUTION SYSTEM and QUICK RELEASE MECHANISM FOR ASSAM POLICE,Goods,Single,Item Rate,Miscellaneous Goods,No,No,NA ,12-Jun-2024 05:00 PM,NA ,180.0,No ,No,Online,27-Jun-2024 03:30 PM,Assam Police,"Assam Police headquarters, Ulubari, Guwahati",781007.0,2.0,"4,14,70,000",SMPP Pvt Ltd,"44,382,117",Accepted-AOC,29-Apr-2026,Assam Police
2025_PWD_47085_24,CE/DEV/TB/60/2025-26/15 Dtd- 06.08.2025,MMPPNA_RIDF_XXXI_25_26_474 Improvement of Road starting from PMGSY road at Bhaluki to Salmara west side under Mukhya Mantrir Paki Path Nirman Achani (MMPPNA) under RIDF-XXXI of NABARD for the year 2025-26.,MMPPNA_RIDF_XXXI_25_26_474 Improvement of Road starting from PMGSY road at Bhaluki to Salmara west side under Mukhya Mantrir Paki Path Nirman Achani (MMPPNA) under RIDF-XXXI of NABARD for the year 2025-26.,Works,Open Tender,Item Rate,Civil Works – Roads,No,No,NA ,30-Aug-2025 02:00 PM,04-Sep-2025 12:00 PM ,180.0,No ,No,Online,19-Sep-2025 02:30 PM,Public Works Roads Department,Pakabetbari,781352.0,2.0,"1,02,00,000",M/s Sadia Enterprise,"10,199,409",Rejected-Finance,24-Apr-2026,Public Works Roads Department
2025_PWD_47783_1,1105.0,Construction of Road from Barkhara-Barmura road to Pitambar-Murara road via Kalita suba under SOPD(G) for the year 2025-26,Pkg no. NKTRD(R)/ SOPD(G)/ 2025-26/01,Works,Open Tender,Item Rate,Civil Works – Roads,No,No,NA ,03-Oct-2025 11:00 AM,04-Oct-2025 12:00 PM ,180.0,No ,No,Online,15-Oct-2025 01:00 PM,Public Works Roads Department,Rangia LAC,781382.0,2.0,"17,64,000",Sri Ratul Ch. Das,"1,764,000",Accepted-AOC,13-Mar-2026,Public Works Roads Department
2024_AHVD_41424_1,ALPCO/E/07/2024/24-25,Preparation cultivation and Harvesting of Napier Fodder Units in Departmental Farms of AH and Veterinary Department of Assam,Preparation cultivation andHarvesting of Napier Fodder Units in 17 Departmental Farms of AH and Veterinary Department of Assam,Services,Open Tender,Turn-key,Supply/Erection/Commissioning Services,No,No,NA ,18-Dec-2024 05:30 PM,23-Dec-2024 12:30 PM ,150.0,No ,No,Online,08-Jan-2025 04:30 PM,Animal Husbandry and Veterinary Department||Directorate of A.H. and Veterinary||Assam Livestock and Poultry Corporation Ltd.,17 departemntal farms of AHVD Assam,781022.0,2.0,,NILIMA ENTERPRISE,"4,964,462",Accepted-AOC,12-Dec-2025,Animal Husbandry and Veterinary Department||Directorate of A.H. and Veterinary||Assam Livestock and Poultry Corporation Ltd.
2025_PWD_46685_36,CE/DEV/TB/60/2025-26/13 Dtd- 31.07.2025,MMPPNA_RIDF_XXXI_25_26_378 Construction of Road from Langtereng Tini-ali to Hanboka Tini-ali via Rongkut udharjan under Mukhya Mantrir Pakipath Nirman Achani (MMPPNA) under RIDF - XXXI of NABARD for the Year 2025-26,MMPPNA_RIDF_XXXI_25_26_378 Construction of Road from Langtereng Tini-ali to Hanboka Tini-ali via Rongkut udharjan under Mukhya Mantrir Pakipath Nirman Achani (MMPPNA) under RIDF - XXXI of NABARD for the Year 2025-26,Works,Open Tender,Item Rate,Civil Works – Roads,No,No,NA ,21-Aug-2025 02:00 PM,21-Aug-2025 03:00 PM ,180.0,No ,No,Online,09-Sep-2025 02:30 PM,Public Works Roads Department,Karbi Anglong,782410.0,2.0,"1,71,29,000",SRI GONESH TERON,"17,128,094",Rejected-Finance,01-Apr-2026,Public Works Roads Department
2025_PWD_45408_137,CE/DEV/TB/60/2025-26/01 Dtd- 21.06.2025,"MMPPNA_RIDF_XXXI_25_26_79 Construction of road from (1) Missa Bazar to Bhuyapatty, (2) NH-37 Gatanga to Sinior Secondary School, (3) Babu Club to SA Road via Hospital Line, (4) Amlokie to Simonabosti Road under Mukhya Mantrir Paki Path Nirman Achani","MMPPNA_RIDF_XXXI_25_26_79 Construction of road from (1) Missa Bazar to Bhuyapatty, (2) NH-37 Gatanga to Sinior Secondary School, (3) Babu Club to SA Road via Hospital Line, (4) Amlokie to Simonabosti Road under Mukhya Mantrir Paki Path Nirman Achani",Works,Open Tender,Item Rate,Civil Works – Roads,No,No,NA ,14-Jul-2025 06:00 PM,17-Jul-2025 12:00 PM ,180.0,No ,No,Online,28-Jul-2025 02:30 PM,Public Works Roads Department,Kaliabor,782137.0,2.0,"3,46,70,000",APWRD/R/1A/GEN/2021-22/1313,"34,669,989",Accepted-AOC,22-Apr-2026,Public Works Roads Department
2025_DoWR_49553_1,KAMRUP RURAL/2025-26/PDNA/SUPPLY/I,Supply of materials for the schemes pertaining to Kamrup Rural W.R. Division under PDNA-2022. Package 2,Supply of materials for the schemes pertaining to Kamrup Rural W.R. Division under PDNA-2022. Package 2,Works,Open Tender,Supply,Civil Works,No,No,NA ,22-Dec-2025 09:00 AM,NA ,180.0,No ,No,Online,05-Jan-2026 03:00 PM,Department of Water Resources||Chief Engineer - DoWR,KAMRUP RURAL,781009.0,2.0,"25,28,570",Ashit Roy,"2,528,000",Accepted-AOC,02-Apr-2026,Department of Water Resources||Chief Engineer - DoWR
2025_PWD_46604_58,CE/STBR/SOPD-G/NIT/07/2025 26/8 Dated 29-07-2025,"STBR/SOPD-G/Sipajhar-19/28 Improvement of Garubandha Gomthapara Road and Patidarrang Ardhaneswar Mandir Road (L 10.20 Km) under Mukhya Mantrir Path Nabikaran Achani uner SOPD-G for the year 2025-26, Sipajhar LAC","STBR/SOPD-G/Sipajhar-19/28 Improvement of Garubandha Gomthapara Road and Patidarrang Ardhaneswar Mandir Road (L 10.20 Km) under Mukhya Mantrir Path Nabikaran Achani uner SOPD-G for the year 2025-26, Sipajhar LAC",Works,Open Tender,Item Rate,Civil Works – Roads,No,No,NA ,22-Aug-2025 09:00 AM,23-Aug-2025 11:00 AM ,180.0,No ,No,Online,02-Sep-2025 11:00 AM,Public Works Roads Department,Sipajhar,784145.0,2.0,"3,72,80,000",Rang Private Limited,"37,280,000",Rejected-AOC,06-Apr-2026,Public Works Roads Department
2026_BTC_50203_1,ACE-25/PWD/IFB/BTC/2025-26/62,Improvement and Upgradation of Road from Keshab Nagar to Doomni from Ch. 0.000 km (Keshab Nagar) to Ch. 7 plus 350 Km (Doomni) under Asom Mala 3.0 for the year 2025-26. (Package No. ASOM_MALA_3.0_25_26_60),"Improvement and Upgradation of Road from Keshab Nagar to Doomni from Ch. 0.000 km (Keshab Nagar) to Ch. 7 plus 350 Km (Doomni) under Asom Mala 3.0 for the year 2025-26,",Works,Open Tender,Item Rate,Civil Works,No,No,NA ,13-Jan-2026 10:00 AM,19-Jan-2026 12:00 PM ,180.0,No ,No,Online,28-Jan-2026 03:00 PM,Bodoland Territorial Council-PWD||Director Cum CHD - PWD BTC,Baksa,781372.0,2.0,"41,85,29,000",MR DIPAK SARMA,"418,521,967.85",Rejected-AOC,30-Apr-2026,Bodoland Territorial Council-PWD||Director Cum CHD - PWD BTC
2025_PWD_45820_58,CE/STBR/SOPD-G/NIT/07/2025 26/1 Dated 26-06-2025,"STBR/SOPD-G/Barhampur-07/36 Improvement of Road from (1). Japisojia Road to KA Road (Ch. 0.00 m to 2250.00 m), (2). Solmari to NH-36 (Ch.0.00 m to 1500.00 m) (3) Nonoi Badalgaon to Kumar Gaon via Sariohtoli Baregoyan Mandir under Mukhya Mantrir Path","STBR/SOPD-G/Barhampur-07/36 Improvement of Road from (1). Japisojia Road to KA Road (Ch. 0.00 m to 2250.00 m), (2). Solmari to NH-36 (Ch.0.00 m to 1500.00 m) (3) Nonoi Badalgaon to Kumar Gaon via Sariohtoli Baregoyan Mandir under Mukhya Mantrir Path",Works,Open Tender,Item Rate,Civil Works – Roads,No,No,NA ,28-Jul-2025 03:00 PM,30-Jul-2025 11:00 AM ,180.0,No ,No,Online,11-Aug-2025 11:00 AM,Public Works Roads Department,Barhampur,782102.0,2.0,"87,25,000",Ramawtar Agarwala,"8,723,205",Rejected-AOC,06-Apr-2026,Public Works Roads Department
2025_BTC_49248_14,ACE-22/PWD/NIT/GOODWILL/25-26,Construction of CC Block road from Tangla road to Hahinigaon Namghar under CMs Goodwill Project (RIDF-XXXI) for the year 2025-26 in BTC area. (Package No. TN_68_UDL_RIDF-XXXI_14),Construction of CC Block road from Tangla road to Hahinigaon Namghar under CMs Goodwill Project (RIDF-XXXI) for the year 2025-26 in BTC area.,Works,Open Tender,Item Rate,Civil Works – Roads,No,No,NA ,12-Dec-2025 10:00 AM,26-Dec-2025 12:00 PM ,180.0,No ,No,Online,03-Jan-2026 11:00 AM,Bodoland Territorial Council-PWD||Director Cum CHD - PWD BTC,Udalguri,784509.0,2.0,"1,00,00,000",HARESWAR BORO,"10,000,000",Accepted-AOC,02-Apr-2026,Bodoland Territorial Council-PWD||Director Cum CHD - PWD BTC
2025_PWD_45820_71,CE/STBR/SOPD-G/NIT/07/2025 26/1 Dated 26-06-2025,"STBR/SOPD-G/Rupohihat -02/14 Reconstruction of (i) Road from Furhaniati to Sutirpar, (ii) Road from Arabari to Godaimari, (iii) Road from Juria H.S School to Tinsukia (iv) Borghuli Bazar to Bhokuamari Road under Mukhya Mantrir Paki Path Nirman Achan","STBR/SOPD-G/Rupohihat -02/14 Reconstruction of (i) Road from Furhaniati to Sutirpar, (ii) Road from Arabari to Godaimari, (iii) Road from Juria H.S School to Tinsukia (iv) Borghuli Bazar to Bhokuamari Road under Mukhya Mantrir Paki Path Nirman Achan",Works,Open Tender,Item Rate,Civil Works – Roads,No,No,NA ,30-Jul-2025 03:00 PM,31-Jul-2025 11:00 AM ,180.0,No ,No,Online,11-Aug-2025 11:00 AM,Public Works Roads Department,Rupohihat,782125.0,2.0,"1,61,98,900",M/S B.D. Associates,"16,198,899",Accepted-AOC,04-Apr-2026,Public Works Roads Department
2026_BTC_50000_7,125/ACE/NIT/Infra/BTC/2022-23,"Construction of Class Room at Bezbhagawati High School, Udalguri. (TN_49_1)","Construction of Class Room at Bezbhagawati High School, Udalguri.",Works,Open Tender,Item Rate,Civil Works - Building,No,No,NA ,07-Jan-2026 10:00 AM,NA ,180.0,No ,No,Online,29-Jan-2026 11:00 AM,Bodoland Territorial Council-PWD||Director Cum CHD - PWD BTC,Udalguri,784509.0,2.0,"50,00,000",SRI MINTU BISWAS,"4,998,931.01",Rejected-AOC,22-Apr-2026,Bodoland Territorial Council-PWD||Director Cum CHD - PWD BTC
2025_BoTC_49516_1,TECH-28/SE(RB)/2019-20/2,"Construction of CC Block road from Kader Master house to Ismail house at Bunmaja Gaon, Salbari under CMs Goodwill Mission Project (RIDF XXXI) in Baksa District for the year 2025-26. TN_384_7.","Construction of CC Block road from Kader Master house to Ismail house at Bunmaja Gaon, Salbari under CMs Goodwill Mission Project (RIDF XXXI) in Baksa District for the year 2025-26. TN_384_7.",Works,Open Tender,Works,Civil Works – Roads,No,No,NA ,20-Dec-2025 02:00 PM,NA ,180.0,No ,No,Online,12-Jan-2026 02:00 PM,Bodoland Territorial Council||PWD-BTC,Baksa,781346.0,2.0,"99,99,961",SAMRAT BRAHMA,"9,998,300",Rejected-Finance,28-Apr-2026,Bodoland Territorial Council||PWD-BTC
2025_DoWR_49003_1,SONITPUR/2025-26/SOPD-G/I,Protection of Borachuburi area on the R/Bank of river Brahmaputra.,Protection of Borachuburi area on the R/Bank of river Brahmaputra.,Works,Open Tender,Works,Civil Works,No,No,NA ,02-Dec-2025 06:55 PM,NA ,180.0,No ,No,Online,22-Dec-2025 03:00 PM,Department of Water Resources||Chief Engineer - DoWR,Sonitpur,784001.0,2.0,"8,93,09,034",KHEMSA TRADERS AND DEVELOPERS,"89,282,307.12",Rejected-AOC,13-Apr-2026,Department of Water Resources||Chief Engineer - DoWR
2025_PWRDW_45898_14,CE/EAP/ARRBP/BR/01/2024/16,CE/EAP/Bridge1/Karimganj/16 Br No. 2/2 on Nichintapur to Belala,CE/EAP/ARRBP/OCB/Bridge1/Karimganj/16 Construction of Bridge in Karimganj District (i) Br No. 2/2 on Nichintapur to Belala,Works,Open Tender,Item Rate,Civil Works - Bridges,No,No,NA ,25-Jul-2025 01:00 PM,02-Aug-2025 11:00 AM ,90.0,No ,No,Online,14-Aug-2025 02:30 PM,Public Works Roads Department-Externally Aided Project||Public Works Road Department- World Bank Funded Tenders||Assam State Bridge Infrastructure Program,Karimganj District,788710.0,2.0,"6,45,38,000",M/S. ABDUL LATIF,"61,956,474",Accepted-AOC,10-Apr-2026,Public Works Roads Department-Externally Aided Project||Public Works Road Department- World Bank Funded Tenders||Assam State Bridge Infrastructure Program
2025_NHM_46802_1,221109/2025-26 date 21-08-2025,Printing and supply of FPLMIS register under FP division,Printing and supply of FPLMIS register under FP division,Goods,Limited,Item Wise,Publishing/Printing,No,No,NA ,21-Aug-2025 05:00 PM,NA ,90.0,No ,No,Online,26-Aug-2025 03:00 PM,National Health Mission||State Programme Management Unit - NHM,34 district ware house,781005.0,1.0,"5,78,200",MAA MANASHA PRINTERS,"624,456",Rejected-Finance,24-Apr-2026,National Health Mission||State Programme Management Unit - NHM
2025_PWD_47085_25,CE/DEV/TB/60/2025-26/15 Dtd- 06.08.2025,"MMPPNA_RIDF_XXXI_25_26_423 Improvement of road (1) Boko Poyranga Road to Durapara Turukpara Road via Kaliabari, Rajbari, (2) Athkupara PWD Road to Ganya Cemetry Road and Road from Chamaria Satra to Ram Saraswati Academy and (3) Boko Lumpi Road to Nat","MMPPNA_RIDF_XXXI_25_26_423 Improvement of road (1) Boko Poyranga Road to Durapara Turukpara Road via Kaliabari, Rajbari, (2) Athkupara PWD Road to Ganya Cemetry Road and Road from Chamaria Satra to Ram Saraswati Academy and (3) Boko Lumpi Road to Nat",Works,Open Tender,Item Rate,Civil Works – Roads,No,No,NA ,30-Aug-2025 02:00 PM,04-Sep-2025 12:00 PM ,180.0,No ,No,Online,19-Sep-2025 02:30 PM,Public Works Roads Department,Boko-Chaygaon,781123.0,2.0,"3,82,16,000",Sri Binay Kalita,"38,216,000",Rejected-Finance,29-Apr-2026,Public Works Roads Department
2025_PWD_46306_8,CE/DEV/TB/119/2025-26/1 Dtd- 28.07.2025,MMPPNA_RIDF_XXXI_25_26_360 Construction of (i) SS Road to Motilongmailai village Road (ii) Diduki-Il to Diduki -1 Road (iii) NH-54 to Thoinagar Road under Mukhya Mantrir Paki Path Nirman Achani under RIDF-XXXI of NABARD for the year 2025-26.,MMPPNA_RIDF_XXXI_25_26_360 Construction of (i) SS Road to Motilongmailai village Road (ii) Diduki-Il to Diduki -1 Road (iii) NH-54 to Thoinagar Road under Mukhya Mantrir Paki Path Nirman Achani under RIDF-XXXI of NABARD for the year 2025-26.,Works,Open Tender,Item Rate,Civil Works – Roads,No,No,NA ,12-Aug-2025 09:00 AM,15-Aug-2025 12:00 PM ,180.0,No ,No,Online,26-Aug-2025 02:30 PM,Public Works Roads Department,Haflong,788819.0,2.0,"3,25,00,000",Mona Kemprai,"28,921,750",Rejected-Finance,27-Apr-2026,Public Works Roads Department
2025_PWBNH_48537_1,"Tech-I(H_E)/22/2025/8 Dated Guwahati the 7th November, 2025","Proposed model degree college at Bedeti, District- Biswanath, Assam","Proposed model degree college at Bedeti, District- Biswanath, Assam",Works,Open Tender,Item Rate,Civil Works - Building,No,No,NA ,11-Nov-2025 06:00 PM,17-Nov-2025 11:30 AM ,180.0,No ,No,Online,03-Dec-2025 03:30 PM,Public Works Building and NH Department||Chief Engineer-Building - PWBNH,Biswanath,784176.0,2.0,"31,20,97,745",POOJA ASSOCIATES(CONTRACT DIVN),"345,364,670",Rejected-AOC,08-Apr-2026,Public Works Building and NH Department||Chief Engineer-Building - PWBNH
2025_PWBNH_48401_10,Tech-IV(H_E)/RIDF XXXI/01/2025/30 Dated Guwahati the 22nd Oct 2025,Package-32 Construction of 100 Secondary Schools in 35 Districts of Assam under RIDF-XXXI (2025-26) for Jakhalabandha HS School under Nagaon DTBD,Package-32 Construction of 100 Secondary Schools in 35 Districts of Assam under RIDF-XXXI (2025-26) for Jakhalabandha HS School under Nagaon DTBD,Works,Open Tender,Item Rate,Civil Works - Building,No,No,NA ,04-Nov-2025 09:00 AM,07-Nov-2025 11:00 AM ,180.0,No ,No,Online,21-Nov-2025 04:00 PM,Public Works Building and NH Department||Chief Engineer-Building - PWBNH,Nagaon,782001.0,2.0,"4,08,35,291",GLOBAL ENTERPRISE,"44,181,600",Rejected-AOC,27-Apr-2026,Public Works Building and NH Department||Chief Engineer-Building - PWBNH
2026_BTC_51034_9,ACE-25/PWD/IFB/BTC/2025-26/70,Construction of CC Block road from Harisinga RJ Mela Field to Member Basti via Weekly Market road under SOPD (BTC) for the year 2025-26. (TN_118_9),Construction of CC Block road from Harisinga RJ Mela Field to Member Basti via Weekly Market road under SOPD (BTC) for the year 2025-26.,Works,Open Tender,Item Rate,Civil Works,No,No,NA ,11-Feb-2026 10:00 AM,18-Feb-2026 12:00 PM ,180.0,No ,No,Online,02-Mar-2026 03:00 PM,Bodoland Territorial Council-PWD||Director Cum CHD - PWD BTC,Udalguri,784509.0,2.0,"50,99,993",SUNNY BASUMATARY,"5,099,800",Rejected-AOC,02-Apr-2026,Bodoland Territorial Council-PWD||Director Cum CHD - PWD BTC
2025_PWD_45926_195,CE/DEV/TB/60/2025-26/06 Dtd- 14.07.2025,MMPPNA_RIDF_XXXI_25_26_209 Construction of Road from (i) Anandakhal Health Sub-Centre to Sukumar Majhi Anandakhal FV (ii) Road from Pintu Paul House to Madhu Gour House at Nutan Basthi under Mukhya Mantrir Paki Path Nirman Achani (MMPPNA) under RIDF-,MMPPNA_RIDF_XXXI_25_26_209 Construction of Road from (i) Anandakhal Health Sub-Centre to Sukumar Majhi Anandakhal FV (ii) Road from Pintu Paul House to Madhu Gour House at Nutan Basthi under Mukhya Mantrir Paki Path Nirman Achani (MMPPNA) under RIDF-,Works,Open Tender,Item Rate,Civil Works – Roads,No,No,NA ,04-Aug-2025 02:00 PM,04-Aug-2025 04:00 PM ,180.0,No ,No,Online,14-Aug-2025 02:30 PM,Public Works Roads Department,Dholai,788114.0,2.0,"4,56,60,000",RUPAM SAHA,"45,659,000",Rejected-Finance,22-Apr-2026,Public Works Roads Department
2025_PWD_45926_88,CE/DEV/TB/60/2025-26/06 Dtd- 14.07.2025,MMPPNA_RIDF_XXXI_25_26_340 Construction of (1) Bhatibongaon Road from Ch 0.00m to Ch 1000.00m (2) Silpukhuri Road from Ch 0.00m to Ch 1000.00m (3) Waksung to Ramungia connecting road from Ch. 0.00 m to Ch. 1000.00 m (L-1.00 Km) under Mukhya Mantrir,MMPPNA_RIDF_XXXI_25_26_340 Construction of (1) Bhatibongaon Road from Ch 0.00m to Ch 1000.00m (2) Silpukhuri Road from Ch 0.00m to Ch 1000.00m (3) Waksung to Ramungia connecting road from Ch. 0.00 m to Ch. 1000.00 m (L-1.00 Km) under Mukhya Mantrir,Works,Open Tender,Item Rate,Civil Works – Roads,No,No,NA ,30-Jul-2025 02:00 PM,04-Aug-2025 12:00 PM ,180.0,No ,No,Online,14-Aug-2025 02:30 PM,Public Works Roads Department,Sivasagar,785640.0,2.0,"2,85,85,000",M/S East India Construction,"28,585,000",Accepted-AOC,07-Apr-2026,Public Works Roads Department
2025_PWD_45408_59,CE/DEV/TB/60/2025-26/01 Dtd- 21.06.2025,MMPPNA_RIDF_XXXI_25_26_140 Construction of Gotlung Bhitor Parua Road including RCC Br. No 1/1 (Span- 3X18.75 m) at Ch. 375.00 m under Mukhya Mantrir Paki Path Nirman Achani (MMPPNA) under RIDF-XXXI of NABARD for the year 2025-26.,MMPPNA_RIDF_XXXI_25_26_140 Construction of Gotlung Bhitor Parua Road including RCC Br. No 1/1 (Span- 3X18.75 m) at Ch. 375.00 m under Mukhya Mantrir Paki Path Nirman Achani (MMPPNA) under RIDF-XXXI of NABARD for the year 2025-26.,Works,Open Tender,Item Rate,Civil Works – Roads,No,No,NA ,10-Jul-2025 09:00 AM,17-Jul-2025 12:00 PM ,180.0,No ,No,Online,28-Jul-2025 02:30 PM,Public Works Roads Department,Tezpur,784001.0,2.0,"4,15,96,000",manjil saikia,"41,590,000",Accepted-AOC,22-Apr-2026,Public Works Roads Department
2023_HFWD_32627_1,SMEJ/JMCH/2633/22/PTI/23/4226 Date.21/09/23,"OPERATION AND MAINTENANCE OF PAY AND USE TOILET AT JORHAT MEDICAL COLLEGE AND HOSPITAL CAMPUS, JORHAT-ASSAM","OPERATION AND MAINTENANCE OF PAY AND USE TOILET AT JORHAT MEDICAL COLLEGE AND HOSPITAL CAMPUS, JORHAT-ASSAM",Services,Open Tender,Works,Housekeeping/ Cleaning,No,No,NA ,22-Sep-2023 03:35 PM,28-Sep-2023 01:00 PM ,365.0,No ,No,Online,16-Oct-2023 01:00 PM,Health and Family Welfare Department||Directorate of Medical Education-HFWD||Jorhat Medical College and Hospital-HFWD,"JORHAT MEDICAL COLLEGE AND HOSPITAL CAMPUS, JORHAT",785001.0,2.0,,RAJESH KUMAR,"853,320",Accepted-AOC,13-Nov-2023,Health and Family Welfare Department||Directorate of Medical Education-HFWD||Jorhat Medical College and Hospital-HFWD
2025_DoWR_47618_1,BARPETA/2025-26/RIDF/III,"Restoration of DRDA Bund of river Tihu including AE measures to protect village Medhittari No. 5 Block, Kawaimari No.6 Block and Kawaimari No.7 Block on its R/B, Package 1.","Restoration of DRDA Bund of river Tihu including AE measures to protect village Medhittari No. 5 Block, Kawaimari No.6 Block and Kawaimari No.7 Block on its R/B, Package 1.",Works,Open Tender,Works,Civil Works,No,No,NA ,19-Sep-2025 06:55 PM,NA ,180.0,No ,No,Online,08-Oct-2025 03:00 PM,Department of Water Resources||Chief Engineer - DoWR,Barpeta,781301.0,2.0,"3,83,41,133",ABBASUZ ZAMAN,"38,300,000",Accepted-AOC,28-Apr-2026,Department of Water Resources||Chief Engineer - DoWR
2025_PWD_47084_17,CE/DEV/TB/60/2025-26/19 Dtd- 20.08.2025,MMPPNA_RIDF_XXXI_25_26_500 Construction of Road from NH-15 to Borpholong at Ch. 0.00 m to 2520.00 m under Mukhya Mantrir Paki Path Nirman Achani (MMPPNA) under RIDF- XXXI of NABARD for the year 2025-26.,MMPPNA_RIDF_XXXI_25_26_500 Construction of Road from NH-15 to Borpholong at Ch. 0.00 m to 2520.00 m under Mukhya Mantrir Paki Path Nirman Achani (MMPPNA) under RIDF- XXXI of NABARD for the year 2025-26.,Works,Open Tender,Item Rate,Civil Works – Roads,No,No,NA ,30-Aug-2025 09:00 AM,04-Sep-2025 12:00 PM ,180.0,No ,No,Online,19-Sep-2025 02:30 PM,Public Works Roads Department,Gohpur,784168.0,2.0,"2,36,34,000",JAYANTA HAZARIKA,"23,633,000",Rejected-Finance,28-Apr-2026,Public Works Roads Department
2026_BTC_50188_9,ACE-25/PWD/IFB/BTC/2025-26/64,"Construction of New Building of 100 Secondary Schools in 35 Districts of Assam under RIDF-XXXI (2025-26) for Paschim Tamulpur Higher Secondary School, Tamulpur under Udalguri and Baksa DTBD. (Package-89)","Construction of New Building of 100 Secondary Schools in 35 Districts of Assam under RIDF-XXXI (2025-26) for Paschim Tamulpur Higher Secondary School, Tamulpur under Udalguri and Baksa DTBD.",Works,Open Tender,Works,Civil Works,No,No,NA ,13-Jan-2026 10:00 AM,24-Jan-2026 12:00 PM ,180.0,No ,No,Online,02-Feb-2026 03:00 PM,Bodoland Territorial Council-PWD||Director Cum CHD - PWD BTC,Tamulpur,781372.0,2.0,"3,98,38,000",MR DIPAK SARMA,"39,830,000",Rejected-AOC,30-Apr-2026,Bodoland Territorial Council-PWD||Director Cum CHD - PWD BTC
2025_PWD_46539_1,CE/DEV/TB/54/2025-26/8 Dtd- 08.08.2025,MMUPPNA_RIDF_XXXI_25_26_12 Improvement and widening of Morigaon Moirabari road from Moirabari New Secondary School to Lali RCC Bridge under Mukhya Mantrir Unnoto Paki Path Nirman Achani (MMUPPNA) under RIDF-XXXI of NABARD for the year 2025-26.,MMUPPNA_RIDF_XXXI_25_26_12 Improvement and widening of Morigaon Moirabari road from Moirabari New Secondary School to Lali RCC Bridge under Mukhya Mantrir Unnoto Paki Path Nirman Achani (MMUPPNA) under RIDF-XXXI of NABARD for the year 2025-26.,Works,Open Tender,Item Rate,Civil Works – Roads,No,No,NA ,14-Aug-2025 06:55 PM,20-Aug-2025 12:00 PM ,180.0,No ,No,Online,02-Sep-2025 02:30 PM,Public Works Roads Department,Laharighat,782127.0,2.0,"3,54,80,000",GUNJ ASSOCIATES,"35,479,800",Accepted-AOC,29-Apr-2026,Public Works Roads Department
2026_AEGCL_50313_1,MD/Tech-972/Deposit/RITES/Base File/2021/BID,"Preliminary Survey, Route Alignment and Detailed Survey for Construction of 132 KV Transmission Line from Lanka",Survey for Construction of 132 KV Transmission Line from Lanka TSS to Hatikhali TSS of Railway along the track route including survey regarding construction of 132kV Bus system at the Traction Sub-st,Works,Open Tender,Turn-key,Survey,No,No,NA ,17-Jan-2026 05:00 PM,NA ,180.0,No ,No,Online,16-Feb-2026 02:00 PM,Assam Electricity Grid Corporation Ltd||CGM (T and T),Lanka,782446.0,2.0,"41,06,400",Trans N Techno Associates,"2,950,000",Rejected-Technical,13-Mar-2026,Assam Electricity Grid Corporation Ltd||CGM (T and T)
2025_PWD_45926_62,CE/DEV/TB/60/2025-26/06 Dtd- 14.07.2025,"MMPPNA_RIDF_XXXI_25_26_177 Construcion of Road from (i) Tengripar to Nilbagan Hojai Road at Islam Nagar, (ii) Saharan to Murajhar Dighaljhar Road via Matikhola under Mukhya Mantrir Paki Path Nirman Achani (MMPPNA) under RIDF-XXXI of NABARD for the ye","MMPPNA_RIDF_XXXI_25_26_177 Construcion of Road from (i) Tengripar to Nilbagan Hojai Road at Islam Nagar, (ii) Saharan to Murajhar Dighaljhar Road via Matikhola under Mukhya Mantrir Paki Path Nirman Achani (MMPPNA) under RIDF-XXXI of NABARD for the ye",Works,Open Tender,Item Rate,Civil Works – Roads,No,No,NA ,29-Jul-2025 09:00 AM,04-Aug-2025 12:00 PM ,180.0,No ,No,Online,14-Aug-2025 02:30 PM,Public Works Roads Department,Binnakandi,782435.0,2.0,"4,39,37,000",BIDYUT KUMAR PATHAK,"43,937,000",Accepted-AOC,29-Apr-2026,Public Works Roads Department
2025_PWD_45926_89,CE/DEV/TB/60/2025-26/06 Dtd- 14.07.2025,"MMPPNA_RIDF_XXXI_25_26_341 Construction of (1) Meteli Ali from Ch 0.00m to Ch 1000.00m (2) Saraipora to Majorbari Road from Ch 0.00m to Ch 1000.00m (3) (Part-A) - Baruah Chuk to Gamon Bridge from Ch 0.00m to Ch 1130.00m, (Part-B) - 0.00m to 80.00m un","MMPPNA_RIDF_XXXI_25_26_341 Construction of (1) Meteli Ali from Ch 0.00m to Ch 1000.00m (2) Saraipora to Majorbari Road from Ch 0.00m to Ch 1000.00m (3) (Part-A) - Baruah Chuk to Gamon Bridge from Ch 0.00m to Ch 1130.00m, (Part-B) - 0.00m to 80.00m un",Works,Open Tender,Item Rate,Civil Works – Roads,No,No,NA ,30-Jul-2025 02:00 PM,04-Aug-2025 12:00 PM ,180.0,No ,No,Online,14-Aug-2025 02:30 PM,Public Works Roads Department,Sivasagar,785640.0,2.0,"2,65,56,000",S K JUAL ALI,"26,555,912",Accepted-AOC,22-Apr-2026,Public Works Roads Department
2025_DoWR_49081_1,BARPETA/2025-26/SOPD-G/I,"Protection at Pachim Barbala, Bhulkabari pather and khandarkur area from the erosion of river Palla on its L/B.","Protection at Pachim Barbala, Bhulkabari pather and khandarkur area from the erosion of river Palla on its L/B.",Works,Open Tender,Works,Civil Works,No,No,NA ,05-Dec-2025 06:55 PM,NA ,180.0,No ,No,Online,26-Dec-2025 03:00 PM,Department of Water Resources||Chief Engineer - DoWR,Barpeta,781301.0,2.0,"2,49,99,150",Prasanta Bayan,"24,998,486.21",Rejected-AOC,13-Apr-2026,Department of Water Resources||Chief Engineer - DoWR
2025_DoWR_47316_2,KAMRUP METRO/2025-26/FFM/XXI,Procurement of flood fighting materials (PSC Porcupine) for Water Resources Department for the year 2025-26 (Upper Assam Zone) (Ph-II).,Procurement of flood fighting materials (PSC Porcupine) for Water Resources Department for the year 2025-26 (Upper Assam Zone) (Ph-II).,Goods,Open Tender,Supply,Supply of Materials,No,No,NA ,15-Dec-2025 12:00 PM,NA ,180.0,No ,No,Online,20-Dec-2025 03:00 PM,Department of Water Resources||Chief Engineer - DoWR,Guwahati,781029.0,2.0,"1,12,58,900",Ashok Kumar Jain,"11,140,000",Accepted-AOC,20-Apr-2026,Department of Water Resources||Chief Engineer - DoWR
2025_PWD_47172_6,CE/STBR/SOPD G/NIT/07/2025-26/16 Dated 18-08-2025,"STBR/SOPD-G/ Rongkhang-02/06 1) Construction of Road From Namtaradubi Tiniali to Dimogaon over the E_D Bundh under Mukhya Mantrir Path Nabikaran Achani (MMPNA), Under SOPD(G), for the year 2025-26 , 2) Construction of Road From Borthol PWD Road to Bo","STBR/SOPD-G/ Rongkhang-02/06 1) Construction of Road From Namtaradubi Tiniali to Dimogaon over the E_D Bundh under Mukhya Mantrir Path Nabikaran Achani (MMPNA), Under SOPD(G), for the year 2025-26 , 2) Construction of Road From Borthol PWD Road to Bo",Works,Open Tender,Item Rate,Civil Works – Roads,No,No,NA ,03-Sep-2025 09:00 AM,08-Sep-2025 11:00 AM ,180.0,No ,No,Online,19-Sep-2025 11:00 AM,Public Works Roads Department,Baithalangso,782450.0,2.0,"2,66,81,000",Himashish Kashyap,"26,680,000",Accepted-AOC,06-Apr-2026,Public Works Roads Department
2025_NHM_47495_1,NHM/ECF/119595,Construction of Bokajan Civil Hospital in Karbi Anglong district Balance work,Construction of Bokajan Civil Hospital in Karbi Anglong district Balance work,Works,Open Tender,Item Rate,Civil Works - Building,No,No,NA ,13-Sep-2025 09:00 AM,NA ,180.0,No ,No,Online,22-Sep-2025 12:00 PM,National Health Mission||State Programme Management Unit - NHM,Bokajn in Karbi Anglong district,781022.0,2.0,"16,80,02,342",MR DIPAK SARMA,"168,000,000",Rejected-Finance,20-Apr-2026,National Health Mission||State Programme Management Unit - NHM
2025_DoWR_49382_1,MORIGAON/2025-26/SOPD-G/I,Anti erosion measures to protect both banks at different reaches from the erosion of river Pokoria.,Anti erosion measures to protect both banks at different reaches from the erosion of river Pokoria.,Works,Open Tender,Works,Civil Works,No,No,NA ,15-Dec-2025 06:55 PM,NA ,180.0,No ,No,Online,31-Dec-2025 03:00 PM,Department of Water Resources||Chief Engineer - DoWR,Morigaon,782105.0,2.0,"5,99,99,681",KEA CONSULTANTS PRIVATE LIMITED,"59,993,823.7",Accepted-AOC,28-Apr-2026,Department of Water Resources||Chief Engineer - DoWR
2026_DoWR_50063_1,KAMRUP RURAL/2025-26/PDNA/WORK/IV,Restoration of Damaged Brahmaputra Dyke on L/B from Sontoli to Nagarbera.,Restoration of Damaged Brahmaputra Dyke on L/B from Sontoli to Nagarbera.,Works,Open Tender,Works,Civil Works,No,No,NA ,08-Jan-2026 09:00 AM,NA ,180.0,No ,No,Online,19-Jan-2026 03:00 PM,Department of Water Resources||Chief Engineer - DoWR,KAMRUP RURAL,781009.0,2.0,"1,70,12,984",GLOBAL INFRASTRUCTURE,"16,997,634.89",Accepted-AOC,24-Apr-2026,Department of Water Resources||Chief Engineer - DoWR
2025_PWD_45926_182,CE/DEV/TB/60/2025-26/06 Dtd- 14.07.2025,"MMPPNA_RIDF_XXXI_25_26_326 Construction of road from (1) Nagaon Millan Chowk to Jagadish Kakati House via Paspara Gopal than including Bye lane to Nagen Kalita House, (2) Akhil Kakati House Near Puthimari Embankment to Puthimari anchalik Doul Mahotsa","MMPPNA_RIDF_XXXI_25_26_326 Construction of road from (1) Nagaon Millan Chowk to Jagadish Kakati House via Paspara Gopal than including Bye lane to Nagen Kalita House, (2) Akhil Kakati House Near Puthimari Embankment to Puthimari anchalik Doul Mahotsa",Works,Open Tender,Item Rate,Civil Works – Roads,No,No,NA ,02-Aug-2025 06:55 PM,04-Aug-2025 12:00 PM ,180.0,No ,No,Online,14-Aug-2025 02:30 PM,Public Works Roads Department,Rangia,781354.0,2.0,"3,65,77,000",Dhaneswar Kalita,"36,572,000",Accepted-AOC,10-Apr-2026,Public Works Roads Department
2025_BTC_49264_1,No.ACE-22/PWD/NIT/GW/25-26/17,"Construction of ICBP road from West Bishmuri near Bugla house to Didwmpara Main Road in Kokrajhar District, BTC, Assam under CMs Goodwill Mission Project under SOPD-G for the year 2025-26. TN_66KOK_SOPD-19","Construction of ICBP road from West Bishmuri near Bugla house to Didwmpara Main Road in Kokrajhar District, BTC, Assam under CMs Goodwill Mission Project under SOPD-G for the year 2025-26. TN_66KOK_SOPD-19",Works,Open Tender,Item Rate,Civil Works – Roads,No,No,NA ,15-Dec-2025 12:00 PM,NA ,180.0,No ,No,Online,06-Jan-2026 11:00 AM,Bodoland Territorial Council-PWD||Director Cum CHD - PWD BTC,Kokrajhar,783370.0,2.0,"2,09,99,000",DHIRAJ BASUMATARY,"20,999,000",Rejected-AOC,20-Apr-2026,Bodoland Territorial Council-PWD||Director Cum CHD - PWD BTC
2025_DoWR_47314_2,KAMRUP METRO/2025-26/FFM/XX,Procurement of flood fighting materials (PSC Porcupine) for Water Resources Department for the year 2025-26 (Upper Assam Zone),Procurement of flood fighting materials (PSC Porcupine) for Water Resources Department for the year 2025-26 (Upper Assam Zone),Goods,Open Tender,Supply,Supply of Materials,No,No,NA ,15-Dec-2025 12:00 PM,NA ,180.0,No ,No,Online,20-Dec-2025 03:00 PM,Department of Water Resources||Chief Engineer - DoWR,Guwahati,781029.0,2.0,"3,37,76,700",Ashok Kumar Jain,"33,420,000",Accepted-AOC,20-Apr-2026,Department of Water Resources||Chief Engineer - DoWR
2025_PWD_49682_8,CE/DEV/TB/60/2025-26/62 Dtd- 23.12.2025,"MMPPNA_RIDF_XXXI_25_26_246 Improvement of (1) Barirchuck Ministadium Road including Leg 1, Leg 2 and Stadium Approach Road (2) North Guwahati College Nagar Road including Improvement of Junction Point Near VUP under Mukhya Mantrir Paki Path Nirman Ac","MMPPNA_RIDF_XXXI_25_26_246 Improvement of (1) Barirchuck Ministadium Road including Leg 1, Leg 2 and Stadium Approach Road (2) North Guwahati College Nagar Road including Improvement of Junction Point Near VUP under Mukhya Mantrir Paki Path Nirman Ac",Works,Open Tender,Item Rate,Civil Works – Roads,No,No,NA ,27-Dec-2025 09:00 AM,29-Dec-2025 02:30 PM ,180.0,No ,No,Online,09-Jan-2026 02:30 PM,Public Works Roads Department,Jalukbari,781013.0,2.0,"2,28,82,000",Rang Private Limited,"22,879,000",Accepted-AOC,02-Apr-2026,Public Works Roads Department
2026_BTC_51046_1,No. ACE-133/PWD/G.79/2025-26/68,Repairing and Renovation of Jalal Uddin Ahmed High School at Sibapur VCDC under WBD department in BTC area for the year 2025-26. TN_107_43,Repairing and Renovation of Jalal Uddin Ahmed High School at Sibapur VCDC under WBD department in BTC area for the year 2025-26. TN_107_43,Works,Open Tender,Item Rate,Civil Works - Building,No,No,NA ,11-Feb-2026 10:00 AM,NA ,180.0,No ,No,Online,23-Feb-2026 02:00 PM,Bodoland Territorial Council-PWD||Director Cum CHD - PWD BTC,Udalguri,781327.0,2.0,"59,99,927",MD JABID ALI,"5,998,655",Rejected-AOC,28-Apr-2026,Bodoland Territorial Council-PWD||Director Cum CHD - PWD BTC
2025_PWD_46191_57,CE/DEV/TB/122/2025-26/1 Dtd- 01.08.2025,"BTR_RIDF_XXXI_25_26_44 Construction of Road from Choudaripara to Sesha Bazar via Midinipur, Taigirdondor village under Koilamoila and Amteka VCDC under RIDF-XXXI of NABARD for the year 2025-26.","BTR_RIDF_XXXI_25_26_44 Construction of Road from Choudaripara to Sesha Bazar via Midinipur, Taigirdondor village under Koilamoila and Amteka VCDC under RIDF-XXXI of NABARD for the year 2025-26.",Works,Open Tender,Item Rate,Civil Works – Roads,No,No,NA ,07-Aug-2025 04:00 PM,11-Aug-2025 12:00 PM ,180.0,No ,No,Online,14-Aug-2025 02:30 PM,Public Works Roads Department,Sidli Cirang,783393.0,2.0,"3,69,84,000",ACHINTA NARZARY,"36,980,000",Accepted-AOC,30-Apr-2026,Public Works Roads Department
2026_PWD_50058_20,PRTRD/RKN/PDNA/ET/2026/1302,PRTRD_PDNA_ET_25_26_20 Recovery and Reconstruction of Amtilla Khasia Punjee road under NDRF (PDNA-2022) for the year 2025-26.,PRTRD_PDNA_ET_25_26_20 Recovery and Reconstruction of Amtilla Khasia Punjee road under NDRF (PDNA-2022) for the year 2025-26.,Works,Open Tender,Item Rate,Civil Works,No,No,NA ,09-Jan-2026 02:00 PM,12-Jan-2026 12:00 PM ,180.0,No ,No,Online,28-Jan-2026 11:00 AM,Public Works Roads Department,RK Nagar,788166.0,2.0,"26,04,000",S&A CONSTRUCTION,"2,603,500",Rejected-AOC,27-Apr-2026,Public Works Roads Department
2025_PWD_49668_10,CE/Commn/192/2025-26/9,PDNA/ Dima Hasao/12,Recovery and Reconstruction of Devisthan Mandir Road under NDRF(PDNA-2022) for the year 2025-26.,Works,Open Tender,Item Rate,Civil Works – Roads,No,No,NA ,26-Dec-2025 03:00 PM,02-Jan-2026 04:00 PM ,180.0,No ,No,Online,08-Jan-2026 02:30 PM,Public Works Roads Department||CE PWD(R) - PWD||Traffic Engineering Cell - PWD,Dima Hasao,801611.0,2.0,"50,00,000",Sri Telen Kemprai,"5,000,000",Rejected-AOC,27-Apr-2026,Public Works Roads Department||CE PWD(R) - PWD||Traffic Engineering Cell - PWD
2025_CD_48624_1,AWC.ENGG 555 /2025-26 /Tender /P. Boragaon /Truss.less/11,CONSTRUCTION OF 2000 MT WAREHOUSE TRUSS LESS ALONG WITH ANCILLARY WORKS AT ASWCs EXISTING WAREHOUCOMPLEX PASCHIM BORAGAON GUWAHATI KAMRUPM ASSA,"CONSTRUCTION OF 2000 MT WAREHOUSETRUSS LESS ALONG WITH ANCILLARY WORKS AT ASWC EXISTING WAREHOUSE COMPLEX, PASCHIM BORAGAON, GUWAHATI,KAMRUP(M) ASSAM, on Engineering, Procurement and Construction (EPC) Mode-III Basis.",Works,Open Tender,Item Rate,Civil Works,No,No,NA ,14-Nov-2025 02:00 PM,NA ,180.0,No ,No,Online,25-Nov-2025 03:30 PM,Cooperation Department||Assam State Warehousing Corporation,Ghy,781035.0,2.0,"2,72,16,228",M/S MORAMI ENTERPRISE,"23,133,794",Rejected-Technical,30-Apr-2026,Cooperation Department||Assam State Warehousing Corporation
2025_PWD_49682_9,CE/DEV/TB/60/2025-26/62 Dtd- 23.12.2025,"MMPPNA_RIDF_XXXI_25_26_250 Imrovement of Old Cutting Pahar road including its Bye lane 1, 2 and 3 to Kalbari and Sisugram Road via GNRC Road at North Guwahati under Mukhya Mantrir Paki Path Nirman Achani (MMPPNA) under RIDF-XXXI of NABARD for the yea","MMPPNA_RIDF_XXXI_25_26_250 Imrovement of Old Cutting Pahar road including its Bye lane 1, 2 and 3 to Kalbari and Sisugram Road via GNRC Road at North Guwahati under Mukhya Mantrir Paki Path Nirman Achani (MMPPNA) under RIDF-XXXI of NABARD for the yea",Works,Open Tender,Item Rate,Civil Works – Roads,No,No,NA ,27-Dec-2025 09:00 AM,29-Dec-2025 02:30 PM ,180.0,No ,No,Online,09-Jan-2026 02:30 PM,Public Works Roads Department,Jalukbari,781013.0,2.0,"2,31,35,000",Rang Private Limited,"23,131,562",Accepted-AOC,02-Apr-2026,Public Works Roads Department
2025_DoWR_49697_1,HAILAKANDI/ 2025-26/PDNA/WORKS/IV,Restoration of dyke at different reaches on L/B of river Katakhal from Gaglacherra to Natun Bazar area.,Restoration of dyke at different reaches on L/B of river Katakhal from Gaglacherra to Natun Bazar area.,Works,Open Tender,Works,Civil Works,No,No,NA ,29-Dec-2025 09:00 AM,NA ,180.0,No ,No,Online,09-Jan-2026 03:00 PM,Department of Water Resources||Chief Engineer - DoWR,HAILAKANDI,788151.0,2.0,"1,29,03,961",Raju Choudhury,"12,903,721.1",Accepted-AOC,29-Apr-2026,Department of Water Resources||Chief Engineer - DoWR
2025_NHM_45526_1,311831/2025-26 DATE 11-07-2025,"Printing, and supply of CBAC and OPD register EPS under CPHC programme","Printing, and supply of CBAC and OPD register EPS under CPHC programme",Goods,Limited,Item Wise,Publishing/Printing,No,No,NA ,11-Jul-2025 05:00 PM,NA ,90.0,No ,No,Online,15-Jul-2025 03:00 PM,National Health Mission||State Programme Management Unit - NHM,35 district warehouse,781005.0,1.0,"96,00,000",Singhania printing press LLP,"4,797,308.88",Rejected-AOC,24-Apr-2026,National Health Mission||State Programme Management Unit - NHM
2026_BTC_50103_1,No.ACE-25/PWD/BTC/2025-26/58,"Construction of road from i. NH 127 A to Silbari and ii. Natun Barala to Charna under SOPD-G for the year 2025-26, Manas LAC. TN_96_SOPD_01","Construction of road from i. NH 127 A to Silbari and ii. Natun Barala to Charna under SOPD-G for the year 2025-26, Manas LAC. TN_96_SOPD_01",Works,Open Tender,Item Rate,Civil Works – Roads,No,No,NA ,09-Jan-2026 10:30 AM,NA ,180.0,No ,No,Online,30-Jan-2026 02:00 PM,Bodoland Territorial Council-PWD||Director Cum CHD - PWD BTC,Kokrajhar,783370.0,2.0,"2,33,66,847",Dewarshi Das,"23,362,332.57",Rejected-AOC,28-Apr-2026,Bodoland Territorial Council-PWD||Director Cum CHD - PWD BTC
2026_BTC_51034_25,ACE-25/PWD/IFB/BTC/2025-26/70,Construction of Box culvert in Sungabudhi village Mazibur Rahman house under Natun panbari VCDC under SOPD (G) for the year 2025-26. (TN_118_25),Construction of Box culvert in Sungabudhi village Mazibur Rahman house under Natun panbari VCDC under SOPD (G) for the year 2025-26.,Works,Open Tender,Item Rate,Civil Works,No,No,NA ,11-Feb-2026 10:00 AM,18-Feb-2026 12:00 PM ,180.0,No ,No,Online,02-Mar-2026 03:00 PM,Bodoland Territorial Council-PWD||Director Cum CHD - PWD BTC,Udalguri,784509.0,2.0,"26,99,996",Rahamat Ali,"2,697,209.19",Rejected-AOC,13-Apr-2026,Bodoland Territorial Council-PWD||Director Cum CHD - PWD BTC
2025_NHM_49118_9,NHM/ECF/674887,Establishment of 30 bedded CHC under Fifteenth Finance Health Grant scheme under NHM Assam Shantipur SD in Chirang district,Establishment of 30 bedded CHC under Fifteenth Finance Health Grant scheme under NHM Assam Shantipur SD in Chirang district FY 2024-25,Works,Open Tender,Turn-key,Civil Works - Building,No,No,NA ,08-Dec-2025 06:15 PM,NA ,180.0,No ,No,Online,29-Dec-2025 12:00 PM,National Health Mission||State Programme Management Unit - NHM,Shantipur SD in Chirang district,783390.0,2.0,"5,73,99,637",M/S MAYUR ASSOCIATES,"56,000,000",Rejected-AOC,27-Apr-2026,National Health Mission||State Programme Management Unit - NHM
2025_PWD_45926_65,CE/DEV/TB/60/2025-26/06 Dtd- 14.07.2025,MMPPNA_RIDF_XXXI_25_26_292 Improvement of Road from Joribor Besamari Road to Borduba Pachali via Bhakuamari Kuhibari under Mukhya Mantrir Paki Path Nirman Achani (MMPPNA) under RIDF-XXXI of NABARD for the year 2025-26.,MMPPNA_RIDF_XXXI_25_26_292 Improvement of Road from Joribor Besamari Road to Borduba Pachali via Bhakuamari Kuhibari under Mukhya Mantrir Paki Path Nirman Achani (MMPPNA) under RIDF-XXXI of NABARD for the year 2025-26.,Works,Open Tender,Item Rate,Civil Works – Roads,No,No,NA ,30-Jul-2025 09:00 AM,04-Aug-2025 12:00 PM ,180.0,No ,No,Online,14-Aug-2025 02:30 PM,Public Works Roads Department,Morigaon,782105.0,2.0,"4,54,11,000",GAUTAM DAS,"45,410,000",Rejected-Finance,24-Apr-2026,Public Works Roads Department
2025_PWD_49573_62,CE/Commn/192/PDNA/2025-26/02,PDNA/ Dhubri /08,Recovery and Re-Construction of Road from Gaurangghat to Gutipara Pt-IV Road (PMGSY Package No. AS-05-41 ) under NDRF (PDNA-2022) for the year 2025-26,Works,Open Tender,Item Rate,Civil Works – Roads,No,No,NA ,24-Dec-2025 06:30 PM,26-Dec-2025 04:00 PM ,180.0,No ,No,Online,05-Jan-2026 02:30 PM,Public Works Roads Department,Dhubri,781301.0,2.0,"1,60,00,000",Hafizur Rahman,"16,000,000",Accepted-AOC,22-Apr-2026,Public Works Roads Department
2025_PWBNH_46743_1,"Tech-I(H_E)/131/2024/17 Dated Guwahati the 16th August, 2025","Construction of G Plus 1 (Provision of G Plus 3) Jorhat Regional Centre of Krishna Kanta Handique State Open University at Jorhat, Assam (Phase-I) on Engineering, Procurement and Construction (EPC) Mode-I Basis","Construction of G Plus 1 (Provision of G Plus 3) Jorhat Regional Centre of Krishna Kanta Handique State Open University at Jorhat, Assam (Phase-I) on Engineering, Procurement and Construction (EPC) Mode-I Basis",Works,Open Tender,Item Rate,Civil Works - Building,No,No,NA ,20-Aug-2025 04:00 PM,26-Aug-2025 11:30 AM ,180.0,No ,No,Online,10-Sep-2025 03:30 PM,Public Works Building and NH Department||Chief Engineer-Building - PWBNH,Jorhat,785001.0,2.0,"7,06,44,521",Punjab Engineering Company,"74,736,840",Rejected-AOC,20-Apr-2026,Public Works Building and NH Department||Chief Engineer-Building - PWBNH
2025_PWD_49668_3,CE/Commn/192/2025-26/9,PDNA/ Dima Hasao/11,Recovery and Reconstruction of Kalibari Muolhoi Road under NDRF(PDNA-2022) for the year 2025-26.,Works,Open Tender,Item Rate,Civil Works – Roads,No,No,NA ,26-Dec-2025 03:00 PM,02-Jan-2026 04:00 PM ,180.0,No ,No,Online,08-Jan-2026 02:30 PM,Public Works Roads Department||CE PWD(R) - PWD||Traffic Engineering Cell - PWD,Dima Hasao,801611.0,2.0,"50,00,000",Sri Telen Kemprai,"5,000,000",Rejected-AOC,27-Apr-2026,Public Works Roads Department||CE PWD(R) - PWD||Traffic Engineering Cell - PWD
2025_PWD_46604_10,CE/STBR/SOPD-G/NIT/07/2025 26/8 Dated 29-07-2025,STBR/SOPD-G/Jagiroad-18/62 Improvement of road from Basnaghat to Bhuragaon (Ch. 0.00 m to Ch. 7200.00 m) under SOPD-G in Morigaon District for the year 2025-26,STBR/SOPD-G/Jagiroad-18/62 Improvement of road from Basnaghat to Bhuragaon (Ch. 0.00 m to Ch. 7200.00 m) under SOPD-G in Morigaon District for the year 2025-26,Works,Open Tender,Item Rate,Civil Works – Roads,No,No,NA ,18-Aug-2025 02:00 PM,20-Aug-2025 11:00 AM ,180.0,No ,No,Online,02-Sep-2025 11:00 AM,Public Works Roads Department,Morigaon,782105.0,2.0,"1,48,00,000",JUGAL BHARALI,"14,799,000",Accepted-AOC,22-Apr-2026,Public Works Roads Department
2026_PNRD_51424_1,ASRLM/Hiring-SA/6450/FY 2025-26/01,EOI FOR SHORTLISTING OF ELIGIBLE CHARTERED ACCOUNTANT FIRM,EOI FOR SHORTLISTING OF ELIGIBLE CHARTERED ACCOUNTANT FIRM EMPANELED UNDER COMPTROLLER AND AUDITOR GENERAL (CAG) TO PARTICIPATE IN THE RFP PROCESS FOR HIRING STATUTORY AUDITOR FOR CONDUCTING STATUTORY AUDIT OF ASRLMS FOR THE FY 2025-26,Services,Open Tender,EOI,Consultancy,No,No,NA ,21-Feb-2026 05:00 PM,27-Feb-2026 11:00 AM ,120.0,No ,No,Not Applicable,09-Mar-2026 03:30 PM,Principal Secretary- P and RD- Assam Secretariat||Assam State Rural Livelihoods Mission Society,Guwahati,781037.0,1.0,"30,00,000",Komandoor and Co LLP,0.0,Accepted-AOC,22-Apr-2026,Principal Secretary- P and RD- Assam Secretariat||Assam State Rural Livelihoods Mission Society
2026_DoWR_49956_1,CACHAR/2025-26/PDNA/WORK/II,RESTORATION OF DYKE ALONG B/B OF GHAGRA FROM ST ROAD TO PWD BRIDGE ON L/B OF RIVER GHAGRA.,RESTORATION OF DYKE ALONG B/B OF GHAGRA FROM ST ROAD TO PWD BRIDGE ON L/B OF RIVER GHAGRA.,Works,Open Tender,Works,Civil Works,No,No,NA ,05-Jan-2026 06:55 PM,NA ,180.0,No ,No,Online,16-Jan-2026 03:00 PM,Department of Water Resources||Chief Engineer - DoWR,CACHAR,788001.0,2.0,"1,99,99,770",SHIVA INDUSTRIES,"19,996,500",Rejected-AOC,22-Apr-2026,Department of Water Resources||Chief Engineer - DoWR
2025_PWD_44769_1,CE/DEV/TB/235/2024-25/31 Dated 03-06-2025,SOPD_G_24_25_40 Construction of Road Cum Embankment on Left Bank of Dikrong River (NH 15 at Bahanibari to Sissapathar Bridge Approach)( PART 2 from Ch. 11880.00m to 15140.00m) including approach roads under SOPD G for the year 2024-25,SOPD_G_24_25_40 Construction of Road Cum Embankment on Left Bank of Dikrong River (NH 15 at Bahanibari to Sissapathar Bridge Approach)( PART 2 from Ch. 11880.00m to 15140.00m) including approach roads under SOPD G for the year 2024-25,Works,Open Tender,Item Rate,Civil Works – Roads,No,No,NA ,06-Jun-2025 02:00 PM,16-Jun-2025 12:00 PM ,180.0,No ,No,Online,27-Jun-2025 02:30 PM,Public Works Roads Department,Lakhimpur,787001.0,2.0,"5,27,37,000",Rajib Sahu,"44,301,400",Rejected-Finance,22-Apr-2026,Public Works Roads Department
2026_PWD_50058_18,PRTRD/RKN/PDNA/ET/2026/1302,PRTRD_PDNA_ET_25_26_18 Recovery and Reconstruction of approach of RCC Bridge No.1/1 on Dullavcherra-Vetarbond under NDRF (PDNA-2022) for the year 2025-26.,PRTRD_PDNA_ET_25_26_18 Recovery and Reconstruction of approach of RCC Bridge No.1/1 on Dullavcherra-Vetarbond under NDRF (PDNA-2022) for the year 2025-26.,Works,Open Tender,Item Rate,Civil Works,No,No,NA ,09-Jan-2026 02:00 PM,12-Jan-2026 12:00 PM ,180.0,No ,No,Online,28-Jan-2026 11:00 AM,Public Works Roads Department,RK Nagar,788166.0,2.0,"35,75,821",S&A CONSTRUCTION,"3,575,000",Rejected-AOC,27-Apr-2026,Public Works Roads Department
2025_PWD_45926_64,CE/DEV/TB/60/2025-26/06 Dtd- 14.07.2025,"MMPPNA_RIDF_XXXI_25_26_243 (1) Construction of road from Azabari RCC Br No 6/1 to 2 No. Gunamara (Ch. 0.00 m to Ch. 1000.00 m), (2) Improvement of Dimaruguri Barnamghar road, (3) Improvement of Dhamkhunda to Ghuramarajan, (4) Construction of road fro","MMPPNA_RIDF_XXXI_25_26_243 (1) Construction of road from Azabari RCC Br No 6/1 to 2 No. Gunamara (Ch. 0.00 m to Ch. 1000.00 m), (2) Improvement of Dimaruguri Barnamghar road, (3) Improvement of Dhamkhunda to Ghuramarajan, (4) Construction of road fro",Works,Open Tender,Item Rate,Civil Works – Roads,No,No,NA ,29-Jul-2025 09:00 AM,04-Aug-2025 12:00 PM ,180.0,No ,No,Online,14-Aug-2025 02:30 PM,Public Works Roads Department,Jagiroad,782410.0,2.0,"3,12,56,000",GAUTAM DAS,"31,255,000",Rejected-Finance,23-Apr-2026,Public Works Roads Department
2026_BoTC_50126_1,TECH-28/SE(RB)/2019-20/03,Recovery and Reconstruction of Gedabazar Village Road under NDRF (PDNA-2022) for the year 2025-26 (CD work with approach). TN-385-3.,Recovery and Reconstruction of Gedabazar Village Road under NDRF (PDNA-2022) for the year 2025-26 (CD work with approach). TN-385-3.,Works,Open Tender,Works,Civil Works – Roads,No,No,NA ,09-Jan-2026 06:00 PM,NA ,180.0,No ,No,Online,30-Jan-2026 02:00 PM,Bodoland Territorial Council||PWD-BTC,Chirang,783385.0,2.0,"27,99,500",MANAJIT BASUMATARY,"2,797,915",Rejected-Finance,28-Apr-2026,Bodoland Territorial Council||PWD-BTC
2026_BTC_51034_24,ACE-25/PWD/IFB/BTC/2025-26/70,Const. of CC Block road from Singlimara to Asom Mala Road under SOPD-BTC for the year 2025-26. (TN_118_24),Const. of CC Block road from Singlimara to Asom Mala Road under SOPD-BTC for the year 2025-26.,Works,Open Tender,Item Rate,Civil Works,No,No,NA ,11-Feb-2026 10:00 AM,18-Feb-2026 12:00 PM ,180.0,No ,No,Online,02-Mar-2026 03:00 PM,Bodoland Territorial Council-PWD||Director Cum CHD - PWD BTC,Udalguri,784509.0,2.0,"88,45,758",Rahamat Ali,"8,844,856.76",Rejected-AOC,13-Apr-2026,Bodoland Territorial Council-PWD||Director Cum CHD - PWD BTC
2025_PWD_47952_3,CE/STBR/SOPD-G/NIT/07/25-26/32,STBR/SOPD-G/Jagiroad-20/64,STBR/SOPD-G/Jagiroad-20/64_Improvement of road from Amsoi Forest Road_SDBC Part and_ICBP Part_ under SOPD-G in Morigaon District for the year 2025-26.for the year 2025-26,Works,Open Tender,Item Rate,Civil Works – Roads,No,No,NA ,10-Oct-2025 02:30 PM,10-Oct-2025 02:30 PM ,180.0,No ,No,Online,22-Oct-2025 11:00 AM,Public Works Roads Department,Jagiroad,782410.0,2.0,"45,36,000",BARUN AGARWALA,"4,536,000",Accepted-AOC,06-Apr-2026,Public Works Roads Department
2025_DoWR_49576_1,TAMULPUR/2025-26/PDNA/SUPPLY/I,Restoration of damage embankments pertaining to Tamulpur W.R Division under PDNA -2022 (Procurement of Materials). Package 2,Restoration of damage embankments pertaining to Tamulpur W.R Division under PDNA -2022 (Procurement of Materials). Package 2,Goods,Open Tender,Supply,Supply of Materials,No,No,NA ,22-Dec-2025 06:55 PM,NA ,180.0,No ,No,Online,12-Jan-2026 03:00 PM,Department of Water Resources||Chief Engineer - DoWR,TAMULPUR,781367.0,2.0,"41,99,418",UNIVERSAL CONTRACTORS,"4,183,800",Rejected-AOC,02-Apr-2026,Department of Water Resources||Chief Engineer - DoWR
2025_PWD_48847_1,ecf No.720769/3 CE/EAP/ARRBP/OCB/Tinsukia/19,Tinsukia/19 Construction of Bridge in Tinsukia District i) Br. No. 3/1 on Margherita Pengeree to Pangna Gaon,Construction of Bridge in Tinsukia District i) Br. No. 3/1 on Margherita Pengeree to Pangna Gaon (PMGSY Pkg No. AS-23-291),Works,Open Tender,Item Rate,Civil Works - Bridges,No,No,NA ,27-Nov-2025 09:00 AM,05-Dec-2025 11:00 AM ,90.0,No ,No,Online,29-Dec-2025 02:30 PM,Public Works Roads Department,Tinsukia District,786174.0,2.0,"1,98,02,000",Rudra Saikia,"19,802,181.41",Rejected-Finance,02-Apr-2026,Public Works Roads Department
2026_DoWR_50730_1,N LAKHIMPUR/2025-26/SOPD G/V,A/E measures to protect Debesuthan Jonajati High School and its adjoining areas from the erosion of river Dikrong on L/B.,A/E measures to protect Debesuthan Jonajati High School and its adjoining areas from the erosion of river Dikrong on L/B.,Works,Open Tender,Works,Civil Works,No,No,NA ,03-Feb-2026 09:00 AM,NA ,180.0,No ,No,Online,16-Feb-2026 03:00 PM,Department of Water Resources||Chief Engineer - DoWR,North Lakhimpur,787001.0,2.0,"3,17,11,154",Rabindra Chhawchharia,"31,708,607.9",Accepted-AOC,07-Apr-2026,Department of Water Resources||Chief Engineer - DoWR
2026_PWD_50226_1,CE/DEV/TB/60/2025-26/71 Dtd- 07.01.2026,"MMPPNA_RIDF_XXXI_25_26_212 Improvement of Road from (i) Road from SMD road to Jamalpar (Rukni Pt-IV) via Hemalata LP school Jamalpar (Ch. 0.00 m to Ch. 1000.00 m), (ii) road from Zinthan Kalibari to Dakhin Boraibasti LP School (Ch. 0.00 m to Ch. 1000","MMPPNA_RIDF_XXXI_25_26_212 Improvement of Road from (i) Road from SMD road to Jamalpar (Rukni Pt-IV) via Hemalata LP school Jamalpar (Ch. 0.00 m to Ch. 1000.00 m), (ii) road from Zinthan Kalibari to Dakhin Boraibasti LP School (Ch. 0.00 m to Ch. 1000",Works,Open Tender,Item Rate,Civil Works – Roads,No,No,NA ,13-Jan-2026 01:00 PM,13-Jan-2026 01:00 PM ,180.0,No ,No,Online,19-Jan-2026 02:30 PM,Public Works Roads Department,Dholai,788114.0,2.0,"1,99,27,000",ANJALI CONSTRUCTION,"19,925,500",Not Admitted-Fee/PreQual/Technical,01-Apr-2026,Public Works Roads Department
2025_DoWR_49688_1,NAGAON/2025-26/M AND R/II,M and R to Construction of embankment along right bank of river Kopilli and Jamuna from Jamuna PWD bridge to Jamunamukh PWD road and along left bank of river kopilli from Bakulaguri to Jamunamukh PWD bridge for the year 2025-26.,M and R to Construction of embankment along right bank of river Kopilli and Jamuna from Jamuna PWD bridge to Jamunamukh PWD road and along left bank of river kopilli from Bakulaguri to Jamunamukh PWD bridge for the year 2025-26.,Works,Open Tender,Works,Civil Works,No,No,NA ,27-Dec-2025 06:00 PM,NA ,180.0,No ,No,Online,13-Jan-2026 03:00 PM,Department of Water Resources||Chief Engineer - DoWR,Nagaon,782001.0,2.0,"5,98,82,861",Bharat Borah,"59,876,494.5",Accepted-AOC,24-Apr-2026,Department of Water Resources||Chief Engineer - DoWR
2026_GMDA_50485_1,GMDA/DEV/06/2025/Pt-II/04,"Interlinking for flood resilience from NH-27 (near Apollo Excel Care Hospital) to the Paschim Boragaon retention area. (Storm water drain from Excel care, Boragaon NH-27 to Deepor Beel)","Interlinking for flood resilience from NH-27 (near Apollo Excel Care Hospital) to the Paschim Boragaon retention area. (Storm water drain from Excel care, Boragaon NH-27 to Deepor Beel)",Works,Open Tender,Item Rate,Civil Works,No,No,NA ,22-Jan-2026 02:00 PM,NA ,180.0,No ,No,Online,12-Feb-2026 03:00 PM,Guwahati Metropolitan Development Authority||Guwahati Development Department - GMDA,GUWAHATI,781005.0,2.0,"20,00,00,000",M/S D.K. (ASSAM) ASSOCIATES PVT. LTD.,"199,977,427.7",Rejected-AOC,08-May-2026,Guwahati Metropolitan Development Authority||Guwahati Development Department - GMDA
2025_PWBNH_48600_12,Tech-IV(H_E)/RIDF XXXI/01/2025/30 Dated Guwahati the 22nd Oct 2025,"Construction of New School Building of 100 Secondary School in 35 Districts of Assam under RDIF-XXXI (2025-26) for Rampur HS School, under South Kamrup DTBD package no 16","Construction of New School Building of 100 Secondary School in 35 Districts of Assam under RDIF-XXXI (2025-26) for Rampur HS School, under South Kamrup DTBD package no 16",Works,Open Tender,Item Rate,Civil Works - Building,No,No,NA ,14-Nov-2025 06:55 PM,17-Nov-2025 11:00 AM ,180.0,No ,No,Online,03-Dec-2025 04:00 PM,Public Works Building and NH Department||Chief Engineer-Building - PWBNH,South Kamrup,781132.0,2.0,"4,17,00,202",MR DIPAK SARMA,"41,695,250",Rejected-AOC,22-Apr-2026,Public Works Building and NH Department||Chief Engineer-Building - PWBNH
2026_PWBNH_51443_1,Tech-I(H_E)/52/2025/26 dated Guwahati the 19th February 2026,"Construction of Sri Sri Aniruddhadeva Sports University, Chabua, Assam (Balance work)","Construction of Sri Sri Aniruddhadeva Sports University, Chabua, Assam (Balance work)",Works,Open Tender,Item Rate,Civil Works - Building,No,No,NA ,23-Feb-2026 11:00 AM,27-Feb-2026 12:30 PM ,180.0,No ,No,Online,05-Mar-2026 12:30 PM,Public Works Building and NH Department||Chief Engineer-Building - PWBNH,Chabua,786184.0,2.0,"54,63,00,000",M/s M.P. Khaitan,"529,777,534",Rejected-AOC,28-Apr-2026,Public Works Building and NH Department||Chief Engineer-Building - PWBNH
2026_DoWR_50364_1,NORTH LAKHIMPUR/2025-26/PDNA/WORK/IV,"Restoration of flood damage for 2022 at Kathalguri, Balichapori, Mornoi and its adjoining area on left bank of river Dikrong.","Restoration of flood damage for 2022 at Kathalguri, Balichapori, Mornoi and its adjoining area on left bank of river Dikrong.",Works,Open Tender,Works,Civil Works,No,No,NA ,20-Jan-2026 09:00 AM,NA ,180.0,No ,No,Online,30-Jan-2026 03:00 PM,Department of Water Resources||Chief Engineer - DoWR,North Lakhimpur,787001.0,2.0,"81,56,875",Pradip Kumar Agarwalla,"8,153,613.89",Accepted-AOC,07-Apr-2026,Department of Water Resources||Chief Engineer - DoWR
2025_GU_46510_1,T/25-26/131 Date 12.08.2025,Construction of Start-up and innovation Centre at Gauhati University on Engineering and Procurement and Construction EPC Mode-lll Basis under SOPD,Construction of Start-up and innovation Centre at Gauhati University on Engineering and Procurement and Construction EPC Mode-lll Basis under SOPD,Works,Open Tender,Item Rate,Composite Works,No,No,NA ,14-Aug-2025 05:00 PM,01-Sep-2025 02:00 PM ,180.0,No ,No,Online,15-Sep-2025 03:00 PM,Gauhati University,Gauhati University,781014.0,2.0,"16,02,84,000",pooja associates,"160,271,300",Rejected-Finance,28-Apr-2026,Gauhati University
2025_PWRDW_47423_14,ARRBP/BR/01/2024/E696387/27,Repair n Maintenance of Bridge in Karimganj District i) Br. No. 9/1 on Balia Kayasthgram Road,CE/EAP/ARRBP/OCB/ Bridge1/ Karimganj/19 Repair n Maintenance of Bridge in Karimganj district i) Br. No. 9/1 on Balia Kayasthgram Road,Works,Open Tender,Item Rate,Civil Works - Bridges,No,No,NA ,10-Sep-2025 06:55 PM,19-Sep-2025 11:00 AM ,90.0,No ,No,Online,17-Oct-2025 02:30 PM,Public Works Roads Department-Externally Aided Project||Public Works Road Department- World Bank Funded Tenders||Assam State Bridge Infrastructure Program,Karimganj District,788710.0,2.0,"33,77,000",TAUSIF CONSTRUCTION PVT. LTD.,"2,936,500",Rejected-Finance,02-Apr-2026,Public Works Roads Department-Externally Aided Project||Public Works Road Department- World Bank Funded Tenders||Assam State Bridge Infrastructure Program
2025_PWBNH_48600_9,Tech-IV(H_E)/RIDF XXXI/01/2025/30 Dated Guwahati the 22nd Oct 2025,"Construction of New School Building of 100 Secondary School in 35 Districts of Assam under RDIF-XXXI (2025-26) for Monabari High School, under Biswanath DTBD package no 3","Construction of New School Building of 100 Secondary School in 35 Districts of Assam under RDIF-XXXI (2025-26) for Monabari High School, under Biswanath DTBD package no 3",Works,Open Tender,Item Rate,Civil Works - Building,No,No,NA ,14-Nov-2025 05:10 PM,17-Nov-2025 11:00 AM ,180.0,No ,No,Online,03-Dec-2025 04:00 PM,Public Works Building and NH Department||Chief Engineer-Building - PWBNH,Biswanath,784176.0,2.0,"4,08,30,689",MANAB HAZARIKA,"44,104,016.2",Accepted-AOC,27-Apr-2026,Public Works Building and NH Department||Chief Engineer-Building - PWBNH
2025_PWD_45926_152,CE/DEV/TB/60/2025-26/06 Dtd- 14.07.2025,"MMPPNA_RIDF_XXXI_25_26_337 Construction of Road from (1) Deomornoi Siala Baishnab Mandir to Bhumihin Chuburi Road and Borigaon Sagunbahi Chuburi Road (L 2.000km), (2) Charandhara to Pariapara connectng Road and Tengabari Chowk to Samalabari link road","MMPPNA_RIDF_XXXI_25_26_337 Construction of Road from (1) Deomornoi Siala Baishnab Mandir to Bhumihin Chuburi Road and Borigaon Sagunbahi Chuburi Road (L 2.000km), (2) Charandhara to Pariapara connectng Road and Tengabari Chowk to Samalabari link road",Works,Open Tender,Item Rate,Civil Works – Roads,No,No,NA ,01-Aug-2025 06:00 PM,04-Aug-2025 12:00 PM ,180.0,No ,No,Online,14-Aug-2025 02:30 PM,Public Works Roads Department,Sipajhar,784145.0,2.0,"8,21,30,000",Rang Private Limited,"82,129,998",Rejected-Finance,28-Apr-2026,Public Works Roads Department
2025_DoWR_49550_1,DARRANG/2025-26/PDNA/SUPPLY/I,"Restoration of R/B embankment of Noanadi river from Garubandha to Borkumarpara and L/B from Bezpara to Kamarpara village. (Procurement of Geo-Tube, Geo-bag type A, Geo-fabric sheet and PSC Porcupine). Package 2","Restoration of R/B embankment of Noanadi river from Garubandha to Borkumarpara and L/B from Bezpara to Kamarpara village. (Procurement of Geo-Tube, Geo-bag type A, Geo-fabric sheet and PSC Porcupine). Package 2",Goods,Open Tender,Supply,Supply of Materials,No,No,NA ,22-Dec-2025 09:00 AM,NA ,180.0,No ,No,Online,05-Jan-2026 03:00 PM,Department of Water Resources||Chief Engineer - DoWR,DARRANG,784145.0,2.0,"29,00,292",Ashit Roy,"2,898,000",Accepted-AOC,02-Apr-2026,Department of Water Resources||Chief Engineer - DoWR
2025_BTC_49286_1,No.ACE-22/PWD/NIT/GW/25-26/19,"Construction of Bridge at Panishikka, Malgaon under South East Bashbari VCDC under RIDF-XXXI of NABARD for the year 2025-26. TN_67KOK_RIDF-XXXI-05","Construction of Bridge at Panishikka, Malgaon under South East Bashbari VCDC under RIDF-XXXI of NABARD for the year 2025-26. TN_67KOK_RIDF-XXXI-05",Works,Open Tender,Item Rate,Civil Works – Roads,No,No,NA ,15-Dec-2025 12:00 PM,NA ,180.0,No ,No,Online,07-Jan-2026 11:00 AM,Bodoland Territorial Council-PWD||Director Cum CHD - PWD BTC,Kokrajhar,783370.0,2.0,"1,49,99,859",Gautam Brahma,"14,999,680",Accepted-AOC,20-Apr-2026,Bodoland Territorial Council-PWD||Director Cum CHD - PWD BTC
2026_BTC_50188_13,ACE-25/PWD/IFB/BTC/2025-26/64,"Construction of New Building of 100 Secondary Schools in 35 Districts of Assam under RIDF-XXXI (2025-26) at Puroni Tangla High School, Udalguri under Udalguri and Baksa DTBD. (Package-93)","Construction of New Building of 100 Secondary Schools in 35 Districts of Assam under RIDF-XXXI (2025-26) at Puroni Tangla High School, Udalguri under Udalguri and Baksa DTBD.",Works,Open Tender,Works,Civil Works,No,No,NA ,13-Jan-2026 10:00 AM,24-Jan-2026 12:00 PM ,180.0,No ,No,Online,02-Feb-2026 03:00 PM,Bodoland Territorial Council-PWD||Director Cum CHD - PWD BTC,Udalguri,784509.0,2.0,"3,98,38,000",MR DIPAK SARMA,"39,830,000",Rejected-AOC,30-Apr-2026,Bodoland Territorial Council-PWD||Director Cum CHD - PWD BTC
2025_PWHE_48137_1,IN-ASSAM PWD-510389-CW-RFB,Package No. 38 Construction of Class Rooms under Assam School Education and Adolescent Well-Being Project (ASAP) under Baithalangso TBD for i. Amguri High School ii. Model School Dalimbari iii. Rangsina High School iv. Adarsha Rastra Bhasa High Schoo,Package No. 38 Construction of Class Rooms under Assam School Education and Adolescent Well-Being Project (ASAP) under Baithalangso TBD for i. Amguri High School ii. Model School Dalimbari iii. Rangsina High School iv. Adarsha Rastra Bhasa High Schoo,Works,Open Tender,Item Rate,Civil Works - Building,No,No,NA ,17-Oct-2025 02:00 PM,21-Oct-2025 11:30 AM ,180.0,No ,No,Online,31-Oct-2025 05:00 PM,Public Works Health and Education Department-Externally Aided Project||Public Works Health and Education Department-WB,Baithalangso,782450.0,2.0,"20,85,39,700",JOHN MILLIK,"246,074,365",Accepted-AOC,02-Apr-2026,Public Works Health and Education Department-Externally Aided Project||Public Works Health and Education Department-WB
2025_APGCL_48078_1,APGCL/CGM (Gen)/2025-26/Air Filter-GT-7-LTPS/27,Supply of 360 nos. of High Efficiency Cellulose Media Air Filter,"Supply of 360 nos. of High Efficiency Cellulose Media Air Filter for GE/BHEL make Frame-5, 20 MW Gas Turbine Inlet Air Filter System of GT Unit at Lakwa Thermal Power Station (LTPS), APGCL",Goods,Open Tender,Supply,Supply of Materials,No,No,NA ,16-Oct-2025 03:00 PM,NA ,180.0,No ,No,Online,12-Nov-2025 03:00 PM,Assam Power Generation Company Limited,Lakwa Thermal Power Station,785689.0,2.0,"12,95,317",CAMFIL INDIA PVT. LTD,"1,104,480",Rejected-Technical,02-Apr-2026,Assam Power Generation Company Limited
2025_PWD_45926_42,CE/DEV/TB/60/2025-26/06 Dtd- 14.07.2025,MMPPNA_RIDF_XXXI_25_26_171 Construction of Road (1) Uriabasti Link Road via Nefa Tiniali Kalahandi LP School (2) Monabari village Road Sobilal Telenga under Mukhya Mantrir Paki Path Nirman Achani (MMPPNA) under RIDF-XXXI of NABARD for the year 2025-2,MMPPNA_RIDF_XXXI_25_26_171 Construction of Road (1) Uriabasti Link Road via Nefa Tiniali Kalahandi LP School (2) Monabari village Road Sobilal Telenga under Mukhya Mantrir Paki Path Nirman Achani (MMPPNA) under RIDF-XXXI of NABARD for the year 2025-2,Works,Open Tender,Item Rate,Civil Works – Roads,No,No,NA ,28-Jul-2025 12:00 PM,04-Aug-2025 12:00 PM ,180.0,No ,No,Online,14-Aug-2025 02:30 PM,Public Works Roads Department,Behali,784166.0,2.0,"3,49,53,000",PUNYA SARMA,"34,953,000",Accepted-AOC,22-Apr-2026,Public Works Roads Department
2025_PWBNH_48600_4,Tech-IV(H_E)/RIDF XXXI/01/2025/30 Dated Guwahati the 22nd Oct 2025,Construction of 100 Secondary Schools in 35 Districts of Assam under RIDF-XXXI (2025-26) for Dhamdhama HS School under Nalbari DTBD Package 36,Construction of 100 Secondary Schools in 35 Districts of Assam under RIDF-XXXI (2025-26) for Dhamdhama HS School under Nalbari DTBD Package 36,Works,Open Tender,Item Rate,Civil Works - Building,No,No,NA ,14-Nov-2025 05:00 PM,17-Nov-2025 11:30 AM ,180.0,No ,No,Online,03-Dec-2025 04:00 PM,Public Works Building and NH Department||Chief Engineer-Building - PWBNH,Nalbari,781334.0,2.0,"4,13,13,620",Pranab Talukdar,"43,172,454",Rejected-AOC,08-Apr-2026,Public Works Building and NH Department||Chief Engineer-Building - PWBNH
2026_BTC_50188_1,ACE-25/PWD/IFB/BTC/2025-26/64,"Construction of New Building of 100 Secondary Schools in 35 Districts of Assam under RIDF-XXXI (2025-26) at Gossaigaon Collegiate High School, Gossaigaon in Kokrajhar District under Kokrajhar and Chirang DTBD. (Package-81)","Construction of New Building of 100 Secondary Schools in 35 Districts of Assam under RIDF-XXXI (2025-26) at Gossaigaon Collegiate High School, Gossaigaon in Kokrajhar District under Kokrajhar and Chirang DTBD.",Works,Open Tender,Works,Civil Works,No,No,NA ,12-Jan-2026 05:00 PM,24-Jan-2026 12:00 PM ,180.0,No ,No,Online,02-Feb-2026 03:00 PM,Bodoland Territorial Council-PWD||Director Cum CHD - PWD BTC,Kokrajhar,783370.0,2.0,"3,96,75,000",DHRUBAJYOTI DAS,"39,674,348",Accepted-AOC,30-Apr-2026,Bodoland Territorial Council-PWD||Director Cum CHD - PWD BTC
2026_BTC_50175_1,125/ACE/NIT/Infra/BTC/2022-23,"Panery College (Construction of Administrative Block, RCC, Gr. Floor only for the year 2025-26. (TN_15_5)","Panery College (Construction of Administrative Block, RCC, Gr. Floor only for the year 2025-26).",Works,Open Tender,Item Rate,Civil Works - Building,No,No,NA ,12-Jan-2026 10:00 AM,NA ,180.0,No ,No,Online,03-Feb-2026 11:00 AM,Bodoland Territorial Council-PWD||Director Cum CHD - PWD BTC,Udalguri,784509.0,2.0,"92,50,000",HARESWAR BORO,"9,249,000",Accepted-AOC,02-Apr-2026,Bodoland Territorial Council-PWD||Director Cum CHD - PWD BTC
2025_BTC_49248_3,ACE-22/PWD/NIT/GOODWILL/25-26,Construction of ICBP road from Malmura L.P. School to Pakribari under CMs Goodwill Mission Project under RIDF-XXXI in Udalguri District for the year 2025-26. (Package No. TN_68_UDL_RIDF-XXXI_03),Construction of ICBP road from Malmura L.P. School to Pakribari under CMs Goodwill Mission Project under RIDF-XXXI in Udalguri District for the year 2025-26.,Works,Open Tender,Item Rate,Civil Works – Roads,No,No,NA ,12-Dec-2025 10:00 AM,26-Dec-2025 12:00 PM ,180.0,No ,No,Online,03-Jan-2026 11:00 AM,Bodoland Territorial Council-PWD||Director Cum CHD - PWD BTC,Udalguri,784509.0,2.0,"99,99,428",CHITTARANJAN BISWAS,"9,996,500",Accepted-AOC,22-Apr-2026,Bodoland Territorial Council-PWD||Director Cum CHD - PWD BTC
2026_BTC_50580_1,125/ACE/NIT/Infra/BTC/2022-23,Development of Tangla Weekly Market in Udalguri District. (TN_103_1),Development of Tangla Weekly Market in Udalguri District.,Works,Open Tender,Item Rate,Civil Works - Building,No,No,NA ,27-Jan-2026 10:00 AM,NA ,180.0,No ,No,Online,16-Feb-2026 03:00 PM,Bodoland Territorial Council-PWD||Director Cum CHD - PWD BTC,Udalguri,784509.0,2.0,"1,00,00,000",Pabitra Boro,"9,999,998.88",Rejected-AOC,22-Apr-2026,Bodoland Territorial Council-PWD||Director Cum CHD - PWD BTC
2025_BoTC_49519_1,TECH-28/SE(RB)/2019-20/2,Construction of road from Dihira to Doomni Bagan Batabari RF connecting road under CMs Goodwill Mission Project (RIDF XXXI of NABARD) for the year 2025-26. TN_384_9.,Construction of road from Dihira to Doomni Bagan Batabari RF connecting road under CMs Goodwill Mission Project (RIDF XXXI of NABARD) for the year 2025-26. TN_384_9.,Works,Open Tender,Works,Civil Works – Roads,No,No,NA ,20-Dec-2025 02:00 PM,NA ,180.0,No ,No,Online,12-Jan-2026 02:00 PM,Bodoland Territorial Council||PWD-BTC,Baksa,781346.0,2.0,"99,99,964",Pradip Narzary,"9,998,987",Accepted-AOC,27-Apr-2026,Bodoland Territorial Council||PWD-BTC
2026_DoWR_49904_1,MAJULI/2025-26/PDNA/WORK/I,Restoration of damaged embankment (B/dyke from Kamalabari to Gowalgaon) at Alimur and other adjoining areas from flood damages of river Brahmaputra.,Restoration of damaged embankment (B/dyke from Kamalabari to Gowalgaon) at Alimur and other adjoining areas from flood damages of river Brahmaputra.,Works,Open Tender,Works,Civil Works,No,No,NA ,03-Jan-2026 06:55 PM,NA ,180.0,No ,No,Online,19-Jan-2026 03:00 PM,Department of Water Resources||Chief Engineer - DoWR,MAJULI,785104.0,2.0,"2,19,29,356",Rabindra Chhawchharia,"21,919,570.07",Accepted-AOC,06-Apr-2026,Department of Water Resources||Chief Engineer - DoWR
2025_DoWR_49721_1,NALBARI/2025-26/PDNA/WORK/I,Restoration of damaged embankment of river Noona from GK Ali to Gargari on L/B and from GK Ali to Milan Bazar on R/B.,Restoration of damaged embankment of river Noona from GK Ali to Gargari on L/B and from GK Ali to Milan Bazar on R/B.,Works,Open Tender,Works,Civil Works,No,No,NA ,29-Dec-2025 06:55 PM,NA ,180.0,No ,No,Online,08-Jan-2026 03:00 PM,Department of Water Resources||Chief Engineer - DoWR,Nalbari,781335.0,2.0,"7,30,32,985",RUDRA CONSTRUCTION AND SUPPLY,"73,028,549.54",Accepted-AOC,27-Apr-2026,Department of Water Resources||Chief Engineer - DoWR
2026_DoWR_51011_1,MORIGAON/2025-26/SOPD-G/VIII,Construction of Flood Embankment on Right B ank of River Pokoria from Tetliguri to Patekibori.(Ph II)Package No. 02,Construction of Flood Embankment on Right B ank of River Pokoria from Tetliguri to Patekibori.(Ph II)Package No. 02,Works,Open Tender,Works,Civil Works,No,No,NA ,10-Feb-2026 06:55 PM,NA ,180.0,No ,No,Online,19-Feb-2026 03:00 PM,Department of Water Resources||Chief Engineer - DoWR,"Teteliguri, Morigaon",782411.0,2.0,"2,72,58,328",KEA CONSULTANTS PRIVATE LIMITED,"27,253,985.4",Accepted-AOC,24-Apr-2026,Department of Water Resources||Chief Engineer - DoWR
2025_PWD_45408_51,CE/DEV/TB/60/2025-26/01 Dtd- 21.06.2025,MMPPNA_RIDF_XXXI_25_26_109 Construction of Road From (1) Sondha Chatra Link Road to Baishya Suburi Namghar via Prafulla Kalita House (2) Sanjay Das House to Sonkuriha Harimandiar with Chanda Harizan House via Tapan Das House (3) Jaijabari Allia Link,MMPPNA_RIDF_XXXI_25_26_109 Construction of Road From (1) Sondha Chatra Link Road to Baishya Suburi Namghar via Prafulla Kalita House (2) Sanjay Das House to Sonkuriha Harimandiar with Chanda Harizan House via Tapan Das House (3) Jaijabari Allia Link,Works,Open Tender,Item Rate,Civil Works – Roads,No,No,NA ,10-Jul-2025 10:00 AM,17-Jul-2025 12:00 PM ,180.0,No ,No,Online,28-Jul-2025 02:30 PM,Public Works Roads Department,Nalbari,781335.0,2.0,"3,10,30,000",Utpaljyoti Bujar Baruah,"31,029,834",Rejected-Finance,23-Apr-2026,Public Works Roads Department
2025_UDD_49731_1,NIT NO 17-2025-26,Drainage Work inside and outside of Waste management campus at Barpeta under the Tied Grant 2023-24 (1st Instl) during the year 2024-25,Drainage Work inside and outside of Waste management campus at Barpeta under the Tied Grant 2023-24 1st Instl during the year 2024-25,Works,Open Tender,Item Rate,Civil Works,No,No,NA ,30-Dec-2025 12:30 PM,NA ,180.0,No ,No,Online,21-Jan-2026 03:00 PM,Urban Development Department||Directorate of Municipality Administration - UDD||Barpeta Municipal Board,BMB,781301.0,2.0,"25,62,958",DIPANKAR BAYAN,"2,561,904",Accepted-AOC,21-Apr-2026,Urban Development Department||Directorate of Municipality Administration - UDD||Barpeta Municipal Board
2025_PWD_45926_94,CE/DEV/TB/60/2025-26/06 Dtd- 14.07.2025,MMPPNA_RIDF_XXXI_25_26_343 Construction of Na-Ali to Tepor Ali via Malakhubosa Khamun Gaon from Ch. 0.00m to Ch. 2500.00m under Mukhya Mantrir Paki Path Nirman Achani (MMPPNA) under RIDF-XXXI of NABARD for the year 2025-26.,MMPPNA_RIDF_XXXI_25_26_343 Construction of Na-Ali to Tepor Ali via Malakhubosa Khamun Gaon from Ch. 0.00m to Ch. 2500.00m under Mukhya Mantrir Paki Path Nirman Achani (MMPPNA) under RIDF-XXXI of NABARD for the year 2025-26.,Works,Open Tender,Item Rate,Civil Works – Roads,No,No,NA ,30-Jul-2025 02:00 PM,04-Aug-2025 12:00 PM ,180.0,No ,No,Online,14-Aug-2025 02:30 PM,Public Works Roads Department,Sivasagar,785640.0,2.0,"2,20,38,000",SUNMONI BURAGOHAIN,"22,038,000",Rejected-Finance,22-Apr-2026,Public Works Roads Department
2026_BTC_51034_1,ACE-25/PWD/IFB/BTC/2025-26/70,Repairing of Road from Alisinga Chowk to Balisiha Jungle under SOPD-BTC for the year 2025-26. (TN_118_1),Repairing of Road from Alisinga Chowk to Balisiha Jungle under SOPD-BTC for the year 2025-26.,Works,Open Tender,Item Rate,Civil Works,No,No,NA ,10-Feb-2026 05:00 PM,18-Feb-2026 12:00 PM ,180.0,No ,No,Online,02-Mar-2026 03:00 PM,Bodoland Territorial Council-PWD||Director Cum CHD - PWD BTC,Udalguri,784509.0,2.0,"92,01,598",SUNNY BASUMATARY,"9,200,000",Rejected-AOC,27-Apr-2026,Bodoland Territorial Council-PWD||Director Cum CHD - PWD BTC
2025_PWD_47045_1,Tech/2083 dated 18/08/2025,Construction of SPT Bridge No 2/2 on Akadi to Dakhin Singra Road over river Borolia under SOPD-G for the year 2024-25,Construction of SPT Bridge No 2/2 on Akadi to Dakhin Singra Road over river Borolia under SOPD-G for the year 2024-25 Pkg No NKTRD(R)/ SOPD(G)/ 2025-26/18,Works,Open Tender,Item Rate,Civil Works - Bridges,No,No,NA ,28-Aug-2025 11:00 AM,28-Aug-2025 12:00 PM ,180.0,No ,No,Online,08-Sep-2025 01:00 PM,Public Works Roads Department,Rangia LAC,781354.0,2.0,"48,30,000",MD. IMDAD HUSSAIN,"4,829,860",Rejected-AOC,13-Mar-2026,Public Works Roads Department
2026_DoWR_50357_1,MORIGAON/2025-26/M AND R/III,M and R to protect left bank of river Pokoria at Buraburi area from ersoion for the year 2025-26.,M and R to protect left bank of river Pokoria at Buraburi area from ersoion for the year 2025-26.,Works,Open Tender,Works,Civil Works,No,No,NA ,19-Jan-2026 06:55 PM,NA ,180.0,No ,No,Online,30-Jan-2026 03:00 PM,Department of Water Resources||Chief Engineer - DoWR,Morigaon,782105.0,2.0,"2,56,24,831",D KUMAR AND COMPANY,"25,620,835.65",Accepted-AOC,29-Apr-2026,Department of Water Resources||Chief Engineer - DoWR
2026_BTC_51034_3,ACE-25/PWD/IFB/BTC/2025-26/70,Const. of CC Block road from Assam Mala to Dhupgurigaon Under SOPD (BTC) for the year 2025-26. (TN_118_3),Const. of CC Block road from Assam Mala to Dhupgurigaon Under SOPD (BTC) for the year 2025-26.,Works,Open Tender,Item Rate,Civil Works,No,No,NA ,10-Feb-2026 05:00 PM,18-Feb-2026 12:00 PM ,180.0,No ,No,Online,02-Mar-2026 03:00 PM,Bodoland Territorial Council-PWD||Director Cum CHD - PWD BTC,Udalguri,784509.0,2.0,"78,29,998",Rahamat Ali,"7,828,580.48",Rejected-AOC,13-Apr-2026,Bodoland Territorial Council-PWD||Director Cum CHD - PWD BTC
2025_DoWR_49587_1,UDALGURI/2025-26/PDNA/SUPPLY/I,Restoration of embankment on L/B of Golondi river at Bekigaon area (Items of Supply). Package 1,Restoration of embankment on L/B of Golondi river at Bekigaon area (Items of Supply). Package 1,Goods,Open Tender,Supply,Supply of Materials,No,No,NA ,23-Dec-2025 06:55 PM,NA ,180.0,No ,No,Online,05-Jan-2026 03:00 PM,Department of Water Resources||Chief Engineer - DoWR,Udalguri,784509.0,2.0,"32,90,758",Ashit Roy,"3,288,650",Accepted-AOC,02-Apr-2026,Department of Water Resources||Chief Engineer - DoWR
2025_PWBNH_48518_13,Tech-IV(H_E)/RIDF XXXI/01/2025/30 Dated Guwahati the 22nd Oct 2025,Construction of 100 Secondary Schools in 35 Districts of Assam under RIDF-XXXI (2025-26) for Phulbari HS School under North Lakhimpur DTBD (pkg-24),Construction of 100 Secondary Schools in 35 Districts of Assam under RIDF-XXXI (2025-26) for Phulbari HS School under North Lakhimpur DTBD (pkg-24),Works,Open Tender,Item Rate,Civil Works - Building,No,No,NA ,12-Nov-2025 09:00 AM,13-Nov-2025 11:00 AM ,180.0,No ,No,Online,26-Nov-2025 04:00 PM,Public Works Building and NH Department||Chief Engineer-Building - PWBNH,North Lakhimpur,787001.0,2.0,"4,08,06,494",KUSHAL KONCH,"40,806,494",Rejected-AOC,27-Apr-2026,Public Works Building and NH Department||Chief Engineer-Building - PWBNH
2025_PWD_45926_174,CE/DEV/TB/60/2025-26/06 Dtd- 14.07.2025,"MMPPNA_RIDF_XXXI_25_26_198 Construction of Road from (1) Bokulduba Ali to Kaibarta Doloni Gaon Road, Length- 2.280 km, (2) Sensua Gaon Ali to Jiyamari Changmai Chuk Road, Length-1.645 km under Mukhya Mantrir Paki Path Nirman Achani (MMPPNA) under RID","MMPPNA_RIDF_XXXI_25_26_198 Construction of Road from (1) Bokulduba Ali to Kaibarta Doloni Gaon Road, Length- 2.280 km, (2) Sensua Gaon Ali to Jiyamari Changmai Chuk Road, Length-1.645 km under Mukhya Mantrir Paki Path Nirman Achani (MMPPNA) under RID",Works,Open Tender,Item Rate,Civil Works – Roads,No,No,NA ,02-Aug-2025 06:55 PM,04-Aug-2025 12:00 PM ,180.0,No ,No,Online,14-Aug-2025 02:30 PM,Public Works Roads Department,Demow,785662.0,2.0,"3,51,45,000",M/s B.K. Mozika,"35,144,990",Accepted-AOC,27-Apr-2026,Public Works Roads Department
2025_NHM_47580_1,509727/2025-26 date 18-09-2025,Printing and supply of Bed Head Ticket,Printing and supply of Bed Head Ticket,Goods,Limited,Item Wise,Publishing/Printing,No,No,NA ,18-Sep-2025 03:00 PM,NA ,90.0,No ,No,Online,22-Sep-2025 02:00 PM,National Health Mission||State Programme Management Unit - NHM,34 district ware house,781005.0,1.0,"51,94,000",MAA MANASHA PRINTERS,"4,693,602.04",Rejected-Finance,27-Apr-2026,National Health Mission||State Programme Management Unit - NHM
2025_PWBNH_48600_7,Tech-IV(H_E)/RIDF XXXI/01/2025/30 Dated Guwahati the 22nd Oct 2025,"Construction of New School Building of 100 Secondary School in 35 Districts of Assam under RDIF-XXXI (2025-26) for Kalangpur Hig School, under Biswanath DTBD package no 4","Construction of New School Building of 100 Secondary School in 35 Districts of Assam under RDIF-XXXI (2025-26) for Kalangpur Hig School, under Biswanath DTBD package no 4",Works,Open Tender,Item Rate,Civil Works - Building,No,No,NA ,14-Nov-2025 05:00 PM,17-Nov-2025 11:30 AM ,180.0,No ,No,Online,03-Dec-2025 04:00 PM,Public Works Building and NH Department||Chief Engineer-Building - PWBNH,Biswanath,784176.0,2.0,"4,08,35,304",M/s A.G. Construction,"44,180,606",Rejected-AOC,08-Apr-2026,Public Works Building and NH Department||Chief Engineer-Building - PWBNH
2026_DoWR_49826_1,NAGAON/2025-26/PDNA/WORK/II,Restoration of damaged section along left bank embankment of river Kopilli from Changchaki to Siuguri at Nelipar and its adjoining areas.,Restoration of damaged section along left bank embankment of river Kopilli from Changchaki to Siuguri at Nelipar and its adjoining areas.,Works,Open Tender,Works,Civil Works,No,No,NA ,01-Jan-2026 06:00 PM,NA ,180.0,No ,No,Online,13-Jan-2026 03:00 PM,Department of Water Resources||Chief Engineer - DoWR,NAGAON,782001.0,2.0,"89,99,784",SANKAR JYOTI SARMAH,"8,998,995",Rejected-AOC,22-Apr-2026,Department of Water Resources||Chief Engineer - DoWR
2025_DoWR_47594_2,MORIGAON/2025-26/RIDF/I,Construction of T-Dyke along left bank of river Killing from Soniakuchi to Sitajakhala.,Construction of T-Dyke along left bank of river Killing from Soniakuchi to Sitajakhala.,Works,Open Tender,Works,Civil Works,No,No,NA ,12-Dec-2025 09:00 AM,NA ,180.0,No ,No,Online,20-Dec-2025 03:00 PM,Department of Water Resources||Chief Engineer - DoWR,Morigaon,782105.0,2.0,"10,81,43,910",D KUMAR AND COMPANY,"108,116,616.98",Accepted-AOC,17-Apr-2026,Department of Water Resources||Chief Engineer - DoWR
2025_PWD_48623_1,TB/282/DNTRD/2025-26,Construction of road from Gamirkchuk to Ghunasuti Tiniali via Tamar Chuk. under SOPD (G) for the year 2025-26.,Construction of road from Gamirkchuk to Ghunasuti Tiniali via Tamar Chuk. under SOPD (G) for the year 2025-26.,Works,Open Tender,Works,Civil Works – Roads,No,No,NA ,21-Nov-2025 10:00 AM,22-Nov-2025 02:00 PM ,90.0,No ,No,Online,06-Dec-2025 04:00 PM,Public Works Roads Department,Dhakuakhana,787053.0,2.0,"28,00,000",Manoranjan Taid,"2,800,000",Rejected-AOC,20-Jan-2026,Public Works Roads Department
2025_BTC_49248_1,ACE-22/PWD/NIT/GOODWILL/25-26,Construction of ICBP road from Kutub Kachary House to Swdwmshri L.P. School of North Bagaribari under CMs Goodwill Mission Project under RIDF-XXXI in Udalguri District for the year 2025-26. (Package No. TN_68_UDL_RIDF-XXXI_01),Construction of ICBP road from Kutub Kachary House to Swdwmshri L.P. School of North Bagaribari under CMs Goodwill Mission Project under RIDF-XXXI in Udalguri District for the year 2025-26.,Works,Open Tender,Item Rate,Civil Works – Roads,No,No,NA ,12-Dec-2025 10:00 AM,26-Dec-2025 12:00 PM ,180.0,No ,No,Online,03-Jan-2026 11:00 AM,Bodoland Territorial Council-PWD||Director Cum CHD - PWD BTC,Udalguri,784509.0,2.0,"1,50,00,000",Durga Baro,"14,999,965.33",Rejected-AOC,02-Apr-2026,Bodoland Territorial Council-PWD||Director Cum CHD - PWD BTC
2025_PWD_47043_4,SBRC/GOH/2025-26,Reconstruction of Flood Damaged Rajgarh Road to Noya Ghogra by Gravel Wearing Course (GWC) under SOPD-G for the year 2025-26 under Gohpur Civil Sub Division Territorial Road Division of Biswanath District. Gohpur LAC. Package No. SBRC/GOH/2025-26/04,Reconstruction of Flood Damaged Rajgarh Road to Noya Ghogra by Gravel Wearing Course (GWC) under SOPD-G for the year 2025-26 under Gohpur Civil Sub Division Territorial Road Division of Biswanath District. Gohpur LAC. Package No. SBRC/GOH/2025-26/04,Works,Open Tender,Item Rate,Civil Works – Roads,No,No,NA ,28-Aug-2025 10:00 AM,01-Sep-2025 02:00 PM ,180.0,No ,No,Online,10-Sep-2025 11:00 AM,Public Works Roads Department,Gohpur LAC,784168.0,2.0,"89,29,926",Pinku Sarkar,"8,929,500",Rejected-AOC,06-Apr-2026,Public Works Roads Department
2026_PWD_50058_14,PRTRD/RKN/PDNA/ET/2026/1302,PRTRD_PDNA_ET_25_26_14 Recovery and reconstruction of road from Patharkandi-Kazirbazar at Duhalia to Burunga Punjee in Patharkandi LAC under NDRF (PDNA-2022) for the year 2025-26,PRTRD_PDNA_ET_25_26_14 Recovery and reconstruction of road from Patharkandi-Kazirbazar at Duhalia to Burunga Punjee in Patharkandi LAC under NDRF (PDNA-2022) for the year 2025-26,Works,Open Tender,Item Rate,Civil Works,No,No,NA ,09-Jan-2026 02:00 PM,12-Jan-2026 12:00 PM ,180.0,No ,No,Online,28-Jan-2026 11:00 AM,Public Works Roads Department,RK Nagar,788166.0,2.0,"39,56,690",BISHNU SHARMA,"3,956,690",Accepted-AOC,20-Apr-2026,Public Works Roads Department
2026_DoWR_50682_1,MORIGAON/2025-26/SOPD G/VI,Restoration of Kollong R/B Embankment at Naramari area from Ch. 29 Km to 32.5 Km including protection work for the year 2025-26.,Restoration of Kollong R/B Embankment at Naramari area from Ch. 29 Km to 32.5 Km including protection work for the year 2025-26.,Works,Open Tender,Works,Civil Works,No,No,NA ,31-Jan-2026 06:00 PM,NA ,180.0,No ,No,Online,12-Feb-2026 03:00 PM,Department of Water Resources||Chief Engineer - DoWR,Morigaon,782105.0,2.0,"6,18,99,727",D KUMAR AND COMPANY,"61,895,435.1",Accepted-AOC,23-Apr-2026,Department of Water Resources||Chief Engineer - DoWR
2026_DoWR_50463_1,MORIGAON/2025-26/M AND R/III,M and R to protect right bank of river Pokoria at Kawrihagi area from erosion for the year 2025-26.,M and R to protect right bank of river Pokoria at Kawrihagi area from erosion for the year 2025-26.,Works,Open Tender,Works,Civil Works,No,No,NA ,21-Jan-2026 06:55 PM,NA ,180.0,No ,No,Online,30-Jan-2026 03:00 PM,Department of Water Resources||Chief Engineer - DoWR,Morigaon,782105.0,2.0,"1,87,64,904",D KUMAR AND COMPANY,"18,757,747.97",Accepted-AOC,17-Apr-2026,Department of Water Resources||Chief Engineer - DoWR
2025_PWD_45926_161,CE/DEV/TB/60/2025-26/06 Dtd- 14.07.2025,MMPPNA_RIDF_XXXI_25_26_310 Improvement of (1) Kadamtala to Gamariya road (L-8.490km in stretches) with protection work of Samridhhipur road (2) road from Bidyanagar tri-junction to Dullavcherra TE factory road (L-8.90 Km) under Mukhya Mantrir Paki Pa,MMPPNA_RIDF_XXXI_25_26_310 Improvement of (1) Kadamtala to Gamariya road (L-8.490km in stretches) with protection work of Samridhhipur road (2) road from Bidyanagar tri-junction to Dullavcherra TE factory road (L-8.90 Km) under Mukhya Mantrir Paki Pa,Works,Open Tender,Item Rate,Civil Works – Roads,No,No,NA ,01-Aug-2025 06:00 PM,04-Aug-2025 12:00 PM ,180.0,No ,No,Online,14-Aug-2025 02:30 PM,Public Works Roads Department,R K Nagar,788166.0,2.0,"6,27,14,000",T.Y. Engineering Pvt. Ltd.,"62,714,000",Rejected-Finance,22-Apr-2026,Public Works Roads Department
2025_UDD_45183_2,DMB.245/20224-25/137,Nam Doomdoomia PWSS,Construction of Nam Doomdoomia PWSS at Dhing Town,Works,Open Tender,Item Rate,Civil Works,No,No,NA ,31-Oct-2025 05:30 PM,03-Nov-2025 02:00 PM ,180.0,No ,No,Online,14-Nov-2025 02:30 PM,Urban Development Department||Directorate of Municipality Administration - UDD||Dhing Municipal Board,"Dhing Town, Nagaon.",782123.0,2.0,"87,20,000",SWAPAN KUMAR SAHA,"7,848,000",Rejected-Finance,11-Feb-2026,Urban Development Department||Directorate of Municipality Administration - UDD||Dhing Municipal Board
2026_BTC_50909_1,No.ACE-133/PWD/G.79/2025-26/65,Repairing and Renovation of Fakiragram H.S. School. TN_107_02,Repairing and Renovation of Fakiragram H.S. School. TN_107_02,Works,Open Tender,Item Rate,Civil Works - Building,No,No,NA ,07-Feb-2026 12:00 PM,NA ,180.0,No ,No,Online,21-Feb-2026 02:00 PM,Bodoland Territorial Council-PWD||Director Cum CHD - PWD BTC,Kokrajhar,783370.0,2.0,"59,98,039",M/S A.R ENTERPRISE,"5,998,000.48",Accepted-AOC,23-Apr-2026,Bodoland Territorial Council-PWD||Director Cum CHD - PWD BTC
2026_BTC_50188_11,ACE-25/PWD/IFB/BTC/2025-26/64,"Construction of New Building of 100 Secondary Schools in 35 Districts of Assam under RIDF-XXXI (2025-26) at Golmagaon H.E. School, Udalguri under Udalguri and Baksa DTBD. (Package-91)","Construction of New Building of 100 Secondary Schools in 35 Districts of Assam under RIDF-XXXI (2025-26) at Golmagaon H.E. School, Udalguri under Udalguri and Baksa DTBD.",Works,Open Tender,Works,Civil Works,No,No,NA ,13-Jan-2026 10:00 AM,24-Jan-2026 12:00 PM ,180.0,No ,No,Online,02-Feb-2026 03:00 PM,Bodoland Territorial Council-PWD||Director Cum CHD - PWD BTC,Udalguri,784509.0,2.0,"3,98,38,000",MR DIPAK SARMA,"39,830,000",Rejected-AOC,30-Apr-2026,Bodoland Territorial Council-PWD||Director Cum CHD - PWD BTC
2026_APGCL_50620_1,APGCL/CGM NRE/GORUKHUTI/2025/5407/15,"Engagement of consultant for Feasibility study, preparation of PFR and DPR","Engagement of consultant for Feasibility study, preparation of Pre-Feasibility Report (PFR) and Detailed Project Report (DPR) for setting up of 25 MW(AC) Agrivoltaic Project at Garukhuti, Assam.",Services,Open Tender,Works,Consultancy,No,No,NA ,30-Jan-2026 10:00 AM,12-Feb-2026 12:00 PM ,180.0,No ,No,Online,07-Mar-2026 12:00 PM,Assam Power Generation Company Limited,"Garukhuti Bahumukhi Krishi Prakalpa, Darrang",784145.0,2.0,,Power And Energy Consultants India Ltd,"1,561,140",Rejected-Finance,10-Apr-2026,Assam Power Generation Company Limited
2025_NHM_45472_1,497523/2025-26 DATE 09-07-2025,"Printing, and supply of OPD register under IDSP","Printing, and supply of OPD register under IDSP",Goods,Limited,Item Wise,Publishing/Printing,No,No,NA ,10-Jul-2025 09:00 AM,NA ,90.0,No ,No,Online,14-Jul-2025 03:00 PM,National Health Mission||State Programme Management Unit - NHM,35 district warehous,781005.0,1.0,"35,00,000",S S Graphics,"3,498,936",Rejected-Finance,23-Apr-2026,National Health Mission||State Programme Management Unit - NHM
2026_BTC_50975_1,No.ACE-133/PWD/G.79/2025-26/66,"Infrastructure development at Gaurihati Raas Mela ground near Khoirabari town under SOPD Bodoland Welfare Department, 2025-26. TN_108_12","Infrastructure development at Gaurihati Raas Mela ground near Khoirabari town under SOPD Bodoland Welfare Department, 2025-26. TN_108_12",Works,Open Tender,Item Rate,Civil Works - Building,No,No,NA ,09-Feb-2026 09:00 AM,NA ,180.0,No ,No,Online,21-Feb-2026 02:00 PM,Bodoland Territorial Council-PWD||Director Cum CHD - PWD BTC,Kokrajhar,783370.0,2.0,"49,99,981",MADAN DEBNATH,"4,999,900",Accepted-AOC,28-Apr-2026,Bodoland Territorial Council-PWD||Director Cum CHD - PWD BTC
2025_DoWR_49567_1,SONITPUR/2025-26/PDNA/SUPPLY/I,Procurement of supply materials for restoration of damages to the embankment of river Depota.,Procurement of supply materials for restoration of damages to the embankment of river Depota.,Goods,Open Tender,Supply,Supply of Materials,No,No,NA ,22-Dec-2025 09:00 AM,NA ,180.0,No ,No,Online,05-Jan-2026 03:00 PM,Department of Water Resources||Chief Engineer - DoWR,Sonitpur,784001.0,2.0,"42,52,342",SUNTECH GEOTEXTILE PVT. LTD.,"4,244,000",Rejected-AOC,02-Apr-2026,Department of Water Resources||Chief Engineer - DoWR
2025_PWD_47085_59,CE/DEV/TB/60/2025-26/15 Dtd- 06.08.2025,MMPPNA_RIDF_XXXI_25_26_455 (i) Improvement of Road Starting from NH- 37 to Srigouri (ii) Strengthening of Kaliganj Bagbari Road (iii) Improvement of road starting from Kaliganj Chandrapur PWD Road to Daspara Kali Mandir via Notun basti Jame Masjid (i,MMPPNA_RIDF_XXXI_25_26_455 (i) Improvement of Road Starting from NH- 37 to Srigouri (ii) Strengthening of Kaliganj Bagbari Road (iii) Improvement of road starting from Kaliganj Chandrapur PWD Road to Daspara Kali Mandir via Notun basti Jame Masjid (i,Works,Open Tender,Item Rate,Civil Works – Roads,No,No,NA ,06-Sep-2025 05:00 PM,06-Sep-2025 06:00 PM ,180.0,No ,No,Online,19-Sep-2025 02:30 PM,Public Works Roads Department,Sribhumi North,788710.0,2.0,"4,85,57,000",GAYATRI SINGH,"48,555,000",Accepted-AOC,27-Apr-2026,Public Works Roads Department
2026_BTC_51034_10,ACE-25/PWD/IFB/BTC/2025-26/70,Improvement with widening of road from Kopati Chowk to Khajuabil Batallion Camp along with drainage system under SOPD-BTC for the year 2025-26. (TN_118_10),Improvement with widening of road from Kopati Chowk to Khajuabil Batallion Camp along with drainage system under SOPD-BTC for the year 2025-26.,Works,Open Tender,Item Rate,Civil Works,No,No,NA ,11-Feb-2026 10:00 AM,18-Feb-2026 12:00 PM ,180.0,No ,No,Online,02-Mar-2026 03:00 PM,Bodoland Territorial Council-PWD||Director Cum CHD - PWD BTC,Udalguri,784509.0,2.0,"2,91,44,000",NELSON BASUMATARY,"29,143,000",Accepted-AOC,02-Apr-2026,Bodoland Territorial Council-PWD||Director Cum CHD - PWD BTC
2025_PWD_45926_159,CE/DEV/TB/60/2025-26/06 Dtd- 14.07.2025,MMPPNA_RIDF_XXXI_25_26_353 Construction of (i) Balijan to Gandhi Ali Connecting Road (Ch. 0.00m to Ch 1250.00 m) (ii) Baghchung to Baghmoria path (Ch. 0.00m to Ch. 500.00 m and Ch. 1000.00 m to 2000.00 m) under Mukhya Mantrir Paki Path Nirman Achani,MMPPNA_RIDF_XXXI_25_26_353 Construction of (i) Balijan to Gandhi Ali Connecting Road (Ch. 0.00m to Ch 1250.00 m) (ii) Baghchung to Baghmoria path (Ch. 0.00m to Ch. 500.00 m and Ch. 1000.00 m to 2000.00 m) under Mukhya Mantrir Paki Path Nirman Achani,Works,Open Tender,Item Rate,Civil Works – Roads,No,No,NA ,01-Aug-2025 06:00 PM,04-Aug-2025 12:00 PM ,180.0,No ,No,Online,14-Aug-2025 02:30 PM,Public Works Roads Department,Titabor,785630.0,2.0,"2,46,25,000",RUPANJAL BORBORUAH,"24,623,000",Accepted-AOC,23-Apr-2026,Public Works Roads Department
2025_PWD_45926_78,CE/DEV/TB/60/2025-26/06 Dtd- 14.07.2025,"MMPPNA_RIDF_XXXI_25_26_172 Construction of (1) Road from Lalpani (Pavoi-Borgang road) to Pub-Gingia (Pavoi - Borgang road) via Aragang Fishery of Pub-Gingia Village, Baghmora Mouza (Apart Balance work) (2) Road NH-15 at Madurali Eragang Road under Mu","MMPPNA_RIDF_XXXI_25_26_172 Construction of (1) Road from Lalpani (Pavoi-Borgang road) to Pub-Gingia (Pavoi - Borgang road) via Aragang Fishery of Pub-Gingia Village, Baghmora Mouza (Apart Balance work) (2) Road NH-15 at Madurali Eragang Road under Mu",Works,Open Tender,Item Rate,Civil Works – Roads,No,No,NA ,30-Jul-2025 09:00 AM,04-Aug-2025 12:00 PM ,180.0,No ,No,Online,14-Aug-2025 02:30 PM,Public Works Roads Department,Behali,784166.0,2.0,"2,76,44,000",RAGHUPATI BOSE,"27,644,000",Accepted-AOC,22-Apr-2026,Public Works Roads Department
2025_PWD_49573_57,CE/Commn/192/PDNA/2025-26/02,PDNA/ Nalbari /02,Recovery and Reconstruction of RCC Brige No 1/2 on Dhamdhama- Chataibari Road approach damaged under NDRF (PDNA-2022) for the year 2025-26,Works,Open Tender,Item Rate,Civil Works – Roads,No,No,NA ,24-Dec-2025 01:30 PM,26-Dec-2025 04:00 PM ,180.0,No ,No,Online,05-Jan-2026 02:30 PM,Public Works Roads Department,Nalbari,781335.0,2.0,"1,24,99,000",Sri Biren Kalita,"12,498,026",Rejected-AOC,22-Apr-2026,Public Works Roads Department
2026_PWD_49979_1,TB/PWD/MDTRD/610/2025-26/02,Recovery and Reconstruction of Morigaon Fire station to Azarbari Road and Br. No.4/1 Approach (length Ch. 0.00 km to 4.69 Km) under NDRF (PDNA-2022) for the year 2025-26.,Recovery and Reconstruction of Morigaon Fire station to Azarbari Road and Br. No.4/1 Approach (length Ch. 0.00 km to 4.69 Km) under NDRF (PDNA-2022) for the year 2025-26.,Works,Open Tender,Item Rate,Civil Works,No,No,NA ,06-Jan-2026 04:00 PM,07-Jan-2026 02:00 PM ,90.0,No ,No,Online,19-Jan-2026 04:00 PM,Public Works Roads Department,MORIGAON,782105.0,2.0,"46,50,000",M/S Sirajul Islam Construction,"4,650,000",Accepted-AOC,28-Apr-2026,Public Works Roads Department
2025_PWD_49090_3,NIT/JTTRD/2024-25/001/1731,"Impr of Kochor Chuk Road, Remaining Portion of Abandon Railway Line Path, Saikia Chuk Road, (2 No. Lakhimikhat), Mena Chuk Road, Borigaon Shiv Mandir to Bortekela Road, Hazarika Path,Umaram Dutta Path, Bosachuk Namghaor Path under SOPD_G","Impr of Kochor Chuk Road, Remaining Portion of Abandon Railway Line Path, Saikia Chuk Road, (2 No. Lakhimikhat), Mena Chuk Road, Borigaon Shiv Mandir to Bortekela Road, Hazarika Path,Umaram Dutta Path, Bosachuk Namghaor Path under SOPD_G",Works,Open Tender,Item Rate,Civil Works – Roads,No,No,NA ,08-Dec-2025 11:00 AM,NA ,180.0,No ,No,Online,12-Dec-2025 02:30 PM,Public Works Roads Department,Jorhat,785001.0,2.0,"27,87,000",Ershad Ibrahim Zaman,"2,787,000.03",Accepted-AOC,21-Feb-2026,Public Works Roads Department
2025_BTC_49234_1,No.ACE-22/PWD/NIT/GOODWILL,"Construction of Pub Amguri Tapu to Durgapur village road from Ch.0.00 Km to Ch.1.300 Km (Length-1.300 KM) of CMs Goodwill Mission Project under RIDF-XXXI for the year 2025-26 under Amguri VCDC, Borobazar T.D. Block in Chirang District. TN_71_CHR_RIDF","Construction of Pub Amguri Tapu to Durgapur village road from Ch.0.00 Km to Ch.1.300 Km (Length-1.300 KM) of CMs Goodwill Mission Project under RIDF-XXXI for the year 2025-26 under Amguri VCDC, Borobazar T.D. Block in Chirang District. TN_71_CHR_RIDF",Works,Open Tender,Item Rate,Civil Works – Roads,No,No,NA ,12-Dec-2025 10:00 AM,NA ,180.0,No ,No,Online,03-Jan-2026 02:00 PM,Bodoland Territorial Council-PWD||Director Cum CHD - PWD BTC,Chirang,783393.0,2.0,"1,14,98,840",RUSTAM BASUMATARY,"11,498,331.05",Rejected-AOC,27-Apr-2026,Bodoland Territorial Council-PWD||Director Cum CHD - PWD BTC
2025_BTC_49248_5,ACE-22/PWD/NIT/GOODWILL/25-26,Construction of ICBP Road from No.1 Totlapara to Krishna Boro House under CMs Goodwill Mission Project under RIDF-XXXI in Udalguri District for the year 2025-26. (Package No. TN_68_UDL_RIDF-XXXI_05),Construction of ICBP Road from No.1 Totlapara to Krishna Boro House under CMs Goodwill Mission Project under RIDF-XXXI in Udalguri District for the year 2025-26.,Works,Open Tender,Item Rate,Civil Works – Roads,No,No,NA ,12-Dec-2025 10:00 AM,26-Dec-2025 12:00 PM ,180.0,No ,No,Online,03-Jan-2026 11:00 AM,Bodoland Territorial Council-PWD||Director Cum CHD - PWD BTC,Udalguri,784509.0,2.0,"99,99,889",NELSON BASUMATARY,"9,999,800",Rejected-AOC,02-Apr-2026,Bodoland Territorial Council-PWD||Director Cum CHD - PWD BTC
2025_PWD_45820_25,CE/STBR/SOPD-G/NIT/07/2025 26/1 Dated 26-06-2025,"STBR/SOPD-G/Biswanath-02/112 Reconstruction of (i) Road from Gorehagi to Chalia Road (ii) Road from Gorehagi Gate to Golia Centre via Shiva Mandir Road, under Mukhya Mantrir Path Nabikaran Achani(MMPNA) under SOPD-G for the year 2025-26","STBR/SOPD-G/Biswanath-02/112 Reconstruction of (i) Road from Gorehagi to Chalia Road (ii) Road from Gorehagi Gate to Golia Centre via Shiva Mandir Road, under Mukhya Mantrir Path Nabikaran Achani(MMPNA) under SOPD-G for the year 2025-26",Works,Open Tender,Item Rate,Civil Works – Roads,No,No,NA ,22-Jul-2025 04:00 PM,30-Jul-2025 11:00 AM ,180.0,No ,No,Online,11-Aug-2025 11:00 AM,Public Works Roads Department,Biswanath,784176.0,2.0,"1,14,00,000",Khem Sarma,"11,399,999",Accepted-AOC,10-Apr-2026,Public Works Roads Department
2025_PWBNH_48645_34,CE/TB-III(H_E)/40/2025/13 Dated 22-10-2025,"Construction of New Building of 100 Secondary Schools under RIDF-XXXI (2025-26) for Nikama H.S. School under Silchar, Udharbond, Sonai and Dholai (SC) TBD ( Package-50)","Construction of New Building of 100 Secondary Schools under RIDF-XXXI (2025-26) for Nikama H.S. School under Silchar, Udharbond, Sonai and Dholai (SC) TBD ( Package-50)",Works,Open Tender,Item Rate,Civil Works - Building,No,No,NA ,02-Dec-2025 09:00 AM,08-Dec-2025 11:30 AM ,180.0,No ,No,Online,22-Dec-2025 04:00 PM,Public Works Building and NH Department||Chief Engineer-Building - PWBNH,Udharbond,788030.0,2.0,"4,12,01,490",MR DIPAK SARMA,"44,775,000",Accepted-AOC,22-Apr-2026,Public Works Building and NH Department||Chief Engineer-Building - PWBNH
2025_PWBNH_49296_1,CE/TB-VI/Cabinet Meeting/61/2025/5 Dated Guwahati the 6 Dec 2025,"Infrastructure Development of GRB Charaihagi Secondary School, Borchala, under Morigaon","Infrastructure Development of GRB Charaihagi Secondary School, Borchala, under Morigaon",Works,Open Tender,Item Rate,Civil Works - Building,No,No,NA ,12-Dec-2025 05:00 PM,16-Dec-2025 11:30 AM ,180.0,No ,No,Online,29-Dec-2025 04:00 PM,Public Works Building and NH Department||Chief Engineer-Building - PWBNH,Morigaon,782105.0,2.0,"7,15,58,328",MR DIPAK SARMA,"71,555,000",Rejected-AOC,22-Apr-2026,Public Works Building and NH Department||Chief Engineer-Building - PWBNH
2025_PWD_45820_24,CE/STBR/SOPD-G/NIT/07/2025 26/1 Dated 26-06-2025,"STBR/SOPD-G/Biswanath-01/111 Reconstruction of (i) Road from Nabazar to Dogaon Road, (ii) Road from BG Road to Dogaon Road, (iii) Road from Circuit House to Gorehagi Panchayat and Buddha Mandir Road (iv) Road from NH-15 to Bishnu Mandir Road, under","STBR/SOPD-G/Biswanath-01/111 Reconstruction of (i) Road from Nabazar to Dogaon Road, (ii) Road from BG Road to Dogaon Road, (iii) Road from Circuit House to Gorehagi Panchayat and Buddha Mandir Road (iv) Road from NH-15 to Bishnu Mandir Road, under",Works,Open Tender,Item Rate,Civil Works – Roads,No,No,NA ,22-Jul-2025 04:00 PM,30-Jul-2025 11:00 AM ,180.0,No ,No,Online,11-Aug-2025 11:00 AM,Public Works Roads Department,Biswanath,784176.0,2.0,"86,00,000",Khem Sarma,"8,599,999",Accepted-AOC,10-Apr-2026,Public Works Roads Department
2025_PWBNH_48401_6,Tech-IV(H_E)/RIDF XXXI/01/2025/30 Dated Guwahati the 22nd Oct 2025,Package-19 Construction of 100 Secondary Schools in 35 Districts of Assam under RIDF-XXXI (2025-26) for SingerparaPatidarang HS under North Kamrup DTBD,Package-19 Construction of 100 Secondary Schools in 35 Districts of Assam under RIDF-XXXI (2025-26) for SingerparaPatidarang HS under North Kamrup DTBD,Works,Open Tender,Item Rate,Civil Works - Building,No,No,NA ,04-Nov-2025 09:00 AM,07-Nov-2025 11:00 AM ,180.0,No ,No,Online,21-Nov-2025 04:00 PM,Public Works Building and NH Department||Chief Engineer-Building - PWBNH,North Kamrup,781102.0,2.0,"4,05,66,577",DILIP HUZURI,"44,055,000",Accepted-AOC,22-Apr-2026,Public Works Building and NH Department||Chief Engineer-Building - PWBNH
2025_BTC_49255_1,No.ACE-22/PWD/NIT/GW/25-26/17,"Construction of Joregaon village to Simlaguri village Length 3.16 Km approx. by providing earth work, GSB, WBM-III, ICBP and CD works under CMs Goodwill Mission Project under SOPD for the year 2025-26. TN_66KOK_SOPD-10","Construction of Joregaon village to Simlaguri village Length 3.16 Km approx. by providing earth work, GSB, WBM-III, ICBP and CD works under CMs Goodwill Mission Project under SOPD for the year 2025-26. TN_66KOK_SOPD-10",Works,Open Tender,Item Rate,Civil Works – Roads,No,No,NA ,15-Dec-2025 12:00 PM,NA ,180.0,No ,No,Online,06-Jan-2026 11:00 AM,Bodoland Territorial Council-PWD||Director Cum CHD - PWD BTC,Kokrajhar,783370.0,2.0,"2,69,99,525",JANAK KUMAR BORGOYARY,"26,999,524.36",Rejected-AOC,27-Apr-2026,Bodoland Territorial Council-PWD||Director Cum CHD - PWD BTC
2025_PWD_47572_1,CE/DEV/TB/60/2025-26/36 Dtd- 08.09.2025,MMPPNA_RIDF_XXXI_25_26_526 Construction of road from (1) Pislapara Thansali mandir to Pranjit Das house via Banua gokhai mandir (2) Gellapara mosjid to Nuro Ali house via Lt Narohari Das house under Mukhya Mantrir Paki Path Nirman Achani (MMPPNA) und,MMPPNA_RIDF_XXXI_25_26_526 Construction of road from (1) Pislapara Thansali mandir to Pranjit Das house via Banua gokhai mandir (2) Gellapara mosjid to Nuro Ali house via Lt Narohari Das house under Mukhya Mantrir Paki Path Nirman Achani (MMPPNA) und,Works,Open Tender,Item Rate,Civil Works – Roads,No,No,NA ,18-Sep-2025 01:00 PM,23-Sep-2025 12:00 PM ,180.0,No ,No,Online,07-Oct-2025 02:30 PM,Public Works Roads Department,Bhawanipur- Sorbhog,781352.0,2.0,"2,04,77,000",JYOTISH DAS,"20,476,600",Accepted-AOC,28-Apr-2026,Public Works Roads Department
2025_PWD_47085_58,CE/DEV/TB/60/2025-26/15 Dtd- 06.08.2025,MMPPNA_RIDF_XXXI_25_26_453 Improvement of (i) Road from Aylabari PWD Road to Bedrong (ii) road starting from L. C Road to Ambarkhana via Dr. Akhil Paul House (iii) road from Maizgram Pathu PWD Road to Maizgram Hospital via Karkori Kalachand bari via,MMPPNA_RIDF_XXXI_25_26_453 Improvement of (i) Road from Aylabari PWD Road to Bedrong (ii) road starting from L. C Road to Ambarkhana via Dr. Akhil Paul House (iii) road from Maizgram Pathu PWD Road to Maizgram Hospital via Karkori Kalachand bari via,Works,Open Tender,Item Rate,Civil Works – Roads,No,No,NA ,06-Sep-2025 05:00 PM,06-Sep-2025 06:00 PM ,180.0,No ,No,Online,19-Sep-2025 02:30 PM,Public Works Roads Department,Sribhumi North,788710.0,2.0,"3,60,03,000",KISHOR DAS,"36,003,000",Rejected-Finance,27-Apr-2026,Public Works Roads Department
2026_BTC_51034_11,ACE-25/PWD/IFB/BTC/2025-26/70,Repairing of Road from Mission Chariali to College road under SOPD-BTC for the year 2025-26 in Udalguri District. (TN_118_11),Repairing of Road from Mission Chariali to College road under SOPD-BTC for the year 2025-26 in Udalguri District.,Works,Open Tender,Item Rate,Civil Works,No,No,NA ,11-Feb-2026 10:00 AM,18-Feb-2026 12:00 PM ,180.0,No ,No,Online,02-Mar-2026 03:00 PM,Bodoland Territorial Council-PWD||Director Cum CHD - PWD BTC,Udalguri,784509.0,2.0,"56,24,368",SUNNY BASUMATARY,"5,624,000",Rejected-AOC,02-Apr-2026,Bodoland Territorial Council-PWD||Director Cum CHD - PWD BTC
2025_BTC_49330_1,No.ACE-22/PWD/NIT/GW/25-26/19,"Re-Construction of road from Nayakgaon to Chakrasila from Debargaon to Dheer Beel, From Ch.0.00m to Ch.3670.00m under CMs Goodwill Mission Project RIDF-XXXI of NABARD for the year 2025-26. TN_67KOK_RIDF-XXXI-24","Re-Construction of road from Nayakgaon to Chakrasila from Debargaon to Dheer Beel, From Ch.0.00m to Ch.3670.00m under CMs Goodwill Mission Project RIDF-XXXI of NABARD for the year 2025-26. TN_67KOK_RIDF-XXXI-24",Works,Open Tender,Item Rate,Civil Works – Roads,No,No,NA ,15-Dec-2025 12:00 PM,NA ,180.0,No ,No,Online,07-Jan-2026 11:00 AM,Bodoland Territorial Council-PWD||Director Cum CHD - PWD BTC,Kokrajhar,783370.0,2.0,"2,50,00,000",Gautam Brahma,"24,999,700",Accepted-AOC,20-Apr-2026,Bodoland Territorial Council-PWD||Director Cum CHD - PWD BTC
2026_WPTBC_51767_1,SCDCSDBajali,"Site Development and Land Filling at Chilarai Bhawan at Bajali, Dist.Bajali","Site Development and Land Filling at Chilarai Bhawan at Bajali, Dist.Bajali",Works,Open Tender,Item Rate,Civil Works,No,No,NA ,07-Mar-2026 05:00 PM,NA ,180.0,No ,No,Online,12-Mar-2026 03:00 PM,Welfare of Plain Tribes and Backward Classes||Directorate of Welfare of Scheduled Caste||Assam State Development Corporation for SC,"DISPUR, GHY-06",781006.0,2.0,"20,00,000",M/S. Sanjib Dutta,"2,000,000",Rejected-AOC,10-Apr-2026,Welfare of Plain Tribes and Backward Classes||Directorate of Welfare of Scheduled Caste||Assam State Development Corporation for SC
2026_BTC_50188_14,ACE-25/PWD/IFB/BTC/2025-26/64,"Construction of New Building of 100 Secondary Schools in 35 Districts of Assam under RIDF-XXXI (2025-26) at Shanti Mandir High School, Baksa under Udalguri and Baksa DTBD. (Package-94)","Construction of New Building of 100 Secondary Schools in 35 Districts of Assam under RIDF-XXXI (2025-26) at Shanti Mandir High School, Baksa under Udalguri and Baksa DTBD.",Works,Open Tender,Works,Civil Works,No,No,NA ,13-Jan-2026 10:00 AM,24-Jan-2026 12:00 PM ,180.0,No ,No,Online,02-Feb-2026 03:00 PM,Bodoland Territorial Council-PWD||Director Cum CHD - PWD BTC,Baksa,781372.0,2.0,"4,12,18,000",MR DIPAK SARMA,"41,210,000",Rejected-AOC,30-Apr-2026,Bodoland Territorial Council-PWD||Director Cum CHD - PWD BTC
2025_PWD_48388_1,CE/DEV/TB/60/2025-26/52 Dtd- 31.10.2025,MMPPNA_RIDF_XXXI_25_26_67 Construction of Srinath Patty Road including 3 No.s of Byelanes with RCC Load Bearing Drain under Mukhya Mandir Paki Path Nirman Achani (MMPPNA) under RIDF-XXXI of NABARD for the year 2025-26,MMPPNA_RIDF_XXXI_25_26_67 Construction of Srinath Patty Road including 3 No.s of Byelanes with RCC Load Bearing Drain under Mukhya Mandir Paki Path Nirman Achani (MMPPNA) under RIDF-XXXI of NABARD for the year 2025-26,Works,Open Tender,Item Rate,Civil Works – Roads,No,No,NA ,03-Nov-2025 02:00 PM,06-Nov-2025 02:30 PM ,180.0,No ,No,Online,17-Nov-2025 02:30 PM,Public Works Roads Department,Hajo-Sualkuchi,781102.0,2.0,"5,40,02,000",PUSPA DEKA,"54,002,000",Rejected-Finance,22-Apr-2026,Public Works Roads Department
2026_PWD_49807_1,T/CC/ETN/SIL/2025-26/935(T),Recovery and reconstruction of Old Lakhipur Road under NDRF(PDNA-2022) for the year 2025-26,"Recovery and reconstruction of Old Lakhipur Road under NDRF(PDNA-2022) for the year 2025-26, P/No.SE/SIL/NDRF(PDNA-2022)/25-26/1",Works,Open Tender,Item Wise,Civil Works – Roads,No,No,NA ,02-Jan-2026 09:00 AM,08-Jan-2026 02:00 PM ,180.0,No ,No,Online,19-Jan-2026 03:10 PM,Public Works Roads Department,Cachar District.,788001.0,2.0,"79,98,858",AZAD HUSSAIN LASKAR,"7,998,850",Accepted-AOC,06-Apr-2026,Public Works Roads Department
2025_PWBNH_49421_1,BDTBD/Theme Park_Circuit House_Bongaigaon,"Construction of Theme Park, Covered Car Parking, Boundary wall with 2 Nos. Generator Shed etc. at Circuit House, Bongaigaon","Construction of Theme Park, Covered Car Parking, Boundary wall with 2 Nos. Generator Shed etc. at Circuit House, Bongaigaon",Works,Open Tender,Item Wise,Civil Works - Building,No,No,NA ,17-Dec-2025 02:30 PM,01-Jan-2026 12:00 PM ,180.0,No ,No,Online,08-Jan-2026 03:00 PM,Public Works Building and NH Department||Chief Engineer-Building - PWBNH,"Circuit House, Bongaigaon",783380.0,2.0,"97,55,751",Rudra Kumar Pathak,"10,220,777",Rejected-Finance,07-Apr-2026,Public Works Building and NH Department||Chief Engineer-Building - PWBNH
2025_PWD_45926_199,CE/DEV/TB/60/2025-26/06 Dtd- 14.07.2025,MMPPNA_RIDF_XXXI_25_26_222 Construction of Road from (i) Mintu paul house to Saptagram Border (Purana Sadak) (ii) Niranjan Kairi House to Rikiasan Basti Kali Bari under Mukhya Mantrir Paki Path Nirman Achani (MMPPNA) under RIDF-XXXI of NABARD for the,MMPPNA_RIDF_XXXI_25_26_222 Construction of Road from (i) Mintu paul house to Saptagram Border (Purana Sadak) (ii) Niranjan Kairi House to Rikiasan Basti Kali Bari under Mukhya Mantrir Paki Path Nirman Achani (MMPPNA) under RIDF-XXXI of NABARD for the,Works,Open Tender,Item Rate,Civil Works – Roads,No,No,NA ,04-Aug-2025 12:30 PM,04-Aug-2025 12:35 PM ,180.0,No ,No,Online,14-Aug-2025 02:30 PM,Public Works Roads Department,Dholai,788114.0,2.0,"1,95,71,000",SAJAL KANTI NATH,"19,567,000",Rejected-Finance,28-Apr-2026,Public Works Roads Department
2025_PWD_45408_55,CE/DEV/TB/60/2025-26/01 Dtd- 21.06.2025,"MMPPNA_RIDF_XXXI_25_26_112 Construction of Road from (1) Chowk Bazar Pub Kalakuchi PWD Road to Paschim Khatar Kalakuchi Tiniali via Jaha Cherabari Baragopal Than, (2) Hajo Nalbari Pwd to Kuchi Niz Bahjani PWD Road via Hadoupara Shiv Mandir via Turiap","MMPPNA_RIDF_XXXI_25_26_112 Construction of Road from (1) Chowk Bazar Pub Kalakuchi PWD Road to Paschim Khatar Kalakuchi Tiniali via Jaha Cherabari Baragopal Than, (2) Hajo Nalbari Pwd to Kuchi Niz Bahjani PWD Road via Hadoupara Shiv Mandir via Turiap",Works,Open Tender,Item Rate,Civil Works – Roads,No,No,NA ,10-Jul-2025 10:00 AM,17-Jul-2025 12:00 PM ,180.0,No ,No,Online,28-Jul-2025 02:30 PM,Public Works Roads Department,Nalbari,781335.0,2.0,"5,02,01,000",Sri Uday Baishya,"50,201,000",Rejected-Finance,27-Apr-2026,Public Works Roads Department
2025_PWD_45926_53,CE/DEV/TB/60/2025-26/06 Dtd- 14.07.2025,MMPPNA_RIDF_XXXI_25_26_207 Improvement of Kowpatani to Nalbari road (From Ch 5000.00 m to Ch 11400.00 m L 6.400 km) under Mukhya Mantrir Paki Path Nirman Achani (MMPPNA) under RIDF-XXXI of NABARD for the year 2025-26.,MMPPNA_RIDF_XXXI_25_26_207 Improvement of Kowpatani to Nalbari road (From Ch 5000.00 m to Ch 11400.00 m L 6.400 km) under Mukhya Mantrir Paki Path Nirman Achani (MMPPNA) under RIDF-XXXI of NABARD for the year 2025-26.,Works,Open Tender,Item Rate,Civil Works – Roads,No,No,NA ,28-Jul-2025 06:00 PM,04-Aug-2025 12:00 PM ,180.0,No ,No,Online,14-Aug-2025 02:30 PM,Public Works Roads Department,Dhemaji,787057.0,2.0,"2,14,73,000",Pulak Chutia,"21,473,000",Rejected-Finance,23-Apr-2026,Public Works Roads Department
2025_BTC_49257_1,No.ACE-22/PWD/NIT/GW/25-26/17,"Construction of road from Salakati Bazar to Rajonguri village Road via Ancharipara and Chandiagaon Village by providing earth work, GSB, WBM-III, ICBP and CD works under CMs Goodwill Mission Project under SOPD for the year 2025-26. TN_66KOK_SOPD-12","Construction of road from Salakati Bazar to Rajonguri village Road via Ancharipara and Chandiagaon Village by providing earth work, GSB, WBM-III, ICBP and CD works under CMs Goodwill Mission Project under SOPD for the year 2025-26. TN_66KOK_SOPD-12",Works,Open Tender,Item Rate,Civil Works – Roads,No,No,NA ,15-Dec-2025 12:00 PM,NA ,180.0,No ,No,Online,06-Jan-2026 11:00 AM,Bodoland Territorial Council-PWD||Director Cum CHD - PWD BTC,Kokrajhar,783370.0,2.0,"1,49,99,807",AKASH CONSTRUCTION,"14,999,870.04",Accepted-AOC,02-Apr-2026,Bodoland Territorial Council-PWD||Director Cum CHD - PWD BTC
2025_DoWR_49638_1,MAJULI/2025-26/PDNA/SUPPLY/I,Restoration of damaged embankments pertaining to Majuli W.R. Division under PDNA 2022. Procurement of materials. Package 1,Restoration of damaged embankments pertaining to Majuli W.R. Division under PDNA 2022. Procurement of materials. Package 1,Goods,Open Tender,Supply,Supply of Materials,No,No,NA ,25-Dec-2025 06:55 PM,NA ,180.0,No ,No,Online,07-Jan-2026 03:00 PM,Department of Water Resources||Chief Engineer - DoWR,MAJULI,785110.0,2.0,"5,12,40,725",SUNTECH GEOTEXTILE PVT. LTD.,"51,219,730",Rejected-AOC,27-Mar-2026,Department of Water Resources||Chief Engineer - DoWR
2025_DoWR_49581_1,TINSUKIA/2025-26/PDNA/SUPPLY/I,Restoration of Damaged portion of Saikhowa protection Bund PH-I between land spur no 6 and 7 and D/S reaches on the L/B of River Noa-Dehing (Procurement of Materials). Package 1,Restoration of Damaged portion of Saikhowa protection Bund PH-I between land spur no 6 and 7 and D/S reaches on the L/B of River Noa-Dehing (Procurement of Materials). Package 1,Goods,Open Tender,Supply,Supply of Materials,No,No,NA ,22-Dec-2025 06:55 PM,NA ,180.0,No ,No,Online,05-Jan-2026 03:00 PM,Department of Water Resources||Chief Engineer - DoWR,TINSUKIA,786125.0,2.0,"8,78,194",SUJIT KUMAR MOHESWARI,"878,194.2",Rejected-Technical,02-Apr-2026,Department of Water Resources||Chief Engineer - DoWR
2025_PWD_48210_1,CE/Commn/178/SDMF/2025-26/03,Darrang/SDMF/5,. Protection and Prevention of Rangagarh Pathar to Ghiladhari road from flood damages under SDMF for the year 2025-26 in Darrang District of Assam,Works,Open Tender,Item Rate,Civil Works – Roads,No,No,NA ,22-Oct-2025 06:00 PM,04-Nov-2025 04:00 PM ,180.0,No ,No,Online,10-Nov-2025 02:30 PM,Public Works Roads Department,Darrang,784125.0,2.0,"12,56,00,000",RAJENDRA CHAUDHURY,"125,600,000",Accepted-AOC,22-Apr-2026,Public Works Roads Department
2025_PWD_47043_3,SBRC/GOH/2025-26,"Improvement of Road from Singarajaan to Kalmouguri under Gohpur Civil Sub Division Territorial Road Division of Biswanath District. Gohpur LAC, under SOPD-G, 2025-26. Package No. SBRC/GOH/2025-26/03","Improvement of Road from Singarajaan to Kalmouguri under Gohpur Civil Sub Division Territorial Road Division of Biswanath District. Gohpur LAC, under SOPD-G, 2025-26. Package No. SBRC/GOH/2025-26/03",Works,Open Tender,Item Rate,Civil Works – Roads,No,No,NA ,28-Aug-2025 10:00 AM,01-Sep-2025 02:00 PM ,180.0,No ,No,Online,10-Sep-2025 11:00 AM,Public Works Roads Department,Gohpur LAC,784168.0,2.0,"73,02,923",MANOJ BARUAH,"7,302,900",Rejected-AOC,06-Apr-2026,Public Works Roads Department
2026_PWD_50058_13,PRTRD/RKN/PDNA/ET/2026/1302,PRTRD_PDNA_ET_25_26_13 Recovery and reconstruction of road from Bhubrighat road to Adamtilla in Patharkandi LAC under NDRF (PDNA-2022) for the year 2025-26.,PRTRD_PDNA_ET_25_26_13 Recovery and reconstruction of road from Bhubrighat road to Adamtilla in Patharkandi LAC under NDRF (PDNA-2022) for the year 2025-26.,Works,Open Tender,Item Rate,Civil Works,No,No,NA ,09-Jan-2026 02:00 PM,12-Jan-2026 12:00 PM ,180.0,No ,No,Online,28-Jan-2026 11:00 AM,Public Works Roads Department,RK Nagar,788166.0,2.0,"37,28,578",BIHUL UPADHYAY,"3,728,188",Accepted-AOC,10-Apr-2026,Public Works Roads Department
2025_DoWR_49008_1,DIBRUGARH/2025-26/SOPD-G/I,R/S to Bhogamur Blockgaon P and RD bund along with Breach closing along R/B of river Buridehing.,R/S to Bhogamur Blockgaon P and RD bund along with Breach closing along R/B of river Buridehing.,Works,Open Tender,Works,Civil Works,No,No,NA ,03-Dec-2025 09:00 AM,NA ,180.0,No ,No,Online,23-Dec-2025 03:00 PM,Department of Water Resources||Chief Engineer - DoWR,Dibrugarh,785001.0,2.0,"4,92,49,940",Navish Tulshyan,"49,248,940.43",Accepted-AOC,27-Apr-2026,Department of Water Resources||Chief Engineer - DoWR
2025_DoWR_49558_1,BISWANATH/2025-26/ PDNA/SUPPLY/I,Restoration of damage embankment at different reaches during the flood of 2022. (Procurement of supply materials). Package 2,Restoration of damage embankment at different reaches during the flood of 2022. (Procurement of supply materials). Package 2,Works,Open Tender,Works,Civil Works,No,No,NA ,22-Dec-2025 09:00 AM,NA ,180.0,No ,No,Online,05-Jan-2026 03:00 PM,Department of Water Resources||Chief Engineer - DoWR,BISWANATH,784176.0,2.0,"81,44,688",North East Infra Sol,"8,144,037.2",Accepted-AOC,02-Apr-2026,Department of Water Resources||Chief Engineer - DoWR
2026_PWD_50058_12,PRTRD/RKN/PDNA/ET/2026/1302,PRTRD_PDNA_ET_25_26_12 Recovery and reconstruction of road from Patharkandi -Kazirbazar at Duhalia to Duhalia Nayabazar in Patharkandi LAC under NDRF (PDNA-2022) for the year 2025-26.,PRTRD_PDNA_ET_25_26_12 Recovery and reconstruction of road from Patharkandi -Kazirbazar at Duhalia to Duhalia Nayabazar in Patharkandi LAC under NDRF (PDNA-2022) for the year 2025-26.,Works,Open Tender,Item Rate,Civil Works,No,No,NA ,09-Jan-2026 02:00 PM,12-Jan-2026 12:00 PM ,180.0,No ,No,Online,28-Jan-2026 11:00 AM,Public Works Roads Department,RK Nagar,788166.0,2.0,"25,84,656",BIHUL UPADHYAY,"2,584,073",Accepted-AOC,10-Apr-2026,Public Works Roads Department
2025_PWD_46604_27,CE/STBR/SOPD-G/NIT/07/2025 26/8 Dated 29-07-2025,STBR/SOPD-G/Naduar-01/33 Re-Construction of Road from (i) Khalihamari to Chitalmari via Thulatika (From Ch. 0.00 Km to 2.30 Km) (ii) Talakabari to Guwalpam Road (From Ch. 0.00 Km to 1.70 Km) (iii) Khadoi Chuk to Sutium Connected Road (L 2850.00 M) (i,STBR/SOPD-G/Naduar-01/33 Re-Construction of Road from (i) Khalihamari to Chitalmari via Thulatika (From Ch. 0.00 Km to 2.30 Km) (ii) Talakabari to Guwalpam Road (From Ch. 0.00 Km to 1.70 Km) (iii) Khadoi Chuk to Sutium Connected Road (L 2850.00 M) (i,Works,Open Tender,Item Rate,Civil Works – Roads,No,No,NA ,21-Aug-2025 12:00 PM,22-Aug-2025 11:00 AM ,180.0,No ,No,Online,02-Sep-2025 11:00 AM,Public Works Roads Department,Naduar,784175.0,2.0,"1,88,50,000",M/S SMB CONSTRUCTION,"18,847,300",Rejected-AOC,10-Apr-2026,Public Works Roads Department
2026_UDD_50797_1,DMB.245/2025-26/565-A,Construction of Smassan PWSS at ward no.8,Construction of Smassan PWSS at ward no.8,Works,Open Tender,Item Rate,Civil Works,No,No,NA ,04-Feb-2026 04:00 PM,NA ,180.0,No ,No,Online,26-Feb-2026 12:00 PM,Urban Development Department||Directorate of Municipality Administration - UDD||Dhing Municipal Board,"Dhing Town,Ward no.8",782123.0,2.0,"89,85,400",Rinku Karmakar,"8,536,130",Rejected-Technical,27-Apr-2026,Urban Development Department||Directorate of Municipality Administration - UDD||Dhing Municipal Board
2025_NHM_49329_15,NHM/ECF/254257,Construction of Sub Health Centre at Various places of Assam Under XV FC Health Grant for FY 2023 24 Under NHM Assam 6 nos scheme in Karbi Anglong district,Construction of Sub Health Centre at Various places of Assam Under XV FC Health Grant for FY 2023 24 Under NHM Assam 6 nos scheme in Karbi Anglong district,Works,Open Tender,Turn-key,Civil Works - Building,No,No,NA ,13-Dec-2025 06:10 PM,NA ,180.0,No ,No,Online,29-Dec-2025 12:00 PM,National Health Mission||State Programme Management Unit - NHM,Karbi Anglong district,781001.0,2.0,"3,12,17,214",M/S Bagala Enterprise,"31,217,210",Rejected-Finance,24-Apr-2026,National Health Mission||State Programme Management Unit - NHM
2025_PWD_47043_2,SBRC/GOH/2025-26,Improvement of Road from Dilapakhara to Lohitmukh Tiniali under Mukhya Mantrir Path Nabikaran Achani (MMPNA) under SOPD-G for the year 2025-26 of Biswanath district (Gohpur LAC). Package No. SBRC/GOH/2025-26/02,Improvement of Road from Dilapakhara to Lohitmukh Tiniali under Mukhya Mantrir Path Nabikaran Achani (MMPNA) under SOPD-G for the year 2025-26 of Biswanath district (Gohpur LAC). Package No. SBRC/GOH/2025-26/02,Works,Open Tender,Item Rate,Civil Works – Roads,No,No,NA ,28-Aug-2025 10:00 AM,NA ,180.0,No ,No,Online,10-Sep-2025 11:00 AM,Public Works Roads Department,Gohpur LAC,784168.0,2.0,"60,90,523",SANJIB HAZARIKA,"6,090,000",Rejected-AOC,06-Apr-2026,Public Works Roads Department
2026_BTC_51208_1,No.ACE-133/PWD/G.79/2025-26/69,"Repairing and Renovation of Bijni Sishu Kalyan High School at Bijni under Subhaijhar Constituency, Chirang District, BTC, Assam. TN_111_01","Repairing and Renovation of Bijni Sishu Kalyan High School at Bijni under Subhaijhar Constituency, Chirang District, BTC, Assam. TN_111_01",Works,Open Tender,Item Rate,Civil Works - Building,No,No,NA ,16-Feb-2026 12:00 PM,NA ,180.0,No ,No,Online,05-Mar-2026 11:00 AM,Bodoland Territorial Council-PWD||Director Cum CHD - PWD BTC,Chirang,783390.0,2.0,"49,99,742",Rana Bora,"4,999,000",Rejected-AOC,28-Apr-2026,Bodoland Territorial Council-PWD||Director Cum CHD - PWD BTC
2025_DoWR_49395_1,MORIGAON/2025-26/SOPD-G/II,Construction of Sluice gates on the left bank of river Killing from Sonaikuchi to Sitajakhala.,Construction of Sluice gates on the left bank of river Killing from Sonaikuchi to Sitajakhala.,Works,Open Tender,Works,Civil Works,No,No,NA ,16-Dec-2025 04:00 PM,NA ,180.0,No ,No,Online,31-Dec-2025 03:00 PM,Department of Water Resources||Chief Engineer - DoWR,Morigaon,782105.0,2.0,"3,94,94,279",D KUMAR AND COMPANY,"39,490,472.29",Accepted-AOC,17-Apr-2026,Department of Water Resources||Chief Engineer - DoWR
2025_PWD_47572_2,CE/DEV/TB/60/2025-26/36 Dtd- 08.09.2025,MMPPNA_RIDF_XXXI_25_26_527 Construction of (1) Raypur village road from Hasmat Ali house to Unus Ali house via Raypur anchalic bazar (ii) Pub Poragaon tini ali to Boguriguri gaon Netaji jatiya vidyalaya under Mukhya Mantrir Paki Path Nirman Achani (M,MMPPNA_RIDF_XXXI_25_26_527 Construction of (1) Raypur village road from Hasmat Ali house to Unus Ali house via Raypur anchalic bazar (ii) Pub Poragaon tini ali to Boguriguri gaon Netaji jatiya vidyalaya under Mukhya Mantrir Paki Path Nirman Achani (M,Works,Open Tender,Item Rate,Civil Works – Roads,No,No,NA ,18-Sep-2025 01:00 PM,23-Sep-2025 12:00 PM ,180.0,No ,No,Online,07-Oct-2025 02:30 PM,Public Works Roads Department,Bhawanipur- Sorbhog,781352.0,2.0,"2,29,15,000",Birendra Kr. Prasad,"22,915,000",Accepted-AOC,01-Apr-2026,Public Works Roads Department
2025_PWD_45926_52,CE/DEV/TB/60/2025-26/06 Dtd- 14.07.2025,MMPPNA_RIDF_XXXI_25_26_206 Construction of road from Garubandha Block PWD Road to Garubandha Tiniali under Mukhya Mantrir Paki Path Nirman Achani (MMPPNA) under RIDF-XXXI of NABARD for the year 2025-26.,MMPPNA_RIDF_XXXI_25_26_206 Construction of road from Garubandha Block PWD Road to Garubandha Tiniali under Mukhya Mantrir Paki Path Nirman Achani (MMPPNA) under RIDF-XXXI of NABARD for the year 2025-26.,Works,Open Tender,Item Rate,Civil Works – Roads,No,No,NA ,28-Jul-2025 06:00 PM,04-Aug-2025 12:00 PM ,180.0,No ,No,Online,14-Aug-2025 02:30 PM,Public Works Roads Department,Dhemaji,787057.0,2.0,"1,40,37,000",BIPUL GOGOI,"14,037,000",Accepted-AOC,24-Apr-2026,Public Works Roads Department
2026_DoWR_50465_1,MORIGAON/2025-26/M AND R/IV,M and R to Kopilli R/B embankment from Mantabori to Railway Bridge at Dipsing for the year 2025-26.,M and R to Kopilli R/B embankment from Mantabori to Railway Bridge at Dipsing for the year 2025-26.,Works,Open Tender,Works,Civil Works,No,No,NA ,21-Jan-2026 06:55 PM,NA ,180.0,No ,No,Online,30-Jan-2026 03:00 PM,Department of Water Resources||Chief Engineer - DoWR,Morigaon,782105.0,2.0,"6,04,17,697",D KUMAR AND COMPANY,"60,408,215.55",Accepted-AOC,17-Apr-2026,Department of Water Resources||Chief Engineer - DoWR
2026_BTC_51034_12,ACE-25/PWD/IFB/BTC/2025-26/70,Const. of CC Block road at New Dakhin Chuba LP School to Majorchuba under SOPD-BTC for the year 2025-26. (TN_118_12),Const. of CC Block road at New Dakhin Chuba LP School to Majorchuba under SOPD-BTC for the year 2025-26.,Works,Open Tender,Item Rate,Civil Works,No,No,NA ,11-Feb-2026 10:00 AM,18-Feb-2026 12:00 PM ,180.0,No ,No,Online,02-Mar-2026 03:00 PM,Bodoland Territorial Council-PWD||Director Cum CHD - PWD BTC,Udalguri,784509.0,2.0,"69,77,649",Rahamat Ali,"6,976,146.61",Rejected-AOC,13-Apr-2026,Bodoland Territorial Council-PWD||Director Cum CHD - PWD BTC
2025_BTC_49353_1,No.ACE-22/PWD/NIT/GW/25-26/19,Improvement of Road from Umanagar to Dotma Bhowraguri PWD Road via Baigonbari road providing SDBC under CMs Goodwill Mission RIDF- XXXI for the year 2025-26. TN_67KOK_RIDF-XXXI-43,Improvement of Road from Umanagar to Dotma Bhowraguri PWD Road via Baigonbari road providing SDBC under CMs Goodwill Mission RIDF- XXXI for the year 2025-26. TN_67KOK_RIDF-XXXI-43,Works,Open Tender,Item Rate,Civil Works – Roads,No,No,NA ,15-Dec-2025 12:00 PM,NA ,180.0,No ,No,Online,07-Jan-2026 11:00 AM,Bodoland Territorial Council-PWD||Director Cum CHD - PWD BTC,Kokrajhar,783370.0,2.0,"99,99,850",MILLENNIUM CONSTRUCTION,"9,999,676",Accepted-AOC,27-Apr-2026,Bodoland Territorial Council-PWD||Director Cum CHD - PWD BTC
2025_DoWR_49699_1,HAILAKANDI/ 2025-26/PDNA/WORKS/VI,Restoration of dyke at different reaches on R/B of river Katakhal from Rupacherra to Lalacherra area.,Restoration of dyke at different reaches on R/B of river Katakhal from Rupacherra to Lalacherra area.,Works,Open Tender,Works,Civil Works,No,No,NA ,29-Dec-2025 09:00 AM,NA ,180.0,No ,No,Online,09-Jan-2026 03:00 PM,Department of Water Resources||Chief Engineer - DoWR,HAILAKANDI,788151.0,2.0,"3,80,01,073",Raju Choudhury,"38,000,967.68",Accepted-AOC,29-Apr-2026,Department of Water Resources||Chief Engineer - DoWR
2025_PWD_46306_5,CE/DEV/TB/119/2025-26/1 Dtd- 28.07.2025,MMPPNA_RIDF_XXXI_25_26_358 Construction of road from (i) Path-I to Path-II (ii) Natun Boila to Nobdi Boila Village under Mukhya Mantrir Paki Path Nirman Achani under RIDF-XXXI of NABARD for the year 2025-26.,MMPPNA_RIDF_XXXI_25_26_358 Construction of road from (i) Path-I to Path-II (ii) Natun Boila to Nobdi Boila Village under Mukhya Mantrir Paki Path Nirman Achani under RIDF-XXXI of NABARD for the year 2025-26.,Works,Open Tender,Item Rate,Civil Works – Roads,No,No,NA ,12-Aug-2025 09:00 AM,15-Aug-2025 12:00 PM ,180.0,No ,No,Online,26-Aug-2025 02:30 PM,Public Works Roads Department,Haflong,788819.0,2.0,"3,00,00,000",M/s Gupta Hardware,"25,875,000",Rejected-Finance,10-Apr-2026,Public Works Roads Department
2025_PWD_47085_14,CE/DEV/TB/60/2025-26/15 Dtd- 06.08.2025,"MMPPNA_RIDF_XXXI_25_26_434 Improvement of road from (1) Kalatoli Road to Choudhurypam, (2) Bhalukabari to Choudhurypam, (3) PWD road to Achalpara and (4) Rangapani BC road to Kolohi River under Mukhya Mantrir Paki Path Nirman Achani (MMPPNA) under RI","MMPPNA_RIDF_XXXI_25_26_434 Improvement of road from (1) Kalatoli Road to Choudhurypam, (2) Bhalukabari to Choudhurypam, (3) PWD road to Achalpara and (4) Rangapani BC road to Kolohi River under Mukhya Mantrir Paki Path Nirman Achani (MMPPNA) under RI",Works,Open Tender,Item Rate,Civil Works – Roads,No,No,NA ,30-Aug-2025 02:00 PM,04-Sep-2025 12:00 PM ,180.0,No ,No,Online,19-Sep-2025 02:30 PM,Public Works Roads Department,Chamaria,781136.0,2.0,"3,09,50,000",MANTU KALITA,"30,949,000",Rejected-Finance,30-Apr-2026,Public Works Roads Department
2025_PWD_49573_26,CE/Commn/192/PDNA/2025-26/02,PDNA/ Cachar /03,Recovery and Reconstruction of Nutun bazar to PDB Road Via Athurotila Road under NDRF(PDNA-2022) for the year 2025-26.,Works,Open Tender,Item Rate,Civil Works – Roads,No,No,NA ,23-Dec-2025 02:00 PM,26-Dec-2025 04:00 PM ,180.0,No ,No,Online,05-Jan-2026 02:30 PM,Public Works Roads Department,Cachar,788001.0,2.0,"1,49,58,000",GULZAR AHMED LASKAR,"14,956,999",Accepted-AOC,02-Apr-2026,Public Works Roads Department
2025_BTC_49228_1,No.ACE-22/PWD/NIT/GOODWILL,"Construction of ICBP road from Nilibari Muslim Bosti to Bengali Bosti under Bangaldoba VCDC from Ch.0.00 Km to Ch.1.070 Km (L-1.07 Km) of Chirang District, BTC, Assam under CMs Goodwill Mission Project under RIDF-XXXI of NABARD for the year 2025-26.","Construction of ICBP road from Nilibari Muslim Bosti to Bengali Bosti under Bangaldoba VCDC from Ch.0.00 Km to Ch.1.070 Km (L-1.07 Km) of Chirang District, BTC, Assam under CMs Goodwill Mission Project under RIDF-XXXI of NABARD for the year 2025-26.",Works,Open Tender,Item Rate,Civil Works – Roads,No,No,NA ,12-Dec-2025 10:00 AM,NA ,180.0,No ,No,Online,03-Jan-2026 02:00 PM,Bodoland Territorial Council-PWD||Director Cum CHD - PWD BTC,Chirang,783393.0,2.0,"99,99,864",RWISUMWI GOYARY,"9,997,870",Rejected-AOC,28-Apr-2026,Bodoland Territorial Council-PWD||Director Cum CHD - PWD BTC
2025_BTC_49250_1,No.ACE-22/PWD/NIT/GW/25-26/17,"Reconstruction of Road from Harigaon Satbindu Bazar to Boro Kurshakati Village from Ch.0.00 Km to Ch.4.20 Km by providing WBM-III, DBM BC under CMs Goodwill Mission Project under SOPD for the year 2025-26. TN_66KOK_SOPD-07","Reconstruction of Road from Harigaon Satbindu Bazar to Boro Kurshakati Village from Ch.0.00 Km to Ch.4.20 Km by providing WBM-III, DBM BC under CMs Goodwill Mission Project under SOPD for the year 2025-26. TN_66KOK_SOPD-07",Works,Open Tender,Item Rate,Civil Works – Roads,No,No,NA ,15-Dec-2025 12:00 PM,NA ,180.0,No ,No,Online,06-Jan-2026 11:00 AM,Bodoland Territorial Council-PWD||Director Cum CHD - PWD BTC,Kokrajhar,783370.0,2.0,"2,54,99,718",JANAK KUMAR BORGOYARY,"25,499,759.02",Rejected-AOC,02-Apr-2026,Bodoland Territorial Council-PWD||Director Cum CHD - PWD BTC
2025_DoWR_49687_1,NAGAON/2025-26/M AND R/1,"M and R to Construction of embankment on the left bank of river Kopilli at Garukhunda, Borchung to Changchaki and on the right bank from Bareguga to Niz-Narikali (Extension of embankment from Saibook gaon to Gosaigaon) for the year 2025-26.","M and R to Construction of embankment on the left bank of river Kopilli at Garukhunda, Borchung to Changchaki and on the right bank from Bareguga to Niz-Narikali (Extension of embankment from Saibook gaon to Gosaigaon) for the year 2025-26.",Works,Open Tender,Works,Civil Works,No,No,NA ,27-Dec-2025 06:00 PM,NA ,180.0,No ,No,Online,13-Jan-2026 03:00 PM,Department of Water Resources||Chief Engineer - DoWR,Nagaon,782001.0,2.0,"56,50,773",D KUMAR AND COMPANY,"5,645,822.66",Accepted-AOC,17-Apr-2026,Department of Water Resources||Chief Engineer - DoWR
2025_PWD_48989_10,ARRBP/BR/01/2024/E696387/45,Dima Hasao/14 i) Br No. on SS Road to Moti Hojai via Riam Bathari village,CE/EAP/ARRBP/OCB/Bridge1/Dima Hasao/14 Construction of Bridge in Dima Hasao District i) Br.No. on SS Road to Moti Hojai via Riam Bathari village,Works,Open Tender,Item Rate,Civil Works - Bridges,No,No,NA ,03-Dec-2025 05:00 PM,12-Dec-2025 11:00 AM ,90.0,No ,No,Online,17-Dec-2025 02:30 PM,Public Works Roads Department,Dima Hasao,788830.0,2.0,"96,14,000",AFTAB UDDIN AHMED,"10,046,630",Accepted-AOC,28-Apr-2026,Public Works Roads Department
2025_PWD_46191_16,CE/DEV/TB/122/2025-26/1 Dtd- 01.08.2025,BTR_RIDF_XXXI_25_26_35 Construction of No. 1 Phurabari to No.2 Phurabari (Ch. 0.00 to 2000.00m) under RIDF-XXXI of NABARD for the year 2025-26.,BTR_RIDF_XXXI_25_26_35 Construction of No. 1 Phurabari to No.2 Phurabari (Ch. 0.00 to 2000.00m) under RIDF-XXXI of NABARD for the year 2025-26.,Works,Open Tender,Item Rate,Civil Works – Roads,No,No,NA ,06-Aug-2025 04:00 PM,11-Aug-2025 12:00 PM ,180.0,No ,No,Online,14-Aug-2025 02:30 PM,Public Works Roads Department,Mazbat,784507.0,2.0,"1,46,29,000",MAHESWAR BRAHMA,"14,628,000",Accepted-AOC,29-Apr-2026,Public Works Roads Department
2025_BTC_49248_18,ACE-22/PWD/NIT/GOODWILL/25-26,Construction of ICBP road from Sanjit Debnath House to Subhas Palli connecting Road under CMs Goodwill Mission Project under RIDF-XXXI in Udalguri District for the year 2025-26. (Package No. TN_68_UDL_RIDF-XXXI_18),Construction of ICBP road from Sanjit Debnath House to Subhas Palli connecting Road under CMs Goodwill Mission Project under RIDF-XXXI in Udalguri District for the year 2025-26.,Works,Open Tender,Item Rate,Civil Works – Roads,No,No,NA ,12-Dec-2025 10:00 AM,26-Dec-2025 12:00 PM ,180.0,No ,No,Online,03-Jan-2026 11:00 AM,Bodoland Territorial Council-PWD||Director Cum CHD - PWD BTC,Udalguri,784509.0,2.0,"99,99,993",SS Enterprise,"9,999,700",Rejected-AOC,13-Apr-2026,Bodoland Territorial Council-PWD||Director Cum CHD - PWD BTC
2025_BTC_49248_24,ACE-22/PWD/NIT/GOODWILL/25-26,Construction of CC Block road from Akya Das house to Rowta Station road to Boba Boro house via Bajrajhar (CMs Goodwill Mission) under RIDF-XXXI for the year 2025-26. (Package No. TN_68_UDL_RIDF-XXXI_24),Construction of CC Block road from Akya Das house to Rowta Station road to Boba Boro house via Bajrajhar (CMs Goodwill Mission) under RIDF-XXXI for the year 2025-26.,Works,Open Tender,Item Rate,Civil Works – Roads,No,No,NA ,12-Dec-2025 10:00 AM,26-Dec-2025 12:00 PM ,180.0,No ,No,Online,03-Jan-2026 11:00 AM,Bodoland Territorial Council-PWD||Director Cum CHD - PWD BTC,Udalguri,784509.0,2.0,"1,00,00,000",BHABA DEV MAHANTA,"9,999,520",Rejected-AOC,23-Apr-2026,Bodoland Territorial Council-PWD||Director Cum CHD - PWD BTC
2025_BTC_49248_19,ACE-22/PWD/NIT/GOODWILL/25-26,Construction of CC Block road at Nalkhamara Dekachuba village road under Bhairaguri VCDC under CMs Goodwill Mission Project under RIDF-XXXI of NABARD for the year 2025- 26. (Package No. TN_68_UDL_RIDF-XXXI_19),Construction of CC Block road at Nalkhamara Dekachuba village road under Bhairaguri VCDC under CMs Goodwill Mission Project under RIDF-XXXI of NABARD for the year 2025- 26.,Works,Open Tender,Item Rate,Civil Works – Roads,No,No,NA ,12-Dec-2025 10:00 AM,26-Dec-2025 12:00 PM ,180.0,No ,No,Online,03-Jan-2026 11:00 AM,Bodoland Territorial Council-PWD||Director Cum CHD - PWD BTC,Udalguri,784509.0,2.0,"99,99,956",BHABA DEV MAHANTA,"9,999,330",Rejected-AOC,23-Apr-2026,Bodoland Territorial Council-PWD||Director Cum CHD - PWD BTC
2026_PWD_50011_1,CE/Commn/198/SDMF/2025-26/01,Lakhimpur/SDMF/1,Improvement of Road from Sri Sri Basudev Than to Nagpore with RCC Box Cell Culvert Incorporating Seismic Ductile Detailing and Cotton Waste Geotextile for Enhanced Disaster Resilience under under SDMF for the year 2025-26 in Lakhimpur District,Works,Open Tender,Item Rate,Civil Works – Roads,No,No,NA ,07-Jan-2026 04:00 PM,21-Jan-2026 04:00 PM ,180.0,No ,No,Online,28-Jan-2026 02:30 PM,Public Works Roads Department,Lakhimpur,787001.0,2.0,"1,86,69,000",Shree Ganesh Enterprises,"18,667,649",Rejected-AOC,29-Apr-2026,Public Works Roads Department
2025_PWD_46604_55,CE/STBR/SOPD-G/NIT/07/2025 26/8 Dated 29-07-2025,STBR/SOPD-G/Sipajhar-14/23 Construction of Dekamalla Chuburi Namghar to village Approach Road under SOPD-G for the year 2025-26,STBR/SOPD-G/Sipajhar-14/23 Construction of Dekamalla Chuburi Namghar to village Approach Road under SOPD-G for the year 2025-26,Works,Open Tender,Item Rate,Civil Works – Roads,No,No,NA ,22-Aug-2025 09:00 AM,23-Aug-2025 11:00 AM ,180.0,No ,No,Online,02-Sep-2025 11:00 AM,Public Works Roads Department,Sipajhar,784145.0,2.0,"4,50,500",JAGADISH KALITA,"450,029",Accepted-AOC,06-Apr-2026,Public Works Roads Department
2025_PWD_45820_82,CE/STBR/SOPD-G/NIT/07/2025 26/1 Dated 26-06-2025,STBR/SOPD-G/Raha -07/25 Construction of Road from (i) Dakhin Petboha RCC Bridge to Borkula Road (ii) RCC Bridge approach of Deobali to Jakorua Site under Mukhya Mantrir Pakipath Nirman Aachani (MMPPNA) under SOPD-G for the year 2025-26 in Nagaon Dis,STBR/SOPD-G/Raha -07/25 Construction of Road from (i) Dakhin Petboha RCC Bridge to Borkula Road (ii) RCC Bridge approach of Deobali to Jakorua Site under Mukhya Mantrir Pakipath Nirman Aachani (MMPPNA) under SOPD-G for the year 2025-26 in Nagaon Dis,Works,Open Tender,Item Rate,Civil Works – Roads,No,No,NA ,30-Jul-2025 06:00 PM,31-Jul-2025 11:00 AM ,180.0,No ,No,Online,11-Aug-2025 11:00 AM,Public Works Roads Department,Raha,782103.0,2.0,"59,43,000",Himashish Kashyap,"5,942,900",Rejected-AOC,06-Apr-2026,Public Works Roads Department
2025_PWD_49097_1,CE/DEV/TB/60/2025-26/57 Dtd- 03.12.2025,MMPPNA_RIDF_XXXI_25_26_499 Construction of Daimalu to Nigam connecting Road from Ch. 0.00 m to 2500.00 m (L-2.50Km) under Mukhya Mandir Paki Path Nirman Achani (MMPPNA) under RIDF-XXXI of NABARD for the year 2025-26,MMPPNA_RIDF_XXXI_25_26_499 Construction of Daimalu to Nigam connecting Road from Ch. 0.00 m to 2500.00 m (L-2.50Km) under Mukhya Mandir Paki Path Nirman Achani (MMPPNA) under RIDF-XXXI of NABARD for the year 2025-26,Works,Open Tender,Item Rate,Civil Works – Roads,No,No,NA ,06-Dec-2025 06:30 PM,08-Dec-2025 02:30 PM ,180.0,No ,No,Online,17-Dec-2025 02:30 PM,Public Works Roads Department,Gohpur,784168.0,2.0,"2,11,33,000",PARTHA PRATIM BORA,"21,132,300",Accepted-AOC,28-Apr-2026,Public Works Roads Department
2025_DoWR_49407_1,MORIGAON/2025-26/SOPD-G/V,Anti erosion measures to protect the left bank at the intake point for water supply project by Tata Semi-Conductor Test and Supply Pvt. Ltd at Hatiamukh area from erosion of river Kopilli.,Anti erosion measures to protect the left bank at the intake point for water supply project by Tata Semi-Conductor Test and Supply Pvt. Ltd at Hatiamukh area from erosion of river Kopilli.,Works,Open Tender,Works,Civil Works,No,No,NA ,16-Dec-2025 04:00 PM,NA ,180.0,No ,No,Online,31-Dec-2025 03:00 PM,Department of Water Resources||Chief Engineer - DoWR,Morigaon,782105.0,2.0,"2,79,99,442",S D BAJAJ,"27,996,434.29",Rejected-AOC,23-Apr-2026,Department of Water Resources||Chief Engineer - DoWR
2025_PWD_45926_101,CE/DEV/TB/60/2025-26/06 Dtd- 14.07.2025,"MMPPNA_RIDF_XXXI_25_26_301 Construction of Road from (1) Garsiga to Fatehpur Tiniali, (2) Angarkhowa to Majulial connecting road via Hahsora under Mukhya Mantrir Paki Path Nirman Achani (MMPPNA) under RIDF-XXXI of NABARD for the year 2025-26.","MMPPNA_RIDF_XXXI_25_26_301 Construction of Road from (1) Garsiga to Fatehpur Tiniali, (2) Angarkhowa to Majulial connecting road via Hahsora under Mukhya Mantrir Paki Path Nirman Achani (MMPPNA) under RIDF-XXXI of NABARD for the year 2025-26.",Works,Open Tender,Item Rate,Civil Works – Roads,No,No,NA ,30-Jul-2025 06:00 PM,04-Aug-2025 12:00 PM ,180.0,No ,No,Online,14-Aug-2025 02:30 PM,Public Works Roads Department,Naoboicha,787023.0,2.0,"4,71,94,000",LALIT KUMAR AGARWALA,"47,194,000",Accepted-AOC,29-Apr-2026,Public Works Roads Department
2025_BTC_49354_1,No.ACE-22/PWD/NIT/GW/25-26/19,Improvement of Road from Gianoday Libraray to Trum Line at Dotma Part-I by providing SDBC under CMs Goodwill Mission Project under RIDF-XXXI for the year 2025-26. TN_67KOK_RIDF-XXXI-44,Improvement of Road from Gianoday Libraray to Trum Line at Dotma Part-I by providing SDBC under CMs Goodwill Mission Project under RIDF-XXXI for the year 2025-26. TN_67KOK_RIDF-XXXI-44,Works,Open Tender,Item Rate,Civil Works – Roads,No,No,NA ,15-Dec-2025 12:00 PM,NA ,180.0,No ,No,Online,07-Jan-2026 11:00 AM,Bodoland Territorial Council-PWD||Director Cum CHD - PWD BTC,Kokrajhar,783370.0,2.0,"99,99,850",MILLENNIUM CONSTRUCTION,"9,999,676",Accepted-AOC,27-Apr-2026,Bodoland Territorial Council-PWD||Director Cum CHD - PWD BTC
2025_PWHE_48315_1,IN-ASSAM PWD-513270-CW-RFB,Package No. 57 Construction of Class Rooms under Assam School Education and Adolescent Well-Being Project (ASAP) under Udalguri Dist. And Baksa DTBD for i. Jougalu Gudi Foraisali,Package No. 57 Construction of Class Rooms under Assam School Education and Adolescent Well-Being Project (ASAP) under Udalguri Dist. And Baksa DTBD for i. Jougalu Gudi Foraisali,Works,Open Tender,Item Rate,Civil Works - Building,No,No,NA ,30-Oct-2025 06:00 PM,06-Nov-2025 11:30 AM ,180.0,No ,No,Online,14-Nov-2025 05:00 PM,Public Works Health and Education Department-Externally Aided Project||Public Works Health and Education Department-WB,Udalguri,784509.0,2.0,"3,88,31,135",GULSHAN ENTERPRISES,"35,631,025",Accepted-AOC,02-Apr-2026,Public Works Health and Education Department-Externally Aided Project||Public Works Health and Education Department-WB
2025_PWD_46306_4,CE/DEV/TB/119/2025-26/1 Dtd- 28.07.2025,MMPPNA_RIDF_XXXI_25_26_357 Construction of road from (i) NH-27 to Diblong ME Scholl (ii) NH-27 to Rongphangdisda-II Village (iii) NH-27 to Choto Lalbomg Village under Mukhya Mantrir Paki Path Nirman Achani under RIDF-XXXI of NABARD for the year 2025-,MMPPNA_RIDF_XXXI_25_26_357 Construction of road from (i) NH-27 to Diblong ME Scholl (ii) NH-27 to Rongphangdisda-II Village (iii) NH-27 to Choto Lalbomg Village under Mukhya Mantrir Paki Path Nirman Achani under RIDF-XXXI of NABARD for the year 2025-,Works,Open Tender,Item Rate,Civil Works – Roads,No,No,NA ,12-Aug-2025 09:00 AM,15-Aug-2025 12:00 PM ,180.0,No ,No,Online,26-Aug-2025 02:30 PM,Public Works Roads Department,Haflong,788819.0,2.0,"3,60,00,000",Philip Haflongbar,"31,679,728",Accepted-AOC,28-Apr-2026,Public Works Roads Department
2025_PWD_49479_1,CE/DEV/TB/60/2025-26/56 Dtd- 03.12.2025,MMPPNA_RIDF_XXXI_25_26_541 Improvement of Road from NH-39 to old ND Road via Wangala Festival Ground at Tinglijan under RIDF - XXXI of NABARD for the Year 2025-26,MMPPNA_RIDF_XXXI_25_26_541 Improvement of Road from NH-39 to old ND Road via Wangala Festival Ground at Tinglijan under RIDF - XXXI of NABARD for the Year 2025-26,Works,Open Tender,Item Rate,Civil Works – Roads,No,No,NA ,19-Dec-2025 01:00 PM,19-Dec-2025 02:00 PM ,180.0,No ,No,Online,26-Dec-2025 02:30 PM,Public Works Roads Department,Bokajan,782480.0,2.0,"2,41,16,000",Sri Girin Chutia,"24,111,000",Rejected-Finance,27-Apr-2026,Public Works Roads Department
2026_DoWR_50215_1,MORIGAON/2025-26/M AND R/I,"Construction, renovation and dismantling of existing HT/LT line due to construction of new embankment from NH-way to Killing-Kopilli junction.","Construction, renovation and dismantling of existing HT/LT line due to construction of new embankment from NH-way to Killing-Kopilli junction.",Works,Open Tender,Works,Civil Works,No,No,NA ,13-Jan-2026 09:00 AM,NA ,180.0,No ,No,Online,28-Jan-2026 03:00 PM,Department of Water Resources||Chief Engineer - DoWR,MORIGAON,782105.0,2.0,"88,60,303",D KUMAR AND COMPANY,"8,860,194.36",Accepted-AOC,23-Apr-2026,Department of Water Resources||Chief Engineer - DoWR
2026_PWD_49983_1,CE/DEV/TB/60/2025-26/66 Dtd- 31.12.2025,MMPPNA_RIDF_XXXI_25_26_542 Improvement of Road from Namonipath Katakipara to Milan Nagar and Maa Manasha Mandir connect road under RIDF XXXI of NABARD for the Year 2025-26 under Mukhya Mantrir Paki Path Nirman Achani (MMPPNA) under RIDF-XXXI of NABAR,MMPPNA_RIDF_XXXI_25_26_542 Improvement of Road from Namonipath Katakipara to Milan Nagar and Maa Manasha Mandir connect road under RIDF XXXI of NABARD for the Year 2025-26 under Mukhya Mantrir Paki Path Nirman Achani (MMPPNA) under RIDF-XXXI of NABAR,Works,Open Tender,Item Rate,Civil Works – Roads,No,No,NA ,06-Jan-2026 02:45 PM,06-Jan-2026 03:00 PM ,180.0,No ,No,Online,19-Jan-2026 02:30 PM,Public Works Roads Department,Jalukbari,781013.0,2.0,"4,15,00,000",CHANDAN HALOI,"41,500,000",Accepted-AOC,27-Apr-2026,Public Works Roads Department
2026_PWBNH_49988_2,CE/TB-III(H_E)/40/2025/27 Dated Guwahati the 03/01/2026,Construction of New Building of 100 Secondary Schools under RIDF-XXXI (2025-26) for Jirsong English High Scholl at West karbi Anglong under Karbi Anglong DTBD ( Package-78),Construction of New Building of 100 Secondary Schools under RIDF-XXXI (2025-26) for Jirsong English High Scholl at West karbi Anglong under Karbi Anglong DTBD ( Package-78),Works,Open Tender,Item Rate,Civil Works - Building,No,No,NA ,06-Jan-2026 04:00 PM,07-Jan-2026 11:30 AM ,180.0,No ,No,Online,12-Jan-2026 02:00 PM,Public Works Building and NH Department||Chief Engineer-Building - PWBNH,Karbi Anglong,782460.0,2.0,"3,98,37,952",Sogani Commercial,"44,180,000",Accepted-AOC,22-Apr-2026,Public Works Building and NH Department||Chief Engineer-Building - PWBNH
2025_PWD_45926_22,CE/DEV/TB/60/2025-26/06 Dtd- 14.07.2025,"MMPPNA_RIDF_XXXI_25_26_181 Construction of road from (1) Ganeshpur to Santipur, (2) Garhbasti Village Link Road under Mukhya Mantrir Paki Path Nirman Achani (MMPPNA) under RIDF-XXXI of NABARD for the year 2025-26.","MMPPNA_RIDF_XXXI_25_26_181 Construction of road from (1) Ganeshpur to Santipur, (2) Garhbasti Village Link Road under Mukhya Mantrir Paki Path Nirman Achani (MMPPNA) under RIDF-XXXI of NABARD for the year 2025-26.",Works,Open Tender,Item Rate,Civil Works – Roads,No,No,NA ,26-Jul-2025 06:00 PM,04-Aug-2025 12:00 PM ,180.0,No ,No,Online,14-Aug-2025 02:30 PM,Public Works Roads Department,Biswanath,784176.0,2.0,"3,01,21,000",SAMBHU MAHANANDA,"30,119,841",Rejected-Finance,28-Apr-2026,Public Works Roads Department
2025_PWD_46685_11,CE/DEV/TB/60/2025-26/13 Dtd- 31.07.2025,MMPPNA_RIDF_XXXI_25_26_384 Construction of Road from Dumukhi Jaljuri Road to Bali gaon under Mukhya Mantrir Pakipath Nirman Achani (MMPPNA) under RIDF - XXXI of NABARD for the Year 2025-26,MMPPNA_RIDF_XXXI_25_26_384 Construction of Road from Dumukhi Jaljuri Road to Bali gaon under Mukhya Mantrir Pakipath Nirman Achani (MMPPNA) under RIDF - XXXI of NABARD for the Year 2025-26,Works,Open Tender,Item Rate,Civil Works – Roads,No,No,NA ,20-Aug-2025 06:00 PM,21-Aug-2025 12:00 PM ,180.0,No ,No,Online,09-Sep-2025 02:30 PM,Public Works Roads Department,Karbi Anglong,782410.0,2.0,"1,78,47,000",KULDEEP BORA,"17,846,424",Accepted-AOC,23-Apr-2026,Public Works Roads Department
2026_UDD_50801_1,DMB.245/2025-26/566,Toliborpar ward no.2 PWSS,Toliborpar ward no.2 PWSS under Dhing Municipal Board from 15th FC (Tied) grant,Works,Open Tender,Item Rate,Civil Works,No,No,NA ,04-Feb-2026 05:00 PM,NA ,180.0,No ,No,Online,26-Feb-2026 12:00 PM,Urban Development Department||Directorate of Municipality Administration - UDD||Dhing Municipal Board,"Dhing Town, Ward no.2",782123.0,2.0,"94,19,513",Sanjib Saikia,"8,948,537",Rejected-Technical,27-Apr-2026,Urban Development Department||Directorate of Municipality Administration - UDD||Dhing Municipal Board
2025_PWD_46191_29,CE/DEV/TB/122/2025-26/1 Dtd- 01.08.2025,BTR_RIDF_XXXI_25_26_57 Construction of CC Block Road at Golamakha village Road under RIDF-XXXI of NABARD for the year 2025-26.,BTR_RIDF_XXXI_25_26_57 Construction of CC Block Road at Golamakha village Road under RIDF-XXXI of NABARD for the year 2025-26.,Works,Open Tender,Item Rate,Civil Works – Roads,No,No,NA ,06-Aug-2025 06:00 PM,11-Aug-2025 12:00 PM ,180.0,No ,No,Online,14-Aug-2025 02:30 PM,Public Works Roads Department,Udalguri,784509.0,2.0,"1,66,00,000",Pankaj Boro,"16,599,500",Accepted-AOC,29-Apr-2026,Public Works Roads Department
2025_DoWR_49390_1,KAMRUP METRO/2025-26/FFM/XXVIII,Procurement of flood fighting materials (PSC Porcupine) for Water Resources Department for the year 2025-26 (Northern Assam Zone) Ph-III.,Procurement of flood fighting materials (PSC Porcupine) for Water Resources Department for the year 2025-26 (Northern Assam Zone) Ph-III.,Goods,Open Tender,Supply,Supply of Materials,No,No,NA ,16-Dec-2025 12:00 PM,NA ,180.0,No ,No,Online,31-Dec-2025 03:00 PM,Department of Water Resources||Chief Engineer - DoWR,KAMRUP METRO,781029.0,2.0,"1,80,14,240",Ashok Kumar Agarwalla,"18,009,920",Accepted-AOC,20-Apr-2026,Department of Water Resources||Chief Engineer - DoWR
2026_DoWR_49921_1,BAJALI/2025-26/PDNA/SUPPLY/I,"Restoration of damaged embankment at different reaches of river Pahumara, Kaldia etc.during the flood of 2022 (procurement of supply materials). Package 2","Restoration of damaged embankment at different reaches of river Pahumara, Kaldia etc.during the flood of 2022 (procurement of supply materials). Package 2",Goods,Open Tender,Supply,Supply of Materials,No,No,NA ,03-Jan-2026 06:55 PM,NA ,180.0,No ,No,Online,13-Jan-2026 03:00 PM,Department of Water Resources||Chief Engineer - DoWR,Baksa,781372.0,2.0,"38,66,306",North East Infra Sol,"3,863,250",Accepted-AOC,02-Apr-2026,Department of Water Resources||Chief Engineer - DoWR
2026_BTC_50000_8,125/ACE/NIT/Infra/BTC/2022-23,"Construction of Teacher Library and Seminar Hall in IS/ DEEO Office at Udalguri, District Udalguri. (TN_49_2)","Construction of Teacher Library and Seminar Hall in IS/ DEEO Office at Udalguri, District Udalguri.",Works,Open Tender,Item Rate,Civil Works - Building,No,No,NA ,07-Jan-2026 10:00 AM,NA ,180.0,No ,No,Online,29-Jan-2026 11:00 AM,Bodoland Territorial Council-PWD||Director Cum CHD - PWD BTC,Udalguri,784509.0,2.0,"48,31,698",M/S BIMOL NARZARI,"4,830,000",Rejected-AOC,02-Apr-2026,Bodoland Territorial Council-PWD||Director Cum CHD - PWD BTC
2026_PWD_50011_2,CE/Commn/198/SDMF/2025-26/01,Lakhimpur/SDMF/2,Strengthening and Improvement of Road over Brahmaputra Dyke from Tekeliphuta to Lutachur using Jute Geotextile and Geobags for Mitigation of Piping-Induced Flood Risk under SDMF for the year 2025-26 in Lakhimpur District.,Works,Open Tender,Item Rate,Civil Works – Roads,No,No,NA ,07-Jan-2026 04:00 PM,21-Jan-2026 04:00 PM ,180.0,No ,No,Online,28-Jan-2026 02:30 PM,Public Works Roads Department,Lakhimpur,787001.0,2.0,"3,59,61,000",Shree Ganesh Enterprises,"35,956,052",Rejected-AOC,29-Apr-2026,Public Works Roads Department
2025_BoTC_49518_1,TECH-28/SE(RB)/2019-20/2,"Construction of CC Block road from Basak Talukdar house to Johar Ali house at Koyemari village, Salbari under CMs Goodwill Mission Project (RIDF XXXI) in Baksa District for the year 2025-26. TN_384_8.","Construction of CC Block road from Basak Talukdar house to Johar Ali house at Koyemari village, Salbari under CMs Goodwill Mission Project (RIDF XXXI) in Baksa District for the year 2025-26. TN_384_8.",Works,Open Tender,Works,Civil Works – Roads,No,No,NA ,20-Dec-2025 02:00 PM,NA ,180.0,No ,No,Online,12-Jan-2026 02:00 PM,Bodoland Territorial Council||PWD-BTC,Baksa,781346.0,2.0,"99,99,717",SAMRAT BRAHMA,"9,998,400",Rejected-Finance,28-Apr-2026,Bodoland Territorial Council||PWD-BTC
2026_DoWR_50479_1,MORIGAON/2025-26/M AND R/VI,M and R to protect right bank of river Killing at Polahguri area from erosion for the year 2025-26.,M and R to protect right bank of river Killing at Polahguri area from erosion for the year 2025-26.,Works,Open Tender,Works,Civil Works,No,No,NA ,22-Jan-2026 09:00 AM,NA ,180.0,No ,No,Online,02-Feb-2026 03:00 PM,Department of Water Resources||Chief Engineer - DoWR,Morigaon,782105.0,2.0,"7,59,99,746",D KUMAR AND COMPANY,"75,995,843.61",Accepted-AOC,29-Apr-2026,Department of Water Resources||Chief Engineer - DoWR
2025_PWD_45408_139,CE/DEV/TB/60/2025-26/01 Dtd- 21.06.2025,"MMPPNA_RIDF_XXXI_25_26_80 Construction of (1) Road to Bamuni Budhbaria Bazar, Bamuni Upperdanga Basti, Missamukhpam to Kalimandir and Millenium Garden Road, (2) road from Haatbagan to Nijori , (3) Road at Road at 1No. Bamuni Gaon Gayari Chuburi, Hati","MMPPNA_RIDF_XXXI_25_26_80 Construction of (1) Road to Bamuni Budhbaria Bazar, Bamuni Upperdanga Basti, Missamukhpam to Kalimandir and Millenium Garden Road, (2) road from Haatbagan to Nijori , (3) Road at Road at 1No. Bamuni Gaon Gayari Chuburi, Hati",Works,Open Tender,Item Rate,Civil Works – Roads,No,No,NA ,14-Jul-2025 06:00 PM,17-Jul-2025 12:00 PM ,180.0,No ,No,Online,28-Jul-2025 02:30 PM,Public Works Roads Department,Kaliabor,782137.0,2.0,"3,90,25,000",GUNJ ASSOCIATES,"39,024,000",Accepted-AOC,29-Apr-2026,Public Works Roads Department
2026_DoWR_50354_1,MORIGAON/2025-26/M AND R/II,M and R to protect upstream of Borpam area from erosion of river Pokoria for the year 2025-26.,M and R to protect upstream of Borpam area from erosion of river Pokoria for the year 2025-26.,Works,Open Tender,Works,Civil Works,No,No,NA ,19-Jan-2026 06:55 PM,NA ,180.0,No ,No,Online,30-Jan-2026 03:00 PM,Department of Water Resources||Chief Engineer - DoWR,Morigaon,782105.0,2.0,"88,66,922",D KUMAR AND COMPANY,"8,866,238.66",Accepted-AOC,24-Apr-2026,Department of Water Resources||Chief Engineer - DoWR
2025_PWD_45926_116,CE/DEV/TB/60/2025-26/06 Dtd- 14.07.2025,"MMPPNA_RIDF_XXXI_25_26_239 Construction of Road from (1) Hojai-Lanka Road to Lanka-Lashkar Pathar Road via Nayanpur Manipuri Gaon from Ch.0.00m to Ch. 1750.00m, (2) Khasipur-Nayanpur to Hojai-Lanka Road from Ch.0.00m to Ch. 1200.00 m under Mukhya Man","MMPPNA_RIDF_XXXI_25_26_239 Construction of Road from (1) Hojai-Lanka Road to Lanka-Lashkar Pathar Road via Nayanpur Manipuri Gaon from Ch.0.00m to Ch. 1750.00m, (2) Khasipur-Nayanpur to Hojai-Lanka Road from Ch.0.00m to Ch. 1200.00 m under Mukhya Man",Works,Open Tender,Item Rate,Civil Works – Roads,No,No,NA ,30-Jul-2025 06:00 PM,04-Aug-2025 12:00 PM ,180.0,No ,No,Online,14-Aug-2025 02:30 PM,Public Works Roads Department,Hojai,782435.0,2.0,"2,16,37,000",MS TRIRANV ASSOCIATES,"21,637,000",Rejected-Finance,29-Apr-2026,Public Works Roads Department
2026_PWBNH_49988_3,CE/TB-III(H_E)/40/2025/27 Dated Guwahati the 03/01/2026,Construction of New Building of 100 Secondary Schools under RIDF-XXXI (2025-26) for Gaurisagar H.S Industrial Inst. under Sivasagar DTBD ( Package-82),Construction of New Building of 100 Secondary Schools under RIDF-XXXI (2025-26) for Gaurisagar H.S Industrial Inst. under Sivasagar DTBD ( Package-82),Works,Open Tender,Item Rate,Civil Works - Building,No,No,NA ,06-Jan-2026 05:00 PM,07-Jan-2026 11:30 AM ,180.0,No ,No,Online,12-Jan-2026 02:00 PM,Public Works Building and NH Department||Chief Engineer-Building - PWBNH,Sivasagar,785640.0,2.0,"4,07,90,405",SURESH AGARWALLA,"44,150,000",Rejected-Technical,22-Apr-2026,Public Works Building and NH Department||Chief Engineer-Building - PWBNH
2025_BTC_49337_1,No.ACE-22/PWD/NIT/GW/25-26/19,"Const. of road from Benibari ME School to Lalmatighat Pt-I Village Road and Chautaki Pt-II to Chautaki village road by providing EF, GSB, WBM-III, ICBP, CD Works under CMs Goodwill Project RIDF-XXXI of NABARD for 2025-26. TN_67KOK_RIDF-XXXI-31","Const. of road from Benibari ME School to Lalmatighat Pt-I Village Road and Chautaki Pt-II to Chautaki village road by providing EF, GSB, WBM-III, ICBP, CD Works under CMs Goodwill Project RIDF-XXXI of NABARD for 2025-26. TN_67KOK_RIDF-XXXI-31",Works,Open Tender,Item Rate,Civil Works – Roads,No,No,NA ,15-Dec-2025 12:00 PM,NA ,180.0,No ,No,Online,07-Jan-2026 11:00 AM,Bodoland Territorial Council-PWD||Director Cum CHD - PWD BTC,Kokrajhar,783370.0,2.0,"2,20,99,887",TARUN SAHA,"22,096,178.2",Rejected-AOC,24-Apr-2026,Bodoland Territorial Council-PWD||Director Cum CHD - PWD BTC
2026_DoWR_49825_1,NAGAON/2025-26/PDNA/WORK/I,Restoration of damaged section along Left bank embankment of river Kopilli in between Basundhari to Paschim Bula areas.,Restoration of damaged section along Left bank embankment of river Kopilli in between Basundhari to Paschim Bula areas.,Works,Open Tender,Works,Civil Works,No,No,NA ,01-Jan-2026 06:00 PM,NA ,180.0,No ,No,Online,13-Jan-2026 03:00 PM,Department of Water Resources||Chief Engineer - DoWR,NAGAON,782001.0,2.0,"2,83,19,721",SANKAR JYOTI SARMAH,"28,317,894.1",Rejected-AOC,22-Apr-2026,Department of Water Resources||Chief Engineer - DoWR
2025_PWD_46222_3,CE/Commn/16/2025-26/13(Re-Bid),Sonari/MMPNA/1,1)Imp/Re-Const of Dharampather Rd 2) Impr/Re-Construction of Bogoriguri Rd 3)Imp/Re-Const of Rajapukhuri Rd 4) Impr/Re-Const of Rd Frm Dhodar Ali to Lawjan 5) Imp/Re-Const of Rd From TiokiaKherbari Rd under (MMPNA) under SOPD-G for the year 2025-26,Works,Open Tender,Item Rate,Civil Works – Roads,No,No,NA ,08-Aug-2025 11:00 AM,13-Aug-2025 04:00 PM ,180.0,No ,No,Online,18-Aug-2025 02:30 PM,Public Works Roads Department,Sonari,785690.0,2.0,"1,79,89,700",M/S BABI ENTERPRISE,"17,989,652",Accepted-AOC,30-Apr-2026,Public Works Roads Department
2025_BTC_49256_1,No.ACE-22/PWD/NIT/GW/25-26/17,"Construction of Road from Haloadol Part-I village to Haloadol Part-ll village road Length 1.20 Km approx. by providing earth work, GSB, WBM-III, ICBP and CD works under CMs Goodwill Mission Project under SOPD for the year 2025-26. TN_66KOK_SOPD-11","Construction of Road from Haloadol Part-I village to Haloadol Part-ll village road Length 1.20 Km approx. by providing earth work, GSB, WBM-III, ICBP and CD works under CMs Goodwill Mission Project under SOPD for the year 2025-26. TN_66KOK_SOPD-11",Works,Open Tender,Item Rate,Civil Works – Roads,No,No,NA ,15-Dec-2025 12:00 PM,NA ,180.0,No ,No,Online,06-Jan-2026 11:00 AM,Bodoland Territorial Council-PWD||Director Cum CHD - PWD BTC,Kokrajhar,783370.0,2.0,"1,49,99,705",TARUN SAHA,"14,998,442.69",Rejected-AOC,24-Apr-2026,Bodoland Territorial Council-PWD||Director Cum CHD - PWD BTC
2025_DoWR_49540_1,KAMRUP METRO/2025-26/SOPD-G/III,Protection of river Bank at Kendukuchi area from the erosion of river Brahmaputra.,Protection of river Bank at Kendukuchi area from the erosion of river Brahmaputra.,Works,Open Tender,Works,Civil Works,No,No,NA ,20-Dec-2025 06:55 PM,NA ,180.0,No ,No,Online,03-Jan-2026 03:00 PM,Department of Water Resources||Chief Engineer - DoWR,KAMRUP METRO,781008.0,2.0,"3,47,61,299",SRI KRISHNA KANTA DAS,"34,760,117.51",Rejected-AOC,07-Apr-2026,Department of Water Resources||Chief Engineer - DoWR
2026_WPTBC_51764_1,SCDCCBKarimChowk,"Construction of Chilarai Bhawan at Karim Chowk, Darrang, Dist.Darrang","Construction of Chilarai Bhawan at Karim Chowk, Darrang, Dist.Darrang",Works,Open Tender,Item Rate,Civil Works,No,No,NA ,07-Mar-2026 05:00 PM,NA ,180.0,No ,No,Online,12-Mar-2026 03:00 PM,Welfare of Plain Tribes and Backward Classes||Directorate of Welfare of Scheduled Caste||Assam State Development Corporation for SC,"DISPUR, GHY-06",781006.0,2.0,"30,00,000",M/S. Sanjib Dutta,"3,000,000",Rejected-AOC,10-Apr-2026,Welfare of Plain Tribes and Backward Classes||Directorate of Welfare of Scheduled Caste||Assam State Development Corporation for SC
2026_ID_50935_2,10 (SDMF) 2025-26/I/1426542/2026 Date_ 06-02-2026,Drought mitigation through sump well system in Kamrup district of Assam under SDMF for the year 2025-26) Package_2,Drought mitigation through sump well system in Kamrup district of Assam under SDMF for the year 2025-26) Package_2,Works,Open Tender,Item Rate,Civil Works,No,No,NA ,07-Feb-2026 06:00 PM,11-Feb-2026 02:00 PM ,180.0,No ,No,Online,05-Mar-2026 03:00 PM,Irrigation Department||Chief Engineer(Major)-Irrigation Dept,Palshbari,781128.0,2.0,"4,87,39,815",N J & S C (JV),"48,730,786.19",Rejected-Technical,27-Apr-2026,Irrigation Department||Chief Engineer(Major)-Irrigation Dept
2025_BoTC_49521_1,TECH-28/SE(RB)/2019-20/2,Construction of road from Barimakha PWD IB to Barimakha Jr. College via Barimakha Bathou Ashram H.S. School under CMs Goodwill Mission Project (RIDF XXXI of NABARD) for the year 2025-26. TN_384_10.,Construction of road from Barimakha PWD IB to Barimakha Jr. College via Barimakha Bathou Ashram H.S. School under CMs Goodwill Mission Project (RIDF XXXI of NABARD) for the year 2025-26. TN_384_10.,Works,Open Tender,Works,Civil Works – Roads,No,No,NA ,20-Dec-2025 02:00 PM,NA ,180.0,No ,No,Online,12-Jan-2026 02:00 PM,Bodoland Territorial Council||PWD-BTC,Baksa,781346.0,2.0,"99,99,993",Kangkan Pathak,"9,998,019",Rejected-Finance,06-Apr-2026,Bodoland Territorial Council||PWD-BTC
2025_DoWR_47593_2,BARPETA/2025-26/RIDF/II,"Restoration of DRDA Bund of river Tihu to protect village Batiya, Khairartari and Kawaimari No.G Block on its L/B.","Restoration of DRDA Bund of river Tihu to protect village Batiya, Khairartari and Kawaimari No.G Block on its L/B.",Works,Open Tender,Works,Civil Works,No,No,NA ,10-Nov-2025 06:55 PM,NA ,180.0,No ,No,Online,21-Nov-2025 03:00 PM,Department of Water Resources||Chief Engineer - DoWR,Barpeta,781301.0,2.0,"8,14,73,071",Prasanta Bayan,"81,382,175.89",Accepted-AOC,13-Apr-2026,Department of Water Resources||Chief Engineer - DoWR
2026_PWD_50011_6,CE/Commn/198/SDMF/2025-26/01,Lakhimpur/SDMF/6,Improvement of Road from SH-42 to Joy Sagar Beel for Disaster Mitigation Using Short Slab Cement Concrete Pavement and Sisal Geotextile-Based Bio- Mitigative Technology. in Lakhimpur District under SDMF for the year 2025-26.,Works,Open Tender,Item Rate,Civil Works – Roads,No,No,NA ,07-Jan-2026 04:00 PM,21-Jan-2026 04:00 PM ,180.0,No ,No,Online,28-Jan-2026 02:30 PM,Public Works Roads Department,Lakhimpur,787001.0,2.0,"3,71,73,000",M/s Purbanchal Suppliers & Contractors,"37,165,214",Accepted-AOC,29-Apr-2026,Public Works Roads Department
2025_PWBNH_49092_2,Tech-I(H_E)/95/2025/46 Dated Guwahati the 5th December 2025,"Construction of New School Building of 100 Secondary School in 35 Districts of Assam under RDIF-XXXI (2025-26) for Baghmara High School, under Biswanath DTBD package no 5","Construction of New School Building of 100 Secondary School in 35 Districts of Assam under RDIF-XXXI (2025-26) for Baghmara High School, under Biswanath DTBD package no 5",Works,Open Tender,Item Rate,Civil Works - Building,No,No,NA ,06-Dec-2025 05:00 PM,10-Dec-2025 11:30 AM ,180.0,No ,No,Online,17-Dec-2025 04:00 PM,Public Works Building and NH Department||Chief Engineer-Building - PWBNH,Biswanath,784176.0,2.0,"4,08,30,689",Dhruba Jyoti Saikia,"44,147,777",Accepted-AOC,06-Apr-2026,Public Works Building and NH Department||Chief Engineer-Building - PWBNH
2025_BTC_49248_22,ACE-22/PWD/NIT/GOODWILL/25-26,Construction of CC Block road from Kahibari Honthapara village road under CMs Goodwill Mission Project under RIDF-XXXI of NABARD for the year 2025-26. (Package No. TN_68_UDL_RIDF-XXXI_22),Construction of CC Block road from Kahibari Honthapara village road under CMs Goodwill Mission Project under RIDF-XXXI of NABARD for the year 2025-26.,Works,Open Tender,Item Rate,Civil Works – Roads,No,No,NA ,12-Dec-2025 10:00 AM,26-Dec-2025 12:00 PM ,180.0,No ,No,Online,03-Jan-2026 11:00 AM,Bodoland Territorial Council-PWD||Director Cum CHD - PWD BTC,Udalguri,784509.0,2.0,"1,14,99,969",Kamal Daimari,"11,499,100",Rejected-AOC,23-Apr-2026,Bodoland Territorial Council-PWD||Director Cum CHD - PWD BTC
2025_PWBNH_47384_5,CE/TB-III/(H_E)/21/2024/6 Dated 19/085/2025,"Construction of 50 bedded Critical Care Hospital Block (CCB) under PMABHIM at Dhemaji Medical College and Hospital campus, Dhemaji","Construction of 50 bedded Critical Care Hospital Block (CCB) under PMABHIM at Dhemaji Medical College and Hospital campus, Dhemaji",Works,Open Tender,Item Rate,Civil Works - Building,No,No,NA ,10-Sep-2025 02:00 PM,15-Sep-2025 11:30 AM ,180.0,No ,No,Online,10-Oct-2025 03:30 PM,Public Works Building and NH Department||Chief Engineer-Building - PWBNH,Dhemaji,787057.0,2.0,"20,83,67,845",MS ZED ENGINEERS,"229,093,167",Accepted-AOC,22-Apr-2026,Public Works Building and NH Department||Chief Engineer-Building - PWBNH
2026_PWD_51541_6,CE/Cmmn/192/Pt-I/PDNA/25-26/5,PDNA/Nalbari/14,"Recovery and Reconstruction of(1) Athgaon Bukia road (Providing Shoulder, WBM Maintenence, SDBC), (2) Nalbari Kamarkuchi road (Providing Shoulder, WBM Maintenence, SDBC), and 15 other roads under NDRF(PDNA-2022) for the year 2025-26.",Works,Open Tender,Item Rate,Civil Works – Roads,No,No,NA ,27-Feb-2026 02:00 PM,27-Feb-2026 04:00 PM ,180.0,No ,No,Online,06-Mar-2026 02:30 PM,Public Works Roads Department||CE PWD(R) - PWD||Traffic Engineering Cell - PWD,Nalbari,781310.0,2.0,"4,96,78,900",SRI BIKASH SARMA,"41,437,536.5",Accepted-AOC,22-Apr-2026,Public Works Roads Department||CE PWD(R) - PWD||Traffic Engineering Cell - PWD
2026_PWD_49839_2,SKTRD/Tech/122/2025-26,SKTRD/NDRF(PDNA-2022)/25-26/2,Recovery and Reconstruction of Jamlai to Naitor Khameri Road under NDRF (PDNA-2022) for the year 2025-26,Works,Open Tender,Item Rate,Civil Works – Roads,No,No,NA ,02-Jan-2026 02:00 PM,09-Jan-2026 12:00 PM ,180.0,No ,No,Online,22-Jan-2026 02:30 PM,Public Works Roads Department,Kamrup Rural,781125.0,2.0,"6,00,000",CITY CONSTRUCTION,"599,593.37",Rejected-Finance,02-Apr-2026,Public Works Roads Department
2025_PWD_47085_13,CE/DEV/TB/60/2025-26/15 Dtd- 06.08.2025,MMPPNA_RIDF_XXXI_25_26_433 Improvement of Road from Goroimari Bazar to Hahchori Road under Mukhya Mantrir Paki Path Nirman Achani (MMPPNA) under RIDF-XXXI of NABARD for the year 2025-26.,MMPPNA_RIDF_XXXI_25_26_433 Improvement of Road from Goroimari Bazar to Hahchori Road under Mukhya Mantrir Paki Path Nirman Achani (MMPPNA) under RIDF-XXXI of NABARD for the year 2025-26.,Works,Open Tender,Item Rate,Civil Works – Roads,No,No,NA ,30-Aug-2025 02:00 PM,04-Sep-2025 12:00 PM ,180.0,No ,No,Online,19-Sep-2025 02:30 PM,Public Works Roads Department,Chamaria,781136.0,2.0,"5,00,86,000",Sri Binay Kalita,"50,086,000",Rejected-Finance,29-Apr-2026,Public Works Roads Department
2026_UDD_50866_2,TMB/15th FC/Tied/159/pt-1/2019-20/969,Rejuvenation and Development of the water pond inside the Titabar Sub Division Civil Hospital Campus from 15th Finance Commission Tied Grant for the year 2024-25 during the year 2025-26 under Titabar Municipal Board,Rejuvenation and Development of the water pond inside the Titabar Sub Division Civil Hospital Campus from 15th Finance Commission Tied Grant for the year 2024-25 during the year 2025-26 under Titabar Municipal Board,Works,Open Tender,Item Wise,Civil Works,No,No,NA ,02-Mar-2026 02:00 PM,NA ,90.0,No ,No,Online,11-Mar-2026 12:30 PM,Urban Development Department||Directorate of Municipality Administration - UDD||Titabar Municipal Board,Titabar Municipal Board,785630.0,2.0,"75,02,546",BHAGYA TRADERS,"7,390,007",Accepted-AOC,13-Mar-2026,Urban Development Department||Directorate of Municipality Administration - UDD||Titabar Municipal Board
2025_DoWR_49396_1,MORIGAON/2025-26/SOPD-G/III,Widening and Strengthening of right bank embankment of river Kopilli from Joyshree to Dharamtul.,Widening and Strengthening of right bank embankment of river Kopilli from Joyshree to Dharamtul.,Works,Open Tender,Works,Civil Works,No,No,NA ,16-Dec-2025 04:00 PM,NA ,180.0,No ,No,Online,31-Dec-2025 03:00 PM,Department of Water Resources||Chief Engineer - DoWR,Morigaon,782105.0,2.0,"7,99,99,572",D KUMAR AND COMPANY,"79,974,459.44",Accepted-AOC,23-Apr-2026,Department of Water Resources||Chief Engineer - DoWR
2026_PWD_50646_2,CE/Commn/192/PDNA/2025-26/31,CE/Commn/192 /PDNA/2025-26/31,Recovery and Reconstruction of PGHJ Bypass road under NDRF(PDNA-2022) for the year 2025-26.,Works,Open Tender,Item Rate,Civil Works – Roads,No,No,NA ,30-Jan-2026 06:00 PM,02-Feb-2026 04:00 PM ,180.0,No ,No,Online,06-Feb-2026 02:30 PM,Public Works Roads Department||CE PWD(R) - PWD||Traffic Engineering Cell - PWD,dimahasao,788819.0,2.0,"10,00,00,000",SONJIT NUNISA,"89,500,000.49",Rejected-AOC,02-Apr-2026,Public Works Roads Department||CE PWD(R) - PWD||Traffic Engineering Cell - PWD
2025_PWD_47085_39,CE/DEV/TB/60/2025-26/15 Dtd- 06.08.2025,MMPPNA_RIDF_XXXI_25_26_464 Improvement of Charimuthia Goriapothar Kothalbari Connecting Road under Mukhya Mantrir Paki Path Nirman Achani (MMPPNA) under RIDF-XXXI of NABARD for the year 2025-26.,MMPPNA_RIDF_XXXI_25_26_464 Improvement of Charimuthia Goriapothar Kothalbari Connecting Road under Mukhya Mantrir Paki Path Nirman Achani (MMPPNA) under RIDF-XXXI of NABARD for the year 2025-26.,Works,Open Tender,Item Rate,Civil Works – Roads,No,No,NA ,02-Sep-2025 02:00 PM,04-Sep-2025 12:00 PM ,180.0,No ,No,Online,19-Sep-2025 02:30 PM,Public Works Roads Department,Mahmora,786101.0,2.0,"1,02,00,000",BIJU PHUKAN,"10,199,983",Rejected-Finance,23-Apr-2026,Public Works Roads Department
2025_PWD_45408_8,CE/DEV/TB/60/2025-26/01 Dtd- 21.06.2025,"MMPPNA_RIDF_XXXI_25_26_88 Construction of Bongaon Hospital, Pukhuriporia and Perabhari Gaon road under Mukhya Mantrir Paki Path Nirman Achani (MMPPNA) under RIDF-XXXI of NABARD for the year 2025-26.","MMPPNA_RIDF_XXXI_25_26_88 Construction of Bongaon Hospital, Pukhuriporia and Perabhari Gaon road under Mukhya Mantrir Paki Path Nirman Achani (MMPPNA) under RIDF-XXXI of NABARD for the year 2025-26.",Works,Open Tender,Item Rate,Civil Works – Roads,No,No,NA ,08-Jul-2025 09:00 AM,17-Jul-2025 12:00 PM ,180.0,No ,No,Online,28-Jul-2025 02:30 PM,Public Works Roads Department,Majuli,785106.0,2.0,"1,42,31,000",Amlan Deep Borah,"14,228,000",Accepted-AOC,23-Apr-2026,Public Works Roads Department
2025_PWD_49579_2,DMJ/TRD/NDRF (PDNA)-01/2025-26/10-17 Dtd 20/12/2025,"Recovery and Reconstruction of RCC Box Cell Culvert including approaches on Meleki to Hatipara Kachari Gaon Road under NDRF(PDNA-2022) for the year 2025-26 under Dhemaji TRD, Dhemaji LAC","Recovery and Reconstruction of RCC Box Cell Culvert including approaches on Meleki to Hatipara Kachari Gaon Road under NDRF(PDNA-2022) for the year 2025-26 under Dhemaji TRD, Dhemaji LAC",Works,Open Tender,Works,Civil Works,No,No,NA ,23-Dec-2025 10:00 AM,NA ,180.0,No ,No,Online,09-Jan-2026 11:00 AM,Public Works Roads Department,Dhemaji,787057.0,2.0,"99,88,000",KARTIK BORSAIKIA,"9,987,000",Rejected-AOC,05-Apr-2026,Public Works Roads Department
2025_PWD_45926_18,CE/DEV/TB/60/2025-26/06 Dtd- 14.07.2025,"MMPPNA_RIDF_XXXI_25_26_161 Construction of Road from (1) Pirakata GP Office to Sirajuli Pirakata PWD Road, (2) Pirakata Centre PWD Road to Jamuguri PWD Road under Mukhya Mantrir Paki Path Nirman Achani (MMPPNA) under RIDF-XXXI of NABARD for the year","MMPPNA_RIDF_XXXI_25_26_161 Construction of Road from (1) Pirakata GP Office to Sirajuli Pirakata PWD Road, (2) Pirakata Centre PWD Road to Jamuguri PWD Road under Mukhya Mantrir Paki Path Nirman Achani (MMPPNA) under RIDF-XXXI of NABARD for the year",Works,Open Tender,Item Rate,Civil Works – Roads,No,No,NA ,26-Jul-2025 06:00 PM,04-Aug-2025 12:00 PM ,180.0,No ,No,Online,14-Aug-2025 02:30 PM,Public Works Roads Department,Barchalla,782103.0,2.0,"3,27,53,000",JAYANTA PATHAK,"32,751,774",Accepted-AOC,22-Apr-2026,Public Works Roads Department
2025_DoWR_48276_1,TINSUKIA/2025-26/SOPD G/VII,Anti-Erosion Measures to Protect Sri Sri Looknath Brahmachari Baba Mandir at Margherita Bazar from the Erosion of River Buridehing.,Anti-Erosion Measures to Protect Sri Sri Looknath Brahmachari Baba Mandir at Margherita Bazar from the Erosion of River Buridehing.,Works,Open Tender,Works,Civil Works,No,No,NA ,28-Oct-2025 06:55 PM,NA ,180.0,No ,No,Online,18-Nov-2025 03:00 PM,Department of Water Resources||Chief Engineer - DoWR,TINSUKIA,786125.0,2.0,"4,58,74,487",Navish Tulshyan,"45,863,465.51",Accepted-AOC,27-Apr-2026,Department of Water Resources||Chief Engineer - DoWR
2026_PWD_50058_8,PRTRD/RKN/PDNA/ET/2026/1302,PRTRD_PDNA_ET_25_26_08 Recovery and Reconstruction of road from Patharkandi Block to Duhalia Harinagar under NDRF (PDNA-2022) for the year 2025-26.,PRTRD_PDNA_ET_25_26_08 Recovery and Reconstruction of road from Patharkandi Block to Duhalia Harinagar under NDRF (PDNA-2022) for the year 2025-26.,Works,Open Tender,Item Rate,Civil Works,No,No,NA ,09-Jan-2026 02:00 PM,12-Jan-2026 12:00 PM ,180.0,No ,No,Online,28-Jan-2026 11:00 AM,Public Works Roads Department,RK Nagar,788166.0,2.0,"27,57,000",SHAAN TRADERS,"2,757,000",Rejected-AOC,10-Apr-2026,Public Works Roads Department
2025_SSA_47834_1,E-703619_SSA_34011_1_2025_PB,SUPPLY OF SCHOOL UNIFORM FOR SECONDARY SCHOOLS,SUPPLY OF SCHOOL UNIFORM FOR SECONDARY SCHOOLS,Goods,Open Tender,Supply,Supply of Materials,No,No,NA ,06-Oct-2025 04:00 PM,NA ,180.0,No ,No,Online,27-Oct-2025 03:00 PM,Axom Sarba Siksha Abhijan Mission,"SSA, Kahilipara, Guwahati",781019.0,2.0,"51,25,00,000",Sunil Industries Limited,"99,619,949.52",Rejected-AOC,01-Apr-2026,Axom Sarba Siksha Abhijan Mission
2025_UDD_47174_2,DMB.245/2025-26/269,ESTABLISHMENT AND COMMISSIONING OF MRF AND WASTE TO COMPOST PLANT,ESTABLISHMENT AND COMMISSIONING OF MRF AND WASTE TO COMPOST PLANT IN DHING TOWN,Works,Open Tender,Turn-key,Civil Works,No,No,NA ,24-Sep-2025 06:00 PM,07-Oct-2025 02:00 PM ,180.0,No ,No,Online,22-Oct-2025 03:00 PM,Urban Development Department||Directorate of Municipality Administration - UDD||Dhing Municipal Board,DHING TOWN,782123.0,2.0,"2,00,00,000",Resolin,"19,150,000",Rejected-Technical,20-Jan-2026,Urban Development Department||Directorate of Municipality Administration - UDD||Dhing Municipal Board
2025_UDD_49804_1,"NMB/263/6th ASFC/2022-23/403 Dated Nazira, the 30th December, 2025","NMB/263/6th ASFC/2022-23/403 Dated Nazira, the 30th December, 2025",PROPOSE CONSTRUCTION OF WAITING SHED AND PAVER BLOCKS FLOOR AT CREMATION GROUND AT WARD NO. 06 UNDER NAZIRA MUNICIPAL BOARD,Works,Open Tender,Works,Civil Works,No,No,NA ,31-Dec-2025 05:30 PM,05-Jan-2026 11:00 AM ,90.0,No ,No,Online,28-Jan-2026 02:00 PM,Urban Development Department||Directorate of Municipality Administration - UDD||Nazira Municipal Board,WARD NO. 06 UNDER NAZIRA MUNICIPAL BOARD,785685.0,2.0,"21,74,484",NIZARA DEHINGIA GOGOI,"2,174,484",Accepted-AOC,28-Apr-2026,Urban Development Department||Directorate of Municipality Administration - UDD||Nazira Municipal Board
2025_BTC_49269_1,No.ACE-22/PWD/NIT/GOODWILL,Construction of Road from Garam chowk Tiniali to Mainaguri Shiv Mandir via SSB camp under CMs Goodwill Mission Project (RIDF-XXXI of NABARD) for the financial year 2025-26. TN_72_BAK_RIDF-XXXI_02,Construction of Road from Garam chowk Tiniali to Mainaguri Shiv Mandir via SSB camp under CMs Goodwill Mission Project (RIDF-XXXI of NABARD) for the financial year 2025-26. TN_72_BAK_RIDF-XXXI_02,Works,Open Tender,Item Rate,Civil Works – Roads,No,No,NA ,12-Dec-2025 12:00 PM,NA ,180.0,No ,No,Online,03-Jan-2026 02:00 PM,Bodoland Territorial Council-PWD||Director Cum CHD - PWD BTC,Baksa,781327.0,2.0,"99,99,265",KUNJU RANI BARO,"9,998,889.8",Rejected-AOC,23-Apr-2026,Bodoland Territorial Council-PWD||Director Cum CHD - PWD BTC
2025_BTC_49248_20,ACE-22/PWD/NIT/GOODWILL/25-26,Construction of CC Block road from Ranipukhuri No.1 Jhargaon to Bholabari Chowk road under Ranipukhuri VCDC under CMs Goodwill Mission Project under RIDF-XXXI of NABARD for the year 2025-26. (Package No. TN_68_UDL_RIDF-XXXI_20),Construction of CC Block road from Ranipukhuri No.1 Jhargaon to Bholabari Chowk road under Ranipukhuri VCDC under CMs Goodwill Mission Project under RIDF-XXXI of NABARD for the year 2025-26.,Works,Open Tender,Item Rate,Civil Works – Roads,No,No,NA ,12-Dec-2025 10:00 AM,26-Dec-2025 12:00 PM ,180.0,No ,No,Online,03-Jan-2026 11:00 AM,Bodoland Territorial Council-PWD||Director Cum CHD - PWD BTC,Udalguri,784509.0,2.0,"1,29,99,982",BHABA DEV MAHANTA,"12,998,555",Rejected-AOC,23-Apr-2026,Bodoland Territorial Council-PWD||Director Cum CHD - PWD BTC
2026_PWD_50058_9,PRTRD/RKN/PDNA/ET/2026/1302,PRTRD_PDNA_ET_25_26_09 Recovery and reconstruction of road from NH-8 at Dewlakhal Model School to Bolaigaon Telengabasti in Patharkandi LAC under NDRF (PDNA-2022) for the year 2025-26.,PRTRD_PDNA_ET_25_26_09 Recovery and reconstruction of road from NH-8 at Dewlakhal Model School to Bolaigaon Telengabasti in Patharkandi LAC under NDRF (PDNA-2022) for the year 2025-26.,Works,Open Tender,Item Rate,Civil Works,No,No,NA ,09-Jan-2026 02:00 PM,12-Jan-2026 12:00 PM ,180.0,No ,No,Online,28-Jan-2026 11:00 AM,Public Works Roads Department,RK Nagar,788166.0,2.0,"20,59,911",UTTAM KUMAR SINHA,"2,059,911",Rejected-AOC,20-Apr-2026,Public Works Roads Department
2025_BTC_49331_1,No.ACE-22/PWD/NIT/GW/25-26/19,Improvement of road from New Koraitari to Sandalartari Village Road from Ch.0 Km to Ch.2.80 Km under CMs Goodwill Mission Project under RIDF-XXXI of NABARD for the year 2025-26. TN_67KOK_RIDF-XXXI-25,Improvement of road from New Koraitari to Sandalartari Village Road from Ch.0 Km to Ch.2.80 Km under CMs Goodwill Mission Project under RIDF-XXXI of NABARD for the year 2025-26. TN_67KOK_RIDF-XXXI-25,Works,Open Tender,Item Rate,Civil Works – Roads,No,No,NA ,15-Dec-2025 12:00 PM,NA ,180.0,No ,No,Online,07-Jan-2026 11:00 AM,Bodoland Territorial Council-PWD||Director Cum CHD - PWD BTC,Kokrajhar,783370.0,2.0,"99,99,750",RISHOVE SAHA,"9,999,700",Accepted-AOC,28-Apr-2026,Bodoland Territorial Council-PWD||Director Cum CHD - PWD BTC
2025_PWD_45926_138,CE/DEV/TB/60/2025-26/06 Dtd- 14.07.2025,"MMPPNA_RIDF_XXXI_25_26_302 Construction of Mehgarh Ali to Borahibari Seonial Gaon connecting Road from Ch. 0.00 m to Ch. 1250.00 m (L 1.25 km), under Mukhya Mantrir Paki Path Nirman Achani (MMPPNA) under RIDF-XXXI of NABARD for the year 2025-26.","MMPPNA_RIDF_XXXI_25_26_302 Construction of Mehgarh Ali to Borahibari Seonial Gaon connecting Road from Ch. 0.00 m to Ch. 1250.00 m (L 1.25 km), under Mukhya Mantrir Paki Path Nirman Achani (MMPPNA) under RIDF-XXXI of NABARD for the year 2025-26.",Works,Open Tender,Item Rate,Civil Works – Roads,No,No,NA ,31-Jul-2025 06:00 PM,04-Aug-2025 12:00 PM ,180.0,No ,No,Online,14-Aug-2025 02:30 PM,Public Works Roads Department,Nazira,785685.0,2.0,"1,16,77,000",RINKU KONWAR,"11,676,480",Rejected-Finance,28-Apr-2026,Public Works Roads Department
2025_BTC_49349_1,No.ACE-22/PWD/NIT/GW/25-26/19,Construction of ICBP Road from PMGSY Road to Sechapani village road under CMs Goodwill Mission Project under RIDF-XXXI of NABARD for the year 2025-26. TN_67KOK_RIDF-XXXI-40,Construction of ICBP Road from PMGSY Road to Sechapani village road under CMs Goodwill Mission Project under RIDF-XXXI of NABARD for the year 2025-26. TN_67KOK_RIDF-XXXI-40,Works,Open Tender,Item Rate,Civil Works – Roads,No,No,NA ,15-Dec-2025 12:00 PM,NA ,180.0,No ,No,Online,07-Jan-2026 11:00 AM,Bodoland Territorial Council-PWD||Director Cum CHD - PWD BTC,Kokrajhar,783370.0,2.0,"1,00,00,000",SAMIUL ISLAM,"10,000,000",Rejected-AOC,06-Apr-2026,Bodoland Territorial Council-PWD||Director Cum CHD - PWD BTC
2026_BTC_50928_1,No.ACE-133/PWD/G.79/2025-26/65,"Repair and Renovation of Balagaon High School under WBD Department at Balagaon in Kokrajhar District, BTC, Assam. TN_107_19","Repair and Renovation of Balagaon High School under WBD Department at Balagaon in Kokrajhar District, BTC, Assam. TN_107_19",Works,Open Tender,Item Rate,Civil Works - Building,No,No,NA ,07-Feb-2026 12:00 PM,NA ,180.0,No ,No,Online,21-Feb-2026 02:00 PM,Bodoland Territorial Council-PWD||Director Cum CHD - PWD BTC,Kokrajhar,783370.0,2.0,"59,98,930",BINAY & CO,"5,998,930",Accepted-AOC,20-Apr-2026,Bodoland Territorial Council-PWD||Director Cum CHD - PWD BTC
2025_DoWR_49582_1,TINSUKIA/2025-26/PDNA/SUPPLY/I,Restoration of Damaged portion of Saikhowa protection Bund PH-I between land spur no 6 and 7 and D/S reaches on the L/B of River Noa-Dehing (Procurement of Materials). Package 2,Restoration of Damaged portion of Saikhowa protection Bund PH-I between land spur no 6 and 7 and D/S reaches on the L/B of River Noa-Dehing (Procurement of Materials). Package 2,Goods,Open Tender,Supply,Supply of Materials,No,No,NA ,22-Dec-2025 06:55 PM,NA ,180.0,No ,No,Online,05-Jan-2026 03:00 PM,Department of Water Resources||Chief Engineer - DoWR,TINSUKIA,786125.0,2.0,"11,60,121",SUJIT KUMAR MOHESWARI,"1,160,121.78",Rejected-AOC,02-Apr-2026,Department of Water Resources||Chief Engineer - DoWR
2025_CEO_49419_1,ELE. 68/2025/13,Engagement of CPCB-Registered e-waste Recycler in Assam for Disposal of unserviceable/expired batteries or power packs of EVM Control Units and VVPATs,Engagement of CPCB-Registered e-waste Recycler in Assam for Disposal of unserviceable/expired batteries or power packs of EVM Control Units and VVPATs,Services,Single,Item Rate,Miscellaneous Services,No,No,NA ,17-Dec-2025 04:30 PM,NA ,180.0,No ,No,Online,31-Dec-2025 03:30 PM,Office of the Chief Electoral Officer Assam,"CHIEF ELECTORAL OFFICER, ASSAM JANATA BHAWAN,",781006.0,2.0,,Binbag Recycling Services Pvt Ltd,"4,359,368",Accepted-AOC,07-Feb-2026,Office of the Chief Electoral Officer Assam
2025_BTC_49254_1,No.ACE-22/PWD/NIT/GW/25-26/17,"Construction of road from Kauniabhasha village to NH 31C from CH. 0.00m to CH.2610.00m by providing Earth Filling,GSB,WBM-II, III, ICBP under CMs Goodwill Mission Project under SOPD for the year 2025-26. TN_66KOK_SOPD-09","Construction of road from Kauniabhasha village to NH 31C from CH. 0.00m to CH.2610.00m by providing Earth Filling,GSB,WBM-II, III, ICBP under CMs Goodwill Mission Project under SOPD for the year 2025-26. TN_66KOK_SOPD-09",Works,Open Tender,Item Rate,Civil Works – Roads,No,No,NA ,15-Dec-2025 12:00 PM,NA ,180.0,No ,No,Online,06-Jan-2026 11:00 AM,Bodoland Territorial Council-PWD||Director Cum CHD - PWD BTC,Kokrajhar,783370.0,2.0,"2,24,99,990",AKASH CONSTRUCTION,"22,499,990.46",Accepted-AOC,02-Apr-2026,Bodoland Territorial Council-PWD||Director Cum CHD - PWD BTC
2025_GU_44866_1,GU/G/NIT/S-E/2025/937 Dt. 12.06.2025,SUPPLY OF STATIONERY and ELECTRICAL ITEMS to Gauhati University,SUPPLY OF STATIONERY and ELECTRICAL ITEMS to Gauhati University,Goods,Open Tender,Item Wise,Stationery,No,No,NA ,13-Jun-2025 04:00 PM,30-Jun-2025 02:00 PM ,180.0,No ,No,Online,07-Jul-2025 03:00 PM,Gauhati University,Gauhati University,781014.0,2.0,"30,46,656",Tirupati Marketing Corporation,"23,020",Accepted-AOC,24-Apr-2026,Gauhati University
