Tender ID,tender_externalreference,tender_title,Work Description,Tender Category,Tender Type,Form of contract,Product Category,Is Multi Currency Allowed For BOQ,Allow Two Stage Bidding,Independent External Monitor/Remarks,Published Date,Pre Bid Meeting Date,Bid Validity(Days),Should Allow NDA Tender,Allow Preferential Bidder,Payment Mode,Bid Opening Date,Organisation Chain,location,Pincode,No of Bids Received,Tender Value in ₹,Bidder Name,Awarded Value,Status,Contract Date :,Department
2026_PWRDW_51947_3,eCF No 720769/15,Lakhimpur 33 - Construction of Bridge in Lakhimmpur District i) Br. No. 1/1 on Khora Bund to Gobindagaon,Construction of Bridge in Lakhimmpur District i) Br. No. 1/1 on Khora Bund to Gobindagaon,Works,Open Tender,Item Rate,Civil Works - Bridges,No,No,NA ,13-Mar-2026 06:00 PM,19-Mar-2026 11:00 AM ,180.0,No ,No,Online,26-Mar-2026 02:30 PM,Public Works Roads Department-Externally Aided Project||Public Works Road Department- World Bank Funded Tenders||PWD (R) - ARRBP,Dhemaji District,787054.0,2.0,"7,35,92,600",Ashok Kumar Agarwalla,"77,272,220",Accepted-AOC,13-Jul-2026,Public Works Roads Department-Externally Aided Project||Public Works Road Department- World Bank Funded Tenders||PWD (R) - ARRBP
2026_PWRDW_50657_5,EAP/ARRBP/02/TENDERS/2024/60,ARRBP/OCB/Bridge 1/Kokrajhar/18 R.C.C Br No 1by2 Majulibari_shyamthaibari road,CE/EAP/ARRBP/OCB/Bridge 1/Kokrajhar/18 R.C.C Br No 1by2 Majulibari_shyamthaibari road,Works,Open Tender,Item Rate,Civil Works - Bridges,No,No,NA ,03-Feb-2026 09:00 AM,10-Feb-2026 11:00 AM ,180.0,No ,No,Online,17-Feb-2026 02:30 PM,Public Works Roads Department-Externally Aided Project||Public Works Road Department- World Bank Funded Tenders||Assam State Bridge Infrastructure Program,Kokrajhar district,783370.0,2.0,"1,41,44,000",Nabaraj Narzary,"14,849,000",Accepted-AOC,02-Jul-2026,Public Works Roads Department-Externally Aided Project||Public Works Road Department- World Bank Funded Tenders||Assam State Bridge Infrastructure Program
2025_PWD_47663_4,SNSTRD/T-2/ SOPD-G/ET(A)/2025-26/02,"SNSTRD_SOPD-G_ET(A)_25_26_04 Construction of road starting from (i) NH 8 at Suprakandi Road to Rakhal bari Temple via Subash Nath House, (ii) NH 8 at Suprakandi Road to Harinagar Kalibari, (iii) NH-8 near Sribhumi Byepass to Bhatgram Village, (iv) NH","SNSTRD_SOPD-G_ET(A)_25_26_04 Construction of road starting from (i) NH 8 at Suprakandi Road to Rakhal bari Temple via Subash Nath House, (ii) NH 8 at Suprakandi Road to Harinagar Kalibari, (iii) NH-8 near Sribhumi Byepass to Bhatgram Village, (iv) NH",Works,Open Tender,Item Rate,Civil Works,No,No,NA ,24-Sep-2025 02:00 PM,26-Sep-2025 02:00 PM ,180.0,No ,No,Online,13-Oct-2025 12:00 PM,Public Works Roads Department,Sribhumi,788710.0,2.0,"1,70,22,998",CHAMPA DEB,"17,021,894",Accepted-AOC,02-Jul-2026,Public Works Roads Department
2026_ID_52639_1,ACE_IMP_MI_T_E-691992/227 Date_05_06_2026,Remodelling and Improvement of Behali FIS under SOPD-G for the year 2025-2026 under Biswanath Behali Division _I_ Biswanath Chariali of Assam,Remodelling and Improvement of Behali FIS under SOPD-G for the year 2025-2026 under Biswanath Behali Division _I_ Biswanath Chariali of Assam,Works,Open Tender,Item Rate,Civil Works,No,No,NA ,06-Jun-2026 06:00 PM,NA ,180.0,No ,No,Online,29-Jun-2026 03:00 PM,Irrigation Department||Chief Engineer(Major)-Irrigation Dept,Biswanath,784176.0,2.0,"4,43,57,427",KHANDELWAL CONSTRUCTION JV,"44,357,427",Accepted-AOC,15-Jul-2026,Irrigation Department||Chief Engineer(Major)-Irrigation Dept
2025_BoTC_45240_1,DPRD/BTC/15th FC/UT(VIII)/Udl-19/2025/10,"Const. of EF and SG road from Mohanpur PWD road to Dariya house, via Mohanpur Dakhars fishery Tank Gwmshabil with 3 Nos HPC Under 15th Finance Commission for the year 2023-24 during 2025-26.",DPRD/BTC/15th FC/UT(VIII)/Udl-19/2025/10,Works,Open Tender,Item Rate,Civil Works,No,No,NA ,30-Jun-2025 10:30 AM,NA ,180.0,No ,No,Online,15-Jul-2025 03:30 PM,Bodoland Territorial Council||Panchayat and Rural Development-BTC,Rowta Udalguri,784508.0,2.0,"32,00,000",Raju Brahma,"3,199,997.03",Accepted-AOC,30-Jul-2025,Bodoland Territorial Council||Panchayat and Rural Development-BTC
2025_PWD_47085_21,CE/DEV/TB/60/2025-26/15 Dtd- 06.08.2025,MMPPNA_RIDF_XXXI_25_26_471 Improvement of road from (i) Milan Bazar to Bherabhitha road (ii) Bhaktaduba to Balapara Road Kawaimari to 11 no block waste side Kaldiya River via Kawaimari J Lata LP School (iii) Rangia Nodir Gaon to Zero Bazar under Mukh,MMPPNA_RIDF_XXXI_25_26_471 Improvement of road from (i) Milan Bazar to Bherabhitha road (ii) Bhaktaduba to Balapara Road Kawaimari to 11 no block waste side Kaldiya River via Kawaimari J Lata LP School (iii) Rangia Nodir Gaon to Zero Bazar under Mukh,Works,Open Tender,Item Rate,Civil Works – Roads,No,No,NA ,30-Aug-2025 02:00 PM,04-Sep-2025 12:00 PM ,180.0,No ,No,Online,19-Sep-2025 02:30 PM,Public Works Roads Department,Pakabetbari,781352.0,2.0,"3,10,93,000",DIPAK DAS,"31,092,000",Accepted-AOC,23-Jul-2026,Public Works Roads Department
2026_HE_52630_1,AVC/Floor works_Arya Vidyapeeth College,"Providing fitting and fixing vitrified floor tiles (600 X 600) over the existing cc floor of classrooms at ground, first and second floor at Arya Vidyapeeth College, Guwahati","Providing fitting and fixing vitrified floor tiles (600 X 600) over the existing cc floor of classrooms at ground, first and second floor at Arya Vidyapeeth College, Guwahati",Works,Open Tender,Item Wise,Civil Works,No,No,NA ,05-Jun-2026 01:00 PM,10-Jun-2026 12:00 PM ,180.0,No ,No,Online,25-Jun-2026 03:00 PM,Department of Higher Education||Directorate of Higher Education||Arya Vidyapeeth College,"Arya Nagar, Guwahati",781016.0,2.0,"37,42,721",ABUL HUSSAIN CHOUDHURY,"2,935,332",Rejected-Technical,02-Jul-2026,Department of Higher Education||Directorate of Higher Education||Arya Vidyapeeth College
2026_DoIT_52566_1,AEDC/SDC/2025-26/23,Supply and Installation of Laptop Desktop and peripherals,Supply and Installation of Laptop Desktop and peripherals,Goods,Open Tender,Item Wise,Computer- H/W,No,No,NA ,30-May-2026 05:00 PM,NA ,180.0,No ,No,Online,06-Jul-2026 02:30 PM,Principal Secretary-Department of Information Technology||Assam Electronics Development Corporation Ltd-DoIT||Store and Purchase - AMTRON - DoIT,Guwahati,781021.0,2.0,,DIGITAL INTEGRATION,"3,639,120",Rejected-Technical,31-Jul-2026,Principal Secretary-Department of Information Technology||Assam Electronics Development Corporation Ltd-DoIT||Store and Purchase - AMTRON - DoIT
2026_PWRDW_50282_1,716719/14,Construction of Bridge in Udalguri district i) Br. No. 1/1 on Road from Uttar Bokrajhar to Dakhin Bokrajhar over river Khulsi,Package No. CE/EAP/ARRBP/OCB/Bridge-1/Udalguri/17 Construction of Bridge in Udalguri district i) Br. No. 1/1 on Road from Uttar Bokrajhar to Dakhin Bokrajhar over river Khulsi,Works,Open Tender,Item Rate,Civil Works - Bridges,No,No,NA ,17-Jan-2026 12:05 PM,21-Jan-2026 11:00 AM ,180.0,No ,No,Online,30-Jan-2026 02:30 PM,Public Works Roads Department-Externally Aided Project||Public Works Road Department- World Bank Funded Tenders||PWD (R) - ARRBP,Udalguri,784509.0,2.0,"3,93,38,000",M/S FOREVER,"41,265,562",Accepted-AOC,02-Jul-2026,Public Works Roads Department-Externally Aided Project||Public Works Road Department- World Bank Funded Tenders||PWD (R) - ARRBP
2026_PWD_50632_3,Tech/NDTRD/NIT/1028/4296 dated 28.01.2026,Tihu_PDNA_2025-26_75,Recovery and Reconstruction of Rajakhat Banekuchi to Madhupur Road (Akhra-Bihampur) under NDRF (PDNA-2022) for the year 2025-26.,Works,Open Tender,Item Rate,Civil Works – Roads,No,No,NA ,03-Feb-2026 10:30 AM,NA ,180.0,No ,No,Online,13-Feb-2026 10:30 AM,Public Works Roads Department,Nalbari,781335.0,2.0,"24,52,000",NUR MAHAMMAD AHMED,"1,961,091",Rejected-Technical,06-Jul-2026,Public Works Roads Department
2026_DoWR_49897_1,JORHAT/2025-26/ PDNA/WORK/VI,Restoration of flood damage for PDNA 2022 of Kakodonga R/B from Borholla to Borboruah Ali.,Restoration of flood damage for PDNA 2022 of Kakodonga R/B from Borholla to Borboruah Ali.,Works,Open Tender,Works,Civil Works,No,No,NA ,03-Jan-2026 02:00 PM,NA ,180.0,No ,No,Online,13-Jan-2026 03:00 PM,Department of Water Resources||Chief Engineer - DoWR,Jorhat,785001.0,2.0,"42,95,507",GLOBAL POWER AND ENGINEERS,"4,294,445.79",Accepted-AOC,30-Jul-2026,Department of Water Resources||Chief Engineer - DoWR
2026_HFWD_52351_1,Supply of Printed formats,Supply of Printed formats,Supply of Printed formats I cards registers on Rate Contract Basis,Goods,Open Tender,Item Wise,Publishing/Printing,No,No,NA ,14-May-2026 06:00 PM,NA ,90.0,No ,No,Online,30-May-2026 12:00 PM,Health and Family Welfare Department||Directorate of Medical Education-HFWD||Dhubri Medical College and Hospital-HFWD,Dhubri Medical College and Hospital,783325.0,2.0,"20,00,000",MAA MANASHA PRINTERS,"400,000",Rejected-Finance,21-Jul-2026,Health and Family Welfare Department||Directorate of Medical Education-HFWD||Dhubri Medical College and Hospital-HFWD
2025_DoWR_49453_1,UDALGURI/2025-16/SOPD-G/V,Anti erosion (A/E) measures on the R/B of Pagla river at Puhurabari area.,Anti erosion (A/E) measures on the R/B of Pagla river at Puhurabari area.,Works,Open Tender,Works,Civil Works,No,No,NA ,18-Dec-2025 01:00 PM,NA ,180.0,No ,No,Online,02-Jan-2026 03:00 PM,Department of Water Resources||Chief Engineer - DoWR,UDALGURI,784509.0,2.0,"69,99,864",ANIMA DAIMARI,"6,998,982.39",Accepted-AOC,28-Jul-2026,Department of Water Resources||Chief Engineer - DoWR
2026_SCD_51899_4,Tender/NIT/Pt-II/2025-26/8711,Integrated Measures for Flood and Landslide Mitigation through Bioengineering Practices at Motigaon village under SDMF,Integrated Measures for Flood and Landslide Mitigation through Bioengineering Practices at Motigaon village under SDMF,Works,Open Tender,Item Rate,Civil Works,No,No,NA ,12-Mar-2026 01:50 PM,NA ,180.0,No ,No,Online,25-Mar-2026 10:00 AM,Soil Conservation Department||Director - SCD,Baksa Soil Conservation Division,781372.0,2.0,"2,17,79,212",BRAHMAPUTRA ENGINEERS,"21,659,426",Accepted-AOC,25-Jun-2026,Soil Conservation Department||Director - SCD
2025_PWD_47507_1,BMCTRD/SOPD/2024-25/CHE_04,BMCTRD/SOPD/2024-25/CHE_04,Improvement of road from (1) Kukarpar to Kothlbori road (2) Rowmari Pathar to Nodirpar road under SOPD-G for the year 2024-25.,Works,Open Tender,Item Rate,Civil Works – Roads,No,No,NA ,15-Sep-2025 11:00 AM,NA ,180.0,No ,No,Online,24-Sep-2025 02:00 PM,Public Works Roads Department,Barpeta,781301.0,2.0,"21,45,000",SAMSUL KHAN,"2,144,950",Accepted-AOC,07-Jul-2026,Public Works Roads Department
2025_PWD_45820_49,CE/STBR/SOPD-G/NIT/07/2025 26/1 Dated 26-06-2025,STBR/SOPD-G/Jalukbari-41/80 Constrution of PWD Road to Kuwari gaon Bye Lane-1 Road under SOPD-G for the year 2025-26,STBR/SOPD-G/Jalukbari-41/80 Constrution of PWD Road to Kuwari gaon Bye Lane-1 Road under SOPD-G for the year 2025-26,Works,Open Tender,Item Rate,Civil Works – Roads,No,No,NA ,23-Jul-2025 03:00 PM,30-Jul-2025 11:00 AM ,180.0,No ,No,Online,19-Aug-2025 11:00 AM,Public Works Roads Department,Jalukbari,781013.0,2.0,"9,73,000",M/S S.B ENTERPRISE,"973,000",Accepted-AOC,16-Jul-2026,Public Works Roads Department
2025_PWD_47418_3,CE/DEV/TB/60/2025-26/31 Dtd- 04.09.2025,MMPPNA_RIDF_XXXI_25_26_516 Improvement of Fetagaon Namghar to Fetabasti and Bhokotiagaon LP School to Digholachuk connecting road from Ch. 0.00 m to Ch. 3200.00 m under Mukhya Mantrir Paki Path Nirman Achani (MMPPNA) under RIDF-XXXI of NABARD for the,MMPPNA_RIDF_XXXI_25_26_516 Improvement of Fetagaon Namghar to Fetabasti and Bhokotiagaon LP School to Digholachuk connecting road from Ch. 0.00 m to Ch. 3200.00 m under Mukhya Mantrir Paki Path Nirman Achani (MMPPNA) under RIDF-XXXI of NABARD for the,Works,Open Tender,Item Rate,Civil Works – Roads,No,No,NA ,10-Sep-2025 01:00 PM,11-Sep-2025 12:00 PM ,180.0,No ,No,Online,25-Sep-2025 02:30 PM,Public Works Roads Department,Dergaon,785614.0,2.0,"2,80,32,000",Amal Bharali,"28,032,000",Accepted-AOC,14-Jul-2026,Public Works Roads Department
2026_PWBNH_51289_1,SBC/CS/2025-26/09/635,"Renovation of Circuit House, Sribhumi","Civil, Sanitary and Water supply and Electrical Work and Road Work",Works,Open Tender,Item Rate,Civil Works - Building,No,No,NA ,17-Feb-2026 05:10 PM,26-Feb-2026 12:00 PM ,180.0,No ,No,Online,10-Mar-2026 04:00 PM,Public Works Building and NH Department||Chief Engineer-Building - PWBNH||SE-Silchar Circle - PWBNH,"Circuit House, Sribhumi",788710.0,2.0,"1,36,96,089",Shree Gautam Construction Co. Ltd.,"14,560,606",Rejected-AOC,08-May-2026,Public Works Building and NH Department||Chief Engineer-Building - PWBNH||SE-Silchar Circle - PWBNH
2025_PWD_45827_41,CE/MAINT/SOPDG/01/2025-26/02,MAINT/SOPD-G/2025-26/51,"MAINT/SOPD-G/2025-26/51_Re-construction of 1 Nannatari to Piplibari Road , 2 Re-construction of Tihu Barama Road , 3 Re-construction of Goalpara to Bagurihati , 4 Re-construction of Road from Gamermuri to kaithalkuchi road and 5 Re-construction of B",Works,Open Tender,Item Rate,Civil Works – Roads,No,No,NA ,23-Jul-2025 04:00 PM,24-Jul-2025 12:00 PM ,180.0,No ,No,Online,14-Aug-2025 11:00 AM,Public Works Roads Department,Nalbari,781335.0,2.0,"1,72,63,000",Md. Chan Ali,"17,261,000",Rejected-Finance,15-Jul-2026,Public Works Roads Department
2026_PWD_52482_1,CS/JTRD/SOPD-G/11/2026-27,"Improvement of Milan Nagar Path at Mahyamkhanda, North Guwahati under SOPD (G) for the year 2025-26.","Improvement of Milan Nagar Path at Mahyamkhanda, North Guwahati under SOPD (G) for the year 2025-26.",Works,Open Tender,Item Rate,Civil Works – Roads,No,No,NA ,22-May-2026 05:30 PM,NA ,180.0,No ,No,Online,30-May-2026 02:00 PM,Public Works Roads Department,North Guwahati,781030.0,2.0,"22,65,000",MD NASIR KHAN,"2,265,000",Accepted-AOC,09-Jul-2026,Public Works Roads Department
2025_PWD_45820_60,CE/STBR/SOPD-G/NIT/07/2025 26/1 Dated 26-06-2025,"STBR/SOPD-G/Barhampur-05/34 Improvement of Road (1) BB Road to Barhampur Weekly Market(Ch. 0.00 m to 480.00m), (2) 4th KM of GBC Road to Chalchali Muslim Gaon Road (Ch. 0.00 m to 2000.00 m), (3) Puranigudam to Khaundor Chuk Road (Ch. 0.00 m to 550.00","STBR/SOPD-G/Barhampur-05/34 Improvement of Road (1) BB Road to Barhampur Weekly Market(Ch. 0.00 m to 480.00m), (2) 4th KM of GBC Road to Chalchali Muslim Gaon Road (Ch. 0.00 m to 2000.00 m), (3) Puranigudam to Khaundor Chuk Road (Ch. 0.00 m to 550.00",Works,Open Tender,Item Rate,Civil Works – Roads,No,No,NA ,28-Jul-2025 03:00 PM,30-Jul-2025 11:00 AM ,180.0,No ,No,Online,11-Aug-2025 11:00 AM,Public Works Roads Department,Barhampur,782102.0,2.0,"83,52,300",SAGARDEV GOSWAMI,"8,352,270",Rejected-AOC,28-Jul-2026,Public Works Roads Department
2025_KAAC_48946_1,"No.ACEH/CS/AAP/76/2025-26/3,",Construction of CC Block road Zirikindeng to Rngnihang road to Thatskai,Construction of CC Block road Zirikindeng to Rngnihang road to Thatskai,Works,Open Tender,Item Rate,Civil Works – Roads,No,No,NA ,01-Dec-2025 11:00 AM,NA ,180.0,No ,No,Online,16-Dec-2025 11:00 AM,Karbi Anglong Autonomous Council||PWD||Addl. Chief Engineer Diphu,ZIRIKINDENG,782448.0,2.0,"2,50,66,000",SRI MENSING PHANGCHO,"25,065,900",Rejected-Finance,14-Jul-2026,Karbi Anglong Autonomous Council||PWD||Addl. Chief Engineer Diphu
2025_PWD_46196_17,CE/DEV/TB/122/2025-26/06 Dated. 04-08-2025,BTR_SOPD_G_25_26_29 Construction of road from Jharbosti to Subankhata connecting road under SOPD-G for the year 2025-26.,BTR_SOPD_G_25_26_29 Construction of road from Jharbosti to Subankhata connecting road under SOPD-G for the year 2025-26.,Works,Open Tender,Item Rate,Civil Works – Roads,No,No,NA ,06-Aug-2025 06:00 PM,11-Aug-2025 12:00 PM ,180.0,No ,No,Online,18-Aug-2025 02:30 PM,Public Works Roads Department,Tamulpur,781367.0,2.0,"85,00,000",MS AXOM INFRA TECH,"7,556,500",Accepted-AOC,23-Jul-2026,Public Works Roads Department
2025_FD_43515_1,Bid Ref No AFS 187 RIDF 2023 24 8466 69Dated 13 03 2025,"Development of rawanapara Fish Farm, Majuli District","17 Nos of fish Farms Projects in 11 districts of Assam under RIDF XXIX, Development of rawanapara Fish Farm, Majuli District",Works,Open Tender,Works,Civil Works,No,No,NA ,17-Mar-2025 05:00 PM,NA ,180.0,No ,No,Online,08-Apr-2025 01:00 PM,Department of Fisheries||Directorate of Fisheries Assam,Rawanapara Kamalabari Majuli assam,781016.0,2.0,"86,00,000",Amlan Deep Borah,"7,136,168.63",Rejected-AOC,21-May-2026,Department of Fisheries||Directorate of Fisheries Assam
2025_PWRDW_48965_14,EAP/ARRBP/02/TENDERS/2024/57,Bridge1/Barpeta/31 Bridge no 1/1 Helonapara to uttar Kalijhar road,CE/EAP/ARRBP/OCB/Bridge1/Barpeta/31 Construction of Bridge in Barpeta district Bridge no 1/1 Helonapara to uttar Kalijhar road,Works,Open Tender,Item Rate,Civil Works - Bridges,No,No,NA ,05-Dec-2025 12:30 PM,10-Dec-2025 11:00 AM ,90.0,No ,No,Online,24-Dec-2025 02:30 PM,Public Works Roads Department-Externally Aided Project||Public Works Road Department- World Bank Funded Tenders||Assam State Bridge Infrastructure Program,Barpeta District,781301.0,2.0,"4,55,94,500",M/S Royal Smart Construction,"43,038,450",Rejected-Finance,15-Jul-2026,Public Works Roads Department-Externally Aided Project||Public Works Road Department- World Bank Funded Tenders||Assam State Bridge Infrastructure Program
2026_PWD_50632_2,Tech/NDTRD/NIT/1028/4296 dated 28.01.2026,Tihu_PDNA_2025-26_74,Recovery and Reconstruction of Banekuchi Kathalbari Road under NDRF (PDNA-2022) for the year 2025-26.,Works,Open Tender,Item Rate,Civil Works – Roads,No,No,NA ,03-Feb-2026 10:30 AM,NA ,180.0,No ,No,Online,13-Feb-2026 10:30 AM,Public Works Roads Department,Nalbari,781335.0,2.0,"29,96,000",MANDIP AHMED,"2,396,799",Accepted-AOC,02-Jul-2026,Public Works Roads Department
2025_UDD_44604_1,NO.TMB/TECH/15TH FC(1st INSTL)/Tied Grant/2023-24/644,Supply of two 14 cubic meter capacity of refuse compactor vehicle and 30 wheel garbage dustbin.,Supply of two 14 cubic meter capacity of refuse compactor vehicle and 30 wheel garbage dustbin.,Goods,Open Tender,Supply,Machineries,No,No,NA ,28-May-2025 06:00 PM,03-Jun-2025 02:00 PM ,30.0,No ,No,Online,24-Jun-2025 11:00 AM,Urban Development Department||Directorate of Municipality Administration - UDD||Tinsukia Municipal Board,TINSUKIA,786125.0,2.0,,MANDY ENTERPRISES,"9,265,000",Rejected-Finance,05-Aug-2025,Urban Development Department||Directorate of Municipality Administration - UDD||Tinsukia Municipal Board
2025_PWD_45926_4,CE/DEV/TB/60/2025-26/06 Dtd- 14.07.2025,"MMPPNA_RIDF_XXXI_25_26_268 Construction of (1) Road from Natun Bolai Erashuti Road (Ch. 0.00 m to Ch. 3100.00 m), (2) Lekai Beelpathar Guwalapatty Road (Ch. 0.00m to Ch. 1200.00m) under Mukhya Mantrir Paki Path Nirman Achani (MMPPNA) under RIDF-XXXI","MMPPNA_RIDF_XXXI_25_26_268 Construction of (1) Road from Natun Bolai Erashuti Road (Ch. 0.00 m to Ch. 3100.00 m), (2) Lekai Beelpathar Guwalapatty Road (Ch. 0.00m to Ch. 1200.00m) under Mukhya Mantrir Paki Path Nirman Achani (MMPPNA) under RIDF-XXXI",Works,Open Tender,Item Rate,Civil Works – Roads,No,No,NA ,26-Jul-2025 09:00 AM,04-Aug-2025 12:00 PM ,180.0,No ,No,Online,14-Aug-2025 02:30 PM,Public Works Roads Department,Khowang,785675.0,2.0,"3,02,40,000",Chitra Ranjan Gogi,"30,239,102.89",Accepted-AOC,24-Jul-2026,Public Works Roads Department
2026_DoWR_51838_1,DHAKUAKHANA/2025-26/SOPD/V,Anti-Erosion measures at different reaches of River Charikoria.,Anti-Erosion measures at different reaches of River Charikoria.,Works,Open Tender,Works,Civil Works,No,No,NA ,09-Mar-2026 06:55 PM,NA ,180.0,No ,No,Online,13-Mar-2026 03:00 PM,Department of Water Resources||Chief Engineer - DoWR,DHAKUAKHANA,787055.0,2.0,"8,99,84,251",Pradip Kumar Agarwalla,"89,981,160.69",Accepted-AOC,10-Jul-2026,Department of Water Resources||Chief Engineer - DoWR
2025_PWD_47663_5,SNSTRD/T-2/ SOPD-G/ET(A)/2025-26/02,"SNSTRD_SOPD-G_ET(A)_25_26_05 Construction of road starting from (i) Barbari Nandapur PWD road to Anair Hawor, (ii) Gopinath Akhra to C K Road under SOPD-G for the year 2025-26 of Sribhumi District (Karimganj North LAC)","SNSTRD_SOPD-G_ET(A)_25_26_05 Construction of road starting from (i) Barbari Nandapur PWD road to Anair Hawor, (ii) Gopinath Akhra to C K Road under SOPD-G for the year 2025-26 of Sribhumi District (Karimganj North LAC)",Works,Open Tender,Item Rate,Civil Works,No,No,NA ,24-Sep-2025 02:00 PM,26-Sep-2025 02:00 PM ,180.0,No ,No,Online,13-Oct-2025 12:00 PM,Public Works Roads Department,Sribhumi,788710.0,2.0,"1,30,90,999",RIDHI ENTERPRISE,"13,088,635",Rejected-AOC,17-Jul-2026,Public Works Roads Department
2026_WPTBC_50773_1,PTDC/Engg/2026-27/482,Construction of Additional Classroom at Anchali Higher Secondary School Jalah Dist Baksa,Construction of Additional Classroom at Anchali Higher Secondary School Jalah Dist Baksa,Works,Open Tender,Works,Civil Works,No,No,NA ,04-Feb-2026 02:00 PM,06-Feb-2026 12:00 PM ,180.0,No ,No,Online,17-Feb-2026 03:30 PM,Welfare of Plain Tribes and Backward Classes||Director - WPT and BC||Assam Plains Tribes Development Corporation Ltd.,"Jalah, Baksa",781327.0,2.0,"25,00,000",Devajit Kutum,"2,250,000",Accepted-AOC,06-Jul-2026,Welfare of Plain Tribes and Backward Classes||Director - WPT and BC||Assam Plains Tribes Development Corporation Ltd.
2025_PWHE_48184_1,IN-ASSAM PWD-510349-CW-RFB,Package No. 19 Construction of Class Rooms under Assam School Education and Adolescent Well-Being Project (ASAP) under Udalguri AND Baksa DTBD for i. Jorpukhuri High School ii. Murmela High School iii. Salmara Milan MES iv. Mayanagar MES v. NK Darran,Package No. 19 Construction of Class Rooms under Assam School Education and Adolescent Well-Being Project (ASAP) under Udalguri AND Baksa DTBD for i. Jorpukhuri High School ii. Murmela High School iii. Salmara Milan MES iv. Mayanagar MES v. NK Darran,Works,Open Tender,Item Rate,Civil Works - Building,No,No,NA ,22-Oct-2025 04:30 PM,29-Oct-2025 11:30 AM ,180.0,No ,No,Online,06-Nov-2025 05:00 PM,Public Works Health and Education Department-Externally Aided Project||Public Works Health and Education Department-WB,Udalguri,784509.0,2.0,"18,13,11,550",M/S Mayur Associates,"182,500,000",Accepted-AOC,28-Jul-2026,Public Works Health and Education Department-Externally Aided Project||Public Works Health and Education Department-WB
2026_PWD_52392_1,CE/Commn/192/2025-26/47,PDNA/Nalbari/09,Recovery and Reconstruction of (1) KHAGTA BURBURI ROAD and 11 nos. of roads under NDRF (PDNA-2022) for the year 2025-26.,Works,Open Tender,Item Rate,Civil Works – Roads,No,No,NA ,18-May-2026 02:00 PM,20-May-2026 04:00 PM ,180.0,No ,No,Online,29-May-2026 02:30 PM,Public Works Roads Department||CE PWD(R) - PWD||Traffic Engineering Cell - PWD,Nalbari,781335.0,2.0,"3,16,60,000",Merajul Haque,"25,923,208",Rejected-AOC,20-Jul-2026,Public Works Roads Department||CE PWD(R) - PWD||Traffic Engineering Cell - PWD
2026_PWRDW_51947_2,eCF No 720769/15,Dhemaji 16 - Construction of Bridge in Dhemaji District i) Br No. 2/1 on NH-515 TO NO.1 JANJI PACKAGE NO. AS-04-172,Construction of Bridge in Dhemaji District i) Br No. 2/1 on NH-515 TO NO.1 JANJI PACKAGE NO. AS-04-172,Works,Open Tender,Item Rate,Civil Works - Bridges,No,No,NA ,13-Mar-2026 04:00 PM,19-Mar-2026 11:00 AM ,180.0,No ,No,Online,26-Mar-2026 02:30 PM,Public Works Roads Department-Externally Aided Project||Public Works Road Department- World Bank Funded Tenders||PWD (R) - ARRBP,Dhemaji District,787061.0,2.0,"3,49,73,600",Sri Dinesh Pait,"36,372,000",Rejected-Technical,21-Jul-2026,Public Works Roads Department-Externally Aided Project||Public Works Road Department- World Bank Funded Tenders||PWD (R) - ARRBP
2026_BTC_52440_1,ACE-22/PWD/NIT/GOODWILL/25-26,Construction of ICBP Road from Khasiapathar Tiniali to Bhergaon Khagrabari PWD Road under CMs Goodwill Mission Project under RIDF-XXXI in Udalguri District for the year 2025-26. Package No. TN_68_UDL_RIDF-XXXI_07_(R-2),Construction of ICBP Road from Khasiapathar Tiniali to Bhergaon Khagrabari PWD Road under CMs Goodwill Mission Project under RIDF-XXXI in Udalguri District for the year 2025-26.,Works,Open Tender,Item Rate,Civil Works,No,No,NA ,21-May-2026 01:00 PM,NA ,180.0,No ,No,Online,10-Jun-2026 03:00 PM,Bodoland Territorial Council-PWD||Director Cum CHD - PWD BTC,Udalguri,784509.0,2.0,"1,00,00,000",Nimaha Khakhlary,"9,997,396.74",Rejected-AOC,23-Jul-2026,Bodoland Territorial Council-PWD||Director Cum CHD - PWD BTC
2026_PWD_49856_1,TB68/JTRD/PDNA-22/2025-26/2092 dtd 26/12/2025,Recovery and Reconstruction of Kulajan Kebaranga to Singibeel Road Part-II (Kulajan to Deorighat Bridge Approaches) under NDRF (PDNA-2022) for the year 2025-26 under Jonai Territorial Road Division in Dhemaji District.,Recovery and Reconstruction of Kulajan Kebaranga to Singibeel Road Part-II (Kulajan to Deorighat Bridge Approaches) under NDRF (PDNA-2022) for the year 2025-26 under Jonai Territorial Road Division in Dhemaji District.,Works,Open Tender,Item Rate,Civil Works,No,No,NA ,02-Jan-2026 02:30 PM,NA ,180.0,No ,No,Online,09-Jan-2026 10:00 AM,Public Works Roads Department||Dhemaji Road Circle||Jonai Territorial Road Division,Sissiborgaon,787059.0,2.0,"54,50,000",SRI LIKHAN KUMBANG,"5,449,466.97",Accepted-AOC,13-Mar-2026,Public Works Roads Department||Dhemaji Road Circle||Jonai Territorial Road Division
2026_BoTC_52236_1,No. BTC/FC-Cell(6th ASFC)-198/2025/60 Dtd-23/02/26,6th ASFC-01 of 2026-27,Construction of Market Shed at Banargaon Bazar under Direct Grant of 6th ASFC for the year 2021-22 (1st installment ) during 2025-26,Works,Open Tender,Works,Civil Works - Others,No,No,NA ,13-May-2026 12:00 PM,NA ,180.0,No ,No,Online,04-Jun-2026 04:30 PM,Bodoland Territorial Council||Panchayat and Rural Development-BTC,Banargaon,783347.0,2.0,"25,00,000",DHANANJAY BASUMATARY,"2,498,500",Accepted-AOC,02-Jul-2026,Bodoland Territorial Council||Panchayat and Rural Development-BTC
2026_DoWR_49834_1,GOALPARA/2025-26/PDNA/WORK/III,Restoration of B/Dyke from Kharmuza to Nichinpur at Madhu bazar area ( In Between Ch.6.70 Km to 8.50 Km ) from flood damages of river Brahmaputra.,Restoration of B/Dyke from Kharmuza to Nichinpur at Madhu bazar area ( In Between Ch.6.70 Km to 8.50 Km ) from flood damages of river Brahmaputra.,Works,Open Tender,Works,Civil Works,No,No,NA ,01-Jan-2026 06:00 PM,NA ,180.0,No ,No,Online,13-Jan-2026 03:00 PM,Department of Water Resources||Chief Engineer - DoWR,Goalpara,783101.0,2.0,"97,82,813",PRASANTA KR DEKA,"9,782,003.48",Rejected-AOC,11-Jul-2026,Department of Water Resources||Chief Engineer - DoWR
2026_PWD_50704_17,GLP/EE(GE_J)/PDNA/2025-26/1969 Dated 30/01/2026,GLP/EE(GE_J)/NDRF(PDNA 2022)/2025 26/17 Recovery and Reconstruction of Singimari Joypur Road (In stretches) (Constructed under PMGSY Package No AS 07 43) under NDRF (PDNA-2022) for the year 2025-26 of Goalpara District (12-Jaleswar LAC),GLP/EE(GE_J)/NDRF(PDNA 2022)/2025 26/17 Recovery and Reconstruction of Singimari Joypur Road (In stretches) (Constructed under PMGSY Package No AS 07 43) under NDRF (PDNA-2022) for the year 2025-26 of Goalpara District (12-Jaleswar LAC),Works,Open Tender,Item Rate,Civil Works – Roads,No,No,NA ,03-Feb-2026 11:00 AM,05-Feb-2026 10:00 AM ,180.0,No ,No,Online,19-Feb-2026 04:00 PM,Public Works Roads Department,Goalpara,783101.0,2.0,"22,00,009",Niamul Alom,"1,705,022",Rejected-AOC,16-Jul-2026,Public Works Roads Department
2025_PWD_46685_24,CE/DEV/TB/60/2025-26/13 Dtd- 31.07.2025,"MMPPNA_RIDF_XXXI_25_26_365 Construction of Road from (1)Kathalguri to Wirwar via Parkup Pahar (Priloo to Nornocho),(2)Improvement of road from Kathalguri to Wirwar via Parkup Pahar (From 6.00 km to 8.00km), L-2.00 Km under Mukhya Mantrir Paki Path N","MMPPNA_RIDF_XXXI_25_26_365 Construction of Road from (1)Kathalguri to Wirwar via Parkup Pahar (Priloo to Nornocho),(2)Improvement of road from Kathalguri to Wirwar via Parkup Pahar (From 6.00 km to 8.00km), L-2.00 Km under Mukhya Mantrir Paki Path N",Works,Open Tender,Item Rate,Civil Works – Roads,No,No,NA ,21-Aug-2025 09:00 AM,21-Aug-2025 12:00 PM ,180.0,No ,No,Online,09-Sep-2025 02:30 PM,Public Works Roads Department,Karbi Anglong,782410.0,2.0,"3,85,00,000",BIJAY BUCHA,"38,500,000",Accepted-AOC,31-Jul-2026,Public Works Roads Department
2026_PWBNH_52161_1,"Tech-I(H_E)/14/2026/2 Dated Guwahati the 09th March, 2026",Construction of Boundary wall 1. New Girls Hostel 2. Boys Hostel No. 1 3. From JIST side gate to Rain Forest Research Institute Boundary Wall 4. JIST Classroom and office at JIST under SOPD-G during the year 2025-26,Construction of Boundary wall 1. New Girls Hostel 2. Boys Hostel No. 1 3. From JIST side gate to Rain Forest Research Institute Boundary Wall 4. JIST Classroom and office at JIST under SOPD-G during the year 2025-26,Works,Open Tender,Item Rate,Civil Works - Building,No,No,NA ,24-Mar-2026 03:30 PM,27-Mar-2026 11:30 AM ,180.0,No ,No,Online,10-Apr-2026 03:30 PM,Public Works Building and NH Department||Chief Engineer-Building - PWBNH,Jorhat,785010.0,2.0,"2,48,19,868",DHANUKA CONSTRUCTION,"21,841,400",Rejected-Technical,10-Jul-2026,Public Works Building and NH Department||Chief Engineer-Building - PWBNH
2025_DoWR_47560_1,BISWANATH/2025-26/RIDF/II,Construction of Right Bank Embankment of river Solengi from Rajgarh Road to Langdangpara.,Construction of Right Bank Embankment of river Solengi from Rajgarh Road to Langdangpara.,Works,Open Tender,Works,Civil Works,No,No,NA ,17-Sep-2025 09:00 AM,NA ,180.0,No ,No,Online,07-Oct-2025 03:00 PM,Department of Water Resources||Chief Engineer - DoWR,BISWANATH,784176.0,2.0,"2,97,60,613",AJAY AGARWAL,"29,740,517.55",Accepted-AOC,18-Jul-2026,Department of Water Resources||Chief Engineer - DoWR
2026_PWD_49922_9,Tech/NDTRD/NIT/1028/4212 dated 03.01.2026,Nalbari_PDNA_2025-26_21,Recovery and Reconstruction of Ghagrapar Tamulpur Road to Panmajkuchi Road under NDRF (PDNA-2022) for the year 2025-26.,Works,Open Tender,Item Rate,Civil Works – Roads,No,No,NA ,08-Jan-2026 10:30 AM,NA ,180.0,No ,No,Online,21-Jan-2026 10:30 AM,Public Works Roads Department,Nalbari,781335.0,2.0,"39,98,000",Tapan Kalita,"3,996,160",Rejected-Finance,31-Jul-2026,Public Works Roads Department
2026_PWD_51978_1,CE/DEV/TB/120/2025-26/53 Dtd-02.03.2026,SOPD_G_25_26_64 Improvement and Strengthening of road from NH-31 near Sorbhog Goudiya Math to Ruposi including RCC Road side drain at Chahchaka bazaar under SOPD-G for the year 2025-26.,SOPD_G_25_26_64 Improvement and Strengthening of road from NH-31 near Sorbhog Goudiya Math to Ruposi including RCC Road side drain at Chahchaka bazaar under SOPD-G for the year 2025-26.,Works,Open Tender,Item Rate,Civil Works – Roads,No,No,NA ,13-Mar-2026 04:30 PM,13-Mar-2026 05:00 PM ,180.0,No ,No,Online,16-Mar-2026 02:30 PM,Public Works Roads Department,Barpeta,781301.0,2.0,"11,12,98,000",M/S Royal Smart Construction,"111,297,000",Not Admitted-Fee/PreQual/Technical,17-Jul-2026,Public Works Roads Department
2026_DoWR_50001_1,DHUBRI/2025-26/PDNA/WORK/I,Restoration of Golakganj- Bisondai Embankment from the flood damages of river Gangadhar on its L/B.,Restoration of Golakganj- Bisondai Embankment from the flood damages of river Gangadhar on its L/B.,Works,Open Tender,Works,Civil Works,No,No,NA ,07-Jan-2026 09:00 AM,NA ,180.0,No ,No,Online,19-Jan-2026 03:00 PM,Department of Water Resources||Chief Engineer - DoWR,DHUBRI,783301.0,2.0,"2,17,21,915",North East Infra Sol,"21,721,450.26",Accepted-AOC,11-Jul-2026,Department of Water Resources||Chief Engineer - DoWR
2025_PWD_49206_2,EE/DCLKT/NIT/SOPD-G/1/2025/7,(Group 3- Construction of Pragati Path (L 0.280 Km)) under Mukhya Mantrir Pakipath Nirman Achani (MMPPNA) under SOPD-G for the year 2025-26,"Construction of (i) Hatikhola Sonali Path (L 0.300 Km), (ii) Piyoli Nagar Namghar Path to Idgah Path (L 0.300 Km), (iii) Pragati Path (L 0.280 Km), (iv) Samanay Path (HM Nursing home) (L 0.20 Km), (v) 1 No Mirihula Path (L 0.30 Km), (vi) Mirihula Nam",Works,Open Tender,Item Rate,Civil Works – Roads,No,No,NA ,28-Jan-2026 02:00 PM,NA ,180.0,No ,No,Online,07-Feb-2026 02:30 PM,Public Works Roads Department,Tingkhong,786612.0,2.0,"27,46,000",J. P. Construction,"2,444,792",Accepted-AOC,13-Jul-2026,Public Works Roads Department
2026_UDD_51053_1,NrpMB5/15thFC/26/22,"Construction of RCC Covered Drain with 2nos culvert at Jyoti Nagar,Namrup Ward No 2, Under 15th FC, 2nd installment of Untied basic Grant for the year 2023-24 during the year 2024-25","Construction of RCC Covered Drain with 2nos culvert at Jyoti Nagar,Namrup Ward No 2, Under 15th FC, 2nd installment of Untied basic Grant for the year 2023-24 during the year 2024-25",Works,Open Tender,Item Rate,Civil Works,No,No,NA ,11-Feb-2026 05:00 PM,NA ,180.0,No ,No,Online,03-Mar-2026 02:30 PM,Urban Development Department||Directorate of Municipality Administration - UDD||Namrup Municipal Board,Namrup,786623.0,2.0,"24,95,000",HIMANSHU BHUYAN,"2,370,264",Rejected-Finance,30-Jul-2026,Urban Development Department||Directorate of Municipality Administration - UDD||Namrup Municipal Board
2025_PWD_46196_14,CE/DEV/TB/122/2025-26/06 Dated. 04-08-2025,"BTR_SOPD_G_25_26_26 Construction of road from (1) Madhura Das house to Biren Boro house, Daogangbari (2) Polasbari Shadhan Mazumdar house to Shivpuri Rass field via Hajong basti road (3) Kumarikata market area to Indat Hussain House (4) Bhabesh Das h","BTR_SOPD_G_25_26_26 Construction of road from (1) Madhura Das house to Biren Boro house, Daogangbari (2) Polasbari Shadhan Mazumdar house to Shivpuri Rass field via Hajong basti road (3) Kumarikata market area to Indat Hussain House (4) Bhabesh Das h",Works,Open Tender,Item Rate,Civil Works – Roads,No,No,NA ,06-Aug-2025 06:00 PM,11-Aug-2025 12:00 PM ,180.0,No ,No,Online,18-Aug-2025 02:30 PM,Public Works Roads Department,Tamulpur,781367.0,2.0,"1,43,89,000",Jogen Kalita,"12,144,316",Rejected-Finance,23-Jul-2026,Public Works Roads Department
2026_PWD_52459_1,CS/JTRD/SOPD-G/4/2026-27,Construction of Police Reserve Road at Cutting pahar under SOPD G for the year 2025 26,Construction of Police Reserve Road at Cutting pahar under SOPD G for the year 2025 26,Works,Open Tender,Item Rate,Civil Works – Roads,No,No,NA ,21-May-2026 05:30 PM,NA ,180.0,No ,No,Online,30-May-2026 04:00 PM,Public Works Roads Department,North Guwahati,781030.0,2.0,"30,40,000",M/S MAA CHITRA ENTERPRISE,"3,038,867.24",Accepted-AOC,30-Jul-2026,Public Works Roads Department
2026_PWD_51867_2,CE/DEV/TB/120/2025-26/55 Dtd- 07.03.2026,"SOPD_G_25_26_69 Construction of Temporary Helipad including Approach road, Rear Road and Ramps in connection with the propsed visit of Honble Prime Minister of India at Silchar, Cachar,Assam (including Approach Road, Rear Road and Ramps) under SOPD-G","SOPD_G_25_26_69 Construction of Temporary Helipad including Approach road, Rear Road and Ramps in connection with the propsed visit of Honble Prime Minister of India at Silchar, Cachar,Assam (including Approach Road, Rear Road and Ramps) under SOPD-G",Works,Open Tender,Item Rate,Civil Works – Roads,No,No,NA ,10-Mar-2026 06:50 PM,11-Mar-2026 12:00 PM ,180.0,No ,No,Online,18-Mar-2026 02:30 PM,Public Works Roads Department,Silchar,788005.0,2.0,"3,20,81,000",J INFRATECH LIMITED,"32,071,643",Accepted-AOC,17-Jul-2026,Public Works Roads Department
2025_PWD_46191_1,CE/DEV/TB/122/2025-26/1 Dtd- 01.08.2025,BTR_RIDF_XXXI_25_26_01 Construction of road from Simla to Bhehguri under RIDF-XXXI of NABARD for the year 2025-26.,BTR_RIDF_XXXI_25_26_01 Construction of road from Simla to Bhehguri under RIDF-XXXI of NABARD for the year 2025-26.,Works,Open Tender,Item Rate,Civil Works – Roads,No,No,NA ,06-Aug-2025 02:00 PM,11-Aug-2025 12:00 PM ,180.0,No ,No,Online,18-Aug-2025 02:30 PM,Public Works Roads Department,Baksa,781315.0,2.0,"1,80,00,000",M/S SUNRISE ENTERPRISE,"16,002,000",Rejected-Finance,14-Jul-2026,Public Works Roads Department
2026_DoWR_50409_1,TINSUKIA/2025-26/M AND R/III,"M and R to Re-channelization of river Kundil by dredging at 8th mile, Purani Lakhimpuria and Koilabasti under Sadiya Civil Sub-Division.","M and R to Re-channelization of river Kundil by dredging at 8th mile, Purani Lakhimpuria and Koilabasti under Sadiya Civil Sub-Division.",Works,Open Tender,Works,Civil Works,No,No,NA ,20-Jan-2026 06:55 PM,NA ,180.0,No ,No,Online,30-Jan-2026 03:00 PM,Department of Water Resources||Chief Engineer - DoWR,"Kundil, Tinsukia",786158.0,2.0,"39,99,859",NAVAJYOTI BURAGOHAIN,"3,999,320.67",Rejected-AOC,08-Jul-2026,Department of Water Resources||Chief Engineer - DoWR
2026_PWD_52678_1,CE/DEV/TB/60/2025-26/84 Dtd. 03.06.2026,"MMPPNA_RIDF_XXXI_25_26_19 Improvement of (1) Pub Keoutkuchi to Bheraldi tiniali road, (2) Pub Deurikuchi to Bhalukamari road, (3) Sahnur Shah Dargah to Barpeta Doulashal Road via Bhella Batikuriha Road under Mukhya Mantrir Paki Path Nirman Achani (MM","MMPPNA_RIDF_XXXI_25_26_19 Improvement of (1) Pub Keoutkuchi to Bheraldi tiniali road, (2) Pub Deurikuchi to Bhalukamari road, (3) Sahnur Shah Dargah to Barpeta Doulashal Road via Bhella Batikuriha Road under Mukhya Mantrir Paki Path Nirman Achani (MM",Works,Open Tender,Item Rate,Civil Works – Roads,No,No,NA ,08-Jun-2026 06:55 PM,16-Jun-2026 12:00 PM ,180.0,No ,No,Online,22-Jun-2026 02:30 PM,Public Works Roads Department,Barpeta,781301.0,2.0,"2,56,69,000",M/S Saturn Electricals,"21,519,000",Rejected-Finance,17-Jul-2026,Public Works Roads Department
2025_PWD_45408_10,CE/DEV/TB/60/2025-26/01 Dtd- 21.06.2025,MMPPNA_RIDF_XXXI_25_26_90 Construction of (1) Bormukoli to Bhalukmora Road (2) road from Sonariati Chariali to Asomi Girls HS School under Mukhya Mantrir Paki Path Nirman Achani (MMPPNA) under RIDF-XXXI of NABARD for the year 2025-26.,MMPPNA_RIDF_XXXI_25_26_90 Construction of (1) Bormukoli to Bhalukmora Road (2) road from Sonariati Chariali to Asomi Girls HS School under Mukhya Mantrir Paki Path Nirman Achani (MMPPNA) under RIDF-XXXI of NABARD for the year 2025-26.,Works,Open Tender,Item Rate,Civil Works – Roads,No,No,NA ,08-Jul-2025 09:00 AM,17-Jul-2025 12:00 PM ,180.0,No ,No,Online,28-Jul-2025 02:30 PM,Public Works Roads Department,Majuli,785106.0,2.0,"2,88,61,000",Amlan Deep Borah,"28,858,000",Accepted-AOC,20-Jul-2026,Public Works Roads Department
2025_PWD_45926_16,CE/DEV/TB/60/2025-26/06 Dtd- 14.07.2025,"MMPPNA_RIDF_XXXI_25_26_159 Construction of (1) Swadhinata Henani Prajapati Rijjal road, (2) Road from Nath Namghar to Gerua Pather under Mukhya Mantrir Paki Path Nirman Achani (MMPPNA) under RIDF-XXXI of NABARD for the year 2025-26.","MMPPNA_RIDF_XXXI_25_26_159 Construction of (1) Swadhinata Henani Prajapati Rijjal road, (2) Road from Nath Namghar to Gerua Pather under Mukhya Mantrir Paki Path Nirman Achani (MMPPNA) under RIDF-XXXI of NABARD for the year 2025-26.",Works,Open Tender,Item Rate,Civil Works – Roads,No,No,NA ,26-Jul-2025 06:00 PM,04-Aug-2025 12:00 PM ,180.0,No ,No,Online,14-Aug-2025 02:30 PM,Public Works Roads Department,Barchalla,782103.0,2.0,"1,78,42,000",M/S YUMA ASSOCIATE,"17,842,000",Rejected-Finance,14-Jul-2026,Public Works Roads Department
2026_DoWR_51735_1,N LAKHIMPUR/2025-26/M AND R/I,M and R to Sumdiri R/bank from Ch 0.00m to 6015.00m for 2025-26.,M and R to Sumdiri R/bank from Ch 0.00m to 6015.00m for 2025-26.,Works,Open Tender,Works,Civil Works,No,No,NA ,06-Mar-2026 06:55 PM,NA ,180.0,No ,No,Online,16-Mar-2026 03:00 PM,Department of Water Resources||Chief Engineer - DoWR,"Sumdiri, North Lakhimpur",787052.0,2.0,"49,99,988",RAM SAGAR PRASAD,"4,499,989.76",Accepted-AOC,11-Jul-2026,Department of Water Resources||Chief Engineer - DoWR
2025_NHM_49686_5,I/1373076/2025,"Construction of New PHC at Natun Ramnagar SC in Cachar District under XV-FC Health Grant under NHM, Assam.","Construction of New PHC at Natun Ramnagar SC in Cachar District under XV-FC Health Grant under NHM, Assam.",Works,Open Tender,Turn-key,Civil Works - Building,No,No,NA ,27-Dec-2025 05:00 PM,NA ,225.0,No ,No,Online,20-Jan-2026 03:30 PM,National Health Mission||State Programme Management Unit - NHM,Cachar,788001.0,2.0,"2,42,82,945",MOHIT KUMAR BAID,"24,280,944",Rejected-Finance,09-Jul-2026,National Health Mission||State Programme Management Unit - NHM
2026_PWRDW_51399_1,eCF No. 716719/21,Bridge-1/Kamrup/27 i) Br. No. 1/1 on Dolagaon Koibartyapara,CE/EAP/ARRBP/OCB/Bridge1/Kamrup/27 Construction of Bridge in Kamrup district i) Br. No. 1/1 on Dolagaon Koibartyapara,Works,Open Tender,Item Rate,Civil Works - Bridges,No,No,NA ,20-Feb-2026 05:00 PM,25-Feb-2026 11:00 AM ,90.0,No ,No,Online,05-Mar-2026 02:30 PM,Public Works Roads Department-Externally Aided Project||Public Works Road Department- World Bank Funded Tenders||Assam State Bridge Infrastructure Program,Kamrup District,781127.0,2.0,"2,62,04,000",Tech.Point Engineers,"25,116,234",Rejected-Technical,20-Jul-2026,Public Works Roads Department-Externally Aided Project||Public Works Road Department- World Bank Funded Tenders||Assam State Bridge Infrastructure Program
2024_HFWD_40442_1,AMSC/ECF557069/2,SUPPLY OF PANCHAKARMA EQUIPMENT,SUPPLY OF PANCHAKARMA EQUIPMENT FOR 3 NOS. OF AYUSH WINGS,Goods,Open Tender,Buy,Medical Equipments/Waste,No,No,NA ,19-Nov-2024 05:00 PM,22-Nov-2024 04:30 PM ,180.0,No ,No,Online,29-Nov-2024 04:30 PM,Health and Family Welfare Department||Assam Medical Services Corporation Limited,"AMSCL, Narengi Patherquery Guwahati 781026",781026.0,2.0,"14,61,150",Agam Pharmaceuticals,1.0,Accepted-AOC,01-Jul-2026,Health and Family Welfare Department||Assam Medical Services Corporation Limited
2026_PWD_50168_26,BSPTRD/TECH/PDNA/168/2025-26,BSPTRD/PDNA/2025-26/26,"Recovery and Reconstruction of Roha Bagulamari Road (RCC Bridge No 3/1 Approaches Damage) under NDRF (PDNA -2022) for the year 2025-26, 21 No Bhawanipur Sorbhog LAC",Works,Open Tender,Item Rate,Civil Works – Roads,No,No,NA ,13-Jan-2026 10:00 AM,NA ,180.0,No ,No,Online,02-Feb-2026 02:00 PM,Public Works Roads Department,Barpeta Road,781315.0,2.0,"10,00,000",GOBINDA DAS,"900,000",Accepted-AOC,02-Jul-2026,Public Works Roads Department
2026_PWBNH_51930_1,CS/335/2025-26/1296,"Upgradation works in the Judicial Department Officers chambers and library at Assam Secretariat E-Block 2nd floor, Dispur","Upgradation works in the Judicial Department Officers chambers and library at Assam Secretariat E-Block 2nd floor, Dispur",Works,Open Tender,Item Rate,Civil Works - Building,No,No,NA ,13-Mar-2026 11:00 AM,16-Mar-2026 12:00 PM ,180.0,No ,No,Online,04-Apr-2026 02:00 PM,Public Works Building and NH Department||Chief Engineer-Building - PWBNH||SE-Guwahati Circle-1 - PWBNH||EE- PCC Division-Dispur - PWBNH,Dispur,781006.0,2.0,"21,51,494",M/S J C Associates,"2,276,603",Rejected-AOC,30-Jul-2026,Public Works Building and NH Department||Chief Engineer-Building - PWBNH||SE-Guwahati Circle-1 - PWBNH||EE- PCC Division-Dispur - PWBNH
2025_PWD_49146_2,EE/DCLKT/NIT/SOPD-G/1/2025/5,Construction of 2 x 3.00 m x 3.00 m Box Cell Culvert at Rajgarh to Baghmora Road under SOPD-G for the year 2025-26,Construction of 2 x 3.00 m x 3.00 m Box Cell Culvert at Rajgarh to Baghmora Road under SOPD-G for the year 2025-26,Works,Open Tender,Item Rate,Civil Works – Roads,No,No,NA ,28-Jan-2026 02:00 PM,NA ,180.0,No ,No,Online,07-Feb-2026 02:30 PM,Public Works Roads Department,Tingkhong,786612.0,2.0,"22,76,000",Anuj Saikia,"2,276,000",Accepted-AOC,20-Jul-2026,Public Works Roads Department
2026_UDD_52449_1,TMB302/2025-26/4587,"Construction and Development of New Water Supply Scheme at Ward No 7 under Teok Municipal Board, Phase I.","Construction and Development of New Water Supply Scheme at Ward No 7 under Teok Municipal Board, Phase I.",Works,Open Tender,Works,Civil Works - Water Works,No,No,NA ,21-May-2026 03:30 PM,NA ,120.0,No ,No,Online,12-Jun-2026 11:00 AM,Urban Development Department||Directorate of Municipality Administration - UDD||Teok Municipal Board,Teok Municipal Board,785112.0,2.0,"60,91,603",PARAMANANDA BORAH,"6,091,000",Rejected-Finance,28-Jul-2026,Urban Development Department||Directorate of Municipality Administration - UDD||Teok Municipal Board
2025_SEEDE_48425_1,GS02/ASU/TEC/071,"Equipment for Internet of Things Lab (Common), IOT (IT)","Equipment for Internet of Things Lab (Common), IOT (IT)",Goods,Open Tender,Item Rate,Laboratory and scientific equipment,No,No,NA ,06-Nov-2025 09:00 AM,13-Nov-2025 12:00 PM ,150.0,No ,No,Online,06-Dec-2025 03:00 PM,Skill Employment and Entrepreneurship Department- Externally Aided Project||Assam Skill University Project- ADB Funded Tenders,Mangaldai,784125.0,1.0,,Valeur Fabtex Private Limited,"21,228,864.44",Rejected-Technical,18-Jul-2026,Skill Employment and Entrepreneurship Department- Externally Aided Project||Assam Skill University Project- ADB Funded Tenders
2026_PWD_50417_1,BMCTRD/NDRF/2025-26/MAN_06,BMCTRD/NDRF/2025-26/MAN_06,Recovery and Reconstruction of Chenimari to Moinbori road under NDRF PDNA 2022 for the year 2025 26,Works,Open Tender,Item Rate,Civil Works – Roads,No,No,NA ,21-Jan-2026 11:00 AM,NA ,180.0,No ,No,Online,03-Feb-2026 11:00 AM,Public Works Roads Department,Barpeta,781301.0,2.0,"50,00,000",ABBASUZ ZAMAN,"4,105,000",Accepted-AOC,09-Jul-2026,Public Works Roads Department
2025_PWD_45408_120,CE/DEV/TB/60/2025-26/01 Dtd- 21.06.2025,MMPPNA_RIDF_XXXI_25_26_134 Construction of Road from (1) Sugar Mill Road to Khangia Bornamghar Path Via Nakokuwa Suk (2) Kamar Gaon to Bahek Gaon Connecting Road (from Ch. 0.00 m to Ch. 1000.00m) (3) Kuhia Boria to Napomua Notun Mati Chaliha Gaon con,MMPPNA_RIDF_XXXI_25_26_134 Construction of Road from (1) Sugar Mill Road to Khangia Bornamghar Path Via Nakokuwa Suk (2) Kamar Gaon to Bahek Gaon Connecting Road (from Ch. 0.00 m to Ch. 1000.00m) (3) Kuhia Boria to Napomua Notun Mati Chaliha Gaon con,Works,Open Tender,Item Rate,Civil Works – Roads,No,No,NA ,14-Jul-2025 09:00 AM,17-Jul-2025 12:00 PM ,180.0,No ,No,Online,28-Jul-2025 02:30 PM,Public Works Roads Department,Teok,785112.0,2.0,"5,40,49,000",Amal Bharali,"54,048,000",Accepted-AOC,14-Jul-2026,Public Works Roads Department
2026_UDD_52382_2,CMB/LOADER/26-27/1,Supply of a Backhoe Loader (CEV Stage V) 6 in 1 bucket,Supply of a Backhoe Loader (CEV Stage V) 6 in 1 bucket,Goods,Open Tender,Supply,Vehicles/Vehicle Spares,No,No,NA ,08-Jun-2026 04:00 PM,NA ,90.0,No ,No,Online,17-Jun-2026 01:00 PM,Urban Development Department||Directorate of Municipality Administration - UDD||Chabua Municipal Board,Chabua Municipal Board,786184.0,2.0,"40,00,000",shree poddar earthmovers,"3,890,000",Not Admitted-Fee/PreQual/Technical,20-Jul-2026,Urban Development Department||Directorate of Municipality Administration - UDD||Chabua Municipal Board
2026_PWRDW_51819_3,Ecf No. 716719/27,Construction of Bridge in Udalguri district i) Br. No. 4/1 on Ekrabari to Aminpara,Construction of Bridge in Udalguri district i) Br. No. 4/1 on Ekrabari to Aminpara for Package No. CE/EAP/ARRBP/OCB/Bridge-1/Udalguri/20,Works,Open Tender,Item Rate,Civil Works - Bridges,No,No,NA ,11-Mar-2026 11:00 AM,18-Mar-2026 11:00 AM ,180.0,No ,No,Online,24-Mar-2026 02:30 PM,Public Works Roads Department-Externally Aided Project||Public Works Road Department- World Bank Funded Tenders||PWD (R) - ARRBP,Udalguri,784509.0,2.0,"2,97,03,000",M/S FOREVER,"28,217,850",Rejected-Technical,20-Jul-2026,Public Works Roads Department-Externally Aided Project||Public Works Road Department- World Bank Funded Tenders||PWD (R) - ARRBP
2025_PWD_46694_9,CE/DEV/TB/54/2025-26/09 Dated 11.08.2025,MMUPPNA-RIDF-XXXI-25-26-39 Improvement of Kheroni Rongpangbong Road under Mukhya Mantrir Unnotta Pakipath Nirman Achani (MMUPPNA) Under RIDF-XXXI of NABARD for the year 2025-26.,MMUPPNA-RIDF-XXXI-25-26-39 Improvement of Kheroni Rongpangbong Road under Mukhya Mantrir Unnotta Pakipath Nirman Achani (MMUPPNA) Under RIDF-XXXI of NABARD for the year 2025-26.,Works,Open Tender,Item Rate,Civil Works – Roads,No,No,NA ,19-Aug-2025 06:00 PM,21-Aug-2025 12:00 PM ,180.0,No ,No,Online,09-Sep-2025 02:30 PM,Public Works Roads Department,West Karbi Anglong,782460.0,2.0,"7,56,10,000",Mensing Phangcho,"75,609,000",Accepted-AOC,03-Jul-2026,Public Works Roads Department
2026_HFWD_52746_1,NagaonMC/38B/2026/9436,Annual Rate Contract for Supply of Printing Items at Nagaon Medical College,Annual Rate Contract for Supply of Printing Items at Nagaon Medical College,Goods,Open Tender,Item Wise,Stationery,No,No,NA ,13-Jun-2026 09:00 AM,NA ,90.0,No ,No,Online,29-Jun-2026 03:00 PM,Health and Family Welfare Department||Directorate of Medical Education-HFWD||Nagaon Medical College and Hospital-HFWD,Nagaon Medical College,782003.0,2.0,"15,00,000",TOP PRINTERS,"1,102",Accepted-AOC,09-Jul-2026,Health and Family Welfare Department||Directorate of Medical Education-HFWD||Nagaon Medical College and Hospital-HFWD
2026_PWBNH_51645_2,"Tech-I(H_E)/11/2026/3 Dated Guwahati the 26th February, 2026","Construction and vertical extension of Evaluation block building with 1 no. of floor (i.e 2nd floor) at the campus of Assam Science and Technology University, Jalukbari, Guwahati-13","Construction and vertical extension of Evaluation block building with 1 no. of floor (i.e 2nd floor) at the campus of Assam Science and Technology University, Jalukbari, Guwahati-13",Works,Open Tender,Item Rate,Civil Works - Building,No,No,NA ,03-Mar-2026 09:00 AM,11-Mar-2026 11:30 AM ,180.0,No ,No,Online,24-Mar-2026 03:30 PM,Public Works Building and NH Department||Chief Engineer-Building - PWBNH,Guwahati,781013.0,2.0,"1,06,74,684",Sri Rajdeep Bezbaruah,"9,079,459",Rejected-Technical,31-Jul-2026,Public Works Building and NH Department||Chief Engineer-Building - PWBNH
2024_BoTC_38905_1,DPRD/BTC/(15th FC)UT/VI/Udl-06/2024/07,Const of road with EF and SG from Goradak NELC Church to Dhanibasti including 2 Nos. HPC under 15th FC Untied Grant for the year 2023-24 during 2024-25.,DPRD/BTC/(15th FC)UT/VI/Udl-06/2024/07,Works,Open Tender,Item Rate,Civil Works,No,No,NA ,09-Sep-2024 10:30 AM,NA ,180.0,No ,No,Online,01-Oct-2024 02:30 PM,Bodoland Territorial Council||Panchayat and Rural Development-BTC,Udalguri,784509.0,2.0,"27,75,454",Sri Danswrang Baglari,"2,775,454.47",Rejected-AOC,06-Nov-2024,Bodoland Territorial Council||Panchayat and Rural Development-BTC
2026_GU_50180_1,T/25-26/213 Dt 09.01.2026,New 1000kVA Transformer installation along with all switchgears for up-gradation of overall power system of Gauhati University,New 1000kVA Transformer installation along with all switchgears for up-gradation of overall power system of Gauhati University,Works,Open Tender,Item Rate,Composite Works,No,No,NA ,12-Jan-2026 04:00 PM,28-Jan-2026 02:00 PM ,180.0,No ,No,Online,04-Feb-2026 03:30 PM,Gauhati University,GAUHATI UNIVERSITY,781014.0,2.0,"62,32,169",JIRSHU SARMA,"5,204,128",Rejected-Finance,09-Jul-2026,Gauhati University
2026_SCD_51899_2,Tender/NIT/Pt-II/2025-26/8711,Mitigation of Flash Flood and Land Reclamation in No.2 Khusungjuli village through Biological and Engineering Measures under SDMF,Mitigation of Flash Flood and Land Reclamation in No.2 Khusungjuli village through Biological and Engineering Measures under SDMF,Works,Open Tender,Item Rate,Civil Works,No,No,NA ,12-Mar-2026 01:40 PM,NA ,180.0,No ,No,Online,25-Mar-2026 10:00 AM,Soil Conservation Department||Director - SCD,Baksa Soil Conservation Division,781372.0,2.0,"2,32,76,589",NAHEED HUSSAIN SAIKIA,"23,160,206",Rejected-Finance,25-Jun-2026,Soil Conservation Department||Director - SCD
2024_BoTC_39940_1,DPRD/BTC/6th ASFC/DF/V/Udl-03/2024/07,Construction of EF and SG road from Kulsi river to Borla river along with Forest Border with HPC culverts in Bormukuli village under 6th ASFC for the FY 2020-21 during 2024-25.,DPRD/BTC/6th ASFC/DF/V/Udl-03/2024/07,Works,Open Tender,Item Rate,Civil Works,No,No,NA ,21-Oct-2024 10:00 AM,NA ,180.0,No ,No,Online,12-Nov-2024 02:30 PM,Bodoland Territorial Council||Panchayat and Rural Development-BTC,Udalguri,784509.0,2.0,"57,43,137",Sri Danswrang Baglari,"5,743,136.69",Rejected-AOC,15-Jan-2025,Bodoland Territorial Council||Panchayat and Rural Development-BTC
2026_APDCL_52661_1,GM /DZ/APDCL/UAR/2025 26/ Mumbai Waste Management /281,"Construction of 11KV spur line with MVCC Installation of 11/.4 KV 500 KVA Pad Mounted SS in respect of Ms Mumbai Waste Management Ltd Co Mr Sahil Anuj, Mancotta Road, Lekai Thakurthan under Dibru ESDI","Construction of 11KV spur line with MVCC Installation of 11/.4 KV 500 KVA Pad Mounted SS in respect of Ms Mumbai Waste Management Ltd Co Mr Sahil Anuj, Mancotta Road, Lekai Thakurthan under Dibrugarh ESDI",Works,Open Tender,Turn-key,Electrical Works,No,No,NA ,08-Jun-2026 05:00 PM,NA ,90.0,No ,No,Online,15-Jun-2026 02:30 PM,Assam Power Distribution Company Ltd||CGM(D) Upper Assam Region - APDCL||GM(Dibrugarh Zone) - APDCL,"Mancotta Road, Lekai, Thakurthan",786003.0,2.0,"12,82,052",M/s. G. S. Enterprise,"1,276,348.29",Rejected-AOC,14-Jul-2026,Assam Power Distribution Company Ltd||CGM(D) Upper Assam Region - APDCL||GM(Dibrugarh Zone) - APDCL
2026_BTC_52683_1,No.64/TECH/NHM/BTC/2026-27/05,"Construction of New PHC at Golagaon BPHC in Baksa district under XV-FC Health Grant under NHM, Assam. TN_11_01","Construction of New PHC at Golagaon BPHC in Baksa district under XV-FC Health Grant under NHM, Assam. TN_11_01",Works,Open Tender,Item Rate,Civil Works - Building,No,No,NA ,10-Jun-2026 10:00 AM,25-Jun-2026 11:00 AM ,180.0,No ,No,Online,02-Jul-2026 02:00 PM,Bodoland Territorial Council-PWD||Director Cum CHD - PWD BTC,Kokrajhar,783370.0,2.0,"2,42,17,382",M/S DEKA ENTERPRISE,"24,216,382",Rejected-Technical,28-Jul-2026,Bodoland Territorial Council-PWD||Director Cum CHD - PWD BTC
2026_PWRDW_51391_8,CE/EAP/ARRBP/BR/Z4/2025/T04,Dima Hasao 07/Construction of Bridge in Dima Hasao District i) Br No. 4/1 on Daotuhaja village Approach Road,Dima Hasao 07/Construction of Bridge in Dima Hasao District i) Br No. 4/1 on Daotuhaja village Approach Road,Works,Open Tender,Item Rate,Civil Works - Bridges,No,No,NA ,21-Feb-2026 09:00 AM,27-Feb-2026 11:00 AM ,90.0,No ,No,Online,07-Mar-2026 05:00 PM,Public Works Roads Department-Externally Aided Project||Public Works Road Department- World Bank Funded Tenders||PWD (R) - ARRBP,Dima Hasao District,788832.0,2.0,"3,59,68,000",SRI MONA KEMPRAI,"37,762,343",Accepted-AOC,18-Jul-2026,Public Works Roads Department-Externally Aided Project||Public Works Road Department- World Bank Funded Tenders||PWD (R) - ARRBP
2026_PWRDW_50391_8,716719/15,Construction of Bridge in Sonitpur district i) Br. No. 1/1 on Hatinga to Hatinga Quarry Road,Construction of Bridge in Sonitpur district i) Br. No. 1/1 on Hatinga to Hatinga Quarry Road Package No. CE/EAP/ARRBP/OCB/Bridge-1/Sonitpur/25,Works,Open Tender,Item Rate,Civil Works - Bridges,No,No,NA ,22-Jan-2026 02:00 PM,28-Jan-2026 11:00 AM ,180.0,No ,No,Online,12-Feb-2026 02:30 PM,Public Works Roads Department-Externally Aided Project||Public Works Road Department- World Bank Funded Tenders||PWD (R) - ARRBP,Sonitpur,784001.0,2.0,"2,56,69,000",NEERAJ ENTERPRISE,"26,950,000",Rejected-Finance,14-Jul-2026,Public Works Roads Department-Externally Aided Project||Public Works Road Department- World Bank Funded Tenders||PWD (R) - ARRBP
2026_SCD_51899_3,Tender/NIT/Pt-II/2025-26/8711,Mitigation of Flash Flood by Reducing Sediment Load through Mechanical and Ecological Management Practices (EMPs) in Laupara village under SDMF,Mitigation of Flash Flood by Reducing Sediment Load through Mechanical and Ecological Management Practices (EMPs) in Laupara village under SDMF,Works,Open Tender,Item Rate,Civil Works,No,No,NA ,12-Mar-2026 01:45 PM,NA ,180.0,No ,No,Online,25-Mar-2026 10:00 AM,Soil Conservation Department||Director - SCD,Baksa Soil Conservation Division,781372.0,2.0,"2,26,90,826",MD. FAIZUDDIN AHMED,"22,572,832",Rejected-Finance,08-Jul-2026,Soil Conservation Department||Director - SCD
2025_NHM_48017_1,NHM/I/1274178/2025,"Construction of necessary additional works with repairing/ renovation works, etc. of 50 bedded Ayurvedic Hospital at Sriram Chapori, Majuli","Construction of necessary additional works with repairing/ renovation works, etc. of 50 bedded Ayurvedic Hospital at Sriram Chapori, Majuli",Works,Open Tender,Item Rate,Civil Works - Building,No,No,NA ,14-Oct-2025 11:20 AM,NA ,225.0,No ,No,Online,04-Nov-2025 03:30 PM,National Health Mission||State Programme Management Unit - NHM,"Sriram Chapori, Majuli",785105.0,2.0,"89,55,384",SAIDUR RAHMAN,"7,164,307",Rejected-Finance,01-Jul-2026,National Health Mission||State Programme Management Unit - NHM
2026_PWD_51668_3,GLP/EE(GE_J)/PDNA/2025-26/2226 Dated 02/03/2026,GLP/EE(GE_J)/ NDRF(PDNA 2022)/2025-26/10 Recovery and Reconstruction of Aolatoli Niz Kurshakati Road under NDRF (PDNA-2022) for the year 2025-26 of Goalpara District (12-Jaleswar LAC),GLP/EE(GE_J)/ NDRF(PDNA 2022)/2025-26/10 Recovery and Reconstruction of Aolatoli Niz Kurshakati Road under NDRF (PDNA-2022) for the year 2025-26 of Goalpara District (12-Jaleswar LAC),Works,Open Tender,Item Rate,Civil Works – Roads,No,No,NA ,05-Mar-2026 12:00 PM,06-Mar-2026 10:00 AM ,180.0,No ,No,Online,09-Mar-2026 03:00 PM,Public Works Roads Department,Jaleswar,783132.0,2.0,"9,00,011",Soidur Rahman Sheikh,"624,600",Rejected-AOC,16-Jul-2026,Public Works Roads Department
2025_PWD_45926_2,CE/DEV/TB/60/2025-26/06 Dtd- 14.07.2025,"MMPPNA_RIDF_XXXI_25_26_266 Construction of (1) Semonia Ali to Kathalguri Gaon Road (Ch. 0.00 m to Ch. 1100.00 m), (2) Koch Gaon Block Road (Ch. 0.00 m to Ch. 1000.00 m), (3) Laokhowa Ali (Ch.0.00M to Ch.1400.00M) under Mukhya Mantrir Paki Path Nirma","MMPPNA_RIDF_XXXI_25_26_266 Construction of (1) Semonia Ali to Kathalguri Gaon Road (Ch. 0.00 m to Ch. 1100.00 m), (2) Koch Gaon Block Road (Ch. 0.00 m to Ch. 1000.00 m), (3) Laokhowa Ali (Ch.0.00M to Ch.1400.00M) under Mukhya Mantrir Paki Path Nirma",Works,Open Tender,Item Rate,Civil Works – Roads,No,No,NA ,25-Jul-2025 05:00 PM,04-Aug-2025 12:00 PM ,180.0,No ,No,Online,14-Aug-2025 02:30 PM,Public Works Roads Department,Khowang,785675.0,2.0,"2,93,53,000",Trailukya Gogoi,"29,352,500",Rejected-Finance,14-Jul-2026,Public Works Roads Department
2025_DoWR_49471_1,DHEMAJI/2025-26/SOPD-G/II,Strengthening of Gainadi R/B embankment both U/S and D/S of Rly. Package 1,Strengthening of Gainadi R/B embankment both U/S and D/S of Rly. Package 1,Works,Open Tender,Works,Civil Works,No,No,NA ,18-Dec-2025 06:55 PM,NA ,180.0,No ,No,Online,02-Jan-2026 03:00 PM,Department of Water Resources||Chief Engineer - DoWR,DHEMAJI,787057.0,2.0,"4,66,38,642",Sisumoni Dihingia,"46,628,263.21",Rejected-AOC,04-Jul-2026,Department of Water Resources||Chief Engineer - DoWR
2026_AAU_52035_1,Urgent/2026/32458(H3) dated 14-03-26,"Repair and Renovation of Girls Hostel No. 3 at AAU, Jorhat","Civil, W/s and sanitary and electrical works",Works,Open Tender,Percentage,Civil Works - Building,No,No,NA ,16-Mar-2026 09:00 AM,24-Mar-2026 11:30 AM ,180.0,No ,No,Online,06-Apr-2026 03:00 PM,Assam Agricultural University||Directorate of Physical Plants,"AAU, Jorhat",785013.0,2.0,"24,26,607",Hazarika Enterprise.,"2,328,087",Rejected-AOC,17-Jul-2026,Assam Agricultural University||Directorate of Physical Plants
2026_PWD_50168_27,BSPTRD/TECH/PDNA/168/2025-26,BSPTRD/PDNA/2025-26/27,Recovery and Reconstruction of Rangianadirpam MEM to Besimari Burikhamar village under NDRF (PDNA-2022) for the year 2025-26 of District Barpeta (25-Pakabetbari LAC),Works,Open Tender,Item Rate,Civil Works – Roads,No,No,NA ,13-Jan-2026 10:00 AM,NA ,180.0,No ,No,Online,02-Feb-2026 02:00 PM,Public Works Roads Department,Barpeta Road,781315.0,2.0,"40,00,000",SOFIQUL ISLAM,"3,400,000",Rejected-Finance,02-Jul-2026,Public Works Roads Department
2026_PWRDW_50657_2,EAP/ARRBP/02/TENDERS/2024/60,ARRBP/OCB/Bridge 1/Kokrajhar/16 R.C.C Br on Jojlaigaon Kopragaon Road Angthihara Brigde,CE/EAP/ARRBP/OCB/Bridge 1/Kokrajhar/16 R.C.C Br on Jojlaigaon Kopragaon Road Angthihara Brigde,Works,Open Tender,Item Rate,Civil Works - Bridges,No,No,NA ,03-Feb-2026 09:00 AM,10-Feb-2026 11:00 AM ,180.0,No ,No,Online,17-Feb-2026 02:30 PM,Public Works Roads Department-Externally Aided Project||Public Works Road Department- World Bank Funded Tenders||Assam State Bridge Infrastructure Program,Kokrajhar district,783370.0,2.0,"3,01,25,000",RAJU CHANDRA BASUMATARY,"29,365,000",Rejected-Technical,20-Jul-2026,Public Works Roads Department-Externally Aided Project||Public Works Road Department- World Bank Funded Tenders||Assam State Bridge Infrastructure Program
2025_PWD_45399_27,CE/DEV/TB/54/2025-26/01 Dtd- 13.06.2025,MMUPPNA_RIDF_XXXI_25_26_17 Upgradation of Kalapani to Pipulbari (Dhanua) Road under Mukhya Mantrir Unnoto Paki Path Nirman Achani (MMUPPNA) under RIDF-XXXI of NABARD for the year 2025-26.,MMUPPNA_RIDF_XXXI_25_26_17 Upgradation of Kalapani to Pipulbari (Dhanua) Road under Mukhya Mantrir Unnoto Paki Path Nirman Achani (MMUPPNA) under RIDF-XXXI of NABARD for the year 2025-26.,Works,Open Tender,Item Rate,Civil Works – Roads,No,No,NA ,07-Jul-2025 03:00 PM,14-Jul-2025 12:00 PM ,180.0,No ,No,Online,25-Jul-2025 02:30 PM,Public Works Roads Department,Mankachar,783131.0,2.0,"4,47,91,000",SHAMIM AMEEN,"37,176,330",Rejected-Finance,21-Jul-2026,Public Works Roads Department
2025_DoWR_49105_1,DHUBRI/2025-26/SOPD-G/II,Anti erosion measures to protect Baka Shyam Ghat Radha Gobinda Mandir at Sapatgram and it s adjoining areas from the erosion of river Loska on its R/B.,Anti erosion measures to protect Baka Shyam Ghat Radha Gobinda Mandir at Sapatgram and its adjoining areas from the erosion of river Loska on its RB.,Works,Open Tender,Works,Civil Works,No,No,NA ,08-Dec-2025 09:00 AM,NA ,180.0,No ,No,Online,26-Dec-2025 03:00 PM,Department of Water Resources||Chief Engineer - DoWR,DHUBRI,783301.0,2.0,"1,65,19,941",MOON MOON ROY,"14,867,947.5",Accepted-AOC,11-Jul-2026,Department of Water Resources||Chief Engineer - DoWR
2026_DoWR_50792_1,SONITPUR/2025-26/PDNA/WORK/I,Restoration of damages to the right bank embankment of river Depota.,Restoration of damages to the right bank embankment of river Depota.,Works,Open Tender,Works,Civil Works,No,No,NA ,04-Feb-2026 03:00 PM,NA ,180.0,No ,No,Online,13-Feb-2026 03:00 PM,Department of Water Resources||Chief Engineer - DoWR,Sonitpur,784001.0,2.0,"85,02,618",NIRANJAN SAHA,"8,481,850",Rejected-AOC,14-Jul-2026,Department of Water Resources||Chief Engineer - DoWR
2026_AAU_52037_1,Urgent/2026/32458(H6) dated 14-03-26,"Repair and Renovation of Hostel No. 6 at AAU, Jorhat","Civil, W/s and sanitary and electrical works",Works,Open Tender,Percentage,Civil Works - Building,No,No,NA ,16-Mar-2026 09:00 AM,24-Mar-2026 11:30 AM ,180.0,No ,No,Online,06-Apr-2026 03:00 PM,Assam Agricultural University||Directorate of Physical Plants,"AAU, Jorhat",785013.0,2.0,"48,54,309",BORDOLOI AND SON ENTERPRISE,"4,691,690",Rejected-AOC,16-Jul-2026,Assam Agricultural University||Directorate of Physical Plants
2026_PWRDW_51399_2,eCF No. 716719/21,Bridge-1/Kamrup/28 i) Br. No. 1/1 on Padmapur Uttar Sekhadari Road,CE/EAP/ARRBP/OCB/Bridge1/Kamrup/28 Construction of Bridge in Kamrup district i) Br. No. 1/1 on Padmapur Uttar Sekhadari Road,Works,Open Tender,Item Rate,Civil Works - Bridges,No,No,NA ,20-Feb-2026 05:00 PM,25-Feb-2026 11:00 AM ,90.0,No ,No,Online,05-Mar-2026 02:30 PM,Public Works Roads Department-Externally Aided Project||Public Works Road Department- World Bank Funded Tenders||Assam State Bridge Infrastructure Program,Kamrup District,781101.0,2.0,"5,79,11,000",Tech.Point Engineers,"55,423,009",Rejected-Finance,20-Jul-2026,Public Works Roads Department-Externally Aided Project||Public Works Road Department- World Bank Funded Tenders||Assam State Bridge Infrastructure Program
2026_PWD_50168_31,BSPTRD/TECH/PDNA/168/2025-26,BSPTRD/PDNA/2025-26/31,"Recovery and Reconstruction of Sorbhog Kalgachia Road under NDRF (PDNA -2022) for the year 2025-26, 21 No Bhawanipur Sorbhog LAC",Works,Open Tender,Item Rate,Civil Works – Roads,No,No,NA ,13-Jan-2026 10:00 AM,NA ,180.0,No ,No,Online,02-Feb-2026 02:00 PM,Public Works Roads Department,Barpeta Road,781315.0,2.0,"15,00,000",Nayanjyoti Talukdar,"1,349,967.8",Rejected-Finance,09-Jul-2026,Public Works Roads Department
2026_PWD_50168_25,BSPTRD/TECH/PDNA/168/2025-26,BSPTRD/PDNA/2025-26/25,Recovery and Reconstruction of Pularguri Bamunbari road under NDRF (PDNA-2022) of District Barpeta for the year 2025-26 (25-Pakabetbari LAC),Works,Open Tender,Item Rate,Civil Works – Roads,No,No,NA ,13-Jan-2026 10:00 AM,NA ,180.0,No ,No,Online,02-Feb-2026 02:00 PM,Public Works Roads Department,Barpeta Road,781315.0,2.0,"75,00,000",SKYWAY INFRASTRUCTURE,"6,386,465.9",Rejected-Finance,02-Jul-2026,Public Works Roads Department
2026_APDCL_52722_1,GM /DZ/APDCL/UAR/2025 26 Shivani Tea Industry LLP 288,"Construction of dedicated 11 KV Tea feeder originating from 3311KV Bhadoi SS for providing power supply in respect of Shivani Tea Industry LLP Co The Manager ,Bhadoi Panch Ali,Dibrugarh, under BordubiESD","Construction of dedicated 11 KV Tea feeder originating from 3311KV Bhadoi SS for providing power supply in respect of Shivani Tea Industry LLP Co The Manager ,Bhadoi Panch Ali,Dibrugarh, under BordubiESD",Works,Open Tender,Turn-key,Electrical Works,No,No,NA ,11-Jun-2026 05:00 PM,NA ,90.0,No ,No,Online,18-Jun-2026 02:30 PM,Assam Power Distribution Company Ltd||CGM(D) Upper Assam Region - APDCL||GM(Dibrugarh Zone) - APDCL,"Shivani Tea Industry LLP ,Bhadoi Pa",786191.0,2.0,"20,54,843",M/S. R.B. ELECTRICALS,"2,049,966.22",Rejected-AOC,02-Jul-2026,Assam Power Distribution Company Ltd||CGM(D) Upper Assam Region - APDCL||GM(Dibrugarh Zone) - APDCL
2025_PWD_47482_1,NGTRD/CS-9/SOPD(G)/2024-25,NGTRD-07,Improvement of Tribeni Path Chachal Byelane No.3 (Tribeni Path) Replacing cattle traps by RCC Cover slabs over Pipco drain under SOPD (G) for 2024-25,Works,Open Tender,Works,Civil Works,No,No,NA ,15-Sep-2025 10:30 AM,NA ,180.0,No ,No,Online,20-Sep-2025 11:00 AM,Public Works Roads Department,Kamrup,781021.0,2.0,"43,54,500",KEA CONSULTANTS PRIVATE LIMITED,"4,354,226",Accepted-AOC,14-Jul-2026,Public Works Roads Department
2026_APDCL_51755_1,CGMD/CAR/JNV-Sribhumi/T-314/51,"Construction of 11 KV MVCC Cable for uninterrupted power supply to Jawahar Navodoya Vidyalaya, Harinagar, Sribhumi under R.K, Nagar Electrical Sub-Division of Badarpur Electrical Circle on turnkey mode","Construction of 11 KV MVCC Cable for uninterrupted power supply to Jawahar Navodoya Vidyalaya, Harinagar, Sribhumi under R.K, Nagar Electrical Sub-Division of Badarpur Electrical Circle on turnkey mode",Works,Open Tender,Turn-key,Electrical Works,No,No,NA ,07-Mar-2026 04:00 PM,10-Mar-2026 03:00 PM ,180.0,No ,No,Online,18-Mar-2026 12:00 PM,Assam Power Distribution Company Ltd||CGM(D) Central Assam Region - APDCL,RK Nagar,788166.0,2.0,"52,93,327",ESS PEE ENTERPRISE,"4,445,082",Rejected-Technical,07-Jul-2026,Assam Power Distribution Company Ltd||CGM(D) Central Assam Region - APDCL
2025_MDRDE_49601_1,IN-AHIDMS-527617-CW-RFB,"Repair and renovation work in Kalgachia Civil Hospital, Barpeta, Assam under ASSIST project","Repair and renovation work in Kalgachia Civil Hospital, Barpeta, Assam under ASSIST project",Works,Open Tender,Lump-sum,Civil Works,No,No,NA ,23-Dec-2025 05:00 PM,31-Dec-2025 03:00 PM ,150.0,No ,No,Online,12-Feb-2026 03:00 PM,Medical Education and Research Department- Externally Aided Project||Assam Health Infrastructure Development and Management Society,As per bid document,781022.0,2.0,"10,25,00,000",M/s Macrocosm Builders,"83,455,368.43",Accepted-AOC,08-Jul-2026,Medical Education and Research Department- Externally Aided Project||Assam Health Infrastructure Development and Management Society
2026_PWD_52396_1,CE/Commn/192/2025-26/48,PDNA/Nalbari/11,Recovery and Reconstruction of (1) Forest Colony Road To Pratul Medhis House Road and 16 nos. of roads under NDRF (PDNA-2022) for the year 2025-26,Works,Open Tender,Item Rate,Civil Works – Roads,No,No,NA ,18-May-2026 03:00 PM,20-May-2026 04:00 PM ,180.0,No ,No,Online,29-May-2026 02:30 PM,Public Works Roads Department||CE PWD(R) - PWD||Traffic Engineering Cell - PWD,Nalbari,781335.0,2.0,"3,57,95,100",Sri Anjan Deka,"32,009,300",Rejected-AOC,08-Jul-2026,Public Works Roads Department||CE PWD(R) - PWD||Traffic Engineering Cell - PWD
2024_BoTC_39451_1,DPRD/BTC/SOPD/Udl-21/2024/08,Impt. of road with earth filling and sand gravelling at Tankybusti SSB Camp to sijwogurui village under SOPD 2024-25.,DPRD/BTC/SOPD/Udl-21/2024/08,Works,Open Tender,Item Rate,Civil Works,No,No,NA ,30-Sep-2024 10:00 AM,NA ,180.0,No ,No,Online,19-Oct-2024 02:30 PM,Bodoland Territorial Council||Panchayat and Rural Development-BTC,Bhergaon Udalguri,784509.0,2.0,"29,73,680",Sri Danswrang Baglari,"2,973,679.89",Rejected-AOC,14-Nov-2024,Bodoland Territorial Council||Panchayat and Rural Development-BTC
2026_PWD_50632_6,Tech/NDTRD/NIT/1028/4296 dated 28.01.2026,Tihu_PDNA_2025-26_78,Recovery and Re-construction of Jalkhana to Rupdiga Road under NDRF (PDNA-2022) for the year 2025-26.,Works,Open Tender,Item Rate,Civil Works – Roads,No,No,NA ,03-Feb-2026 10:30 AM,NA ,180.0,No ,No,Online,13-Feb-2026 10:30 AM,Public Works Roads Department,Nalbari,781335.0,2.0,"65,00,000",Dilip Kumar Barman,"4,972,500",Rejected-Finance,03-Jul-2026,Public Works Roads Department
2026_WPTBC_52444_1,PTDC/Engg/2026-27/549,"Major Renovation at Bampothar Bengenabari Govt MVS, Saperhati, Dist - Charaideo under Dharti Aaba Janjatiya Gram Urkarsh Abhiyan during the year 2025-26","Major Renovation at Bampothar Bengenabari Govt MVS, Saperhati, Dist - Charaideo under Dharti Aaba Janjatiya Gram Urkarsh Abhiyan during the year 2025-26",Works,Open Tender,Item Rate,Civil Works,No,No,NA ,21-May-2026 01:30 PM,22-May-2026 12:30 PM ,180.0,No ,No,Online,10-Jun-2026 03:00 PM,Welfare of Plain Tribes and Backward Classes||Director - WPT and BC,"Bampothar Bengenabari Govt MVS, Saperhati",785690.0,2.0,"74,98,245",DHIRAJ GOGOI,"6,748,420.5",Rejected-AOC,08-Jul-2026,Welfare of Plain Tribes and Backward Classes||Director - WPT and BC
2025_PWRDW_48965_10,EAP/ARRBP/02/TENDERS/2024/57,Bridge1/Kokrajhar/13 Bridge No. 3/1 on NH31C at Joyma to Gurufella Rajadabari Road.,CE/EAP/ARRBP/OCB/Bridge1/Kokrajhar/13 Construction of Bridge in Kokrajhar district Bridge No. 3/1 on NH31C at Joyma to Gurufella Rajadabari Road.,Works,Open Tender,Item Rate,Civil Works - Bridges,No,No,NA ,04-Dec-2025 06:55 PM,10-Dec-2025 11:00 AM ,90.0,No ,No,Online,24-Dec-2025 02:30 PM,Public Works Roads Department-Externally Aided Project||Public Works Road Department- World Bank Funded Tenders||Assam State Bridge Infrastructure Program,Kokrajhar District,783370.0,2.0,"4,33,52,900",RAJU CHANDRA BASUMATARY,"45,303,000",Accepted-AOC,20-Jul-2026,Public Works Roads Department-Externally Aided Project||Public Works Road Department- World Bank Funded Tenders||Assam State Bridge Infrastructure Program
2026_SCD_51899_1,Tender/NIT/Pt-II/2025-26/8711,Mitigation of Flash Flood and Landslides by Application of Mechanical and Biological Measures at Bhelamari village under SDMF,Mitigation of Flash Flood and Landslides by Application of Mechanical and Biological Measures at Bhelamari village under SDMF,Works,Open Tender,Item Rate,Civil Works,No,No,NA ,12-Mar-2026 01:40 PM,NA ,180.0,No ,No,Online,25-Mar-2026 10:00 AM,Soil Conservation Department||Director - SCD,Baksa Soil Conservation Division,781372.0,2.0,"1,06,15,808",BRAHMAPUTRA ENGINEERS,"10,552,113",Accepted-AOC,25-Jun-2026,Soil Conservation Department||Director - SCD
2025_PWD_49184_3,EE/DCLKT/NIT/SOPD-G/1/2025/5,"Construction of (i) 57 No. Grant pipeline to Darji Tiniali via Budha Mandir (L 1.80 Km), (ii) Gowala Pati, Rajgarh (L 0.150 Km) by providing GWC and Cross Drainage works under SOPD-G for the year 2025-26","Construction of (i) 57 No. Grant pipeline to Darji Tiniali via Budha Mandir (L 1.80 Km), (ii) Gowala Pati, Rajgarh (L 0.150 Km) by providing GWC and Cross Drainage works under SOPD-G for the year 2025-26",Works,Open Tender,Item Rate,Civil Works – Roads,No,No,NA ,21-Feb-2026 02:00 PM,NA ,180.0,No ,No,Online,26-Feb-2026 02:30 PM,Public Works Roads Department,Tingkhong,786612.0,2.0,"25,24,000",Tankeswar Gogoi,"2,524,000",Accepted-AOC,23-Jul-2026,Public Works Roads Department
2025_PWD_45820_70,CE/STBR/SOPD-G/NIT/07/2025 26/1 Dated 26-06-2025,"STBR/SOPD-G/Rupohihat-01/13 Reconstruction of (i) Road from Mukunada-ati to Balusor Bazar, (ii) Road from Hatijujua Tiniali to Bhomoraguri PWD Road (iii) Road from Balusor Bazar to Jahajan (iv) RCC Br. App. on Dagaon to Sonaiberapam Road under Mukh","STBR/SOPD-G/Rupohihat-01/13 Reconstruction of (i) Road from Mukunada-ati to Balusor Bazar, (ii) Road from Hatijujua Tiniali to Bhomoraguri PWD Road (iii) Road from Balusor Bazar to Jahajan (iv) RCC Br. App. on Dagaon to Sonaiberapam Road under Mukh",Works,Open Tender,Item Rate,Civil Works – Roads,No,No,NA ,30-Jul-2025 03:00 PM,31-Jul-2025 11:00 AM ,180.0,No ,No,Online,11-Aug-2025 11:00 AM,Public Works Roads Department,Rupohihat,782125.0,2.0,"1,24,05,917",Badrul Islam,"12,404,900",Accepted-AOC,03-Jul-2026,Public Works Roads Department
2026_HFWD_52368_1,Supply of X-Ray Films CT scan,Supply of X-Ray Films CT scan,Supply of X-Ray Films CT scan Films on Rate Contract Basis,Goods,Open Tender,Item Wise,X Ray Films,No,No,NA ,15-May-2026 05:00 PM,NA ,60.0,No ,No,Online,30-May-2026 12:00 PM,Health and Family Welfare Department||Directorate of Medical Education-HFWD||Dhubri Medical College and Hospital-HFWD,Dhubri Medical College and Hospital,783325.0,2.0,"30,00,000",PEARL MED SCIENCES INDIA,"3,500,000",Rejected-Technical,21-Jul-2026,Health and Family Welfare Department||Directorate of Medical Education-HFWD||Dhubri Medical College and Hospital-HFWD
2026_PWD_52763_1,CE/DEV/TB/293/2025-26/11 Dtd. 12.06.2026,"SOPD_G_25_26_63 Restoration of JEC Road (L-3.48Km,from Ch.0.00m to Ch.3480.0m under Jorhat and Titabor TR Division under SOPD_G for the year 2025-25 in Jorhat LAC","SOPD_G_25_26_63 Restoration of JEC Road (L-3.48Km,from Ch.0.00m to Ch.3480.0m under Jorhat and Titabor TR Division under SOPD_G for the year 2025-25 in Jorhat LAC",Works,Open Tender,Item Rate,Civil Works – Roads,No,No,NA ,15-Jun-2026 06:00 PM,17-Jun-2026 12:00 PM ,180.0,No ,No,Online,23-Jun-2026 02:30 PM,Public Works Roads Department,Jorhat,785001.0,2.0,"1,60,67,000",Sri Girin Chutia,"16,066,977",Accepted-AOC,31-Jul-2026,Public Works Roads Department
2025_UDD_45256_2,TMB/TECH/15TH FC(2nd INSTL)/Tied Grant/2021-22/740,Supply of 05 No.s of Box Type Tippers at Tinsukia Municipal Board.,Supply of 05 No.s of Box Type Tippers at Tinsukia Municipal Board.,Goods,Open Tender,Supply,Machineries,No,No,NA ,16-Jul-2025 03:00 PM,NA ,30.0,No ,No,Online,24-Jul-2025 09:00 AM,Urban Development Department||Directorate of Municipality Administration - UDD||Tinsukia Municipal Board,TINSUKIA,786125.0,2.0,,Allied Engineering Developers,"4,725,000",Accepted-AOC,18-Aug-2025,Urban Development Department||Directorate of Municipality Administration - UDD||Tinsukia Municipal Board
2026_PWD_50632_7,Tech/NDTRD/NIT/1028/4296 dated 28.01.2026,Tihu_PDNA_2025-26_79,Recovery and Re-construction of Kaurehagi to Kaskuri road under NDRF (PDNA-2022) for the year 2025-26.,Works,Open Tender,Item Rate,Civil Works – Roads,No,No,NA ,03-Feb-2026 10:30 AM,NA ,180.0,No ,No,Online,13-Feb-2026 10:30 AM,Public Works Roads Department,Nalbari,781335.0,2.0,"60,00,000",Dilip Kumar Barman,"4,589,995",Rejected-Finance,03-Jul-2026,Public Works Roads Department
2026_PWRDW_51819_1,Ecf No. 716719/27,Construction of Bridge in Kamrup district i) Br. No. 2/2 on Akadi to Dakshin Singra Bardol Road,Construction of Bridge in Kamrup district i) Br. No. 2/2 on Akadi to Dakshin Singra Bardol Road for Package No. CE/EAP/ARRBP/OCB/Bridge-1/Kamrup/29,Works,Open Tender,Item Rate,Civil Works - Bridges,No,No,NA ,11-Mar-2026 11:00 AM,18-Mar-2026 11:00 AM ,180.0,No ,No,Online,24-Mar-2026 02:30 PM,Public Works Roads Department-Externally Aided Project||Public Works Road Department- World Bank Funded Tenders||PWD (R) - ARRBP,Kamrup,781048.0,2.0,"6,95,41,000",JYOTI PRAKASH BAISHYA,"72,948,500",Accepted-AOC,20-Jul-2026,Public Works Roads Department-Externally Aided Project||Public Works Road Department- World Bank Funded Tenders||PWD (R) - ARRBP
2024_BoTC_39942_1,DPRD/BTC/6th ASFC/DF/V/Udl-07/2024/07,Construction of CC Block road from Nursery (Near Rampur chowk) of UT road to pucca road (near KK Memorial Bodo High School) Maidanguri under 6th ASFC for the FY 2020-21 during 2024-25.,DPRD/BTC/6th ASFC/DF/V/Udl-07/2024/07,Works,Open Tender,Item Rate,Civil Works,No,No,NA ,21-Oct-2024 10:00 AM,NA ,180.0,No ,No,Online,12-Nov-2024 02:30 PM,Bodoland Territorial Council||Panchayat and Rural Development-BTC,Udalguri,784509.0,2.0,"1,08,92,157",ALMA BASUMATARY,"10,892,157.97",Accepted-AOC,17-Jan-2025,Bodoland Territorial Council||Panchayat and Rural Development-BTC
2025_PWD_46191_7,CE/DEV/TB/122/2025-26/1 Dtd- 01.08.2025,BTR_RIDF_XXXI_25_26_12 Construction of Road from Pipolholi to Simoluguri under RIDF-XXXI of NABARD for the year 2025-26.,BTR_RIDF_XXXI_25_26_12 Construction of Road from Pipolholi to Simoluguri under RIDF-XXXI of NABARD for the year 2025-26.,Works,Open Tender,Item Rate,Civil Works – Roads,No,No,NA ,06-Aug-2025 02:00 PM,11-Aug-2025 12:00 PM ,180.0,No ,No,Online,14-Aug-2025 02:30 PM,Public Works Roads Department,Bhergaon,784522.0,2.0,"2,56,16,000",M/S ZENITH INFRA,"25,615,000",Accepted-AOC,31-Jul-2026,Public Works Roads Department
2026_PWD_50168_30,BSPTRD/TECH/PDNA/168/2025-26,BSPTRD/PDNA/2025-26/30,Recovery and Reconstruction of Sarupeta Station Feeder road under NDRF (PDNA-2022) for the year 2025-26,Works,Open Tender,Item Rate,Civil Works – Roads,No,No,NA ,13-Jan-2026 10:00 AM,NA ,180.0,No ,No,Online,02-Feb-2026 02:00 PM,Public Works Roads Department,Barpeta Road,781315.0,2.0,"10,00,000",Prasanta Bayan,"800,000",Rejected-Finance,09-Jul-2026,Public Works Roads Department
2025_PWD_49200_2,EE/DCLKT/NIT/SOPD-G/1/2025/7,"(Group 3- Construction of 3 No Sonali Path (from Ch. 0.00m to Ch 500m, L 0.500 Km)) under Mukhya Mantrir Pakipath Nirman Achani (MMPPNA) under SOPD-G for the year 2025-26","Construction of (i) Kushal Nagar Bye Lane-2 (L 0.100 Km), (ii) NH-37 to Moran Public High School Approach Road (L 0.120 Km), (iii) 2 No. Sonali Path (L 0.500 Km), (iv) 3 No. Sonali Path (L 1.00 Km), (v) NH-37 to Moran Commerce College Connecting Road",Works,Open Tender,Item Rate,Civil Works – Roads,No,No,NA ,28-Jan-2026 02:00 PM,NA ,180.0,No ,No,Online,07-Feb-2026 02:30 PM,Public Works Roads Department,Tingkhong,786612.0,2.0,"47,02,000",RITU GOGOI,"4,700,010",Accepted-AOC,03-Jul-2026,Public Works Roads Department
2026_PWRDW_51947_7,eCF No 720769/15,Tinsukia 21 - Construction of Bridge in Tinisukia District i) Br. No.1/1 on Paharpur to Naga Village,Construction of Bridge in Tinisukia District i) Br. No.1/1 on Paharpur to Naga Village,Works,Open Tender,Item Rate,Civil Works - Bridges,No,No,NA ,13-Mar-2026 06:30 PM,19-Mar-2026 11:00 AM ,180.0,No ,No,Online,26-Mar-2026 02:30 PM,Public Works Roads Department-Externally Aided Project||Public Works Road Department- World Bank Funded Tenders||PWD (R) - ARRBP,Tinsukia District,786179.0,2.0,"1,22,55,800",M/S Subhash Mitra,"12,867,295.5",Accepted-AOC,24-Jul-2026,Public Works Roads Department-Externally Aided Project||Public Works Road Department- World Bank Funded Tenders||PWD (R) - ARRBP
2026_PHED_51996_1,SEPH/GC/TB-152/Vol-45/25-26,Renovation of Pragatipur PWSS,Renovation of Pragatipur PWSS under Guwahati Division No. I under SOPD G for the year 2025 26,Works,Open Tender,Item Rate,Civil Works,No,No,NA ,14-Mar-2026 04:00 PM,20-Mar-2026 02:00 PM ,90.0,No ,No,Online,06-Apr-2026 03:00 PM,Public Health Engineering Department||Chief Engineer PHE(P)-Assam-PHED||Lower Assam Zone-Guwahati-PHED||Guwahati Circle-Guwahati-PHED,"Pragatipur,Rampur",781132.0,2.0,"57,66,400",EMMANUEL DAIMARI,"5,765,327",Accepted-AOC,16-May-2026,Public Health Engineering Department||Chief Engineer PHE(P)-Assam-PHED||Lower Assam Zone-Guwahati-PHED||Guwahati Circle-Guwahati-PHED
2025_DoWR_49788_1,SRIBHUMI/2025-26/PDNA/WORK/I,Restoration of flood damaged embankment at different reaches on the L/B of river Kushiyara.,Restoration of flood damaged embankment at different reaches on the L/B of river Kushiyara.,Works,Open Tender,Works,Civil Works,No,No,NA ,31-Dec-2025 02:00 PM,NA ,180.0,No ,No,Online,13-Jan-2026 03:00 PM,Department of Water Resources||Chief Engineer - DoWR,SRIBHUMI,781034.0,2.0,"75,69,987",PINTU DEB,"7,562,927.32",Rejected-AOC,06-Jul-2026,Department of Water Resources||Chief Engineer - DoWR
2026_SCD_49976_7,Tender/NIT/Pt-I/2025-26/5924,Erosion Protection Work (RTP) near Gouri Nath Mandir at Sonaipar River under RIDFXXXI,Erosion Protection Work (RTP) near Gouri Nath Mandir at Sonaipar River under RIDFXXXI,Works,Open Tender,Item Rate,Civil Works,No,No,NA ,06-Jan-2026 02:00 PM,12-Jan-2026 12:00 PM ,180.0,No ,No,Online,28-Jan-2026 03:00 PM,Soil Conservation Department||Director - SCD,Nagaon Soil Conservation Division,782001.0,2.0,"39,81,000",Nobab Chand Ahmed,"3,781,950",Rejected-Finance,04-Jul-2026,Soil Conservation Department||Director - SCD
2026_PWBNH_52451_1,EE(B)/CHA T(B)/E/1 of 2026-27,Construction of Market Shed at Nagahat Weekly Market in Charaideo District,Construction of Market Shed at Nagahat Weekly Market in Charaideo District,Works,Open Tender,Item Rate,Civil Works - Building,No,No,NA ,21-May-2026 06:00 PM,30-May-2026 11:00 AM ,180.0,No ,No,Online,11-Jun-2026 02:30 PM,Public Works Building and NH Department||Chief Engineer-Building - PWBNH,"Sonari, Charaideo",785690.0,2.0,"34,95,213",IQBAL QURESHI,"3,494,993",Rejected-Technical,16-Jul-2026,Public Works Building and NH Department||Chief Engineer-Building - PWBNH
2025_DoWR_47351_1,KAMRUP METRO/2025-26/FFM/XXV,Procurement of flood fighting materials (Geo-textile sheets) for Water Resources Department for the year 2025-26 (Zone-A).,Procurement of flood fighting materials (Geo-textile sheets) for Water Resources Department for the year 2025-26 (Zone-A).,Goods,Open Tender,Supply,Supply of Materials,No,No,NA ,06-Sep-2025 06:55 PM,NA ,180.0,No ,No,Online,26-Sep-2025 03:00 PM,Department of Water Resources||Chief Engineer - DoWR,KAMRUP METRO,781008.0,2.0,"26,34,000",Sonali Geotextiles Pvt. Ltd.,"2,370,750",Accepted-AOC,16-Jul-2026,Department of Water Resources||Chief Engineer - DoWR
2026_WPTBC_52811_1,PTDC/Engg/2026-27/550,Construction of Hitesh Deka path Hajalpara Chowk to Betna post office road with Soil Stabilization Method using Terrazyme under SDMF (ASDMA) for the financial year 2025-26.,Construction of Hitesh Deka path Hajalpara Chowk to Betna post office road with Soil Stabilization Method using Terrazyme under SDMF (ASDMA) for the financial year 2025-26.,Works,Open Tender,Item Rate,Civil Works,No,No,NA ,18-Jun-2026 06:55 PM,25-Jun-2026 11:00 AM ,180.0,No ,No,Online,10-Jul-2026 03:00 PM,Welfare of Plain Tribes and Backward Classes||Director - WPT and BC,Udalguri,784509.0,2.0,"5,09,30,000",KHAGENDRA NATH SARKAR,"50,920,000",Rejected-AOC,28-Jul-2026,Welfare of Plain Tribes and Backward Classes||Director - WPT and BC
2025_PWD_45926_142,CE/DEV/TB/60/2025-26/06 Dtd- 14.07.2025,MMPPNA_RIDF_XXXI_25_26_305 Construction of (1) Luthuri Gaon Road (from Ch. 0.00 m to Ch. 1010.00 m L 1.01 km) (2) Udaipur to Sosan Ghat Path (from Ch. 100.00 m to Ch. 1100.00 m L 1.00 km) under Mukhya Mantrir Paki Path Nirman Achani (MMPPNA) under R,MMPPNA_RIDF_XXXI_25_26_305 Construction of (1) Luthuri Gaon Road (from Ch. 0.00 m to Ch. 1010.00 m L 1.01 km) (2) Udaipur to Sosan Ghat Path (from Ch. 100.00 m to Ch. 1100.00 m L 1.00 km) under Mukhya Mantrir Paki Path Nirman Achani (MMPPNA) under R,Works,Open Tender,Item Rate,Civil Works – Roads,No,No,NA ,01-Aug-2025 06:00 PM,04-Aug-2025 12:00 PM ,180.0,No ,No,Online,14-Aug-2025 02:30 PM,Public Works Roads Department,Nazira,785685.0,2.0,"1,65,50,000",SATYABRAT BURAGOHAIN,"16,549,000",Rejected-Finance,17-Jul-2026,Public Works Roads Department
2024_BoTC_39456_1,DPRD/BTC/SOPD/Udl-15/2024/08,Construction of Slab culvert in Dakhin Kuyabil village under SOPD for th FY 2024-25.,DPRD/BTC/SOPD/Udl-15/2024/08,Works,Open Tender,Item Rate,Civil Works,No,No,NA ,30-Sep-2024 10:00 AM,NA ,180.0,No ,No,Online,21-Oct-2024 02:30 PM,Bodoland Territorial Council||Panchayat and Rural Development-BTC,Kalaigaon Udalguri,784509.0,2.0,"29,73,780",Sri Danswrang Baglari,"2,973,780.25",Rejected-AOC,19-Nov-2024,Bodoland Territorial Council||Panchayat and Rural Development-BTC
2025_DoWR_47441_1,GOLAGHAT/2025-26/RIDF/II,"Widening and Strengthening of Dowel bund from Chollongpathar to Charaimari on both banks of river Giladhari, Package 1.","Widening and Strengthening of Dowel bund from Chollongpathar to Charaimari on both banks of river Giladhari, Package 1.",Works,Open Tender,Works,Civil Works,No,No,NA ,10-Sep-2025 06:55 PM,NA ,180.0,No ,No,Online,04-Oct-2025 03:00 PM,Department of Water Resources||Chief Engineer - DoWR,Golaghat,785621.0,2.0,"5,15,15,978",Nirmal Kumar Agarwalla,"51,500,240",Rejected-AOC,18-Jul-2026,Department of Water Resources||Chief Engineer - DoWR
2026_PWRDW_51593_2,CE/EAP/ARRBP/BR/Z4/2025/T06,"Karbi Anglong20/Construction of Bridge in Karbi Anglong District,Br No 1/1 on DS road to Bheta Gaon","Karbi Anglong20/Construction of Bridge in Karbi Anglong District,Br No 1/1 on DS road to Bheta Gaon",Works,Open Tender,Item Rate,Civil Works - Bridges,No,No,NA ,02-Mar-2026 09:00 AM,09-Mar-2026 11:00 AM ,90.0,No ,No,Online,30-Mar-2026 02:30 PM,Public Works Roads Department-Externally Aided Project||Public Works Road Department- World Bank Funded Tenders||PWD (R) - ARRBP,Karbi Anglong District,782486.0,2.0,"2,17,52,000",BIPUL CHETIA,"19,533,296",Rejected-Finance,31-Jul-2026,Public Works Roads Department-Externally Aided Project||Public Works Road Department- World Bank Funded Tenders||PWD (R) - ARRBP
2026_DoWR_49835_1,GOALPARA/2025-26/PDNA/WORK/IV,Restoration of B/Dyke from Kharmuza to Nichinpur at Tarangapur-Superivita area ( In Between Ch.30.00 Km to 31.00 Km ) from flood damages of river Brahmaputra.,Restoration of B/Dyke from Kharmuza to Nichinpur at Tarangapur-Superivita area ( In Between Ch.30.00 Km to 31.00 Km ) from flood damages of river Brahmaputra.,Works,Open Tender,Works,Civil Works,No,No,NA ,01-Jan-2026 06:00 PM,NA ,180.0,No ,No,Online,13-Jan-2026 03:00 PM,Department of Water Resources||Chief Engineer - DoWR,Goalpara,783101.0,2.0,"54,41,999",UTPAL DEKA,"5,441,962",Rejected-AOC,13-Jul-2026,Department of Water Resources||Chief Engineer - DoWR
2025_ICD_48679_1,CNP/PL/Surveillance/25-26/01,TECHNICAL SAFETY SURVEILLANCE OF SUSPENSION CROSSING FACILITIES,TECHNICAL SAFETY SURVEILLANCE OF SUSPENSION CROSSING FACILITIES,Works,Open Tender,Works,Miscellaneous Works,No,No,NA ,17-Nov-2025 04:30 PM,01-Dec-2025 11:00 AM ,180.0,No ,No,Online,09-Dec-2025 12:00 PM,Industries and Commerce Department||Assam Gas Company Ltd - ICD,Operational areas of AGCL,786602.0,2.0,,GOGI ENTERPRISES,"1,351,100",Accepted-AOC,13-Jul-2026,Industries and Commerce Department||Assam Gas Company Ltd - ICD
2026_PWD_52135_1,No.GRC/NIT/510./ 2021-22/Pt.I/494 Dtd.12.03.2026,KAM/KRC/SOPD(G)/2025-26/03 Construction of Shankardev Path byelane at Ahomgaon including RCC drain under SOPDG for the year 2025-26.,Construction of Shankardev Path byelane at Ahomgaon including RCC drain under SOPDG for the year 2025-26.,Works,Open Tender,Item Rate,Civil Works – Roads,No,No,NA ,19-Mar-2026 11:00 AM,30-Mar-2026 01:00 PM ,180.0,No ,No,Online,08-Apr-2026 03:00 PM,Public Works Roads Department,"Shankardev Path,Ahomgaon",781035.0,2.0,,DHRUBA JYOTI SARMA,"7,982,000",Accepted-AOC,27-May-2026,Public Works Roads Department
2025_PWD_47172_19,CE/STBR/SOPD G/NIT/07/2025-26/16 Dated 18-08-2025,"STBR/SOPD-G/ Ramkrishna Nagar-02/19 Construction of (1) West Harinagar village road, (ii) Balance length of Namasudra Para road, (iii) Horogouri Ashram road at Harinagar Monipuri basti under Mukhya Mantrir Pakipath Nirman Achani (SOPD-G) for the year","STBR/SOPD-G/ Ramkrishna Nagar-02/19 Construction of (1) West Harinagar village road, (ii) Balance length of Namasudra Para road, (iii) Horogouri Ashram road at Harinagar Monipuri basti under Mukhya Mantrir Pakipath Nirman Achani (SOPD-G) for the year",Works,Open Tender,Item Rate,Civil Works – Roads,No,No,NA ,03-Sep-2025 11:00 AM,08-Sep-2025 11:00 AM ,180.0,No ,No,Online,19-Sep-2025 11:00 AM,Public Works Roads Department,Ramkrishna Nagar,788166.0,2.0,"1,31,29,200",Joydeep Nandi,"13,126,670",Accepted-AOC,16-Jul-2026,Public Works Roads Department
2025_PWD_45495_7,CE/Commn/16/202526/3,Bihpuria /SOPD/2,"Improvement of Road from NH-15(Madarguri) to madhabpur Duliapathar Road and NH-15 via Saralidup from Ch.0.00 m to 2040.00 m , (L 2.04 Km) under SOPD-G for the year 2025-26 (Bihpuria LAC)",Works,Open Tender,Works,Civil Works – Roads,No,No,NA ,11-Jul-2025 11:00 AM,18-Jul-2025 04:00 PM ,180.0,No ,No,Online,30-Jul-2025 02:30 PM,Public Works Roads Department||CE PWD(R) - PWD||Traffic Engineering Cell - PWD,Bihpuria,784161.0,2.0,"1,20,37,900",JADAB DUTTA,"12,007,900",Accepted-AOC,20-Jul-2026,Public Works Roads Department||CE PWD(R) - PWD||Traffic Engineering Cell - PWD
2026_PWRDW_51761_9,RFB No CE/EAP/ARRBP/BR/Z4/2025/T07,Construction of RCC Bridge No. 1/1 on South Singimari-Habrubari Road Kokrajhar/37,Construction of RCC Bridge No. 1/1 on South Singimari-Habrubari Road CE/EAP/ARRBP/OCB/Bridge-1/Kokrajhar/37,Works,Open Tender,Item Rate,Civil Works - Bridges,No,No,NA ,10-Mar-2026 06:10 PM,12-Mar-2026 09:00 AM ,180.0,No ,No,Online,30-Mar-2026 02:30 PM,Public Works Roads Department-Externally Aided Project||Public Works Road Department- World Bank Funded Tenders||Assam State Bridge Infrastructure Program,Kokrajhar,783370.0,2.0,"1,75,27,000",RAMESH KUMAR JAJODIA,"18,315,715",Rejected-Finance,13-Jul-2026,Public Works Roads Department-Externally Aided Project||Public Works Road Department- World Bank Funded Tenders||Assam State Bridge Infrastructure Program
2026_PHED_52549_1,IFB NO 04 OF 2026-27,Jawahar Navodaya Vidyalaya PWSS,Jawahar Navodaya Vidyalaya PWSS of Nalbari (PHE) Division under SOPD-G,Works,Open Tender,Works,Civil Works,No,No,NA ,30-May-2026 02:00 PM,NA ,270.0,No ,No,Online,22-Jun-2026 11:00 AM,Public Health Engineering Department||Chief Engineer PHE(P)-Assam-PHED||Lower Assam Zone-Guwahati-PHED||Nalbari Circle-Nalbari-PHED,Jawahar Navodaya Vidyalaya Nalbari,781340.0,2.0,"47,90,000",AMAL CHNADRA ARJYA,"4,598,400",Accepted-AOC,17-Jul-2026,Public Health Engineering Department||Chief Engineer PHE(P)-Assam-PHED||Lower Assam Zone-Guwahati-PHED||Nalbari Circle-Nalbari-PHED
2024_BoTC_39945_1,DPRD/BTC/SOPD/Bak-25/24-25/29,Const. Of S/G from Thaisuguri village to Hachara village (3 Km) under SOPD for the FY 2024-25.,DPRD/BTC/SOPD/Bak-25/2024-25/29,Works,Open Tender,Item Rate,Civil Works,No,No,NA ,21-Oct-2024 10:00 AM,NA ,180.0,No ,No,Online,12-Nov-2024 02:30 PM,Bodoland Territorial Council||Panchayat and Rural Development-BTC,Baksa,781377.0,2.0,"29,76,680",Sri Danswrang Baglari,"2,976,680.26",Rejected-AOC,15-Nov-2024,Bodoland Territorial Council||Panchayat and Rural Development-BTC
2026_PWD_50166_1,Tech/NDTRD/NIT/1028/4258 dated 09.01.2026,Tihu _2025-26_11,"Construction of a Single Cell Box Culvert on Tihu Feeder Road at Chainage 1.350 km Under Contingency Fund for the work Construction of ROB for Replacement of Railway LC Gate No. SK-26 at RLY KM 326.0-1 at Tihu Town in Nalbari District, Assam",Works,Open Tender,Item Rate,Civil Works – Roads,No,No,NA ,12-Jan-2026 10:30 AM,NA ,180.0,No ,No,Online,19-Jan-2026 10:30 AM,Public Works Roads Department,Nalbari,781335.0,2.0,"25,02,945",NISHANT KALITA,"2,502,833",Accepted-AOC,24-Jul-2026,Public Works Roads Department
2026_GMDA_51625_1,GMDA/DEV/06/2026/Pt-I/4,Desiltation cleaning and periodic maintenance of Pamohi Channel and NH-27 Southern side drain from Royal Global University entrance point to Katabari by engaging fleet of machineries for the year 2025-26,Desiltation cleaning and periodic maintenance of Pamohi Channel and NH-27 Southern side drain from Royal Global University entrance point to Katabari by engaging fleet of machineries for the year 2025-26,Works,Open Tender,Works,Civil Works,No,No,NA ,02-Mar-2026 05:00 PM,12-Mar-2026 01:30 PM ,180.0,No ,No,Online,23-Mar-2026 03:00 PM,Guwahati Metropolitan Development Authority||Guwahati Development Department - GMDA,Guwahati,781005.0,2.0,"1,19,82,512",Bhaba Kanta Nath,"11,979,112",Accepted-AOC,08-Jul-2026,Guwahati Metropolitan Development Authority||Guwahati Development Department - GMDA
2025_DoWR_47295_1,KAMRUP METRO/2025-26/FFM/XII,Procurement of flood fighting materials (PSC Porcupine) for Water Resources Department for the year 2025-26 (BTAD W.R Zone) Ph-III.,Procurement of flood fighting materials (PSC Porcupine) for Water Resources Department for the year 2025-26 (BTAD W.R Zone) Ph-III.,Goods,Open Tender,Works,Supply of Materials,No,No,NA ,04-Sep-2025 06:55 PM,NA ,180.0,No ,No,Online,24-Sep-2025 03:00 PM,Department of Water Resources||Chief Engineer - DoWR,KAMRUP METRO,781008.0,2.0,"73,40,802",Maniraj Brahma,"6,606,781.2",Accepted-AOC,13-Jul-2026,Department of Water Resources||Chief Engineer - DoWR
2025_DoWR_47644_1,SIVASAGAR/2025-26/SOPD G/I,"Excavation of drainage channel Doikhona,Dency and Namdung to mitigate flood inundation of Gelakey area under Nazira Revenue Circle.","Excavation of drainage channel Doikhona,Dency and Namdung to mitigate flood inundation of Gelakey area under Nazira Revenue Circle.",Works,Open Tender,Works,Civil Works,No,No,NA ,20-Sep-2025 06:55 PM,NA ,180.0,No ,No,Online,10-Oct-2025 03:00 PM,Department of Water Resources||Chief Engineer - DoWR,SIVASAGAR,785640.0,2.0,"7,92,97,825",M/S. M.P. AGARWALLA,"79,260,390",Accepted-AOC,14-Jul-2026,Department of Water Resources||Chief Engineer - DoWR
2026_ICD_50093_1,C and P/PL/2025-26/06,MODIFICATION WORKS OF 8 INCH NB HOEC INJECTION POINT TO POWAI INTERCONNECTION POINT NATURAL GAS PIPELINE,MODIFICATION WORKS OF 8 INCH NB HOEC INJECTION POINT TO POWAI INTERCONNECTION POINT NATURAL GAS PIPELINE,Works,Open Tender,Works,Pipe Laying Works,No,No,NA ,08-Jan-2026 04:30 PM,19-Jan-2026 10:00 AM ,180.0,No ,No,Online,27-Jan-2026 10:00 AM,Industries and Commerce Department||Assam Gas Company Ltd - ICD,As per NIT,786171.0,2.0,,BORDUBI ENGINEERING WORKS,"1,074,980",Accepted-AOC,03-Jul-2026,Industries and Commerce Department||Assam Gas Company Ltd - ICD
2026_FD_51135_1,AF(S)185PMMSY2024-25 /6425-29 12/2/2026,"Establishment of Brood Bank in Govt. Farms at Narangbari in Goalpara District, Assam","Establishment of Brood Bank in Govt. Farms at Narangbari in Goalpara District, Assam",Works,Open Tender,Works,Civil Works,No,No,NA ,13-Feb-2026 03:00 PM,20-Feb-2026 01:00 PM ,180.0,No ,No,Online,05-Mar-2026 02:30 PM,Department of Fisheries||Directorate of Fisheries Assam,"Goalpara, Assam",781016.0,2.0,"4,77,93,235",Harunur Rashid,"40,030,496.17",Rejected-Technical,30-Jul-2026,Department of Fisheries||Directorate of Fisheries Assam
2025_PWD_49207_2,EE/DCLKT/NIT/SOPD-G/1/2025/7,(Group 4- Construction of (i) Samanay Path (H M Nursing Home) (L 0.20 Km) (ii) Moran Samshanghat Road (L 0.20 Km)) under Mukhya Mantrir Pakipath Nirman Achani (MMPPNA) under SOPD-G for the year 2025-26,"Construction of (i) Hatikhola Sonali Path (L 0.300 Km), (ii) Piyoli Nagar Namghar Path to Idgah Path (L 0.300 Km), (iii) Pragati Path (L 0.280 Km), (iv) Samanay Path (HM Nursing home) (L 0.20 Km), (v) 1 No Mirihula Path (L 0.30 Km), (vi) Mirihula Nam",Works,Open Tender,Item Rate,Civil Works – Roads,No,No,NA ,28-Jan-2026 02:00 PM,NA ,180.0,No ,No,Online,07-Feb-2026 02:30 PM,Public Works Roads Department,Tingkhong,786612.0,2.0,"34,61,000",J. P. Construction,"3,459,622",Accepted-AOC,13-Jul-2026,Public Works Roads Department
2026_GMC_51681_3,GER/CE/2505/2025/57 Date_05/03/2026,Construction of Community Hall under Ward No.38,Construction of Various Community Hall under Guwahati Municipal Corporation,Works,Open Tender,Lump-sum,Civil Works,No,No,NA ,13-Mar-2026 06:00 PM,NA ,120.0,No ,No,Online,27-Mar-2026 03:00 PM,Guwahati Municipal Corporation,Guwahati,781006.0,2.0,"20,00,000",Matiur Rahman,"1,742,000",Accepted-AOC,10-Jul-2026,Guwahati Municipal Corporation
2026_SCD_51609_3,Tender/NIT/Pt-II/2025-26/8387,River Bank Erosion Management in Gelabil River at Bilotia Kaibartta village under SDMF,River Bank Erosion Management in Gelabil River at Bilotia Kaibartta village under SDMF,Works,Open Tender,Item Rate,Civil Works,No,No,NA ,02-Mar-2026 01:00 PM,07-Mar-2026 01:00 PM ,180.0,No ,No,Online,16-Mar-2026 03:00 PM,Soil Conservation Department||Director - SCD,Golaghat S. C. Division,785702.0,2.0,"5,02,34,000",PRAJIB DUTTA,"50,233,000",Accepted-AOC,04-Jul-2026,Soil Conservation Department||Director - SCD
2025_PWD_47085_69,CE/DEV/TB/60/2025-26/15 Dtd- 06.08.2025,"MMPPNA_RIDF_XXXI_25_26_481 Improvement of (1) Pachgori Road Silchar (2) Road and Improvement of Drain at Silchar High School Ramnagar-Lamargram-Tarapur Pt-IV, Ramnagar G.P. (Phase-I) (3) Improvement of Village Road/Public Path at Ramnagar Tarapur G.P","MMPPNA_RIDF_XXXI_25_26_481 Improvement of (1) Pachgori Road Silchar (2) Road and Improvement of Drain at Silchar High School Ramnagar-Lamargram-Tarapur Pt-IV, Ramnagar G.P. (Phase-I) (3) Improvement of Village Road/Public Path at Ramnagar Tarapur G.P",Works,Open Tender,Item Rate,Civil Works – Roads,No,No,NA ,11-Sep-2025 12:00 PM,11-Sep-2025 12:30 PM ,180.0,No ,No,Online,19-Sep-2025 02:30 PM,Public Works Roads Department,Silchar,788001.0,2.0,"2,22,63,000",Panna Deb,"22,262,000",Accepted-AOC,20-Jul-2026,Public Works Roads Department
2026_UDD_52821_1,SBMU-2.0/PKMB/Part-1/2026,REMEDIATION OF DUMPING GROUND,"Remediation of Waste Accumulated at Dumping Ground at Bamunkuchi village under Patacharkuchi Municipal Board , Patacharkuchi, Bajali, Assam through Bio-Mining, Reclamation of Land and Scientific Disposal of Residual Waste",Works,Open Tender,Works,Civil Works,No,No,NA ,19-Jun-2026 06:00 PM,22-Jun-2026 11:00 AM ,180.0,No ,No,Online,08-Jul-2026 01:00 PM,Urban Development Department||Directorate of Municipality Administration - UDD||Patacharkuchi Municipal Board,Patacharkuchi municipal board,781326.0,2.0,"30,00,000",BHASKAR BARMAN,"2,998,500",Not Admitted-Fee/PreQual/Technical,20-Jul-2026,Urban Development Department||Directorate of Municipality Administration - UDD||Patacharkuchi Municipal Board
2026_BTC_50258_3,ACE-10/PWD/PMC/BTC/2024-25/15,"PMC services for Food Processing Plant with Cold Storage Facility at, Lalpool, Udalguri Assam under BTC Package on EPC Mode-I.","PMC services for Food Processing Plant with Cold Storage Facility at, Lalpool, Udalguri Assam under BTC Package on EPC Mode-I.",Services,Open Tender,EOI,Consultancy,No,No,NA ,15-Jan-2026 10:00 AM,20-Jan-2026 12:00 PM ,180.0,No ,No,Online,06-Feb-2026 03:00 PM,Bodoland Territorial Council-PWD||Director Cum CHD - PWD BTC,Udalguri,784509.0,2.0,"78,80,282",SONNE INFRASTRUCTURE PRIVATE LIMITED,"7,567,856",Rejected-AOC,09-Jul-2026,Bodoland Territorial Council-PWD||Director Cum CHD - PWD BTC
2026_PWRDW_51593_1,CE/EAP/ARRBP/BR/Z4/2025/T06,"Hailakandi13/Construction of Bridge in Hailakandi District,Construction of Br. on Ratanpur Bondukmara Grant PMGSY Road to Barhailakandi Part ii PWD Road over Moragang","Hailakandi13/Construction of Bridge in Hailakandi District,Construction of Br. on Ratanpur Bondukmara Grant PMGSY Road to Barhailakandi Part ii PWD Road over Moragang",Works,Open Tender,Item Rate,Civil Works - Bridges,No,No,NA ,02-Mar-2026 09:00 AM,09-Mar-2026 11:00 AM ,90.0,No ,No,Online,30-Mar-2026 02:30 PM,Public Works Roads Department-Externally Aided Project||Public Works Road Department- World Bank Funded Tenders||PWD (R) - ARRBP,Hailakandi District,788152.0,2.0,"4,04,29,000",GLOBAL CONSTRUCTION,"38,730,982",Accepted-AOC,20-Jul-2026,Public Works Roads Department-Externally Aided Project||Public Works Road Department- World Bank Funded Tenders||PWD (R) - ARRBP
2025_NHM_49685_5,NHM-32017/8/2025-Const-NHM- I/1373076/2025,"Construction of New PHC at Harinagar in Cachar District under XV-FC Health Grant under NHM, Assam","Construction of New PHC at Harinagar in Cachar District under XV-FC Health Grant under NHM, Assam",Works,Open Tender,Turn-key,Civil Works - Building,No,No,NA ,27-Dec-2025 05:00 PM,NA ,225.0,No ,No,Online,20-Jan-2026 03:30 PM,National Health Mission||State Programme Management Unit - NHM,Cachar,788001.0,2.0,"2,42,82,945",Ganesh Daimary,"24,280,944",Rejected-Finance,09-Jul-2026,National Health Mission||State Programme Management Unit - NHM
2025_PWD_47911_1,CE/MAINT/SOPDG/01/2025-26/36,MAINT/SOPD-G/2025-26/18,MAINT/SOPD-G/2025-26/18_1_Construction of Road from Nabin Chandra Bordoloi Road_Ch. 0.00m to Ch. 430.00m_ 2_Construction of Road from Sebak Road _Ch. 0.00m to Ch. 220.00m_3_Improvement of Nayahat Sapatgram Road_from Ch.13600.00m to Ch. 16744.00m_ 4_,Works,Open Tender,Item Rate,Civil Works – Roads,No,No,NA ,10-Oct-2025 02:00 PM,13-Oct-2025 12:00 PM ,180.0,No ,No,Online,17-Oct-2025 04:00 PM,Public Works Roads Department,Bilashipara,783348.0,2.0,"1,95,97,000",Anand Singhi,"19,597,000",Accepted-AOC,29-Jul-2026,Public Works Roads Department
2026_PWBNH_51598_1,"CE/TB-II(Bldg.)/11/2026/01 Dated Guwahati the, 19th Feb, 2026","Refurbishment works in new office space (2000 sq.ft) of ASRLM at Panjabari, Guwahati-37","Refurbishment works in new office space (2000 sq.ft) of ASRLM at Panjabari, Guwahati-37",Works,Open Tender,Item Rate,Civil Works - Building,No,No,NA ,28-Feb-2026 04:00 PM,06-Mar-2026 11:00 AM ,180.0,No ,No,Online,13-Mar-2026 04:00 PM,Public Works Building and NH Department||Chief Engineer-Building - PWBNH,Panjabari,781037.0,2.0,"54,80,162",M/S Nabajit Traders And Engineers,"4,949,329",Rejected-Technical,10-Jul-2026,Public Works Building and NH Department||Chief Engineer-Building - PWBNH
2025_BTC_49362_2,ACE-25/PWD/IFB/BTC/25-26/21,"Construction of Record Room (Third Floor) at the Office of the Addl. Chief Engineer cum Director, PWD, Kokrajhar, BTC, Assam. (Package No. TN_34_01)","Construction of Record Room (Third Floor) at the Office of the Addl. Chief Engineer cum Director, PWD, Kokrajhar, BTC, Assam.",Works,Open Tender,Item Rate,Civil Works - Building,No,No,NA ,15-Dec-2025 12:05 PM,NA ,180.0,No ,No,Online,06-Jan-2026 03:00 PM,Bodoland Territorial Council-PWD||Director Cum CHD - PWD BTC,Kokrajhar,783370.0,2.0,"27,05,088",Aryan Sharma,"2,704,500",Accepted-AOC,17-Jul-2026,Bodoland Territorial Council-PWD||Director Cum CHD - PWD BTC
2026_PWRDW_50844_4,EAP/ARRBP/02/TENDERS/2024/60,"ARRBP/OCB/Bridge1/Kokrajhar/31 Construction of RCC Bridge No. 2/1, Bonsigaon village under Bongsigaon VCDC over Laska River","CE/EAP/ARRBP/OCB/Bridge1/Kokrajhar/31 Construction of RCC Bridge No. 2/1, Bonsigaon village under Bongsigaon VCDC over Laska River",Works,Open Tender,Item Rate,Civil Works - Bridges,No,No,NA ,05-Feb-2026 05:20 PM,10-Feb-2026 11:00 AM ,180.0,No ,No,Online,25-Feb-2026 02:30 PM,Public Works Roads Department-Externally Aided Project||Public Works Road Department- World Bank Funded Tenders||Assam State Bridge Infrastructure Program,Kokrajhar district,783370.0,2.0,"2,33,43,600",Nabaraj Narzary,"24,421,052",Rejected-Finance,02-Jul-2026,Public Works Roads Department-Externally Aided Project||Public Works Road Department- World Bank Funded Tenders||Assam State Bridge Infrastructure Program
2025_APDCL_49467_1,Dhmeaji-TSS/ABT Meter/T-310/2025-26/25,ABT Meter equipments installation at 132 KV Traction Sub-Station at Dhemaji N.F. Railway (receiving end) Indian Railway under Dhemaji Electrical Sub-Division of North Lakhimpur Electrical Circle on turnkey mode,ABT Meter equipments installation at 132 KV Traction Sub-Station at Dhemaji N.F. Railway (receiving end) Indian Railway under Dhemaji Electrical Sub-Division of North Lakhimpur Electrical Circle on turnkey mode,Works,Open Tender,Turn-key,Electrical Works,No,No,NA ,18-Dec-2025 05:30 PM,23-Dec-2025 03:00 PM ,180.0,No ,No,Online,05-Jan-2026 03:00 PM,Assam Power Distribution Company Ltd||CGM(D) Central Assam Region - APDCL,Dhemaji,787057.0,2.0,"26,35,394",Kamal Singh Dugar,"2,635,394",Rejected-Finance,07-Jul-2026,Assam Power Distribution Company Ltd||CGM(D) Central Assam Region - APDCL
2025_PWD_47627_4,CE/DEV/TB/60/2025-26/38 Dtd- 10.09.2025,MMPPNA_RIDF_XXXI_25_26_306 Construction of (1) Kacharichuk Ali from Ch. 0.00 m to Ch. 1200.00 m (L-1.20 km) (2) Bhulaguri Borchapori Road from Ch. 0.00 m to Ch. 1200.00 m (L-1.20 km) (3) Koiri Bosti Ali from Ch. 0.00 m to Ch. 1200.00 m (L-1.20 km),MMPPNA_RIDF_XXXI_25_26_306 Construction of (1) Kacharichuk Ali from Ch. 0.00 m to Ch. 1200.00 m (L-1.20 km) (2) Bhulaguri Borchapori Road from Ch. 0.00 m to Ch. 1200.00 m (L-1.20 km) (3) Koiri Bosti Ali from Ch. 0.00 m to Ch. 1200.00 m (L-1.20 km),Works,Open Tender,Item Rate,Civil Works – Roads,No,No,NA ,20-Sep-2025 02:00 PM,24-Sep-2025 12:00 PM ,180.0,No ,No,Online,08-Oct-2025 02:30 PM,Public Works Roads Department,Nazira,785685.0,2.0,"2,94,67,000",MONUJ SAIKIA,"29,466,966",Accepted-AOC,31-Jul-2026,Public Works Roads Department
2026_AEGCL_52022_1,AEGCL /MD/ CGM(UAR)/ OIL MADHUBAN/ 132KV /2026/ BID,"Route Survey and Soil Investigation for Construction of 132kV Transmission Line for Power Import to OIL, Madhuban from 132kV Bordubi GSS and preparation of Master Plan for Construction of 1(One) No. of 132/33KV Grid Substation at OIL","Route Survey and Soil Investigation for Construction of 132kV Transmission Line for Power Import to OIL, Madhuban from 132kV Bordubi GSS and preparation of Master Plan for Construction of 1(One) No. of 132/33KV Grid Substation at OIL",Works,Open Tender,Works,Survey,No,No,NA ,14-Mar-2026 12:00 PM,NA ,180.0,No ,No,Online,07-Apr-2026 02:00 PM,Assam Electricity Grid Corporation Ltd||CGM (T and T),Bordubi,786601.0,2.0,"30,16,670",P.K.DUTTA AND CO.,"1,695,070",Rejected-Finance,08-Jul-2026,Assam Electricity Grid Corporation Ltd||CGM (T and T)
2026_BTC_52684_1,No.64/TECH/NHM/BTC/2026-27/05,"Construction of New PHC at NK Angarkata in Baksa district under XV-FC Health Grant under NHM, Assam. TN_11_02","Construction of New PHC at NK Angarkata in Baksa district under XV-FC Health Grant under NHM, Assam. TN_11_02",Works,Open Tender,Item Rate,Civil Works - Building,No,No,NA ,10-Jun-2026 10:00 AM,25-Jun-2026 11:00 AM ,180.0,No ,No,Online,02-Jul-2026 02:00 PM,Bodoland Territorial Council-PWD||Director Cum CHD - PWD BTC,Kokrajhar,783370.0,2.0,"2,42,17,382",BISWAJIT RAJBONGSHI,"24,216,382",Rejected-Technical,28-Jul-2026,Bodoland Territorial Council-PWD||Director Cum CHD - PWD BTC
2026_PWRDW_50946_2,111/Tenders/2023/Pt-II/33,Construction of Bridge in Baksa district i) Br. on Uttar Kaurpara,Construction of Bridge in Baksa district i) Br. on Uttar Kaurpara Package No. CE/EAP/ARRBP/OCB/Bridge-1/Baksa/11,Works,Open Tender,Item Rate,Civil Works - Bridges,No,No,NA ,10-Feb-2026 11:00 AM,17-Feb-2026 11:00 AM ,180.0,No ,No,Online,05-Mar-2026 02:30 PM,Public Works Roads Department-Externally Aided Project||Public Works Road Department- World Bank Funded Tenders||PWD (R) - ARRBP,Baksa,781320.0,2.0,,BIKEN BORO,"43,306,666",Accepted-AOC,20-Jul-2026,Public Works Roads Department-Externally Aided Project||Public Works Road Department- World Bank Funded Tenders||PWD (R) - ARRBP
2025_NHM_49685_4,NHM-32017/8/2025-Const-NHM- I/1373076/2025,"Construction of New PHC at Dwarbond PHC in Cachar District under XV-FC Health Grant under NHM, Assam","Construction of New PHC at Dwarbond PHC in Cachar District under XV-FC Health Grant under NHM, Assam",Works,Open Tender,Turn-key,Civil Works - Building,No,No,NA ,27-Dec-2025 05:00 PM,NA ,225.0,No ,No,Online,20-Jan-2026 03:30 PM,National Health Mission||State Programme Management Unit - NHM,Cachar,788001.0,2.0,"2,42,82,945",FAKRUL ISLAM MAZARBHUIYA,"24,282,945",Accepted-AOC,16-May-2026,National Health Mission||State Programme Management Unit - NHM
2026_AEGCL_52006_1,AEGCL /MD/ CGM(UAR) /220 KV SMG-MXN / REVIVAL /2026/ BID,Revival of 220KV Samaguri-Mariani Circuit I from Loc. No. 203 to Loc. No. 545,Revival of 220KV Samaguri-Mariani Circuit I from Loc. No. 203 to Loc. No. 545,Works,Open Tender,Turn-key,Electrical Works,No,No,NA ,14-Mar-2026 12:00 PM,NA ,180.0,No ,No,Online,07-Apr-2026 02:00 PM,Assam Electricity Grid Corporation Ltd||CGM (T and T),Mariani,785634.0,2.0,"35,17,55,433",Purbanchal Synergies Private Limites,"385,962,793",Rejected-Finance,08-Jul-2026,Assam Electricity Grid Corporation Ltd||CGM (T and T)
2026_PWRDW_50199_3,eCF No. 743008/1,Bridge1/Kokrajhar/21 R.C.C Br No 1/1 Puthimari to langdangpara village,CE/EAP/ARRBP/OCB/Bridge1/Kokrajhar/21 R.C.C Br No 1/1 Puthimari to langdangpara village,Works,Open Tender,Item Rate,Civil Works - Building,No,No,NA ,13-Jan-2026 01:55 PM,22-Jan-2026 11:00 AM ,180.0,No ,No,Online,03-Feb-2026 02:30 PM,Public Works Roads Department-Externally Aided Project||Public Works Road Department- World Bank Funded Tenders||Assam State Bridge Infrastructure Program,Kokrajhar district,783370.0,2.0,"2,56,54,000",RAJU CHANDRA BASUMATARY,"26,930,000",Accepted-AOC,20-Jul-2026,Public Works Roads Department-Externally Aided Project||Public Works Road Department- World Bank Funded Tenders||Assam State Bridge Infrastructure Program
2026_GU_52228_1,T/26-27/02 Date 05.05.2026,"i) Construction of VIP Dining hall at Guest House of Gauhati University ii) Construction of kitchen, store and Staff accommodation at Gauhati University Guest House","i) Construction of VIP Dining hall at Guest House of Gauhati University ii) Construction of kitchen, store and Staff accommodation at Gauhati University Guest House",Works,Open Tender,Item Rate,Composite Works,No,No,NA ,07-May-2026 05:00 PM,25-May-2026 02:00 PM ,180.0,No ,No,Online,02-Jun-2026 02:00 PM,Gauhati University,Gauhati University,781014.0,2.0,"2,08,88,206",Debashish Goswami,"17,793,837",Accepted-AOC,10-Jul-2026,Gauhati University
2025_PWD_45818_10,CE/Commn/16/2025-26/04,Chabua- Lahowal/MMPPNA/01,"Construction of 1.CollegeRoad (0.315km),2.ChungicukTowerRoad(0.365km), 3.MerelipathertoIndoorStadiumRoad0.555km),4.CollegeRoad toHatkhulaFieldvia NirenDihingia HouseRoad(0.900km)under MukhyaMantrirPakipathNirmanAchani (MMPPNA)underSOPD-G for 2025-26",Works,Open Tender,Item Rate,Civil Works – Roads,No,No,NA ,22-Jul-2025 06:00 PM,28-Jul-2025 04:00 PM ,180.0,No ,No,Online,11-Aug-2025 02:30 PM,Public Works Roads Department,Chabua Lahowal,786184.0,2.0,"1,39,48,000",TRIDIP CHETIA,"13,948,000",Rejected-AOC,15-Jul-2026,Public Works Roads Department
2026_SCD_52484_1,Tender/NIT/Pt-II/2026-27/646,Bali Jokaibowa Riverine Land Protection cum Land Development Project under SDMF.,Bali Jokaibowa Riverine Land Protection cum Land Development Project under SDMF.,Works,Open Tender,Item Rate,Civil Works,No,No,NA ,22-May-2026 04:00 PM,NA ,180.0,No ,No,Online,03-Jun-2026 10:00 AM,Soil Conservation Department||Director - SCD,Majuli Soil Conservation Division,785104.0,2.0,"1,47,64,000",HARI PRASAD PEGU,"13,287,600",Rejected-Finance,30-Jun-2026,Soil Conservation Department||Director - SCD
2026_BTC_50258_2,ACE-10/PWD/PMC/BTC/2024-25/15,"PMC services for Food Processing Plant with Cold Storage Facility at Nakuchi, Baksa, Assam under BTC Package on EPC Mode-I.","PMC services for Food Processing Plant with Cold Storage Facility at Nakuchi, Baksa, Assam under BTC Package on EPC Mode-I.",Services,Open Tender,EOI,Consultancy,No,No,NA ,15-Jan-2026 10:00 AM,20-Jan-2026 12:00 PM ,180.0,No ,No,Online,06-Feb-2026 03:00 PM,Bodoland Territorial Council-PWD||Director Cum CHD - PWD BTC,Baksa,781372.0,2.0,"86,32,374",M/s PERSPECTIVE,"8,374,149",Rejected-Technical,09-Jul-2026,Bodoland Territorial Council-PWD||Director Cum CHD - PWD BTC
2026_DoWR_50002_1,DHUBRI/2025-26/PDNA/WORK/II,Restoration of Kaldoba Embankment from the flood damages of river Gangadhar on its R/B.,Restoration of Kaldoba Embankment from the flood damages of river Gangadhar on its R/B.,Works,Open Tender,Works,Civil Works,No,No,NA ,07-Jan-2026 09:00 AM,NA ,180.0,No ,No,Online,19-Jan-2026 03:00 PM,Department of Water Resources||Chief Engineer - DoWR,DHUBRI,783301.0,2.0,"37,86,988",Debashis Sen gupta,"3,408,289.96",Rejected-AOC,08-Jul-2026,Department of Water Resources||Chief Engineer - DoWR
2026_UDD_52676_1,NrpMB5/15thFC/26/186,Supply Procurement of Truck Mounted Sewer Suction Cum Jetting Machine under 15th FC Tied Grant,Supply Procurement of Truck Mounted Sewer Suction Cum Jetting Machine under 15th FC Tied Grant,Goods,Open Tender,Item Rate,Vehicles/Vehicle Spares,No,No,NA ,09-Jun-2026 09:00 AM,15-Jun-2026 11:00 AM ,90.0,No ,No,Online,29-Jun-2026 02:30 PM,Urban Development Department||Directorate of Municipality Administration - UDD||Namrup Municipal Board,"Namrup MB, Parbatpur",786623.0,2.0,"49,90,000",MANDY ENTERPRISES,"4,980,000",Not Admitted-Fee/PreQual/Technical,28-Jul-2026,Urban Development Department||Directorate of Municipality Administration - UDD||Namrup Municipal Board
2025_PHED_43370_2,JJMA_25_Estt_2021_T_12632_36,Procurement of Housekeeping Services and Maintenance Contract,"Procurement of Housekeeping Services and Maintenance Contract for the Mission Directorate under Jal Jeevan Mission, Assam, Hengrabari, Guwahati-781036.",Services,Open Tender,Empanelment,Housekeeping/ Cleaning,No,No,NA ,06-Aug-2025 10:00 AM,14-Aug-2025 04:00 PM ,180.0,No ,No,Online,06-Sep-2025 03:00 PM,Public Health Engineering Department||Chief Engineer PHE(P)-Assam-PHED||Lower Assam Zone-Guwahati-PHED||Guwahati Circle-Guwahati-PHED,Guwahati,781036.0,2.0,0.0,P. K. SERVICES,0.0,Rejected-Technical,02-Jul-2026,Public Health Engineering Department||Chief Engineer PHE(P)-Assam-PHED||Lower Assam Zone-Guwahati-PHED||Guwahati Circle-Guwahati-PHED
2025_DoWR_47526_1,NALBARI/2025-26/RIDF/I,Construction of embankment on R/B of river Mora-Pagladia from Makrapara to Barpit.,Construction of embankment on R/B of river Mora-Pagladia from Makrapara to Barpit.,Works,Open Tender,Works,Civil Works,No,No,NA ,15-Sep-2025 06:55 PM,NA ,180.0,No ,No,Online,07-Oct-2025 03:00 PM,Department of Water Resources||Chief Engineer - DoWR,Nalbari,781335.0,2.0,"2,60,79,820",SEHNOWAZ AMIN,"24,772,696.71",Rejected-Technical,10-Jul-2026,Department of Water Resources||Chief Engineer - DoWR
2025_UDD_48914_1,RMB/PWD/15thFC/33/2020/VOL-II/,"SUPPLY, INSTALLATION, TESTING AND COMMISSIONING OF STANDALONE 130 NOS SOLAR LIGHTING SYSTEM IN RANGAPARA","SUPPLY, INSTALLATION, TESTING AND COMMISSIONING OF STANDALONE 130 NOS SOLAR LIGHTING SYSTEM IN RANGAPARA",Works,Open Tender,Works,Electrical Works,No,No,NA ,28-Nov-2025 04:00 PM,30-Nov-2025 11:00 AM ,120.0,No ,No,Online,23-Dec-2025 12:00 PM,Urban Development Department||Directorate of Municipality Administration - UDD||Rangapara Municipal Board,"Rangapara, Sonitpur, Assam",784505.0,2.0,"39,26,780",HM TRADERS AND SOLUTION,"2,941,120",Rejected-Finance,15-Jul-2026,Urban Development Department||Directorate of Municipality Administration - UDD||Rangapara Municipal Board
2026_PWD_52483_1,CS/JTRD/SOPD-G/12/2026-27,"Improvement of Jagannath Mandir Path including repairing of existing Brick Drain at North Guwahati, under SOPD (G) for the year 2025-26.","Improvement of Jagannath Mandir Path including repairing of existing Brick Drain at North Guwahati, under SOPD (G) for the year 2025-26.",Works,Open Tender,Item Rate,Civil Works – Roads,No,No,NA ,22-May-2026 04:30 PM,NA ,180.0,No ,No,Online,30-May-2026 02:00 PM,Public Works Roads Department,North Guwahati,781030.0,2.0,"40,68,000",AMARJEET DEKA,"4,067,615.78",Rejected-AOC,28-Jul-2026,Public Works Roads Department
2025_PWBNH_47702_1,I/1261087/2025 Dated 25-09-2025,"Project Management Consultancy (PMC) services for the work Establishment of New Medical College and Hospital with GNM School and B.Sc Nursing School for 100 Admissions Annual intake at Darrang, Assam","Project Management Consultancy (PMC) services for the work Establishment of New Medical College and Hospital with GNM School and B.Sc Nursing School for 100 Admissions Annual intake at Darrang, Assam",Works,Open Tender,Item Rate,Civil Works - Building,No,No,NA ,26-Sep-2025 10:00 AM,07-Oct-2025 12:30 PM ,180.0,No ,No,Online,27-Oct-2025 03:30 PM,Public Works Building and NH Department||Chief Engineer-Building - PWBNH,Darrang,784125.0,2.0,"12,67,00,000",IRCLASS SYSTEMS AND SOLUTIONS PVT LTD,"52,316,000",Rejected-Technical,20-Jul-2026,Public Works Building and NH Department||Chief Engineer-Building - PWBNH
2026_ID_52520_1,ACE/CHDI/10/2025/23 dated 27/05/2026,Protection work at Kadabil FIS under SDMF for the year 2025-26,Protection work at Kadabil FIS under SDMF for the year 2025-26,Works,Open Tender,Works,Civil Works,No,No,NA ,27-May-2026 05:00 PM,NA ,180.0,No ,No,Online,12-Jun-2026 04:00 PM,Irrigation Department||Additional Chief Engineer cum CHD-Irrigation-BTC,Udalguri,784509.0,2.0,"2,29,84,328",ASHOK KUMAR BAJAJ,"22,984,326.72",Accepted-AOC,06-Jul-2026,Irrigation Department||Additional Chief Engineer cum CHD-Irrigation-BTC
2026_FD_50506_1,AF(S)182/RIDF/2024-25/pt/ dt.21/1/2026,Infrastructure for Fisheries Development Projects,112 Nos of Infrastructure for Fisheries Development Projects in 26 Districts of Assam under RIDF XXIX 2023 24 Package II Sivsagar Jorhat and Golaghat,Works,Open Tender,Works,Civil Works,No,No,NA ,23-Jan-2026 10:00 AM,NA ,180.0,No ,No,Online,12-Feb-2026 02:30 PM,Department of Fisheries||Directorate of Fisheries Assam,Assam,781016.0,2.0,"2,20,89,800",Dhiren Kalita,"12,007,538",Rejected-Finance,17-Jul-2026,Department of Fisheries||Directorate of Fisheries Assam
2025_PWD_49185_3,EE/DCLKT/NIT/SOPD-G/1/2025/5,"Construction of (i) Teloi Ganga Path (L 1.40 Km), (ii) 1 No and 2 No. Milijuli Path (L 0.45 Km), (iii) Tepujan Chaura Line Connecting Road (L 0.60 Km) by providing GWC and Cross Drainage works under SOPD-G for the year 2025-26","Construction of (i) Teloi Ganga Path (L 1.40 Km), (ii) 1 No and 2 No. Milijuli Path (L 0.45 Km), (iii) Tepujan Chaura Line Connecting Road (L 0.60 Km) by providing GWC and Cross Drainage works under SOPD-G for the year 2025-26",Works,Open Tender,Item Rate,Civil Works – Roads,No,No,NA ,21-Feb-2026 02:00 PM,NA ,180.0,No ,No,Online,26-Feb-2026 02:30 PM,Public Works Roads Department,Tingkhong,786612.0,2.0,"29,77,965",J. P. Construction,"2,975,242",Accepted-AOC,01-Jul-2026,Public Works Roads Department
2026_PNRD_51876_1,ASRLM/LM/6223/2025-26/58,Hiring of Technical Support Agency to develop Fishery Value Chain through the promotion of Producer Enterprise in Nagaon and Morigaon District of Assam under Mahila Kishan Sashaktikaran Pariyojana,Hiring of Technical Support Agency to develop Fishery Value Chain through the promotion of Producer Enterprise in Nagaon and Morigaon District of Assam under Mahila Kishan Sashaktikaran Pariyojana,Services,Open Tender,Lump-sum,Consultancy,No,No,NA ,11-Mar-2026 03:30 PM,20-Mar-2026 11:30 AM ,90.0,No ,No,Not Applicable,10-Apr-2026 03:30 PM,Principal Secretary- P and RD- Assam Secretariat||Assam State Rural Livelihoods Mission Society,Guwahati,781037.0,2.0,,KALONG-KAPILI(NGO),"9,967,000",Accepted-AOC,08-Jul-2026,Principal Secretary- P and RD- Assam Secretariat||Assam State Rural Livelihoods Mission Society
2024_BoTC_39450_1,DPRD/BTC/SOPD/Udl-11/2024/07,Const. and widening of road with heavy E/F and S/G from Bormukuli Medical sub-center to Jorapukhuri with 2 Slab Culverts under SOPD 2024-25.,DPRD/BTC/SOPD/Udl-11/2024/07,Works,Open Tender,Item Rate,Civil Works,No,No,NA ,30-Sep-2024 10:00 AM,NA ,180.0,No ,No,Online,19-Oct-2024 02:30 PM,Bodoland Territorial Council||Panchayat and Rural Development-BTC,Udalguri,784509.0,2.0,"20,19,802",Sri Danswrang Baglari,"2,019,801.71",Rejected-AOC,12-Nov-2024,Bodoland Territorial Council||Panchayat and Rural Development-BTC
2025_PWD_45926_71,CE/DEV/TB/60/2025-26/06 Dtd- 14.07.2025,"MMPPNA_RIDF_XXXI_25_26_349 Construction of road from (1) Nararbhita Pt-III PWD road to Rangapani Satra, (2) Campara CC Block PWD Road to E and D bundh via Ambari High School, (3) Kokila Bazar road to Iddgah and Creamation ground and (4) Kokila Nayapa","MMPPNA_RIDF_XXXI_25_26_349 Construction of road from (1) Nararbhita Pt-III PWD road to Rangapani Satra, (2) Campara CC Block PWD Road to E and D bundh via Ambari High School, (3) Kokila Bazar road to Iddgah and Creamation ground and (4) Kokila Nayapa",Works,Open Tender,Item Rate,Civil Works – Roads,No,No,NA ,30-Jul-2025 09:00 AM,04-Aug-2025 12:00 PM ,180.0,No ,No,Online,14-Aug-2025 02:30 PM,Public Works Roads Department,Srijangram,783384.0,2.0,"4,02,77,000",Kanchan Moni Barkalita,"40,275,000",Accepted-AOC,23-Jul-2026,Public Works Roads Department
2026_DoWR_49833_1,GOALPARA/2025-26/PDNA/WORK/II,Restoration of B/Dyke from Kharmuza to Nichinpur at Kaljani area ( In Between Ch.10.20 Km to 12.00 Km ) from flood damages of river Brahmaputra.,Restoration of B/Dyke from Kharmuza to Nichinpur at Kaljani area ( In Between Ch.10.20 Km to 12.00 Km ) from flood damages of river Brahmaputra.,Works,Open Tender,Works,Civil Works,No,No,NA ,01-Jan-2026 06:00 PM,NA ,180.0,No ,No,Online,13-Jan-2026 03:00 PM,Department of Water Resources||Chief Engineer - DoWR,Goalpara,783101.0,2.0,"97,83,739",MOSTAFIZUR RAHMAN,"9,783,714.78",Accepted-AOC,10-Jul-2026,Department of Water Resources||Chief Engineer - DoWR
2026_BTC_52701_1,ACE-106/PWD/IFB/PT-I/23-24/298,"Construction of 5 (Five) Nos. of GOs Quarters and Smart Fencing Boundary Wall in Police Reserve, Chirang, Kajalgaon, Assam. TN_12_01","Construction of 5 (Five) Nos. of GOs Quarters and Smart Fencing Boundary Wall in Police Reserve, Chirang, Kajalgaon, Assam. TN_12_01",Works,Open Tender,Item Rate,Civil Works - Building,No,No,NA ,09-Jun-2026 06:00 PM,NA ,180.0,No ,No,Online,29-Jun-2026 02:00 PM,Bodoland Territorial Council-PWD||Director Cum CHD - PWD BTC,Chirang,783390.0,2.0,"3,97,39,939",AMIO KUNGOR BASUMATARY,"39,737,871",Rejected-AOC,20-Jul-2026,Bodoland Territorial Council-PWD||Director Cum CHD - PWD BTC
2025_DoWR_49616_1,BARPETA/2025-26/PDNA/WORKS/I,Restoration of damaged of embankment in between ch. 38420 m to 40400 m of B/Dyke from Rowmari to Baghbar during flood of 2022.,Restoration of damaged of embankment in between ch. 38420 m to 40400 m of B/Dyke from Rowmari to Baghbar during flood of 2022.,Works,Open Tender,Works,Civil Works,No,No,NA ,24-Dec-2025 10:00 AM,NA ,180.0,No ,No,Online,06-Jan-2026 03:00 PM,Department of Water Resources||Chief Engineer - DoWR,Barpeta,781301.0,2.0,"1,39,38,977",Monjur Alam,"13,936,862.2",Rejected-AOC,11-Jul-2026,Department of Water Resources||Chief Engineer - DoWR
2026_SCD_50305_6,Tender/NIT/Pt-I/2025-26/7296,Erosion Protection at Nizlaguri Village under RIDF-XXXI,Erosion Protection at Nizlaguri Village under RIDF-XXXI,Works,Open Tender,Item Rate,Civil Works,No,No,NA ,17-Jan-2026 02:30 PM,22-Jan-2026 12:00 PM ,180.0,No ,No,Online,09-Feb-2026 03:00 PM,Soil Conservation Department||Director - SCD,Chirang Soil Conservation Division,783385.0,2.0,"44,78,730",ARJUN NARZARY,"3,877,960",Rejected-Finance,30-Jun-2026,Soil Conservation Department||Director - SCD
2026_AAU_52036_1,Urgent/2026/32458(H4) dated 14-03-26,"Repair and Renovation of Hostel No. 4 at AAU, Jorhat","Civil, W/s and sanitary and electrical works",Works,Open Tender,Percentage,Civil Works - Building,No,No,NA ,16-Mar-2026 09:00 AM,24-Mar-2026 11:30 AM ,180.0,No ,No,Online,06-Apr-2026 03:00 PM,Assam Agricultural University||Directorate of Physical Plants,"AAU, Jorhat",785013.0,2.0,"24,27,426",Amritakshya Dutta,"2,348,534",Rejected-AOC,16-Jul-2026,Assam Agricultural University||Directorate of Physical Plants
2021_HET_23377_1,NIT/E-TENDER/DTE-01/2021-22,SUPPLY OF STEEL AND WOODEN FURNITURE FOR MORIGAON CHIRANG UDALGURI TINSUKIA AND HAILAKANDI POLYTECHNIC,SUPPLY OF STEEL AND WOODEN FURNITURE FOR MORIGAON CHIRANG UDALGURI TINSUKIA AND HAILAKANDI POLYTECHNIC,Goods,Open Tender,Supply,Furniture/ Fixture,No,No,NA ,12-Nov-2021 04:00 PM,NA ,180.0,No ,No,Online,03-Dec-2021 02:30 PM,Higher Education (Technical) Department||Directorate of Technical education Assam,Directorate of Technical Education Assam,781019.0,2.0,,Brahmaputra Automobiles Pvt. Ltd,"9,955,510",Accepted-AOC,24-Jul-2026,Higher Education (Technical) Department||Directorate of Technical education Assam
2026_PWRDW_50946_6,111/Tenders/2023/Pt-II/33,Construction of Bridge in Biswanath district i) Br. No. 2/1 on Kamdewal to Lohitmukh Road,Construction of Bridge in Biswanath district i) Br. No. 2/1 on Kamdewal to Lohitmukh Road Package No. CE/EAP/ARRBP/OCB/Bridge-1/Biswanath/25,Works,Open Tender,Item Rate,Civil Works - Bridges,No,No,NA ,10-Feb-2026 12:00 PM,17-Feb-2026 11:00 AM ,180.0,No ,No,Online,05-Mar-2026 02:30 PM,Public Works Roads Department-Externally Aided Project||Public Works Road Department- World Bank Funded Tenders||PWD (R) - ARRBP,Biswanath,784176.0,2.0,,M/S NORTHERN GASES,"55,633,250",Accepted-AOC,20-Jul-2026,Public Works Roads Department-Externally Aided Project||Public Works Road Department- World Bank Funded Tenders||PWD (R) - ARRBP
2025_PWD_49145_3,EE/DCLKT/NIT/SOPD-G/1/2025/5,"Construction of (i) Na-Pather LP School (L 1.00 Km), (ii) Garali to Bipta ghat Connecting Road (L 1.00 Km) by providing GWC and Cross Drainage works under SOPD-G for the year 2025-26","Construction of (i) Na-Pather LP School (L 1.00 Km), (ii) Garali to Bipta ghat Connecting Road (L 1.00 Km) by providing GWC and Cross Drainage works under SOPD-G for the year 2025-26",Works,Open Tender,Item Rate,Civil Works – Roads,No,No,NA ,21-Feb-2026 02:00 PM,NA ,180.0,No ,No,Online,26-Feb-2026 02:30 PM,Public Works Roads Department,Tingkhong,786612.0,2.0,"23,90,760",RITU GOGOI,"2,388,757",Accepted-AOC,03-Jul-2026,Public Works Roads Department
2026_PHED_50816_1,IFB NO 43 OF 2025-26,Restrengthening of Sandha PWSS,Restrengthening of Sandha PWSS,Works,Open Tender,Works,Civil Works,No,No,NA ,06-Feb-2026 02:00 PM,NA ,180.0,No ,No,Online,02-Mar-2026 11:30 AM,Public Health Engineering Department||Chief Engineer PHE(P)-Assam-PHED||Lower Assam Zone-Guwahati-PHED||Nalbari Circle-Nalbari-PHED,Sandha PWSS,781337.0,2.0,"29,81,000",MB Enterprise,"2,981,000",Rejected-Finance,14-Mar-2026,Public Health Engineering Department||Chief Engineer PHE(P)-Assam-PHED||Lower Assam Zone-Guwahati-PHED||Nalbari Circle-Nalbari-PHED
2025_DoWR_49472_1,DHEMAJI/2025-26/SOPD-G/II,Strengthening of Gainadi R/B embankment both U/S and D/S of Rly. Package 2,Strengthening of Gainadi R/B embankment both U/S and D/S of Rly. Package 2,Works,Open Tender,Works,Civil Works,No,No,NA ,18-Dec-2025 06:55 PM,NA ,180.0,No ,No,Online,02-Jan-2026 03:00 PM,Department of Water Resources||Chief Engineer - DoWR,DHEMAJI,787057.0,2.0,"2,00,89,628",NAGENDRA BAGIRI,"20,089,320.72",Accepted-AOC,24-Jul-2026,Department of Water Resources||Chief Engineer - DoWR
2025_WPTBC_47671_1,SCDCTECHBILASHIPARA,New Construction of Double storied Academic Building at Bilasipara College in addition with Piling Works,New Construction of Double storied Academic Building at Bilasipara College in addition with Piling Works,Works,Open Tender,Item Rate,Civil Works,No,No,NA ,24-Sep-2025 04:00 PM,NA ,180.0,No ,No,Online,03-Oct-2025 04:00 PM,Welfare of Plain Tribes and Backward Classes||Directorate of Welfare of Scheduled Caste||Assam State Development Corporation for SC,"Dispur,Ghy",781006.0,2.0,"4,75,00,000",M/s Bhola Drugs and Surgicals,"47,500,000",Accepted-AOC,28-Jul-2026,Welfare of Plain Tribes and Backward Classes||Directorate of Welfare of Scheduled Caste||Assam State Development Corporation for SC
2025_PWD_45820_38,CE/STBR/SOPD-G/NIT/07/2025 26/1 Dated 26-06-2025,STBR/SOPD-G/Jalukbari-33/72 Construction of Agshia Barpara Link Road under SOPD-G for the year 2025-26,STBR/SOPD-G/Jalukbari-33/72 Construction of Agshia Barpara Link Road under SOPD-G for the year 2025-26,Works,Open Tender,Item Rate,Civil Works – Roads,No,No,NA ,23-Jul-2025 01:00 PM,30-Jul-2025 11:00 AM ,180.0,No ,No,Online,19-Aug-2025 11:00 AM,Public Works Roads Department,Jalukbari,781013.0,2.0,"5,99,000",SD ENTERPRISE,"599,000",Rejected-AOC,16-Jul-2026,Public Works Roads Department
2025_PWD_49201_3,EE/DCLKT/NIT/SOPD-G/1/2025/7,"(Group 4-Construction of 3 No Sonali Path (from Ch. 500.00m to Ch 1000.00m, L 0.500 Km) under Mukhya Mantrir Pakipath Nirman Achani (MMPPNA) under SOPD-G for the year 2025-26 )","(Group 4-Construction of 3 No Sonali Path (from Ch. 500.00m to Ch 1000.00m, L 0.500 Km) under Mukhya Mantrir Pakipath Nirman Achani (MMPPNA) under SOPD-G for the year 2025-26 )",Works,Open Tender,Item Rate,Civil Works – Roads,No,No,NA ,21-Feb-2026 02:00 PM,NA ,180.0,No ,No,Online,26-Feb-2026 02:30 PM,Public Works Roads Department,Tingkhong,786612.0,2.0,"46,49,000",DHRUBA JYOTI CHETIA,"4,648,929",Rejected-AOC,01-Jul-2026,Public Works Roads Department
2025_PWD_45827_24,CE/MAINT/SOPDG/01/2025-26/02,MAINT/SOPD-G/2025-26/34,"MAINT/SOPD-G/2025-26/34_1_Improvement of road from Geramari GP Office to 117 no. Jhaleralga Ayushman Arogya Mandir via Fazile more Bazar (Ch. From 0.00 m to 1500.00 m), 2_Improvement of Road from Fazile more Bazar to Baghmara J.B. School (Ch. 0.00",Works,Open Tender,Item Rate,Civil Works – Roads,No,No,NA ,23-Jul-2025 12:00 PM,24-Jul-2025 12:00 PM ,180.0,No ,No,Online,14-Aug-2025 11:00 AM,Public Works Roads Department,Dhubri,783301.0,2.0,"1,05,31,000",M/S Kusumbar Construction,"10,531,000",Accepted-AOC,02-Jul-2026,Public Works Roads Department
2026_PWRDW_50946_7,111/Tenders/2023/Pt-II/33,Construction of Bridge in Biswanath district i) Br. No. 1/1 on Khutikatiya Borthekerabari connecting road,Construction of Bridge in Biswanath district i) Br. No. 1/1 on Khutikatiya Borthekerabari connecting road Package No. CE/EAP/ARRBP/OCB/Bridge-1/Biswanath/26,Works,Open Tender,Item Rate,Civil Works - Bridges,No,No,NA ,10-Feb-2026 12:00 PM,17-Feb-2026 11:00 AM ,180.0,No ,No,Online,05-Mar-2026 02:30 PM,Public Works Roads Department-Externally Aided Project||Public Works Road Department- World Bank Funded Tenders||PWD (R) - ARRBP,Biswanath,784176.0,2.0,,Choudhury Enterprise,"29,516,762",Accepted-AOC,20-Jul-2026,Public Works Roads Department-Externally Aided Project||Public Works Road Department- World Bank Funded Tenders||PWD (R) - ARRBP
2026_PWD_50168_8,BSPTRD/TECH/PDNA/168/2025-26,BSPTRD/PDNA/2025-26/8,"Recovery and Reconstruction of Bashbari Road to Manas Road via Gobardhana Development Block, Ghoshpara, DashBandhupara and Boro Medium High School Road under NDRF (PDNA-2022) for the year 2025-26.",Works,Open Tender,Item Rate,Civil Works – Roads,No,No,NA ,13-Jan-2026 10:00 AM,NA ,180.0,No ,No,Online,02-Feb-2026 02:00 PM,Public Works Roads Department,Barpeta Road,781315.0,2.0,"20,00,000",JINTU DAS,"1,580,001.02",Accepted-AOC,17-Jul-2026,Public Works Roads Department
2026_PWBNH_49820_1,EE/MDTBD/Kuthuribagisa,Construction of Cultural Hall at Kuthuri Bagisa Village,Construction of Cultural Hall at Kuthuri Bagisa Village,Works,Open Tender,Item Wise,Civil Works - Building,No,No,NA ,02-Jan-2026 06:00 PM,08-Jan-2026 12:00 PM ,180.0,No ,No,Online,23-Jan-2026 11:30 AM,Public Works Building and NH Department||Chief Engineer-Building - PWBNH||SE - Nagaon Building Circle PWBNH||Morigaon District Territorial Building Division,"Kuthuri Bagisa Village,Morigaon District",782105.0,2.0,"23,80,951",ABINASH KALITA,"2,380,851",Accepted-AOC,15-Jul-2026,Public Works Building and NH Department||Chief Engineer-Building - PWBNH||SE - Nagaon Building Circle PWBNH||Morigaon District Territorial Building Division
2026_PWD_51670_1,CE/DEV/TB/60/2025-26/81 Dtd- 27.02.2026,"MMPPNA_RIDF_XXXI_25_26_402 Improvement of Road from (1) Engleng Arong (Langminso) to proposed Eklavya Vidyalaya, (2)27th KM Of BKK Road to Rongmirdan Ronghang Gaon Via Rongpangbong Under Mukhya Mantir Pakipath Nirman Achani (MMPPNA) Under SOPD-G for","MMPPNA_RIDF_XXXI_25_26_402 Improvement of Road from (1) Engleng Arong (Langminso) to proposed Eklavya Vidyalaya, (2)27th KM Of BKK Road to Rongmirdan Ronghang Gaon Via Rongpangbong Under Mukhya Mantir Pakipath Nirman Achani (MMPPNA) Under SOPD-G for",Works,Open Tender,Item Rate,Civil Works – Roads,No,No,NA ,05-Mar-2026 01:00 PM,06-Mar-2026 02:00 PM ,180.0,No ,No,Online,12-Mar-2026 02:30 PM,Public Works Roads Department,West Karbi Anglong,782480.0,2.0,"5,06,17,000",MANEEM TERONPI,"50,617,000",Accepted-AOC,02-Jul-2026,Public Works Roads Department
2026_FD_51133_1,AF(S)105PMMSY2024-25 6420-24 12/2/2026,Construction of State of Art Smart Modern Wholesale Fish Market at Cachar,"Construction of State of Art Smart Modern Wholesale Fish Market including AI Features in Cachar District, Assam under Pradhan Mantri Matsya Sampada Yojna",Works,Open Tender,Works,Civil Works,No,No,NA ,13-Feb-2026 03:00 PM,20-Feb-2026 01:00 PM ,180.0,No ,No,Online,05-Mar-2026 02:30 PM,Department of Fisheries||Directorate of Fisheries Assam,Cachar,781016.0,2.0,"22,91,66,150",Ganesh Daimary,"229,161,395.34",Rejected-Finance,30-Jul-2026,Department of Fisheries||Directorate of Fisheries Assam
2026_SCD_50305_7,Tender/NIT/Pt-I/2025-26/7296,"Water Distribution with RCC Canal, Dong Bima at Talitbari Village under RIDF-XXXI","Water Distribution with RCC Canal, Dong Bima at Talitbari Village under RIDF-XXXI",Works,Open Tender,Item Rate,Civil Works,No,No,NA ,17-Jan-2026 02:35 PM,22-Jan-2026 12:00 PM ,180.0,No ,No,Online,09-Feb-2026 03:00 PM,Soil Conservation Department||Director - SCD,Chirang Soil Conservation Division,783385.0,2.0,"34,83,375",MANOJ NARZARY,"3,100,203",Accepted-AOC,14-Jul-2026,Soil Conservation Department||Director - SCD
2026_WPTBC_52150_1,PTDC/Engg/2026-27/547,Infrastructure Development at Panidihing Senior Secondary School under Demow LAC in Sivsagar District,Infrastructure Development at Panidihing Senior Secondary School under Demow LAC in Sivsagar District,Works,Open Tender,Item Rate,Civil Works,No,No,NA ,20-Mar-2026 03:00 PM,23-Mar-2026 02:00 PM ,180.0,No ,No,Online,10-Apr-2026 02:30 PM,Welfare of Plain Tribes and Backward Classes||Director - WPT and BC||Assam Plains Tribes Development Corporation Ltd.,Sivsagar,785640.0,2.0,"25,00,000",MODAN MOHAN DEORI,"2,250,000",Rejected-Technical,08-Jul-2026,Welfare of Plain Tribes and Backward Classes||Director - WPT and BC||Assam Plains Tribes Development Corporation Ltd.
2025_PWD_48888_15,EAP/ARRBP eCF No. 720769/5,Charaideo/8 Construction of Bridge in Charaideo District i) Br No. 3/1 on Namtola Tiniali to Achin Bill Road,Construction of Bridge in Charaideo District i) Br No. 3/1 on Namtola Tiniali to Achin Bill Road,Works,Open Tender,Item Rate,Civil Works - Bridges,No,No,NA ,01-Dec-2025 09:00 AM,08-Dec-2025 11:00 AM ,90.0,No ,No,Online,15-Dec-2025 02:30 PM,Public Works Roads Department,Charaideo District,785690.0,2.0,"2,21,70,000",Prosanta Boruah,"21,049,995.07",Rejected-Finance,21-Jul-2026,Public Works Roads Department
2026_PWBNH_51481_1,CS/288/2025-26/868,"Refurbishment of the Directorate of Tea, Assam to be implemented by the Directorate of Tea, Assam during the year 2025-2026","Refurbishment of the Directorate of Tea, Assam to be implemented by the Directorate of Tea, Assam during the year 2025-2026",Works,Open Tender,Item Rate,Civil Works - Building,No,No,NA ,24-Feb-2026 03:00 PM,04-Mar-2026 12:00 PM ,180.0,No ,No,Online,16-Mar-2026 03:00 PM,Public Works Building and NH Department||Chief Engineer-Building - PWBNH||SE-Guwahati Circle-1 - PWBNH||EE- PCC Division-Dispur - PWBNH,Dispur,781006.0,2.0,"53,51,601",Balen Roy Medhi,"5,410,713",Accepted-AOC,22-Jul-2026,Public Works Building and NH Department||Chief Engineer-Building - PWBNH||SE-Guwahati Circle-1 - PWBNH||EE- PCC Division-Dispur - PWBNH
2025_ICD_49397_1,DNPL/PC/2025/CRS/FITT/73/25,PROCUREMENT OF FLANGES AND FITTINGS,PROCUREMENT OF FLANGES AND FITTINGS FOR DEVELOPMENT OF CONDENSATE REMOVAL SYSTEM (DEHYDRATION SYSTEM) AND THE ASSOCIATED FACILITIES,Goods,Open Tender,Supply,Mechanical Engg Items,No,No,NA ,16-Dec-2025 02:15 PM,22-Dec-2025 03:00 PM ,180.0,No ,No,Online,20-Jan-2026 11:00 AM,Industries and Commerce Department||DNP Limited,Duliajan,786602.0,2.0,,AMFORGE PIPEFITTING INDUSTRIES,"5,986,833.6",Rejected-Technical,22-Jul-2026,Industries and Commerce Department||DNP Limited
2025_PWD_49178_2,EE/DCLKT/NIT/SOPD-G/1/2025/5,"Construction of (i) Lezai Kolakhowa Road to Lezai Namghar Path (L 0.450 Km), (ii) Baruah Gaon Tiniali To 1 No. Panigaon Path (L 1.60 Km) by providing Gravel Wearing Course (GWC) under SOPD-G for the year 2025-26","Construction of (i) Lezai Kolakhowa Road to Lezai Namghar Path (L 0.450 Km), (ii) Baruah Gaon Tiniali To 1 No. Panigaon Path (L 1.60 Km) by providing Gravel Wearing Course (GWC) under SOPD-G for the year 2025-26",Works,Open Tender,Item Rate,Civil Works – Roads,No,No,NA ,28-Jan-2026 02:00 PM,NA ,180.0,No ,No,Online,07-Feb-2026 02:30 PM,Public Works Roads Department,Khowang,785676.0,2.0,"22,86,000",GAUTAM BORUAH,"2,282,822",Rejected-AOC,18-Jul-2026,Public Works Roads Department
2024_BoTC_38904_1,DPRD/BTC/(15th FC)UT/VI/Udl-04/2024/07,Const of road with EF and SG from 3 No. Saglijhar to Srilanka along with 3 Nos. HPC under 15th FC Untied Grant for the year 2023-24 during 2024-25.,DPRD/BTC/(15th FC)UT/VI/Udl-04/2024/07,Works,Open Tender,Item Rate,Civil Works,No,No,NA ,09-Sep-2024 10:30 AM,NA ,180.0,No ,No,Online,01-Oct-2024 02:30 PM,Bodoland Territorial Council||Panchayat and Rural Development-BTC,Udalguri,784509.0,2.0,"27,75,469",Sri Danswrang Baglari,"2,775,469.22",Rejected-AOC,06-Nov-2024,Bodoland Territorial Council||Panchayat and Rural Development-BTC
2025_DoWR_49806_1,ACE (Mech) WR/G-17/ 2025/452,"Dredging works along the River Brahmaputra at Kashohilla, Mayong with the help of hired IWAI Cutter Suction Dredger / Departmental Cutter Suction Dredger and fleet of machineries.","Dredging works along the River Brahmaputra at Kashohilla, Mayong with the help of hired IWAI Cutter Suction Dredger / Departmental Cutter Suction Dredger and fleet of machineries.",Works,Open Tender,Works,Civil Works,No,No,NA ,31-Dec-2025 06:00 PM,NA ,180.0,No ,No,Online,06-Jan-2026 03:00 PM,Department of Water Resources||Chief Engineer - DoWR,Morigaon,782105.0,2.0,"2,07,05,283",SRI HITESH KALITA,"5,179,500",Accepted-AOC,06-Jul-2026,Department of Water Resources||Chief Engineer - DoWR
2025_PWD_45926_99,CE/DEV/TB/60/2025-26/06 Dtd- 14.07.2025,"MMPPNA_RIDF_XXXI_25_26_299 Construction of Road from (1) Bapakhat KB Road to Gharmara Satra via Lechai Samani, DK Road, (2) Na Pamua to Jorhatia, (3) Japisajia to Sarulahan connecting road via Telia, Padumoni Khat Gaon, (4) Jengrai Singimari to Bamo","MMPPNA_RIDF_XXXI_25_26_299 Construction of Road from (1) Bapakhat KB Road to Gharmara Satra via Lechai Samani, DK Road, (2) Na Pamua to Jorhatia, (3) Japisajia to Sarulahan connecting road via Telia, Padumoni Khat Gaon, (4) Jengrai Singimari to Bamo",Works,Open Tender,Item Rate,Civil Works – Roads,No,No,NA ,30-Jul-2025 06:00 PM,04-Aug-2025 12:00 PM ,180.0,No ,No,Online,14-Aug-2025 02:30 PM,Public Works Roads Department,Naoboicha,787023.0,2.0,"4,18,69,000",Hriday Ranjan Saikia,"41,869,000",Rejected-Finance,14-Jul-2026,Public Works Roads Department
2025_PWD_45926_153,CE/DEV/TB/60/2025-26/06 Dtd- 14.07.2025,"MMPPNA_RIDF_XXXI_25_26_345 Construction of (1) Balibat Namghar Road (From Ch. 0.00M to Ch. 1185.00M, L- 1.185 Km), (2) Road from Bogoritol to Nahor Ali Via Mridongpara Connecting Road (From Ch. 0.00M to Ch. 1590.00M, L- 1.590 Km) (3) Rohan Bortol Roa","MMPPNA_RIDF_XXXI_25_26_345 Construction of (1) Balibat Namghar Road (From Ch. 0.00M to Ch. 1185.00M, L- 1.185 Km), (2) Road from Bogoritol to Nahor Ali Via Mridongpara Connecting Road (From Ch. 0.00M to Ch. 1590.00M, L- 1.590 Km) (3) Rohan Bortol Roa",Works,Open Tender,Item Rate,Civil Works – Roads,No,No,NA ,01-Aug-2025 06:00 PM,04-Aug-2025 12:00 PM ,180.0,No ,No,Online,14-Aug-2025 02:30 PM,Public Works Roads Department,Sonari,785112.0,2.0,"2,80,17,000",JIBAN GOGOI,"28,015,300",Accepted-AOC,31-Jul-2026,Public Works Roads Department
2026_HFWD_52747_1,NagaonMC/38B/2026/9435,Annual Rate Contract for Supply of Stationery Items at Nagaon Medical College,Annual Rate Contract for Supply of Stationery Items at Nagaon Medical College,Goods,Open Tender,Item Wise,Stationery,No,No,NA ,13-Jun-2026 09:00 AM,NA ,90.0,No ,No,Online,29-Jun-2026 02:00 PM,Health and Family Welfare Department||Directorate of Medical Education-HFWD||Nagaon Medical College and Hospital-HFWD,Nagaon Medical College,782003.0,2.0,"15,00,000",Raj Enterprise,"32,266",Accepted-AOC,09-Jul-2026,Health and Family Welfare Department||Directorate of Medical Education-HFWD||Nagaon Medical College and Hospital-HFWD
2025_PWD_49203_2,EE/DCLKT/NIT/SOPD-G/1/2025/7,(Group 5- Construction of NH-37 to Moran Commerce College Connecting road (L 0.500 Km)) under Mukhya Mantrir Pakipath Nirman Achani (MMPPNA) under SOPD-G for the year 2025-26,"Construction of (i) Kushal Nagar Bye Lane-2 (L 0.100 Km), (ii) NH-37 to Moran Public High School Approach Road (L 0.120 Km), (iii) 2 No. Sonali Path (L 0.500 Km), (iv) 3 No. Sonali Path (L 1.00 Km), (v) NH-37 to Moran Commerce College Connecting Road",Works,Open Tender,Item Rate,Civil Works – Roads,No,No,NA ,28-Jan-2026 02:00 PM,NA ,180.0,No ,No,Online,07-Feb-2026 02:30 PM,Public Works Roads Department,Tingkhong,786612.0,2.0,"40,17,000",GAUTAM BORUAH,"4,016,980",Accepted-AOC,16-Jul-2026,Public Works Roads Department
2025_UDD_48973_1,TMB/TECH/15TH FC(1st INSTL)/Tied Grant/2219,O and M of Existing Sets of Mini Desilting Machine for a period of 1 Year,O and M of Existing Sets of Mini Desilting Machine for a period of 1 Year,Services,Open Tender,Item Rate,Miscellaneous Services,No,No,NA ,01-Dec-2025 06:00 PM,08-Dec-2025 02:00 PM ,180.0,No ,No,Online,16-Dec-2025 11:00 AM,Urban Development Department||Directorate of Municipality Administration - UDD||Tinsukia Municipal Board,TINSUKIA MUNICIPAL BOARD,786125.0,2.0,,Manan Enterprises,"10,746,000",Accepted-AOC,16-Jul-2026,Urban Development Department||Directorate of Municipality Administration - UDD||Tinsukia Municipal Board
2026_AEGCL_51272_1,AEGCL/MD/Tech-1209/33kV Bongaigaon Medical College/BID,"Turnkey Construction of 01 (one) no. of 33kV Feeder Bay for Bongaigaon Medical College at 132kV Dhaligaon GSS, AEGCL.","Turnkey Construction of 01 (one) no. of 33kV Feeder Bay for Bongaigaon Medical College at 132kV Dhaligaon GSS, AEGCL.",Works,Open Tender,Turn-key,Electrical Works,No,No,NA ,18-Feb-2026 09:00 AM,NA ,180.0,No ,No,Online,27-Mar-2026 02:00 PM,Assam Electricity Grid Corporation Ltd||CGM (T and T),132kV Dhaligaon GSS,783385.0,2.0,,P & S CONSTRUCTION,"14,383,300",Rejected-Finance,03-Jul-2026,Assam Electricity Grid Corporation Ltd||CGM (T and T)
2026_PWRDW_50199_4,eCF No. 743008/1,Bridge1/Kokrajhar/22 R.C.C Br on Pakritol Kashibari road,CE/EAP/ARRBP/OCB/Bridge1/Kokrajhar/22 R.C.C Br on Pakritol Kashibari road,Works,Open Tender,Item Rate,Civil Works - Building,No,No,NA ,13-Jan-2026 02:15 PM,22-Jan-2026 11:00 AM ,180.0,No ,No,Online,03-Feb-2026 02:30 PM,Public Works Roads Department-Externally Aided Project||Public Works Road Department- World Bank Funded Tenders||Assam State Bridge Infrastructure Program,Kokrajhar district,783370.0,2.0,"2,66,26,000",RAJU CHANDRA BASUMATARY,"27,950,000",Accepted-AOC,20-Jul-2026,Public Works Roads Department-Externally Aided Project||Public Works Road Department- World Bank Funded Tenders||Assam State Bridge Infrastructure Program
2025_PWBNH_46211_1,CE/TB-III(B)/88/2025/4 Dated Guwahati the 29th July 2025,"Construction of Construction of New Circuit House at Udalguri, Assam, on Engineering, Procurement and Construction (EPC) Mode-1","Construction of Construction of New Circuit House at Udalguri, Assam, on Engineering, Procurement and Construction (EPC) Mode-1",Works,Open Tender,Item Rate,Civil Works - Building,No,No,NA ,06-Aug-2025 06:55 PM,07-Aug-2025 11:00 AM ,180.0,No ,No,Online,22-Aug-2025 03:00 PM,Public Works Building and NH Department||Chief Engineer-Building - PWBNH,Udalguri,784509.0,2.0,"13,06,45,580",M/s Allied Construction,"144,475,577",Accepted-AOC,10-Jul-2026,Public Works Building and NH Department||Chief Engineer-Building - PWBNH
2026_BTC_52607_1,No.ACE-133/PWD/G.79/2025-26/82,"Repairing and renovation of Baikhung Satipur ME School under No.15 Kajalgaon Constituency, District Chirang under Grant No.79.","Repairing and renovation of Baikhung Satipur ME School under No.15 Kajalgaon Constituency, District Chirang under Grant No.79.",Works,Open Tender,Item Rate,Civil Works - Building,No,No,NA ,04-Jun-2026 10:00 AM,NA ,180.0,No ,No,Online,24-Jun-2026 02:00 PM,Bodoland Territorial Council-PWD||Director Cum CHD - PWD BTC,Kokrajhar,783370.0,2.0,"59,95,739",Jamidar Narzary,"5,995,029",Rejected-AOC,02-Jul-2026,Bodoland Territorial Council-PWD||Director Cum CHD - PWD BTC
2026_KAAC_50677_1,No.ACEH/CS/AAP/82/2025-26/,Construction of Kaliyoni Buddhist Monastery road including retaining wall and Protection Work under AAP (KAAC) under Barpathar Road Division,Construction of Kaliyoni Buddhist Monastery road including retaining wall and Protection Work under AAP (KAAC) under Barpathar Road Division,Works,Open Tender,Item Rate,Civil Works – Roads,No,No,NA ,31-Jan-2026 03:00 PM,03-Feb-2026 02:00 PM ,180.0,No ,No,Online,23-Feb-2026 03:00 PM,Karbi Anglong Autonomous Council||PWD||Addl. Chief Engineer Diphu,Barpathar,785602.0,2.0,"2,00,76,147",Highland Engineering,"20,061,672",Accepted-AOC,28-Jul-2026,Karbi Anglong Autonomous Council||PWD||Addl. Chief Engineer Diphu
2024_BoTC_39006_1,DPRD/BTC/(15th FC)UT/VI/Udl-08/2024/07,Const of road with EF and SG from No.3 Sagalijhar to Bormukali Pucca road near Prem Store with 2 Nos HPC under 15th FC Untied Grant for the year 2023-24 during 2024-25.,DPRD/BTC/(15th FC)UT/VI/Udl-08/2024/07,Works,Open Tender,Item Rate,Civil Works,No,No,NA ,14-Sep-2024 10:30 AM,NA ,180.0,No ,No,Online,07-Oct-2024 02:30 PM,Bodoland Territorial Council||Panchayat and Rural Development-BTC,Udalguri,784509.0,2.0,"33,70,274",Sri Danswrang Baglari,"3,370,273.91",Rejected-AOC,06-Nov-2024,Bodoland Territorial Council||Panchayat and Rural Development-BTC
2025_DoWR_48167_2,SIVASAGAR/2025-26/NDMF/I,Flood management by Capacity Augmentation of Fekalai Wetland area for flood regulation.,Flood management by Capacity Augmentation of Fekalai Wetland area for flood regulation.,Works,Open Tender,Works,Civil Works,No,No,NA ,13-Mar-2026 06:55 PM,NA ,180.0,No ,No,Online,16-Mar-2026 03:00 PM,Department of Water Resources||Chief Engineer - DoWR,"Fekalai Wetland, Sivasagar",785667.0,2.0,"32,15,38,748",SANJIB BORUAH,"321,537,728.2",Rejected-AOC,11-Jul-2026,Department of Water Resources||Chief Engineer - DoWR
2026_PWBNH_51915_1,"Tech-I(H_E)/06/2026/5 Dated Guwahati the 10th March, 2026","Construction of Boundary Walls at Govt. Model Degree College at Deithor, Karbi Anglong","Construction of Boundary Walls at Govt. Model Degree College at Deithor, Karbi Anglong",Works,Open Tender,Item Rate,Civil Works - Building,No,No,NA ,12-Mar-2026 03:30 PM,16-Mar-2026 11:30 AM ,180.0,No ,No,Online,23-Mar-2026 03:30 PM,Public Works Building and NH Department||Chief Engineer-Building - PWBNH,Deithor,782480.0,2.0,"2,97,36,000",DHANUKA CONSTRUCTION,"26,316,300",Accepted-AOC,10-Jul-2026,Public Works Building and NH Department||Chief Engineer-Building - PWBNH
2026_PWRDW_50089_11,eCF No. 743008/1,Bridge1/Barpeta/32 R.C.C Br on Mohanbazar Kayakuchi Gaon Road,CE/EAP/ARRBP/OCB/Bridge1/Barpeta/32 R.C.C Br on Mohanbazar Kayakuchi Gaon Road,Works,Open Tender,Item Rate,Civil Works - Bridges,No,No,NA ,17-Jan-2026 01:50 PM,19-Jan-2026 11:00 AM ,180.0,No ,No,Online,22-Jan-2026 02:30 PM,Public Works Roads Department-Externally Aided Project||Public Works Road Department- World Bank Funded Tenders||Assam State Bridge Infrastructure Program,Barpeta District,781301.0,2.0,"3,78,00,800",FAYZAL HOQUE,"35,494,951",Rejected-Finance,20-Jul-2026,Public Works Roads Department-Externally Aided Project||Public Works Road Department- World Bank Funded Tenders||Assam State Bridge Infrastructure Program
2026_DoWR_51041_1,SILCHAR MECH/2025-26/SOPD G/IISILCHAR MECH/2025-26/SOPD G/II,Immediate measures for repairing of most vulnerable sluice gate under Barak Valley for the year 2025-26.,Immediate measures for repairing of most vulnerable sluice gate under Barak Valley for the year 2025-26.,Works,Open Tender,Works,Civil Works,No,No,NA ,10-Feb-2026 06:55 PM,NA ,180.0,No ,No,Online,19-Feb-2026 03:00 PM,Department of Water Resources||Chief Engineer - DoWR,Silchar,788001.0,2.0,"2,34,83,172",NURUL ISLAM LASKAR,"23,480,000",Rejected-AOC,13-Jul-2026,Department of Water Resources||Chief Engineer - DoWR
2026_PWBNH_52164_1,CE/TB-II (H_E)/49/2023/Pt/3 Dated 13.03.2026,Construction of boundary wall on the extended allocated land of NIPER Guwahati Campus (2 nos. of sections) for the year 2025-26,Construction of boundary wall on the extended allocated land of NIPER Guwahati Campus (2 nos. of sections) for the year 2025-26,Works,Open Tender,Item Rate,Civil Works - Building,No,No,NA ,25-Mar-2026 05:00 PM,02-Apr-2026 11:00 AM ,180.0,No ,No,Online,20-Apr-2026 03:30 PM,Public Works Building and NH Department||Chief Engineer-Building - PWBNH,Guwahati,781101.0,2.0,"1,80,42,993",MS ZS CONSTRUCTION,"15,336,544",Rejected-Technical,06-Jul-2026,Public Works Building and NH Department||Chief Engineer-Building - PWBNH
2025_PWD_48863_1,SNSTRD/T-2/SOPD-G/ET (AR)/2025-26/04,SNSTRD_SOPD_G_ET(A)_25_26_01 (1) Re-construction of Bagargool to Nischintapur(Ch-3637.00m to Ch-4900.00m) (2) Construction of Road Starting from Sakaity beel to EandD dyke of Jagannathpur S.C Village (3) Construction of Road from Katigorah Harinagar,SNSTRD_SOPD_G_ET(A)_25_26_01 (1) Re-construction of Bagargool to Nischintapur(Ch-3637.00m to Ch-4900.00m) (2) Construction of Road Starting from Sakaity beel to EandD dyke of Jagannathpur S.C Village (3) Construction of Road from Katigorah Harinagar,Works,Open Tender,Item Rate,Civil Works,No,No,NA ,27-Nov-2025 02:00 PM,28-Nov-2025 02:00 PM ,180.0,No ,No,Online,08-Dec-2025 03:00 PM,Public Works Roads Department,Sribhumi,788710.0,2.0,"1,53,67,999",DEBAKAR KAPALI,"15,367,978",Accepted-AOC,22-Jul-2026,Public Works Roads Department
2025_PWD_47085_46,CE/DEV/TB/60/2025-26/15 Dtd- 06.08.2025,"MMPPNA_RIDF_XXXI_25_26_479 Improvement of (i) L.K. road to L.K. road at Ishabeel Jungle line via Somshanghat, (ii) Longai Te zero mile ton Chipacherra Chakma basti at Ward no-06, (iii) P.K. road to Khilorbond under Mukhya Mantrir Paki Path Nirman Ach","MMPPNA_RIDF_XXXI_25_26_479 Improvement of (i) L.K. road to L.K. road at Ishabeel Jungle line via Somshanghat, (ii) Longai Te zero mile ton Chipacherra Chakma basti at Ward no-06, (iii) P.K. road to Khilorbond under Mukhya Mantrir Paki Path Nirman Ach",Works,Open Tender,Item Rate,Civil Works – Roads,No,No,NA ,02-Sep-2025 06:00 PM,04-Sep-2025 12:00 PM ,180.0,No ,No,Online,13-Oct-2025 02:30 PM,Public Works Roads Department,Patharkandi,788724.0,2.0,"4,32,88,000",Nilu Paul,"43,288,000",Rejected-Finance,07-Jul-2026,Public Works Roads Department
2025_PWD_45827_7,CE/MAINT/SOPDG/01/2025-26/02,MAINT/SOPD-G/2025-26/17,MAINT/SOPD-G/2025-26/17_Constructiont of SPT Bridge No.4/1 on Suapata Pt-IV to Suapata Pt-V Road at Ch. 3200.00 m and Improvement of Road from Suapata-Pt-IV to Suapata Pt-V (from Ch. 1000.00m to Ch.5200.00m) under GWC under SOPD _G for the year 2025-,Works,Open Tender,Item Rate,Civil Works – Roads,No,No,NA ,22-Jul-2025 12:00 PM,24-Jul-2025 12:00 PM ,180.0,No ,No,Online,14-Aug-2025 11:00 AM,Public Works Roads Department,Dhubri,783301.0,2.0,"1,33,29,000",M/S Kusumbar Construction,"13,328,000",Accepted-AOC,02-Jul-2026,Public Works Roads Department
2025_PWD_48888_16,EAP/ARRBP eCF No. 720769/5,Jorhat/14 Construction of Bridge Jorhat District Br on Assam Nagaland Border Road,Construction of Bridge Jorhat District Br on Assam Nagaland Border Road,Works,Open Tender,Item Rate,Civil Works - Bridges,No,No,NA ,01-Dec-2025 09:00 AM,08-Dec-2025 11:00 AM ,90.0,No ,No,Online,15-Dec-2025 02:30 PM,Public Works Roads Department,Jorhat District,785636.0,2.0,"2,21,72,000",Sri Moniram Sahu,"20,027,938.41",Rejected-Finance,28-Jul-2026,Public Works Roads Department
2026_SCD_51609_4,Tender/NIT/Pt-II/2025-26/8387,Anti-Erosion Measures and River Bank Protection work in Gelabill River under SDMF,Anti-Erosion Measures and River Bank Protection work in Gelabill River under SDMF,Works,Open Tender,Item Rate,Civil Works,No,No,NA ,02-Mar-2026 01:00 PM,07-Mar-2026 01:00 PM ,180.0,No ,No,Online,16-Mar-2026 03:00 PM,Soil Conservation Department||Director - SCD,Golaghat S. C. Division,785702.0,2.0,"5,03,68,000",PRAJIB DUTTA,"50,367,000",Accepted-AOC,30-Jun-2026,Soil Conservation Department||Director - SCD
2026_PCB_52424_1,TECH-13011/2/2025-CCA-PCBA/533 dated 19-05-2026,"Re-EOI for Carbon Sequestration Plan by planting trees through Modified AKIRA MIYAWAKI method at 20.9 hectare of land owned by First Party, Indian Oil Corporation Ltd. (Assam Oil Division), Digboi at Digboi in Tinsukia District, Assam","Re-EOI for Carbon Sequestration Plan by planting trees through Modified AKIRA MIYAWAKI method at 20.9 hectare of land owned by First Party, Indian Oil Corporation Ltd. (Assam Oil Division), Digboi at Digboi in Tinsukia District, Assam",Works,Open Tender,EOI,Agricultural or Forestry,No,No,NA ,19-May-2026 06:00 PM,NA ,180.0,No ,No,Online,29-May-2026 03:00 PM,Pollution Control Board,Please refer Tender Documents.,786171.0,2.0,,A TO Z NURSERY,"26,020,500",Not Admitted-Finance,03-Jul-2026,Pollution Control Board
2026_PWD_50432_1,BMCTRD/NDRF/2025-26/BAR-07,BMCTRD/NDRF/2025-26/BAR-07,Reconstruction and Recovery of Hathinapur to Rajakhat Barsimla via Kawaimari road under NDRF(PDNA-2022) for the year 2025-26,Works,Open Tender,Item Rate,Civil Works – Roads,No,No,NA ,21-Jan-2026 11:00 AM,NA ,180.0,No ,No,Online,03-Feb-2026 11:00 AM,Public Works Roads Department,Barpeta District,781301.0,2.0,"41,94,000",DEEPAK CHAHARIA,"3,439,080",Rejected-AOC,30-Jul-2026,Public Works Roads Department
2026_AAU_52040_1,Urgent/2026/32458(H9) dated 14-03-26,"Repair and Renovation of Hostel No. 9 at AAU, Jorhat","Civil, W/s and sanitary and electrical works",Works,Open Tender,Percentage,Civil Works - Building,No,No,NA ,16-Mar-2026 09:00 AM,24-Mar-2026 11:30 AM ,180.0,No ,No,Online,06-Apr-2026 03:00 PM,Assam Agricultural University||Directorate of Physical Plants,"AAU, Jorhat",785013.0,2.0,"48,54,727",Arpon Jyoti Neog,"4,659,081",Rejected-AOC,16-Jul-2026,Assam Agricultural University||Directorate of Physical Plants
2025_DoWR_49391_1,KAMRUP METRO/2025-26/FFM/XXIX,Procurement of flood fighting materials ( Geo-textile sheets and Geo-textile Tubes) for Water Resources Department for the year 2025-26 (Zone-A).,Procurement of flood fighting materials ( Geo-textile sheets and Geo-textile Tubes) for Water Resources Department for the year 2025-26 (Zone-A).,Goods,Open Tender,Supply,Supply of Materials,No,No,NA ,16-Dec-2025 12:00 PM,NA ,180.0,No ,No,Online,31-Dec-2025 03:00 PM,Department of Water Resources||Chief Engineer - DoWR,KAMRUP METRO,781029.0,2.0,"1,32,64,856",NORTH EAST ENTERPRISE,"13,242,356",Rejected-AOC,16-Jul-2026,Department of Water Resources||Chief Engineer - DoWR
2025_ICD_48729_1,692802/53,"Construction of Water Supply network with Overhead tank at IE Rangjuli, Dist- Goalpara, Assam","Construction of Water Supply network with Overhead tank at IE Rangjuli, Dist- Goalpara, Assam",Works,Open Tender,Item Wise,Civil Works,No,No,NA ,20-Nov-2025 11:00 AM,NA ,180.0,No ,No,Online,10-Dec-2025 04:00 PM,Industries and Commerce Department||Assam Industrial Development Corporation Ltd - ICD,"Geua, Rangjuli, Assam",783130.0,2.0,"95,98,424",Dochania and Company Private Limited,"7,328,396.73",Not Admitted-Fee/PreQual/Technical,14-Jul-2026,Industries and Commerce Department||Assam Industrial Development Corporation Ltd - ICD
2025_SEEDE_49431_1,GS02/ASU/TEC/069,Equipment for Electronic Device and Circuit Lab and VLSI Lab,Equipment for Electronic Device and Circuit Lab and VLSI Lab,Goods,Open Tender,Item Rate,Electronics Equipment,No,No,NA ,18-Dec-2025 12:00 PM,24-Dec-2025 12:30 PM ,150.0,No ,No,Online,05-Feb-2026 03:00 PM,Skill Employment and Entrepreneurship Department- Externally Aided Project||Assam Skill University Project- ADB Funded Tenders,Mangaldai,784125.0,1.0,,Royal Electronics Sales & Services,"41,293,658.68",Rejected-Technical,15-Jul-2026,Skill Employment and Entrepreneurship Department- Externally Aided Project||Assam Skill University Project- ADB Funded Tenders
2026_PWRDW_50946_13,111/Tenders/2023/Pt-II/33,Construction of Bridge in Biswanath district i) Br. No. 2/1 on Dolouguri Subansiri Road,Construction of Bridge in Biswanath district i) Br. No. 2/1 on Dolouguri Subansiri Road Package No. CE/EAP/ARRBP/OCB/Bridge-1/Biswanath/28,Works,Open Tender,Item Rate,Civil Works - Bridges,No,No,NA ,10-Feb-2026 03:30 PM,17-Feb-2026 11:00 AM ,180.0,No ,No,Online,05-Mar-2026 02:30 PM,Public Works Roads Department-Externally Aided Project||Public Works Road Department- World Bank Funded Tenders||PWD (R) - ARRBP,Biswanath,784176.0,2.0,,JC Construction Pvt Ltd,"94,657,536",Not Admitted-Fee/PreQual/Technical,20-Jul-2026,Public Works Roads Department-Externally Aided Project||Public Works Road Department- World Bank Funded Tenders||PWD (R) - ARRBP
2026_WPTBC_50745_1,PTDC/Engg/2026-27/481,"Construction of Additional Classroom at Fiangpui Higher Secondary School, Harangajao Dist-Dima Hasao","Construction of Additional Classroom at Fiangpui Higher Secondary School, Harangajao Dist-Dima Hasao",Works,Open Tender,Works,Civil Works,No,No,NA ,03-Feb-2026 03:00 PM,06-Feb-2026 11:30 AM ,180.0,No ,No,Online,17-Feb-2026 03:00 PM,Welfare of Plain Tribes and Backward Classes||Director - WPT and BC||Assam Plains Tribes Development Corporation Ltd.,"Dima Hasao, Harangajao",788818.0,2.0,"25,00,000",Devajit Kutum,"2,500,000",Accepted-AOC,06-Jul-2026,Welfare of Plain Tribes and Backward Classes||Director - WPT and BC||Assam Plains Tribes Development Corporation Ltd.
2025_PWD_48664_1,BMCTRD/SOPD/2025-26/MAN_02,BMCTRD/SOPD/2025-26/MAN_02,Improvement of missing road from Mandia Girls ME School to Mandia Pather road under SOPDG for the year 2025-26,Works,Open Tender,Item Rate,Civil Works – Roads,No,No,NA ,17-Nov-2025 11:00 AM,NA ,180.0,No ,No,Online,06-Dec-2025 03:00 PM,Public Works Roads Department,Barpeta,781301.0,2.0,"23,63,000",FALU AHMED,"2,362,781",Accepted-AOC,17-Jul-2026,Public Works Roads Department
2026_PWD_50058_16,PRTRD/RKN/PDNA/ET/2026/1302,PRTRD_PDNA_ET_25_26_16 Recovery and Reconstruction of road from Anipur NEC road to Netaji Nagar (Ph-I) under NDRF (PDNA-2022) for the year 2025-26.,PRTRD_PDNA_ET_25_26_16 Recovery and Reconstruction of road from Anipur NEC road to Netaji Nagar (Ph-I) under NDRF (PDNA-2022) for the year 2025-26.,Works,Open Tender,Item Rate,Civil Works,No,No,NA ,09-Jan-2026 02:00 PM,12-Jan-2026 12:00 PM ,180.0,No ,No,Online,29-Jan-2026 11:00 AM,Public Works Roads Department,RK Nagar,788166.0,2.0,"27,04,999",NANDITA NATH,"2,704,999",Accepted-AOC,22-Jul-2026,Public Works Roads Department
2026_PWRDW_50946_9,111/Tenders/2023/Pt-II/33,Construction of Bridge in Biswanath district i) Br. No. 2/1 on Kukurachua to khutikotia Road,Construction of Bridge in Biswanath district i) Br. No. 2/1 on Kukurachua to khutikotia Road Package No. CE/EAP/ARRBP/OCB/Bridge-1/Biswanath/29,Works,Open Tender,Item Rate,Civil Works - Bridges,No,No,NA ,10-Feb-2026 12:00 PM,17-Feb-2026 11:00 AM ,180.0,No ,No,Online,05-Mar-2026 02:30 PM,Public Works Roads Department-Externally Aided Project||Public Works Road Department- World Bank Funded Tenders||PWD (R) - ARRBP,Biswanath,784176.0,2.0,,BINIT KUMAR AGARWALLA,"31,064,000",Rejected-Finance,20-Jul-2026,Public Works Roads Department-Externally Aided Project||Public Works Road Department- World Bank Funded Tenders||PWD (R) - ARRBP
2026_PWBNH_52501_1,SBC/CS/2026-27/04,RepairandRenovationwork at Government Dental College SilcharunderIPAFund.,"Civil, Sanitary and Water supply and Electrical Work",Works,Open Tender,Item Rate,Civil Works - Building,No,No,NA ,25-May-2026 06:30 PM,04-Jun-2026 12:00 PM ,180.0,No ,No,Online,15-Jun-2026 04:00 PM,Public Works Building and NH Department||Chief Engineer-Building - PWBNH||SE-Silchar Circle - PWBNH,"Dental College, Silchar",788014.0,2.0,"14,26,008",JAYSHREE DEB,"1,497,877",Rejected-AOC,18-Jun-2026,Public Works Building and NH Department||Chief Engineer-Building - PWBNH||SE-Silchar Circle - PWBNH
2026_PWRDW_51562_6,Ecf No. 716719/23,Construction of Bridge in Baksa district i) Br. No. 3/1 on Dihira to Mainaguri SSB Camp via Arnibil,Construction of Bridge in Baksa district i) Br. No. 3/1 on Dihira to Mainaguri SSB Camp via Arnibil Package No. CE/EAP/ARRBP/OCB/Bridge-1/Baksa/14,Works,Open Tender,Item Rate,Civil Works - Bridges,No,No,NA ,27-Feb-2026 02:45 PM,05-Mar-2026 11:00 AM ,180.0,No ,No,Online,24-Mar-2026 02:30 PM,Public Works Roads Department-Externally Aided Project||Public Works Road Department- World Bank Funded Tenders||PWD (R) - ARRBP,Baksa,781315.0,2.0,"4,34,99,000",FAYZAL HOQUE,"45,630,451",Rejected-Finance,20-Jul-2026,Public Works Roads Department-Externally Aided Project||Public Works Road Department- World Bank Funded Tenders||PWD (R) - ARRBP
2026_PWRDW_51460_1,CE/EAP/ARRBP/BR/Z4/2025/T05,Hailakandi 11/Construction of Bridge in Hailakandi District Bridge on Bhasdahar Part 2 PWD Road to Barhailakandi Part 1 PWD Road over Moragang River,Hailakandi 11/Construction of Bridge in Hailakandi District Bridge on Bhasdahar Part 2 PWD Road to Barhailakandi Part 1 PWD Road over Moragang River,Works,Open Tender,Item Rate,Civil Works - Bridges,No,No,NA ,24-Feb-2026 09:00 AM,NA ,90.0,No ,No,Online,23-Mar-2026 02:30 PM,Public Works Roads Department-Externally Aided Project||Public Works Road Department- World Bank Funded Tenders||PWD (R) - ARRBP,Karimganj District,788155.0,2.0,"2,90,29,000",M/S S.K. Enterprise,"30,457,582",Accepted-AOC,27-Jul-2026,Public Works Roads Department-Externally Aided Project||Public Works Road Department- World Bank Funded Tenders||PWD (R) - ARRBP
2025_PWD_45820_37,CE/STBR/SOPD-G/NIT/07/2025 26/1 Dated 26-06-2025,STBR/SOPD-G/Jalukbari-35/74 Constrution of Agshia Bamunpara Road under SOPD-G for the year 2025-26,STBR/SOPD-G/Jalukbari-35/74 Constrution of Agshia Bamunpara Road under SOPD-G for the year 2025-26,Works,Open Tender,Item Rate,Civil Works – Roads,No,No,NA ,23-Jul-2025 12:00 PM,30-Jul-2025 11:00 AM ,180.0,No ,No,Online,19-Aug-2025 11:00 AM,Public Works Roads Department,Jalukbari,781013.0,2.0,"9,12,000",M/S S.B ENTERPRISE,"912,000",Rejected-AOC,16-Jul-2026,Public Works Roads Department
2026_AAU_52038_1,Urgent/2026/32458(H7) dated 14-03-26,"Major repair works at Hostel No. 7, AAU, Jorhat","Civil, W/s and sanitary and electrical works",Works,Open Tender,Percentage,Civil Works - Building,No,No,NA ,16-Mar-2026 09:00 AM,24-Mar-2026 11:30 AM ,180.0,No ,No,Online,06-Apr-2026 03:00 PM,Assam Agricultural University||Directorate of Physical Plants,"AAU, Jorhat",785013.0,2.0,"24,26,547",CHANDAN CHOWDHURY,"2,353,993",Accepted-AOC,27-Jul-2026,Assam Agricultural University||Directorate of Physical Plants
2026_GMC_50622_8,GER/CE/2525/2025/Part-I/ 9 Date_ 22 /01/2026,Package No. DSLT-Div-I/8,"Cleaning, Desilting and Maintenance of Drains (Package No. DSLT-Div-I/8) under Mitigation of Urban Flood in Guwahati City under Guwahati Municipal Corporation for the year 2026",Works,Open Tender,Lump-sum,Miscellaneous Works,No,No,NA ,02-Feb-2026 06:50 PM,05-Feb-2026 12:00 PM ,120.0,No ,No,Online,16-Feb-2026 02:30 PM,Guwahati Municipal Corporation,Guwahati,781006.0,2.0,"21,07,000",Sri Pankaj Jyoti Boruah,"1,546,538",Rejected-AOC,07-May-2026,Guwahati Municipal Corporation
2026_PWBNH_52350_1,CS/11/2026-27,"Providing Eco Friendly Termite Treated Spilt Bamboo wall ,Plantation of Flower and Fruits Trees including Lawn Grass etc at Chief Secretary Residence, IAS Colony, Khanapara Guwahati 22","Providing Eco Friendly Termite Treated Spilt Bamboo wall ,Plantation of Flower and Fruits Trees including Lawn Grass etc at Chief Secretary Residence, IAS Colony, Khanapara Guwahati 22",Works,Open Tender,Item Rate,Civil Works - Building,No,No,NA ,15-May-2026 11:00 AM,19-May-2026 12:00 PM ,180.0,No ,No,Online,06-Jun-2026 02:00 PM,Public Works Building and NH Department||Chief Engineer-Building - PWBNH||SE-Guwahati Circle-1 - PWBNH||EE- PCC Division-Dispur - PWBNH,Khanapara,781022.0,2.0,"23,55,049",HIGH-TECH ECOGREEN CONTRACTORS LLP,"2,500,285",Rejected-AOC,31-Jul-2026,Public Works Building and NH Department||Chief Engineer-Building - PWBNH||SE-Guwahati Circle-1 - PWBNH||EE- PCC Division-Dispur - PWBNH
2025_PWD_45926_200,CE/DEV/TB/60/2025-26/06 Dtd- 14.07.2025,MMPPNA_RIDF_XXXI_25_26_213 Construction of Road from (i) Silchar Hailakandi Road (SH-39) at 23rd km to 660 No L.P School via Probir Das house at Chotojalenga (L-1.20 Km) (ii) Harinagar PWD road to Sashan Ghat Via Netaji L.P. School L-1.15 Km under Mu,MMPPNA_RIDF_XXXI_25_26_213 Construction of Road from (i) Silchar Hailakandi Road (SH-39) at 23rd km to 660 No L.P School via Probir Das house at Chotojalenga (L-1.20 Km) (ii) Harinagar PWD road to Sashan Ghat Via Netaji L.P. School L-1.15 Km under Mu,Works,Open Tender,Item Rate,Civil Works – Roads,No,No,NA ,04-Aug-2025 02:00 PM,04-Aug-2025 04:00 PM ,180.0,No ,No,Online,14-Aug-2025 02:30 PM,Public Works Roads Department,Dholai,788114.0,2.0,"2,43,66,000",JYOTI RANJAN DEY,"24,365,000",Rejected-Finance,04-Jul-2026,Public Works Roads Department
2025_BoTC_45276_1,DPRD/BTC/15th FC/UT(VIII)/Udl-16/2025/09,Impt. of road with EF and SG from Kharendra Basumatary house to Samuel Daimary house with 2 nos HPC approx 1.6 Km Under Under 15th Finance Untied Grant for the year 2023-24 during 2025-26.,DPRD/BTC/15th FC/UT(VIII)/Udl-16/2025/09,Works,Open Tender,Item Rate,Civil Works,No,No,NA ,02-Jul-2025 10:30 AM,NA ,180.0,No ,No,Online,15-Jul-2025 03:30 PM,Bodoland Territorial Council||Panchayat and Rural Development-BTC,Udalguri,784509.0,2.0,"22,00,000",ANSUMA BORO,"2,197,715",Rejected-AOC,31-Jul-2025,Bodoland Territorial Council||Panchayat and Rural Development-BTC
2026_DoWR_50558_1,CACHAR/2025-26/M AND R/I,M and R to Protect Baladhan Village Area from the Erosion of River Chiri On Its R/B.,M and R to Protect Baladhan Village Area from the Erosion of River Chiri On Its R/B.,Works,Open Tender,Works,Civil Works,No,No,NA ,24-Jan-2026 06:00 PM,NA ,180.0,No ,No,Online,03-Feb-2026 03:00 PM,Department of Water Resources||Chief Engineer - DoWR,Cachar,788001.0,2.0,"2,99,89,981",JOYDEB DAS,"29,989,900",Rejected-AOC,18-Jul-2026,Department of Water Resources||Chief Engineer - DoWR
2026_PWRDW_50946_8,111/Tenders/2023/Pt-II/33,Construction of Bridge in Biswanath district i) Br. No. 1/1 on Kolmouguri PWD Road to Singarajan Road,Construction of Bridge in Biswanath district i) Br. No. 1/1 on Kolmouguri PWD Road to Singarajan Road Package No. CE/EAP/ARRBP/OCB/Bridge-1/Biswanath/27,Works,Open Tender,Item Rate,Civil Works - Bridges,No,No,NA ,10-Feb-2026 12:00 PM,17-Feb-2026 11:00 AM ,180.0,No ,No,Online,05-Mar-2026 02:30 PM,Public Works Roads Department-Externally Aided Project||Public Works Road Department- World Bank Funded Tenders||PWD (R) - ARRBP,Biswanath,784176.0,2.0,,Choudhury Enterprise,"24,549,747",Not Admitted-Fee/PreQual/Technical,20-Jul-2026,Public Works Roads Department-Externally Aided Project||Public Works Road Department- World Bank Funded Tenders||PWD (R) - ARRBP
2025_SEEDE_49428_1,GS02/ASU/MTC/034(Lot-1),"Equipment for Fitter, Metal Works (Foundry, Forging and Sheet Metal) Lab","Equipment for Fitter, Metal Works (Foundry, Forging and Sheet Metal) Lab",Goods,Open Tender,Item Rate,Laboratory and scientific equipment,No,No,NA ,18-Dec-2025 12:00 PM,24-Dec-2025 02:30 PM ,150.0,No ,No,Online,10-Feb-2026 03:00 PM,Skill Employment and Entrepreneurship Department- Externally Aided Project||Assam Skill University Project- ADB Funded Tenders,"ASU Campus, Mangaldoi",784125.0,1.0,,PERFECT TRADING CORPORATION,"19,669,408",Accepted-AOC,18-Jun-2026,Skill Employment and Entrepreneurship Department- Externally Aided Project||Assam Skill University Project- ADB Funded Tenders
2026_PWD_50168_7,BSPTRD/TECH/PDNA/168/2025-26,BSPTRD/PDNA/2025-26/7,Recovery and Reconstruction of Barpeta Road Bashbari Road (Manas Rd) Breach occurred at 20th Km under NDRF ( PDNA-2022) for the year 2025-26,Works,Open Tender,Item Rate,Civil Works – Roads,No,No,NA ,13-Jan-2026 10:00 AM,NA ,180.0,No ,No,Online,02-Feb-2026 02:00 PM,Public Works Roads Department,Barpeta Road,781315.0,2.0,"15,00,000",Prasanta Bayan,"1,199,999.99",Rejected-Finance,17-Jul-2026,Public Works Roads Department
2025_PWD_45495_12,CE/Commn/16/202526/3,Morioni / MMPNA/ 1,Reconst of 1)rd frm Seleng TE Hospital Road via Lawjan Tin Ali 2)Bridge No. 1/1 and 1/2 with Protection works on New Sonowal BOP to Gaharichowa BOP 3)Rd frm Dhodar ali to Bar Nagyan (Rahdhala Road) under MMPNA under SOPD-G for 25-26,Works,Open Tender,Works,Civil Works – Roads,No,No,NA ,11-Jul-2025 11:00 AM,18-Jul-2025 04:00 PM ,180.0,No ,No,Online,30-Jul-2025 02:30 PM,Public Works Roads Department||CE PWD(R) - PWD||Traffic Engineering Cell - PWD,Morioni,785634.0,2.0,"1,42,30,000",ADKING,"14,229,000",Accepted-AOC,16-Jul-2026,Public Works Roads Department||CE PWD(R) - PWD||Traffic Engineering Cell - PWD
2025_PWD_49192_3,EE/DCLKT/NIT/SOPD-G/1/2025/9,Improvement of Borphukan Ali (Ch. 0.00 M to Ch. 6000.00 M) under Mukhya Mantrir Path Nabikaran Achani (MMPNA) under SOPD-G for the year 2025-26,Improvement of Borphukan Ali (Ch. 0.00 M to Ch. 6000.00 M) under Mukhya Mantrir Path Nabikaran Achani (MMPNA) under SOPD-G for the year 2025-26,Works,Open Tender,Item Rate,Civil Works – Roads,No,No,NA ,21-Feb-2026 02:00 PM,NA ,180.0,No ,No,Online,26-Feb-2026 02:30 PM,Public Works Roads Department,Khowang,785676.0,2.0,"1,36,90,000",Anuj Saikia,"13,690,000",Accepted-AOC,20-Jul-2026,Public Works Roads Department
2025_DoWR_49388_1,KAMRUP METRO/2025-26/FFM/XXVII,Procurement of flood fighting materials (PSC Porcupine) for Water Resources Department for the year 2025-26 (Lower Assam Zone) (Ph III),Procurement of flood fighting materials (PSC Porcupine) for Water Resources Department for the year 2025-26 (Lower Assam Zone) (Ph III),Goods,Open Tender,Supply,Supply of Materials,No,No,NA ,16-Dec-2025 12:00 PM,NA ,180.0,No ,No,Online,31-Dec-2025 03:00 PM,Department of Water Resources||Chief Engineer - DoWR,KAMRUP METRO,781029.0,2.0,"1,57,62,460",Ashit Roy,"15,750,000",Accepted-AOC,04-Jul-2026,Department of Water Resources||Chief Engineer - DoWR
2026_PWD_50619_12,SSRDM/TC-65/NIT/PDNA/2025-26/2,"Restoration of flood damage of Jangal Chariali to Puthimari bazar road under Reconstruction Recovery Window (Assam Floods and Landslides 2022, PDNA) for the year 2025-26. Package No. SSDTRD_PDNA_4.","Restoration of flood damage of Jangal Chariali to Puthimari bazar road under Reconstruction Recovery Window (Assam Floods and Landslides 2022, PDNA) for the year 2025-26. Package No. SSDTRD_PDNA_4.",Works,Open Tender,Item Rate,Civil Works – Roads,No,No,NA ,16-May-2026 04:30 PM,NA ,180.0,No ,No,Online,22-May-2026 10:30 AM,Public Works Roads Department,Mankachar,783101.0,2.0,"49,01,724",MOSTAQ MOHAMMAD MOKSEDUR HASSAN,"4,900,680",Accepted-AOC,04-Jul-2026,Public Works Roads Department
2025_PWBNH_48518_4,Tech-IV(H_E)/RIDF XXXI/01/2025/30 Dated Guwahati the 22nd Oct 2025,Construction of 100 Secondary Schools in 35 Districts of Assam under RIDF-XXXI (2025-26) for Garmari Anchalik HS School under Morigaon DTBD Package 30,Construction of 100 Secondary Schools in 35 Districts of Assam under RIDF-XXXI (2025-26) for Garmari Anchalik HS School under Morigaon DTBD Package 30,Works,Open Tender,Item Rate,Civil Works - Building,No,No,NA ,11-Nov-2025 06:55 PM,12-Nov-2025 11:00 AM ,180.0,No ,No,Online,26-Nov-2025 04:00 PM,Public Works Building and NH Department||Chief Engineer-Building - PWBNH,Morigaon,782105.0,2.0,"4,11,50,853",Jyoti Constro Commercials,"44,795,294",Rejected-AOC,09-Jul-2026,Public Works Building and NH Department||Chief Engineer-Building - PWBNH
2025_KAAC_48954_1,"No.ACEH/CS/AAP/76/2025-26/3,",Construction of CC Block road Thatskai Tiniali to Jirlaskar,Construction of CC Block road Thatskai Tiniali to Jirlaskar,Works,Open Tender,Item Rate,Civil Works – Roads,No,No,NA ,01-Dec-2025 11:00 AM,03-Dec-2025 02:00 PM ,180.0,No ,No,Online,16-Dec-2025 11:00 AM,Karbi Anglong Autonomous Council||PWD||Addl. Chief Engineer Diphu,ZIRIKINDENG,782486.0,2.0,"4,61,62,000",Smti Monumaya Devi,"46,161,900",Rejected-Finance,07-Jul-2026,Karbi Anglong Autonomous Council||PWD||Addl. Chief Engineer Diphu
2026_BoTC_52493_1,TECH36/SEB/IFB/2024_25/126,"Repairing and Renovation, Boundary Wall Construction and Sanitary Facilities for Athiabari Tinali Sr. Sec. School Bishmuri for the year 2025_26 TN_52","Repairing and Renovation, Boundary Wall Construction and Sanitary Facilities for Athiabari Tinali Sr. Sec. School Bishmuri for the year 2025_26 TN_52",Works,Open Tender,Works,Civil Works - Building,No,No,NA ,25-May-2026 03:00 PM,NA ,180.0,No ,No,Online,15-Jun-2026 02:00 PM,Bodoland Territorial Council||PWD-BTC,Kokrajhar,783370.0,2.0,"1,06,97,720",NANGLA BASUMATARY,"10,695,700",Accepted-AOC,09-Jul-2026,Bodoland Territorial Council||PWD-BTC
2025_PWD_49176_2,EE/DCLKT/NIT/SOPD-G/1/2025/5,"Construction of (i) Borbhui Borachuk Gaon Path (L 1.10 Km), (ii) 2 No Dehingia Gaon Mothauri Tiniali to Segunijan Sesughat Tiniali (L 0.80 Km) by providing Gravel Wearing Course (GWC) under SOPD-G for the year 2025-26","Construction of (i) Borbhui Borachuk Gaon Path (L 1.10 Km), (ii) 2 No Dehingia Gaon Mothauri Tiniali to Segunijan Sesughat Tiniali (L 0.80 Km) by providing Gravel Wearing Course (GWC) under SOPD-G for the year 2025-26",Works,Open Tender,Item Rate,Civil Works – Roads,No,No,NA ,28-Jan-2026 02:00 PM,NA ,180.0,No ,No,Online,07-Feb-2026 02:30 PM,Public Works Roads Department,Khowang,785676.0,2.0,"21,24,000",BISWAJIT BORAH,"2,124,000",Accepted-AOC,07-Jul-2026,Public Works Roads Department
2026_BoTC_52571_1,DPRD/BTC/6thFC/Koj-179/2026/11,Procurement of 76923 pcs of Mosquito Nets Length 6ft Wide 4.5 ft Height 5.5 ft and 58823 pcs of Ladies 56179 pcs of Gents umbrella Mahindra Dutta to be distribute amongst the all categories of BPL families SHG poor families within BTC under the Award,DPRD/BTC/6thFC/Koj-179/2026/11,Goods,Open Tender,Item Rate,Miscellaneous Goods,No,No,NA ,30-May-2026 06:30 PM,NA ,180.0,No ,No,Online,23-Jun-2026 02:30 PM,Bodoland Territorial Council||Panchayat and Rural Development-BTC,Within BTC Area,783370.0,2.0,"9,99,99,380",ACHINTA NARZARY,"99,999,380",Rejected-AOC,21-Jul-2026,Bodoland Territorial Council||Panchayat and Rural Development-BTC
2026_BTC_51372_1,No.ACE-133/PWD/G.79/2025-26/71,Renovation and Development of Rowta Model Hospital at Rowta Dist. Udalguri BTAD (79) Bodoland Welfare Department 2025-26. TN_111_46,Renovation and Development of Rowta Model Hospital at Rowta Dist. Udalguri BTAD (79) Bodoland Welfare Department 2025-26. TN_111_46,Works,Open Tender,Item Rate,Civil Works - Building,No,No,NA ,20-Feb-2026 10:00 AM,NA ,180.0,No ,No,Online,06-Mar-2026 02:00 PM,Bodoland Territorial Council-PWD||Director Cum CHD - PWD BTC,Kokrajhar,783370.0,2.0,"4,41,69,701",M.H. CONSTRUCTION,"41,961,214.4",Accepted-AOC,28-Jul-2026,Bodoland Territorial Council-PWD||Director Cum CHD - PWD BTC
2026_PHED_49885_28,PHE_21_MM_PB_24_25_T_14655_61,PKG 01 Empanelment of Agencies under Framework Agreement method for provisioning of Water and Sanitation facilities at different Events in Kamrup Metro District under PHED Assam.,PKG 01 Empanelment of Agencies under Framework Agreement method for provisioning of Water and Sanitation facilities at different Events in Kamrup Metro District under PHED Assam.,Services,Open Tender,Empanelment,Miscellaneous Services,No,No,NA ,16-Mar-2026 10:00 AM,23-Mar-2026 04:00 PM ,180.0,No ,No,Online,22-Apr-2026 03:00 PM,Public Health Engineering Department||Chief Engineer PHE(P)-Assam-PHED||Lower Assam Zone-Guwahati-PHED||Guwahati Circle-Guwahati-PHED,Kamrup Metro,781036.0,2.0,0.0,AMAR KRISHNA DAS,0.0,Rejected-Technical,02-Jul-2026,Public Health Engineering Department||Chief Engineer PHE(P)-Assam-PHED||Lower Assam Zone-Guwahati-PHED||Guwahati Circle-Guwahati-PHED
2026_PWRDW_50391_11,716719/15,Construction of Bridge in Biswanath district i) Br. No. 1/1 on Dahtara to Raroi Basti,Construction of Bridge in Biswanath district i) Br. No. 1/1 on Dahtara to Raroi Basti Package No. CE/EAP/ARRBP/OCB/Bridge-1/Biswanath/17,Works,Open Tender,Item Rate,Civil Works - Bridges,No,No,NA ,22-Jan-2026 04:00 PM,28-Jan-2026 11:00 AM ,180.0,No ,No,Online,12-Feb-2026 02:30 PM,Public Works Roads Department-Externally Aided Project||Public Works Road Department- World Bank Funded Tenders||PWD (R) - ARRBP,Biswanath,784176.0,2.0,"1,92,95,000",MD ROFIQUL ISLAM,"18,086,921",Rejected-Technical,08-Jul-2026,Public Works Roads Department-Externally Aided Project||Public Works Road Department- World Bank Funded Tenders||PWD (R) - ARRBP
2025_PWD_49189_2,EE/DCLKT/NIT/SOPD-G/1/2025/5,Construction of 2/1 Slab Culvert on Borachuk Namghar Path under SOPD-G for the year 2025-26,Construction of 2/1 Slab Culvert on Borachuk Namghar Path under SOPD-G for the year 2025-26,Works,Open Tender,Item Rate,Civil Works – Roads,No,No,NA ,28-Jan-2026 02:00 PM,NA ,180.0,No ,No,Online,07-Feb-2026 02:30 PM,Public Works Roads Department,Tingkhong,786612.0,2.0,"34,10,000",GAUTAM BORUAH,"3,409,988",Accepted-AOC,16-Jul-2026,Public Works Roads Department
2025_PWD_45818_18,CE/Commn/16/2025-26/04,Dibrugarh/MMPPNA/01,Constn/Imp. of (i)Seujipath (ii)Konwarpath (i)Adivashipath (iv)Adivashi by lane 1 (v) Adivashibylane 2 (vi)Adivashibylane 3 (vii)Adivashibylane4 under MukhyaMantrirPakiPathNirmanAchani (MMPPNA) under SOPD-G for 2025-26,Works,Open Tender,Item Rate,Civil Works – Roads,No,No,NA ,22-Jul-2025 06:00 PM,28-Jul-2025 04:00 PM ,180.0,No ,No,Online,11-Aug-2025 02:30 PM,Public Works Roads Department,Dibrugarh,786001.0,2.0,"1,47,13,000",ANIL MAKRARY,"14,712,000",Rejected-AOC,04-Jul-2026,Public Works Roads Department
2026_SCD_50603_1,Tender/NIT/Pt-I/2025-26/7502,Gully Control cum Water Harvesting Project at Jabrangpara under RIDF-XXXI,Gully Control cum Water Harvesting Project at Jabrangpara under RIDF-XXXI,Works,Open Tender,Item Rate,Civil Works,No,No,NA ,29-Jan-2026 11:15 AM,06-Feb-2026 12:00 PM ,180.0,No ,No,Online,19-Feb-2026 03:00 PM,Soil Conservation Department||Director - SCD,Baksa Soil Conservation Division,781372.0,2.0,"34,83,457",MRIDUL BAISHYA,"2,751,931",Rejected-Finance,30-Jun-2026,Soil Conservation Department||Director - SCD
2026_PWRDW_50946_10,111/Tenders/2023/Pt-II/33,Construction of Bridge in Biswanath district i) Br. No. 1/1 on Gopalpur to Tinialibori Road,Construction of Bridge in Biswanath district i) Br. No. 1/1 on Gopalpur to Tinialibori Road Package No. CE/EAP/ARRBP/OCB/Bridge-1/Biswanath/30,Works,Open Tender,Item Rate,Civil Works - Bridges,No,No,NA ,10-Feb-2026 02:00 PM,17-Feb-2026 11:00 AM ,180.0,No ,No,Online,05-Mar-2026 02:30 PM,Public Works Roads Department-Externally Aided Project||Public Works Road Department- World Bank Funded Tenders||PWD (R) - ARRBP,Biswanath,784176.0,2.0,,BINIT KUMAR AGARWALLA,"27,125,377",Accepted-AOC,20-Jul-2026,Public Works Roads Department-Externally Aided Project||Public Works Road Department- World Bank Funded Tenders||PWD (R) - ARRBP
2026_ICD_49957_2,No. 291333/385,"Repair and renovation of Accounts department and Server room area inside AIDC Campus, R.G. Baruah Road, Guwahati - 24","Repair and renovation of Accounts department and Server room area inside AIDC Campus, R.G. Baruah Road, Guwahati - 24",Works,Open Tender,Item Rate,Civil Works,No,No,NA ,24-Feb-2026 04:00 PM,NA ,180.0,No ,No,Online,07-Mar-2026 12:00 PM,Industries and Commerce Department||Assam Industrial Development Corporation Ltd - ICD,"AIDC Campus, R G Baruah Road Guwahati",781024.0,2.0,"62,87,812",HARAJYOTI DAS,"4,498,847.96",Rejected-AOC,09-Jul-2026,Industries and Commerce Department||Assam Industrial Development Corporation Ltd - ICD
2026_BoTC_51682_1,DPRD/BTC/(6th ASFC)DG/XII/Udl-02/2025/7,Construction of VCDC Office Building at Allabari under the Award of Direct Grant of 6th ASFC fund for the year 2021-22 (1st Installment) during 2025-26.,DPRD/BTC/(6th ASFC)DG/XII/Udl-02/2025/7,Works,Open Tender,Item Rate,Civil Works,No,No,NA ,05-Mar-2026 04:30 PM,NA ,180.0,No ,No,Online,30-Mar-2026 02:30 PM,Bodoland Territorial Council||Panchayat and Rural Development-BTC,Udalguri,784509.0,2.0,"40,00,000",Arjun Saha,"3,999,998.71",Rejected-AOC,30-Jun-2026,Bodoland Territorial Council||Panchayat and Rural Development-BTC
2026_DoWR_51746_1,N LAKHIMPUR/2025-26/M AND R/II,M and R to Pabha R/Bank embankment from Rajgarh to Dhunaguri P.W.D. for the year 2025-26.,M and R to Pabha R/Bank embankment from Rajgarh to Dhunaguri P.W.D. for the year 2025-26.,Works,Open Tender,Works,Civil Works,No,No,NA ,07-Mar-2026 06:55 PM,NA ,180.0,No ,No,Online,16-Mar-2026 03:00 PM,Department of Water Resources||Chief Engineer - DoWR,"Dhunaguri, North Lakhimpur",787054.0,2.0,"49,99,853",LALBABU MAHATO,"4,999,843.58",Accepted-AOC,11-Jul-2026,Department of Water Resources||Chief Engineer - DoWR
2026_APDCL_50109_1,NIT 25_08 RELAY PROCUREMENT,SUPPLY OF IEC61850 NUMERICAL RELAYS,SUPPLY OF IEC61850 NUMERICAL RELAYS FOR TRANSFORMES AND FEEDER PROTECTION,Goods,Open Tender,Supply,Electrical Work/ Equipment,No,No,NA ,09-Jan-2026 10:00 AM,NA ,180.0,No ,No,Online,30-Jan-2026 03:00 PM,Assam Power Distribution Company Ltd||CGM(PP and D) - APDCL,ACROSS APDCL,781001.0,2.0,,ASHIDA ELECTRONICS PVT LTD,"46,073,376",Rejected-Technical,28-Jul-2026,Assam Power Distribution Company Ltd||CGM(PP and D) - APDCL
2025_PWD_45926_202,CE/DEV/TB/60/2025-26/06 Dtd- 14.07.2025,"MMPPNA_RIDF_XXXI_25_26_257 Improvement and Upgradation of (1) Kanaibazar Sonatola Road to Satghori, (2) Kanaibazar Sonatola PWD Road, (3) Nilambazar Balia PWD Road (Ch. 130m to Ch. 1220m and Ch. 6100m to Ch. 7810m) under Mukhya Mantrir Paki Path Nirm","MMPPNA_RIDF_XXXI_25_26_257 Improvement and Upgradation of (1) Kanaibazar Sonatola Road to Satghori, (2) Kanaibazar Sonatola PWD Road, (3) Nilambazar Balia PWD Road (Ch. 130m to Ch. 1220m and Ch. 6100m to Ch. 7810m) under Mukhya Mantrir Paki Path Nirm",Works,Open Tender,Item Rate,Civil Works – Roads,No,No,NA ,04-Aug-2025 02:00 PM,04-Aug-2025 04:00 PM ,180.0,No ,No,Online,14-Aug-2025 02:30 PM,Public Works Roads Department,Karimganj South,788710.0,2.0,"6,07,17,000",M/S Tauhid Infra Developers Private Limited,"60,711,000",Accepted-AOC,02-Jul-2026,Public Works Roads Department
2025_PWD_45820_34,CE/STBR/SOPD-G/NIT/07/2025 26/1 Dated 26-06-2025,STBR/SOPD-G/Jalukbari-32/71 Constrution of Agshia Water Supply Scheme to Mohanar Bari Road under SOPD-G for the year 2025-26,STBR/SOPD-G/Jalukbari-32/71 Constrution of Agshia Water Supply Scheme to Mohanar Bari Road under SOPD-G for the year 2025-26,Works,Open Tender,Item Rate,Civil Works – Roads,No,No,NA ,23-Jul-2025 12:00 PM,30-Jul-2025 11:00 AM ,180.0,No ,No,Online,19-Aug-2025 11:00 AM,Public Works Roads Department,Jalukbari,781013.0,2.0,"13,49,000",M/S S.B ENTERPRISE,"1,349,000",Accepted-AOC,16-Jul-2026,Public Works Roads Department
2026_PWD_52126_1,CE/CW/38/2025-26/01,CE/CW/38/2025-26/01,Improvement of Garchuk - Pamohi Road (From Garchuk Chariali to Guwahati-Accoland-Rani Road) under SOPD- G for the year 2025-26.,Works,Open Tender,Item Rate,Civil Works – Roads,No,No,NA ,17-Mar-2026 11:40 AM,19-Mar-2026 02:00 PM ,180.0,No ,No,Online,26-Mar-2026 02:30 PM,Public Works Roads Department,GUWAHATI,781003.0,2.0,"5,63,26,000",CHANDAN HALOI,"56,326,000",Accepted-AOC,10-Jul-2026,Public Works Roads Department
2026_PWRDW_51761_2,RFB No CE/EAP/ARRBP/BR/Z4/2025/T07,Bridge No. 2/1 on Mayerchar Pt-I to Nayeralga Pt-III. Dhubri/19,Bridge No. 2/1 on Mayerchar Pt-I to Nayeralga Pt-III.CE/EAP/ARRBP/OCB/Bridge-1/Dhubri/19,Works,Open Tender,Item Rate,Civil Works - Bridges,No,No,NA ,07-Mar-2026 06:00 PM,NA ,180.0,No ,No,Online,20-Mar-2026 02:30 PM,Public Works Roads Department-Externally Aided Project||Public Works Road Department- World Bank Funded Tenders||Assam State Bridge Infrastructure Program,Dhubri,783301.0,2.0,"8,21,76,200",Nozrul Islam,"86,202,000",Accepted-AOC,06-Jul-2026,Public Works Roads Department-Externally Aided Project||Public Works Road Department- World Bank Funded Tenders||Assam State Bridge Infrastructure Program
2024_BoTC_39725_1,DPRD/BTC/SOPD/Udl-26/2024/08,Impt of road with earth filling and sand gravelling at Gunaram Boro house to Eco Rhino Resort at No.1 Tankybasti under Tangkybusti VCDC under SOPD 2024-25.,DPRD/BTC/SOPD/Udl-26/2024/08,Works,Open Tender,Item Rate,Civil Works,No,No,NA ,07-Oct-2024 10:00 AM,NA ,180.0,No ,No,Online,29-Oct-2024 02:30 PM,Bodoland Territorial Council||Panchayat and Rural Development-BTC,Kalaigaon Udalguri,784525.0,2.0,"29,73,676",ALMA BASUMATARY,"2,973,676.06",Rejected-AOC,20-Nov-2024,Bodoland Territorial Council||Panchayat and Rural Development-BTC
2026_PWRDW_51761_3,RFB No CE/EAP/ARRBP/BR/Z4/2025/T07,"Construction of RCC Bridge no. 1/1, Baonai River at Lalmati Tumbagan Par Ghat Kokrajhar/32","Construction of RCC Bridge no. 1/1, Baonai River at Lalmati Tumbagan Par Ghat CE/EAP/ARRBP/OCB/Bridge-1/Kokrajhar/32",Works,Open Tender,Item Rate,Civil Works - Bridges,No,No,NA ,07-Mar-2026 06:00 PM,NA ,180.0,No ,No,Online,20-Mar-2026 02:30 PM,Public Works Roads Department-Externally Aided Project||Public Works Road Department- World Bank Funded Tenders||Assam State Bridge Infrastructure Program,Kokrajhar,783370.0,2.0,"4,61,64,300",Jethmal Maloo,"46,162,000",Rejected-Technical,08-Jul-2026,Public Works Roads Department-Externally Aided Project||Public Works Road Department- World Bank Funded Tenders||Assam State Bridge Infrastructure Program
2025_PWD_49190_2,EE/DCLKT/NIT/SOPD-G/1/2025/5,"Construction of Single Cell 2.00 m x 2.00 m Box Cell Culvert at (i) Rajgarh to Rongabanani Road (Ch. 180.00 m), (ii) MN Road to Grant No. 57 Road (Ch. 2950.00 m) under SOPD-G for the year 2025-26","Construction of Single Cell 2.00 m x 2.00 m Box Cell Culvert at (i) Rajgarh to Rongabanani Road (Ch. 180.00 m), (ii) MN Road to Grant No. 57 Road (Ch. 2950.00 m) under SOPD-G for the year 2025-26",Works,Open Tender,Item Rate,Civil Works – Roads,No,No,NA ,28-Jan-2026 02:00 PM,NA ,180.0,No ,No,Online,07-Feb-2026 02:30 PM,Public Works Roads Department,Tingkhong,786612.0,2.0,"21,84,000",Anuj Saikia,"2,184,000",Accepted-AOC,20-Jul-2026,Public Works Roads Department
2026_PWRDW_51562_4,Ecf No. 716719/23,Construction of Bridge in Biswanath district i) Br. No. 1/2 on NH-15 to Dubia Borigaon Road,Construction of Bridge in Biswanath district i) Br. No. 1/2 on NH-15 to Dubia Borigaon Road Package No. CE/EAP/ARRBP/OCB/Bridge-1/Biswanath/32,Works,Open Tender,Item Rate,Civil Works - Bridges,No,No,NA ,27-Feb-2026 11:40 AM,05-Mar-2026 11:00 AM ,180.0,No ,No,Online,24-Mar-2026 02:30 PM,Public Works Roads Department-Externally Aided Project||Public Works Road Department- World Bank Funded Tenders||PWD (R) - ARRBP,Biswanath,784176.0,2.0,"1,20,02,000",BASANTA RAJKHOWA,"10,802,474",Not Admitted-Fee/PreQual/Technical,20-Jul-2026,Public Works Roads Department-Externally Aided Project||Public Works Road Department- World Bank Funded Tenders||PWD (R) - ARRBP
2026_PWRDW_51460_3,CE/EAP/ARRBP/BR/Z4/2025/T05,Hailakandi 12/Construction of Bridge in Hailakandi District i) Br. on Salchapra Bondukmara PWD Road to Bhajantipur Part II over Berakhal,Hailakandi 12/Construction of Bridge in Hailakandi District i) Br. on Salchapra Bondukmara PWD Road to Bhajantipur Part II over Berakhal,Works,Open Tender,Item Rate,Civil Works - Bridges,No,No,NA ,24-Feb-2026 09:00 AM,NA ,90.0,No ,No,Online,23-Mar-2026 02:30 PM,Public Works Roads Department-Externally Aided Project||Public Works Road Department- World Bank Funded Tenders||PWD (R) - ARRBP,Hailakandi District,788151.0,2.0,"3,80,69,000",M/S SOBNAM TRADERS,"39,968,641",Rejected-Finance,22-Jul-2026,Public Works Roads Department-Externally Aided Project||Public Works Road Department- World Bank Funded Tenders||PWD (R) - ARRBP
2026_PHED_51942_1,SEPH/GC/TB-152/Vol-44/25-26,"Providing water supply arrangement by installation of deep tube well, construction of UGR and laying of distribution network at East Colony, 5 No. Ward, Amingaon, Kamrup","Providing water supply arrangement by installation of deep tube well, construction of UGR and laying of distribution network at East Colony, 5 No. Ward, Amingaon, Kamrup",Works,Open Tender,Item Rate,Civil Works,No,No,NA ,13-Mar-2026 04:00 PM,20-Mar-2026 02:00 PM ,90.0,No ,No,Online,06-Apr-2026 03:00 PM,Public Health Engineering Department||Chief Engineer PHE(P)-Assam-PHED||Lower Assam Zone-Guwahati-PHED||Guwahati Circle-Guwahati-PHED,"East Colony, Amingaon",781031.0,2.0,"57,92,000",LEGACY CONSULTANCY PVT. LTD,"5,790,893",Rejected-Finance,10-Jul-2026,Public Health Engineering Department||Chief Engineer PHE(P)-Assam-PHED||Lower Assam Zone-Guwahati-PHED||Guwahati Circle-Guwahati-PHED
2026_DoWR_50216_1,HAILAKANDI/2025-26/ PDNA/WORK/VIII,Restoration of dyke at different reaches on R/B of river Dholeswar at Uttar Kanchanpur area.,Restoration of dyke at different reaches on R/B of river Dholeswar at Uttar Kanchanpur area.,Works,Open Tender,Works,Civil Works,No,No,NA ,13-Jan-2026 09:00 AM,NA ,180.0,No ,No,Online,22-Jan-2026 03:00 PM,Department of Water Resources||Chief Engineer - DoWR,HAILAKANDI,788151.0,2.0,"1,91,00,772",AMZAD HUSSAIN LASKAR,"18,909,762",Rejected-AOC,04-Jul-2026,Department of Water Resources||Chief Engineer - DoWR
2026_PWRDW_50946_11,111/Tenders/2023/Pt-II/33,Construction of Bridge in Biswanath district i) Br. No. 1/1 on Pahukata Road,Construction of Bridge in Biswanath district i) Br. No. 1/1 on Pahukata Road Package No. CE/EAP/ARRBP/OCB/Bridge-1/Biswanath/31,Works,Open Tender,Item Rate,Civil Works - Bridges,No,No,NA ,10-Feb-2026 02:00 PM,17-Feb-2026 11:00 AM ,180.0,No ,No,Online,05-Mar-2026 02:30 PM,Public Works Roads Department-Externally Aided Project||Public Works Road Department- World Bank Funded Tenders||PWD (R) - ARRBP,Biswanath,784176.0,2.0,,Choudhury Enterprise,"27,306,000",Not Admitted-Fee/PreQual/Technical,20-Jul-2026,Public Works Roads Department-Externally Aided Project||Public Works Road Department- World Bank Funded Tenders||PWD (R) - ARRBP
2025_PWHE_48314_1,IN-ASSAM PWD-513268-CW-RFB,Package No. 56 Construction of Class Rooms under Assam School Education and Adolescent Well-Being Project (ASAP) under Udalguri Dist. and Baksa TBD for i. Bhangrikuchi LPS ii. 603 Pulshi Guri L.P iii. Panbari LPS,Package No. 56 Construction of Class Rooms under Assam School Education and Adolescent Well-Being Project (ASAP) under Udalguri Dist. and Baksa TBD for i. Bhangrikuchi LPS ii. 603 Pulshi Guri L.P iii. Panbari LPS,Works,Open Tender,Item Rate,Civil Works - Building,No,No,NA ,30-Oct-2025 06:00 PM,06-Nov-2025 11:30 AM ,180.0,No ,No,Online,14-Nov-2025 05:00 PM,Public Works Health and Education Department-Externally Aided Project||Public Works Health and Education Department-WB,Baksa,781315.0,2.0,"11,53,87,456",M/S S N ENTERPRISES,"125,709,600",Rejected-Technical,10-Jul-2026,Public Works Health and Education Department-Externally Aided Project||Public Works Health and Education Department-WB
2025_PWD_49013_1,Tech/NDTRD/NIT/1028/3160 dated 01.12.2025,Tihu_SOPD-G_2025-26_12,Construction of ICBP Road from Palla Kali Mandir to Mili-Juli Chowk via Sanimandal Road Barogopal Than under SOPD (G) for the year 2025-26.,Works,Open Tender,Item Rate,Civil Works – Roads,No,No,NA ,08-Dec-2025 10:30 AM,NA ,180.0,No ,No,Online,24-Dec-2025 10:30 AM,Public Works Roads Department,Nalbari,781335.0,2.0,"32,01,500",Sri Nripen Deka,"3,201,200",Rejected-Finance,13-Jul-2026,Public Works Roads Department
2026_AEGCL_50385_1,AEGCL/MD/Tech-1145/Aug Trafo/50MVA/T-3/2026/BID,"Supply of 132/33kV, 50MVA Power Transformers and Related Services for Durlavcherra, Karimganj and Srikona Substations of AEGCL (Package-T-3)","Supply of 132/33kV 50MVA Power Transformers and Related Services from original equipment manufacturer for Durlavcherra (2 Nos.), Karimganj (2 Nos.) and Srikona (1 No.) Substations of AEGCL Package-T3 Total 5 Nos",Works,Open Tender,Turn-key,Electrical Works,No,No,NA ,20-Jan-2026 05:00 PM,02-Feb-2026 12:00 PM ,180.0,No ,No,Online,31-Mar-2026 02:00 PM,Assam Electricity Grid Corporation Ltd||CGM (T and T),Central Assam Region,781001.0,2.0,,BHARAT BIJLEE LIMITED,"264,975,000",Rejected-Finance,16-Jul-2026,Assam Electricity Grid Corporation Ltd||CGM (T and T)
2026_AAU_52042_1,Urgent/2026/32458(H12) dated 14-03-26,"Repair and Renovation of Hostel No. 12 at AAU, Jorhat","Civil, W/s and sanitary and electrical works",Works,Open Tender,Percentage,Civil Works - Building,No,No,NA ,16-Mar-2026 09:00 AM,24-Mar-2026 11:30 AM ,180.0,No ,No,Online,06-Apr-2026 03:00 PM,Assam Agricultural University||Directorate of Physical Plants,"AAU, Jorhat",785013.0,2.0,"48,54,716",Sarabjit Singh Matharu,"4,660,042",Rejected-AOC,24-Jul-2026,Assam Agricultural University||Directorate of Physical Plants
2025_PWRDW_45557_1,CE/EAP/ARRBP01TENDERS2024/66B,Construction of Bridge in Sonitpur district i) Br. No. 2/1 on Dakhin Balijuri Kheria Chuburi to Gederijan connecting road,Pkg. No. CE/EAP/ARRBP/OCB/Bridge-1/Sonitpur/09 Construction of Bridge in Sonitpur district i) Br. No. 2/1 on Dakhin Balijuri Kheria Chuburi to Gederijan connecting road,Works,Open Tender,Item Rate,Civil Works - Bridges,No,No,NA ,14-Jul-2025 05:00 PM,21-Jul-2025 11:00 AM ,180.0,No ,No,Online,14-Aug-2025 02:30 PM,Public Works Roads Department-Externally Aided Project||Public Works Road Department- World Bank Funded Tenders||Assam State Bridge Infrastructure Program,Sonitpur,782123.0,2.0,"1,08,12,000",M/S SMB CONSTRUCTION,"11,352,000",Rejected-Finance,14-Jul-2026,Public Works Roads Department-Externally Aided Project||Public Works Road Department- World Bank Funded Tenders||Assam State Bridge Infrastructure Program
2026_HE_52739_1,GC/CSL/2026-27/01,"Establishment of a state-of-the art central science laboratory as per NEP-2020 at Gargaon College, Sivasagar, Assam under turnkey basis.","Establishment of a state-of-the art central science laboratory as per NEP-2020 at Gargaon College, Sivasagar, Assam under turnkey basis.",Works,Open Tender,Turn-key,Miscellaneous Works,No,No,NA ,12-Jun-2026 03:00 PM,NA ,540.0,No ,No,Online,06-Jul-2026 12:00 PM,Department of Higher Education||Directorate of Higher Education||Gargaon College Simaluguri,Sivasagar,785686.0,2.0,,M & F TECHNOSERV,"80,016,063",Rejected-Technical,16-Jul-2026,Department of Higher Education||Directorate of Higher Education||Gargaon College Simaluguri
2026_DoWR_50808_1,DIBRUGARH/2025-26/SOPD-G/IV,A/E measures to protect Bhorali bari Kalita Gaon area from the erosion of river Buridehing Ph-I.Package No. 01,A/E measures to protect Bhorali bari Kalita Gaon area from the erosion of river Buridehing Ph-I.Package No. 01,Works,Open Tender,Works,Civil Works,No,No,NA ,04-Feb-2026 06:55 PM,NA ,180.0,No ,No,Online,16-Feb-2026 03:00 PM,Department of Water Resources||Chief Engineer - DoWR,"Bhoralibari Kalita Gaon, Dibrugarh",785676.0,2.0,"2,43,93,881",M/S Vinayak Infratech,"24,392,472.1",Rejected-AOC,08-Jul-2026,Department of Water Resources||Chief Engineer - DoWR
2026_GMC_51367_3,GER/CE/2504/2025/48 Date_17/02/2026,Construction of Various Toilets under ward no.43,Construction of Various Toilets under ward no.43,Works,Open Tender,Lump-sum,Civil Works,No,No,NA ,19-Feb-2026 06:50 PM,NA ,120.0,No ,No,Online,12-Mar-2026 03:00 PM,Guwahati Municipal Corporation,Guwahati,781006.0,2.0,"20,00,000",ROYAL TRENDZ,"1,640,200",Rejected-Technical,17-Jul-2026,Guwahati Municipal Corporation
2026_GMDA_50881_1,GMDA/DEV/09/2026/03,Consultancy services for the Preparation of Statutory Master Plan for Jagiroad Satellite Township,Consultancy services for the Preparation of Statutory Master Plan for Jagiroad Satellite Township,Services,Open Tender,Lump-sum,Consultancy,No,No,NA ,06-Feb-2026 05:00 PM,13-Feb-2026 02:00 PM ,180.0,No ,No,Online,27-Feb-2026 03:00 PM,Guwahati Metropolitan Development Authority||Guwahati Development Department - GMDA,GUWAHATI,781005.0,2.0,,Creators Architects,"30,099,086",Rejected-Technical,16-Mar-2026,Guwahati Metropolitan Development Authority||Guwahati Development Department - GMDA
2026_PWBNH_51490_1,SBC/CS/2025-26/11,"Construction of 1000 capacity Auditorium at R.K.Nagar, Karimganj , Assam Auditorium seat 6024 for 1000 nos",Auditorium Chair,Goods,Open Tender,Item Rate,Furniture/ Fixture,No,No,NA ,25-Feb-2026 10:15 AM,14-May-2026 04:15 PM ,180.0,No ,No,Online,15-May-2026 05:00 PM,Public Works Building and NH Department||Chief Engineer-Building - PWBNH||SE-Silchar Circle - PWBNH,"Ramkrishna Nagar,Sribhumi",788166.0,2.0,"60,24,000",FTTC Projects Private Limited,"6,024,000",Rejected-AOC,30-May-2026,Public Works Building and NH Department||Chief Engineer-Building - PWBNH||SE-Silchar Circle - PWBNH
2026_PWBNH_52372_1,CS/10/2026-2027,"Improvement / Construction of Front side Garden including boundary wall, drain, fountain etc. at C.S. Residence, IAS Colony, Khanapara","Improvement / Construction of Front side Garden including boundary wall, drain, fountain etc. at C.S. Residence, IAS Colony, Khanapara",Works,Open Tender,Item Rate,Civil Works - Building,No,No,NA ,16-May-2026 11:00 AM,20-May-2026 12:00 PM ,180.0,No ,No,Online,08-Jun-2026 02:00 PM,Public Works Building and NH Department||Chief Engineer-Building - PWBNH||SE-Guwahati Circle-1 - PWBNH||EE- PCC Division-Dispur - PWBNH,Khanapara,781022.0,2.0,"23,91,721",HIGH-TECH ECOGREEN CONTRACTORS LLP,"2,503,572",Rejected-AOC,31-Jul-2026,Public Works Building and NH Department||Chief Engineer-Building - PWBNH||SE-Guwahati Circle-1 - PWBNH||EE- PCC Division-Dispur - PWBNH
2026_PWD_50704_1,GLP/EE(GE_J)/PDNA/2025-26/1969 Dated 30/01/2026,"GLP/EE(GE_J)/NDRF(PDNA 2022)/2025 26/01 Recovery and Reconstruction of Approaches of RCC Bridge No. 7/1, 10/1 and 11/1 on MatiaSimlitola Road under NDRF (PDNA 2022) for the year 2025-26 of Goalpara District (Goalpara East LAC)","GLP/EE(GE_J)/NDRF(PDNA 2022)/2025 26/01 Recovery and Reconstruction of Approaches of RCC Bridge No. 7/1, 10/1 and 11/1 on MatiaSimlitola Road under NDRF (PDNA 2022) for the year 2025-26 of Goalpara District (Goalpara East LAC)",Works,Open Tender,Item Rate,Civil Works – Roads,No,No,NA ,02-Feb-2026 04:00 PM,05-Feb-2026 10:00 AM ,180.0,No ,No,Online,19-Feb-2026 04:00 PM,Public Works Roads Department,Goalpara,783101.0,2.0,"71,36,555",Nozrul Islam,"5,708,529",Rejected-Technical,16-Jul-2026,Public Works Roads Department
2025_PWRDW_49122_6,EAP/ARRBP eCF No 720769/7,Dhemaji/15 Construction of Bridge i) Br No 4/1 of Gandhia to Thekeraguri Road,Construction of Bridge in DhemajiDistrict i) Br No 4/1 of Gandhia to Thekeraguri Road,Works,Open Tender,Item Rate,Civil Works - Bridges,No,No,NA ,10-Dec-2025 09:00 AM,17-Dec-2025 11:00 AM ,90.0,No ,No,Online,30-Dec-2025 02:30 PM,Public Works Roads Department-Externally Aided Project||Public Works Road Department- World Bank Funded Tenders||Assam State Bridge Infrastructure Program,Dhemaji District,787110.0,2.0,"3,70,19,000",M/s Purbanchal Suppliers & Contractors,"35,905,697",Rejected-Finance,24-Jul-2026,Public Works Roads Department-Externally Aided Project||Public Works Road Department- World Bank Funded Tenders||Assam State Bridge Infrastructure Program
2026_GMDA_49952_1,GMDA/DEV/42/2025/22,Cleaning and Desilting of pond infront of Govt. Ayurvedic College and Hospital and near approach road to Assam Engineering College at Jalukbari-(Package-I),Cleaning and Desilting of pond infront of Govt. Ayurvedic College and Hospital and near approach road to Assam Engineering College at Jalukbari-(Package-I),Works,Open Tender,Item Rate,Civil Works,No,No,NA ,05-Jan-2026 05:30 PM,NA ,180.0,No ,No,Online,03-Feb-2026 03:00 PM,Guwahati Metropolitan Development Authority||Guwahati Development Department - GMDA,"JALUKBARI,GUWAHATI",781013.0,2.0,"2,31,32,942",Bhaba Kanta Nath,"23,113,814.9",Rejected-AOC,10-Jul-2026,Guwahati Metropolitan Development Authority||Guwahati Development Department - GMDA
2026_PWBNH_51415_1,SE/BII/SEMINAR_GUESTHOUSE/ASTU,"Construction and Vertical Extension of Seminar Cum Guest House Building with 1 No. of Floor (i.e. 2nd Floor) at Assam Science and Technology University, Guwahati-781013 during the year 2025-26","Construction and Vertical Extension of Seminar Cum Guest House Building with 1 No. of Floor (i.e. 2nd Floor) at Assam Science and Technology University, Guwahati-781013 during the year 2025-26",Works,Open Tender,Item Wise,Civil Works - Building,No,No,NA ,23-Feb-2026 01:00 PM,27-Feb-2026 12:00 PM ,180.0,No ,No,Online,18-Mar-2026 11:30 AM,Public Works Building and NH Department||Chief Engineer-Building - PWBNH||SE-Guwahati Circle-2 - PWBNH,Assam Science and Technology University,781013.0,2.0,"1,90,22,792",M/S L.A. ENTERPRISE,"16,170,548",Accepted-AOC,16-Jul-2026,Public Works Building and NH Department||Chief Engineer-Building - PWBNH||SE-Guwahati Circle-2 - PWBNH
2025_DoWR_49447_1,UDALGURI/2025-16/SOPD-G/I,Anti erosion (A/E) measures on the L/B of Dhansiri River at No.1 Daidenguri village area.,Anti erosion (A/E) measures on the L/B of Dhansiri River at No.1 Daidenguri village area.,Works,Open Tender,Works,Civil Works,No,No,NA ,18-Dec-2025 01:00 PM,NA ,180.0,No ,No,Online,02-Jan-2026 03:00 PM,Department of Water Resources||Chief Engineer - DoWR,UDALGURI,784509.0,2.0,"49,95,381",ANIMA DAIMARI,"4,995,355.32",Rejected-AOC,10-Jul-2026,Department of Water Resources||Chief Engineer - DoWR
2026_AHVD_50311_2,E-725457/2025-26/DFA/1586586,RENOVATION OF SUB- CENTRE BUILDING AT MAGURI IN BARPETA DIST. UNDER SOPD-G SCHEME,RENOVATION OF SUB- CENTRE BUILDING AT MAGURI IN BARPETA DIST. UNDER SOPD-G SCHEME,Works,Open Tender,Item Rate,Civil Works,No,No,NA ,20-Jan-2026 11:00 AM,28-Jan-2026 01:00 PM ,180.0,No ,No,Online,10-Feb-2026 03:00 PM,Animal Husbandry and Veterinary Department||Directorate of A.H. and Veterinary,Barpeta,781375.0,2.0,"7,85,200",M/s Kamakhya Global,"620,036.02",Rejected-Finance,29-Jul-2026,Animal Husbandry and Veterinary Department||Directorate of A.H. and Veterinary
2026_PWRDW_51871_1,Ecf No. 716719/26,Construction of Bridge in Baksa district i) Br. No. 1/1 on Doomni to Bonahopa Road,Construction of Bridge in Baksa district i) Br. No. 1/1 on Doomni to Bonahopa Road for Package No. CE/EAP/ARRBP/OCB/Bridge-1/Baksa/10,Works,Open Tender,Item Wise,Civil Works - Bridges,No,No,NA ,11-Mar-2026 11:30 AM,18-Mar-2026 11:00 AM ,180.0,No ,No,Online,01-Apr-2026 02:30 PM,Public Works Roads Department-Externally Aided Project||Public Works Road Department- World Bank Funded Tenders||PWD (R) - ARRBP,Baksa,781372.0,2.0,"3,94,79,000",Competent Infrastructure and consulting(CICON) Pvt.Ltd,"41,277,744",Accepted-AOC,20-Jul-2026,Public Works Roads Department-Externally Aided Project||Public Works Road Department- World Bank Funded Tenders||PWD (R) - ARRBP
2025_PWBNH_48401_7,Tech-IV(H_E)/RIDF XXXI/01/2025/30 Dated Guwahati the 22nd Oct 2025,Package-25 Construction of 100 Secondary Schools in 35 Districts of Assam under RIDF-XXXI (2025-26) for Moirabari Girls High School under Morigaon DTBD,Package-25 Construction of 100 Secondary Schools in 35 Districts of Assam under RIDF-XXXI (2025-26) for Moirabari Girls High School under Morigaon DTBD,Works,Open Tender,Item Rate,Civil Works - Building,No,No,NA ,04-Nov-2025 09:00 AM,07-Nov-2025 11:00 AM ,180.0,No ,No,Online,21-Nov-2025 04:00 PM,Public Works Building and NH Department||Chief Engineer-Building - PWBNH,Morigaon,782105.0,2.0,"4,11,28,122",S D BAJAJ,"44,723,099",Accepted-AOC,03-Jul-2026,Public Works Building and NH Department||Chief Engineer-Building - PWBNH
2026_AHVD_50311_3,E-725457/2025-26/DFA/1586586,"CONSTRUCTION OF RCC RING WELL AND REPAIRING OF A.C ETC. AT PIG BREEDING FARM, KHANAPARA UNDER SOPD-G SCHEME","CONSTRUCTION OF RCC RING WELL AND REPAIRING OF A.C ETC. AT PIG BREEDING FARM, KHANAPARA UNDER SOPD-G SCHEME",Works,Open Tender,Item Rate,Civil Works,No,No,NA ,20-Jan-2026 11:00 AM,28-Jan-2026 01:00 PM ,180.0,No ,No,Online,10-Feb-2026 03:00 PM,Animal Husbandry and Veterinary Department||Directorate of A.H. and Veterinary,Guwahati,781022.0,2.0,"5,14,000",KD ASSOCIATES,"510,003.25",Rejected-Finance,29-Jul-2026,Animal Husbandry and Veterinary Department||Directorate of A.H. and Veterinary
2026_PWRDW_51562_1,Ecf No. 716719/23,Construction of Bridge in Baksa district i) Br. No. 1/1 on NH-31 to Dipta,Construction of Bridge in Baksa district i) Br. No. 1/1 on NH-31 to Dipta Package No. CE/EAP/ARRBP/OCB/Bridge-1/Baksa/12,Works,Open Tender,Item Rate,Civil Works - Bridges,No,No,NA ,27-Feb-2026 11:00 AM,05-Mar-2026 11:00 AM ,180.0,No ,No,Online,24-Mar-2026 02:30 PM,Public Works Roads Department-Externally Aided Project||Public Works Road Department- World Bank Funded Tenders||PWD (R) - ARRBP,Baksa,781315.0,2.0,"1,47,19,000",Competent Infrastructure and consulting(CICON) Pvt.Ltd,"13,755,707",Rejected-Finance,14-Jul-2026,Public Works Roads Department-Externally Aided Project||Public Works Road Department- World Bank Funded Tenders||PWD (R) - ARRBP
2025_PWD_47084_18,CE/DEV/TB/60/2025-26/19 Dtd- 20.08.2025,MMPPNA_RIDF_XXXI_25_26_507 Improvement Road of 8th Mile Namghar to Na-Basa gaon under Mukhya Mantrir Paki Path Nirman Achani (MMPPNA) under RIDF-XXXI of NABARD for the year 2025-26.,MMPPNA_RIDF_XXXI_25_26_507 Improvement Road of 8th Mile Namghar to Na-Basa gaon under Mukhya Mantrir Paki Path Nirman Achani (MMPPNA) under RIDF-XXXI of NABARD for the year 2025-26.,Works,Open Tender,Item Rate,Civil Works – Roads,No,No,NA ,30-Aug-2025 06:00 PM,04-Sep-2025 12:00 PM ,180.0,No ,No,Online,19-Sep-2025 02:30 PM,Public Works Roads Department,Sadia,786155.0,2.0,"2,45,06,000",Babar Ali Khan,"24,506,000",Accepted-AOC,14-Jul-2026,Public Works Roads Department
2026_PWD_50168_1,BSPTRD/TECH/PDNA/168/2025-26,BSPTRD/PDNA/2025-26/1,Recovery and Reconstruction of Barpeta Road Station Feeder Road under NDRF (PDNA-2022) for the year 2025-26.,Works,Open Tender,Item Rate,Civil Works – Roads,No,No,NA ,13-Jan-2026 10:00 AM,NA ,180.0,No ,No,Online,02-Feb-2026 02:00 PM,Public Works Roads Department,Barpeta Road,781315.0,2.0,"25,00,000",JINTU DAS,"1,975,002.21",Accepted-AOC,17-Jul-2026,Public Works Roads Department
2026_DoWR_49987_1,NAGAON/2025-26/M and R/IV,M AND R to Protection of East Tetelisora area under Kampur Revenue Circle from the avulsion of river Haria on its right bank.,M AND R to Protection of East Tetelisora area under Kampur Revenue Circle from the avulsion of river Haria on its right bank.,Works,Open Tender,Works,Civil Works,No,No,NA ,06-Jan-2026 04:00 PM,NA ,180.0,No ,No,Online,20-Jan-2026 03:00 PM,Department of Water Resources||Chief Engineer - DoWR,NAGAON,782001.0,2.0,"4,95,53,706",SANJIB BORUAH,"49,549,985.89",Accepted-AOC,04-Jul-2026,Department of Water Resources||Chief Engineer - DoWR
2026_WPTBC_50767_1,PTDC/Engg/2026-27/474,"Construction of Additional Classroom at Jambuguri ME School, Kachugaon, Dist- Kokrajhar under Dharti Aaba Janjatiya Gram Urkarsh Abhiyan during the year 2025-26.","Construction of Additional Classroom at Jambuguri ME School, Kachugaon, Dist- Kokrajhar under Dharti Aaba Janjatiya Gram Urkarsh Abhiyan during the year 2025-26.",Works,Open Tender,Works,Civil Works,No,No,NA ,05-Feb-2026 11:00 AM,06-Feb-2026 11:30 AM ,180.0,No ,No,Online,17-Feb-2026 03:00 PM,Welfare of Plain Tribes and Backward Classes||Director - WPT and BC||Assam Plains Tribes Development Corporation Ltd.,"Kachugaon, Dist- Kokrajhar",783370.0,2.0,"25,00,000",Devajit Kutum,"2,250,000",Accepted-AOC,06-Jul-2026,Welfare of Plain Tribes and Backward Classes||Director - WPT and BC||Assam Plains Tribes Development Corporation Ltd.
2025_PWD_48888_20,EAP/ARRBP eCF No. 720769/5,Lakhimpur/24 Construction of Bridge in Lakhimpur District i) Br No. 10/1 on Bihpuria to NH-15 at Pathalipahar via Borbali,Construction of Bridge in Lakhimpur District i) Br No. 10/1 on Bihpuria to NH-15 at Pathalipahar via Borbali,Works,Open Tender,Item Rate,Civil Works - Bridges,No,No,NA ,01-Dec-2025 09:00 AM,08-Dec-2025 11:00 AM ,90.0,No ,No,Online,15-Dec-2025 02:30 PM,Public Works Roads Department,Lakhimpur District,784161.0,2.0,"1,03,65,000",ARPANAM KAKATI,"10,767,685.65",Accepted-AOC,30-Jul-2026,Public Works Roads Department
2026_PWRDW_50814_5,eCF No 720769/11,Dibrugarh/05B Construction of Bridge in Dibrugarh district i) Br.No.1/1Rajgarh to Maijan Hospital Road,Construction of Bridge in Dibrugarh district i) Br.No.1/1 Rajgarh to Maijan Hospital Road,Works,Open Tender,Item Rate,Civil Works - Bridges,No,No,NA ,06-Feb-2026 09:00 AM,13-Feb-2026 11:00 AM ,90.0,No ,No,Online,20-Feb-2026 02:30 PM,Public Works Roads Department-Externally Aided Project||Public Works Road Department- World Bank Funded Tenders||PWD (R) - ARRBP,Dibrugarh District,786611.0,2.0,"2,52,01,000",NUMAL SAIKIA,"25,201,000",Accepted-AOC,29-Jul-2026,Public Works Roads Department-Externally Aided Project||Public Works Road Department- World Bank Funded Tenders||PWD (R) - ARRBP
2026_PWD_51895_2,NIT/DMTRD/PMKKKY /2019-20/W-27/Pt-I/1049,"Construction of Ledo ITI College Road of Margherita LAC under PMKKKY Scheme of District Mineral Foundation Trust, Tinsukia for the year 2025-26","Construction of Ledo ITI College Road of Margherita LAC under PMKKKY Scheme of District Mineral Foundation Trust, Tinsukia for the year 2025-26",Works,Open Tender,Item Rate,Civil Works – Roads,No,No,NA ,12-Mar-2026 04:00 PM,19-Mar-2026 02:00 PM ,180.0,No ,No,Online,08-Apr-2026 02:00 PM,Public Works Roads Department||Eastern Zone - PWRD||Tinsukia Road Circle||Digboi and Margherita Territorial Road Division,Ledo,786182.0,2.0,"1,49,99,839",M/S Subhash Mitra,"14,999,401",Not Admitted-Fee/PreQual/Technical,01-Jul-2026,Public Works Roads Department||Eastern Zone - PWRD||Tinsukia Road Circle||Digboi and Margherita Territorial Road Division
2025_PWD_48196_3,CE/STBR/SOPD-G/NIT/07/36,STBR/SOPD-G/ Patharkandi-05/17,Maintenance of Kotamoni Piplapunjee Road under MMPNA under SOPD-G,Works,Open Tender,Item Rate,Civil Works,No,No,NA ,22-Oct-2025 06:00 PM,NA ,180.0,No ,No,Online,04-Nov-2025 09:00 AM,Public Works Roads Department,PATHARKANDI,788724.0,2.0,,S ENTERPRISE,"6,365,000",Accepted-AOC,16-Jul-2026,Public Works Roads Department
2025_PWD_49196_3,EE/DCLKT/NIT/SOPD-G/1/2025/9,Improvement of Road from MN Road to Rangchali (Ch. 500.00 M to Ch. 2800.00 M) under Mukhya Mantrir Path Nabikaran Achani (MMPNA) under SOPD-G for the year 2025-26,Improvement of Road from MN Road to Rangchali (Ch. 500.00 M to Ch. 2800.00 M) under Mukhya Mantrir Path Nabikaran Achani (MMPNA) under SOPD-G for the year 2025-26,Works,Open Tender,Item Rate,Civil Works – Roads,No,No,NA ,21-Feb-2026 02:00 PM,NA ,180.0,No ,No,Online,26-Feb-2026 02:30 PM,Public Works Roads Department,Tingkhong,786612.0,2.0,"46,00,000",Tankeswar Gogoi,"4,600,000",Accepted-AOC,23-Jul-2026,Public Works Roads Department
2025_ICD_48902_1,C and P/PL/2025-26/02,Empanelment of Steel Pipeline Contractors for various Emergency and Reactive Maintenance works,Empanelment of Steel Pipeline Contractors for various Emergency and Reactive Maintenance works,Services,Open Tender,Empanelment,Repair and Maintenance Services,No,No,NA ,28-Nov-2025 10:00 AM,05-Dec-2025 09:00 AM ,180.0,No ,No,Online,19-Dec-2025 11:00 AM,Industries and Commerce Department||Assam Gas Company Ltd - ICD,Operational areas of AGCL,786602.0,2.0,,J. M. ENGINEERING AND CO.,"1,466,200",Accepted-AOC,08-Jul-2026,Industries and Commerce Department||Assam Gas Company Ltd - ICD
2025_SEEDE_48630_1,ASU/Server-Infra/2024/112/77,Supply Installation Testing and Commissioning OF 1 Gbps and 500 Mbps INTERNET LEASED LINE ON FIBRE IN ASU,"SUPPLY INSTALLATION TESTING and COMMISSIONING OF 1 Gbps_Lot 1, 500 Mbps_Lot 2 INTERNET LEASED LINE (ILL) ON FIBRE IN ASSAM SKILL UNIVERSITY AT MANGALDAI, DARRANG, ASSAM - 784125",Services,Open Tender,Item Wise,Information Technology,No,No,NA ,14-Nov-2025 05:20 PM,NA ,90.0,No ,No,Online,10-Dec-2025 03:30 PM,Skill Employment and Entrepreneurship Department- Externally Aided Project||Assam Skill University Project- ADB Funded Tenders,"ASU Campus, Mangaldoi",784125.0,2.0,,Anonet Communications Private Limited,"849,960",Rejected-Finance,29-May-2026,Skill Employment and Entrepreneurship Department- Externally Aided Project||Assam Skill University Project- ADB Funded Tenders
2026_BoTC_52267_1,BTC/BMB/02/2026,Selection of an Agency for Establishment and Commissioning of Material Recovery Facility,"Selection of an Agency for Establishment and Commissioning of Material Recovery Facility (MRF) and Waste to Compost Plant (W2C) at Bijni MB, BTAD, Assam",Works,Open Tender,Works,Civil Works,No,No,NA ,11-May-2026 11:00 AM,19-May-2026 11:00 AM ,180.0,No ,No,Online,02-Jun-2026 11:30 AM,Bodoland Territorial Council||Urban Development Town and Country Planning-BTC,Bijni,783390.0,2.0,,DHANESWAR MUCHAHARY,"3,923,000",Accepted-AOC,07-Jul-2026,Bodoland Territorial Council||Urban Development Town and Country Planning-BTC
2025_PWD_47716_3,CE/DEV/TB/168/2025-26/01 Dtd- 16.09.2025,SOPD_G_25_26_39 (1) Strengthening and widening of road from Rangirkhari point to Shib Colony (2) Restoration of damaged ICBP surface of Road from Chirukandi point- Ramnagar (NH-37 to C.R. Avenue point) (3) Strengthening of wearing coat repairing of R,SOPD_G_25_26_39 (1) Strengthening and widening of road from Rangirkhari point to Shib Colony (2) Restoration of damaged ICBP surface of Road from Chirukandi point- Ramnagar (NH-37 to C.R. Avenue point) (3) Strengthening of wearing coat repairing of R,Works,Open Tender,Item Rate,Civil Works – Roads,No,No,NA ,07-Oct-2025 05:55 PM,07-Oct-2025 06:00 PM ,180.0,No ,No,Online,15-Oct-2025 02:30 PM,Public Works Roads Department,Silchar,788001.0,2.0,"98,86,000",HIROK CHOUDHURY,"9,885,500",Rejected-Finance,03-Jul-2026,Public Works Roads Department
2026_PWRDW_50391_17,716719/15,Construction of Bridge in Biswanath district i) Br. No. 1/1 on Karbi Block Eco Camp to Joypur Road,Construction of Bridge in Biswanath district i) Br. No. 1/1 on Karbi Block Eco Camp to Joypur Road Package No. CE/EAP/ARRBP/OCB/Bridge-1/Biswanath/21,Works,Open Tender,Item Rate,Civil Works - Bridges,No,No,NA ,22-Jan-2026 05:55 PM,28-Jan-2026 11:00 AM ,180.0,No ,No,Online,12-Feb-2026 02:30 PM,Public Works Roads Department-Externally Aided Project||Public Works Road Department- World Bank Funded Tenders||PWD (R) - ARRBP,Biswanath,784176.0,2.0,"2,13,15,000",Biswaranjan Borah,"20,227,935",Rejected-Technical,29-Jul-2026,Public Works Roads Department-Externally Aided Project||Public Works Road Department- World Bank Funded Tenders||PWD (R) - ARRBP
2026_NHM_50609_1,NHM/ECF/275257,"Construction of Buildingless Sub Health Centre in at Khetrihardia SC in Kamrup District under PM ABHIM for FY 2021-22 under NHM, Assam on Turnkey Basis","Construction of Buildingless Sub Health Centre in at Khetrihardia SC in Kamrup District under PM ABHIM for FY 2021-22 under NHM, Assam on Turnkey Basis",Works,Open Tender,Turn-key,Civil Works - Building,No,No,NA ,29-Jan-2026 05:00 PM,NA ,180.0,No ,No,Online,13-Feb-2026 03:30 PM,National Health Mission||State Programme Management Unit - NHM,Kamrup R,781001.0,2.0,"52,03,000",PRATAYUSH ENTERPRISE,"5,202,000",Rejected-Finance,01-Jul-2026,National Health Mission||State Programme Management Unit - NHM
2026_DoWR_49898_1,JORHAT/2025-26/ PDNA/WORK/VII,Restoration of flood damage for PDNA 2022 of B/Dyke from Gohaingaon to Nahatia.,Restoration of flood damage for PDNA 2022 of B/Dyke from Gohaingaon to Nahatia.,Works,Open Tender,Works,Civil Works,No,No,NA ,03-Jan-2026 02:00 PM,NA ,180.0,No ,No,Online,13-Jan-2026 03:00 PM,Department of Water Resources||Chief Engineer - DoWR,Jorhat,785001.0,2.0,"32,19,134",MOHAN CH DAS,"3,218,892",Accepted-AOC,21-Jul-2026,Department of Water Resources||Chief Engineer - DoWR
2026_BoTC_52756_1,DPRD/BTC/SOPD/(15th FC)T(VIII)/Udl-49/2026/12,Improvement of water distribution network at Udalguri Block Block ID 1007 Activity code 126153294 under 15th FC Tied Grant for the year 2024-25 during 2025-26,DPRD/BTC/SOPD/(15th FC)T(VIII)/Udl-49/2026/12,Works,Open Tender,Item Rate,Civil Works,No,No,NA ,15-Jun-2026 10:30 AM,NA ,180.0,No ,No,Online,07-Jul-2026 02:30 PM,Bodoland Territorial Council||Panchayat and Rural Development-BTC,Udalguri,784509.0,2.0,"94,56,000",Babul Baglari,"9,453,299",Accepted-AOC,17-Jul-2026,Bodoland Territorial Council||Panchayat and Rural Development-BTC
2026_PWBNH_52311_1,SBC/CS/2026-27/02/Gr-II,Upgradation of toilet facilities in Court complex at Hailakandi AssamGrII,"Civil, Sanitary and Water supply and Electrical Work and Road Work",Works,Open Tender,Item Rate,Civil Works - Building,No,No,NA ,13-May-2026 09:00 AM,25-May-2026 12:00 PM ,180.0,No ,No,Online,02-Jun-2026 04:00 PM,Public Works Building and NH Department||Chief Engineer-Building - PWBNH||SE-Silchar Circle - PWBNH,"Hailakandi Court Campus,",788151.0,2.0,"13,53,781",A K ENTERPRISE,"1,353,779",Rejected-Technical,24-Jun-2026,Public Works Building and NH Department||Chief Engineer-Building - PWBNH||SE-Silchar Circle - PWBNH
2026_BTC_51374_1,No.ACE-133/PWD/G.79/2025-26/71,"Renovation and Development of Kalaguru Bishnu Rabha Degree College, Orang, Dist. Udalguri, BTAD, under SOPD (79), Bodoland Welfare Department 2025-26. TN_111_48","Renovation and Development of Kalaguru Bishnu Rabha Degree College, Orang, Dist. Udalguri, BTAD, under SOPD (79), Bodoland Welfare Department 2025-26. TN_111_48",Works,Open Tender,Item Rate,Civil Works - Building,No,No,NA ,20-Feb-2026 10:00 AM,NA ,180.0,No ,No,Online,06-Mar-2026 02:00 PM,Bodoland Territorial Council-PWD||Director Cum CHD - PWD BTC,Kokrajhar,783370.0,2.0,"4,41,69,912",M/S J.K ENTERPRISE,"44,169,904.28",Rejected-AOC,28-Jul-2026,Bodoland Territorial Council-PWD||Director Cum CHD - PWD BTC
2025_MDRDE_49287_1,IN-AHIDMS-526826-CW-RFB,"Repair and renovation work in Karimganj Civil Hospital, Sribhumi, Assam under ASSIST project","Repair and renovation work in Karimganj Civil Hospital, Sribhumi, Assam under ASSIST project",Works,Open Tender,Lump-sum,Civil Works - Building,No,No,NA ,16-Dec-2025 06:00 PM,NA ,150.0,No ,No,Online,28-Jan-2026 03:00 PM,Medical Education and Research Department- Externally Aided Project||Assam Health Infrastructure Development and Management Society,As per bid document,781022.0,2.0,"17,99,00,000",M/s Macrocosm Builders,"156,928,199.62",Accepted-AOC,08-Jul-2026,Medical Education and Research Department- Externally Aided Project||Assam Health Infrastructure Development and Management Society
2025_PWD_47305_1,CE/Commn/16/202526/22(Re Bid),Chabua- Lahowal/MMPPNA/04,"Constrn of 1.DikomOP to JyotiNagarPath , 2.Dinjoy Satra Road3.SwahidBhogeswer Gogoi Path to Dongor Chuk Road, 4.Khound Chuk to Baghar Ghor Road, 5.Sealkati TE to Jungle Line6. Betmela PanidubaRoadunderMMPPNA for25-26",Works,Open Tender,Item Wise,Civil Works – Roads,No,No,NA ,05-Sep-2025 06:00 PM,09-Sep-2025 04:00 PM ,180.0,No ,No,Online,15-Sep-2025 02:30 PM,Public Works Roads Department||CE PWD(R) - PWD||Traffic Engineering Cell - PWD,Chabua- Lahowal,786184.0,2.0,"1,37,28,000",M/S M.B.M CONSTRUCTION,"13,728,000",Accepted-AOC,14-Jul-2026,Public Works Roads Department||CE PWD(R) - PWD||Traffic Engineering Cell - PWD
2024_AEGCL_38687_1,AEGCL/MD/CGM(UAR)/PT/2024/BID,Supply of 220KV Potential Transformers for Upper Assam Region of AEGCL,Supply of 220KV Potential Transformers for Upper Assam Region of AEGCL,Goods,Open Tender,Supply,Electrical Work/ Equipment,No,No,NA ,30-Aug-2024 12:00 PM,NA ,180.0,No ,No,Online,20-Sep-2024 02:00 PM,Assam Electricity Grid Corporation Ltd||CGM (T and T),220KV Mariani GSS and 220KV Tinsukia GSS,786146.0,2.0,"37,52,400",ARADHANA AGENCY,"3,141,160",Rejected-Technical,16-Jul-2026,Assam Electricity Grid Corporation Ltd||CGM (T and T)
2025_PWD_45495_16,CE/Commn/16/202526/3,Teok/ SOPD/3,Const of1)Rd frm Da GayanGaon Buha Nmghar To Gayan Bmun Gaon Rd2)Rd from Malowali to Kamalaboria Gaon connecting Rd ( Dagaon Pass Ali To Sosan Ali)3)Rd frm Lakhimi Nagar Pth 4)Rd fm Nmdeuri Kamata Tini Ali to Namdeuri Girl Schl under SOPD-G fr 25-26,Works,Open Tender,Works,Civil Works – Roads,No,No,NA ,11-Jul-2025 01:00 PM,18-Jul-2025 04:00 PM ,180.0,No ,No,Online,30-Jul-2025 02:30 PM,Public Works Roads Department||CE PWD(R) - PWD||Traffic Engineering Cell - PWD,Teok,785112.0,2.0,"3,30,47,290",RUPANJAL BORBORUAH,"33,046,290",Rejected-AOC,08-Jul-2026,Public Works Roads Department||CE PWD(R) - PWD||Traffic Engineering Cell - PWD
2025_PWBNH_48645_1,CE/TB-III(H_E)/40/2025/13 Dated 22-10-2025,Construction of New Building of 100 Secondary Schools under RIDF-XXXI (2025-26) for PKB Girls HSS under Choraideo DTBD ( Package-53),Construction of New Building of 100 Secondary Schools under RIDF-XXXI (2025-26) for PKB Girls HSS under Choraideo DTBD ( Package-53),Works,Open Tender,Item Rate,Civil Works - Building,No,No,NA ,15-Nov-2025 03:00 PM,19-Nov-2025 11:30 AM ,180.0,No ,No,Online,03-Dec-2025 04:00 PM,Public Works Building and NH Department||Chief Engineer-Building - PWBNH,Choraideo,785690.0,2.0,"4,12,18,190",M/s Bhola Drugs and Surgicals,"44,849,319",Accepted-AOC,02-Jul-2026,Public Works Building and NH Department||Chief Engineer-Building - PWBNH
2026_PWRDW_51562_3,Ecf No. 716719/23,Construction of Bridge in Biswanath district i) Br. No. 2/2 on Jaranigaon to kakila Road,Construction of Bridge in Biswanath district i) Br. No. 2/2 on Jaranigaon to kakila Road Package No. CE/EAP/ARRBP/OCB/Bridge-1/Biswanath/33,Works,Open Tender,Item Rate,Civil Works - Bridges,No,No,NA ,27-Feb-2026 11:30 AM,05-Mar-2026 11:00 AM ,180.0,No ,No,Online,24-Mar-2026 02:30 PM,Public Works Roads Department-Externally Aided Project||Public Works Road Department- World Bank Funded Tenders||PWD (R) - ARRBP,Biswanath,784176.0,2.0,"2,62,45,000",Manoj Kr. Borah,"27,455,758",Accepted-AOC,20-Jul-2026,Public Works Roads Department-Externally Aided Project||Public Works Road Department- World Bank Funded Tenders||PWD (R) - ARRBP
2025_AEGCL_46039_1,AEGCL/DGM/TTC/JRT/33VCB/T 31/2025/453,"Supply of 06 nos. of 33KV Vacuum Circuit Breaker 02 nos. each for Mariani Division, Nazira Division and T and T Division, Golaghat under T and T Circle Jorhat","Supply of 06 nos. of 33KV Vacuum Circuit Breaker 02 nos. each for Mariani Division, Nazira Division and T and T Division, Golaghat under T andT Circle Jorhat",Services,Open Tender,Supply,Supply/Erection/Commissioning Services,No,No,NA ,30-Jul-2025 12:00 PM,NA ,180.0,No ,No,Online,10-Sep-2025 02:30 PM,Assam Electricity Grid Corporation Ltd||CGM (T and T),"220kV Mariani GSS, 132kV Nazira GSS and T T Divisi",785001.0,2.0,"29,45,280",Shiv Construction,"2,486,850",Accepted-AOC,20-Jul-2026,Assam Electricity Grid Corporation Ltd||CGM (T and T)
2026_WPTBC_51501_1,PTDC/Engg/2026-27/500,"Construction work for special Home under Vatsalaya Sadan at Baska, BTAD, district.","Construction work for special Home under Vatsalaya Sadan at Baska, BTAD, district.",Works,Open Tender,Item Rate,Civil Works,No,No,NA ,26-Feb-2026 09:00 AM,27-Feb-2026 11:30 AM ,180.0,No ,No,Online,10-Mar-2026 03:00 PM,Welfare of Plain Tribes and Backward Classes||Director - WPT and BC,Baska,389350.0,2.0,"1,34,93,500",DNA INFRASTRUCTURE,"12,707,036",Rejected-AOC,16-Jul-2026,Welfare of Plain Tribes and Backward Classes||Director - WPT and BC
2026_AHVD_50311_1,E-725457/2025-26/DFA/1586586,"CONSTRUCTION / EXTENSION OF A ROOM OF THE RABBIT HOUSE, AT RABBIT FARM, INSTITUTE OF VETERINARY BIOLOGICAL CAMPUS, KHANAPARA, GUWAHATI-22 IN KAMRUP(M) DIST. UNDER SOPD-G SCHEME.","CONSTRUCTION / EXTENSION OF A ROOM OF THE RABBIT HOUSE, AT RABBIT FARM, INSTITUTE OF VETERINARY BIOLOGICAL CAMPUS, KHANAPARA, GUWAHATI-22 IN KAMRUP(M) DIST. UNDER SOPD-G SCHEME.",Works,Open Tender,Item Rate,Civil Works,No,No,NA ,20-Jan-2026 11:00 AM,28-Jan-2026 01:00 PM ,180.0,No ,No,Online,10-Feb-2026 03:00 PM,Animal Husbandry and Veterinary Department||Directorate of A.H. and Veterinary,Guwahati,781022.0,2.0,"10,00,000",KD ASSOCIATES,"998,123.97",Rejected-Finance,29-Jul-2026,Animal Husbandry and Veterinary Department||Directorate of A.H. and Veterinary
2025_PWBNH_48374_1,CE/TB-III(B)/76/2024/16,"Proposed Construction of Kalikaprasad Bhattacharjee Prekshagriha in Katigorah LAC, Cachar District","Proposed Construction of Kalikaprasad Bhattacharjee Prekshagriha in Katigorah LAC, Cachar District",Works,Open Tender,Item Rate,Civil Works - Building,No,No,NA ,01-Nov-2025 06:00 PM,04-Nov-2025 11:00 AM ,180.0,No ,No,Online,17-Nov-2025 03:00 PM,Public Works Building and NH Department||Chief Engineer-Building - PWBNH,Katigorah,788805.0,2.0,"10,98,47,789",DIPAK DAS,"109,847,789",Accepted-AOC,01-Jul-2026,Public Works Building and NH Department||Chief Engineer-Building - PWBNH
2026_PWRDW_51761_4,RFB No CE/EAP/ARRBP/BR/Z4/2025/T07,"Construction of RCC Bridge No- 1/1, RCC Bridge over Tarang River at Bwigriguri village Kokrajhar/26","Construction of RCC Bridge No- 1/1, RCC Bridge over Tarang River at Bwigriguri village CE/EAP/ARRBP/OCB/Bridge-1/Kokrajhar/26",Works,Open Tender,Item Rate,Civil Works - Bridges,No,No,NA ,07-Mar-2026 06:00 PM,NA ,180.0,No ,No,Online,20-Mar-2026 02:30 PM,Public Works Roads Department-Externally Aided Project||Public Works Road Department- World Bank Funded Tenders||Assam State Bridge Infrastructure Program,Kokrajhar,783370.0,2.0,"5,03,22,000",DULAL DEBNATH,"47,799,000",Rejected-Finance,15-Jul-2026,Public Works Roads Department-Externally Aided Project||Public Works Road Department- World Bank Funded Tenders||Assam State Bridge Infrastructure Program
2025_DoWR_48275_1,CHARAIDEO/2025-26/SOPD G/VII,Protection of upstream and downstream areas of Thukubill Bridge in Sonari Town at right bank from the erosion of river Towkak.,Protection of upstream and downstream areas of Thukubill Bridge in Sonari Town at right bank from the erosion of river Towkak.,Works,Open Tender,Works,Civil Works,No,No,NA ,28-Oct-2025 06:55 PM,NA ,180.0,No ,No,Online,18-Nov-2025 03:00 PM,Department of Water Resources||Chief Engineer - DoWR,CHARAIDEO,785690.0,2.0,"2,74,05,700",BABUL GOHAIN,"27,405,537.94",Accepted-AOC,16-Jul-2026,Department of Water Resources||Chief Engineer - DoWR
2025_PWD_45820_33,CE/STBR/SOPD-G/NIT/07/2025 26/1 Dated 26-06-2025,STBR/SOPD-G/Jalukbari-34/73 Construction of Agshia Hatipara Link Road under SOPD-G for the year 2025-26,STBR/SOPD-G/Jalukbari-34/73 Construction of Agshia Hatipara Link Road under SOPD-G for the year 2025-26,Works,Open Tender,Item Rate,Civil Works – Roads,No,No,NA ,23-Jul-2025 12:00 PM,30-Jul-2025 11:00 AM ,180.0,No ,No,Online,19-Aug-2025 11:00 AM,Public Works Roads Department,Jalukbari,781013.0,2.0,"4,58,000",M/S S.B ENTERPRISE,"458,000",Accepted-AOC,16-Jul-2026,Public Works Roads Department
2026_DoWR_49881_1,JORHAT/2025-26/ PDNA/WORK/I,Restoration of flood damage for PDNA 2022 of Bhogdoi R/B from JB road to Sengeliati.,Restoration of flood damage for PDNA 2022 of Bhogdoi R/B from JB road to Sengeliati.,Works,Open Tender,Works,Civil Works,No,No,NA ,03-Jan-2026 12:00 PM,NA ,180.0,No ,No,Online,13-Jan-2026 03:00 PM,Department of Water Resources||Chief Engineer - DoWR,Jorhat,785001.0,2.0,"32,42,556",GLOBAL POWER AND ENGINEERS,"3,241,152.2",Accepted-AOC,29-Jul-2026,Department of Water Resources||Chief Engineer - DoWR
2026_PWRDW_51761_5,RFB No CE/EAP/ARRBP/BR/Z4/2025/T07,R.C.C Br No 1/1 Pakriguri to Balamguri over river Modati Kokrajhar/20,R.C.C Br No 1/1 Pakriguri to Balamguri over river Modati CE/EAP/ARRBP/OCB/Bridge-1/Kokrajhar/20,Works,Open Tender,Item Rate,Civil Works - Bridges,No,No,NA ,09-Mar-2026 04:00 PM,NA ,180.0,No ,No,Online,20-Mar-2026 02:30 PM,Public Works Roads Department-Externally Aided Project||Public Works Road Department- World Bank Funded Tenders||Assam State Bridge Infrastructure Program,Kokrajhar,783370.0,2.0,"2,24,03,000",M/S ASSAM AGENCIES,"21,708,407",Rejected-Finance,06-Jul-2026,Public Works Roads Department-Externally Aided Project||Public Works Road Department- World Bank Funded Tenders||Assam State Bridge Infrastructure Program
2026_PWRDW_51562_2,Ecf No. 716719/23,Construction of Bridge in Baksa district i) Br. No. 1/1 on Bunmajapum to Mazgaon Road,Construction of Bridge in Baksa district i) Br. No. 1/1 on Bunmajapum to Mazgaon Road Package No. CE/EAP/ARRBP/OCB/Bridge-1/Baksa/13,Works,Open Tender,Item Rate,Civil Works - Bridges,No,No,NA ,27-Feb-2026 11:00 AM,05-Mar-2026 11:00 AM ,180.0,No ,No,Online,24-Mar-2026 02:30 PM,Public Works Roads Department-Externally Aided Project||Public Works Road Department- World Bank Funded Tenders||PWD (R) - ARRBP,Baksa,781315.0,2.0,"3,51,39,000",Competent Infrastructure and consulting(CICON) Pvt.Ltd,"34,583,114",Rejected-Finance,14-Jul-2026,Public Works Roads Department-Externally Aided Project||Public Works Road Department- World Bank Funded Tenders||PWD (R) - ARRBP
2026_DoWR_51074_1,KAMRUP METRO/2025-26/FFM/XXX,Procurement of flood fighting materials (Geo-textile Tube) for Water Resources Department for the year 2025-26 (Zone-D).,Procurement of flood fighting materials (Geo-textile Tube) for Water Resources Department for the year 2025-26 (Zone-D).,Goods,Open Tender,Supply,Supply of Materials,No,No,NA ,11-Feb-2026 06:55 PM,NA ,180.0,No ,No,Online,21-Feb-2026 03:00 PM,Department of Water Resources||Chief Engineer - DoWR,KAMRUP METRO,781029.0,2.0,"2,12,61,712",SMILE NONWOVENS PVT. LTD.,"21,161,700",Rejected-AOC,16-Jul-2026,Department of Water Resources||Chief Engineer - DoWR
2024_BoTC_38928_1,DPRD/BTC/(15th FC)UT/VI/Udl-07/2024/07,Const of road with EF and SG from Sujya Basti to Nripen Chowk including 1 No Slab Culvert under 15th FC Untied Grant for the year 2023-24 during 2024-25.,DPRD/BTC/(15th FC)UT/VI/Udl-07/2024/07,Works,Open Tender,Item Rate,Civil Works,No,No,NA ,11-Sep-2024 10:30 AM,NA ,180.0,No ,No,Online,03-Oct-2024 02:30 PM,Bodoland Territorial Council||Panchayat and Rural Development-BTC,Udalguri,784509.0,2.0,"22,77,454",ALMA BASUMATARY,"2,277,454.1",Rejected-AOC,06-Nov-2024,Bodoland Territorial Council||Panchayat and Rural Development-BTC
2026_DoWR_50458_1,DARRANG/2025-26/SDMF/I,Flood resilience through New embankment with RCC sheet at Noanodi B/B Embankment from Manitari to New B-dyke.,Flood resilience through New embankment with RCC sheet at Noanodi B/B Embankment from Manitari to New B-dyke.,Works,Open Tender,Works,Civil Works,No,No,NA ,21-Jan-2026 06:55 PM,NA ,180.0,No ,No,Online,03-Feb-2026 03:00 PM,Department of Water Resources||Chief Engineer - DoWR,DARRANG,784145.0,2.0,"9,14,85,149",M/S Raj Kumar Jain,"91,485,000",Accepted-AOC,13-Jul-2026,Department of Water Resources||Chief Engineer - DoWR
2026_PWBNH_52114_1,"Tech-I(H_E)/15/2026/5 Dated Guwahati the 13th March, 2026",Vertical Extension of Pub Kamrup College Girls Hostel (18 Nos. of Room of 50 Bedded Capacity),Vertical Extension of Pub Kamrup College Girls Hostel (18 Nos. of Room of 50 Bedded Capacity),Works,Open Tender,Item Rate,Civil Works - Building,No,No,NA ,16-Mar-2026 06:00 PM,23-Mar-2026 11:30 AM ,180.0,No ,No,Online,31-Mar-2026 03:30 PM,Public Works Building and NH Department||Chief Engineer-Building - PWBNH,Kamrup,781381.0,2.0,"1,07,88,193",Art E Mide Construction Private Limited,"9,169,868",Rejected-AOC,29-Jul-2026,Public Works Building and NH Department||Chief Engineer-Building - PWBNH
2026_PWD_50704_3,GLP/EE(GE_J)/PDNA/2025-26/1969 Dated 30/01/2026,GLP/EE(GE_J)/NDRF(PDNA 2022)/2025 26/03 Recovery and Reconstruction of 10th Km of LK road to Chowkatola Road under NDRF (PDNA-2022) for the year 2025-26 under Goalpara East and Jaleswar Territorial road Division. (Jaleswar LAC),GLP/EE(GE_J)/NDRF(PDNA 2022)/2025 26/03 Recovery and Reconstruction of 10th Km of LK road to Chowkatola Road under NDRF (PDNA-2022) for the year 2025-26 under Goalpara East and Jaleswar Territorial road Division. (Jaleswar LAC),Works,Open Tender,Item Rate,Civil Works – Roads,No,No,NA ,02-Feb-2026 04:00 PM,05-Feb-2026 10:00 AM ,180.0,No ,No,Online,19-Feb-2026 04:00 PM,Public Works Roads Department,Goalpara,783101.0,2.0,"23,99,978",AZMUL HOQUE,"1,773,583",Rejected-Technical,16-Jul-2026,Public Works Roads Department
2026_PWRDW_50391_16,716719/15,Construction of Bridge in Biswanath district i) Br. No. 1/1 on Naharoni to Marua Basti,Construction of Bridge in Biswanath district i) Br. No. 1/1 on Naharoni to Marua Basti Package No. CE/EAP/ARRBP/OCB/Bridge-1/Biswanath/20,Works,Open Tender,Item Rate,Civil Works - Bridges,No,No,NA ,22-Jan-2026 05:50 PM,28-Jan-2026 11:00 AM ,180.0,No ,No,Online,12-Feb-2026 02:30 PM,Public Works Roads Department-Externally Aided Project||Public Works Road Department- World Bank Funded Tenders||PWD (R) - ARRBP,Biswanath,784176.0,2.0,"2,21,43,000",Choudhury Enterprise,"21,013,707",Accepted-AOC,29-Jul-2026,Public Works Roads Department-Externally Aided Project||Public Works Road Department- World Bank Funded Tenders||PWD (R) - ARRBP
2026_PWD_51895_1,NIT/DMTRD/PMKKKY /2019-20/W-27/Pt-I/1049,"Development of Drainage system from Kacha Nala near Ledo College to its outfall at Burhidehing River, Margherita (Construction of Slab Culvert 10.00 m Span) under PMKKKY Scheme for the year 2024-25 of Tinsukia District (Margherita LAC)","Development of Drainage system from Kacha Nala near Ledo College to its outfall at Burhidehing River, Margherita (Construction of Slab Culvert 10.00 m Span) under PMKKKY Scheme for the year 2024-25 of Tinsukia District (Margherita LAC)",Works,Open Tender,Item Rate,Civil Works – Roads,No,No,NA ,12-Mar-2026 04:00 PM,19-Mar-2026 02:00 PM ,180.0,No ,No,Online,08-Apr-2026 02:00 PM,Public Works Roads Department||Eastern Zone - PWRD||Tinsukia Road Circle||Digboi and Margherita Territorial Road Division,Ledo,786182.0,2.0,"74,99,607",M/S Subhash Mitra,"7,499,101",Not Admitted-Fee/PreQual/Technical,24-Jun-2026,Public Works Roads Department||Eastern Zone - PWRD||Tinsukia Road Circle||Digboi and Margherita Territorial Road Division
2026_BTC_51704_1,ACE-133/PWD/G.79/2025-26/76,"Construction of Elaisijhar Anchalik Bathou Kheraisali Rest House including Boundary Wall at Banargaon under 2 No. Dotma (ST) LAC under Bodoland Welfare Department, 2025-26. TN_111_36R","Construction of Elaisijhar Anchalik Bathou Kheraisali Rest House including Boundary Wall at Banargaon under 2 No. Dotma (ST) LAC under Bodoland Welfare Department, 2025-26. TN_111_36R",Works,Open Tender,Item Rate,Civil Works - Building,No,No,NA ,06-Mar-2026 12:00 PM,NA ,180.0,No ,No,Online,13-Mar-2026 02:00 PM,Bodoland Territorial Council-PWD||Director Cum CHD - PWD BTC,Kokrajhar,793370.0,2.0,"46,82,715",BISTI MUSHAHARY,"4,681,808.71",Not Admitted-Fee/PreQual/Technical,23-Jul-2026,Bodoland Territorial Council-PWD||Director Cum CHD - PWD BTC
2025_PWRDW_49588_1,eCF No 720769/9,Charaideo/07 Construction of Bridge in Charaideo District i) Br No. 2/1 on Litinga Basti Road,Construction of Bridge in Charaideo District i) Br No. 2/1 on Litinga Basti Road,Works,Open Tender,Item Rate,Civil Works - Bridges,No,No,NA ,24-Dec-2025 09:00 AM,31-Dec-2025 11:00 AM ,90.0,No ,No,Online,07-Jan-2026 02:30 PM,Public Works Roads Department-Externally Aided Project||Public Works Road Department- World Bank Funded Tenders||PWD (R) - ARRBP,Charaideo District,785690.0,2.0,"1,54,33,000",Prosanta Boruah,"14,632,811.6",Accepted-AOC,21-Jul-2026,Public Works Roads Department-Externally Aided Project||Public Works Road Department- World Bank Funded Tenders||PWD (R) - ARRBP
2026_PWD_51913_1,CS/JTRD/SOPD-G/177/2025-26,"Construction of Sadeswori Boro Path bye lane 5 Shitala Mandir, Manpara from Ch. 0 M to Ch. 230 M under SOPD G for the year 2025 26","Construction of Sadeswori Boro Path bye lane 5 Shitala Mandir, Manpara from Ch. 0 M to Ch. 230 M under SOPD G for the year 2025 26",Works,Open Tender,Item Rate,Civil Works – Roads,No,No,NA ,12-Mar-2026 03:45 PM,16-Mar-2026 02:00 PM ,180.0,No ,No,Online,25-Mar-2026 04:00 PM,Public Works Roads Department,Manpara,781009.0,2.0,"66,33,000",Prakash Kumar Medhi,"6,632,918.56",Accepted-AOC,27-Jul-2026,Public Works Roads Department
2025_PWD_45399_15,CE/DEV/TB/54/2025-26/01 Dtd- 13.06.2025,"MMUPPNA_RIDF_XXXI_25_26_20 Improvement and Widening of (i) Dimow Raidingia Road (From Bamungaon Chariali to Chakalaghat Chariali) from Ch 0.00m to 1400.00m, (ii) Amsoi Dighaliati Road (From Ch 9.60km to 10.60km) under Mukhya Mantrir Unnoto Paki Path","MMUPPNA_RIDF_XXXI_25_26_20 Improvement and Widening of (i) Dimow Raidingia Road (From Bamungaon Chariali to Chakalaghat Chariali) from Ch 0.00m to 1400.00m, (ii) Amsoi Dighaliati Road (From Ch 9.60km to 10.60km) under Mukhya Mantrir Unnoto Paki Path",Works,Open Tender,Item Rate,Civil Works – Roads,No,No,NA ,07-Jul-2025 09:00 AM,14-Jul-2025 12:00 PM ,180.0,No ,No,Online,25-Jul-2025 02:30 PM,Public Works Roads Department,Nagaon,782103.0,2.0,"2,96,00,000",Sri Gaumkta Hojai,"29,599,000",Accepted-AOC,28-Jul-2026,Public Works Roads Department
2026_UDD_51731_1,SMB/690/10236-41 dtd 05/03/2026,CONSTRUCTION OF COVERED DRAIN AT NA ALI FROM THE JUNCTION OF KP CHANGKAKOTY ROAD FROM CHAINAGE 00 M UP TO 275 M AT WARD NO 11 OF SIVASAGAR MUNICIPAL BOARD UNDER 15TH FC,CONSTRUCTION OF COVERED DRAIN AT NA ALI FROM THE JUNCTION OF K.P. CHANGKAKOTY ROAD FROM CHAINAGE 0.00 M UP TO 275.00 M AT WARD NO- 11 OF SIVASAGAR MUNICIPAL BOARD UNDER 15TH FC,Works,Open Tender,Works,Civil Works,No,No,NA ,06-Mar-2026 04:40 PM,NA ,90.0,No ,No,Online,11-Mar-2026 03:00 PM,Urban Development Department||Directorate of Municipality Administration - UDD||Sibsagar Municipal Board,SIVASAGAR,785640.0,2.0,"49,01,218",Abhinob Konwar,"4,851,917.82",Rejected-Finance,17-Jul-2026,Urban Development Department||Directorate of Municipality Administration - UDD||Sibsagar Municipal Board
2025_PWD_49148_2,EE/DCLKT/NIT/SOPD-G/1/2025/5,Construction of 3x 3.00m x 3.00m Box Cell Culvert on Laokhowa Ali under SOPD-G for the year 2025-26,Construction of 3x 3.00m x 3.00m Box Cell Culvert on Laokhowa Ali under SOPD-G for the year 2025-26,Works,Open Tender,Item Rate,Civil Works – Roads,No,No,NA ,28-Jan-2026 02:00 PM,NA ,180.0,No ,No,Online,07-Feb-2026 02:30 PM,Public Works Roads Department,Khowang,785676.0,2.0,"45,30,000",DANISH BHUYAN,"4,530,000",Accepted-AOC,23-Jul-2026,Public Works Roads Department
2025_DoWR_47488_2,HOJAI/2025-26/RIDF/I,Construction of embankment on the right bank of river Kopilli from Jugimukh to Chaparmukh and Padumoni 1 No. colony to Changchaki on the left bank (Ph-III) Package 2,Construction of embankment on the right bank of river Kopilli from Jugimukh to Chaparmukh and Padumoni 1 No. colony to Changchaki on the left bank (Ph-III) Package 2,Works,Open Tender,Works,Civil Works,No,No,NA ,04-Nov-2025 06:55 PM,NA ,180.0,No ,No,Online,15-Nov-2025 03:00 PM,Department of Water Resources||Chief Engineer - DoWR,HOJAI,782435.0,2.0,"4,53,92,314",A R ASSOCIATES,"40,852,631.67",Accepted-AOC,02-Jul-2026,Department of Water Resources||Chief Engineer - DoWR
2026_BTC_51373_1,No.ACE-133/PWD/G.79/2025-26/71,"Development of Bhairabkunda Picnic Spot with Eco Tourism Facility, at Bhairabkunda, Dist. Udalguri, BTAD. TN_111_47","Development of Bhairabkunda Picnic Spot with Eco Tourism Facility, at Bhairabkunda, Dist. Udalguri, BTAD. TN_111_47",Works,Open Tender,Item Rate,Civil Works - Building,No,No,NA ,20-Feb-2026 10:00 AM,NA ,180.0,No ,No,Online,06-Mar-2026 02:00 PM,Bodoland Territorial Council-PWD||Director Cum CHD - PWD BTC,Kokrajhar,783370.0,2.0,"3,91,56,112",M.H. CONSTRUCTION,"39,156,107.49",Rejected-AOC,28-Jul-2026,Bodoland Territorial Council-PWD||Director Cum CHD - PWD BTC
2026_BTC_50255_7,ACE-25/PWD/IFB/BTC/2025-26/65,Construction of Jwmwi Club and Library at Bhanugaon village under Anthaibil VCDC in Kokrajhar District. (TN_82_7),Construction of Jwmwi Club and Library at Bhanugaon village under Anthaibil VCDC in Kokrajhar District.,Works,Open Tender,Item Rate,Civil Works - Building,No,No,NA ,14-Jan-2026 11:00 AM,NA ,180.0,No ,No,Online,03-Feb-2026 03:00 PM,Bodoland Territorial Council-PWD||Director Cum CHD - PWD BTC,Kokrajhar,783370.0,2.0,"50,00,000",ACHINTA BASUMATARY,"5,000,000",Rejected-AOC,02-Jul-2026,Bodoland Territorial Council-PWD||Director Cum CHD - PWD BTC
2026_GU_52205_1,T/26-27/01 Date 29.04.2026,"Civil, electrical and Retrofitting works for strengthening and repairing of RCC-4 Girls Hostel, Gauhati University","Civil, electrical and Retrofitting works for strengthening and repairing of RCC-4 Girls Hostel, Gauhati University",Works,Open Tender,Item Rate,Composite Works,No,No,NA ,30-Apr-2026 04:00 PM,05-May-2026 02:00 PM ,180.0,No ,No,Online,11-May-2026 03:30 PM,Gauhati University,Gauhati University,781014.0,2.0,"2,15,26,377",TRICON,"19,806,180.54",Rejected-Finance,08-Jul-2026,Gauhati University
2025_PWD_45820_54,CE/STBR/SOPD-G/NIT/07/2025 26/1 Dated 26-06-2025,STBR/SOPD-G/Jalukbari-36/75 Constrution of Agshia Mohanar Bari Smasan Link Road under SOPD-G for the year 2025-26,STBR/SOPD-G/Jalukbari-36/75 Constrution of Agshia Mohanar Bari Smasan Link Road under SOPD-G for the year 2025-26,Works,Open Tender,Item Rate,Civil Works – Roads,No,No,NA ,23-Jul-2025 03:00 PM,30-Jul-2025 11:00 AM ,180.0,No ,No,Online,19-Aug-2025 11:00 AM,Public Works Roads Department,Jalukbari,781013.0,2.0,"7,73,000",M/S S.B ENTERPRISE,"773,000",Accepted-AOC,16-Jul-2026,Public Works Roads Department
2026_PWD_49922_13,Tech/NDTRD/NIT/1028/4212 dated 03.01.2026,Tihu_PDNA_2025-26_25,Recovery and Reconstruction of Barkhetri Banekuchi Danguapara road under NDRF (PDNA-2022) for the year 2025-26.,Works,Open Tender,Item Rate,Civil Works – Roads,No,No,NA ,08-Jan-2026 10:30 AM,NA ,180.0,No ,No,Online,21-Jan-2026 10:30 AM,Public Works Roads Department,Nalbari,781335.0,2.0,"35,00,000",ANJU DEKA,"2,817,501",Rejected-Finance,22-Jul-2026,Public Works Roads Department
2026_AEGCL_51771_1,AEGCL/MD/OnM(LAR)/Procurement of AC/2025(R),Supply and installation of industrial grade AC at various Grid Substations in Lower Assam Region of AEGCL,Supply and installation of industrial grade AC at various Grid Substations in Lower Assam Region of AEGCL,Works,Open Tender,Works,Electrical Works,No,No,NA ,09-Mar-2026 09:00 AM,NA ,180.0,No ,No,Online,05-May-2026 02:00 PM,Assam Electricity Grid Corporation Ltd||CGM (T and T),As per bid,781001.0,2.0,"67,53,140",KADAMBINI ELECTRIC,"6,641,748",Rejected-Finance,29-Jul-2026,Assam Electricity Grid Corporation Ltd||CGM (T and T)
2025_PWD_45491_28,CE/Commn/16/2025-26/2,Margherita/SOPD/3,1) Construction of Road from Mugong Bishnupur LP School to 2 No. Tokow Pather Tiniali 2) Gurung Shop tiniali to Poliman House 3) Keshab Tiniali to Gurung Tiniali 4) Hukubar Bazar to Ningam Tiniali under SOPD-G under Digboi Margherita TRD for 2025-26,Works,Open Tender,Item Rate,Civil Works – Roads,No,No,NA ,11-Jul-2025 12:30 PM,18-Jul-2025 04:00 PM ,180.0,No ,No,Online,30-Jul-2025 02:30 PM,Public Works Roads Department,Margherita,786181.0,2.0,"3,72,57,000",Babar Ali Khan,"37,256,500",Accepted-AOC,02-Jul-2026,Public Works Roads Department
2026_PWRDW_50391_6,716719/15,Construction of Bridge in Sonitpur district i) Br. No. 2/1 on Tengabasti Sivapuri to Hajong Gaon Connected Road,Construction of Bridge in Sonitpur district i) Br. No. 2/1 on Tengabasti Sivapuri to Hajong Gaon Connected Road Package No. CE/EAP/ARRBP/OCB/Bridge-1/Sonitpur/22,Works,Open Tender,Item Rate,Civil Works - Bridges,No,No,NA ,22-Jan-2026 01:00 PM,28-Jan-2026 11:00 AM ,180.0,No ,No,Online,12-Feb-2026 02:30 PM,Public Works Roads Department-Externally Aided Project||Public Works Road Department- World Bank Funded Tenders||PWD (R) - ARRBP,Sonitpur,784001.0,2.0,"2,25,94,000",M/S NAGSANKAR CONSTRUCTION,"23,720,000",Accepted-AOC,14-Jul-2026,Public Works Roads Department-Externally Aided Project||Public Works Road Department- World Bank Funded Tenders||PWD (R) - ARRBP
2026_UDD_51005_1,S.M.B/690/9213-18 Dated 09/02/2026,Construction of drain Along GNG Road from the junction of AT Road up to junction of Red Cross Road at Ward No 6 of Sivasagar Municipal Board Under 15th FC untied,Construction of drain Along GNG Road from the junction of AT Road up to junction of Red Cross Road at Ward No 6 of Sivasagar Municipal Board Under 15th FC untied,Works,Open Tender,Works,Civil Works,No,No,NA ,10-Feb-2026 12:30 PM,16-Feb-2026 11:00 AM ,180.0,No ,No,Online,02-Mar-2026 03:00 PM,Urban Development Department||Directorate of Municipality Administration - UDD||Sibsagar Municipal Board,SIVASAGAR,785640.0,2.0,"49,83,132",BIMAN JYOTI CHUTIA,"4,484,819.42",Rejected-Finance,17-Jul-2026,Urban Development Department||Directorate of Municipality Administration - UDD||Sibsagar Municipal Board
2026_PWD_51831_2,CE/Cmn/192/Pt1/PDNA/10 ReBid,PDNA/Nalbari/13,"Recovery and Reconstruction of (1) Nakheti Arangamour village road(Providing Shoulder,WBM Maintenance,SDBC and 15 others under NDRF (PDNA-2022) for the year 2025-26.",Works,Open Tender,Item Rate,Civil Works – Roads,No,No,NA ,11-Mar-2026 12:00 PM,11-Mar-2026 12:00 PM ,180.0,No ,No,Online,16-Mar-2026 02:30 PM,Public Works Roads Department||CE PWD(R) - PWD||Traffic Engineering Cell - PWD,Nalbari,781335.0,2.0,"4,91,98,300",Jiyaur Pasa,"44,278,470",Rejected-AOC,14-Jul-2026,Public Works Roads Department||CE PWD(R) - PWD||Traffic Engineering Cell - PWD
2026_PWD_49922_2,Tech/NDTRD/NIT/1028/4212 dated 03.01.2026,Nalbari_PDNA_2025-26_14,Recovery and Re-Construction of MALIKUCHI TO TERICHA BARPUKHURI PAR ROAD under NDRF (PDNA-2022) for the year 2025-26.,Works,Open Tender,Item Rate,Civil Works – Roads,No,No,NA ,08-Jan-2026 10:30 AM,NA ,180.0,No ,No,Online,21-Jan-2026 10:30 AM,Public Works Roads Department,Nalbari,781335.0,2.0,"43,96,900",Sri Anjan Deka,"4,393,236",Accepted-AOC,22-Jul-2026,Public Works Roads Department
2025_APDCL_48938_1,CGM (D)/APDCL/CAR/33 KV Line Reconductoring/ Kalain ESD/T-300/ 2025-26/06,Reconductoring of A. 33 KV Kalain Feeder of around 0.81 Ckt KM from ACSR Racoon to ACSR Wolf B. 33 KV IBBL Feeder of around 1.38 Ckt KM form AAAC Racoon to ACSR Wolf Under Kalain ESD of Cachar Electrical Circle on turnkey mode,Reconductoring of A. 33 KV Kalain Feeder of around 0.81 Ckt KM from ACSR Racoon to ACSR Wolf B. 33 KV IBBL Feeder of around 1.38 Ckt KM form AAAC Racoon to ACSR Wolf Under Kalain ESD of Cachar Electrical Circle on turnkey mode,Works,Open Tender,Turn-key,Electrical Works,No,No,NA ,29-Nov-2025 09:00 AM,03-Dec-2025 02:00 PM ,180.0,No ,No,Online,16-Dec-2025 12:00 PM,Assam Power Distribution Company Ltd||CGM(D) Central Assam Region - APDCL,Kalain,788815.0,2.0,"56,49,721",MADHAB ACHARJEE,"4,982,555",Accepted-AOC,07-Jul-2026,Assam Power Distribution Company Ltd||CGM(D) Central Assam Region - APDCL
2025_BoTC_44035_1,Tender No. KOK/BLDG-218/75 of 2024-25,"Construction of Mundari Sahitya Sabha Bhawan at Khumguri,Runikhata in Chirang District,BTC,Assam","Construction of Mundari Sahitya Sabha Bhawan at Khumguri,Runikhata in Chirang District,BTC,Assam",Works,Open Tender,Works,Civil Works - Building,No,No,NA ,08-Apr-2025 05:30 PM,NA ,180.0,No ,No,Online,23-Apr-2025 01:30 PM,Bodoland Territorial Council||PWD-BTC,Runikhata,783375.0,2.0,"24,99,395",AMIO KUNGOR BASUMATARY,"2,498,598",Accepted-AOC,05-May-2025,Bodoland Territorial Council||PWD-BTC
2025_PWD_48702_1,BSPTRD/TECH/SOPDG/153/2023-24,BSPTRD/SOPD-G/2025-26/5,Construction of Road from Chandamari SC village Road under SOPD-G for the year 2025-26,Works,Open Tender,Item Rate,Civil Works – Roads,No,No,NA ,21-Nov-2025 10:00 AM,22-Nov-2025 12:00 PM ,180.0,No ,No,Online,08-Dec-2025 10:00 AM,Public Works Roads Department,Barpeta Road,781315.0,2.0,"22,92,000",M/S J. G. Associatates,"2,292,000",Accepted-AOC,24-Jul-2026,Public Works Roads Department
2025_WREAP_44315_1,WRD/ADB/OCB-Goods/15,"Supply and installation of Porcupines for additional high priority works in Lakhimpur (Dhakuwakhana, Bonpuroi), Biswanath and Sonitpur Districts Package No. G-24, LOT 1","Supply and installation of Porcupines for additional high priority works in Lakhimpur (Dhakuwakhana, Bonpuroi), Biswanath and Sonitpur Districts Package No. G-24, LOT 1",Goods,Open Tender,Supply,Supply of Materials,Yes,No,NA ,16-May-2025 05:00 PM,23-May-2025 03:00 PM ,120.0,No ,No,Online,17-Jun-2025 04:30 PM,Department of Water Resources-Externally Aided Project||WRD-ADB Funded Procurements,DHAKUAKHANA,787055.0,2.0,,Ashok kr Agarwalla PKA JV,"164,533,432",Rejected-Technical,14-Jul-2026,Department of Water Resources-Externally Aided Project||WRD-ADB Funded Procurements
2025_PWD_49188_3,EE/DCLKT/NIT/SOPD-G/1/2025/5,Construction of Road from Itavata Tiniali to Charaideo Connecting Road (NaPather) (L 2.50 Km) by providing GWC and Cross Drainage Works under SOPD-G for the year 2025-26,Construction of Road from Itavata Tiniali to Charaideo Connecting Road (NaPather) (L 2.50 Km) by providing GWC and Cross Drainage Works under SOPD-G for the year 2025-26,Works,Open Tender,Item Rate,Civil Works – Roads,No,No,NA ,21-Feb-2026 02:00 PM,NA ,180.0,No ,No,Online,26-Feb-2026 02:30 PM,Public Works Roads Department,Tingkhong,786612.0,2.0,"24,70,096",RITU GOGOI,"2,467,686",Accepted-AOC,03-Jul-2026,Public Works Roads Department
2026_GMDA_50672_1,GMDA/DEV/44/2024/81,"Remodeling of Bir Lachit Borphukan Park at Jalukbari, Guwahati","Remodeling of Bir Lachit Borphukan Park at Jalukbari, Guwahati",Works,Open Tender,Item Rate,Civil Works,No,No,NA ,31-Jan-2026 02:00 PM,13-Feb-2026 01:30 PM ,180.0,No ,No,Online,21-Feb-2026 03:00 PM,Guwahati Metropolitan Development Authority||Guwahati Development Department - GMDA,Guwahati,781005.0,2.0,"2,09,40,000","M/S PYRAMIDS CONSTRUCTION, Jagat Ranjan Goswami","20,939,000",Rejected-AOC,08-Jul-2026,Guwahati Metropolitan Development Authority||Guwahati Development Department - GMDA
2025_PWBNH_43876_1,CS/JGCNGTBD/E-18_DSJ_Kamrup,"Varnishing Works of the Ejlas Tables and Judges chairs in all Court rooms of District and Sessions Judges, Kamrup (M), Guwahati.","Varnishing Works of the Ejlas Tables and Judges chairs in all Court rooms of District and Sessions Judges, Kamrup (M), Guwahati.",Works,Open Tender,Item Wise,Civil Works - Building,No,No,NA ,29-Mar-2025 05:00 PM,01-Apr-2025 12:00 PM ,180.0,No ,No,Online,10-Apr-2025 02:30 PM,Public Works Building and NH Department||Chief Engineer-Building - PWBNH,"Panbazar, Guwahati-1",781001.0,2.0,"24,68,015",M/S J C Associates,"2,585,998",Rejected-Finance,18-Jul-2026,Public Works Building and NH Department||Chief Engineer-Building - PWBNH
2026_ID_52471_1,KSD/E-Tender/2024-25/18/145,preparation and review of DPR for Extension Renovation and Modernization ERM of Kaliabor Lift Irrigation Scheme under SOPD G,preparation and review of DPR for Extension Renovation and Modernization ERM of Kaliabor Lift Irrigation Scheme under SOPD G,Services,Single,Lump-sum,Consultancy,No,No,NA ,22-May-2026 03:00 PM,NA ,180.0,No ,No,Online,05-Jun-2026 02:30 PM,Irrigation Department||Chief Engineer(Major)-Irrigation Dept||Nagaon Circle||Kaliabor Samaguri Division,kaliabor,782136.0,2.0,,MARS PLANNING ENGINEERING SERVICES PVT LTD,"2,300,000",Accepted-AOC,15-Jul-2026,Irrigation Department||Chief Engineer(Major)-Irrigation Dept||Nagaon Circle||Kaliabor Samaguri Division
2026_GMDA_50879_1,GMDA/DEV/08/2026/3,Consultancy services for the Preparation of Development Plan for CBD Kahilipara Guwahati,Consultancy services for the Preparation of Development Plan for CBD Kahilipara Guwahati,Services,Open Tender,Lump-sum,Consultancy,No,No,NA ,06-Feb-2026 05:00 PM,NA ,180.0,No ,No,Online,27-Feb-2026 03:00 PM,Guwahati Metropolitan Development Authority||Guwahati Development Department - GMDA,GUWAHATI,781005.0,2.0,,Creators Architects,"21,296,286",Rejected-Technical,16-Mar-2026,Guwahati Metropolitan Development Authority||Guwahati Development Department - GMDA
2026_DoWR_50955_1,NAGAON/2025-26/SDMF/I,Immediate measures for bank stabilisation at Hatimura area under Kaliabor Revenue Circle from the avulsion of river Brahmaputra for the year 2025-26.,Immediate measures for bank stabilisation at Hatimura area under Kaliabor Revenue Circle from the avulsion of river Brahmaputra for the year 2025-26.,Works,Open Tender,Works,Civil Works,No,No,NA ,07-Feb-2026 06:55 PM,NA ,180.0,No ,No,Online,21-Feb-2026 03:00 PM,Department of Water Resources||Chief Engineer - DoWR,NAGAON,782001.0,2.0,"2,92,63,697",M/S. M.P. AGARWALLA,"29,241,428.52",Rejected-AOC,04-Jul-2026,Department of Water Resources||Chief Engineer - DoWR
2025_PWRDW_48595_5,eCF No.720769/1,Lakhimpur/15B Br. No. 3/1 on Bhugmon Silikhaguri to GohainTekela,CE/EAP/ARRBP/OCB/Bridge-1/Lakhimpur/13A Construction of Bridge in Lakhimpur district i) Br. No. 3/1 on Bhugmon Silikhaguri to GohainTekela,Works,Open Tender,Item Rate,Civil Works - Bridges,No,No,NA ,14-Nov-2025 09:00 AM,21-Nov-2025 11:00 AM ,90.0,No ,No,Online,28-Nov-2025 02:30 PM,Public Works Roads Department-Externally Aided Project||Public Works Road Department- World Bank Funded Tenders||Assam State Bridge Infrastructure Program,Lakhimpur,787001.0,2.0,"6,99,76,000",JC Construction Pvt Ltd,"69,270,914",Accepted-AOC,08-Jul-2026,Public Works Roads Department-Externally Aided Project||Public Works Road Department- World Bank Funded Tenders||Assam State Bridge Infrastructure Program
2026_BTC_51703_1,ACE-133/PWD/G.79/2025-26/76,Construction of Rava Community Cultural Hall at Jaleswari under 2 No. Dotma (ST) LAC under Bodoland Welfare Department 2025-26. TN_111_21R,Construction of Rava Community Cultural Hall at Jaleswari under 2 No. Dotma (ST) LAC under Bodoland Welfare Department 2025-26. TN_111_21R,Works,Open Tender,Item Rate,Civil Works - Building,No,No,NA ,06-Mar-2026 12:00 PM,NA ,180.0,No ,No,Online,13-Mar-2026 02:00 PM,Bodoland Territorial Council-PWD||Director Cum CHD - PWD BTC,Kokrajhar,793370.0,2.0,"18,99,630",BISTI MUSHAHARY,"1,898,599.82",Accepted-AOC,23-Jul-2026,Bodoland Territorial Council-PWD||Director Cum CHD - PWD BTC
2025_PWD_46628_1,CE/MAINT/SOPDG/01/2025-26/12 Date_13_8_2025,MAINT/SOPD-G/2025-26/11,"MAINT/SOPD-G/2025-26/11_1_Reconstruction Polytechnic campus Road,2_Reconstruction of SH2 to Kukurmari Suterpara Road Scheme, 3_Reconstruction of SH2 to Uttar Majgaon Pt-I Road, 4_Reconstruction of L078-T02 to Jelkajar Partt-II Road, 5_Reconstructio_",Works,Open Tender,Item Rate,Civil Works – Roads,No,No,NA ,18-Aug-2025 05:30 PM,18-Aug-2025 06:00 PM ,180.0,No ,No,Online,06-Sep-2025 03:00 PM,Public Works Roads Department,Bongaigaon,783380.0,2.0,"3,19,01,000",LAJIK BRAHMA,"31,901,000",Accepted-AOC,16-Jul-2026,Public Works Roads Department
2026_GMDA_51608_1,GMDA/DEV/06/2026/Pt-I/4,Desiltation and Cleaning of Borosla Beel for the year 2025-26,Desiltation and Cleaning of Borosla Beel for the year 2025-26,Works,Open Tender,Item Rate,Civil Works,No,No,NA ,02-Mar-2026 05:00 PM,12-Mar-2026 01:30 PM ,180.0,No ,No,Online,23-Mar-2026 03:00 PM,Guwahati Metropolitan Development Authority||Guwahati Development Department - GMDA,Guwahati,781005.0,2.0,"83,73,507",Bhaba Kanta Nath,"8,370,500",Accepted-AOC,08-Jul-2026,Guwahati Metropolitan Development Authority||Guwahati Development Department - GMDA
2026_WPTBC_52247_1,PTDC/Engg/2026-27/524,Recovery and Reconstruction 32 no. of fully damaged and 97 no. of severely damaged AWCs approved under PDNA 2022 of Barpeta district.,Recovery and Reconstruction 32 no. of fully damaged and 97 no. of severely damaged AWCs approved under PDNA 2022 of Barpeta district.,Works,Open Tender,Item Rate,Civil Works,No,No,NA ,09-May-2026 02:00 PM,12-May-2026 11:00 AM ,180.0,No ,No,Online,23-May-2026 03:00 PM,Welfare of Plain Tribes and Backward Classes||Director - WPT and BC||Assam Plains Tribes Development Corporation Ltd.,Barpeta,781301.0,2.0,"4,83,00,000",M/S ZAMAN ENTERPRISE,"48,299,999.63",Accepted-AOC,21-Jul-2026,Welfare of Plain Tribes and Backward Classes||Director - WPT and BC||Assam Plains Tribes Development Corporation Ltd.
2026_AAU_52039_1,Urgent/2026/32458(H8) dated 14-03-26,"Major repair works at Hostel No. 8, AAU, Jorhat","Civil, W/s and sanitary and electrical works",Works,Open Tender,Percentage,Civil Works - Building,No,No,NA ,16-Mar-2026 09:00 AM,24-Mar-2026 11:30 AM ,180.0,No ,No,Online,06-Apr-2026 03:00 PM,Assam Agricultural University||Directorate of Physical Plants,"AAU, Jorhat",785013.0,2.0,"24,26,547",ARINDOM PHUKAN,"2,350,839",Rejected-AOC,16-Jul-2026,Assam Agricultural University||Directorate of Physical Plants
2026_BTC_52509_2,ACE-106/PWD/IFB/PT-I/23-24/293,"Repairing and Renovation of Late Maheswar Muchahary Memorial Community Hall at Pachalabari Chirang District, BTC, Assam, TN_02_14 (R-1)","Repairing and Renovation of Late Maheswar Muchahary Memorial Community Hall at Pachalabari Chirang District, BTC, Assam, TN_02_14 (R-1) (R-1)",Works,Open Tender,Item Rate,Civil Works - Building,No,No,NA ,26-May-2026 02:00 PM,NA ,180.0,No ,No,Online,16-Jun-2026 02:00 PM,Bodoland Territorial Council-PWD||Director Cum CHD - PWD BTC,Chirang,783390.0,2.0,"49,98,947",Jamidar Narzary,"4,997,888",Rejected-AOC,07-Jul-2026,Bodoland Territorial Council-PWD||Director Cum CHD - PWD BTC
2025_GU_49158_1,T/25-26/194 Date 08.12.2025,"Renovation work for Conversion of existing Hall at 2nd Floor of New GU-CDOE Building into classroom facilities for Centre for performing Arts and Culture, GU","Renovation work for Conversion of existing Hall at 2nd Floor of New GU-CDOE Building into classroom facilities for Centre for performing Arts and Culture, GU",Works,Open Tender,Item Rate,Composite Works,No,No,NA ,10-Dec-2025 03:00 PM,26-Dec-2025 02:00 PM ,180.0,No ,No,Online,02-Jan-2026 03:30 PM,Gauhati University,Gauhati University,781014.0,2.0,"32,52,192",HITESH MAZUMDAR,"2,382,231",Accepted-AOC,24-Jul-2026,Gauhati University
2025_NHM_42078_1,NHM-32049/21/2024-Cons-NHM/,"Construction of Integrated Public Health Laboratory at RNB SDCH, Gossaigaon in Kokrajhar District under PM ABHIM for FY 2023-24 under NHM, Assam","Construction of Integrated Public Health Laboratory at RNB SDCH, Gossaigaon in Kokrajhar District under PM ABHIM for FY 2023-24 under NHM, Assam",Works,Open Tender,Turn-key,Civil Works - Building,No,No,NA ,13-Jan-2025 06:00 PM,NA ,180.0,No ,No,Online,23-Jan-2025 03:30 PM,National Health Mission||State Programme Management Unit - NHM,Kokrajhar,783370.0,2.0,"1,24,99,998",ANANDA NARZARY,"10,512,498",Accepted-AOC,09-Jul-2026,National Health Mission||State Programme Management Unit - NHM
2026_GMDA_50886_1,GMDA/DEV/10/2026/03,Consultancy services for the Preparation of Development Plan for Growth Centre at Palasbari Guwahati,Consultancy services for the Preparation of Development Plan for Growth Centre at Palasbari Guwahati,Services,Open Tender,Lump-sum,Consultancy,No,No,NA ,06-Feb-2026 05:00 PM,13-Feb-2026 02:00 PM ,180.0,No ,No,Online,27-Feb-2026 03:00 PM,Guwahati Metropolitan Development Authority||Guwahati Development Department - GMDA,GUWAHATI,781005.0,2.0,,Creators Architects,"31,944,606",Rejected-Technical,16-Mar-2026,Guwahati Metropolitan Development Authority||Guwahati Development Department - GMDA
2025_DoWR_49560_1,UDALGURI/2025-26/SOPD-G/VIII,Anti erosion (A/E) measures on the L/B of Pagla River at Kathpuri area.,Anti erosion (A/E) measures on the L/B of Pagla River at Kathpuri area.,Works,Open Tender,Works,Civil Works,No,No,NA ,22-Dec-2025 09:00 AM,NA ,180.0,No ,No,Online,05-Jan-2026 03:00 PM,Department of Water Resources||Chief Engineer - DoWR,Udalguri,784509.0,2.0,"99,99,853",ANIMA DAIMARI,"9,999,843.65",Rejected-AOC,08-Jul-2026,Department of Water Resources||Chief Engineer - DoWR
2025_DoWR_42720_3,SIVASAGAR/2024-25/M and R/I,M and R to protect Dikhow bund R/B from Monipuribasti to A. T. Road at Cherekapar for 2024-25.,M and R to protect Dikhow bund R/B from Monipuribasti to A. T. Road at Cherekapar for 2024-25.,Works,Open Tender,Works,Ceramics,No,No,NA ,04-Nov-2025 06:55 PM,NA ,180.0,No ,No,Online,15-Nov-2025 03:00 PM,Department of Water Resources||Chief Engineer - DoWR,SIVASAGAR,785640.0,2.0,"1,36,99,557",MANAB JYOTI KALITA,"13,672,962.23",Rejected-AOC,10-Jul-2026,Department of Water Resources||Chief Engineer - DoWR
2026_PWD_52430_1,BDTRD/BKT/ETENDER/26-27/04,Improvement of Municipal Area Road (Ratna Nath Path) under Bokakhat and Dergaon Territorial Road Division L - 430 M,Improvement of Municipal Area Road (Ratna Nath Path) under Bokakhat and Dergaon Territorial Road Division L - 430 M,Works,Open Tender,Item Rate,Civil Works – Roads,No,No,NA ,20-May-2026 03:00 PM,22-May-2026 10:00 AM ,180.0,No ,No,Online,06-Jun-2026 10:00 AM,Public Works Roads Department,Bokakhat,785612.0,2.0,"35,00,000",Sri Girin Chutia,"3,499,900",Rejected-AOC,20-Jun-2026,Public Works Roads Department
2026_PWD_52358_1,T/CC/ETN/SIL/2025-26/137(T),"Construction of Road from Khelma part-V to Gumrah Sadirkhal Road(6KM) under Chief Ministers Special Package for Barak Valley, During 2013-14. (Balance Work), P/No. CAC_CMs_BV_48. (Balance Work)","Construction of Road from Khelma part-V to Gumrah Sadirkhal Road(6KM) under Chief Ministers Special Package for Barak Valley, During 2013-14. (Balance Work), P/No. CAC_CMs_BV_48. (Balance Work)",Works,Open Tender,Item Rate,Civil Works – Roads,No,No,NA ,16-May-2026 09:00 AM,25-May-2026 02:00 PM ,180.0,No ,No,Online,02-Jun-2026 03:10 PM,Public Works Roads Department,Cachar District.,788115.0,2.0,"1,67,44,000",IRSHAD RASUL BARLASKAR,"16,743,000",Accepted-AOC,25-Jul-2026,Public Works Roads Department
2026_GMDA_49955_1,GMDA/DEV/42/2025/22,Cleaning and Desilting of pond infront of Govt. Ayurvedic College and Hospital and near approach road to Assam Engineering College at Jalukbari-(Package-II),Cleaning and Desilting of pond infront of Govt. Ayurvedic College and Hospital and near approach road to Assam Engineering College at Jalukbari-(Package-II),Works,Open Tender,Item Rate,Civil Works,No,No,NA ,05-Jan-2026 05:30 PM,NA ,180.0,No ,No,Online,28-Jan-2026 03:00 PM,Guwahati Metropolitan Development Authority||Guwahati Development Department - GMDA,"JALUKBARI,GUWAHATI",781013.0,2.0,"1,16,28,941",RAKESH KUMAR SINGH,"11,622,767.74",Rejected-AOC,10-Jul-2026,Guwahati Metropolitan Development Authority||Guwahati Development Department - GMDA
2025_PWD_47046_2,BSPTRD/TECH/SOPDG/153/2023-24,BSPTRD/SOPD-G/2025-26/2,Reconstruction of SPT Bridge No. 2/1 Kadamguri Chanchain Road under SOPD-G,Works,Open Tender,Item Rate,Civil Works – Roads,No,No,NA ,29-Aug-2025 09:00 AM,29-Aug-2025 10:00 AM ,180.0,No ,No,Online,15-Sep-2025 10:00 AM,Public Works Roads Department,Barpeta Road,781315.0,2.0,"35,00,000",Birendra Kr. Prasad,"3,499,771.79",Accepted-AOC,09-Jul-2026,Public Works Roads Department
2025_PWD_47347_2,CE/DEV/TB/122/2025-26/10 Dtd- 18.08.2025,"BTR_RIDF_XXXI_25_26_59 Improvement of Road from 1.Srilanka village road to Barimukh connecting road,2.Bathoupuri to Lamidara ,3.Laphakuchi to Rampur Nathkuchi Janakalyan M.E school under RIDF-XXXI of NABARD for the year 2025-26","BTR_RIDF_XXXI_25_26_59 Improvement of Road from 1.Srilanka village road to Barimukh connecting road,2.Bathoupuri to Lamidara ,3.Laphakuchi to Rampur Nathkuchi Janakalyan M.E school under RIDF-XXXI of NABARD for the year 2025-26",Works,Open Tender,Item Rate,Civil Works – Roads,No,No,NA ,06-Sep-2025 05:00 PM,06-Sep-2025 06:00 PM ,180.0,No ,No,Online,20-Sep-2025 02:30 PM,Public Works Roads Department,Baksa,781315.0,2.0,"3,19,49,000",RAJU CHANDRA BASUMATARY,"31,945,000",Accepted-AOC,03-Jul-2026,Public Works Roads Department
2026_AAU_52041_1,Urgent/2026/32458(H11) dated 14-03-26,"Repair and Renovation of Hostel No. 11 at AAU, Jorhat","Civil, W/s and sanitary and electrical works",Works,Open Tender,Percentage,Civil Works - Building,No,No,NA ,16-Mar-2026 09:00 AM,24-Mar-2026 11:30 AM ,180.0,No ,No,Online,06-Apr-2026 03:00 PM,Assam Agricultural University||Directorate of Physical Plants,"AAU, Jorhat",785013.0,2.0,"48,54,471",Amritakshya Dutta,"4,677,283",Rejected-AOC,17-Jul-2026,Assam Agricultural University||Directorate of Physical Plants
2026_DoWR_51832_1,TINSUKIA/2025-26/SOPD-G/VIII,"Anti-erosion measures to protect Moulang Bengaligaon, Katha Adarsha and its adjoining areas from the erosion of river Buri-Dehing.","Anti-erosion measures to protect Moulang Bengaligaon, Katha Adarsha and its adjoining areas from the erosion of river Buri-Dehing.",Works,Open Tender,Works,Civil Works,No,No,NA ,09-Mar-2026 06:55 PM,NA ,180.0,No ,No,Online,13-Mar-2026 03:00 PM,Department of Water Resources||Chief Engineer - DoWR,"Moulang Bengaligaon, Tinsukia",786182.0,2.0,"19,76,66,657",Ashok Kumar Agarwalla,"197,663,657.45",Accepted-AOC,10-Jul-2026,Department of Water Resources||Chief Engineer - DoWR
2026_GMDA_50670_1,GMDA/DEV/44/2021/81,"Remodeling of Bir Chilarai Park at Amingaon, Guwahati","Remodeling of Bir Chilarai Park at Amingaon, Guwahati",Works,Open Tender,Item Rate,Civil Works,No,No,NA ,31-Jan-2026 02:00 PM,10-Feb-2026 01:30 PM ,180.0,No ,No,Online,21-Feb-2026 03:00 PM,Guwahati Metropolitan Development Authority||Guwahati Development Department - GMDA,Guwahati,781005.0,2.0,"4,43,50,000","M/S PYRAMIDS CONSTRUCTION, Jagat Ranjan Goswami","44,350,000",Rejected-AOC,08-Jul-2026,Guwahati Metropolitan Development Authority||Guwahati Development Department - GMDA
2026_PWRDW_50391_4,716719/15,Construction of Bridge in Nalbari district i) Br. No. 2/1 on Barbhagjari to Bechimari over Jarua Jan,Construction of Bridge in Nalbari district i) Br. No. 2/1 on Barbhagjari to Bechimari over Jarua Jan Package No. CE/EAP/ARRBP/OCB/Bridge-1/Nalbari/20,Works,Open Tender,Item Rate,Civil Works - Bridges,No,No,NA ,22-Jan-2026 01:00 PM,28-Jan-2026 11:00 AM ,180.0,No ,No,Online,12-Feb-2026 02:30 PM,Public Works Roads Department-Externally Aided Project||Public Works Road Department- World Bank Funded Tenders||PWD (R) - ARRBP,Nalbari,781335.0,2.0,"2,30,91,000",Jagadish Baruah,"20,758,809",Rejected-Finance,17-Jul-2026,Public Works Roads Department-Externally Aided Project||Public Works Road Department- World Bank Funded Tenders||PWD (R) - ARRBP
2026_FD_50774_1,NIT 10/2025,Settlement of Beel Fisheries,Settlement of Beel Fisheries,Services,Open Tender,Item Wise,Miscellaneous Services,No,No,NA ,04-Feb-2026 02:00 PM,NA ,365.0,No ,No,Online,02-Mar-2026 03:00 PM,Department of Fisheries||Assam Fisheries Development Corporation Ltd,Guwahati,781036.0,2.0,,Manomohan Das,"10,300,000",Rejected-Technical,03-Jul-2026,Department of Fisheries||Assam Fisheries Development Corporation Ltd
2025_PWD_45491_16,CE/Commn/16/2025-26/2,Tinsukia/ MMNPPNA/ 1,"Construction of (i) RCC Drain on Kalyan Ashram Path, (ii) Jariguri Hasara Path (iii) Rajib Sadiya Path (iv) RCC Drain at 3 No. ward of Tinsukia MB in front of Milanpolly Sarbajanin Kalimandir (L 0.025km) under MMNPPNA 25-26",Works,Open Tender,Item Rate,Civil Works – Roads,No,No,NA ,10-Jul-2025 06:55 PM,18-Jul-2025 04:00 PM ,180.0,No ,No,Online,30-Jul-2025 02:30 PM,Public Works Roads Department,Tinsukia,786125.0,2.0,"99,56,000",RAJIV GOHAIN,"9,955,957",Rejected-AOC,17-Jul-2026,Public Works Roads Department
2026_PWD_51831_1,CE/Cmn/192/Pt1/PDNA/10 ReBid,PDNA/Nalbari/15,"Recovery and Reconstruction of (1) Natun Khelua to Solmara Satripam (Providing E/W, GSB, WBM-III, ICBP), and 18 others under NDRF (PDNA-2022) for the year 2025-26.",Works,Open Tender,Item Rate,Civil Works – Roads,No,No,NA ,11-Mar-2026 12:00 PM,11-Mar-2026 12:00 PM ,180.0,No ,No,Online,16-Mar-2026 02:30 PM,Public Works Roads Department||CE PWD(R) - PWD||Traffic Engineering Cell - PWD,Nalbari,781335.0,2.0,"4,98,99,200",Jiyaur Pasa,"44,909,280",Rejected-AOC,14-Jul-2026,Public Works Roads Department||CE PWD(R) - PWD||Traffic Engineering Cell - PWD
2026_DoIT_52690_1,AEDC/HRD/RFP/Mediclaim/26-27/1,Group Mediclaim Policy (Floater) for contractual employees of AMTRON,Group Mediclaim Policy (Floater) for contractual employees of AMTRON,Services,Open Tender,Item Rate,Miscellaneous Services,No,No,NA ,09-Jun-2026 03:00 PM,NA ,180.0,No ,No,Online,23-Jun-2026 03:00 PM,Principal Secretary-Department of Information Technology||Assam Electronics Development Corporation Ltd-DoIT||Store and Purchase - AMTRON - DoIT,Guwahati,781021.0,2.0,,ICICI Lombard General Insurance Company Limited,"4,731,979",Rejected-Finance,15-Jul-2026,Principal Secretary-Department of Information Technology||Assam Electronics Development Corporation Ltd-DoIT||Store and Purchase - AMTRON - DoIT
2025_DoWR_48155_1,KAMRUP RURAL/2025-26/NDMF/I,"Flood Mitigation of Puthimari River by capacity augmentation of Wetland area at Garjan, Assam, Package 2.","Flood Mitigation of Puthimari River by capacity augmentation of Wetland area at Garjan, Assam, Package 2.",Works,Open Tender,Works,Civil Works,No,No,NA ,17-Oct-2025 06:55 PM,NA ,180.0,No ,No,Online,06-Nov-2025 03:00 PM,Department of Water Resources||Chief Engineer - DoWR,KAMRUP RURAL,781008.0,2.0,"17,59,67,120",Jayanta Khaund,"158,350,754.69",Rejected-Technical,13-Jul-2026,Department of Water Resources||Chief Engineer - DoWR
2026_SEEDE_51563_1,IT05,RFID Library Automation with Digital Library System,RFID Library Automation with Digital Library System,Goods,Open Tender,Item Rate,Laboratory and scientific equipment,No,No,NA ,27-Feb-2026 12:00 PM,07-Mar-2026 12:00 PM ,150.0,No ,No,Online,07-Apr-2026 03:30 PM,Skill Employment and Entrepreneurship Department- Externally Aided Project||Assam Skill University Project- ADB Funded Tenders,"AASC, Guwahati, Assam",781022.0,1.0,,BSM International,"15,914,351.08",Accepted-AOC,03-Jul-2026,Skill Employment and Entrepreneurship Department- Externally Aided Project||Assam Skill University Project- ADB Funded Tenders
2026_AHVD_51680_4,E-763721/25-26/DFA/1653637/03,Construction of new Vety. Multicare Hospital at Lakhipur in Cachar District Under RIDF- XXXI,Construction of new Vety. Multicare Hospital at Lakhipur in Cachar District Under RIDF- XXXI,Works,Open Tender,Item Rate,Civil Works,No,No,NA ,05-Mar-2026 05:30 PM,09-Mar-2026 01:00 PM ,180.0,No ,No,Online,22-Apr-2026 02:00 PM,Animal Husbandry and Veterinary Department||Directorate of A.H. and Veterinary||Assam Livestock and Poultry Corporation Ltd.,Cachar,788001.0,2.0,"4,29,00,000",Ganesh Daimary,"42,899,000",Rejected-Technical,24-Jun-2026,Animal Husbandry and Veterinary Department||Directorate of A.H. and Veterinary||Assam Livestock and Poultry Corporation Ltd.
2026_BTC_52509_3,ACE-106/PWD/IFB/PT-I/23-24/293,Construction of Bodo Sahitya Sabha Bhawan at Tamulpur in Tamulpur District. TN_16_2 (R-1),Construction of Bodo Sahitya Sabha Bhawan at Tamulpur in Tamulpur District. TN_16_2 (R-1),Works,Open Tender,Item Rate,Civil Works - Building,No,No,NA ,26-May-2026 02:00 PM,NA ,180.0,No ,No,Online,16-Jun-2026 02:00 PM,Bodoland Territorial Council-PWD||Director Cum CHD - PWD BTC,Tamulpur,781367.0,2.0,"49,41,722",Karan Boro,"4,941,722",Rejected-Technical,02-Jul-2026,Bodoland Territorial Council-PWD||Director Cum CHD - PWD BTC
2025_PWD_47084_1,CE/DEV/TB/60/2025-26/19 Dtd- 20.08.2025,MMPPNA_RIDF_XXXI_25_26_501 Improvement of Road from Hahkhati P.W.D. road to Bogoribari connecting road via Haluwapather and Dhola Forest Tiniali to Laphangkula Chariali under Mukhya Mantrir Paki Path Nirman Achani (MMPPNA) under RIDF-XXXI of NABARD f,MMPPNA_RIDF_XXXI_25_26_501 Improvement of Road from Hahkhati P.W.D. road to Bogoribari connecting road via Haluwapather and Dhola Forest Tiniali to Laphangkula Chariali under Mukhya Mantrir Paki Path Nirman Achani (MMPPNA) under RIDF-XXXI of NABARD f,Works,Open Tender,Item Rate,Civil Works – Roads,No,No,NA ,29-Aug-2025 09:00 AM,04-Sep-2025 12:00 PM ,180.0,No ,No,Online,19-Sep-2025 02:30 PM,Public Works Roads Department,Sadia,786155.0,2.0,"1,15,35,000",Babar Ali Khan,"11,534,900",Rejected-Finance,14-Jul-2026,Public Works Roads Department
2025_DoWR_42604_2,DIBRUGARH/2024-25/RIDF-II/VI,R/S to T/Dyke along the R/B of river Buridehing from Deochalli Hill to Tipling ghat (Ph-I).,R/S to T/Dyke along the R/B of river Buridehing from Deochalli Hill to Tipling ghat (Ph-I).,Works,Open Tender,Works,Civil Works,No,No,NA ,07-Jun-2025 06:00 PM,NA ,180.0,No ,No,Online,26-Jun-2025 03:00 PM,Department of Water Resources||Chief Engineer - DoWR,Dibrugarh,786001.0,2.0,"4,87,31,110",AMIT KUMAR PEGU,"48,704,515.62",Rejected-AOC,24-Jul-2026,Department of Water Resources||Chief Engineer - DoWR
2026_PWBNH_52094_1,CS/NBC/10/2025-26/709 Dated 13/03/2026,Extension of First Floor of Girls Hostel in Bhattadev University at Pathsala Campus under PM-USHA,Extension of First Floor of Girls Hostel in Bhattadev University at Pathsala Campus under PM-USHA,Works,Open Tender,Item Rate,Civil Works - Building,No,No,NA ,16-Mar-2026 10:00 AM,18-Mar-2026 11:00 AM ,180.0,No ,No,Online,06-Apr-2026 02:30 PM,Public Works Building and NH Department||Chief Engineer-Building - PWBNH,Pathsala,781325.0,2.0,"82,66,982",Banjit Das,"6,839,091",Not Admitted-Fee/PreQual/Technical,07-Jul-2026,Public Works Building and NH Department||Chief Engineer-Building - PWBNH
2026_PWD_51422_1,TB/PWD/MDTRD/610/2025-26/01_02,Recovery and Reconstruction of Satgaon Manipurtup Road and Br. No.1/1 Approach (length Ch. 0.00 km to 5.00Km) under NDRF (PDNA-2022) for the year 2025-26.,Recovery and Reconstruction of Satgaon Manipurtup Road and Br. No.1/1 Approach (length Ch. 0.00 km to 5.00Km) under NDRF (PDNA-2022) for the year 2025-26.,Works,Open Tender,Item Rate,Civil Works,No,No,NA ,23-Feb-2026 11:00 AM,24-Feb-2026 12:00 PM ,90.0,No ,No,Online,27-Feb-2026 04:00 PM,Public Works Roads Department,MORIGAON,782105.0,2.0,"21,50,000",BHASKAR JYOTI DEKA,"2,150,000",Accepted-AOC,15-Jul-2026,Public Works Roads Department
2026_BoTC_52757_1,DPRD/BTC/SOPD/(15th FC)T(VIII)/Udl-50/2026/10,Improvement of water distribution network at Bhergaon Block Block ID 1009 Activity code 126153311 under 15th FC Tied Grant for the year 2024-25 during 2025-26.,DPRD/BTC/SOPD/(15th FC)T(VIII)/Udl-50/2026/10,Works,Open Tender,Item Rate,Civil Works,No,No,NA ,15-Jun-2026 10:30 AM,NA ,180.0,No ,No,Online,07-Jul-2026 02:30 PM,Bodoland Territorial Council||Panchayat and Rural Development-BTC,Bhergaon,784522.0,2.0,"94,56,000",Babul Baglari,"9,455,494",Rejected-AOC,18-Jul-2026,Bodoland Territorial Council||Panchayat and Rural Development-BTC
2026_BoTC_51798_1,TECH-28/SE(RB)/2019-20/21,Construction of ICBP Road from No. 2 Boldigaon to No.1 Boldigaon PWD Road at Bijni in Chirang District of BTC for the year 2025-26. TN-394-13.,Construction of ICBP Road from No. 2 Boldigaon to No.1 Boldigaon PWD Road at Bijni in Chirang District of BTC for the year 2025-26. TN-394-13.,Works,Open Tender,Works,Civil Works – Roads,No,No,NA ,09-Mar-2026 02:00 PM,NA ,180.0,No ,No,Online,30-Mar-2026 02:00 PM,Bodoland Territorial Council||PWD-BTC,Chirang,783385.0,2.0,"99,99,800",Birkang Wary,"9,999,200",Rejected-Finance,07-Jul-2026,Bodoland Territorial Council||PWD-BTC
2025_PWRDW_48595_12,eCF No.720769/1,Charaideo/06 i) Br. No. 1/2 on DharamPathar No. 2,CE/EAP/ARRBP/OCB/Bridge1/Charaideo/06 Construction of Bridge in Charaideo district i)Br. No. 1/2 on DharamPathar No. 2,Works,Open Tender,Item Rate,Civil Works - Bridges,No,No,NA ,14-Nov-2025 09:00 AM,21-Nov-2025 11:00 AM ,90.0,No ,No,Online,28-Nov-2025 02:30 PM,Public Works Roads Department-Externally Aided Project||Public Works Road Department- World Bank Funded Tenders||Assam State Bridge Infrastructure Program,Charaideo,782445.0,2.0,"2,61,00,000",BUDHESWAR BURAGOHAIN,"26,877,000",Accepted-AOC,23-Jul-2026,Public Works Roads Department-Externally Aided Project||Public Works Road Department- World Bank Funded Tenders||Assam State Bridge Infrastructure Program
2026_BTC_50255_1,ACE-25/PWD/IFB/BTC/2025-26/65,Construction of teachers quarter at Kasturba Gandhi Balika Vidyalaya at Jaleswari under Jaleswari VCDC in Kokrajhar District. (TN_82_1),Construction of teachers quarter at Kasturba Gandhi Balika Vidyalaya at Jaleswari under Jaleswari VCDC in Kokrajhar District.,Works,Open Tender,Item Rate,Civil Works - Building,No,No,NA ,14-Jan-2026 11:00 AM,NA ,180.0,No ,No,Online,03-Feb-2026 03:00 PM,Bodoland Territorial Council-PWD||Director Cum CHD - PWD BTC,Kokrajhar,783370.0,2.0,"48,31,620",ACHINTA BASUMATARY,"4,831,600",Rejected-AOC,02-Jul-2026,Bodoland Territorial Council-PWD||Director Cum CHD - PWD BTC
2026_PWD_49922_5,Tech/NDTRD/NIT/1028/4212 dated 03.01.2026,Nalbari_PDNA_2025-26_17,Recovery and Re-Construction of NALBARI PLANATORIUM APPROACH ROAD under NDRF (PDNA-2022) for the year 2025-26.,Works,Open Tender,Item Rate,Civil Works – Roads,No,No,NA ,08-Jan-2026 10:30 AM,NA ,180.0,No ,No,Online,21-Jan-2026 10:30 AM,Public Works Roads Department,Nalbari,781335.0,2.0,"44,92,500",APURBA BEZBARUAH,"4,488,470",Not Admitted-Fee/PreQual/Technical,22-Jul-2026,Public Works Roads Department
2026_GMDA_51628_1,GMDA/DEV/06/2026/Pt-I/4,De-siltation cleaning and periodic maintenance of Sarusola Beel for free flow of storm water for the year 2025-26,De-siltation cleaning and periodic maintenance of Sarusola Beel for free flow of storm water for the year 2025-26,Works,Open Tender,Works,Civil Works,No,No,NA ,02-Mar-2026 05:00 PM,12-Mar-2026 01:30 PM ,180.0,No ,No,Online,23-Mar-2026 03:00 PM,Guwahati Metropolitan Development Authority||Guwahati Development Department - GMDA,Guwahati,781005.0,2.0,"52,65,465",DHRUVA NARAYAN SHARMA,"5,260,427.28",Accepted-AOC,08-Jul-2026,Guwahati Metropolitan Development Authority||Guwahati Development Department - GMDA
2025_PWD_45820_46,CE/STBR/SOPD-G/NIT/07/2025 26/1 Dated 26-06-2025,STBR/SOPD-G/Jalukbari-43/82 Constrution of Kendukuchi Samanwai Road under SOPD-G for the year 2025-26,STBR/SOPD-G/Jalukbari-43/82 Constrution of Kendukuchi Samanwai Road under SOPD-G for the year 2025-26,Works,Open Tender,Item Rate,Civil Works – Roads,No,No,NA ,23-Jul-2025 02:00 PM,30-Jul-2025 11:00 AM ,180.0,No ,No,Online,19-Aug-2025 11:00 AM,Public Works Roads Department,Jalukbari,781013.0,2.0,"19,45,000",M/S S.B ENTERPRISE,"1,945,000",Accepted-AOC,16-Jul-2026,Public Works Roads Department
2026_CD_52408_1,AWC.284/2017 /2026-27/FCI(Contract)/45.,Handling of Foodgrains at Goalpara,Handling of Foodgrains at Goalpara,Services,Open Tender,Supply,Manpower Supply,No,No,NA ,18-May-2026 06:30 PM,NA ,30.0,No ,No,Online,08-Jun-2026 01:30 PM,Cooperation Department||Assam State Warehousing Corporation,as per the tender document,781005.0,2.0,"2,00,00,000",KANAKA TEA ESTATE,"20,000,000",Rejected-Finance,03-Jul-2026,Cooperation Department||Assam State Warehousing Corporation
2025_KAAC_48948_1,"No.ACEH/CS/AAP/76/2025-26/3,",Construction of CC Block road Zirikindeng to Rngnihang,Construction of CC Block road Zirikindeng to Rongnihang,Works,Open Tender,Item Rate,Civil Works – Roads,No,No,NA ,01-Dec-2025 11:00 AM,03-Dec-2025 02:00 PM ,180.0,No ,No,Online,16-Dec-2025 11:00 AM,Karbi Anglong Autonomous Council||PWD||Addl. Chief Engineer Diphu,ZIRIKINDENG,782448.0,2.0,"7,62,49,300",Smti Monumaya Devi,"76,249,000",Rejected-Finance,17-Jul-2026,Karbi Anglong Autonomous Council||PWD||Addl. Chief Engineer Diphu
2025_PWD_47416_2,GLP/EE(GE_J)/SOPD G/2025-261014-9 Dated02/09/2025,"Construction of GWC road from Dhumerghat Tarangapur Road to Sialkanda Kabarstan (from Ch. 0.00 Km to Ch. 800.00 m, Length 800.00 m) under SOPD-G for the year 2025-26","Construction of GWC road from Dhumerghat Tarangapur Road to Sialkanda Kabarstan (from Ch. 0.00 Km to Ch. 800.00 m, Length 800.00 m) under SOPD-G for the year 2025-26",Works,Open Tender,Item Rate,Civil Works – Roads,No,No,NA ,10-Sep-2025 11:00 AM,11-Sep-2025 11:00 AM ,180.0,No ,No,Online,14-Oct-2025 11:00 AM,Public Works Roads Department,Goalpara,783101.0,2.0,"21,00,000",BAHADUR ISLAM,"1,806,000",Rejected-AOC,16-Jul-2026,Public Works Roads Department
2026_PWD_49922_4,Tech/NDTRD/NIT/1028/4212 dated 03.01.2026,Nalbari_PDNA_2025-26_16,Recovery and Re-Construction of MAJDIA TO PHED OFFICE ROAD under NDRF (PDNA-2022) for the year 2025-26.,Works,Open Tender,Item Rate,Civil Works – Roads,No,No,NA ,08-Jan-2026 10:30 AM,NA ,180.0,No ,No,Online,21-Jan-2026 10:30 AM,Public Works Roads Department,Nalbari,781335.0,2.0,"27,21,600",Sri Anjan Deka,"2,721,000",Accepted-AOC,22-Jul-2026,Public Works Roads Department
2025_DoWR_49698_1,HAILAKANDI/ 2025-26/PDNA/WORKS/V,Restoration of dyke at different reaches on R/B of river Katakhal from Rupacherra Village to Rupacherra Grant area.,Restoration of dyke at different reaches on R/B of river Katakhal from Rupacherra Village to Rupacherra Grant area.,Works,Open Tender,Works,Civil Works,No,No,NA ,29-Dec-2025 09:00 AM,NA ,180.0,No ,No,Online,09-Jan-2026 03:00 PM,Department of Water Resources||Chief Engineer - DoWR,HAILAKANDI,788151.0,2.0,"2,65,40,975",AMZAD HUSSAIN LASKAR,"26,540,975.16",Accepted-AOC,04-Jul-2026,Department of Water Resources||Chief Engineer - DoWR
2026_PWD_52946_1,CE/DEV/MMNPPNA/262/2023-24/16 Dtd. 26.06.2026,"MMNPPNA_23_24_129 (i) Construction of NH-37 to FRU Road as Gaurab Path from Ch.0.00KM to 0.50KM, (ii) Reconstruction of Teok FRU campus internal road From ch 0.00KM to Ch. 0.14KM, (iii) Construction of Cover Slab of Teok Bongaligaon Drain, (iv) Const","MMNPPNA_23_24_129 (i) Construction of NH-37 to FRU Road as Gaurab Path from Ch.0.00KM to 0.50KM, (ii) Reconstruction of Teok FRU campus internal road From ch 0.00KM to Ch. 0.14KM, (iii) Construction of Cover Slab of Teok Bongaligaon Drain, (iv) Const",Works,Open Tender,Item Rate,Civil Works – Roads,No,No,NA ,03-Jul-2026 04:00 PM,03-Jul-2026 05:00 PM ,180.0,No ,No,Online,10-Jul-2026 02:30 PM,Public Works Roads Department,Teok,785112.0,2.0,"1,39,42,000",PRITAM SAIKIA,"14,499,680",Accepted-AOC,20-Jul-2026,Public Works Roads Department
2025_PWD_48556_17,ARRBP/BR/01/2024/E696387/41,Karimganj/09 i) Br.No. 2/1 on Sonakhira ii) Br.No. 1/2 on Sonakhira Bubrighat,CE/EAP/ARRBP/ OCB/Bridges 2/Karimganj/09 Construction (Widening) of Bridges in Karimganj district i) Br.No. 2/1 on Sonakhira Bubrighat road to Adhamtilla ii) Br.No. 1/2 on Sonakhira Bubrighat road to Adhamtilla,Works,Open Tender,Item Rate,Civil Works - Bridges,No,No,NA ,14-Nov-2025 09:00 AM,21-Nov-2025 11:00 AM ,90.0,No ,No,Online,28-Nov-2025 02:30 PM,Public Works Roads Department,Karimganj District,788806.0,2.0,"1,83,58,000",NANDAN DAS,"20,000,000",Accepted-AOC,22-Jul-2026,Public Works Roads Department
2026_PWD_51543_4,CE/Commn/Pt-I/PDNA/192/25-26/5,PDNA/Nalbari/06,"Recovery and Reconstruction of (1) Kaliya Gohai Than Road, along with other 8 nos. of works under NDRF(PDNA-2022) for the year 2025 -26.",Works,Open Tender,Item Rate,Civil Works – Roads,No,No,NA ,26-Feb-2026 04:00 PM,27-Feb-2026 02:00 PM ,180.0,No ,No,Online,06-Mar-2026 04:00 PM,Public Works Roads Department,Nalbari,781335.0,2.0,"2,03,62,900",Dilip Kumar Barman,"16,585,000",Accepted-AOC,04-Jul-2026,Public Works Roads Department
2026_DoWR_51836_1,DHAKUAKHANA/2025-26/SOPD G/IV,R/S to Bhogamukh to Moukhuwa on the L/B of river Korha from Ch. 12550.00m to 19150.00m.,R/S to Bhogamukh to Moukhuwa on the L/B of river Korha from Ch. 12550.00m to 19150.00m.,Works,Open Tender,Works,Civil Works,No,No,NA ,09-Mar-2026 06:55 PM,NA ,180.0,No ,No,Online,13-Mar-2026 03:00 PM,Department of Water Resources||Chief Engineer - DoWR,DHAKUAKHANA,787055.0,2.0,"8,69,99,815",Ashok Kumar Agarwalla,"86,996,629.08",Accepted-AOC,10-Jul-2026,Department of Water Resources||Chief Engineer - DoWR
2025_PWD_45926_32,CE/DEV/TB/60/2025-26/06 Dtd- 14.07.2025,"MMPPNA_RIDF_XXXI_25_26_323 Construction of road from (1) Sagarpur Bhitoripam Road (From Ch. 0.00 m to Ch. 1900.00 m, L-1.900 KM) (2) Bogolijan E and D Mathauri to Gobrisali Tiniali from Ch. 0.00 m to Ch. 1341.00 m (L-1.341KM) under Mukhya Mantrir Pa","MMPPNA_RIDF_XXXI_25_26_323 Construction of road from (1) Sagarpur Bhitoripam Road (From Ch. 0.00 m to Ch. 1900.00 m, L-1.900 KM) (2) Bogolijan E and D Mathauri to Gobrisali Tiniali from Ch. 0.00 m to Ch. 1341.00 m (L-1.341KM) under Mukhya Mantrir Pa",Works,Open Tender,Item Rate,Civil Works – Roads,No,No,NA ,28-Jul-2025 09:00 AM,04-Aug-2025 12:00 PM ,180.0,No ,No,Online,14-Aug-2025 02:30 PM,Public Works Roads Department,Ranganadi,787052.0,2.0,"2,12,33,000",Bishnu Protim Borah,"21,233,000",Accepted-AOC,17-Jul-2026,Public Works Roads Department
2026_AEGCL_51452_1,AEGCL/MD/Tech-1210/Deposit/BID,"Turnkey Construction of 01 (one) no. of 33kV Feeder Bay for Star Cement at 220kV Sonapur GSS, AEGCL","Turnkey Construction of 01 (one) no. of 33kV Feeder Bay for Star Cement at 220kV Sonapur GSS, AEGCL under Deposit Scheme",Works,Open Tender,Turn-key,Electrical Works,No,No,NA ,24-Feb-2026 09:00 AM,NA ,180.0,No ,No,Online,27-Mar-2026 02:00 PM,Assam Electricity Grid Corporation Ltd||CGM (T and T),Sonapur,782402.0,2.0,,BRAHMAPUTRA RIVER VALLEY TRADING PVT. LTD.,"9,795,345",Rejected-Finance,03-Jul-2026,Assam Electricity Grid Corporation Ltd||CGM (T and T)
2025_DoWR_48274_1,CHARAIDEO/2025-26/SOPD G/VI,Protection of Desang left bank at Rongchual Changmai Gaon and its adjoining areas from the erosion of river Desang.,Protection of Desang left bank at Rongchual Changmai Gaon and its adjoining areas from the erosion of river Desang.,Works,Open Tender,Works,Civil Works,No,No,NA ,28-Oct-2025 06:55 PM,NA ,180.0,No ,No,Online,18-Nov-2025 03:00 PM,Department of Water Resources||Chief Engineer - DoWR,CHARAIDEO,785690.0,2.0,"3,93,11,859",Deben Rajkhuwa,"39,285,025.56",Rejected-Technical,06-Jul-2026,Department of Water Resources||Chief Engineer - DoWR
2025_BTC_49237_1,No.ACE-22/PWD/NIT/GW/25-26/17,Construction of Habrubil to Jalubazar Road Ch 0.00m to Ch 970.00m by providing ICBP under CMs Goodwill Mission Project under SOPD-G for the year 2025-26. TN_66KOK_SOPD-02,Construction of Habrubil to Jalubazar Road Ch 0.00m to Ch 970.00m by providing ICBP under CMs Goodwill Mission Project under SOPD-G for the year 2025-26. TN_66KOK_SOPD-02,Works,Open Tender,Item Rate,Civil Works – Roads,No,No,NA ,15-Dec-2025 12:00 PM,NA ,180.0,No ,No,Online,06-Jan-2026 11:00 AM,Bodoland Territorial Council-PWD||Director Cum CHD - PWD BTC,Kokrajhar,783370.0,2.0,"1,00,00,000",ACHINTA BASUMATARY,"10,000,000",Rejected-AOC,23-Jun-2026,Bodoland Territorial Council-PWD||Director Cum CHD - PWD BTC
2026_DHUA_51944_1,HSC/2025/IFB-05,Empanelment of New HSC Contractor,Empanelment of Contractors under Parallel Rate contract for providing Drinking Water House Service Connections in South central and North Guwahati area under JICA Assisted Guwahati Water Supply Project and South Guwahati West Water Supply Project,Works,Open Tender,Empanelment,Civil Works - Water Works,No,No,NA ,14-Mar-2026 10:00 AM,NA ,90.0,No ,No,Online,30-Mar-2026 03:00 PM,Department of Housing and Urban Affairs||Guwahati Metropolitan Drinking Water and Sewerage Board,Guwahati,781004.0,1.0,,DNA INFRASTRUCTURE,0.0,Accepted-AOC,09-Jul-2026,Department of Housing and Urban Affairs||Guwahati Metropolitan Drinking Water and Sewerage Board
2026_BTC_52509_4,ACE-106/PWD/IFB/PT-I/23-24/293,"Construction of Rebgon Thandwi Katindra Swargiyary Children Park at Salbari, Baksa District. TN_133_12 (R-1)","Construction of Rebgon Thandwi Katindra Swargiyary Children Park at Salbari, Baksa District. TN_133_12 (R-1)",Works,Open Tender,Item Rate,Civil Works - Building,No,No,NA ,26-May-2026 02:00 PM,NA ,180.0,No ,No,Online,16-Jun-2026 02:00 PM,Bodoland Territorial Council-PWD||Director Cum CHD - PWD BTC,Baksa,781327.0,2.0,"59,44,093",BISTI MUSHAHARY,"5,943,090.52",Rejected-AOC,07-Jul-2026,Bodoland Territorial Council-PWD||Director Cum CHD - PWD BTC
2025_PWD_47663_8,SNSTRD/T-2/ SOPD-G/ET(A)/2025-26/02,"SNSTRD_SOPD-G_ET(A)_25_26_07 Construction of road starting from (i) Longai Chandkani road to Dhirpara, (ii) Longai Chandkani road to Aylabari Tea Garden Road via Katakhal Shashan, (iii) L.C. PWD Road to Dakhingram under SOPD-G for the year 2025-26 of","SNSTRD_SOPD-G_ET(A)_25_26_07 Construction of road starting from (i) Longai Chandkani road to Dhirpara, (ii) Longai Chandkani road to Aylabari Tea Garden Road via Katakhal Shashan, (iii) L.C. PWD Road to Dakhingram under SOPD-G for the year 2025-26 of",Works,Open Tender,Item Rate,Civil Works,No,No,NA ,24-Sep-2025 02:00 PM,26-Sep-2025 02:00 PM ,180.0,No ,No,Online,13-Oct-2025 12:00 PM,Public Works Roads Department,Sribhumi,788710.0,2.0,"1,16,05,638",NEZAM UDDIN,"11,605,608",Rejected-AOC,22-Jul-2026,Public Works Roads Department
2026_UDD_51842_1,DMB/15th FC/TG/2026/172,Supply/Procurement of Stainless-Steel Water tank cum Sprinkler with vehicle under 15th FC Tied fund for the year 2024-25 1st and 2nd instalment,Supply/Procurement of Stainless-Steel Water tank cum Sprinkler with vehicle under 15th FC Tied fund for the year 2024-25 1st and 2nd instalment,Goods,Open Tender,Item Rate,Supply of Materials,No,No,NA ,10-Mar-2026 02:30 PM,16-Mar-2026 11:00 AM ,90.0,No ,No,Online,30-Mar-2026 02:30 PM,Urban Development Department||Directorate of Municipality Administration - UDD||Dergaon Municipal Board,"Dergaon Town, Ward No.-07",785614.0,2.0,"65,00,000",MOHAMMED MUZAMMIL ROHMAN,"6,478,880",Rejected-Finance,01-Jul-2026,Urban Development Department||Directorate of Municipality Administration - UDD||Dergaon Municipal Board
2026_APDCL_52416_1,GM /DZ/APDCL/UAR/2026 27 AVFCCL 11KV Shifting 276,Shifting of 11KV 5 No Feeder with MVCC at the approached road of AVFCCL,Shifting of 11KV 5 No Feeder with MVCC at the approached road of AVFCCL under Namrup ESD,Works,Open Tender,Turn-key,Electrical Works,No,No,NA ,19-May-2026 05:00 PM,NA ,90.0,No ,No,Online,25-May-2026 02:30 PM,Assam Power Distribution Company Ltd||CGM(D) Upper Assam Region - APDCL||GM(Dibrugarh Zone) - APDCL,"AVFCCL,Namrup,Assam",786623.0,2.0,"25,53,463",DUKE BORAH,"2,545,940.17",Accepted-AOC,02-Jul-2026,Assam Power Distribution Company Ltd||CGM(D) Upper Assam Region - APDCL||GM(Dibrugarh Zone) - APDCL
2025_PWD_45926_111,CE/DEV/TB/60/2025-26/06 Dtd- 14.07.2025,"MMPPNA_RIDF_XXXI_25_26_157 Construction of road from (1) Kakoijana Nayapara Lakhmi Mandir to K. K. Road via L.P. School, (2) NH-17 Sidalsuti LP School to Sedapara Shiv Mandir and (3) Sidalsati Bazar Khorapara Hill Side under Mukhya Mantrir Paki Path","MMPPNA_RIDF_XXXI_25_26_157 Construction of road from (1) Kakoijana Nayapara Lakhmi Mandir to K. K. Road via L.P. School, (2) NH-17 Sidalsuti LP School to Sedapara Shiv Mandir and (3) Sidalsati Bazar Khorapara Hill Side under Mukhya Mantrir Paki Path",Works,Open Tender,Item Rate,Civil Works – Roads,No,No,NA ,30-Jul-2025 02:00 PM,04-Aug-2025 12:00 PM ,180.0,No ,No,Online,14-Aug-2025 02:30 PM,Public Works Roads Department,Abhayapuri,783384.0,2.0,"3,74,91,000",Kanchan Moni Barkalita,"37,490,000",Accepted-AOC,23-Jul-2026,Public Works Roads Department
2025_PWD_49573_23,CE/Commn/192/PDNA/2025-26/02,PDNA/ Dima Hasao/05,Recovery and Reconstruction of T05 to Hokai HC Road under NDRF(PDNA-2022) for the year 2025-26.,Works,Open Tender,Item Rate,Civil Works – Roads,No,No,NA ,23-Dec-2025 04:00 PM,26-Dec-2025 04:00 PM ,180.0,No ,No,Online,09-Jan-2026 02:30 PM,Public Works Roads Department,Dima Hasao,788819.0,2.0,"1,50,00,000",BORDIP LANGTHASA,"13,200,002",Rejected-AOC,03-Jul-2026,Public Works Roads Department
2026_PWD_51329_1,CE/DEV/TB/120/2025-26/50 Dtd- 16.02.2026,"SOPD_G_25_26_61 Construction of Proposed Alternate Approach Road to IIM and Azim Premji University from existing PMGSY Road (Package No. AS-11-913) at Satpokheli under Palashbari, Kamrup District under SOPD(G) for the year 2025-26.","SOPD_G_25_26_61 Construction of Proposed Alternate Approach Road to IIM and Azim Premji University from existing PMGSY Road (Package No. AS-11-913) at Satpokheli under Palashbari, Kamrup District under SOPD(G) for the year 2025-26.",Works,Open Tender,Item Rate,Civil Works – Roads,No,No,NA ,18-Feb-2026 06:00 PM,25-Feb-2026 12:00 PM ,180.0,No ,No,Online,05-Mar-2026 02:30 PM,Public Works Roads Department,Kamrup,781001.0,2.0,"3,12,33,000",ANIL DAS CONSTRUCTION PVT LTD,"27,414,004",Rejected-Finance,20-Jul-2026,Public Works Roads Department
2025_PWD_49097_5,CE/DEV/TB/60/2025-26/57 Dtd- 03.12.2025,"MMPPNA_RIDF_XXXI_25_26_35 Construction of Road from NH-15 at Jorhatia Majgaon, Balijan Kalita Gaon, Champora, Hazarika Gas Agency to Pragati English Medium School Ghilamara near SH-22 under Mukhya Mantrir Paki Path Nirman Achani (MMPPNA) under RIDF-X","MMPPNA_RIDF_XXXI_25_26_35 Construction of Road from NH-15 at Jorhatia Majgaon, Balijan Kalita Gaon, Champora, Hazarika Gas Agency to Pragati English Medium School Ghilamara near SH-22 under Mukhya Mantrir Paki Path Nirman Achani (MMPPNA) under RIDF-X",Works,Open Tender,Item Rate,Civil Works – Roads,No,No,NA ,06-Dec-2025 06:30 PM,08-Dec-2025 02:30 PM ,180.0,No ,No,Online,17-Dec-2025 02:30 PM,Public Works Roads Department,Dhakuakhana,787055.0,2.0,"1,61,99,000",JITU HAZARIKA,"16,199,000",Accepted-AOC,23-Jul-2026,Public Works Roads Department
2025_PWD_46694_3,CE/DEV/TB/54/2025-26/09 Dated 11.08.2025,"MMUPPNA-RIDF-XXXI-25-26-33 Improvement and Widening of Road from NH29 Buragohai to Hori Taro gaon under 109 - Howraghat (ST) LAC under Mukhya Mantrir Unotto Pakipath Nirman Achani (MMUPPNA) under RIDF - XXXI of NABARD for the Year 2025-26, L 3.70 k","MMUPPNA-RIDF-XXXI-25-26-33 Improvement and Widening of Road from NH29 Buragohai to Hori Taro gaon under 109 - Howraghat (ST) LAC under Mukhya Mantrir Unotto Pakipath Nirman Achani (MMUPPNA) under RIDF - XXXI of NABARD for the Year 2025-26, L 3.70 k",Works,Open Tender,Item Rate,Civil Works – Roads,No,No,NA ,19-Aug-2025 06:00 PM,21-Aug-2025 12:00 PM ,180.0,No ,No,Online,09-Sep-2025 02:30 PM,Public Works Roads Department,Karbi Anglong,782460.0,2.0,"5,11,46,000",Kanakjyoti Bhagawati,"51,140,504",Rejected-Finance,14-Jul-2026,Public Works Roads Department
2026_DoWR_50112_1,GOLAGHAT/2025-26/PDNA/WORK/I,Restoration of breach like damages at Kakodunga bund L/B embankment from Barbaruah Ali to Dhodar Ali.,Restoration of breach like damages at Kakodunga bund L/B embankment from Barbaruah Ali to Dhodar Ali.,Works,Open Tender,Works,Civil Works,No,No,NA ,09-Jan-2026 09:00 AM,NA ,180.0,No ,No,Online,20-Jan-2026 03:00 PM,Department of Water Resources||Chief Engineer - DoWR,Golaghat,785621.0,2.0,"1,15,29,977",POLASH JYOTI SAIKIA,"11,527,996.5",Accepted-AOC,08-Jul-2026,Department of Water Resources||Chief Engineer - DoWR
2026_PWD_51541_4,CE/Cmmn/192/Pt-I/PDNA/25-26/5,PDNA/Nalbari/17,Recovery and Reconstruction of Tinpukhuri Soto Alia Road (Br. Approach No.1/1 and 2/2 Damaged) 2.Alternative Road (Infront of Nalbari Eye Hospital) under NDRF (PDNA-2022) scheme for the year 2025-26,Works,Open Tender,Item Rate,Civil Works – Roads,No,No,NA ,26-Feb-2026 05:00 PM,27-Feb-2026 04:00 PM ,180.0,No ,No,Online,06-Mar-2026 02:30 PM,Public Works Roads Department||CE PWD(R) - PWD||Traffic Engineering Cell - PWD,Nalbari,781310.0,2.0,"67,90,800",Dilip Kumar Barman,"5,327,000",Accepted-AOC,29-Jul-2026,Public Works Roads Department||CE PWD(R) - PWD||Traffic Engineering Cell - PWD
2026_FD_50532_1,AF(S)182/RIDF/2024-25/pt/ dt.21/1/2026,Infrastructure for Fisheries Development Projects in Cachar Hailakandi and karimganj,112 Nos of Infrastructure for Fisheries Development Projects in 26 Districts of Assam under RIDF XXIX 2023 24 Package IX,Works,Open Tender,Works,Civil Works,No,No,NA ,23-Jan-2026 10:00 AM,NA ,180.0,No ,No,Online,12-Feb-2026 02:30 PM,Department of Fisheries||Directorate of Fisheries Assam,Assam,781016.0,2.0,"1,34,40,600",Sushanta Sekhar Paul,"13,440,599.93",Rejected-Finance,06-Jul-2026,Department of Fisheries||Directorate of Fisheries Assam
2025_BoTC_45348_1,DPRD/BTC/15th FC/(IF)/Udl-01/2025/09,Const. of road with boulder revetment in Khwirabari Habi near M.E School under interest fund of 15th FC for the year 2025-26.,DPRD/BTC/15th FC/(IF)/Udl-01/2025/09,Works,Open Tender,Item Rate,Civil Works,No,No,NA ,04-Jul-2025 10:30 AM,NA ,180.0,No ,No,Online,18-Jul-2025 02:30 PM,Bodoland Territorial Council||Panchayat and Rural Development-BTC,Udalguri,784509.0,2.0,"70,00,000",ALMA BASUMATARY,"6,999,595.4",Accepted-AOC,30-Jul-2025,Bodoland Territorial Council||Panchayat and Rural Development-BTC
2026_PWD_50632_19,Tech/NDTRD/NIT/1028/4296 dated 28.01.2026,Tihu_PDNA_2025-26_91,Recovery and Reconstruction of Jagara Goalpara(Gopalthan) LP School to Khakharisal road under NDRF (PDNA-2022) for the year 2025-26.,Works,Open Tender,Item Rate,Civil Works – Roads,No,No,NA ,03-Feb-2026 10:30 AM,NA ,180.0,No ,No,Online,13-Feb-2026 10:30 AM,Public Works Roads Department,Nalbari,781335.0,2.0,"54,98,000",APURBA BEZBARUAH,"4,013,540",Rejected-Finance,24-Jul-2026,Public Works Roads Department
2025_DoWR_47548_2,DIBRUGARH/2025-26/RIDF/III,R/S to Tengakhat Bund upto Jokai RF on the R/B of river Buridehing. Package 1,R/S to Tengakhat Bund upto Jokai RF on the R/B of river Buridehing. Package 1,Works,Open Tender,Works,Civil Works,No,No,NA ,23-Dec-2025 06:55 PM,NA ,180.0,No ,No,Online,05-Jan-2026 03:00 PM,Department of Water Resources||Chief Engineer - DoWR,Dibrugarh,786001.0,2.0,"4,29,26,600",MS MANAB JYOTI GOGOI AND CO.,"42,926,573.75",Accepted-AOC,18-Jul-2026,Department of Water Resources||Chief Engineer - DoWR
2025_PWD_45820_51,CE/STBR/SOPD-G/NIT/07/2025 26/1 Dated 26-06-2025,STBR/SOPD-G/Jalukbari-40/79 Constrution of Kahikuchi Kuwarigaon LP School to PD field Road under SOPD-G for the year 2025-26,STBR/SOPD-G/Jalukbari-40/79 Constrution of Kahikuchi Kuwarigaon LP School to PD field Road under SOPD-G for the year 2025-26,Works,Open Tender,Item Rate,Civil Works – Roads,No,No,NA ,23-Jul-2025 03:00 PM,30-Jul-2025 11:00 AM ,180.0,No ,No,Online,19-Aug-2025 11:00 AM,Public Works Roads Department,Jalukbari,781013.0,2.0,"6,38,000",M/S S.B ENTERPRISE,"637,978",Accepted-AOC,16-Jul-2026,Public Works Roads Department
2025_PWD_45820_44,CE/STBR/SOPD-G/NIT/07/2025 26/1 Dated 26-06-2025,STBR/SOPD-G/Jalukbari-31/70 Construction of Kalika Path under SOPD-G for the year 2025-26,STBR/SOPD-G/Jalukbari-31/70 Construction of Kalika Path under SOPD-G for the year 2025-26,Works,Open Tender,Item Rate,Civil Works – Roads,No,No,NA ,23-Jul-2025 02:00 PM,30-Jul-2025 11:00 AM ,180.0,No ,No,Online,19-Aug-2025 11:00 AM,Public Works Roads Department,Jalukbari,781013.0,2.0,"7,57,000",M/S S.B ENTERPRISE,"757,000",Rejected-AOC,16-Jul-2026,Public Works Roads Department
2026_PWRDW_50657_10,EAP/ARRBP/02/TENDERS/2024/60,ARRBP/OCB/Bridge 1/Kokrajhar/14 Bridge No. 3by1 on Kathalguri to Saljuri I.,CE/EAP/ARRBP/OCB/Bridge 1/Kokrajhar/14 Bridge No. 3by1 on Kathalguri to Saljuri I.,Works,Open Tender,Item Rate,Civil Works - Bridges,No,No,NA ,04-Feb-2026 04:00 PM,10-Feb-2026 11:00 AM ,180.0,No ,No,Online,17-Feb-2026 02:30 PM,Public Works Roads Department-Externally Aided Project||Public Works Road Department- World Bank Funded Tenders||Assam State Bridge Infrastructure Program,Kokrajhar district,783370.0,2.0,"2,41,58,500",Maniraj Brahma,"24,158,000",Rejected-Technical,02-Jul-2026,Public Works Roads Department-Externally Aided Project||Public Works Road Department- World Bank Funded Tenders||Assam State Bridge Infrastructure Program
2026_AHVD_51680_2,E-763721/25-26/DFA/1653637/03,Construction of Super speciality Petcare Animal Hospital at Sribhumi District under RIDF-XXXI,Construction of Super speciality Petcare Animal Hospital at Sribhumi District under RIDF-XXXI,Works,Open Tender,Item Rate,Civil Works,No,No,NA ,05-Mar-2026 05:30 PM,09-Mar-2026 01:00 PM ,180.0,No ,No,Online,22-Apr-2026 02:00 PM,Animal Husbandry and Veterinary Department||Directorate of A.H. and Veterinary||Assam Livestock and Poultry Corporation Ltd.,Sribhumi,788710.0,2.0,"8,23,17,090",Ganesh Daimary,"82,317,090",Rejected-Technical,24-Jun-2026,Animal Husbandry and Veterinary Department||Directorate of A.H. and Veterinary||Assam Livestock and Poultry Corporation Ltd.
2025_NHM_46164_11,NHM/I/1187217/2025,"Infrastructure Development of Ayush Health and Wellness Centers (AHWC) under Ayushman Bharat for the FY 2023-2024, group.11 (4 nos. of scheme in Goalpara and Bongaigaon District.)","Infrastructure Development of Ayush Health and Wellness Centers (AHWC) under Ayushman Bharat for the FY 2023-2024, group.11 (4 nos. of scheme in Goalpara and Bongaigaon District.)",Works,Open Tender,Item Rate,Civil Works - Building,No,No,NA ,05-Aug-2025 04:30 PM,NA ,225.0,No ,No,Online,27-Aug-2025 03:30 PM,National Health Mission||State Programme Management Unit - NHM,Goalpara and Bongaigaon,786125.0,2.0,"13,98,584",ASHAN ALI,"1,081,100",Rejected-Finance,14-Jul-2026,National Health Mission||State Programme Management Unit - NHM
2026_BTC_52265_1,ACE-10/PWD/PMC/BTC/2024-25/23,"PMC services for Organic Manure Production Centre at Jharaguri, District Kokrajhar Assam.","PMC services for Organic Manure Production Centre at Jharaguri, District Kokrajhar Assam.",Services,Open Tender,EOI,Consultancy,No,No,NA ,09-May-2026 12:00 PM,16-May-2026 12:00 PM ,180.0,No ,No,Online,26-May-2026 03:00 PM,Bodoland Territorial Council-PWD||Director Cum CHD - PWD BTC,Kokrajhar,783370.0,2.0,"57,94,946",Bureau Veritas (India) Pvt. Ltd.,"5,794,946",Not Admitted-Fee/PreQual/Technical,09-Jul-2026,Bodoland Territorial Council-PWD||Director Cum CHD - PWD BTC
2026_FD_50516_1,AF(S)182 /RIDF/2024-25/pt/5992-5996 Dated21/01/2026,"Infrastructure for Fisheries Development Projects,Pkg-I Tinsukia and Dibrugarh",112 Nos of Infrastructure for Fisheries Development Projects in 26 Districts of Assam under RIDF-XXIX 2023-24(Pkg-I Tinsukia and Dibrugarh),Works,Open Tender,Works,Civil Works,No,No,NA ,23-Jan-2026 10:00 AM,NA ,180.0,No ,No,Online,12-Feb-2026 02:30 PM,Department of Fisheries||Directorate of Fisheries Assam,Tinsukia and Dibrugarh,781016.0,2.0,,T J Biswajit Mahengia,"9,893,000.04",Rejected-AOC,06-Jul-2026,Department of Fisheries||Directorate of Fisheries Assam
2026_DoWR_50392_1,TINSUKIA/2025-26/M AND R/I,M and R to Construction of New embankment including raising and strengthening of existing dowelbund from Bhabalagaon to 5th Mile under Sadiya Co-District.,M and R to Construction of New embankment including raising and strengthening of existing dowelbund from Bhabalagaon to 5th Mile under Sadiya Co-District.,Works,Open Tender,Works,Civil Works,No,No,NA ,20-Jan-2026 06:55 PM,NA ,180.0,No ,No,Online,30-Jan-2026 03:00 PM,Department of Water Resources||Chief Engineer - DoWR,"Bhabalagaon, Tinsukia",786125.0,2.0,"4,96,49,766",SANJIB BORUAH,"49,644,628.51",Accepted-AOC,13-Jul-2026,Department of Water Resources||Chief Engineer - DoWR
2025_PWD_45818_54,CE/Commn/16/2025-26/04,Titabor/SOPD/ 3,"Improvement of (1) Silikha Bazar To Kharikatia Gaon (2) Bossa Sonariali Road(State Priority Scheme) (3) Eraltolo to Dhubuni (4) Dekiajuli Tea Estate Gandhi Nagar to Medical under SOPD-G for the year 2025-26 under Jorhat and TitaborTRD,Titabor LAC",Works,Open Tender,Item Rate,Civil Works – Roads,No,No,NA ,24-Jul-2025 11:00 AM,28-Jul-2025 04:00 PM ,180.0,No ,No,Online,11-Aug-2025 02:30 PM,Public Works Roads Department,Titabor,785630.0,2.0,"56,50,000",Anupam Saikia,"5,649,500",Rejected-AOC,03-Jul-2026,Public Works Roads Department
2025_MDRDE_49020_1,IN-AHIDMS-526518-CW-RFB,"Repair and renovation work under ASSIST project for Sonapur District Hospital, Kamrup(M) and Nalbari Medical College and Hospital, Nalbari.","Repair and renovation work under ASSIST project for Sonapur District Hospital, Kamrup(M) and Nalbari Medical College and Hospital, Nalbari.",Works,Open Tender,Works,Civil Works - Building,No,No,NA ,03-Dec-2025 06:00 PM,10-Dec-2025 03:00 PM ,150.0,No ,No,Online,20-Jan-2026 03:00 PM,Medical Education and Research Department- Externally Aided Project||Assam Health Infrastructure Development and Management Society,As per bid document,781022.0,2.0,"15,39,00,000",M/s Macrocosm Builders,"125,199,348.4",Accepted-AOC,08-Jul-2026,Medical Education and Research Department- Externally Aided Project||Assam Health Infrastructure Development and Management Society
2026_FD_50772_1,NIT 01/2026,Settlement of Beel Fisheries,Settlement of Beel Fisheries,Services,Open Tender,Item Wise,Miscellaneous Services,No,No,NA ,04-Feb-2026 02:00 PM,NA ,365.0,No ,No,Online,20-Mar-2026 02:00 PM,Department of Fisheries||Assam Fisheries Development Corporation Ltd,Guwahati,781036.0,2.0,,Chambu Das,"965,555",Accepted-AOC,14-Jul-2026,Department of Fisheries||Assam Fisheries Development Corporation Ltd
2026_BoTC_50834_1,TECH-28/SE(RB)/2019-20/09,"Construction of RCC Box Culvert (Size 3.00m x 3.00m, 1 Cell) at No.1 Malipara Hoodraguri Dong near Paddy field in Chirang District. TN-388-3.","Construction of RCC Box Culvert (Size 3.00m x 3.00m, 1 Cell) at No.1 Malipara Hoodraguri Dong near Paddy field in Chirang District. TN-388-3.",Works,Open Tender,Works,Civil Works – Roads,No,No,NA ,05-Feb-2026 03:00 PM,NA ,180.0,No ,No,Online,19-Feb-2026 02:00 PM,Bodoland Territorial Council||PWD-BTC,Chirang,783385.0,2.0,"24,99,968",Birkang Wary,"2,499,600",Rejected-Finance,15-Jul-2026,Bodoland Territorial Council||PWD-BTC
2026_PWD_51353_2,CE/DEV/TB/120/2025-26/46 Dtd- 10.02.2026,"SOPD_G_25_26_58 (1) Construction of Rangia Nadir Pam ME school to Borikhamar Bazar Road, (2) Construction of Kaljahi village road to Bhogchara Bazar Road, (3) Construction of Radhakuchi Khardhara Tatikuchi Road via 1262 no. Uttar Kharuwapara L.P Scho","SOPD_G_25_26_58 (1) Construction of Rangia Nadir Pam ME school to Borikhamar Bazar Road, (2) Construction of Kaljahi village road to Bhogchara Bazar Road, (3) Construction of Radhakuchi Khardhara Tatikuchi Road via 1262 no. Uttar Kharuwapara L.P Scho",Works,Open Tender,Item Rate,Civil Works – Roads,No,No,NA ,19-Feb-2026 04:00 PM,20-Feb-2026 02:30 PM ,180.0,No ,No,Online,23-Feb-2026 02:30 PM,Public Works Roads Department,Barpeta,781301.0,2.0,"12,52,72,000",M/s Macrocosm Builders,"125,263,723",Rejected-Finance,09-Jul-2026,Public Works Roads Department
2026_PWBNH_52447_1,SENLB1_fire extinguisher FAAMCH Barpeta,"Repairing Renovation of Fire Hydrant Sprinkler with necessary Fire Fighting equipment etc including Construction of (1.5 Lakh) capacity Water Tank with Pump House for entire Hospital Building of FAAMCH, Barpeta","Repairing Renovation of Fire Hydrant Sprinkler with necessary Fire Fighting equipment etc including Construction of (1.5 Lakh) capacity Water Tank with Pump House for entire Hospital Building of FAAMCH, Barpeta",Works,Open Tender,Item Wise,Civil Works - Building,No,No,NA ,21-May-2026 03:00 PM,25-May-2026 12:00 PM ,180.0,No ,No,Online,10-Jun-2026 02:30 PM,Public Works Building and NH Department||Chief Engineer-Building - PWBNH,Barpeta,781301.0,2.0,"1,11,90,971",CREATIVE PROTECTION DEVICES,"11,145,087",Rejected-Technical,07-Jul-2026,Public Works Building and NH Department||Chief Engineer-Building - PWBNH
