Tender ID,tender_externalreference,tender_title,Work Description,Tender Category,Tender Type,Form of contract,Product Category,Is Multi Currency Allowed For BOQ,Allow Two Stage Bidding,Independent External Monitor/Remarks,Published Date,Pre Bid Meeting Date,Bid Validity(Days),Should Allow NDA Tender,Allow Preferential Bidder,Payment Mode,Bid Opening Date,Organisation Chain,location,Pincode,No of Bids Received,Tender Value in ₹,Bidder Name,Awarded Value,Status,Contract Date :,Department
2025_WPTBC_48785_1,SCDCBWKaliabor,"Construction of Boundary Wall at Tangkham Borgohain Maidam, Kaliabor, Nagaon","Construction of Boundary Wall at Tangkham Borgohain Maidam, Kaliabor, Nagaon",Works,Open Tender,Item Rate,Civil Works,No,No,NA ,21-Nov-2025 09:00 AM,NA ,180.0,No ,No,Online,03-Dec-2025 03:00 PM,Welfare of Plain Tribes and Backward Classes||Directorate of Welfare of Scheduled Caste||Assam State Development Corporation for SC,"DISPUR, GHY-781006",781006.0,2.0,"21,50,000",MS EUREKA TRADE,"2,149,500",Accepted-AOC,30-Jan-2026,Welfare of Plain Tribes and Backward Classes||Directorate of Welfare of Scheduled Caste||Assam State Development Corporation for SC
2025_PWD_45820_6,CE/STBR/SOPD-G/NIT/07/2025 26/1 Dated 26-06-2025,STBR/SOPD-G/Dholai-01/06 Construction of Road from (i) NH-54 to Joshumoy Nath House via Anadi Lingashram (ii) Rukni PWD Road to Nageshear Tilla via Chitta Ranjan Goala (iii) Protection Work of Road from Dholai Bazar to Dwarbond from Ch. 1000.00 m to,STBR/SOPD-G/Dholai-01/06 Construction of Road from (i) NH-54 to Joshumoy Nath House via Anadi Lingashram (ii) Rukni PWD Road to Nageshear Tilla via Chitta Ranjan Goala (iii) Protection Work of Road from Dholai Bazar to Dwarbond from Ch. 1000.00 m to,Works,Open Tender,Item Rate,Civil Works – Roads,No,No,NA ,22-Jul-2025 12:00 PM,30-Jul-2025 11:00 AM ,180.0,No ,No,Online,11-Aug-2025 11:00 AM,Public Works Roads Department,Dholai,788114.0,2.0,"1,69,95,400",DEBOPRIYO DEB,"16,994,687",Rejected-AOC,31-Jan-2026,Public Works Roads Department
2025_ID_48559_2,NIT_NO_1_SOPD-G_ 2025-26 dtd_12_11_2025,"MDTW Scheme (SOLAR POWERED)- 1 Point at Ralipathar, Melati Village in Morigaon LAC under SOPD-G for the year 2025-26_Package_2","MDTW Scheme (SOLAR POWERED)- 1 Point at Ralipathar, Melati Village in Morigaon LAC under SOPD-G for the year 2025-26_Package_2",Works,Open Tender,Item Rate,Civil Works,No,No,NA ,13-Nov-2025 11:00 AM,19-Nov-2025 11:00 AM ,180.0,No ,No,Online,05-Dec-2025 12:00 PM,Irrigation Department||Chief Engineer(Major)-Irrigation Dept||Nagaon Circle||Morigaon Laharighat Jagiroad Division,Morigaon,782105.0,2.0,"28,79,573",BIPUL MEDHI,"2,793,185",Rejected-Finance,16-Jan-2026,Irrigation Department||Chief Engineer(Major)-Irrigation Dept||Nagaon Circle||Morigaon Laharighat Jagiroad Division
2025_PCCF_48157_1,CAC/FOR/002/CUTTING TREE,Felling of trees for 4 lanning of Karimganj Silchar Section of NH 37 near ISBT Silchar Ramnagar to Salchapra,Felling of trees for 4 lanning of Karimganj Silchar Section of NH 37 near ISBT Silchar Ramnagar to Salchapra,Works,Open Tender,Works,Agricultural or Forestry,No,No,NA ,17-Oct-2025 06:30 PM,22-Oct-2025 11:30 AM ,90.0,No ,No,Online,06-Nov-2025 05:30 PM,Pr. Chief Conservator of Forest and Head of Forest Force||Chief Conservator of Forestes (T) (Lower Assam Zone)||Southern Assam Circle||Cachar Forest Division,ISBT Silchar Ramnagar to Salchapra,788003.0,2.0,"34,15,729",J INFRATECH LIMITED,"3,073,814.53",Not Admitted-Fee/PreQual/Technical,09-Jan-2026,Pr. Chief Conservator of Forest and Head of Forest Force||Chief Conservator of Forestes (T) (Lower Assam Zone)||Southern Assam Circle||Cachar Forest Division
2025_SSA_47864_1,E-705066/114 dated 20.09.2025,Strengthening of PM-Shri schools,"Strengthening of PM-Shri schools Construction of 1 Physics laboratory, 1 chemistry laboratory and 1 biology laboratory at PM-Shri Abdul Hasib HS School in Hojai district Major repairing of PM-Shri Abdul Hasib HS School under Hojai-Municipalit",Works,Open Tender,Works,Civil Works - Building,No,No,NA ,07-Oct-2025 03:00 PM,08-Oct-2025 03:00 PM ,180.0,No ,No,Online,14-Oct-2025 03:00 PM,Axom Sarba Siksha Abhijan Mission,Assam,781019.0,2.0,"5,34,43,300",HUSSAIN AHMED MAZUMDER,"53,423,920",Accepted-AOC,06-Jan-2026,Axom Sarba Siksha Abhijan Mission
2025_PWD_45408_126,CE/DEV/TB/60/2025-26/01 Dtd- 21.06.2025,"MMPPNA_RIDF_XXXI_25_26_12 Construction of road from (1) Mikirpar Uria to Kachupit Namghar, (2)Samaguri Udmari Road at Bharat Gas Store to Niz Baghborali Rangagorah,(3) Kuruabahi to Jamunbasti Namghar under Mukhya Mantrir Paki Path Nirman Achani (MMPP","MMPPNA_RIDF_XXXI_25_26_12 Construction of road from (1) Mikirpar Uria to Kachupit Namghar, (2)Samaguri Udmari Road at Bharat Gas Store to Niz Baghborali Rangagorah,(3) Kuruabahi to Jamunbasti Namghar under Mukhya Mantrir Paki Path Nirman Achani (MMPP",Works,Open Tender,Item Rate,Civil Works – Roads,No,No,NA ,14-Jul-2025 04:00 PM,17-Jul-2025 12:00 PM ,180.0,No ,No,Online,28-Jul-2025 02:30 PM,Public Works Roads Department,Barhampur,786001.0,2.0,"3,89,47,000",Rishabh Jain,"38,947,000",Rejected-Finance,21-Jan-2026,Public Works Roads Department
2025_SSA_46772_1,E-686287/353,Borjarani ME School under Behali block in Biswanath,"Construction of school building for upgradation from upper primary to secondary under Samagra Shiksha, Assam",Works,Open Tender,Item Rate,Civil Works - Building,No,No,NA ,21-Aug-2025 09:00 AM,22-Aug-2025 02:00 PM ,180.0,No ,No,Online,05-Sep-2025 03:00 PM,Axom Sarba Siksha Abhijan Mission,"SSA, Kahilipara, Guwahati",781019.0,2.0,"1,61,60,000",Sri Beekey Agarwala,"16,156,666",Rejected-Finance,10-Jan-2026,Axom Sarba Siksha Abhijan Mission
2025_PWD_49123_1,CE/STBR/SOPD-G/NIT/07/2025 26/52 Dated 03-12-2025,STBR/MLCSNA/SOPD G/Barhampur/Beautification/01 Construction of RCC Bridge No. 26/1 over river Kapili at Kampur on Nagaon Kampur Baithalangso Road under Mahabir Lachit Chilarai Setu Nirman Abhijan (MLCSNA) under SOPD-G for the year 2018 19,STBR/MLCSNA/SOPD G/Barhampur/Beautification/01 Construction of RCC Bridge No. 26/1 over river Kapili at Kampur on Nagaon Kampur Baithalangso Road under Mahabir Lachit Chilarai Setu Nirman Abhijan (MLCSNA) under SOPD-G for the year 2018 19,Works,Open Tender,Item Rate,Civil Works – Roads,No,No,NA ,08-Dec-2025 05:00 PM,NA ,180.0,No ,No,Online,30-Dec-2025 11:00 AM,Public Works Roads Department,Barhampur,782102.0,2.0,"99,59,077",RCN Constructions Pvt Ltd,"9,959,054",Accepted-AOC,09-Jan-2026,Public Works Roads Department
2025_PWD_45926_5,CE/DEV/TB/60/2025-26/06 Dtd- 14.07.2025,"MMPPNA_RIDF_XXXI_25_26_269 Construction of (1) 1 No Chahajan to Chutiakari Road (Ch. 0.00 m to Ch. 1200.00 m), (2) Singibill LP School to Kathalbam LP School Path (L-1.00 Km), (3) Jamirah Bogibeel Road to Gabharujan Road (Ch. 0.00 m to Ch. 1400.00 m)","MMPPNA_RIDF_XXXI_25_26_269 Construction of (1) 1 No Chahajan to Chutiakari Road (Ch. 0.00 m to Ch. 1200.00 m), (2) Singibill LP School to Kathalbam LP School Path (L-1.00 Km), (3) Jamirah Bogibeel Road to Gabharujan Road (Ch. 0.00 m to Ch. 1400.00 m)",Works,Open Tender,Item Rate,Civil Works – Roads,No,No,NA ,26-Jul-2025 09:00 AM,04-Aug-2025 12:00 PM ,180.0,No ,No,Online,14-Aug-2025 02:30 PM,Public Works Roads Department,Khowang,785675.0,2.0,"3,09,22,000",Anuj Saikia,"30,922,000",Accepted-AOC,17-Jan-2026,Public Works Roads Department
2025_UDD_48172_1,NMB/69/2024-25/154,"Construction of Community Hall of Sanmilita Junali Yuba Sewa Sangha at Madhabpur, Ward No. 2, Narayanpur","Construction of Community Hall of Sanmilita Junali Yuba Sewa Sangha at Madhabpur, Ward No. 2, Narayanpur",Works,Open Tender,Item Rate,Civil Works - Building,No,No,NA ,22-Oct-2025 04:00 PM,NA ,180.0,No ,No,Online,14-Nov-2025 01:00 PM,Urban Development Department||Directorate of Municipality Administration - UDD||Narayanpur Municipal Board,Narayanpur,784164.0,2.0,"24,81,925",Naren Hazarika,"2,481,070.19",Rejected-AOC,29-Dec-2025,Urban Development Department||Directorate of Municipality Administration - UDD||Narayanpur Municipal Board
2025_UDD_48974_1,BM/Misc15thFC(Untied)-112,Supply of 9.5 Mtrs. Sky Jacker mounted on TATA Intra V30 with PTO (excluding cost of Truck Chassis),Supply of 9.5 Mtrs. Sky Jacker mounted on TATA Intra V30 with PTO (excluding cost of Truck Chassis),Goods,Open Tender,Supply,Machineries,No,No,NA ,01-Dec-2025 04:00 PM,08-Dec-2025 11:30 AM ,90.0,No ,No,Online,22-Dec-2025 04:00 PM,Urban Development Department||Directorate of Municipality Administration - UDD||Bongaigaon Municipal Board,Bongaigaon,783380.0,2.0,"24,54,400",ARIAMRIT ENGINEERING LIMITED,"2,454,154.56",Accepted-AOC,16-Jan-2026,Urban Development Department||Directorate of Municipality Administration - UDD||Bongaigaon Municipal Board
2025_PHED_47614_1,SEPH/TEZ/TC-196/2025-26/690-96 Dated 19/09/2025,"Utility Shifting of Talakabari Pipe Water Supply Scheme under SOPD for the year 2025-26 under Tezpur Division No-I, Tezpur, Sonitpur","Utility Shifting of Talakabari Pipe Water Supply Scheme under SOPD for the year 2025-26 under Tezpur Division No-I, Tezpur, Sonitpur",Works,Open Tender,Item Rate,Civil Works - Water Works,No,No,NA ,20-Sep-2025 10:00 AM,25-Sep-2025 11:00 AM ,90.0,No ,No,Online,11-Nov-2025 02:00 PM,Public Health Engineering Department||Chief Engineer PHE(P)-Assam-PHED||North Assam Zone-Tezpur-PHED||Tezpur Circle-Tezpur-PHED,"Talakabari, Sonitpur",784180.0,2.0,"20,76,376",Contractor,"2,061,976",Accepted-AOC,12-Jan-2026,Public Health Engineering Department||Chief Engineer PHE(P)-Assam-PHED||North Assam Zone-Tezpur-PHED||Tezpur Circle-Tezpur-PHED
2025_SEEDE_48213_1,ASU/UH/2025/378,TENDER DOCUMENT FOR OUTSOURCING OF UNIVERSITY BOYS AND GIRLS HOSTEL MESS FACILITY IN ASSAM SKILL UNIVERSITY AT MANGALDAI DARRANG ASSAM 784125,TENDER DOCUMENT FOR OUTSOURCING OF UNIVERSITY BOYS AND GIRLS HOSTEL MESS FACILITY IN ASSAM SKILL UNIVERSITY AT MANGALDAI DARRANG ASSAM 784125,Services,Open Tender,Item Rate,Hotel/ Catering,No,No,NA ,23-Oct-2025 09:00 AM,NA ,90.0,No ,No,Online,12-Nov-2025 03:00 PM,Skill Employment and Entrepreneurship Department- Externally Aided Project||Assam Skill University Project- ADB Funded Tenders,Mangaldai,784125.0,2.0,"36,00,000",M/S MAHENDRA BHUYAN,693.0,Rejected-Technical,28-Jan-2026,Skill Employment and Entrepreneurship Department- Externally Aided Project||Assam Skill University Project- ADB Funded Tenders
2025_DoWR_47929_1,GOLAGHAT/2025-26/NDMF/I,Wetland Storage Reservoir at Ghuramora Wetland of Golaghat District under Golaghat WR Division.,Wetland Storage Reservoir at Ghuramora Wetland of Golaghat District under Golaghat WR Division.,Works,Open Tender,Works,Civil Works,No,No,NA ,09-Oct-2025 06:55 PM,NA ,180.0,No ,No,Online,30-Oct-2025 03:00 PM,Department of Water Resources||Chief Engineer - DoWR,Golaghat,785621.0,2.0,"24,03,99,679",HIGH-TECH ECOGREEN CONTRACTORS LLP,"240,395,773.79",Accepted-AOC,30-Jan-2026,Department of Water Resources||Chief Engineer - DoWR
2025_HFWD_45987_1,"TMCH/NHM/03/2018-19/46, DTD. 24.07.2025","Supply of medicines, surgicals items and consumables for the deptt. of O and G, Paediactrics, TMCH, Tezpur","Supply of medicines, surgicals items and consumables for the deptt. of O and G, Paediactrics, TMCH, Tezpur",Goods,Open Tender,Supply,Medicines,No,No,NA ,30-Jul-2025 05:00 PM,NA ,180.0,No ,No,Online,21-Aug-2025 02:00 PM,Health and Family Welfare Department||Directorate of Medical Education-HFWD||Tezpur Medical College and Hospital-HFWD,"Tezpur Medical College, Bihaguri, Tezpur, Sonitpur",784010.0,2.0,,M/S SIKHA DRUGS & SURGICALS,0.0,Accepted-AOC,30-Sep-2025,Health and Family Welfare Department||Directorate of Medical Education-HFWD||Tezpur Medical College and Hospital-HFWD
2025_PWD_48243_1,KSTRD/SOPD(G)/63/2024-25/1894,"Reconstruction of Metro Hospital to Simaluguri L P School road (part 1, II) under SOPD-G for the year 2025-26","Reconstruction of Metro Hospital to Simaluguri L P School road (part 1 , II) under SOPD-G for the year 2025-26",Works,Open Tender,Item Rate,Civil Works – Roads,No,No,NA ,27-Oct-2025 10:00 AM,NA ,180.0,No ,No,Online,17-Nov-2025 03:00 PM,Public Works Roads Department,Samaguri,782140.0,2.0,"43,75,000",Sri Saurav Sharma,"4,374,378",Rejected-Finance,30-Jan-2026,Public Works Roads Department
2025_PWD_45820_48,CE/STBR/SOPD-G/NIT/07/2025 26/1 Dated 26-06-2025,STBR/SOPD-G/Jalukbari-28/67 Construction of Kharga Mikir Road including its Byelane under SOPD-G for the year 2025-26,STBR/SOPD-G/Jalukbari-28/67 Construction of Kharga Mikir Road including its Byelane under SOPD-G for the year 2025-26,Works,Open Tender,Item Rate,Civil Works – Roads,No,No,NA ,23-Jul-2025 03:00 PM,30-Jul-2025 11:00 AM ,180.0,No ,No,Online,19-Aug-2025 11:00 AM,Public Works Roads Department,Jalukbari,781013.0,2.0,"24,15,000",RITAM DAS,"2,414,642",Rejected-AOC,20-Jan-2026,Public Works Roads Department
2025_BTC_48591_1,No.ACE-31/EDN/IFB/2025-26/15,"Construction of 50 bedded hostel separately for boys and girls at Khungring High School, Sidli Chirang. TN_61_7","Construction of 50 bedded hostel separately for boys and girls at Khungring High School, Sidli Chirang. TN_61_7",Works,Open Tender,Item Rate,Civil Works - Building,No,No,NA ,13-Nov-2025 12:00 PM,NA ,180.0,No ,No,Online,05-Dec-2025 02:00 PM,Bodoland Territorial Council-PWD||Director Cum CHD - PWD BTC,Chirang,783390.0,2.0,"3,82,67,142",M.H. CONSTRUCTION,"38,258,142",Not Admitted-Fee/PreQual/Technical,04-Jan-2026,Bodoland Territorial Council-PWD||Director Cum CHD - PWD BTC
2025_PNRD_46735_1,SIPRD-31/2025(bnc),Provide Catering Service and manpower for cooking and serving of food for Training Programmes Organized by Extension Training Centre Biswanath under SIPRD Assam,Provide Catering Service and manpower for cooking and serving of food for Training Programmes Organized by Extension Training Centre Biswanath under SIPRD Assam,Services,Open Tender,Item Rate,Hotel/ Catering,No,No,NA ,20-Aug-2025 05:00 PM,29-Aug-2025 11:00 AM ,45.0,No ,No,Online,11-Sep-2025 03:30 PM,Principal Secretary- P and RD- Assam Secretariat||Commissioner- P and RD- PNRD||State Institute of Rural Development - SIRD - PNRD,Biswanath,784176.0,2.0,"21,68,250",KUHI ENTERPRIZE,"1,847,349",Accepted-AOC,28-Jan-2026,Principal Secretary- P and RD- Assam Secretariat||Commissioner- P and RD- PNRD||State Institute of Rural Development - SIRD - PNRD
2025_SSA_48292_1,E-686287/578,Group-16,"Construction of school building for upgradation from secondary to higher secondary (Arts and Science) under Samagra Shiksha, Assam at Sitajakhala High School under Mayong block in Morigaon district",Works,Open Tender,Works,Civil Works - Building,No,No,NA ,29-Oct-2025 05:00 PM,NA ,180.0,No ,No,Online,10-Nov-2025 03:00 PM,Axom Sarba Siksha Abhijan Mission,Morigaon,781019.0,2.0,"2,00,00,000",M/S LAXMI AND NARAYAN CONSTRUCTION CO.,"20,000,000",Accepted-AOC,22-Jan-2026,Axom Sarba Siksha Abhijan Mission
2025_PWD_45827_82,CE/MAINT/SOPDG/01/2025-26/02,MAINT/SOPD-G/2025-26/97,"MAINT/SOPD-G/2025-26/97_1_Improvement of Singra Niz Bekali Road (Singra Majpara Road), (Singra to Bekeli) of Mukhya Mantrir Path Nabikaran Aachani (MMPNA) under SOPD_G for the year 2025_26, Boko_Chaygaon LAC",Works,Open Tender,Item Rate,Civil Works – Roads,No,No,NA ,24-Jul-2025 12:00 PM,24-Jul-2025 12:00 PM ,180.0,No ,No,Online,14-Aug-2025 11:00 AM,Public Works Roads Department,Kamrup Rural,781123.0,2.0,"2,01,00,000",KAMAL THAKURIA,"17,286,000",Accepted-AOC,22-Jan-2026,Public Works Roads Department
2025_DMEAP_46554_1,IN-ASDMA-507624-CW-RFB,Procurement of Civil Works for new multi-purpose flood shelters at one location in Sontipur District of Assam under Assam Integrated River Basin Management Project AIRBMP,Procurement of Civil Works for new multi-purpose flood shelters at one location in Sontipur District of Assam under Assam Integrated River Basin Management Project AIRBMP,Works,Open Tender,Item Rate,Civil Works - Building,No,No,NA ,18-Aug-2025 01:00 PM,30-Aug-2025 02:30 PM ,120.0,No ,No,Online,04-Oct-2025 01:45 PM,Assam State Disaster Management Authority- Externally Aided Project||Assam State Disaster Management Authority- World Bank Funded Tenders||Assam Integrated River Basin Management Programme,Works,781006.0,2.0,"8,37,50,725",Asem Jayenta Singh,"77,834,594",Accepted-AOC,08-Jan-2026,Assam State Disaster Management Authority- Externally Aided Project||Assam State Disaster Management Authority- World Bank Funded Tenders||Assam Integrated River Basin Management Programme
2025_PNRD_45931_1,SIPRD -Tech/18/2024/324(SS),Construction of Administrative Building and Hostel Building for DPRC at Mankachar South Salmara,Construction of Administrative Building and Hostel Building Assam Type for DPRC at Mankachar South Salmara Assam,Works,Open Tender,Item Rate,Civil Works - Building,No,No,NA ,28-Jul-2025 04:00 PM,05-Aug-2025 12:00 PM ,180.0,No ,No,Online,14-Aug-2025 03:30 PM,Principal Secretary- P and RD- Assam Secretariat||Commissioner- P and RD- PNRD||State Institute of Rural Development - SIRD - PNRD,Mancachar Assam,783131.0,2.0,"1,93,26,306",Shazibul Hassan Mollah,"16,427,359",Rejected-Technical,19-Jan-2026,Principal Secretary- P and RD- Assam Secretariat||Commissioner- P and RD- PNRD||State Institute of Rural Development - SIRD - PNRD
2025_DAASC_45188_1,664680/31,"Construction of Assam Seed and Organic Certification Agency (ASOCA) Laboratory building at Jorhat under RKVY,2025-26","Construction of Assam Seed and Organic Certification Agency (ASOCA) Laboratory building at Jorhat under RKVY,2025-26",Works,Open Tender,Works,Civil Works,No,No,NA ,27-Jun-2025 12:30 PM,02-Jul-2025 02:30 PM ,90.0,No ,No,Online,17-Jul-2025 02:30 PM,Directorate of Agriculture and Assam Seed Corporation,Jorhat,785001.0,2.0,"83,39,270",ARINDOM PHUKAN,"6,671,416",Accepted-AOC,12-Jan-2026,Directorate of Agriculture and Assam Seed Corporation
2025_SSA_46577_1,No. E-686287/353,Paglahat High School under Agomoni block in Dhubri district,"Construction of school building for upgradation from secondary to higher secondary (Arts, Science and Commerce) under Samagra Shiksha, Assam at Paglahat High School under Agomoni block in Dhubri district",Works,Open Tender,Item Rate,Civil Works - Building,No,No,NA ,16-Aug-2025 02:35 PM,20-Aug-2025 03:00 PM ,180.0,No ,No,Online,05-Sep-2025 03:00 PM,Axom Sarba Siksha Abhijan Mission,"Agomoni, Dhubri",781019.0,2.0,"3,76,00,000",RAGHU MAHATO,"33,840,000",Rejected-Technical,07-Jan-2026,Axom Sarba Siksha Abhijan Mission
2025_PWD_45926_134,CE/DEV/TB/60/2025-26/06 Dtd- 14.07.2025,"MMPPNA_RIDF_XXXI_25_26_288 Construction of Road from (1) Majkuri to Khanikar TE Road, (2) Moran Gaon to Gohainbari Rajabari Connecting Road under Mukhya Mantir Paki Path Nirman Achani (MMPPNA) under RIDF-XXXI of NABARD for the year 2025-26.","MMPPNA_RIDF_XXXI_25_26_288 Construction of Road from (1) Majkuri to Khanikar TE Road, (2) Moran Gaon to Gohainbari Rajabari Connecting Road under Mukhya Mantir Paki Path Nirman Achani (MMPPNA) under RIDF-XXXI of NABARD for the year 2025-26.",Works,Open Tender,Item Rate,Civil Works – Roads,No,No,NA ,31-Jul-2025 06:00 PM,04-Aug-2025 12:00 PM ,180.0,No ,No,Online,14-Aug-2025 02:30 PM,Public Works Roads Department,Mariani,785634.0,2.0,"2,55,32,000",M/S East India Construction,"25,532,000",Accepted-AOC,07-Jan-2026,Public Works Roads Department
2025_DoWR_47272_1,KAMRUP METRO/2025-26/FFM/VI,Procurement of flood fighting materials (Mega Bag) for Water Resources Department for the year 2025-26 (Zone-A),Procurement of flood fighting materials (Mega Bag) for Water Resources Department for the year 2025-26 (Zone-A),Goods,Open Tender,Supply,Supply of Materials,No,No,NA ,04-Sep-2025 06:55 PM,NA ,180.0,No ,No,Online,24-Sep-2025 03:00 PM,Department of Water Resources||Chief Engineer - DoWR,KAMRUP METRO,781008.0,2.0,"2,89,20,000",Sonali Geotextiles Pvt. Ltd.,"26,028,000",Accepted-AOC,06-Jan-2026,Department of Water Resources||Chief Engineer - DoWR
2025_WPTBC_48540_1,PTDC/Engg/01/2019,"Construction of Girls Hostel at UN Brahma college, Kajalgaon, Chirang under provision to Article 275(I) of Constitution, During the year 2019-20 (Balance work)","Construction of Girls Hostel at UN Brahma college, Kajalgaon, Chirang under provision to Article 275(I) of Constitution, During the year 2019-20 (Balance work)",Works,Open Tender,Item Rate,Civil Works,No,No,NA ,12-Nov-2025 06:00 PM,17-Nov-2025 11:00 AM ,180.0,No ,No,Online,25-Nov-2025 03:00 PM,Welfare of Plain Tribes and Backward Classes||Director - WPT and BC||Assam Plains Tribes Development Corporation Ltd.,"Kajalgaon, Chirang",783385.0,2.0,"31,38,670",ARJUN NARZARY,"2,824,803",Accepted-AOC,08-Jan-2026,Welfare of Plain Tribes and Backward Classes||Director - WPT and BC||Assam Plains Tribes Development Corporation Ltd.
2025_ID_48559_3,NIT_NO_1_SOPD-G_ 2025-26 dtd_12_11_2025,Installation of 4 Nos of Solar Tubewell Points at Laharighat LAC in Morigaon District under SOPD-G for the year 2025-26_Package_3,Installation of 4 Nos of Solar Tubewell Points at Laharighat LAC in Morigaon District under SOPD-G for the year 2025-26_Package_3,Works,Open Tender,Item Rate,Civil Works,No,No,NA ,13-Nov-2025 11:00 AM,19-Nov-2025 11:00 AM ,180.0,No ,No,Online,05-Dec-2025 12:00 PM,Irrigation Department||Chief Engineer(Major)-Irrigation Dept||Nagaon Circle||Morigaon Laharighat Jagiroad Division,Morigaon,782105.0,2.0,"26,72,122",KUMUD MAHANTA,"647,989.59",Rejected-Finance,07-Jan-2026,Irrigation Department||Chief Engineer(Major)-Irrigation Dept||Nagaon Circle||Morigaon Laharighat Jagiroad Division
2025_PWD_48060_3,CE/MAINT/SOPDG/01/2025-26/40,MAINT/SOPD-G/2025-26/101,MAINT/SOPD-G/2025-26/101_1_Construction of Salesala Goshaighat Road to Panikhaity _Jagaliya River Bank_2_Construction of Road from PL to Batiapara Byelane No.3 Road and 3_Construction of Kamargaon Rabhapara and Byelane 1 Road under SOPD_G for the yea,Works,Open Tender,Item Rate,Civil Works – Roads,No,No,NA ,16-Oct-2025 02:00 PM,17-Oct-2025 12:00 PM ,180.0,No ,No,Online,31-Oct-2025 04:00 PM,Public Works Roads Department,Kamrup Rural,781102.0,2.0,"1,20,53,000",PARAG DAS,"12,050,000",Accepted-AOC,02-Jan-2026,Public Works Roads Department
2025_PWBNH_48143_1,SE(B)/DB/MAC-TSK/25-26/472,"Construction of Model Anganwadi Centre at Margherita, Assam for implementation of PMKKKY under DMFT of Tinsukia District (Margherita LAC)","Construction of Model Anganwadi Centre at Margherita, Assam for implementation of PMKKKY under DMFT of Tinsukia District (Margherita LAC)",Works,Open Tender,Item Rate,Civil Works - Building,No,No,NA ,17-Oct-2025 03:15 PM,29-Oct-2025 11:00 AM ,180.0,No ,No,Online,07-Nov-2025 03:00 PM,Public Works Building and NH Department||Chief Engineer-Building - PWBNH,TINSUKIA,786125.0,2.0,"31,34,895",Sagar Jyoti Bhuyan,"2,475,742",Rejected-Finance,07-Jan-2026,Public Works Building and NH Department||Chief Engineer-Building - PWBNH
2024_HFWD_40604_1,TMCH/../68/14/Pt/III/4199 dt26/11/24,supply of radiology item and consumables for departments of TMCH,supply of radiology item and consumables for departments of TMCH,Goods,Open Tender,Supply,Consumables (Hospital / Lab),No,No,NA ,26-Nov-2024 05:00 PM,NA ,180.0,No ,No,Online,11-Dec-2024 02:00 PM,Health and Family Welfare Department||Directorate of Medical Education-HFWD||Tezpur Medical College and Hospital-HFWD,"Tezpur Medical College, Bihaguri, Tezpur, Sonitpur",784010.0,2.0,,M/S SHIV DRUGS AND SURGICALS,0.0,Not Admitted-Fee/PreQual/Technical,21-Dec-2024,Health and Family Welfare Department||Directorate of Medical Education-HFWD||Tezpur Medical College and Hospital-HFWD
2025_PWD_47084_9,CE/DEV/TB/60/2025-26/19 Dtd- 20.08.2025,"MMPPNA_RIDF_XXXI_25_26_492 Improvement of (1) Daimalu to Rajgarh Connecting Road from Ch. 0.00m to 2300.00m (L- 2.30 Km), (2) Road from Shantipur Rangamancha to Kanaklata Connecting Road via Gamiri MV School from Ch. 0.00m to 1000.00m (L- 1.00 Km) un","MMPPNA_RIDF_XXXI_25_26_492 Improvement of (1) Daimalu to Rajgarh Connecting Road from Ch. 0.00m to 2300.00m (L- 2.30 Km), (2) Road from Shantipur Rangamancha to Kanaklata Connecting Road via Gamiri MV School from Ch. 0.00m to 1000.00m (L- 1.00 Km) un",Works,Open Tender,Item Rate,Civil Works – Roads,No,No,NA ,30-Aug-2025 09:00 AM,04-Sep-2025 12:00 PM ,180.0,No ,No,Online,19-Sep-2025 02:30 PM,Public Works Roads Department,Gohpur,784168.0,2.0,"2,78,47,000",V G S CONSTRUCTION AND SUPPLY,"27,846,255",Rejected-Finance,09-Jan-2026,Public Works Roads Department
2025_SEEDE_46475_1,GS02/ASU/MTC/032,Equipment for Basic Electrical and Electronics Lab,Equipment for Basic Electrical and Electronics Lab,Goods,Open Tender,Item Rate,Electronics Equipment,No,No,NA ,16-Aug-2025 10:00 AM,22-Aug-2025 02:30 PM ,150.0,No ,No,Online,16-Sep-2025 03:30 PM,Skill Employment and Entrepreneurship Department- Externally Aided Project||Assam Skill University Project- ADB Funded Tenders,ASU Campus,784125.0,1.0,,Scientech Technologies Pvt Ltd,"32,473,505.6",Rejected-Finance,12-Dec-2025,Skill Employment and Entrepreneurship Department- Externally Aided Project||Assam Skill University Project- ADB Funded Tenders
2025_ID_48559_1,NIT_NO_1_SOPD-G_ 2025-26 dtd_12_11_2025,MDTW Scheme (Solar Powered)- 1 Point at Jaluguti GP Under Bhurbandha Dev. Block in Morigaon LAC Under SOPD-G For the Year 2025-26_Package_1,MDTW Scheme (Solar Powered)- 1 Point at Jaluguti GP Under Bhurbandha Dev. Block in Morigaon LAC Under SOPD-G For the Year 2025-26_Package_1,Works,Open Tender,Item Rate,Civil Works,No,No,NA ,13-Nov-2025 11:00 AM,19-Nov-2025 11:00 AM ,180.0,No ,No,Online,05-Dec-2025 12:00 PM,Irrigation Department||Chief Engineer(Major)-Irrigation Dept||Nagaon Circle||Morigaon Laharighat Jagiroad Division,Morigaon,782105.0,2.0,"28,79,573",LITAN KR CHANDA,"2,793,185",Rejected-Finance,09-Jan-2026,Irrigation Department||Chief Engineer(Major)-Irrigation Dept||Nagaon Circle||Morigaon Laharighat Jagiroad Division
2025_DOT_45130_1,ATDC/CS/673/2025/537 dt. 11.06.2025,"Prashaanti Tourist Lodge, Kamakhya (Providing SS railing, parking and pathways development etc.)","Prashaanti Tourist Lodge, Kamakhya (Providing SS railing, parking and pathways development etc.)",Works,Open Tender,Item Rate,Civil Works - Others,No,No,NA ,24-Jun-2025 03:30 PM,25-Jun-2025 12:00 PM ,180.0,No ,No,Online,08-Jul-2025 01:00 PM,Department of Tourism||Assam Tourism Development Corporation Ltd. - DOT||HO-Guwahati-ATDCL - DOT,"Kamakhya, Guwahati",781011.0,2.0,"39,60,854",M/s Orient Enterprise,"3,564,768.36",Rejected-AOC,05-Jan-2026,Department of Tourism||Assam Tourism Development Corporation Ltd. - DOT||HO-Guwahati-ATDCL - DOT
2025_PWD_48239_1,KSTRD/SOPD(G)/63/2024-25/1894,Reconst. of Jakhalabandha Chikonee Tetulguri,Reconstruction of Jakhalabandha-Chikonee-Tetulguri (JCT) Road under SOPD-G for the year 2025-26,Works,Open Tender,Item Rate,Civil Works – Roads,No,No,NA ,27-Oct-2025 10:00 AM,NA ,180.0,No ,No,Online,17-Nov-2025 03:00 PM,Public Works Roads Department,Kaliabor,782137.0,2.0,"21,75,000",Sanjib Kumar Sarmah,"2,174,290",Accepted-AOC,30-Jan-2026,Public Works Roads Department
2025_ASPIR_45661_1,E/70793/07/Tea/Catering,Engagement of an Agency to Provide Catering Services (Tea and Refreshment) under AS-CFMS,"Parallel Rate Contract for Engagement of an Agency to Provide Catering Services (Tea and Refreshment) under AS-CFMS, Finance Department, Government of Assam for a period of 12 months",Services,Open Tender,Lump-sum,Hotel/ Catering,No,No,NA ,16-Jul-2025 06:30 PM,23-Jul-2025 03:00 PM ,180.0,No ,No,Online,11-Aug-2025 04:00 PM,Finance Department - World Bank Tenders||Assam State Public Finance Institutional Reforms,"Janata Bhawan, Dispur",781005.0,2.0,,Deltoid Construction & Developers Pvt. Ltd.,0.0,Accepted-AOC,06-Jan-2026,Finance Department - World Bank Tenders||Assam State Public Finance Institutional Reforms
2025_PWD_45408_11,CE/DEV/TB/60/2025-26/01 Dtd- 21.06.2025,"MMPPNA_RIDF_XXXI_25_26_91 Construction of (1) Teliabari to Milanpur road (2) RCC Bridge No 5/1 on 2 No Kuhiarbari to Gopalchuk Road (Bridge Length -19.40 m, Span 1x 18.75 m, At Ch. 4970.00 m) (3) road from Karmuk Chuburi to Bor Pomuwa Shiv Mandir und","MMPPNA_RIDF_XXXI_25_26_91 Construction of (1) Teliabari to Milanpur road (2) RCC Bridge No 5/1 on 2 No Kuhiarbari to Gopalchuk Road (Bridge Length -19.40 m, Span 1x 18.75 m, At Ch. 4970.00 m) (3) road from Karmuk Chuburi to Bor Pomuwa Shiv Mandir und",Works,Open Tender,Item Rate,Civil Works – Roads,No,No,NA ,08-Jul-2025 09:00 AM,17-Jul-2025 12:00 PM ,180.0,No ,No,Online,28-Jul-2025 02:30 PM,Public Works Roads Department,Majuli,785106.0,2.0,"4,65,49,000",SRI BEDANTA BORAH,"46,544,000",Accepted-AOC,20-Jan-2026,Public Works Roads Department
2025_SSA_46769_1,E-686287/353,62 No Dudhpatil ME School under Udharbond block in Cachar,"Construction of school building for upgradation from upper primary to secondary under Samagra Shiksha, Assam",Works,Open Tender,Item Rate,Civil Works - Building,No,No,NA ,20-Aug-2025 05:40 PM,21-Aug-2025 12:00 PM ,180.0,No ,No,Online,05-Sep-2025 03:00 PM,Axom Sarba Siksha Abhijan Mission,"SSA, Kahilipara, Guwahati",781019.0,2.0,"1,61,60,000",SATHI ENTERPRISE,"14,544,000",Rejected-Technical,10-Jan-2026,Axom Sarba Siksha Abhijan Mission
2025_SSA_47864_2,E-705066/114 dated 20.09.2025,Somkong High School in Dhemaji district,"Construction of various balance civil works activities of existing secondary school under Samagra Shiksha, Assam at Somkong High School in Dhemaji district",Works,Open Tender,Works,Civil Works - Building,No,No,NA ,07-Oct-2025 03:00 PM,08-Oct-2025 03:00 PM ,180.0,No ,No,Online,14-Oct-2025 03:00 PM,Axom Sarba Siksha Abhijan Mission,Assam,781019.0,2.0,"66,72,600",M/S DAS ENTERPRISE,"6,005,340",Accepted-AOC,22-Jan-2026,Axom Sarba Siksha Abhijan Mission
2025_PWD_45554_20,CE/STBR/09/NIT/RIDF-XXXI/2025 26/1 Dated 24-06-2025,STBR/RIDF-XXXI/BISWANATH-01/20 Construction of RCC Bridge No. 1/1 of 1 X 24.75 m at Laodoloni to Niz Solmari Road under Mukhya Mantrir Unnata Paki Path Nirman Achani (MMUPPNA) under RIDF-XXXI of NABARD for the year 2025-26,STBR/RIDF-XXXI/BISWANATH-01/20 Construction of RCC Bridge No. 1/1 of 1 X 24.75 m at Laodoloni to Niz Solmari Road under Mukhya Mantrir Unnata Paki Path Nirman Achani (MMUPPNA) under RIDF-XXXI of NABARD for the year 2025-26,Works,Open Tender,Item Rate,Civil Works – Roads,No,No,NA ,17-Jul-2025 12:00 PM,18-Jul-2025 11:00 AM ,180.0,No ,No,Online,01-Aug-2025 11:00 AM,Public Works Roads Department,Biswanath,784176.0,2.0,"2,45,06,000",MANAB HAZARIKA,"24,505,900",Accepted-AOC,21-Jan-2026,Public Works Roads Department
2025_PWD_49138_1,No. ACEH/TECH/CS/27/2025-26/4,"CConstruction of Boundary Wall at EMRS, Haflong (Vill Ardaopur) in Dima Hasao District","Construction of Boundary Wall at EMRS, Haflong (Vill Ardaopur) in Dima Hasao District",Works,Open Tender,Item Rate,Civil Works,No,No,NA ,10-Dec-2025 10:00 AM,NA ,180.0,No ,No,Online,29-Dec-2025 11:00 AM,Public Works Roads Department,Dima Hasao,788819.0,2.0,"1,80,04,802",Sri Peheisang Raimme,"21,211,995",Rejected-Technical,08-Jan-2026,Public Works Roads Department
2025_SSA_46754_1,E-686287/353,2 No. Missamari Vivekananda ME School under Kapili block in Nagaon,"Construction of school building for upgradation from upper primary to secondary under Samagra Shiksha, Assam",Works,Open Tender,Item Rate,Civil Works - Building,No,No,NA ,20-Aug-2025 04:15 PM,21-Aug-2025 12:00 PM ,180.0,No ,No,Online,05-Sep-2025 03:00 PM,Axom Sarba Siksha Abhijan Mission,"SSA, Kahilipara, Guwahati",781019.0,2.0,"1,61,60,000",M/S. M.P. AGARWALLA,"14,544,000",Rejected-AOC,10-Jan-2026,Axom Sarba Siksha Abhijan Mission
2025_PHED_49117_1,NIT-01 of 2025-26,"Construction of Two Storied R.C.C Building (G3 Foundation) of the Executive Engineer (PHE), Nazira Division and Assistant Executive Engineer (PHE), Sonari Sub Division in Charaideo District, Assam","Construction of Two Storied R.C.C Building (G3 Foundation) of the Executive Engineer (PHE), Nazira Division and Assistant Executive Engineer (PHE), Sonari Sub Division in Charaideo District, Assam",Works,Open Tender,Item Wise,Civil Works - Building,No,No,NA ,09-Dec-2025 10:00 AM,NA ,90.0,No ,No,Online,30-Dec-2025 11:00 AM,Public Health Engineering Department||Chief Engineer PHE(P)-Assam-PHED||Upper Assam Zone-Nagaon-PHED,Charaideo,785685.0,2.0,"2,94,97,492",SANTANU GOGOI,"29,497,492",Rejected-Finance,22-Jan-2026,Public Health Engineering Department||Chief Engineer PHE(P)-Assam-PHED||Upper Assam Zone-Nagaon-PHED
2025_PWD_48188_8,NIT/JTTRD/2024-25/001/1422,"Improvement of Maheswar Borkotoky, Hatigarh Shiv Mandir Artisian Line, Sanjay Chuburi, Smashan Path, Payeng Path and Kushaltol Minijan Road under SOPD_G for the year 2025_26","Improvement of Maheswar Borkotoky, Hatigarh Shiv Mandir Artisian Line, Sanjay Chuburi, Smashan Path, Payeng Path and Kushaltol Minijan Road under SOPD_G for the year 2025_26",Works,Open Tender,Item Rate,Civil Works – Roads,No,No,NA ,28-Oct-2025 11:00 AM,NA ,180.0,No ,No,Online,07-Nov-2025 02:30 PM,Public Works Roads Department,Jorhat,785001.0,2.0,"30,69,000",MRIGEN BORUAH,"3,069,000",Rejected-AOC,05-Jan-2026,Public Works Roads Department
2025_PWD_48241_1,KSTRD/SOPD(G)/63/2024-25/1894,Reconstruction of Road from Nijori Bridge to Hatigaon Tea Estate under SOPD-G for the year 2025-26,Reconstruction of Road from Nijori Bridge to Hatigaon Tea Estate under SOPD-G for the year 2025-26,Works,Open Tender,Item Rate,Civil Works – Roads,No,No,NA ,27-Oct-2025 10:00 AM,NA ,180.0,No ,No,Online,17-Nov-2025 03:00 PM,Public Works Roads Department,Kaliabor,782137.0,2.0,"29,02,000",Sanjib Kumar Sarmah,"2,901,475",Rejected-Finance,30-Jan-2026,Public Works Roads Department
2025_PWD_45827_94,CE/MAINT/SOPDG/01/2025-26/02,MAINT/SOPD-G/2025-26/129,MAINT/SOPD-G/2025-26/129 1_Reconstruction of Nampara PWD Road (from ch 0.00m to ch 2900.00m) and 2_Reconstruction of Road from Karbala Bazar to Steel-Bridge in Stretches including side RCC Drain of MMPNA under SOPD_G for the year 2025_26,Works,Open Tender,Item Rate,Civil Works – Roads,No,No,NA ,24-Jul-2025 02:00 PM,24-Jul-2025 02:00 PM ,180.0,No ,No,Online,14-Aug-2025 11:00 AM,Public Works Roads Department,Goalpara,783101.0,2.0,"1,09,00,000",HUSSAIN MOHAMMAD SOFIKUL ISLAM,"9,266,090",Accepted-AOC,20-Jan-2026,Public Works Roads Department
2025_PWD_47133_18,SKTRD/Tech/106/2025-26,SKTRD/SOPD-G/25-26/18,SKTRD/SOPD-G/25-26/18_Improvement of Mahmarang Road by _GWC_ under SOPD_G_ for the year 2025-26. (Palashbari,Works,Open Tender,Item Rate,Civil Works – Roads,No,No,NA ,30-Aug-2025 06:00 PM,06-Sep-2025 12:00 PM ,180.0,No ,No,Online,24-Sep-2025 02:30 PM,Public Works Roads Department,Kamrup Rural,781125.0,2.0,"35,58,000",M/S Trishna Enterprise,"3,558,000",Accepted-AOC,29-Jan-2026,Public Works Roads Department
2025_PWD_45827_81,CE/MAINT/SOPDG/01/2025-26/02,MAINT/SOPD-G/2025-26/96,MAINT/SOPD-G/2025-26/96_1_Improvement of Road from Boko Chamaria Road at Baralimara to Trilochan (Boralimara to Trilochan)2_Improvement of Road from Rupnagar Bus stand to Boko_Chamaria Rd.via Nathpara (Alekjari to Rupnagar) and 3_Improvement of Road,Works,Open Tender,Item Rate,Civil Works – Roads,No,No,NA ,24-Jul-2025 12:00 PM,24-Jul-2025 12:00 PM ,180.0,No ,No,Online,14-Aug-2025 11:00 AM,Public Works Roads Department,Kamrup Rural,781123.0,2.0,"1,34,99,000",Sri Binay Kalita,"11,609,140",Rejected-Finance,22-Jan-2026,Public Works Roads Department
2025_GMDA_48724_1,GMDA/DEV/06/2025/Pt/15,Flood Mitigation of Sarumotoria area through Channel Linkage to Silsako_Retention Pond Storm water connector drain Sarumotoria to Silsako Beel including pumping station with sump,Flood Mitigation of Sarumotoria area through Channel Linkage to Silsako_Retention Pond Storm water connector drain Sarumotoria to Silsako Beel including pumping station with sump,Works,Open Tender,Item Rate,Civil Works,No,No,NA ,19-Nov-2025 05:45 PM,25-Nov-2025 02:30 PM ,180.0,No ,No,Online,10-Dec-2025 02:30 PM,Guwahati Metropolitan Development Authority||Guwahati Development Department - GMDA,Guwahati,781005.0,2.0,"10,00,00,000",M/S DHANSIRI ASSOCIATES,"99,998,275",Not Admitted-Fee/PreQual/Technical,21-Jan-2026,Guwahati Metropolitan Development Authority||Guwahati Development Department - GMDA
2025_PWD_46604_63,CE/STBR/SOPD-G/NIT/07/2025 26/8 Dated 29-07-2025,STBR/SOPD-G/Sipajhar-13/22 Construction of Kholihoi High School to Tekeliakur Grant connecting Road under SOPD-G for the year 2025-26,STBR/SOPD-G/Sipajhar-13/22 Construction of Kholihoi High School to Tekeliakur Grant connecting Road under SOPD-G for the year 2025-26,Works,Open Tender,Item Rate,Civil Works – Roads,No,No,NA ,22-Aug-2025 09:00 AM,23-Aug-2025 11:00 AM ,180.0,No ,No,Online,02-Sep-2025 11:00 AM,Public Works Roads Department,Sipajhar,784145.0,2.0,"9,32,900",MANOJ KUMAR NATH,"932,709",Accepted-AOC,08-Jan-2026,Public Works Roads Department
2025_PWD_46071_1,CE/DEV/TB/97/2025-26/04 Dtd- 29.07.2025,"SOPD_G_25_26_18 Construction of road from Harmoti Garh Bridge to NH-37(length, L-300.0M) with protection works under SOPD -G for the Year 2025-26.","SOPD_G_25_26_18 Construction of road from Harmoti Garh Bridge to NH-37(length, L-300.0M) with protection works under SOPD -G for the Year 2025-26.",Works,Open Tender,Item Rate,Civil Works – Roads,No,No,NA ,31-Jul-2025 05:00 PM,07-Aug-2025 12:00 PM ,180.0,No ,No,Online,14-Aug-2025 02:30 PM,Public Works Roads Department,Sivasagar,785640.0,2.0,"2,68,91,000",M/S Shass Engineers,"26,888,666",Rejected-Finance,05-Jan-2026,Public Works Roads Department
2025_SSA_46770_1,E-686287/353,Dudhpatil MV School under Udharbond block in Cachar,"Construction of school building for upgradation from upper primary to secondary under Samagra Shiksha, Assam",Works,Open Tender,Item Rate,Civil Works - Building,No,No,NA ,20-Aug-2025 05:50 PM,21-Aug-2025 12:00 PM ,180.0,No ,No,Online,05-Sep-2025 03:00 PM,Axom Sarba Siksha Abhijan Mission,"SSA, Kahilipara, Guwahati",781019.0,2.0,"1,61,60,000",SATHI ENTERPRISE,"14,544,000",Rejected-Technical,10-Jan-2026,Axom Sarba Siksha Abhijan Mission
2025_PWD_45554_2,CE/STBR/09/NIT/RIDF-XXXI/2025 26/1 Dated 24-06-2025,"STBR/RIDF-XXXI/BARPETA-01/02 Construction of RCC Br.No. 1/1 on Jogirbori Tamuli Supa road, Sathebari under under Mukhya Mantrir Unnata Paki Path Nirman Achani (MMUPPNA) RIDF- XXXI of NABARD for the year 2025-26, Barpeta LAC","STBR/RIDF-XXXI/BARPETA-01/02 Construction of RCC Br.No. 1/1 on Jogirbori Tamuli Supa road, Sathebari under under Mukhya Mantrir Unnata Paki Path Nirman Achani (MMUPPNA) RIDF- XXXI of NABARD for the year 2025-26, Barpeta LAC",Works,Open Tender,Item Rate,Civil Works – Roads,No,No,NA ,14-Jul-2025 04:00 PM,17-Jul-2025 11:00 AM ,180.0,No ,No,Online,01-Aug-2025 11:00 AM,Public Works Roads Department,Barpeta,781301.0,2.0,"2,38,87,000",Sri Dhiraj Patowary,"23,885,800",Rejected-AOC,08-Jan-2026,Public Works Roads Department
2025_DHTS_48673_1,"SDW.1318/2024-25/30/9915, dt.14/11/2025","Construction of Cocoon Bank at ERI Spun Silk Mill, Borgang, Biswanath","Construction of Cocoon Bank at ERI Spun Silk Mill, Borgang, Biswanath",Works,Open Tender,Works,Civil Works,No,No,NA ,17-Nov-2025 05:00 PM,20-Nov-2025 03:00 PM ,360.0,No ,No,Online,11-Dec-2025 12:30 PM,Department of Handloom Textile and Sericulture||Directorate of Sericulture,Biswanath,784176.0,2.0,"20,00,000",Jiban Gogoi,"1,659,000",Rejected-AOC,20-Jan-2026,Department of Handloom Textile and Sericulture||Directorate of Sericulture
2025_PWD_45408_118,CE/DEV/TB/60/2025-26/01 Dtd- 21.06.2025,"MMPPNA_RIDF_XXXI_25_26_124 Construction of (i) Gereki Uloni path (Ch. 0.00m to 1000.00m), (ii) Samaguri Geruamukh (near Samaguri College to Geruamukh No 1 and PDB Road at Bajiagaon to Bajiagaon Kolongpar Road near Jama Masjid part (Geruamukh to Bajia","MMPPNA_RIDF_XXXI_25_26_124 Construction of (i) Gereki Uloni path (Ch. 0.00m to 1000.00m), (ii) Samaguri Geruamukh (near Samaguri College to Geruamukh No 1 and PDB Road at Bajiagaon to Bajiagaon Kolongpar Road near Jama Masjid part (Geruamukh to Bajia",Works,Open Tender,Item Rate,Civil Works – Roads,No,No,NA ,14-Jul-2025 09:00 AM,17-Jul-2025 12:00 PM ,180.0,No ,No,Online,28-Jul-2025 02:30 PM,Public Works Roads Department,Samaguri,782140.0,2.0,"2,52,34,000",G N INFRA,"25,233,935",Accepted-AOC,07-Jan-2026,Public Works Roads Department
2025_BoTC_48964_2,ACE/CHDI/10/2025/18 dated 01/12/2025,Construction of Guide Bund at Harharia FIS under PMKSY (HKKP) for the year 2021-2022,Construction of Guide Bund at Harharia FIS under PMKSY (HKKP) for the year 2021-2022,Works,Open Tender,Works,Civil Works,No,No,NA ,01-Dec-2025 05:00 PM,08-Dec-2025 02:00 PM ,180.0,No ,No,Online,24-Dec-2025 11:00 AM,Bodoland Territorial Council||Irrigation-BTC,BARAMA,781346.0,2.0,"85,57,624",KHANIN DAS,"8,556,465.05",Accepted-AOC,19-Jan-2026,Bodoland Territorial Council||Irrigation-BTC
2025_PCCF_48030_1,ASZ/TENDER/APFBC/2025/02,"Supply of consumables for wildlife studies (DNA Extraction Kit, Multiplex PCR Kit, and 96-Well PCR Plates) at Assam State Zoo, Guwahati","Supply of consumables for wildlife studies (DNA Extraction Kit, Multiplex PCR Kit, and 96-Well PCR Plates) at Assam State Zoo, Guwahati",Goods,Open Tender,Supply,Miscellaneous Goods,No,No,NA ,14-Oct-2025 04:00 PM,22-Oct-2025 12:00 PM ,60.0,No ,No,Online,03-Nov-2025 01:00 PM,Pr. Chief Conservator of Forest and Head of Forest Force||Principal Chief Conservator of Forests(Wildlife and Ch. Wildlife Warden)||Divisional Forest Officer - Assam Sate Zoo,Assasm State Zoo,781005.0,2.0,,U D Scientific,"616,175",Rejected-Finance,29-Jan-2026,Pr. Chief Conservator of Forest and Head of Forest Force||Principal Chief Conservator of Forests(Wildlife and Ch. Wildlife Warden)||Divisional Forest Officer - Assam Sate Zoo
2025_SSA_47864_3,E-705066/114 dated 20.09.2025,Kakoi Rajgarh High School in Lakhimpur District,"Construction of various balance civil works activities of existing secondary school under Samagra Shiksha, Assam at Kakoi Rajgarh High School in Lakhimpur District",Works,Open Tender,Works,Civil Works - Building,No,No,NA ,07-Oct-2025 03:15 PM,08-Oct-2025 03:15 PM ,180.0,No ,No,Online,14-Oct-2025 03:00 PM,Axom Sarba Siksha Abhijan Mission,Assam,781019.0,2.0,"42,05,000",M/S DAS ENTERPRISE,"3,784,500",Rejected-Technical,22-Jan-2026,Axom Sarba Siksha Abhijan Mission
2025_PWBNH_49411_1,BDTBD/Vivekananda Vidyalaya_Bongaigaon,"Infrastructure Development of Vivekananda Kendra Vidyalaya, Bongaigaon","Infrastructure Development of Vivekananda Kendra Vidyalaya, Bongaigaon",Works,Open Tender,Item Wise,Civil Works - Building,No,No,NA ,16-Dec-2025 06:00 PM,22-Dec-2025 01:00 PM ,180.0,No ,No,Online,23-Dec-2025 03:00 PM,Public Works Building and NH Department||Chief Engineer-Building - PWBNH,Bongaigaon LAC,783380.0,2.0,"94,33,721",Shifung Constructions,"9,997,445",Rejected-Finance,19-Jan-2026,Public Works Building and NH Department||Chief Engineer-Building - PWBNH
2025_DHTS_49163_1,SDW.1332/2025-26/67/251 Dated 21/11/2025,"Construction of Jali House cum Working shed at Bamunigaon Muga Farm, Bilashipara, Dhubri","Construction of Jali House cum Working shed at Bamunigaon Muga Farm, Bilashipara, Dhubri under SOPD-G",Works,Open Tender,Works,Civil Works,No,No,NA ,10-Dec-2025 06:00 PM,15-Dec-2025 12:00 PM ,180.0,No ,No,Online,23-Dec-2025 02:30 PM,Department of Handloom Textile and Sericulture||Directorate of Sericulture,"Bamunigaon Muga Farm, Bilashipara, Dhubri",781022.0,2.0,"25,00,000",Jiban Gogoi,"2,498,000",Rejected-AOC,29-Jan-2026,Department of Handloom Textile and Sericulture||Directorate of Sericulture
2025_ID_48580_1,21 (SOPD-G) 2025-26 Date_11.11.2025,Construction of Kaliabori ELIS under Boko-Chaygaon (ST) LAC under SOPD-G for the year 2025-26 under Boko-Chaygaon-Chamaria Division (Irrigation) Boko (Package no. 01),Construction of Kaliabori ELIS under Boko-Chaygaon (ST) LAC under SOPD-G for the year 2025-26 under Boko-Chaygaon-Chamaria Division (Irrigation) Boko (Package no. 01),Works,Open Tender,Item Rate,Civil Works,No,No,NA ,13-Nov-2025 06:00 PM,NA ,180.0,No ,No,Online,06-Dec-2025 03:00 PM,Irrigation Department||Chief Engineer(Major)-Irrigation Dept,Chayagaon,781124.0,2.0,"1,28,68,365",JOGESH KALITA JV,"11,581,529",Rejected-Technical,22-Jan-2026,Irrigation Department||Chief Engineer(Major)-Irrigation Dept
2025_ID_48559_4,NIT_NO_1_SOPD-G_ 2025-26 dtd_12_11_2025,"Fabrication, Supply and Installation of Solar Powered Cart Mounted Multifunctional I/S (Innovative Scheme) at Chamkata Pathar under Morigaon-Laharighat-Jagiroad Division for the year 2025-26_Package_4","Fabrication, Supply and Installation of Solar Powered Cart Mounted Multifunctional I/S (Innovative Scheme) at Chamkata Pathar under Morigaon-Laharighat-Jagiroad Division for the year 2025-26_Package_4",Works,Open Tender,Item Rate,Civil Works,No,No,NA ,13-Nov-2025 11:00 AM,19-Nov-2025 11:00 AM ,180.0,No ,No,Online,05-Dec-2025 12:00 PM,Irrigation Department||Chief Engineer(Major)-Irrigation Dept||Nagaon Circle||Morigaon Laharighat Jagiroad Division,Morigaon,782105.0,2.0,"29,69,422",BALAJI CONSTRUCTIONS,"2,880,339",Accepted-AOC,07-Jan-2026,Irrigation Department||Chief Engineer(Major)-Irrigation Dept||Nagaon Circle||Morigaon Laharighat Jagiroad Division
2025_SSA_46789_1,E-686287/353,Haldha High School under Sipajhar block in Darrang,"Construction of school building for upgradation from secondary to higher secondary (Arts, Science Commerce) under Samagra Shiksha, Assam",Works,Open Tender,Item Rate,Civil Works - Building,No,No,NA ,21-Aug-2025 01:00 PM,22-Aug-2025 02:00 PM ,180.0,No ,No,Online,05-Sep-2025 03:00 PM,Axom Sarba Siksha Abhijan Mission,"SSA, Kahilipara, Guwahati",781019.0,2.0,"3,76,00,000",VM Associates,"37,574,214",Rejected-Technical,06-Jan-2026,Axom Sarba Siksha Abhijan Mission
2025_SSA_47864_7,E-705066/114 dated 20.09.2025,Group-8,"Construction of various civil work interventions for strengthening of existing secondary schools under Samagra Shiksha, Assam at Public High School under South Salmara block in South Salmara Mankachar district",Works,Open Tender,Works,Civil Works - Building,No,No,NA ,07-Oct-2025 05:55 PM,08-Oct-2025 03:00 PM ,180.0,No ,No,Online,14-Oct-2025 03:00 PM,Axom Sarba Siksha Abhijan Mission,Assam,781019.0,2.0,"35,80,000",shoriful islam,"3,222,000",Rejected-Technical,22-Jan-2026,Axom Sarba Siksha Abhijan Mission
2025_DAASC_48291_1,684346.0,"Construction of Knowledge Centre with Training Hall at SDAO Office Campus, Bagbor ADO Circle, Alupatty Mazarchar, District_ Barpeta under RIDF -XXVI","Construction of Knowledge Centre with Training Hall at SDAO Office Campus, Bagbor ADO Circle, Alupatty Mazarchar, District_ Barpeta under RIDF -XXVI",Works,Open Tender,Works,Civil Works,No,No,NA ,30-Oct-2025 10:00 AM,03-Nov-2025 02:30 PM ,90.0,No ,No,Online,22-Nov-2025 02:00 PM,Directorate of Agriculture and Assam Seed Corporation,Barpeta,781308.0,2.0,"92,98,760",DILIP DAS,"8,833,000",Rejected-Technical,29-Jan-2026,Directorate of Agriculture and Assam Seed Corporation
2025_BoTC_48964_6,ACE/CHDI/10/2025/18 dated 01/12/2025,"Construction of RCC Canal, 150 mm dia PVC pipe outlet and Construction of Earthen Canal Kathalguri Agriculture Bund FIS under PMKSY (HKKP) for the year 2021-2022","Construction of RCC Canal, 150 mm dia PVC pipe outlet and Construction of Earthen Canal Kathalguri Agriculture Bund FIS under PMKSY (HKKP) for the year 2021-2022",Works,Open Tender,Works,Civil Works,No,No,NA ,01-Dec-2025 05:00 PM,08-Dec-2025 02:00 PM ,180.0,No ,No,Online,24-Dec-2025 11:00 AM,Bodoland Territorial Council||Irrigation-BTC,BARAMA,781346.0,2.0,"56,07,246",Karan Boro,"5,606,971",Accepted-AOC,12-Jan-2026,Bodoland Territorial Council||Irrigation-BTC
2025_PWBNH_48508_1,SE(B)/ECrmtrm/Dbrg/25-26/479,"Construction of Electric Crematorium at Dibrugarh Samsan Ghat, Dibrugarh, Assam managed by Chowkidingee Samsan Sanskar Samity","Construction of Electric Crematorium at Dibrugarh Samsan Ghat, Dibrugarh, Assam managed by Chowkidingee Samsan Sanskar Samity",Works,Open Tender,Item Rate,Civil Works - Building,No,No,NA ,10-Nov-2025 04:00 PM,17-Nov-2025 11:00 AM ,180.0,No ,No,Online,28-Nov-2025 03:00 PM,Public Works Building and NH Department||Chief Engineer-Building - PWBNH,DIBRUGARH,786001.0,2.0,"44,63,909",CHAKRABORTY ENTERPRISE,"4,949,896",Accepted-AOC,07-Jan-2026,Public Works Building and NH Department||Chief Engineer-Building - PWBNH
2025_UDD_45706_1,NINIT NO NMB/246/15th FC (Tied/Untied) 1st Inst/2021-22/Date 16/07/2025,NIT NO NMB/246/15th FC (Tied/Untied) 1st Inst/2021-22/Date 16/07/2025,"CONSTRUCTION OF RCC DRAIN AT JOYKHAMDANG PATH RIGHT SIDE, NAZIRA",Works,Open Tender,Works,Civil Works,No,No,NA ,18-Jul-2025 05:00 PM,21-Jul-2025 02:00 PM ,90.0,No ,No,Online,07-Aug-2025 02:00 PM,Urban Development Department||Directorate of Municipality Administration - UDD||Nazira Municipal Board,NAZIRA TOWN WARD NO 9 AND 10,785685.0,2.0,"3,41,75,493",Sri Diganta gogoi,"33,180,089.09",Rejected-Finance,22-Jan-2026,Urban Development Department||Directorate of Municipality Administration - UDD||Nazira Municipal Board
2025_PWD_47542_7,CE/STBR/SOPD G/NIT/07/2025-26/21 Dated 04-09-2025,"STBR/SOPD-G/Dimoria-07/95 Construction of Ganesh pur LP School to Ganesh Mandir Path at Bhabanipur ,Noonmati under SOPD G for the year 2025-26 under Dispur and Dimoria Territorial Road Division","STBR/SOPD-G/Dimoria-07/95 Construction of Ganesh pur LP School to Ganesh Mandir Path at Bhabanipur ,Noonmati under SOPD G for the year 2025-26 under Dispur and Dimoria Territorial Road Division",Works,Open Tender,Item Rate,Civil Works – Roads,No,No,NA ,16-Sep-2025 05:00 PM,18-Sep-2025 11:00 AM ,180.0,No ,No,Online,26-Sep-2025 11:00 AM,Public Works Roads Department,Dimoria,782403.0,2.0,"1,45,32,000",NAYAN JYOTI DAS,"14,531,903",Accepted-AOC,31-Jan-2026,Public Works Roads Department
2025_ID_46023_2,11 (SOPD-G) 2025-26 Dated_28_07_2025,"Fabrication, Supply and Installation of Solar Powered cart Mounted Multifunctional I_S, (2HP) Mobile LIS (5HP) for Jorhat and Teok LAC under SOPD-G (Innovative Schemes) for the year 2025-26 . Package_2","Fabrication, Supply and Installation of Solar Powered cart Mounted Multifunctional I_S, (2HP) Mobile LIS (5HP) for Jorhat and Teok LAC under SOPD-G (Innovative Schemes) for the year 2025-26 . Package_2",Works,Open Tender,Item Rate,Civil Works,No,No,NA ,29-Jul-2025 06:00 PM,08-Aug-2025 02:00 PM ,180.0,No ,No,Online,22-Aug-2025 03:00 PM,Irrigation Department||Chief Engineer(Major)-Irrigation Dept,Jorhat,785001.0,2.0,"2,09,43,770",BALAJI SANJEEV JV,"6,078,480",Rejected-Technical,22-Jan-2026,Irrigation Department||Chief Engineer(Major)-Irrigation Dept
2025_PWD_45827_85,CE/MAINT/SOPDG/01/2025-26/02,MAINT/SOPD-G/2025-26/100,MAINT/SOPD-G/2025-26/100_ 1_Construction of Bholagaon Majar Road from Ch. 0.00 to 630.00 M under under SOPD_G for the year 2025_26 Palashbari LAC,Works,Open Tender,Item Rate,Civil Works – Roads,No,No,NA ,24-Jul-2025 12:00 PM,24-Jul-2025 12:00 PM ,180.0,No ,No,Online,14-Aug-2025 11:00 AM,Public Works Roads Department,Kamrup Rural,781123.0,2.0,"57,02,000",RATUL CHANDRA DAS,"5,701,000",Rejected-Finance,05-Jan-2026,Public Works Roads Department
2025_PWD_45122_1,TB/268/DNTRD/2025-26/482/7,Construction of RCC Bridge in road from Bekulguri to Banjipathar under SDMF for the year 2023-24.,Construction of RCC Bridge in road from Bekulguri to Banjipathar under SDMF for the year 2023-24.,Works,Open Tender,Works,Civil Works - Bridges,No,No,NA ,27-Jun-2025 10:00 AM,28-Jun-2025 04:00 PM ,90.0,No ,No,Online,18-Jul-2025 10:00 AM,Public Works Roads Department,Dhakuakhana,787053.0,2.0,"6,33,59,000",Shree Ganesh Enterprises,"63,358,096",Rejected-AOC,09-Jan-2026,Public Works Roads Department
2025_PWD_47254_1,SOPD(G)CDTRD/SONARI/2025-26/05,SOPD(G)CDTRD/SONARI/2025-26/05,Construction of (i) Rangdhali Road by GWC(From Ch. 0.00M to Ch. 1000.00M and (ii) Atal Pather Suruj Mukhi Connecting Road by GWC (From Ch 0 M to Ch 1000M (Total Length 2Km) under SOPD-G for the year 2025-26 in PWRD Charaideo District TRD SONARI LA,Works,Open Tender,Item Rate,Civil Works – Roads,No,No,NA ,10-Sep-2025 02:00 PM,17-Sep-2025 01:00 PM ,180.0,No ,No,Online,26-Sep-2025 02:00 PM,Public Works Roads Department,SONARI LAC,785690.0,2.0,,GAUTAM KAUSHIK,"2,475,000",Rejected-Finance,09-Jan-2026,Public Works Roads Department
2025_SSA_46790_1,E-686287/353,Model High School under Lakhipur block in Cachar,"Construction of school building for upgradation from secondary to higher secondary (Arts, Science Commerce) under Samagra Shiksha, Assam",Works,Open Tender,Item Rate,Civil Works - Building,No,No,NA ,21-Aug-2025 02:00 PM,22-Aug-2025 02:00 PM ,180.0,No ,No,Online,05-Sep-2025 03:00 PM,Axom Sarba Siksha Abhijan Mission,"SSA, Kahilipara, Guwahati",781019.0,2.0,"3,76,00,000",FAKAR UDDIN,"33,840,000",Accepted-AOC,10-Jan-2026,Axom Sarba Siksha Abhijan Mission
2025_UDD_46648_1,BM/ Misc 15th FC (Untied)-112/2024-25/29,SELECTION OF AN AGENCY FOR SUPPLY AND INSTALLTION OF LED SOLAR STREET LIGHTS UNDER BONGAIGAON MUNICIPAL BOARD,SELECTION OF AN AGENCY FOR SUPPLY AND INSTALLTION OF LED SOLAR STREET LIGHTS UNDER BONGAIGAON MUNICIPAL BOARD,Works,Open Tender,Item Rate,Electrical Works,No,No,NA ,19-Aug-2025 12:00 PM,NA ,90.0,No ,No,Online,11-Sep-2025 04:00 PM,Urban Development Department||Directorate of Municipality Administration - UDD||Bongaigaon Municipal Board,Bongaigaon,783380.0,2.0,"30,00,000",Uttam Karmakar,"2,700,000",Rejected-Technical,16-Jan-2026,Urban Development Department||Directorate of Municipality Administration - UDD||Bongaigaon Municipal Board
2025_ID_48977_1,"SEDC/IRRIG/T-6/2024/282, Date-01.12.2025","Repairing of office building of S.E Dhubri Circle. (Irrigation), Bongaigaon under M and R (D and A) Works for the year 2025-26","Repairing of office building of S.E Dhubri Circle. (Irrigation), Bongaigaon under M and R (D and A) Works for the year 2025-26",Works,Open Tender,Item Rate,Civil Works - Others,No,No,NA ,03-Dec-2025 02:00 PM,08-Dec-2025 02:00 PM ,180.0,No ,No,Online,26-Dec-2025 02:30 PM,Irrigation Department||Chief Engineer(Major)-Irrigation Dept||Dhrubri Circle,Bongaigaon,783380.0,2.0,"10,99,784",Hitesh Chandra Ray,"989,806",Rejected-AOC,13-Jan-2026,Irrigation Department||Chief Engineer(Major)-Irrigation Dept||Dhrubri Circle
2025_UDD_48419_1,MMB.7(3)/A/2015/SBM/P-1/217,"To select an agency for the establishment and commissioning of Material Recovery Facility and waste to compost plant at Moran Municipal Board, Assam",Construction of material recovery facility and waste to compost pit,Works,Open Tender,Works,Civil Works,No,No,NA ,04-Nov-2025 04:00 PM,18-Nov-2025 11:00 AM ,180.0,No ,No,Online,01-Dec-2025 01:00 PM,Urban Development Department||Directorate of Municipality Administration - UDD||Moran Municipal Board,Khumtai Bagicha gaon under Mahmora Mouza,785670.0,2.0,"42,87,000",DLS ENVIROTECH CORORATION PVT LTD,"3,927,565.54",Accepted-AOC,29-Dec-2025,Urban Development Department||Directorate of Municipality Administration - UDD||Moran Municipal Board
2025_BoTC_48964_7,ACE/CHDI/10/2025/18 dated 01/12/2025,"Construction of Head Works, Diversion Channel and Closing Bund, Approach Road and Sign Board at Muthra FIS under PMKSY (HKKP) for the year 2021-2022","Construction of Head Works, Diversion Channel and Closing Bund, Approach Road and Sign Board at Muthra FIS under PMKSY (HKKP) for the year 2021-2022",Works,Open Tender,Works,Civil Works,No,No,NA ,02-Dec-2025 04:00 PM,08-Dec-2025 02:00 PM ,180.0,No ,No,Online,24-Dec-2025 11:00 AM,Bodoland Territorial Council||Irrigation-BTC,Suklai,781366.0,2.0,"3,89,04,101",GANPATI ASSOCIATES,"38,902,963.82",Accepted-AOC,12-Jan-2026,Bodoland Territorial Council||Irrigation-BTC
2025_PWD_45926_132,CE/DEV/TB/60/2025-26/06 Dtd- 14.07.2025,MMPPNA_RIDF_XXXI_25_26_286 Construction of Road from (1) NH 37 to Tipomia via Auniati Cultural University (2) Sukanjan to Balijonia Road under Mukhya Mantir Paki Path Nirman Achani (MMPPNA) under RIDF-XXXI of NABARD for the year 2025-26.,MMPPNA_RIDF_XXXI_25_26_286 Construction of Road from (1) NH 37 to Tipomia via Auniati Cultural University (2) Sukanjan to Balijonia Road under Mukhya Mantir Paki Path Nirman Achani (MMPPNA) under RIDF-XXXI of NABARD for the year 2025-26.,Works,Open Tender,Item Rate,Civil Works – Roads,No,No,NA ,31-Jul-2025 06:00 PM,04-Aug-2025 12:00 PM ,180.0,No ,No,Online,14-Aug-2025 02:30 PM,Public Works Roads Department,Mariani,785634.0,2.0,"2,87,79,000",KUMUD KR. GOGOI,"28,776,000",Rejected-Finance,30-Jan-2026,Public Works Roads Department
2025_DoWR_47311_1,KAMRUP METRO/2025-26/FFM/XIX,Procurement of flood fighting materials (PSC Porcupine) for Water Resources Department for the year 2025-26 (For DARRANG).,Procurement of flood fighting materials (PSC Porcupine) for Water Resources Department for the year 2025-26 (For DARRANG).,Goods,Open Tender,Supply,Supply of Materials,No,No,NA ,05-Sep-2025 06:55 PM,NA ,180.0,No ,No,Online,25-Sep-2025 03:00 PM,Department of Water Resources||Chief Engineer - DoWR,KAMRUP METRO,781008.0,2.0,"1,68,88,350",Ashit Roy,"15,199,650",Accepted-AOC,06-Jan-2026,Department of Water Resources||Chief Engineer - DoWR
2025_NHM_42074_1,NHM-32023/229/2023-Cons-NHM,Construction of Buildingless Sub Health Centre in LANGSOMEPI SUB CENTER in karbi Anglong District under PM ABHIM for the FY 2021-22 under NHM on Turnkey Basis,Construction of Buildingless Sub Health Centre in LANGSOMEPI SUB CENTER in karbi Anglong District under PM ABHIM for the FY 2021-22 under NHM on Turnkey Basis,Works,Open Tender,Turn-key,Civil Works - Building,No,No,NA ,13-Jan-2025 06:00 PM,NA ,180.0,No ,No,Online,23-Jan-2025 03:30 PM,National Health Mission||State Programme Management Unit - NHM,Karbi Anglong,782460.0,2.0,"52,03,000",ISLAMUDDIN AHMED,"5,197,777",Accepted-AOC,17-Jan-2026,National Health Mission||State Programme Management Unit - NHM
2025_BoTC_49455_1,SE(R/B)/20-21/Pt-III/09/199_3,Package No.199_3,"Construction of CC Block road from Thiopil Daimary House to Dimakuchi Tangla link Road at Nizpatala, Dolongkhat, Bhergaon, Udalguri District.",Works,Open Tender,Item Rate,Civil Works – Roads,No,No,NA ,18-Dec-2025 03:00 PM,NA ,180.0,No ,No,Online,02-Jan-2026 01:30 PM,Bodoland Territorial Council||PWD-BTC,Udalguri,784522.0,2.0,"41,05,000",NASHIR ALI,"4,104,700",Accepted-AOC,20-Jan-2026,Bodoland Territorial Council||PWD-BTC
2025_AEGCL_45106_1,220kV Sonabil-Balipara D/c TL/HTLS,Reconductoring and Hotline Stringing of AEGCL Portion of Existing 220kV Sonabil-Balipara D/c Transmission line (ACSR Zebra Conductor) by HTLS Conductor along with Augmentation of Terminal Equipment,Reconductoring and Hotline Stringing of AEGCL Portion of Existing 220kV Sonabil-Balipara D/c Transmission line (ACSR Zebra Conductor) by HTLS Conductor along with Augmentation of Terminal Equipment,Works,Open Tender,Works,Electrical Works,No,No,NA ,24-Jun-2025 12:00 PM,10-Jul-2025 12:00 PM ,180.0,No ,No,Online,04-Sep-2025 02:00 PM,Assam Electricity Grid Corporation Ltd||CGM (T and T),Sonabil,784105.0,2.0,,M/s Lumino Industries Limited,"74,780,460",Rejected-Technical,02-Jan-2026,Assam Electricity Grid Corporation Ltd||CGM (T and T)
2025_PWRDW_43912_7,CE/EAP/ARRBP/BR/01/2024/13,ARRBP/OCB/Bridge1/Cachar/14 S.K. Road to Kullicherra,CE/EAP/ARRBP/OCB/Bridge-1/Cachar/14 Construction of RCC in Cachar district i) Br.No. 6/1 On S.K. Road to Kullicherra.,Works,Open Tender,Item Rate,Civil Works - Bridges,No,No,NA ,02-Apr-2025 11:25 AM,10-Apr-2025 11:00 AM ,90.0,No ,No,Online,24-Apr-2025 02:30 PM,Public Works Roads Department-Externally Aided Project||Public Works Road Department- World Bank Funded Tenders||Assam State Bridge Infrastructure Program,Cachar district,788001.0,2.0,"3,63,37,000",SRI AMBARISH ROY,"37,307,147",Accepted-AOC,20-Nov-2026,Public Works Roads Department-Externally Aided Project||Public Works Road Department- World Bank Funded Tenders||Assam State Bridge Infrastructure Program
2025_PHED_49420_1,SEPH/GC/TB-152/Vol-37/25-26,CONSTRUCTION OF D.N SINGHA STADIUM (PWSS),CONSTRUCTION OF D.N SINGHA STADIUM (PWSS) UNDER GOALPARA DIVISION UNDER SOPD-G FOR THE YEAR 2025-26,Works,Open Tender,Item Rate,Civil Works,No,No,NA ,18-Dec-2025 04:00 PM,26-Dec-2025 02:00 PM ,90.0,No ,No,Online,09-Jan-2026 02:00 PM,Public Health Engineering Department||Chief Engineer PHE(P)-Assam-PHED||Lower Assam Zone-Guwahati-PHED||Guwahati Circle-Guwahati-PHED,D.N SINGHA STADIUM,783101.0,2.0,"89,37,000",Jalnur Hussain,"8,906,250",Accepted-AOC,29-Jan-2026,Public Health Engineering Department||Chief Engineer PHE(P)-Assam-PHED||Lower Assam Zone-Guwahati-PHED||Guwahati Circle-Guwahati-PHED
2025_PWD_45399_19,CE/DEV/TB/54/2025-26/01 Dtd- 13.06.2025,MMUPPNA_RIDF_XXXI_25_26_24 Improvement of Rupahi Boroma Rangagara Sibasthan Missa Road (Rupahi Samguri) Part1 under Mukhya Mantrir Unnoto Paki Path Nirman Achani (MMUPPNA) under RIDF-XXXI of NABARD for the year 2025-26.,MMUPPNA_RIDF_XXXI_25_26_24 Improvement of Rupahi Boroma Rangagara Sibasthan Missa Road (Rupahi Samguri) Part1 under Mukhya Mantrir Unnoto Paki Path Nirman Achani (MMUPPNA) under RIDF-XXXI of NABARD for the year 2025-26.,Works,Open Tender,Item Rate,Civil Works – Roads,No,No,NA ,07-Jul-2025 09:00 AM,14-Jul-2025 12:00 PM ,180.0,No ,No,Online,25-Jul-2025 02:30 PM,Public Works Roads Department,Nagaon,782140.0,2.0,"5,24,00,000",M/S ANKUR ENTERPRISE,"52,396,000",Accepted-AOC,21-Jan-2026,Public Works Roads Department
2025_PWBNH_48323_1,EE/NBD/PWD_Central Jail_25-26,"(1) Construction of Day Latrines for Male Inmates at Central Jail, Nagaon. (2) Construction of Day Bathroom for Male Inmates at Central Jail, Nagaon, Assam.","(1) Construction of Day Latrines for Male Inmates at Central Jail, Nagaon. (2) Construction of Day Bathroom for Male Inmates at Central Jail, Nagaon, Assam.",Works,Open Tender,Item Wise,Civil Works - Building,No,No,NA ,01-Nov-2025 11:00 AM,04-Nov-2025 11:00 AM ,180.0,No ,No,Online,25-Nov-2025 02:30 PM,Public Works Building and NH Department||Chief Engineer-Building - PWBNH,"Central Jail, Nagaon, Assam",782001.0,2.0,"27,43,007",DIPMONI SAIKIA,"2,867,726",Accepted-AOC,17-Jan-2026,Public Works Building and NH Department||Chief Engineer-Building - PWBNH
2025_UDD_48426_1,DM/PWD/15th F.C.(Tied)/2025-26/716,Construction of R.C.C. slab cover load bearing drain for discharge of used/waste water of Surja Sen Street (near District Jail) from culvert to G.T.B. Road at Ward No.8,Construction of R.C.C. slab cover load bearing drain for discharge of used/waste water of Surja Sen Street (near District Jail) from culvert to G.T.B. Road at Ward No.8,Works,Open Tender,Item Rate,Civil Works,No,No,NA ,04-Nov-2025 06:00 PM,21-Nov-2025 12:00 PM ,90.0,No ,No,Online,27-Nov-2025 02:00 PM,Urban Development Department||Directorate of Municipality Administration - UDD||Dhubri Municipal Board,"Surja Sen Street, Ward no 8 Dhubri Town",783301.0,2.0,"25,00,000",MADHU SUDHAN GHOSH,"2,250,000",Rejected-AOC,29-Jan-2026,Urban Development Department||Directorate of Municipality Administration - UDD||Dhubri Municipal Board
2025_DMEAP_46550_1,IN-ASDMA-507616-CW-RFB,Procurement of Civil Works for new multi-purpose flood shelters at 1 location in Majuli District of Assam under Assam Integrated River Basin Management Project AIRBMP,Procurement of Civil Works for new multi-purpose flood shelters at 1 location in Majuli District of Assam under Assam Integrated River Basin Management Project AIRBMP,Works,Open Tender,Item Rate,Civil Works - Building,No,No,NA ,18-Aug-2025 11:30 AM,30-Aug-2025 02:30 PM ,120.0,No ,No,Online,04-Oct-2025 01:00 PM,Assam State Disaster Management Authority- Externally Aided Project||Assam State Disaster Management Authority- World Bank Funded Tenders||Assam Integrated River Basin Management Programme,Works,781006.0,2.0,"8,38,84,199",Punjab Engineering CompanyPD,"93,795,488",Accepted-AOC,08-Jan-2026,Assam State Disaster Management Authority- Externally Aided Project||Assam State Disaster Management Authority- World Bank Funded Tenders||Assam Integrated River Basin Management Programme
2025_PWD_48247_1,KSTRD/SOPD(G)/63/2024-25/1894,Reconstruction of Road From Magurmari to Kathpara via Moriputhikhaity (Magurmari west to Magurmari East) under SOPD-G for the year 2025-26,Reconstruction of Road From Magurmari to Kathpara via Moriputhikhaity (Magurmari west to Magurmari East) under SOPD-G for the year 2025-26,Works,Open Tender,Item Rate,Civil Works – Roads,No,No,NA ,27-Oct-2025 10:00 AM,NA ,180.0,No ,No,Online,17-Nov-2025 03:00 PM,Public Works Roads Department,Samaguri,782140.0,2.0,"35,50,000",Sri Saurav Sharma,"3,549,568",Rejected-Finance,30-Jan-2026,Public Works Roads Department
2025_SSA_47864_4,E-705066/114 dated 20.09.2025,Group-4,Construction of additional classroom Balance works in the following schools Khalishabhita Higher Secondary School under Lakhipur block - 4nos. Chataimari High School under Lakhipur block - 3nos. Rakhal Killa High School under Lakhipur block -,Works,Open Tender,Works,Civil Works - Building,No,No,NA ,07-Oct-2025 03:55 PM,08-Oct-2025 03:55 PM ,180.0,No ,No,Online,14-Oct-2025 03:00 PM,Axom Sarba Siksha Abhijan Mission,Assam,781019.0,2.0,"1,61,93,000",M/S J D ENTERPRISE,"14,573,700",Rejected-Technical,22-Jan-2026,Axom Sarba Siksha Abhijan Mission
2025_ID_48352_1,"01(SOPD-G)2025-26, Dt- 01/11/2025",INSTALLATION OF STW_10 Points_AT DAURANGA KRISHI RAKALPA UNDER SOPD FOR THE YEAR 2025_26,INSTALLATION OF STW_10 Points_AT DAURANGA KRISHI RAKALPA UNDER SOPD FOR THE YEAR 2025_26,Works,Open Tender,Item Rate,Civil Works - Others,No,No,NA ,03-Nov-2025 02:00 PM,14-Nov-2025 11:00 AM ,180.0,No ,No,Online,25-Nov-2025 03:00 PM,Irrigation Department||Chief Engineer(Major)-Irrigation Dept||Mangaldoi Circle,Sipajhar,784145.0,2.0,"66,79,494",M/S MOUSUMI ENTERPRISE,"2,404,617.84",Rejected-Technical,19-Jan-2026,Irrigation Department||Chief Engineer(Major)-Irrigation Dept||Mangaldoi Circle
2025_PWBNH_48939_1,CE/TB-IV(H_E)/125/2025/3 Dated Guwahati the 17th Nov 2025,Construction of Joyhing Model Secondary School for Tea Garden Area in Lakhimpur District at Joyhing,Construction of Joyhing Model Secondary School for Tea Garden Area in Lakhimpur District at Joyhing,Works,Open Tender,Item Rate,Civil Works - Building,No,No,NA ,29-Nov-2025 09:00 AM,01-Dec-2025 11:00 AM ,180.0,No ,No,Online,10-Dec-2025 03:00 PM,Public Works Building and NH Department||Chief Engineer-Building - PWBNH,Lakhimpur,787023.0,2.0,"3,03,21,079",Merajul Islam,"29,714,647",Rejected-AOC,21-Jan-2026,Public Works Building and NH Department||Chief Engineer-Building - PWBNH
2025_BTC_49101_1,No.22/ACE/PWD/BTC/2025-26/05,"Construction of 50 Bedded AYUSH Hospital at Kokrajhar, Assam on EPC Mode-I.","Construction of 50 Bedded AYUSH Hospital at Kokrajhar, Assam on EPC Mode-I.",Works,Open Tender,Item Rate,Civil Works - Building,No,No,NA ,08-Dec-2025 10:00 AM,15-Dec-2025 12:00 PM ,180.0,No ,No,Online,30-Dec-2025 02:00 PM,Bodoland Territorial Council-PWD||Director Cum CHD - PWD BTC,Kokrajhar,783370.0,2.0,"14,09,67,720",M/S N.E. Infra,"149,400,000",Rejected-AOC,12-Jan-2026,Bodoland Territorial Council-PWD||Director Cum CHD - PWD BTC
2025_BoTC_48964_5,ACE/CHDI/10/2025/18 dated 01/12/2025,"Construction of Afflux bund, cattle cart crossing and RCC box culvert Kathalguri Agriculture Bund FIS under PMKSY (HKKP) for the year 2021-2022","Construction of Afflux bund, cattle cart crossing and RCC box culvert Kathalguri Agriculture Bund FIS under PMKSY (HKKP) for the year 2021-2022",Works,Open Tender,Works,Civil Works,No,No,NA ,01-Dec-2025 05:00 PM,08-Dec-2025 02:00 PM ,180.0,No ,No,Online,24-Dec-2025 11:00 AM,Bodoland Territorial Council||Irrigation-BTC,BARAMA,781346.0,2.0,"62,76,074",Karan Boro,"6,276,019",Accepted-AOC,12-Jan-2026,Bodoland Territorial Council||Irrigation-BTC
2025_WREAP_45105_1,567117/196,"Supply, Installation and Commissioning of Active LED Display System at Brahmaputra Auditorium Hall, Assam Water Centre, including Buyback of Existing 25 Numbers of 55 inch LED-backlit LFD LCD Panels","Supply, Installation and Commissioning of Active LED Display System at Brahmaputra Auditorium Hall, Assam Water Centre, including Buyback of Existing 25 Numbers of 55 inch LED-backlit LFD LCD Panels",Goods,Open Tender,Lump-sum,Electronics Equipment,No,No,NA ,23-Jun-2025 05:00 PM,30-Jun-2025 02:00 PM ,120.0,No ,No,Online,12-Aug-2025 04:00 PM,Department of Water Resources-Externally Aided Project||Flood and River Erosion Management Agency of Assam||WRD- ADB Funded Tenders,"Assam Water Centre, Guwahati",781029.0,2.0,,CINEWORTH Sales and Service,"4,710,820.56",Accepted-AOC,02-Jan-2026,Department of Water Resources-Externally Aided Project||Flood and River Erosion Management Agency of Assam||WRD- ADB Funded Tenders
2025_PWD_47392_1,CE/STBR/II/12/2025-26/03 Date 04-09-2025,"ELEVATED CORRIDOR/SILCHAR/PHASE I/ASSAM/01 Construction of Elevated Corridor on NH-306 Section from Trunk Road near Capital Point to Rangirkhari Point in Silchar, Assam (Phase I)","ELEVATED CORRIDOR/SILCHAR/PHASE I/ASSAM/01 Construction of Elevated Corridor on NH-306 Section from Trunk Road near Capital Point to Rangirkhari Point in Silchar, Assam (Phase I)",Works,Open Tender,Item Rate,Civil Works – Roads,No,No,NA ,09-Sep-2025 03:00 PM,19-Sep-2025 11:00 AM ,180.0,No ,No,Online,08-Oct-2025 10:00 AM,Public Works Roads Department,Silchar,788001.0,2.0,"3,99,30,38,000",Shree Gautam Construction Co. Ltd.,"3,822,507,981",Rejected-Technical,30-Jan-2026,Public Works Roads Department
2025_SEEDE_46107_1,GS02/ASU/THW/076,Eco-Tourism and Sustainable Development,Eco Tourism and Sustainable Development (Equipment for Master in Travel and Tourism Management Lab),Goods,Open Tender,Item Rate,Laboratory and scientific equipment,No,No,NA ,04-Aug-2025 10:00 AM,11-Aug-2025 11:30 AM ,150.0,No ,No,Online,22-Sep-2025 03:00 PM,Skill Employment and Entrepreneurship Department- Externally Aided Project||Assam Skill University Project- ADB Funded Tenders,"ASU Campus, Mangaldoi",784125.0,1.0,,Valeur Fabtex Private Limited,"10,984,952.92",Rejected-Technical,26-Dec-2025,Skill Employment and Entrepreneurship Department- Externally Aided Project||Assam Skill University Project- ADB Funded Tenders
2025_PWRDW_45232_1,CE/EAP/ARRBP01TENDERS2024/62,Construction of Bridge in Majuli district i) Br. No. 2/1 on Bhakat Chapori Road,Package No. CE/EAP/ARRBP/OCB/Bridge-1/Majuli/07A Construction of Bridge in Majuli district i) Br. No. 2/1 on Bhakat Chapori Road,Works,Open Tender,Item Rate,Civil Works - Bridges,No,No,NA ,27-Jun-2025 06:30 PM,04-Jul-2025 11:00 AM ,180.0,No ,No,Online,28-Jul-2025 02:30 PM,Public Works Roads Department-Externally Aided Project||Public Works Road Department- World Bank Funded Tenders||Assam State Bridge Infrastructure Program,Majuli,785106.0,2.0,"8,34,62,000",SRI BEDANTA BORAH,"87,634,458",Rejected-Finance,22-Jan-2026,Public Works Roads Department-Externally Aided Project||Public Works Road Department- World Bank Funded Tenders||Assam State Bridge Infrastructure Program
2025_PHED_49458_1,SEPH/TEZ/TC-196/2025-26/ 1675-81 Dated 17/12/2025,"Utility Shifting of Sonarigaon Piped Water Supply Scheme under SOPD for the year 2025-26 under Tezpur Division No-I, Tezpur","Utility Shifting of Sonarigaon Piped Water Supply Scheme under SOPD for the year 2025-26 under Tezpur Division No-I, Tezpur",Works,Open Tender,Item Rate,Civil Works - Water Works,No,No,NA ,19-Dec-2025 10:00 AM,22-Dec-2025 11:00 AM ,90.0,No ,No,Online,31-Dec-2025 02:00 PM,Public Health Engineering Department||Chief Engineer PHE(P)-Assam-PHED||North Assam Zone-Tezpur-PHED||Tezpur Circle-Tezpur-PHED,"Naduar, Sonitpur",784150.0,2.0,"28,85,912",Mehbuba Sultana,"2,828,814",Rejected-Finance,21-Jan-2026,Public Health Engineering Department||Chief Engineer PHE(P)-Assam-PHED||North Assam Zone-Tezpur-PHED||Tezpur Circle-Tezpur-PHED
2025_DIPR_49580_1,No.E. 582387/253,Procurement and supply of Customized Gift items For Natun Dinor Aalap programme of interaction with the Media Persons by the Honble Chief Minister of Assam,Procurement and supply of Customized Gift items For Natun Dinor Aalap programme of interaction with the Media Persons by the Honble Chief Minister of Assam,Goods,Open Tender,Item Rate,Miscellaneous Goods,No,No,NA ,22-Dec-2025 06:00 PM,NA ,120.0,No ,No,Online,29-Dec-2025 11:00 AM,Information and Public Relations Department||Directorate of Information and Public Relation,Guwahati,781006.0,2.0,"4,45,18,200",MS Associate Hub,"22,222,114",Accepted-AOC,30-Jan-2026,Information and Public Relations Department||Directorate of Information and Public Relation
2025_PWD_45820_116,CE/STBR/SOPD-G/NIT/07/2025 26/1 Dated 26-06-2025,STBR/SOPD-G/Jalukbari -12/51 Improvement of Narayan Bezbaruah Path under SOPD-G for the year 2025-26,STBR/SOPD-G/Jalukbari -12/51 Improvement of Narayan Bezbaruah Path under SOPD-G for the year 2025-26,Works,Open Tender,Item Rate,Civil Works – Roads,No,No,NA ,02-Aug-2025 12:00 PM,04-Aug-2025 11:00 AM ,180.0,No ,No,Online,19-Aug-2025 11:00 AM,Public Works Roads Department,Jalukbari,781013.0,2.0,"18,69,000",M/S MAA CHITRA ENTERPRISE,"1,868,000",Accepted-AOC,31-Jan-2026,Public Works Roads Department
2025_UDD_48831_1,NMB/69/2024-25/168,"Supplying, Commissioning and Training for Usage of Backhoe Loader at Narayanpur Municipal Board","Supplying, Commissioning and Training for Usage of Backhoe Loader at Narayanpur Municipal Board inclusive of GST and other taxes, insurance, registration, 2 years warranty, operator training etc at Narayanpur Municipal Town Area",Goods,Open Tender,Item Rate,Machineries,No,No,NA ,25-Nov-2025 11:00 AM,NA ,180.0,No ,No,Online,17-Dec-2025 11:00 AM,Urban Development Department||Directorate of Municipality Administration - UDD||Narayanpur Municipal Board,"Narayanpur Municipal Board, Narayanpur",784164.0,2.0,"44,55,000",SHYAM EARTHMOVERS,"4,155,000",Rejected-Finance,16-Jan-2026,Urban Development Department||Directorate of Municipality Administration - UDD||Narayanpur Municipal Board
2025_PWD_47237_1,SOPD(G)CDTRD/SONARI/2025-26/02,SOPD(G)CDTRD/SONARI/2025-26/02,Construction of Steel Bridge No 1/1 ( Length- 20.00m) over river Lora on the Hulungbari Road under Mukhya Mantrir Path Nabikaran Aachani (MMPNA) under SOPD-G for the year 2025-26 in PWRD Charaideo District Territorial Road Division Sonari,Works,Open Tender,Item Rate,Civil Works – Roads,No,No,NA ,10-Sep-2025 02:00 PM,17-Sep-2025 01:00 PM ,180.0,No ,No,Online,26-Sep-2025 02:00 PM,Public Works Roads Department,SONARI LAC,785690.0,2.0,,GAUTAM KAUSHIK,"3,179,000",Rejected-Finance,09-Jan-2026,Public Works Roads Department
2025_BoTC_45594_1,DOE/BTC/SSA/DAJGUA/Hostel/01,Construction of 50 bedded hostel separately for boys and girls under the scheme Dharti Aaba Janjatiya Gram Utkarsh Abhiyan at NIKASHI HIGH SCHOOL in Baksa District.,Construction of 50 bedded hostel separately for boys and girls under the scheme Dharti Aaba Janjatiya Gram Utkarsh Abhiyan at NIKASHI HIGH SCHOOL in Baksa District.,Works,Open Tender,Works,Civil Works,No,No,NA ,15-Jul-2025 05:10 PM,NA ,180.0,No ,No,Online,12-Aug-2025 03:00 PM,Bodoland Territorial Council||Education-BTC,BTR,784190.0,2.0,"3,59,88,860",JYOTI CONSTRO,"37,338,382.85",Accepted-AOC,02-Jan-2026,Bodoland Territorial Council||Education-BTC
2025_PCCF_48153_1,CAC/FOR/001/CAMPA/BLDG,Construction of Forest Guard Quarter,Construction of Forest Guard Quarter at Lailapur area under Hawaithang Range Dholai,Works,Open Tender,Works,Civil Works,No,No,NA ,17-Oct-2025 06:30 PM,22-Oct-2025 11:30 AM ,180.0,No ,No,Online,06-Nov-2025 05:30 PM,Pr. Chief Conservator of Forest and Head of Forest Force||Chief Conservator of Forestes (T) (Lower Assam Zone)||Southern Assam Circle||Cachar Forest Division,Lailapur area under Hawaithang Range Dholai,788120.0,2.0,"35,16,411",M/S BHOWMIK ENTERPRISE,"3,164,769",Not Admitted-Fee/PreQual/Technical,31-Dec-2026,Pr. Chief Conservator of Forest and Head of Forest Force||Chief Conservator of Forestes (T) (Lower Assam Zone)||Southern Assam Circle||Cachar Forest Division
2025_PWBNH_48920_1,SE/BII/DLRS/PaverBlock,"Filling up the field with paver blocks in the campus of the Office of the Director of Land records and Surveys etc, Assam, Rupnagar, Guwahati-32","Filling up the field with paver blocks in the campus of the Office of the Director of Land records and Surveys etc, Assam, Rupnagar, Guwahati-32",Works,Open Tender,Item Wise,Civil Works - Building,No,No,NA ,29-Nov-2025 12:00 PM,03-Dec-2025 12:00 PM ,180.0,No ,No,Online,23-Dec-2025 11:30 AM,Public Works Building and NH Department||Chief Engineer-Building - PWBNH||SE-Guwahati Circle-2 - PWBNH,"Rupnagar, Guwahati",781032.0,2.0,"22,84,507",SAHANA RAHMAN,"2,423,959",Rejected-Technical,20-Jan-2026,Public Works Building and NH Department||Chief Engineer-Building - PWBNH||SE-Guwahati Circle-2 - PWBNH
2025_DHTS_48454_1,DHTCM(c).30/2025/44,Setting up of Mini Museum cum Training Complex of Padmashree Hemaprabha Chutia for preservation at Moran in Dibrugarh District for the year 2025-26.,Setting up of Mini Museum cum Training Complex of Padmashree Hemaprabha Chutia for preservation at Moran in Dibrugarh District for the year 2025-26.,Works,Open Tender,Item Rate,Civil Works - Others,No,No,NA ,07-Nov-2025 12:00 PM,13-Nov-2025 02:00 PM ,180.0,No ,No,Online,06-Dec-2025 01:00 PM,Department of Handloom Textile and Sericulture||Directorate of Handloom and Textiles-DHTS,Dibrugarh,785670.0,2.0,"50,00,000",MR SASODHAR DEKA,"4,395,000",Rejected-Finance,22-Jan-2026,Department of Handloom Textile and Sericulture||Directorate of Handloom and Textiles-DHTS
2025_PWD_45827_93,CE/MAINT/SOPDG/01/2025-26/02,MAINT/SOPD-G/2025-26/10,"MAINT/SOPD-G/2025-26/10_ReConstruction and renovation of Superintending Engineers Office building of Bongaigaon and Dhubri Roads Circle, Bongaigaon. 2. Repairing and renovation of Quarters for employees of Superintending Engineers Office of Bongaigao",Works,Open Tender,Item Rate,Civil Works - Building,No,No,NA ,24-Jul-2025 02:00 PM,24-Jul-2025 02:00 PM ,180.0,No ,No,Online,14-Aug-2025 11:00 AM,Public Works Roads Department,Bongaigaon,783380.0,2.0,"57,23,000",RABIN CHANDRA SARKAR,"5,722,550",Accepted-AOC,30-Jan-2026,Public Works Roads Department
2025_PWD_45820_117,CE/STBR/SOPD-G/NIT/07/2025 26/1 Dated 26-06-2025,STBR/SOPD-G/Jalukbari -15/54 Improvement of Radha Krishna Path at Madhyam Khana under SOPD-G for the year 2025-26,STBR/SOPD-G/Jalukbari -15/54 Improvement of Radha Krishna Path at Madhyam Khana under SOPD-G for the year 2025-26,Works,Open Tender,Item Rate,Civil Works – Roads,No,No,NA ,02-Aug-2025 12:00 PM,04-Aug-2025 11:00 AM ,180.0,No ,No,Online,19-Aug-2025 11:00 AM,Public Works Roads Department,Jalukbari,781013.0,2.0,"6,29,000",ANJAN SARMAH,"628,069",Accepted-AOC,21-Jan-2026,Public Works Roads Department
2025_PWD_45820_103,CE/STBR/SOPD-G/NIT/07/2025 26/1 Dated 26-06-2025,STBR/SOPD-G/Jalukbari -46/85 Construction of RCC Drain at Chandra Bharati Path under SOPD-G for the year 2025-26,STBR/SOPD-G/Jalukbari -46/85 Construction of RCC Drain at Chandra Bharati Path under SOPD-G for the year 2025-26,Works,Open Tender,Item Rate,Civil Works – Roads,No,No,NA ,01-Aug-2025 06:00 PM,02-Aug-2025 11:00 AM ,180.0,No ,No,Online,19-Aug-2025 11:00 AM,Public Works Roads Department,Jalukbari,781013.0,2.0,"30,00,000",RITAM DAS,"3,000,000",Rejected-AOC,20-Jan-2026,Public Works Roads Department
2025_PWD_45827_87,CE/MAINT/SOPDG/01/2025-26/02,MAINT/SOPD-G/2025-26/102,"MAINT/SOPD-G/2025-26/102_1_Construction of Road from Amrenga to Talukdarpara Village Road,2_Construction of Road from Gosaihat to DK Vidyapeeth Road, 3_Construction of Saru Heremdo village Road,4_Construction of 2 No. Jiakur Kamarpara Road under",Works,Open Tender,Item Rate,Civil Works – Roads,No,No,NA ,24-Jul-2025 12:00 PM,24-Jul-2025 12:00 PM ,180.0,No ,No,Online,14-Aug-2025 11:00 AM,Public Works Roads Department,Kamrup Rural,781123.0,2.0,"71,08,000",KUSHAL DAS,"7,108,000",Rejected-Finance,19-Jan-2026,Public Works Roads Department
2025_KAAC_47211_1,ACEH/CS/SSA/O3/2025-26/Re55,Construction of 50 bedded hostel separately for boys and girls at Kheroni Pvn High School under the scheme Dharti Aaba Janjatiya Gram Utkarsh Abhiyan,Construction of 50 bedded hostel separately for boys and girls at Kheroni Pvn High School under the scheme Dharti Aaba Janjatiya Gram Utkarsh Abhiyan,Works,Open Tender,Item Rate,Civil Works - Building,No,No,NA ,03-Sep-2025 11:00 AM,05-Sep-2025 12:00 PM ,180.0,No ,No,Online,15-Sep-2025 11:00 AM,Karbi Anglong Autonomous Council||PWD||Addl. Chief Engineer Diphu,Rongkhang,782486.0,2.0,"3,78,75,000",Chiranjiv Agarwal,"37,874,999.99",Accepted-AOC,22-Jan-2026,Karbi Anglong Autonomous Council||PWD||Addl. Chief Engineer Diphu
2025_PWD_44165_1,CS/JTRD/SOPD-G/10/2025-26,Restoration of damaged road surface from caused due to underground water supply pipe laying under Guwahati Water Supply Project along roads executed by L and T Construction under Jalukbari TRD under SOPD G for the year 2025 26 GR VII,Restoration of damaged road surface from caused due to underground water supply pipe laying under Guwahati Water Supply Project along roads executed by L and T Construction under Jalukbari TRD under SOPD G for the year 2025 26 GR VII,Works,Open Tender,Item Rate,Civil Works – Roads,No,No,NA ,29-Apr-2025 06:00 PM,02-May-2025 02:00 PM ,180.0,No ,No,Online,14-May-2025 04:00 PM,Public Works Roads Department,Various Location,781012.0,2.0,"2,14,53,844",M/S S.B ENTERPRISE,"21,453,483",Accepted-AOC,28-Jan-2026,Public Works Roads Department
2025_BoTC_48964_4,ACE/CHDI/10/2025/18 dated 01/12/2025,"Construction of Head Works and regulators, Diversion channel, closing bund and Approach Road at Kathalguri Agriculture Bund FIS under PMKSY (HKKP) for the year 2021-2022","Construction of Head Works and regulators, Diversion channel, closing bund and Approach Road at Kathalguri Agriculture Bund FIS under PMKSY (HKKP) for the year 2021-2022",Works,Open Tender,Works,Civil Works,No,No,NA ,01-Dec-2025 05:00 PM,08-Dec-2025 02:00 PM ,180.0,No ,No,Online,24-Dec-2025 11:00 AM,Bodoland Territorial Council||Irrigation-BTC,BARAMA,781346.0,2.0,"2,89,97,829",PINNACLE INFRA,"28,996,809.01",Accepted-AOC,12-Jan-2026,Bodoland Territorial Council||Irrigation-BTC
2025_SSA_47864_5,E-705066/114 dated 20.09.2025,Group-5,Construction of additional classroom (Balance works) in the following schools Lakhipur H.S. School under Lakhipur block - 3nos. Fatengapara High School under Lakhipur block - 3nos. Folimari High.School under Lakhipur block - 3nos.,Works,Open Tender,Works,Civil Works - Building,No,No,NA ,07-Oct-2025 03:55 PM,08-Oct-2025 03:55 PM ,180.0,No ,No,Online,14-Oct-2025 03:00 PM,Axom Sarba Siksha Abhijan Mission,Assam,781019.0,2.0,"2,03,97,000",M/S J D ENTERPRISE,"18,357,300",Rejected-Finance,22-Jan-2026,Axom Sarba Siksha Abhijan Mission
2025_PWD_45554_27,CE/STBR/09/NIT/RIDF-XXXI/2025 26/1 Dated 24-06-2025,STBR/RIDF-XXXI/RUPOHIHAT-01/27 Construction of RCC Bridge No. 1/1 on Dhing Gaon to Goroimari Road under Mukhya Mantrir Unnata Paki Path Nirman Achani (MMUPPNA) under RIDF-XXXI of NABARD for the year 2025-26 in Nagaon District (Rupohihat LAC),STBR/RIDF-XXXI/RUPOHIHAT-01/27 Construction of RCC Bridge No. 1/1 on Dhing Gaon to Goroimari Road under Mukhya Mantrir Unnata Paki Path Nirman Achani (MMUPPNA) under RIDF-XXXI of NABARD for the year 2025-26 in Nagaon District (Rupohihat LAC),Works,Open Tender,Item Rate,Civil Works – Roads,No,No,NA ,17-Jul-2025 05:40 PM,18-Jul-2025 11:00 AM ,180.0,No ,No,Online,01-Aug-2025 11:00 AM,Public Works Roads Department,Rupohihat,782125.0,2.0,"3,20,63,500",Sri Ruhini Bora,"32,051,518",Rejected-AOC,31-Jan-2026,Public Works Roads Department
2024_PWBNH_36331_1,CE/TB-III/38/2023/Pt/5 Dated 30.01.2024,Construction of 50 Bedded AYUSH Hospital At Morigaon,Construction of 50 Bedded AYUSH Hospital At Morigaon,Works,Open Tender,Item Rate,Civil Works - Building,No,No,NA ,19-Feb-2024 02:00 PM,NA ,180.0,No ,No,Online,07-Mar-2024 02:30 PM,Public Works Building and NH Department||Chief Engineer-Building - PWBNH,Morigaon,782105.0,2.0,"14,09,05,387",OM CONSTRUCTIONS SHAMBHAVI PRIVATE LIMITED,"149,125,116",Rejected-AOC,12-Jan-2026,Public Works Building and NH Department||Chief Engineer-Building - PWBNH
2025_HFWD_47968_1,SMEJ/JMCH/2571/21/PT3/25/4678 DATE.10/10/25,"SUPPLY OF OFFICE STATIONERY AND OTHER OFFICE CONSUMABLE ITEMS AT JORHAT MEDICAL COLLEGE AND HOSPITAL, JORHAT","SUPPLY OF OFFICE STATIONERY AND OTHER OFFICE CONSUMABLE ITEMS AT JORHAT MEDICAL COLLEGE AND HOSPITAL, JORHAT",Goods,Open Tender,Supply,Stationery,No,No,NA ,10-Oct-2025 05:45 PM,17-Oct-2025 01:00 PM ,365.0,No ,No,Online,31-Oct-2025 02:00 PM,Health and Family Welfare Department||Directorate of Medical Education-HFWD||Jorhat Medical College and Hospital-HFWD,"Jorhat Medical College and Hospital, Jorhat",785001.0,2.0,,Raj Enterprise,0,Accepted-AOC,18-Dec-2025,Health and Family Welfare Department||Directorate of Medical Education-HFWD||Jorhat Medical College and Hospital-HFWD
2025_PWD_45399_18,CE/DEV/TB/54/2025-26/01 Dtd- 13.06.2025,MMUPPNA_RIDF_XXXI_25_26_23 Improvement of Kanchanpur to Gorajan Bazar( Kumargaon II to Balika (Khatuwal to Balika) under Mukhya Mantrir Unnoto Paki Path Nirman Achani (MMUPPNA) under RIDF-XXXI of NABARD for the year 2025-26.,MMUPPNA_RIDF_XXXI_25_26_23 Improvement of Kanchanpur to Gorajan Bazar( Kumargaon II to Balika (Khatuwal to Balika) under Mukhya Mantrir Unnoto Paki Path Nirman Achani (MMUPPNA) under RIDF-XXXI of NABARD for the year 2025-26.,Works,Open Tender,Item Rate,Civil Works – Roads,No,No,NA ,07-Jul-2025 09:00 AM,14-Jul-2025 12:00 PM ,180.0,No ,No,Online,25-Jul-2025 02:30 PM,Public Works Roads Department,Nagaon,782140.0,2.0,"8,32,00,000",M/S ANKUR ENTERPRISE,"83,193,500",Accepted-AOC,21-Jan-2026,Public Works Roads Department
2025_PWD_43611_1,EE/HSTRD/TB-09/2023-24/201 dated 17/03/2024,"Connection of new 11 kV and LT line for shifting of existing line due to road widening at Pacharia, Hathitol, Kamrup under Amingaon ESD","Connection of new 11 kV and LT line for shifting of existing line due to road widening at Pacharia, Hathitol, Kamrup under Amingaon ESD",Works,Open Tender,Item Rate,Civil Works,No,No,NA ,21-Mar-2025 01:00 PM,24-Mar-2025 02:00 PM ,180.0,No ,No,Online,27-Mar-2025 03:00 PM,Public Works Roads Department,Amingaon,781031.0,2.0,"25,32,625",M/S Loyal Trading,"2,531,647.63",Accepted-AOC,29-May-2025,Public Works Roads Department
2025_DoIT_46764_1,AEDC/SDC/2025-26/07,Supply and Installation of SAN Switches,Supply and Installation of SAN Switches,Services,Open Tender,Item Rate,Information Technology,No,No,NA ,20-Aug-2025 05:00 PM,NA ,180.0,No ,No,Online,18-Sep-2025 05:00 PM,Principal Secretary-Department of Information Technology||Assam Electronics Development Corporation Ltd-DoIT,Guwahati,781021.0,2.0,,Inspirisys Solutions Limited,"6,591,502",Rejected-Finance,24-Oct-2025,Principal Secretary-Department of Information Technology||Assam Electronics Development Corporation Ltd-DoIT
2025_SSA_46791_5,E-686287/353,Na Dibang ME School under Sadiya block in Tinsukia district,"Construction of school building for upgradation from secondary to higher secondary (Arts and Science) under Samagra Shiksha, Assam at Na Dibang ME School under Sadiya block in Tinsukia district",Works,Open Tender,Item Rate,Civil Works - Building,No,No,NA ,23-Aug-2025 06:55 PM,26-Aug-2025 03:00 PM ,180.0,No ,No,Online,05-Sep-2025 03:00 PM,Axom Sarba Siksha Abhijan Mission,"SSA, Kahilipara, Guwahati",781019.0,2.0,"2,00,00,000",MS N.K CONSTRUCTION,"19,998,078",Accepted-AOC,10-Jan-2026,Axom Sarba Siksha Abhijan Mission
2025_GMDA_48558_1,GMDA/DEV/46/2025/Pt-I/76,"Rejuvenation and Bioremediation of Silsako Beel, Guwahati, Assam under PMKSY_HKKP (RRR)_Excavation of Silsako Beel Part 11","Rejuvenation and Bioremediation of Silsako Beel, Guwahati, Assam under PMKSY_HKKP (RRR)_Excavation of Silsako Beel",Works,Open Tender,Item Rate,Civil Works,No,No,NA ,12-Nov-2025 01:30 PM,17-Nov-2025 11:00 AM ,180.0,No ,No,Online,03-Dec-2025 03:00 PM,Guwahati Metropolitan Development Authority||Guwahati Development Department - GMDA,"Guwahati, Assam",781005.0,2.0,"6,51,12,000",Satya Ranjan Haloi,"64,891,513.15",Rejected-AOC,05-Jan-2026,Guwahati Metropolitan Development Authority||Guwahati Development Department - GMDA
2025_SSA_46710_1,E-686287/ 353,Kadam Tala MV School under Bilasipara block in Dhubri district,Construction of school building for upgradation from upper primary to secondary,Works,Open Tender,Item Rate,Civil Works - Building,No,No,NA ,20-Aug-2025 11:30 AM,21-Aug-2025 12:00 PM ,180.0,No ,No,Online,05-Sep-2025 03:00 PM,Axom Sarba Siksha Abhijan Mission,"SSA, Kahilipara, Guwahati",781019.0,2.0,"1,61,60,000",Hussain Mohmmad Iphtikar,"14,544,000",Rejected-AOC,10-Jan-2026,Axom Sarba Siksha Abhijan Mission
2025_ID_48779_1,"SEDC/IRRIG/T-6/2024/271,date- 19/11/2025",Installation of 3 Nos. MDTW Schemes in Golakganj LAC under SOPD-G for the year 2025-26,Installation of 3 Nos. MDTW Schemes in Golakganj LAC under SOPD-G for the year 2025-26,Works,Open Tender,Item Rate,Civil Works - Others,No,No,NA ,21-Nov-2025 02:00 PM,25-Nov-2025 02:00 PM ,180.0,No ,No,Online,15-Dec-2025 02:30 PM,Irrigation Department||Chief Engineer(Major)-Irrigation Dept||Dhrubri Circle,Golakganj LAC,783334.0,2.0,"86,40,021",PANKAJ SARMA JV,"2,592,007",Rejected-AOC,20-Jan-2026,Irrigation Department||Chief Engineer(Major)-Irrigation Dept||Dhrubri Circle
2025_BTC_48592_1,No.ACE-31/EDN/IFB/2025-26/15,"Construction of 50 bedded hostel separately for boys and girls at Koila Moila H.S School, Borobazar, Chirang. TN_61_8","Construction of 50 bedded hostel separately for boys and girls at Koila Moila H.S School, Borobazar, Chirang. TN_61_8",Works,Open Tender,Item Rate,Civil Works - Building,No,No,NA ,13-Nov-2025 12:00 PM,NA ,180.0,No ,No,Online,05-Dec-2025 02:00 PM,Bodoland Territorial Council-PWD||Director Cum CHD - PWD BTC,Chirang,783390.0,2.0,"3,82,67,142",M/S J.K ENTERPRISE,"38,262,891.46",Not Admitted-Fee/PreQual/Technical,04-Jan-2026,Bodoland Territorial Council-PWD||Director Cum CHD - PWD BTC
2025_PWD_47623_3,CE/Commn/16/202526/26,Bihpuria/SOPD/7,"Construction of Nimuri Bornamgarh to No.3 Nimuri Road under SOPD-G for the year 2025-26 (Bihpuria LAC) from Ch.0.00 m to 785.00 m , L 0.7850 Km).",Works,Open Tender,Item Rate,Civil Works – Roads,No,No,NA ,20-Sep-2025 03:00 PM,24-Sep-2025 04:00 PM ,180.0,No ,No,Online,07-Oct-2025 02:30 PM,Public Works Roads Department||CE PWD(R) - PWD||Traffic Engineering Cell - PWD,Bihpuria,784161.0,2.0,"53,46,000",MRIDU PABAN HAZARIKA,"5,346,000",Rejected-AOC,30-Jan-2026,Public Works Roads Department||CE PWD(R) - PWD||Traffic Engineering Cell - PWD
2025_HFWD_46587_2,Supply of Chemicals Reagents and Consumable Items for Dhubri Medical College Hospital on Rate Co,Supply of Chemicals Reagents and Consumable Items,Supply of Chemicals Reagents and Consumable Items,Goods,Open Tender,Item Wise,Lab Chemistry Reagents,No,No,NA ,06-Sep-2025 12:00 PM,NA ,60.0,No ,No,Online,15-Sep-2025 12:00 PM,Health and Family Welfare Department||Directorate of Medical Education-HFWD||Dhubri Medical College and Hospital-HFWD,Dhubri Medical College and Hospital,783325.0,2.0,"5,00,000",Jyoti Pharmaceuticals,"500,000",Accepted-AOC,12-Jan-2026,Health and Family Welfare Department||Directorate of Medical Education-HFWD||Dhubri Medical College and Hospital-HFWD
2025_PWD_45827_118,CE/MAINT/SOPDG/01/2025-26/02,MAINT/SOPD-G/2025-26/94,"MAINT/SOPD-G/2025-26/94_Construction of RCC Road bearing drain at Amingaon Madhyam basti main road including its byelane scheme under SOPD (G) for the year 2025-26, Hajo Sualkuchi LAC",Works,Open Tender,Item Rate,Civil Works – Roads,No,No,NA ,25-Jul-2025 04:00 PM,26-Jul-2025 02:00 PM ,180.0,No ,No,Online,15-Aug-2025 11:00 AM,Public Works Roads Department,Kamrup Rural,781354.0,2.0,"3,27,04,000",PUSPA DEKA,"32,704,000",Rejected-Finance,21-Jan-2026,Public Works Roads Department
2025_HFWD_41957_1,Essential Sutures 8-01-2025,supply of Essential Sutures and Staplers,supply of Essential Sutures and Staplers,Goods,Open Tender,Supply,Medicines,No,No,NA ,08-Jan-2025 11:50 AM,10-Jan-2025 11:00 AM ,180.0,No ,No,Online,27-Feb-2025 04:00 PM,Health and Family Welfare Department||Assam Medical Services Corporation Limited,AMSCL,781026.0,2.0,"3,99,00,000",HEALTHIUM MEDTECH LIMITED,100.0,Accepted-AOC,06-Jan-2026,Health and Family Welfare Department||Assam Medical Services Corporation Limited
2025_PWD_45820_16,CE/STBR/SOPD-G/NIT/07/2025 26/1 Dated 26-06-2025,"STBR/SOPD-G/Dhekiajuli-01/113 Improvement of Road from (1) L077 Sopai TE to Akabil Road (2) L052 Amtol Bhergaon to Gohaibheti Road (3) Arun Bagan No.4 to Singri Roadunder SOPD-G for the year 2025-26, Barchalla and Dhekiajuli Territorial Road Divis","STBR/SOPD-G/Dhekiajuli-01/113 Improvement of Road from (1) L077 Sopai TE to Akabil Road (2) L052 Amtol Bhergaon to Gohaibheti Road (3) Arun Bagan No.4 to Singri Roadunder SOPD-G for the year 2025-26, Barchalla and Dhekiajuli Territorial Road Divis",Works,Open Tender,Item Rate,Civil Works – Roads,No,No,NA ,22-Jul-2025 04:00 PM,30-Jul-2025 11:00 AM ,180.0,No ,No,Online,11-Aug-2025 11:00 AM,Public Works Roads Department,Dhekiajuli,784110.0,2.0,"2,75,42,000",Khaneswar Boro,"27,522,000",Accepted-AOC,16-Jan-2026,Public Works Roads Department
2025_PWBNH_47665_1,SE(B)/DBC/DEOC-TSK/25-26/442-A,"Construction of District Level Emergency Operation Centre DEOC Building in 6 vulnerable districts Kokrajhar, South Salamra, Darrang, Bongaigaon, Tinsukia and Dibrugarh in Tinsukia District.","Construction of District Level Emergency Operation Centre (DEOC) Building in 6 vulnerable districts (Kokrajhar, South-Salamra, Darrang, Bongaigaon, Tinsukia and Dibrugarh) in Tinsukia District.",Works,Open Tender,Item Rate,Civil Works - Building,No,No,NA ,23-Sep-2025 04:35 PM,25-Sep-2025 11:00 AM ,180.0,No ,No,Online,03-Oct-2025 03:00 PM,Public Works Building and NH Department||Chief Engineer-Building - PWBNH,TINSUKIA,786125.0,2.0,"31,34,895",PRABIR MANDAL,"2,821,406",Accepted-AOC,07-Jan-2026,Public Works Building and NH Department||Chief Engineer-Building - PWBNH
2025_PWD_45827_22,CE/MAINT/SOPDG/01/2025-26/02,MAINT/SOPD-G/2025-26/32,"MAINT/SOPD-G/2025-26/32_1_Improvement of GWC Road from Atgharitari Dighaltari road near Maznu Rahman house to Maynal Ali Bepari house at Dighaltari, 2_Improvement of GWC road from NH_17 to Atgharitari Road near Sahar Ali House to Talarpar at Dighalta",Works,Open Tender,Item Rate,Civil Works – Roads,No,No,NA ,23-Jul-2025 12:00 PM,24-Jul-2025 12:00 PM ,180.0,No ,No,Online,14-Aug-2025 11:00 AM,Public Works Roads Department,Dhubri,783301.0,2.0,"1,23,48,000",Dhrubajyoti Dutta,"12,340,000",Accepted-AOC,09-Jan-2026,Public Works Roads Department
2025_PWD_47461_1,CE/MAINT/SOPDG/01/2025-26/22,MAINT/SOPD-G/2025-26/147,MAINT/SOPD-G/2025-26/147_Improvement of Road from _i_ Uttar Ganakgari Kali Mandir to Sorbhog Police Station via LT Sankar Das House_ii_Sorbhog Bherbheri via Gellapara Road _ch 500.00m to 2225.00m_ and_iii_ Barharid to Meda under SOPD-G for the year 2,Works,Open Tender,Item Rate,Civil Works – Roads,No,No,NA ,11-Sep-2025 02:00 PM,04-Oct-2025 02:00 PM ,180.0,No ,No,Online,06-Oct-2025 04:00 PM,Public Works Roads Department,Barpeta,781301.0,2.0,"1,15,23,000",JYOTISH DAS,"11,521,800",Accepted-AOC,20-Jan-2026,Public Works Roads Department
2025_PWD_45827_131,CE/MAINT/SOPDG/01/2025-26/02,MAINT/SOPD-G/2025-26/117,"MAINT/SOPD-G/2025-26/117_1_ Construction RCC Slab Culvert (2.00 m span) alongwith Rcc Load Bearing Drain of NH-15 to Haldhibari Road near Nankara Suburi Shiva Mandir, 2_ Improvement of Uttar Fullung Prajapita Brahmakumari centre approach road, 3_ Co",Works,Open Tender,Item Rate,Civil Works – Roads,No,No,NA ,26-Jul-2025 02:00 PM,26-Jul-2025 02:00 PM ,180.0,No ,No,Online,19-Aug-2025 11:00 AM,Public Works Roads Department,Kamrup Rural,781354.0,2.0,"1,01,67,000",SHERUKHAN,"10,167,000",Rejected-Finance,08-Jan-2026,Public Works Roads Department
2024_PWBNH_35715_1,W-24/2009-10/Pt-I/67 Dated.03-01-2024,"Infrastructure Development of Moran Inspection Bunglow, Moran under Sivasagar District Territorial Building Division under Mahmora LAC in Charaideo District(Extension of one room (Assam Type ) improvement of open yard , R/R of existing IB etc","Infrastructure Development of Moran Inspection Bunglow, Moran under Sivasagar District Territorial Building Division under Mahmora LAC in Charaideo District(Extension of one room (Assam Type ) improvement of open yard , R/R of existing IB etc",Works,Open Tender,Works,Civil Works - Building,No,No,NA ,29-Jan-2024 02:30 PM,29-Jan-2024 04:00 PM ,60.0,No ,No,Online,12-Feb-2024 02:30 PM,Public Works Building and NH Department||Chief Engineer-Building - PWBNH||SE-Jorhat Circle - PWBNH||EE-Sivsagar Building Division - PWBNH,Sivasagar,785640.0,2.0,"29,76,865",TIRTHA BORAH,"3,195,400",Accepted-AOC,17-Jan-2026,Public Works Building and NH Department||Chief Engineer-Building - PWBNH||SE-Jorhat Circle - PWBNH||EE-Sivsagar Building Division - PWBNH
2025_PWBNH_45163_1,Tech-II/30/2025/3 dtd 19th June 2025,"Infrastructure Development of Mayong Anchalik College, (Construction of RCC G Plus 1 Academic Building with future provision for RCC 2nd Floor and Construction of Assam Type Auditorium Building) at Mayong, Morigaon District","Infrastructure Development of Mayong Anchalik College, (Construction of RCC G Plus 1 Academic Building with future provision for RCC 2nd Floor and Construction of Assam Type Auditorium Building) at Mayong, Morigaon District",Works,Open Tender,Item Rate,Civil Works - Building,No,No,NA ,25-Jun-2025 11:00 AM,02-Jul-2025 11:30 AM ,180.0,No ,No,Online,16-Jul-2025 03:30 PM,Public Works Building and NH Department||Chief Engineer-Building - PWBNH,Morigaon,782105.0,2.0,"4,68,42,848",KEA CONSULTANTS PRIVATE LIMITED,"49,556,005",Rejected-AOC,16-Jan-2026,Public Works Building and NH Department||Chief Engineer-Building - PWBNH
2024_SNT_36290_1,GBP/3.20.20/2023-24/5636,"SUPPLY, INSTALLATION AND COMMISSIONING OF LABORATORY EQUIPMENTS","SUPPLY, INSTALLATION AND COMMISSIONING OF LABORATORY EQUIPMENTS AT NIDHI PRAYASSHALA, GUWAHATI BIOTECH PARK",Goods,Open Tender,Item Wise,Laboratory and scientific equipment,No,No,NA ,15-Feb-2024 02:00 PM,NA ,120.0,No ,No,Online,06-Mar-2024 02:30 PM,Department of Science and Technology||Guwahati Biotech Park,Amingaon,781031.0,2.0,,Adroitec Information Systems Pvt Ltd,"2,236,500",Accepted-AOC,13-Jan-2026,Department of Science and Technology||Guwahati Biotech Park
2025_KAAC_46506_1,NoACEH/CS/SSA/03/2025-26/SL28,Construction of 50 bedded hostel separately for boys and girls under Dharti Aaba Janjatiya Gram Utkarsh Abhiyan at Mohondijua High School.,Construction of 50 bedded hostel separately for boys and girls under Dharti Aaba Janjatiya Gram Utkarsh Abhiyan at Mohondijua High School.,Works,Open Tender,Item Rate,Civil Works - Building,No,No,NA ,18-Aug-2025 11:00 AM,20-Aug-2025 12:00 PM ,180.0,No ,No,Online,30-Aug-2025 11:00 AM,Karbi Anglong Autonomous Council||PWD||Addl. Chief Engineer Diphu,Lumbajong,782441.0,2.0,"3,78,75,000",M.H. CONSTRUCTION,"37,866,000",Rejected-AOC,13-Jan-2026,Karbi Anglong Autonomous Council||PWD||Addl. Chief Engineer Diphu
2025_SSA_46791_4,E-686287/353,Kandhulimari Khiramari High Madrasa under Batadrava block in Nagaon district,"Construction of school building for upgradation from secondary to higher secondary (Arts and Science) under Samagra Shiksha, Assam at Kandhulimari Khiramari High Madrasa under Batadrava block in Nagaon district",Works,Open Tender,Item Rate,Civil Works - Building,No,No,NA ,23-Aug-2025 06:55 PM,26-Aug-2025 03:00 PM ,180.0,No ,No,Online,05-Sep-2025 03:00 PM,Axom Sarba Siksha Abhijan Mission,"SSA, Kahilipara, Guwahati",781019.0,2.0,"2,00,00,000",Ramesh Kr. Agarwalla,"18,000,000",Rejected-Technical,10-Jan-2026,Axom Sarba Siksha Abhijan Mission
2024_APGCL_38354_1,GM/NTPS/2024-4,HDPE (High Density Polyethylene) DM water supply pipeline,"Supply, Erection and Commissioning of a new HDPE (High Density Polyethylene) DM water supply pipeline from old DM plant of NTPS to both CS tanks of Unit 6 at Namrup Thermal Power Station (NTPS), APGCL, Namrup.",Works,Open Tender,Tender cum Auction,Pipe Laying Works,No,No,NA ,07-Aug-2024 10:00 AM,NA ,180.0,No ,No,Online,05-Oct-2024 12:00 PM,Assam Power Generation Company Limited,Namrup Thermal Power Station,786622.0,2.0,,SHIVAM ENTERPRISE,"235,028",Rejected-Technical,27-Aug-2025,Assam Power Generation Company Limited
2025_SSA_46791_6,E-686287/353,Naharani High School under Khowang block in Dibrugarh district,"Construction of school building for upgradation from secondary to higher secondary (Arts and Science) under Samagra Shiksha, Assam at Naharani High School under Khowang block in Dibrugarh district",Works,Open Tender,Item Rate,Civil Works - Building,No,No,NA ,23-Aug-2025 06:55 PM,26-Aug-2025 03:00 PM ,180.0,No ,No,Online,05-Sep-2025 03:00 PM,Axom Sarba Siksha Abhijan Mission,"SSA, Kahilipara, Guwahati",781019.0,2.0,"2,00,00,000",M/S AVISA DEVELOPERS AND PROMOTERS,"18,000,000",Rejected-Technical,06-Jan-2026,Axom Sarba Siksha Abhijan Mission
2025_PWD_49386_1,CE/DEV/TB/212/2025-26/03 Dtd- 11.12.2025,"SOPD_G_GAD_2025_26_01 Construction of Drain (Length-850 M)with parking facility at Garamur bazar,Majuli for the year 2025-26 under GAD Deptt.Under Majuli District Territorial Road Division","SOPD_G_GAD_2025_26_01 Construction of Drain (Length-850 M)with parking facility at Garamur bazar,Majuli for the year 2025-26 under GAD Deptt.Under Majuli District Territorial Road Division",Works,Open Tender,Item Rate,Civil Works – Roads,No,No,NA ,15-Dec-2025 06:55 PM,22-Dec-2025 12:00 PM ,180.0,No ,No,Online,29-Dec-2025 02:30 PM,Public Works Roads Department,Majuli,785110.0,2.0,"2,99,98,000",SRI BEDANTA BORAH,"29,997,000",Accepted-AOC,03-Jan-2026,Public Works Roads Department
2025_PWD_48839_1,CE/STBR/SOPD-G/NIT/07/2025 26/46 Dated 21-11-2025,Package No-STBR/SOPD-G/R.K.NAGAR-01 Balance work estimate for repair/rehabilitation of BUG Br.No-8/1 at Ch.7100.00m on Anipur-Dullavcherra-Zamuang road at Dullavcherra under (SOPD-G) for the year 2025-26,Package No-STBR/SOPD-G/R.K.NAGAR-01 Balance work estimate for repair/rehabilitation of BUG Br.No-8/1 at Ch.7100.00m on Anipur-Dullavcherra-Zamuang road at Dullavcherra under (SOPD-G) for the year 2025-26,Works,Open Tender,Item Rate,Civil Works – Roads,No,No,NA ,26-Nov-2025 10:30 AM,29-Nov-2025 11:00 AM ,180.0,No ,No,Online,18-Dec-2025 11:00 AM,Public Works Roads Department,Dullavcherra,788736.0,2.0,"2,82,04,911",Moumita Deb,"28,185,000",Accepted-AOC,19-Jan-2026,Public Works Roads Department
2025_APGCL_45109_1,APGCL/CGM (Gen)/2025-26/Battery Bank -NRPP/10,APGCL/CGM (Gen)/2025-26/Battery Bank -NRPP/10,"Supply, Installation, Testing and Commissioning of one set 125 V, 350 AH Lead Acid, Plante Type Battery Bank for Namrup Replacement Power Plant (NRPP) of NTPS, APGCL, Namrup.",Goods,Open Tender,Supply,Electrical Work/ Equipment,No,No,NA ,24-Jun-2025 10:00 AM,NA ,180.0,No ,No,Online,11-Aug-2025 04:00 PM,Assam Power Generation Company Limited,Namrup Replacement Power Plant,786622.0,2.0,"26,48,049",GREAT EASTERN MARKETING,"2,269,140",Accepted-AOC,13-Jan-2026,Assam Power Generation Company Limited
2025_PWBNH_44380_1,CEB/T/TB-VIII/21/2023/18 Dated Guwahati the 16.05.2025,Land filling on the alloted land for NFSU Campus at Molong,Land filling on the alloted land for NFSU Campus at Molong,Works,Open Tender,Item Rate,Civil Works - Building,No,No,NA ,20-May-2025 12:45 PM,23-May-2025 11:30 AM ,180.0,No ,No,Online,09-Jun-2025 03:00 PM,Public Works Building and NH Department||Chief Engineer-Building - PWBNH,MOLONG,781101.0,2.0,"16,98,97,777",OM CONSTRUCTION,"259,404,537",Rejected-Technical,16-Jan-2026,Public Works Building and NH Department||Chief Engineer-Building - PWBNH
2025_SSA_46773_1,E-686287/353,Namani Missing ME School under Chaiduar block in Biswanath,"Construction of school building for upgradation from upper primary to secondary under Samagra Shiksha, Assam",Works,Open Tender,Item Rate,Civil Works - Building,No,No,NA ,21-Aug-2025 09:00 AM,22-Aug-2025 02:00 PM ,180.0,No ,No,Online,05-Sep-2025 03:00 PM,Axom Sarba Siksha Abhijan Mission,"SSA, Kahilipara, Guwahati",781019.0,2.0,"1,61,60,000",Dhruba Jyoti Saikia,"16,155,964",Rejected-Technical,10-Jan-2026,Axom Sarba Siksha Abhijan Mission
2025_DoWR_48163_1,MAJULI/2025-26/NDMF/I,"Flood mitigation of Tuni river in Majuli by capacity augmentation of wetland storage reservoir at Vokoti, Assam.","Flood mitigation of Tuni river in Majuli by capacity augmentation of wetland storage reservoir at Vokoti, Assam.",Works,Open Tender,Works,Civil Works,No,No,NA ,18-Oct-2025 06:55 PM,NA ,180.0,No ,No,Online,07-Nov-2025 03:00 PM,Department of Water Resources||Chief Engineer - DoWR,MAJULI,785104.0,2.0,"16,35,84,661",M/S STAR CONSTRUCTIONS,"163,535,194.6",Rejected-AOC,29-Jan-2026,Department of Water Resources||Chief Engineer - DoWR
2025_PNRD_46755_1,SIPRD-31/2025(nlb),Provide Catering Service and engage trained manpower for cooking and serving of food management of pantry and other related for Training Programmes Organized by the Extension Training Centre Nalbari under GBSIPRD Assam,Provide Catering Service and engage trained manpower for cooking and serving of food management of pantry and other related for Training Programmes Organized by the Extension Training Centre Nalbari under GBSIPRD Assam,Services,Open Tender,Item Rate,Hotel/ Catering,No,No,NA ,20-Aug-2025 05:00 PM,29-Aug-2025 11:00 AM ,45.0,No ,No,Online,11-Sep-2025 03:30 PM,Principal Secretary- P and RD- Assam Secretariat||Commissioner- P and RD- PNRD||State Institute of Rural Development - SIRD - PNRD,Nalbari,781335.0,2.0,"26,12,750",M/S DAS GROUP,"2,351,475",Rejected-AOC,03-Jan-2026,Principal Secretary- P and RD- Assam Secretariat||Commissioner- P and RD- PNRD||State Institute of Rural Development - SIRD - PNRD
2025_DoWR_48227_1,SONITPUR/2025-26/NDMF/I,"Flood Management by capacity Augmentation of Morabharali, Sonitpur District, Assam, Package 1.","Flood Management by capacity Augmentation of Morabharali, Sonitpur District, Assam, Package 1.",Works,Open Tender,Works,Civil Works,No,No,NA ,25-Oct-2025 06:55 PM,NA ,180.0,No ,No,Online,12-Nov-2025 03:00 PM,Department of Water Resources||Chief Engineer - DoWR,Sonitpur,784001.0,2.0,"21,98,72,860",D KUMAR AND COMPANY,"219,862,098.24",Accepted-AOC,22-Jan-2026,Department of Water Resources||Chief Engineer - DoWR
2025_BTC_48589_1,No.ACE-31/EDN/IFB/2025-26/15,"Construction of 50 bedded hostel separately for boys and girls at Dakshin Bijni High School, Manikpur Part, Chirang. TN_61_6","Construction of 50 bedded hostel separately for boys and girls at Dakshin Bijni High School, Manikpur Part, Chirang. TN_61_6",Works,Open Tender,Item Rate,Civil Works - Building,No,No,NA ,13-Nov-2025 12:00 PM,NA ,180.0,No ,No,Online,05-Dec-2025 02:00 PM,Bodoland Territorial Council-PWD||Director Cum CHD - PWD BTC,Chirang,783390.0,2.0,"3,82,67,142",M/S J.K ENTERPRISE,"38,262,891.46",Not Admitted-Fee/PreQual/Technical,04-Jan-2026,Bodoland Territorial Council-PWD||Director Cum CHD - PWD BTC
2025_PWD_45381_1,CE/DEV/TB/42/2025-26/2 Dtd- 23.06.2025,SOPD_G_25_26_17 Improvement of Salchapra Railway yard approach road from Salchapra on NH-37 to Rail Crossing (Ch.0.00 M to Ch.200.00 M) under SOPD-G for the year 2025-2026.,SOPD_G_25_26_17 Improvement of Salchapra Railway yard approach road from Salchapra on NH-37 to Rail Crossing (Ch.0.00 M to Ch.200.00 M) under SOPD-G for the year 2025-2026.,Works,Open Tender,Item Rate,Civil Works – Roads,No,No,NA ,04-Jul-2025 06:50 PM,04-Jul-2025 06:55 PM ,180.0,No ,No,Online,15-Jul-2025 02:00 PM,Public Works Roads Department,Cachar,788001.0,2.0,"34,06,000",Pragati Enterprise,"3,406,000",Rejected-Finance,09-Jan-2026,Public Works Roads Department
2025_ID_47941_4,2 (SOPD-G) 2025-26 Date_09.10.2025,Repairing and Restoration of Gate No.2 Of Dhansiri Barrage Including Maintenance and Protection of Head Work and Main Canal under SOPD-G for the Year 2025-26 under Dhansiri Project Division (Irrigation) Bhairabkunda Pkg_4,Repairing and Restoration of Gate No.2 Of Dhansiri Barrage Including Maintenance and Protection of Head Work and Main Canal under SOPD-G for the Year 2025-26 under Dhansiri Project Division (Irrigation) Bhairabkunda Pkg_4 Pkg_4,Works,Open Tender,Item Rate,Civil Works,No,No,NA ,10-Oct-2025 06:00 PM,16-Oct-2025 02:00 PM ,180.0,No ,No,Online,03-Nov-2025 10:00 AM,Irrigation Department||Chief Engineer(Major)-Irrigation Dept,Udalguri,784509.0,2.0,"2,47,56,243",ASHOK KUMAR BAJAJ,"24,756,243",Accepted-AOC,06-Jan-2026,Irrigation Department||Chief Engineer(Major)-Irrigation Dept
2025_PWRDW_46041_5,CE/EAP/ARRBP01Tenders2024/71B,Construction of Bridge in KarbiAnglong district,Construction of Bridge in KarbiAnglong district i) Br. on Rongtake Road Package No CE/EAP/ARRBP/OCB/Bridge-1/KarbiAnglong /17A,Works,Open Tender,Item Rate,Civil Works - Bridges,No,No,NA ,30-Jul-2025 04:00 PM,05-Aug-2025 04:00 PM ,180.0,No ,No,Online,19-Aug-2025 02:30 PM,Public Works Roads Department-Externally Aided Project||Public Works Road Department- World Bank Funded Tenders||Assam State Bridge Infrastructure Program,KarbiAnglong,782460.0,2.0,"2,39,14,000",RANJIT BORGOHAIN,"25,100,000",Rejected-Technical,22-Jan-2026,Public Works Roads Department-Externally Aided Project||Public Works Road Department- World Bank Funded Tenders||Assam State Bridge Infrastructure Program
2025_PWD_46604_15,CE/STBR/SOPD-G/NIT/07/2025 26/8 Dated 29-07-2025,STBR/SOPD-G/Jagiroad-02/46 1. Improvement of road from Baghara to NH- 37 at Dharamtul Road and 2. Improvement of road from NH-37 to Borbori Road under SOPD-G in Morigaon District for the year 2025-26,STBR/SOPD-G/Jagiroad-02/46 1. Improvement of road from Baghara to NH- 37 at Dharamtul Road and 2. Improvement of road from NH-37 to Borbori Road under SOPD-G in Morigaon District for the year 2025-26,Works,Open Tender,Item Rate,Civil Works – Roads,No,No,NA ,18-Aug-2025 02:00 PM,20-Aug-2025 11:00 AM ,180.0,No ,No,Online,02-Sep-2025 11:00 AM,Public Works Roads Department,Morigaon,782105.0,2.0,"78,43,000",Sri Bitul Bordoloi,"7,842,000",Rejected-AOC,31-Jan-2026,Public Works Roads Department
2025_WREAP_44887_1,568378/1306B,"Conducting River Surveys (Bathymetry, Flow, Sediment measurement) Lot 2 Morigaon and Guwahati West","Conducting River Surveys (Bathymetry, Flow, Sediment measurement) Lot 2 Morigaon and Guwahati West",Services,Limited,Lump-sum,Miscellaneous Services,No,No,NA ,20-Jun-2025 09:00 AM,23-Jun-2025 01:00 PM ,90.0,No ,No,Not Applicable,04-Jul-2025 04:00 PM,Department of Water Resources-Externally Aided Project||Flood and River Erosion Management Agency of Assam||WRD- ADB Funded Tenders,Assam,781029.0,1.0,,Kishur Konwar,"49,789,950",Rejected-Technical,08-Sep-2025,Department of Water Resources-Externally Aided Project||Flood and River Erosion Management Agency of Assam||WRD- ADB Funded Tenders
2024_PWBNH_38675_1,SE/BII_Remodeling_GAD Bldg_Panbazar,Remodeling of GAD Building at Panbazar to accommodate Assam Board of Revenue office and Assam Administrative Tribunal office_Fy 2024-25,Remodeling of GAD Building at Panbazar to accommodate Assam Board of Revenue office and Assam Administrative Tribunal office,Works,Open Tender,Item Wise,Civil Works - Building,No,No,NA ,30-Aug-2024 04:00 PM,31-Aug-2024 12:00 PM ,180.0,No ,No,Online,25-Sep-2024 02:30 PM,Public Works Building and NH Department||Chief Engineer-Building - PWBNH||SE-Guwahati Circle-2 - PWBNH,Panbazar Guwahati,781001.0,2.0,"1,07,67,095",GOURAV KUMAR ROY,"10,765,000",Rejected-AOC,21-Jan-2026,Public Works Building and NH Department||Chief Engineer-Building - PWBNH||SE-Guwahati Circle-2 - PWBNH
2023_DHTS_34935_1,394129/38-56,Supply of Cotton hank yarn,Supply of Cotton hank yarn,Goods,Open Tender,Item Rate,Miscellaneous Goods,No,No,NA ,26-Dec-2023 02:00 PM,30-Dec-2023 01:00 PM ,180.0,No ,No,Online,15-Jan-2024 01:00 PM,Department of Handloom Textile and Sericulture||Directorate of Handloom and Textiles-DHTS,Guwahati,781001.0,2.0,"22,50,000",SAPTARSHI INDUSTRIES,"2,248,526",Rejected-Finance,03-Sep-2024,Department of Handloom Textile and Sericulture||Directorate of Handloom and Textiles-DHTS
2025_PWBNH_45218_1,CEB/CS/TB-VIII/02/2025/03 Dated 22.05.2025,"Proposed Phase-2 Development Of Lachit Borphukan Police Academy At Dergaon, Assam on Engineering, Procurement and Construction (EPC) Mode-1 (Part A)","Proposed Phase-2 Development Of Lachit Borphukan Police Academy At Dergaon, Assam on Engineering, Procurement and Construction (EPC) Mode-1 (Part A)",Works,Open Tender,Item Rate,Civil Works - Building,No,No,NA ,27-Jun-2025 12:00 PM,30-Jun-2025 11:00 AM ,180.0,No ,No,Online,14-Jul-2025 03:00 PM,Public Works Building and NH Department||Chief Engineer-Building - PWBNH,Dergaon,785703.0,2.0,"1,63,57,18,862",HIGH-TECH ECOGREEN CONTRACTORS LLP,"2,059,328,535",Accepted-AOC,03-Jan-2026,Public Works Building and NH Department||Chief Engineer-Building - PWBNH
2025_PWD_45827_20,CE/MAINT/SOPDG/01/2025-26/02,MAINT/SOPD-G/2025-26/30,"MAINT/SOPD-G/2025-26/30_1_Improvement of GWC road from Taiband Mathauri Road to Pesterchar Charaikhola L.P. School at village Charaikhola, 2_Improvement of GWC road from Protapganj Road to Mohasin Ali House at Bisondoi, 3_Improvement of GWC road from",Works,Open Tender,Item Rate,Civil Works – Roads,No,No,NA ,23-Jul-2025 12:00 PM,24-Jul-2025 12:00 PM ,180.0,No ,No,Online,14-Aug-2025 11:00 AM,Public Works Roads Department,Dhubri,783301.0,2.0,"1,48,96,000",LWITHW NARZARY,"14,895,000",Rejected-Finance,09-Jan-2026,Public Works Roads Department
2025_WPTBC_48541_1,PTDC/Engg/02/2019,"Construction of Girls Hostel at Kashikotra HS School, Chirang under provision to Article 275(I) of Constitution, During the year 2019-20 (Balance work)","Construction of Girls Hostel at Kashikotra HS School, Chirang under provision to Article 275(I) of Constitution, During the year 2019-20 (Balance work)",Works,Open Tender,Item Rate,Civil Works,No,No,NA ,12-Nov-2025 03:30 PM,17-Nov-2025 11:00 AM ,180.0,No ,No,Online,25-Nov-2025 03:00 PM,Welfare of Plain Tribes and Backward Classes||Director - WPT and BC||Assam Plains Tribes Development Corporation Ltd.,"Kashikotra HS School, Chirang",783373.0,2.0,"43,72,470",ARJUN NARZARY,"3,935,223",Accepted-AOC,08-Jan-2026,Welfare of Plain Tribes and Backward Classes||Director - WPT and BC||Assam Plains Tribes Development Corporation Ltd.
2025_PWD_45820_14,CE/STBR/SOPD-G/NIT/07/2025 26/1 Dated 26-06-2025,STBR/SOPD-G/Sribhumi -07/127 (i)Reconstruction of Fakirabazar Nilambazar Road under SOPD-G for the year 2025-26 (ii)Reconstruction of FN Road to Gandhai Bazar via Dasgram Nilambazar Station Approach Road under SOPD-G for the year 2025-26 (Karimganj,STBR/SOPD-G/Sribhumi -07/127 (i)Reconstruction of Fakirabazar Nilambazar Road under SOPD-G for the year 2025-26 (ii)Reconstruction of FN Road to Gandhai Bazar via Dasgram Nilambazar Station Approach Road under SOPD-G for the year 2025-26 (Karimganj,Works,Open Tender,Item Rate,Civil Works – Roads,No,No,NA ,22-Jul-2025 12:30 PM,30-Jul-2025 11:00 AM ,180.0,No ,No,Online,11-Aug-2025 11:00 AM,Public Works Roads Department,Sribhumi,788701.0,2.0,"2,55,94,000",MOHAMMED ABDUN NOOR,"25,593,571",Rejected-AOC,07-Jan-2026,Public Works Roads Department
2025_WREAP_44201_1,555336/123,Conducting Side scan sonar surveys (Quality control for underwater works of geobags) for the four sub projects in selected reaches of the river Brahmaputra,Conducting Side scan sonar surveys (Quality control for underwater works of geobags) for the four sub projects in selected reaches of the river Brahmaputra,Services,Limited,Lump-sum,Miscellaneous Services,No,No,NA ,01-May-2025 09:00 AM,05-May-2025 03:00 PM ,90.0,No ,No,Not Applicable,23-May-2025 04:00 PM,Department of Water Resources-Externally Aided Project||Flood and River Erosion Management Agency of Assam||WRD- ADB Funded Tenders,Assam,781029.0,1.0,,Kishur Konwar,"2,790,700",Rejected-Technical,16-Jan-2026,Department of Water Resources-Externally Aided Project||Flood and River Erosion Management Agency of Assam||WRD- ADB Funded Tenders
2025_ID_48890_1,SUID/TB/52/2025-26/01 Dated 27/11/2025,Installation of Solar Powered 5No STW Scheme under SOPD-G for the year 2025-26 at Silchar LAC,Installation of Solar Powered 5No STW Scheme under SOPD-G for the year 2025-26 at Silchar LAC.,Works,Open Tender,Item Rate,Composite Works,No,No,NA ,27-Nov-2025 03:30 PM,NA ,180.0,No ,No,Online,19-Dec-2025 01:00 PM,Irrigation Department||Chief Engineer(Minor Irrigation)-Irrigation Dept||Cachar-karimganj Circle||Silchar Udharbind Division,silchar,788006.0,2.0,"36,06,205",K. K. ENTERPRISE,"3,245,584.5",Rejected-AOC,17-Jan-2026,Irrigation Department||Chief Engineer(Minor Irrigation)-Irrigation Dept||Cachar-karimganj Circle||Silchar Udharbind Division
2025_PWD_47461_2,CE/MAINT/SOPDG/01/2025-26/22,MAINT/SOPD-G/2025-26/148,MAINT/SOPD-G/2025-26/148_Construction of Road from_i_ Kumuria Dompara Village Road_ii_ Sumarkhat Village Road from Amarendra Nath House to Manoj Nath House_iii_NH-31 to Sorbhog Town Road near Annada Prasad Das House_iv_Gaibandha Zatan Market to Uttar,Works,Open Tender,Item Rate,Civil Works – Roads,No,No,NA ,11-Sep-2025 02:00 PM,04-Oct-2025 02:00 PM ,180.0,No ,No,Online,06-Oct-2025 04:00 PM,Public Works Roads Department,Barpeta,781301.0,2.0,"1,72,62,000",JINTU DAS,"17,261,700",Rejected-Finance,20-Jan-2026,Public Works Roads Department
2026_APDCL_50040_1,E TENDER NIT_1001_07.01.2026,"Construction of new 11KV Bay at 33/11 Sarthebari S/S for power supply to Sarukhetri 100 Bedded District Hospital in favour of the Asstt. Executive Engineer, PWD, under Deposit Work Scheme under Sarthebari ESD under Barpeta Electrical Circle.","Construction of new 11KV Bay at 33/11 Sarthebari S/S for power supply to Sarukhetri 100 Bedded District Hospital in favour of the Asstt. Executive Engineer, PWD, under Deposit Work Scheme under Sarthebari ESD under Barpeta Electrical Circle.",Services,Open Tender,Turn-key,Supply/Erection/Commissioning Services,No,No,NA ,08-Jan-2026 10:00 AM,12-Jan-2026 09:00 AM ,120.0,No ,No,Online,21-Jan-2026 11:00 AM,Assam Power Distribution Company Ltd||CGM(D) Lower Assam Region - APDCL||GM(Bongaigaon Zone) - APDCL,SARTHEBARI,783380.0,2.0,,M/s Shyama Construction,"2,313,067.28",Rejected-Finance,22-Jan-2026,Assam Power Distribution Company Ltd||CGM(D) Lower Assam Region - APDCL||GM(Bongaigaon Zone) - APDCL
2025_PWD_47084_14,CE/DEV/TB/60/2025-26/19 Dtd- 20.08.2025,MMPPNA_RIDF_XXXI_25_26_497 Construction of Afarakhat Chariali to Gharuwadhuwa Dubi under Mukhya Mantrir Paki Path Nirman Achani (MMPPNA) under RIDF- XXXI of NABARD for the year 2025-26.,MMPPNA_RIDF_XXXI_25_26_497 Construction of Afarakhat Chariali to Gharuwadhuwa Dubi under Mukhya Mantrir Paki Path Nirman Achani (MMPPNA) under RIDF- XXXI of NABARD for the year 2025-26.,Works,Open Tender,Item Rate,Civil Works – Roads,No,No,NA ,30-Aug-2025 09:00 AM,04-Sep-2025 12:00 PM ,180.0,No ,No,Online,19-Sep-2025 02:30 PM,Public Works Roads Department,Gohpur,784168.0,2.0,"2,18,39,000",Dhruba Jyoti Saikia,"21,837,000",Accepted-AOC,28-Jan-2026,Public Works Roads Department
2025_PWD_45827_126,CE/MAINT/SOPDG/01/2025-26/02,MAINT/SOPD-G/2025-26/107,"MAINT/SOPD-G/2025-26/107_Improvement of (GWC) Road from 1_ Patrapur Arjuntal Namghar to Garakhiya Than road, 2_ Improvement of (GWC) Road from Kendua Siva Mandir to Bura Atta Than, 3_ Improvement of (GWC) Road from Pingleswar Chowk to Patrapur Road",Works,Open Tender,Item Rate,Civil Works – Roads,No,No,NA ,26-Jul-2025 12:00 PM,26-Jul-2025 02:00 PM ,180.0,No ,No,Online,19-Aug-2025 11:00 AM,Public Works Roads Department,Kamrup Rural,781354.0,2.0,"1,45,99,000",UNISHAR RAHMAN,"14,599,000",Rejected-Finance,03-Jan-2026,Public Works Roads Department
2025_PWD_45827_132,CE/MAINT/SOPDG/01/2025-26/02,MAINT/SOPD-G/2025-26/118,"MAINT/SOPD-G/2025-26/118_Construction of road from Changsari College Nagar Road and its Byelane including RCC Load bearing drain, Shiva mandir internal approach road under SOPD-G for the year 2025-26, Kamalpur LAC, North Kamrup TRD.",Works,Open Tender,Item Rate,Civil Works – Roads,No,No,NA ,26-Jul-2025 03:00 PM,26-Jul-2025 03:00 PM ,180.0,No ,No,Online,19-Aug-2025 11:00 AM,Public Works Roads Department,Kamrup Rural,781354.0,2.0,"3,09,19,000",SHERUKHAN,"30,919,000",Rejected-Finance,08-Jan-2026,Public Works Roads Department
2025_ID_48277_1,3 (SOPD-G) 2025-26 Date_28 .10.2025,"Improvement and Modernization of Bordikorai Irrigation Scheme under SOPD-G for the year 2025-26 under Naduar Division (Irrigation),Sootea, Sonitpur","Improvement and Modernization of Bordikorai Irrigation Scheme under SOPD-G for the year 2025-26 under Naduar Division (Irrigation),Sootea, Sonitpur",Works,Open Tender,Item Rate,Civil Works,No,No,NA ,29-Oct-2025 06:00 PM,04-Nov-2025 02:00 PM ,180.0,No ,No,Online,21-Nov-2025 10:00 AM,Irrigation Department||Chief Engineer(Major)-Irrigation Dept,Sonitpur,782120.0,2.0,"2,47,54,049",MADHURJYA BORAH,"24,754,049",Accepted-AOC,06-Jan-2026,Irrigation Department||Chief Engineer(Major)-Irrigation Dept
2025_PWD_44144_1,CS/JTRD/SOPD-G/4/2025-26,Restoration of damaged road surface from caused due to underground water supply pipe laying under Guwahati Water Supply Project along roads executed by L and T Construction under Jalukbari Territorial Road Division under SOPD G for the year 2025 26,Restoration of damaged road surface from caused due to underground water supply pipe laying under Guwahati Water Supply Project along roads executed by L and T Construction under Jalukbari Territorial Road Division under SOPD G for the year 2025 26,Works,Open Tender,Item Rate,Civil Works – Roads,No,No,NA ,29-Apr-2025 02:00 PM,NA ,180.0,No ,No,Online,14-May-2025 04:00 PM,Public Works Roads Department,various location,781011.0,2.0,"2,28,70,176",M/S JMK CONSTRUCTION & SUPPLIER,"22,869,935.08",Accepted-AOC,19-Jan-2026,Public Works Roads Department
2025_GMDA_49623_1,GMDA/DEV/46/2025/Pt-I/116,"Rejuvenation and Bioremediation of Silsako Beel, Guwahati, Assam under PMKSY HKKP RRR Excavation of Silsako Beel Part 10 B","Rejuvenation and Bioremediation of Silsako Beel, Guwahati, Assam under PMKSY HKKP RRR Excavation of Silsako Beel Part 10 B",Works,Open Tender,Item Rate,Civil Works,No,No,NA ,24-Dec-2025 03:30 PM,02-Jan-2026 11:00 AM ,180.0,No ,No,Online,16-Jan-2026 03:00 PM,Guwahati Metropolitan Development Authority||Guwahati Development Department - GMDA,Guwahati,781005.0,2.0,"23,80,31,000",Bhaba Kanta Nath,"238,007,199.61",Accepted-AOC,29-Jan-2026,Guwahati Metropolitan Development Authority||Guwahati Development Department - GMDA
2025_PCCF_47513_1,KJ(T)/CAMPA/E-Tender/2025/03,Construction of Ground Floor with provision for three storied RCC Building (Forest Guard Qtr.),Construction of Ground Floor with provision for three storied RCC Building (Forest Guard Qtr.) at Balipipla Beat under Lowairpoa Range,Works,Open Tender,Works,Civil Works,No,No,NA ,16-Sep-2025 05:40 PM,16-Sep-2025 05:40 PM ,90.0,No ,No,Online,25-Sep-2025 04:00 PM,Pr. Chief Conservator of Forest and Head of Forest Force||Chief Conservator of Forestes (T) (Lower Assam Zone)||Southern Assam Circle||Karimganj Forest (T) Division,Balipipla Beat under Lowairpoa Range,788728.0,2.0,"35,16,411",M/S BHOWMIK ENTERPRISE,"3,164,769",Rejected-Finance,09-Jan-2026,Pr. Chief Conservator of Forest and Head of Forest Force||Chief Conservator of Forestes (T) (Lower Assam Zone)||Southern Assam Circle||Karimganj Forest (T) Division
2025_PWBNH_44074_20,"CE/TB-VI/RIDF-XXX/1/2024/15 Dated Guwahati the 17th March, 2025","Construction of 126 Secondary Schools in 35 Districts of Assam under RIDF-XXX (2024-25) for (i) Kuwarigaon Higher Secondary School, Joypur under Naharkatia, Duliajan TBD (Gr-81)","Construction of 126 Secondary Schools in 35 Districts of Assam under RIDF-XXX (2024-25) for (i) Kuwarigaon Higher Secondary School, Joypur under Naharkatia, Duliajan TBD (Gr-81)",Works,Open Tender,Item Rate,Civil Works - Building,No,No,NA ,12-Apr-2025 09:00 AM,21-Apr-2025 11:30 AM ,180.0,No ,No,Online,14-May-2025 03:00 PM,Public Works Building and NH Department||Chief Engineer-Building - PWBNH,NAHARKATIA,786610.0,2.0,"7,21,85,000",OM CONSTRUCTIONS SHAMBHAVI PRIVATE LIMITED,"74,350,562",Rejected-AOC,12-Jan-2026,Public Works Building and NH Department||Chief Engineer-Building - PWBNH
2025_UDD_48423_1,DM/PWD/15th F.C.(Tied)/2025-26/717,Construction of RCC drain with slab cover for waste water and culvert at College Road in front of BN College phase 1 at Ward No 15,Construction of RCC drain with slab cover for waste water and culvert at College Road in front of BN College phase 1 at Ward No 15,Works,Open Tender,Item Rate,Civil Works,No,No,NA ,04-Nov-2025 06:00 PM,21-Nov-2025 12:00 PM ,90.0,No ,No,Online,27-Nov-2025 02:00 PM,Urban Development Department||Directorate of Municipality Administration - UDD||Dhubri Municipal Board,WARD NO 15 DHUBRI TOWN,783301.0,2.0,"20,81,281",JAYA DUTTA,"1,873,153",Rejected-AOC,29-Jan-2026,Urban Development Department||Directorate of Municipality Administration - UDD||Dhubri Municipal Board
2025_ID_48522_1,LDI/TB/53/2025-26/568 DATED 11/11/2025,Installation of 5(Five) Points Shallow Tube Well (STW) Scheme in Lakhipur LAC Under SOPD - G for the year 2024-2025.,Installation of 5(Five) Points Shallow Tube Well (STW) Scheme in Lakhipur LAC Under SOPD - G for the year 2024-2025.,Works,Open Tender,Item Rate,Composite Works,No,No,NA ,11-Nov-2025 03:00 PM,NA ,180.0,No ,No,Online,03-Dec-2025 12:00 PM,Irrigation Department||Chief Engineer(Minor Irrigation)-Irrigation Dept||Cachar-karimganj Circle||Lakhipur Division,lakhipur,788103.0,2.0,"36,06,205",HIND CONSTRUCTION,"3,245,584.5",Accepted-AOC,12-Jan-2026,Irrigation Department||Chief Engineer(Minor Irrigation)-Irrigation Dept||Cachar-karimganj Circle||Lakhipur Division
2025_FD_48960_1,AFG. 47(SOPD/Pt-I/2025-26/930,Procurement of Inputs and Material for fish production for the scheme Development Approach in Fisheries and Aquaculture through Cluster based initiatives under SOPD for the FY 2025-26,Supply of Formulated Pelleted Fish Feed min 26-28 percent CP Group B Supply of Fish Seed more than 5 inch,Goods,Open Tender,Supply,Miscellaneous Goods,No,No,NA ,01-Dec-2025 10:00 AM,NA ,180.0,No ,No,Online,22-Dec-2025 01:00 PM,Department of Fisheries||Directorate of Fisheries Assam||DDF UAZ Joysagar||DFDO Golaghat,Golaghat,785621.0,2.0,"28,00,000",Mogit Farocky,"2,438,960",Rejected-Finance,22-Jan-2026,Department of Fisheries||Directorate of Fisheries Assam||DDF UAZ Joysagar||DFDO Golaghat
2025_PWD_48242_1,KSTRD/SOPD(G)/63/2024-25/1894,Reconstruction of damaged railing and approaches of 12 nos of RCC Bridges over river Kollong under SOPD-G for the year 2025-26,Reconstruction of damaged railing and approaches of 12 nos of RCC Bridges over river Kollong under SOPD-G for the year 2025-26,Works,Open Tender,Item Rate,Civil Works – Roads,No,No,NA ,27-Oct-2025 10:00 AM,NA ,180.0,No ,No,Online,17-Nov-2025 03:00 PM,Public Works Roads Department,Kaliabor,782137.0,2.0,"28,84,000",Samir Bhuyan,"2,883,136",Accepted-AOC,30-Jan-2026,Public Works Roads Department
2025_UDD_47493_1,DMB/15th FC/1st Inst. Tied/2023-24/501,"Construction of Pile foundation for MSW Processing Plant Shed, Tipping Floor Shed and Windrow Pad Shed at Daobhangi under Rupsi Dev in respect of Dhubri Municipal Board under 1st Inst of 15th FC Tied Grant for the year 2022-23 during the FY 2023-24","Construction of Pile foundation for MSW Processing Plant Shed, Tipping Floor Shed and Windrow Pad Shed at Daobhangi under Rupsi Dev in respect of Dhubri Municipal Board under 1st Inst of 15th FC Tied Grant for the year 2022-23 during the FY 2023-24",Works,Open Tender,Item Rate,Civil Works,No,No,NA ,12-Sep-2025 05:00 PM,23-Sep-2025 12:00 PM ,60.0,No ,No,Online,08-Oct-2025 02:00 PM,Urban Development Department||Directorate of Municipality Administration - UDD||Dhubri Municipal Board,DAOB HANGI UNDER RUPSI DEV. BLOCK,783331.0,2.0,"26,50,745",NIRMALYA MITRA,"2,650,745",Rejected-AOC,16-Jan-2026,Urban Development Department||Directorate of Municipality Administration - UDD||Dhubri Municipal Board
2025_KAAC_46355_1,ACEH/CS/SSA/03/2025-26/NSL32,Construction of 50 bedded hostel separately for boys and girls at Koilamati Arlong Rupat High School under the scheme Dharti Aaba Janjatiya Gram Utkarsh Abhiyan,Construction of 50 bedded hostel separately for boys and girls at Koilamati Arlong Rupat High School under the scheme Dharti Aaba Janjatiya Gram Utkarsh Abhiyan,Works,Open Tender,Item Rate,Civil Works - Building,No,No,NA ,18-Aug-2025 11:00 AM,20-Aug-2025 12:00 PM ,180.0,No ,No,Online,30-Aug-2025 11:00 AM,Karbi Anglong Autonomous Council||PWD||Addl. Chief Engineer Diphu,Nilip,782470.0,2.0,"3,78,75,000",Highland Engineering,"37,064,714.44",Accepted-AOC,02-Jan-2026,Karbi Anglong Autonomous Council||PWD||Addl. Chief Engineer Diphu
2025_BoTC_45631_1,DOE/BTC/SSA/DAJGUA/Hostel/01,Construction of 50 bedded hostel separately for boys and girls under the scheme Dharti Aaba Janjatiya Gram Utkarsh Abhiyan at DANDA SAHARIAH H.S.SCHOOL in Udalguri District.,Construction of 50 bedded hostel separately for boys and girls under the scheme Dharti Aaba Janjatiya Gram Utkarsh Abhiyan at DANDA SAHARIAH H.S.SCHOOL in Udalguri District.,Works,Open Tender,Works,Civil Works,No,No,NA ,16-Jul-2025 09:00 AM,NA ,180.0,No ,No,Online,12-Aug-2025 03:00 PM,Bodoland Territorial Council||Education-BTC,BTR,784521.0,2.0,"3,59,88,860",BRINDABAN DAIMARY,"35,988,820",Accepted-AOC,02-Jan-2026,Bodoland Territorial Council||Education-BTC
2025_PWBNH_48516_1,SE/BII/M.V School/Gandhinagar,"Development of Gandhi Nagar M.V School ( Formerly Natun Sarania Lower Primary School), Natun Sarania, Gandhibasti (Phase-III) under Untied Fund ( State Specific Fund) for the year 2024-2025","Development of Gandhi Nagar M.V School ( Formerly Natun Sarania Lower Primary School), Natun Sarania, Gandhibasti (Phase-III) under Untied Fund ( State Specific Fund) for the year 2024-2025",Works,Open Tender,Item Wise,Civil Works - Building,No,No,NA ,12-Nov-2025 12:00 PM,15-Nov-2025 12:00 PM ,180.0,No ,No,Online,05-Dec-2025 11:30 AM,Public Works Building and NH Department||Chief Engineer-Building - PWBNH||SE-Guwahati Circle-2 - PWBNH,"Natun Sarania, Gandhibasti",781003.0,2.0,"98,99,954",ANIL DAS CONSTRUCTION PVT LTD,"9,899,853",Accepted-AOC,24-Dec-2025,Public Works Building and NH Department||Chief Engineer-Building - PWBNH||SE-Guwahati Circle-2 - PWBNH
2025_SSA_46791_7,E-686287/353,Didarkush SS High School under Sonai block in Cachar district,"Construction of school building for upgradation from secondary to higher secondary (Arts and Science) under Samagra Shiksha, Assam at Didarkush SS High School under Sonai block in Cachar district",Works,Open Tender,Item Rate,Civil Works - Building,No,No,NA ,23-Aug-2025 06:55 PM,26-Aug-2025 03:00 PM ,180.0,No ,No,Online,05-Sep-2025 03:00 PM,Axom Sarba Siksha Abhijan Mission,"SSA, Kahilipara, Guwahati",781019.0,2.0,"2,00,00,000",Sr Pradip Kumar Das,"18,000,000",Rejected-Technical,22-Jan-2026,Axom Sarba Siksha Abhijan Mission
2025_PWBNH_48477_1,SE(B)/DBC/ISNC-TSK/25-26/539,Construction of Indoor Stadium at New Colony Ph-I,Construction of Indoor Stadium at New Colony Ph-I,Works,Open Tender,Item Rate,Civil Works - Building,No,No,NA ,07-Nov-2025 03:55 PM,17-Nov-2025 11:00 AM ,180.0,No ,No,Online,28-Nov-2025 03:00 PM,Public Works Building and NH Department||Chief Engineer-Building - PWBNH,TINSUKIA,786125.0,2.0,"26,60,531",Sagar Jyoti Bhuyan,"2,660,531",Not Admitted-Fee/PreQual/Technical,07-Jan-2026,Public Works Building and NH Department||Chief Engineer-Building - PWBNH
2025_PWD_47172_1,CE/STBR/SOPD G/NIT/07/2025-26/16 Dated 18-08-2025,"STBR/SOPD-G/Howraghat-01/01 Construction of Road from 1. Thaijuguri gaon to Sani Mandir Road (L 0.80 km) under Mukhya Mantrir Pakipath Nirman Achani (MMPPNA) under SOPD-G for the Year 2025-26, 2. Construction of Road from Beltola road Bridge to Be","STBR/SOPD-G/Howraghat-01/01 Construction of Road from 1. Thaijuguri gaon to Sani Mandir Road (L 0.80 km) under Mukhya Mantrir Pakipath Nirman Achani (MMPPNA) under SOPD-G for the Year 2025-26, 2. Construction of Road from Beltola road Bridge to Be",Works,Open Tender,Item Rate,Civil Works – Roads,No,No,NA ,02-Sep-2025 09:00 AM,08-Sep-2025 11:00 AM ,180.0,No ,No,Online,19-Sep-2025 11:00 AM,Public Works Roads Department,Howraghat,782481.0,2.0,"1,41,16,000",DHARAM PRAKASH SHAH,"14,101,716",Rejected-AOC,31-Jan-2026,Public Works Roads Department
2025_PHED_47966_1,SEPH/TEZ/TC-196/2025-26/ 993-99 Dated 09/10/2025,"Utility Shifting of Panchmile Pipe Water Supply Scheme under SOPD for the year 2025-26 under Tezpur Division No-I, Tezpur, Sonitpur","Utility Shifting of Panchmile Pipe Water Supply Scheme under SOPD for the year 2025-26 under Tezpur Division No-I, Tezpur, Sonitpur",Works,Open Tender,Item Rate,Civil Works - Water Works,No,No,NA ,11-Oct-2025 10:00 AM,17-Oct-2025 11:00 AM ,90.0,No ,No,Online,31-Oct-2025 02:00 PM,Public Health Engineering Department||Chief Engineer PHE(P)-Assam-PHED||North Assam Zone-Tezpur-PHED||Tezpur Circle-Tezpur-PHED,"Panchmile, Sonitpur",784025.0,2.0,"23,16,999",Mehbuba Sultana,"2,287,913",Rejected-Finance,23-Dec-2025,Public Health Engineering Department||Chief Engineer PHE(P)-Assam-PHED||North Assam Zone-Tezpur-PHED||Tezpur Circle-Tezpur-PHED
2025_PCCF_47327_1,NIT No. 013,Construction of Anti-Poaching Camp at Pobitora Wildlife Sanctuary,Construction of Anti-Poaching Camp at Pobitora Wildlife Sanctuary,Works,Open Tender,Works,Civil Works - Building,No,No,NA ,06-Sep-2025 09:00 AM,09-Sep-2025 11:30 AM ,180.0,No ,No,Online,26-Sep-2025 11:30 AM,Pr. Chief Conservator of Forest and Head of Forest Force||Principal Chief Conservator of Forests(Wildlife and Ch. Wildlife Warden)||Guwahati Wildlife Division,Pobitora Wildlife Sanctuary,781029.0,2.0,"36,86,000",Sri Krishna Barman,"3,501,700",Rejected-Technical,16-Jan-2026,Pr. Chief Conservator of Forest and Head of Forest Force||Principal Chief Conservator of Forests(Wildlife and Ch. Wildlife Warden)||Guwahati Wildlife Division
2025_PWD_45408_63,CE/DEV/TB/60/2025-26/01 Dtd- 21.06.2025,MMPPNA_RIDF_XXXI_25_26_104 Construction of Road from (1) Hatinga to Itakhola Choibari Connecting Road (L-3200.00 M) (2) Ojarachuk to Gereluachuk and Koch Gaon Connected Road (L-2000.00 M) under Mukhya Mantrir Paki Path Nirman Achani (MMPPNA) under RI,MMPPNA_RIDF_XXXI_25_26_104 Construction of Road from (1) Hatinga to Itakhola Choibari Connecting Road (L-3200.00 M) (2) Ojarachuk to Gereluachuk and Koch Gaon Connected Road (L-2000.00 M) under Mukhya Mantrir Paki Path Nirman Achani (MMPPNA) under RI,Works,Open Tender,Item Rate,Civil Works – Roads,No,No,NA ,10-Jul-2025 02:00 PM,17-Jul-2025 12:00 PM ,180.0,No ,No,Online,28-Jul-2025 02:30 PM,Public Works Roads Department,Naduar,784175.0,2.0,"4,31,59,000",NEERAJ ENTERPRISE,"43,156,000",Rejected-Finance,09-Jan-2026,Public Works Roads Department
2025_PWD_45818_14,CE/Commn/16/2025-26/04,Majuli/SOPD/05,Construction of 1)Bhekulimari to NLK Road and Bhekulimari Connecting Road 2)Tuni River(Patiori) to SwahidDandiram Bharali House3) Nagonchuk Village Road Under SOPD-G year 2025-26 inMajuli LAC Under Majuli District Territorial Road Division,Works,Open Tender,Item Rate,Civil Works – Roads,No,No,NA ,22-Jul-2025 12:00 PM,28-Jul-2025 04:00 PM ,180.0,No ,No,Online,11-Aug-2025 02:30 PM,Public Works Roads Department,Majuli,785106.0,2.0,"1,66,84,300",Lakhyajit Hazarika,"16,684,000",Accepted-AOC,02-Jan-2026,Public Works Roads Department
2025_WPTBC_49679_1,SCDCLangKuriDeoHaal,"Construction and Renovation of Lang Kuri Deo Haal, Charaideo","Construction and Renovation of Lang Kuri Deo Haal, Charaideo",Works,Open Tender,Item Rate,Civil Works,No,No,NA ,26-Dec-2025 06:30 PM,NA ,180.0,No ,No,Online,06-Jan-2026 03:00 PM,Welfare of Plain Tribes and Backward Classes||Directorate of Welfare of Scheduled Caste||Assam State Development Corporation for SC,"DISPUR, GHY-06",781006.0,2.0,"1,08,00,000",M H ENTERPRISE,"10,800,000",Accepted-AOC,30-Jan-2026,Welfare of Plain Tribes and Backward Classes||Directorate of Welfare of Scheduled Caste||Assam State Development Corporation for SC
2025_KAAC_48695_1,DPU/KAAC_(AAP)/2025-26/1,"Construction of retaining wall, drain etc at PWD Colony under AAP for the year 2025-26","Construction of retaining wall, drain etc at PWD Colony under AAP for the year 2025-26",Works,Open Tender,Item Rate,Civil Works – Roads,No,No,NA ,18-Nov-2025 05:10 PM,21-Nov-2025 12:00 PM ,180.0,No ,No,Online,17-Dec-2025 11:00 AM,Karbi Anglong Autonomous Council||PWD,Diphu,782460.0,2.0,"80,00,000",Smti Monumaya Devi,"7,999,970",Rejected-AOC,09-Jan-2026,Karbi Anglong Autonomous Council||PWD
2025_BTC_48594_1,No.ACE-31/EDN/IFB/2025-26/15,"Construction of 50 bedded hostel separately for boys and girls at Ulubari H.S. School, Borobazar, Chirang. TN_61_10","Construction of 50 bedded hostel separately for boys and girls at Ulubari H.S. School, Borobazar, Chirang. TN_61_10",Works,Open Tender,Item Rate,Civil Works - Building,No,No,NA ,13-Nov-2025 01:00 PM,NA ,180.0,No ,No,Online,05-Dec-2025 02:00 PM,Bodoland Territorial Council-PWD||Director Cum CHD - PWD BTC,Chirang,783390.0,2.0,"3,82,67,142",M/S J.K ENTERPRISE,"38,262,891.46",Not Admitted-Fee/PreQual/Technical,04-Jan-2026,Bodoland Territorial Council-PWD||Director Cum CHD - PWD BTC
2025_KAAC_46351_1,NoACEH/CS/SSA/03/2025-26/SL04,Construction of 50 bedded hostel separately for boys and girls under Dharti Aaba Janjatiya Gram Utkarsh Abhiyan at Sarihajan Higher Secondary School,Construction of 50 bedded hostel separately for boys and girls under Dharti Aaba Janjatiya Gram Utkarsh Abhiyan at Sarihajan Higher Secondary School,Works,Open Tender,Item Rate,Civil Works - Building,No,No,NA ,18-Aug-2025 11:00 AM,20-Aug-2025 12:00 PM ,180.0,No ,No,Online,30-Aug-2025 11:00 AM,Karbi Anglong Autonomous Council||PWD||Addl. Chief Engineer Diphu,Bokajan,782480.0,2.0,"3,78,75,000",golden traders,"37,868,648.64",Accepted-AOC,22-Jan-2026,Karbi Anglong Autonomous Council||PWD||Addl. Chief Engineer Diphu
2025_WPTBC_49585_1,PTDC/Engg/2024-25/447,"Vertical Extension of 2nd Floor and lateral (sideways) extension up to 2nd floor of the ongoing Boys Hostel Building at Gogamukh College, Dhemaji LAC, under Infrastructure Development in ITDP and outside ITDP areas of Assam during the year 2025-26.","Vertical Extension of 2nd Floor and lateral (sideways) extension up to 2nd floor of the ongoing Boys Hostel Building at Gogamukh College, Dhemaji LAC, under Infrastructure Development in ITDP and outside ITDP areas of Assam during the year 2025-26.",Works,Open Tender,Item Rate,Civil Works,No,No,NA ,23-Dec-2025 12:00 PM,24-Dec-2025 11:00 AM ,180.0,No ,No,Online,29-Dec-2025 03:00 PM,Welfare of Plain Tribes and Backward Classes||Director - WPT and BC,"Gogamukh College, Dhemaji",787057.0,2.0,"1,50,00,000",NIRMAN TECHNOCRATS,"14,999,938",Rejected-AOC,03-Jan-2026,Welfare of Plain Tribes and Backward Classes||Director - WPT and BC
2025_PWRDW_43680_7,CE/EAP/ARRBP/BR/01/2024/10,CE/EAP/ARRBP/OCB/ Bridge1/Cachar/19 SK road to Khaspur Bagerkona,CE/EAP/ARRBP/OCB/Bridge-1/Cachar/19 Widening of Bridge in Cachar District (i) Br No. 1/2 on Road from SK road to Khaspur Bagerkona via Devbasti,Works,Open Tender,Item Wise,Civil Works - Bridges,No,No,NA ,21-Mar-2025 06:55 PM,29-Mar-2025 11:00 AM ,90.0,No ,No,Online,22-Apr-2025 02:30 PM,Public Works Roads Department-Externally Aided Project||Public Works Road Department- World Bank Funded Tenders||Assam State Bridge Infrastructure Program,Cachar District,788001.0,2.0,"2,59,18,000",SRI AMBARISH ROY,"2,573,793",Rejected-Finance,20-Jan-2026,Public Works Roads Department-Externally Aided Project||Public Works Road Department- World Bank Funded Tenders||Assam State Bridge Infrastructure Program
2025_PWD_48393_8,SKTRD/Tech/106/2025-26,SKTRD/SOPD-G/25-26/22,Improvement of road from Dholipar to Lakhitari road via Lakhitari LPS under SOPD(G) for the year 2025-26,Works,Open Tender,Item Rate,Civil Works – Roads,No,No,NA ,04-Nov-2025 02:00 PM,10-Nov-2025 12:00 PM ,180.0,No ,No,Online,17-Nov-2025 02:30 PM,Public Works Roads Department,Kamrup Rural,781125.0,2.0,"12,89,000",M/S Trishna Enterprise,"1,289,000",Accepted-AOC,29-Jan-2026,Public Works Roads Department
2025_PWD_45827_19,CE/MAINT/SOPDG/01/2025-26/02,MAINT/SOPD-G/2025-26/29,"MAINT/SOPD-G/2025-26/29_1_Improvement of GWC road from Kheksheali Hari Mandir to Vitali via Madan Police house, 2_Improvement of GWC road from NH 127B to Debattar Hasdaha Pt_-V Via Late Ramesh Bepari house, 3_Improvement of GWC road from NH 127B at",Works,Open Tender,Item Rate,Civil Works – Roads,No,No,NA ,23-Jul-2025 12:00 PM,24-Jul-2025 12:00 PM ,180.0,No ,No,Online,14-Aug-2025 11:00 AM,Public Works Roads Department,Dhubri,783301.0,2.0,"1,41,12,000",Rafikul Islam,"14,111,500",Rejected-Finance,06-Jan-2026,Public Works Roads Department
2025_PWD_45820_10,CE/STBR/SOPD-G/NIT/07/2025 26/1 Dated 26-06-2025,STBR/SOPD-G/Sribhumi -03/123 (i)Reconstruction of road from NH-8 at Moina to Eraligool 15th I.R Battilion Camp under SOPD-G for the year 2025-26 (ii)Reconstruction of Mubarakpur Village Road under SOPD-G for the year 2025-26 (Karimganj South LAC),STBR/SOPD-G/Sribhumi -03/123 (i)Reconstruction of road from NH-8 at Moina to Eraligool 15th I.R Battilion Camp under SOPD-G for the year 2025-26 (ii)Reconstruction of Mubarakpur Village Road under SOPD-G for the year 2025-26 (Karimganj South LAC),Works,Open Tender,Item Rate,Civil Works – Roads,No,No,NA ,22-Jul-2025 12:00 PM,30-Jul-2025 11:00 AM ,180.0,No ,No,Online,11-Aug-2025 11:00 AM,Public Works Roads Department,Sribhumi,788701.0,2.0,"98,44,000",MOHAMMED ABDUN NOOR,"9,843,657",Rejected-AOC,07-Jan-2026,Public Works Roads Department
2025_PWD_48393_9,SKTRD/Tech/106/2025-26,SKTRD/SOPD-G/25-26/23,Improvement of Radiopara road and Huzuripara to Gokhaipara under SOPD(G) for the year 2025-26,Works,Open Tender,Item Rate,Civil Works – Roads,No,No,NA ,04-Nov-2025 02:00 PM,10-Nov-2025 12:00 PM ,180.0,No ,No,Online,17-Nov-2025 02:30 PM,Public Works Roads Department,Kamrup Rural,781125.0,2.0,"6,24,000",MANIK SINGHA,"624,000",Accepted-AOC,29-Jan-2026,Public Works Roads Department
2025_PWRDW_43680_6,CE/EAP/ARRBP/BR/01/2024/10,CE/EAP/ARRBP/OCB/ Bridge1/Cachar/18 N.H.-37 Ramnagar point to Maruchi,CE/EAP/ARRBP/OCB/Bridge-1/Cachar/18 N.H.37 Ramnagar point to Maruchi Mandir Road,Works,Open Tender,Item Wise,Civil Works - Bridges,No,No,NA ,21-Mar-2025 06:55 PM,29-Mar-2025 11:00 AM ,90.0,No ,No,Online,22-Apr-2025 02:30 PM,Public Works Roads Department-Externally Aided Project||Public Works Road Department- World Bank Funded Tenders||Assam State Bridge Infrastructure Program,Cachar District,788001.0,2.0,"1,11,71,000",ANUKUL PAUL,"11,600,058",Accepted-AOC,08-Jan-2026,Public Works Roads Department-Externally Aided Project||Public Works Road Department- World Bank Funded Tenders||Assam State Bridge Infrastructure Program
2025_PWBNH_45710_1,CE/TB-VII/59/2025/8 dtd. 03.07.2025,"Construction of Circuit House at Morigaon District, Assam under Engineering, Procurement and Construction (EPC) Mode-I Basis","Construction of Circuit House at Morigaon District, Assam under Engineering, Procurement and Construction (EPC) Mode-I Basis",Works,Open Tender,Item Rate,Civil Works - Building,No,No,NA ,17-Jul-2025 06:55 PM,18-Jul-2025 11:00 AM ,180.0,No ,No,Online,30-Jul-2025 03:00 PM,Public Works Building and NH Department||Chief Engineer-Building - PWBNH,Morigaon,782105.0,2.0,"12,80,76,334",OMINNOVATIVE LLP,"145,227,500",Rejected-AOC,12-Jan-2026,Public Works Building and NH Department||Chief Engineer-Building - PWBNH
2025_PWD_47133_4,SKTRD/Tech/106/2025-26,SKTRD/SOPD-G/25-26/04,SKTRD/SOPD-G/25-26/04_Improvement of Road _GWC_ from Batiamari LP School to Baguriguri HS School Road under SOPD _G_ for the year 2025-26,Works,Open Tender,Item Rate,Civil Works – Roads,No,No,NA ,30-Aug-2025 06:00 PM,06-Sep-2025 12:00 PM ,180.0,No ,No,Online,24-Sep-2025 02:30 PM,Public Works Roads Department,Kamrup Rural,781125.0,2.0,"19,20,000",MANTU KALITA,"1,919,637",Accepted-AOC,30-Jan-2026,Public Works Roads Department
2025_PWD_48417_1,PWD/SPR/SOPD/01/2025/01,EE/STRD/SOPD-G/2025/01,(i) Re-construction of approach road and protection works of RCC Bridge No. 2/1 on Padumoni Parghat Road at Ch.1000.00 under SOPD-G for the year 25-26 under Sarupathar TRD (ii) Development/ Renovation of Sautali Bosti Langthajan Bridge under SOPD-G,Works,Open Tender,Item Rate,Civil Works – Roads,No,No,NA ,11-Nov-2025 11:00 AM,17-Nov-2025 12:00 PM ,180.0,No ,No,Online,01-Dec-2025 02:00 PM,Public Works Roads Department||Eastern Zone - PWRD||Golaghat Road Circle||Sarupathar Territorial Road Division,Sarupathar,785601.0,2.0,"34,14,000",Rohit Agarwalla,"3,413,000",Rejected-Finance,12-Jan-2026,Public Works Roads Department||Eastern Zone - PWRD||Golaghat Road Circle||Sarupathar Territorial Road Division
2025_PWD_45491_5,CE/Commn/16/2025-26/2,Makum/ SOPD/4,Imp of rd frm I)Dhulijan Neta Tiniali to Nhrgri Plygrnd road ii)Puroni Motpung Bebejiya Connecting Road (Starting point PMKS- Ending point Muhiram Chutia House) iii)Anil Ptra Hse via Betjan TE Uriya line Mnsha Mndr to Patir iv)(Bani Path),Works,Open Tender,Item Rate,Civil Works – Roads,No,No,NA ,10-Jul-2025 05:00 PM,18-Jul-2025 04:00 PM ,180.0,No ,No,Online,30-Jul-2025 02:30 PM,Public Works Roads Department,Makum,786170.0,2.0,"1,10,45,000",B B Enterprise,"9,940,500",Accepted-AOC,21-Jan-2026,Public Works Roads Department
2025_PWD_45408_62,CE/DEV/TB/60/2025-26/01 Dtd- 21.06.2025,MMPPNA_RIDF_XXXI_25_26_103 Construction of Road from Gormara No.4 to Molanpukhuri via Dakhin Chila (L-5320.00 M) under Mukhya Mantrir Paki Path Nirman Achani (MMPPNA) under RIDF-XXXI of NABARD for the year 2025-26,MMPPNA_RIDF_XXXI_25_26_103 Construction of Road from Gormara No.4 to Molanpukhuri via Dakhin Chila (L-5320.00 M) under Mukhya Mantrir Paki Path Nirman Achani (MMPPNA) under RIDF-XXXI of NABARD for the year 2025-26,Works,Open Tender,Item Rate,Civil Works – Roads,No,No,NA ,10-Jul-2025 02:00 PM,17-Jul-2025 12:00 PM ,180.0,No ,No,Online,28-Jul-2025 02:30 PM,Public Works Roads Department,Naduar,784175.0,2.0,"5,41,17,000",M/S NAGSANKAR CONSTRUCTION,"54,115,000",Accepted-AOC,09-Jan-2026,Public Works Roads Department
2025_PNRD_48764_1,ZPLRURBAN38LAYERDHK/2023-24/76,Supply of chicks their medicines and feed for layer farm at kherkata gaon panchayt,Supply of Chicks their medicines and feed for layer farm at kherkata Gaon panchayat,Goods,Open Tender,Supply,Supply of Materials,No,No,NA ,26-Nov-2025 10:00 AM,08-Dec-2025 03:00 PM ,180.0,No ,No,Online,12-Dec-2025 01:00 PM,Principal Secretary- P and RD- Assam Secretariat||Commissioner- P and RD- PNRD||Lakhimpur Zilla Parishad,kherkata gp,787055.0,2.0,"12,04,000",Abdul Hakim,"1,018,000",Accepted-AOC,08-Jan-2026,Principal Secretary- P and RD- Assam Secretariat||Commissioner- P and RD- PNRD||Lakhimpur Zilla Parishad
2025_PWD_47623_4,CE/Commn/16/202526/26,Bihpuria/SOPD/8,"Construction of Kamalpur Jiten Hazarika Tiniali to Rampur road Via Raigaon Road from Ch.0.00 m to 1000.00 m , L 1.00 Km) under SOPD-G for the year 2025-26 (Bihpuria LAC)",Works,Open Tender,Item Rate,Civil Works – Roads,No,No,NA ,24-Sep-2025 03:00 PM,24-Sep-2025 04:00 PM ,180.0,No ,No,Online,07-Oct-2025 02:30 PM,Public Works Roads Department||CE PWD(R) - PWD||Traffic Engineering Cell - PWD,Bihpuria,784161.0,2.0,"66,22,800",KESHAB GOGOI,"6,622,800",Rejected-AOC,08-Jan-2026,Public Works Roads Department||CE PWD(R) - PWD||Traffic Engineering Cell - PWD
2025_PCCF_47533_1,DIG/NIT/168 Dated. 11/09/2025,Erection of Fencing,"Erection of Fencing works at Pandhuwa 20 ha, Balijan II 50 ha ANR and Chiring Mamorani 3.50 ha SSP",Works,Open Tender,Works,Civil Works - Others,No,No,NA ,16-Sep-2025 01:00 PM,17-Sep-2025 11:30 AM ,180.0,No ,No,Online,16-Oct-2025 11:30 AM,"Pr. Chief Conservator of Forest and Head of Forest Force||Chief Conservator of Forests (Upper Assam Zone)||Eastern Assam Circle, Jorhat||Digboi Division",Under Lakhipather and Lekhapani Range,786171.0,2.0,"1,19,45,912",KAUSHAL SHARMA,"10,751,320.8",Rejected-AOC,09-Jan-2026,"Pr. Chief Conservator of Forest and Head of Forest Force||Chief Conservator of Forests (Upper Assam Zone)||Eastern Assam Circle, Jorhat||Digboi Division"
2025_DHTS_49164_1,SDW.1330/2025-26/48/257 Dated 21/11/2025,"Construction of Boundary wall at ADS Office, Golaghat","Construction of Boundary wall at ADS Office, Golaghat under SOPD-G",Works,Open Tender,Works,Civil Works,No,No,NA ,10-Dec-2025 06:00 PM,15-Dec-2025 12:30 PM ,180.0,No ,No,Online,22-Dec-2025 02:30 PM,Department of Handloom Textile and Sericulture||Directorate of Sericulture,"ADS Office, Golaghat",781022.0,2.0,"10,00,000",DEBABORT PHUKAN,"999,999",Rejected-AOC,20-Jan-2026,Department of Handloom Textile and Sericulture||Directorate of Sericulture
2025_UDD_49787_1,MMB.3(4)/UIDF/05,Construction of a community hall in MUB Moranhat under UIDF for the year 2025-26,Construction of community hall,Works,Open Tender,Works,Civil Works,No,No,NA ,01-Jan-2026 12:00 PM,07-Jan-2026 11:00 AM ,180.0,No ,No,Online,14-Jan-2026 01:00 PM,Urban Development Department||Directorate of Municipality Administration - UDD||Moran Municipal Board,Moranhat,785670.0,2.0,"1,99,00,000",composite Builders,"19,896,800",Accepted-AOC,17-Jan-2026,Urban Development Department||Directorate of Municipality Administration - UDD||Moran Municipal Board
2025_PWRDW_42291_6,CEEAPARRBP111Tenders2024Pt-I40,Construction of Bridge in Barpeta district i) Br. No. 1/1 on Major Idgah to Khatiamari Milan Bazar Road,CE/EAP/ARRBP/OCB/Bridge-1/Barpeta/11B Construction of Bridge in Barpeta district i) Br. No. 1/1 on Major Idgah to Khatiamari Milan Bazar Road,Works,Open Tender,Item Rate,Civil Works - Bridges,No,No,NA ,22-Jan-2025 12:30 PM,29-Jan-2025 11:00 AM ,180.0,No ,No,Online,05-Feb-2025 02:30 PM,Public Works Roads Department-Externally Aided Project||Public Works Road Department- World Bank Funded Tenders||Assam State Bridge Infrastructure Program,Barpeta,781301.0,2.0,"4,10,79,000",FAYZAL HOQUE,"57,508,763.87",Accepted-AOC,03-Jan-2026,Public Works Roads Department-Externally Aided Project||Public Works Road Department- World Bank Funded Tenders||Assam State Bridge Infrastructure Program
2025_DMEAP_46548_1,IN-ASDMA-507614-CW-RFB,Procurement of Civil Works for new multi-purpose flood shelters at 1no location in Golaghat District of Assam under Assam Integrated River Basin Management Project AIRBMP,Procurement of Civil Works for new multi-purpose flood shelters at 1no location in Golaghat District of Assam under Assam Integrated River Basin Management Project AIRBMP,Works,Open Tender,Item Rate,Civil Works - Building,No,No,NA ,18-Aug-2025 11:00 AM,30-Aug-2025 02:30 PM ,120.0,No ,No,Online,04-Oct-2025 12:45 PM,Assam State Disaster Management Authority- Externally Aided Project||Assam State Disaster Management Authority- World Bank Funded Tenders||Assam Integrated River Basin Management Programme,Works,781006.0,2.0,"8,12,66,085",Bhaskar Baruah,"77,222,192",Accepted-AOC,08-Jan-2026,Assam State Disaster Management Authority- Externally Aided Project||Assam State Disaster Management Authority- World Bank Funded Tenders||Assam Integrated River Basin Management Programme
2025_KAAC_46348_1,NoACEH/CS/SSA/03/2025-26/SL01,Construction of 50 bedded hostel separately for boys and girls under Dharti Aaba Janjatiya Gram Utkarsh Abhiyan at Bokajan Higher Secondary School,Construction of 50 bedded hostel separately for boys and girls under Dharti Aaba Janjatiya Gram Utkarsh Abhiyan at Bokajan Higher Secondary School,Works,Open Tender,Item Rate,Civil Works - Building,No,No,NA ,18-Aug-2025 11:00 AM,20-Aug-2025 12:00 PM ,180.0,No ,No,Online,30-Aug-2025 11:00 AM,Karbi Anglong Autonomous Council||PWD||Addl. Chief Engineer Diphu,Bokajan,782461.0,2.0,"3,78,75,000",Highland Engineering,"37,696,340.44",Rejected-Technical,06-Jan-2026,Karbi Anglong Autonomous Council||PWD||Addl. Chief Engineer Diphu
2025_DoIT_44841_1,AEDC/SDC/2025-26/01,Supply and Installation of Compute Solution,Supply and Installation of Compute Solution,Services,Open Tender,Item Rate,Information Technology,No,No,NA ,11-Jun-2025 05:00 PM,NA ,180.0,No ,No,Online,30-Jun-2025 12:30 PM,Principal Secretary-Department of Information Technology||Assam Electronics Development Corporation Ltd-DoIT,Guwahati,781021.0,2.0,,Poly Informatics Private Limited,"61,950,000",Rejected-Finance,16-Jul-2025,Principal Secretary-Department of Information Technology||Assam Electronics Development Corporation Ltd-DoIT
2025_SSA_46791_2,E-686287/353,Madhya Subansiri High School under Bordoloni block in Lakhimpur district,"Construction of school building for upgradation from secondary to higher secondary (Arts and Science) under Samagra Shiksha, Assam at Madhya Subansiri High School under Bordoloni block in Lakhimpur district",Works,Open Tender,Item Rate,Civil Works - Building,No,No,NA ,23-Aug-2025 06:55 PM,26-Aug-2025 03:00 PM ,180.0,No ,No,Online,05-Sep-2025 03:00 PM,Axom Sarba Siksha Abhijan Mission,"SSA, Kahilipara, Guwahati",781019.0,2.0,"2,00,00,000",IMPERIAL CORPORATION,"19,975,000",Rejected-Technical,06-Jan-2026,Axom Sarba Siksha Abhijan Mission
2024_SNT_37916_1,AEDA/467/2016/216,Design Supply Transportation Installation Testing and Commissioning of 4000 numbers of Off-Grid Solar Photovoltaic Water Pumping Systems SPWPS of different capacities 1-7.5 HP and its repair and maintenance for 5 Years under PM-KUSUM scheme,Design Supply Transportation Installation Testing and Commissioning of 4000 numbers of Off-Grid Solar Photovoltaic Water Pumping Systems SPWPS of different capacities 1-7.5 HP and its repair and maintenance for 5 Years under PM-KUSUM scheme,Works,Open Tender,Item Wise,Power/Energy Projects/Products,No,No,NA ,08-Jul-2024 06:30 PM,18-Jul-2024 02:00 PM ,180.0,No ,No,Online,27-Aug-2024 03:00 PM,Department of Science and Technology||Assam Energy Development Agency,Assam,781005.0,2.0,"63,32,92,448",Progressive Enterprises,"341,804",Rejected-AOC,13-Mar-2025,Department of Science and Technology||Assam Energy Development Agency
2025_PHED_47146_1,IFB NO 28 OF 2025-26,Water Supply and Sanitation arrangement at Deshbhakta maindan Mukalmua,Water Supply and Sanitation arrangement at Deshbhakta Maindan Mukalmua,Works,Open Tender,Works,Civil Works,No,No,NA ,01-Sep-2025 02:00 PM,NA ,30.0,No ,No,Online,23-Sep-2025 11:30 AM,Public Health Engineering Department||Chief Engineer PHE(P)-Assam-PHED||Lower Assam Zone-Guwahati-PHED||Nalbari Circle-Nalbari-PHED,Deshbhakata Maindan,781126.0,2.0,"48,29,762",Bidyut Das,"4,829,762",Accepted-AOC,07-Oct-2025,Public Health Engineering Department||Chief Engineer PHE(P)-Assam-PHED||Lower Assam Zone-Guwahati-PHED||Nalbari Circle-Nalbari-PHED
2025_ID_48420_1,DGEDI/T-1/Pt-VII/2021/1761,Solar Powered Mobile Lift Irrigation Scheme 4nos at Upstream of Jinari FIS under Goalpara East LAC under SOPD G innovative during the FY 2025-26,Solar Powered Mobile Lift Irrigation Scheme 4nos at Upstream of Jinari FIS under Goalpara East LAC under SOPD G innovative during the FY 2025-26,Works,Open Tender,Works,Civil Works - Others,No,No,NA ,04-Nov-2025 05:30 PM,NA ,180.0,No ,No,Online,28-Nov-2025 11:00 AM,Irrigation Department||Chief Engineer(Major)-Irrigation Dept||Goalpara Circle||Dudhnoi Goalpara East Division,Jinari FIS,783124.0,2.0,"46,72,502",PRASANTA SUNRISE JV,"4,205,252",Rejected-AOC,24-Dec-2025,Irrigation Department||Chief Engineer(Major)-Irrigation Dept||Goalpara Circle||Dudhnoi Goalpara East Division
2025_UDD_49620_1,Eng-36/Pt-3/PKMB/2023/503,Construction and Establishment of 1-Phase LT Network under Patacharkuchi Municipal Area for Street Lighting Purpose on Turnkey Basis,Construction and Establishment of 1-Phase LT Network under Patacharkuchi Municipal Area for Street Lighting Purpose on Turnkey Basis,Works,Open Tender,Turn-key,Street Lighting,No,No,NA ,24-Dec-2025 04:00 PM,26-Dec-2025 11:00 AM ,90.0,No ,No,Online,02-Jan-2026 11:30 AM,Urban Development Department||Directorate of Municipality Administration - UDD||Patacharkuchi Municipal Board,Patacharkuchi Municipal Board,781326.0,2.0,"28,67,066",M/S SKD ENTERPRISE,"2,864,199.03",Not Admitted-Fee/PreQual/Technical,21-Jan-2026,Urban Development Department||Directorate of Municipality Administration - UDD||Patacharkuchi Municipal Board
2025_PWD_45926_147,CE/DEV/TB/60/2025-26/06 Dtd- 14.07.2025,"MMPPNA_RIDF_XXXI_25_26_332 Construction of Haldha Maijeli and Saloipara (Duwahati) Kristi Sangha, Swahid Nilaram Das Path (L 2.41km) under Mukhya Mantrir Paki Path Nirman Achani (MMPPNA) under RIDF-XXXI of NABARD for the year 2025-26.","MMPPNA_RIDF_XXXI_25_26_332 Construction of Haldha Maijeli and Saloipara (Duwahati) Kristi Sangha, Swahid Nilaram Das Path (L 2.41km) under Mukhya Mantrir Paki Path Nirman Achani (MMPPNA) under RIDF-XXXI of NABARD for the year 2025-26.",Works,Open Tender,Item Rate,Civil Works – Roads,No,No,NA ,01-Aug-2025 06:00 PM,04-Aug-2025 12:00 PM ,180.0,No ,No,Online,14-Aug-2025 02:30 PM,Public Works Roads Department,Sipajhar,784145.0,2.0,"2,00,56,000",KUMARJIT DAS,"20,056,000",Rejected-Finance,28-Jan-2026,Public Works Roads Department
2025_DoWR_48165_1,GOLAGHAT/2025-26/NDMF/I,"Wetland Storage Reservoir at Sankar Wetland of Golaghat District, Package 2.","Wetland Storage Reservoir at Sankar Wetland of Golaghat District, Package 2.",Works,Open Tender,Works,Civil Works,No,No,NA ,18-Oct-2025 06:55 PM,NA ,180.0,No ,No,Online,07-Nov-2025 03:00 PM,Department of Water Resources||Chief Engineer - DoWR,Golaghat,785621.0,2.0,"18,52,01,924",SUMIT CHACHAN,"185,190,076.2",Rejected-AOC,29-Jan-2026,Department of Water Resources||Chief Engineer - DoWR
2025_DLW_48338_1,ABOCWWB/MC MT/01/25-26/313,Bidding for supply installation and maintenance of Mobile Toilets and Mobile Creches,Bidding for supply installation and maintenance of Mobile Toilets and Mobile Creches,Goods,Open Tender,Supply,Miscellaneous Goods,No,Yes,NA ,31-Oct-2025 06:15 PM,,180.0,No ,No,Online,21-Nov-2025 11:30 AM,Department of Labour and Welfare||Commissionerate of Labour||Assam BOCWWB,ABOCWWB Guwahati,781016.0,2.0,"23,31,97,500",ASSAM SUPPLY SYNDICATE,"244,673,649",Accepted-AOC,28-Jan-2026,Department of Labour and Welfare||Commissionerate of Labour||Assam BOCWWB
2025_NHM_46164_7,NHM/I/1187217/2025,"Infrastructure Development of Ayush Health and Wellness Centers (AHWC) under Ayushman Bharat for the FY 2023-2024, group.7 (8 nos. of scheme in Morigaon and Karbi Anglong District.)","Infrastructure Development of Ayush Health and Wellness Centers (AHWC) under Ayushman Bharat for the FY 2023-2024, group.7 (8 nos. of scheme in Morigaon and Karbi Anglong District.)",Works,Open Tender,Item Rate,Civil Works - Building,No,No,NA ,05-Aug-2025 04:30 PM,NA ,225.0,No ,No,Online,27-Aug-2025 03:30 PM,National Health Mission||State Programme Management Unit - NHM,Morigaon and Karbi Anglong,786125.0,2.0,"27,97,451",HRISHIKESH BASAB,"2,797,451",Accepted-AOC,31-Jan-2026,National Health Mission||State Programme Management Unit - NHM
2025_SSA_46775_1,-686287/353,Mekahi Chapori UP School under Majuli block in Majuli,"Construction of school building for upgradation from upper primary to secondary under Samagra Shiksha, Assam",Works,Open Tender,Item Rate,Civil Works - Building,No,No,NA ,21-Aug-2025 09:00 AM,22-Aug-2025 02:00 PM ,180.0,No ,No,Online,05-Sep-2025 03:00 PM,Axom Sarba Siksha Abhijan Mission,"SSA, Kahilipara, Guwahati",781019.0,2.0,"1,61,60,000",Sri Nitul Kumar Rabha,"16,099,936",Rejected-Technical,07-Jan-2026,Axom Sarba Siksha Abhijan Mission
2025_PWD_47928_3,CE/DEV/TB/116/2025-26/34 Dtd- 25.09.2025,ASOM_MALA_3.0_25_26_40 Improvement and Upgradation of Road From Margherita Deomali Road under Asom Mala 3.0 for the year of 2025-26,ASOM_MALA_3.0_25_26_40 Improvement and Upgradation of Road From Margherita Deomali Road under Asom Mala 3.0 for the year of 2025-26,Works,Open Tender,Item Rate,Civil Works – Roads,No,No,NA ,10-Oct-2025 05:30 PM,15-Oct-2025 12:00 PM ,180.0,No ,No,Online,29-Oct-2025 02:30 PM,Public Works Roads Department,Tinsukia,786125.0,2.0,"25,13,88,000",m/s pranjal construction,"251,388,000",Rejected-Finance,28-Jan-2026,Public Works Roads Department
2025_PWD_44497_1,CE/DEV/TB/05/2025 -26 /02 Dtd- 15/05/2025,SOPD_G_25_26_05 Construction of Road From (1) Kharadhara Barhamchari PWD Road to Nadipar Chuburi via Barhamchari Health Centre (2) Bathaumandir to Thaikarakuchi Road via Kharadhara kali Mandir H.S.S (3) Barmanikpur to Mathauri via 62 No. Barmanikpur,SOPD_G_25_26_05 Construction of Road From (1) Kharadhara Barhamchari PWD Road to Nadipar Chuburi via Barhamchari Health Centre (2) Bathaumandir to Thaikarakuchi Road via Kharadhara kali Mandir H.S.S (3) Barmanikpur to Mathauri via 62 No. Barmanikpur,Works,Open Tender,Item Rate,Civil Works – Roads,No,No,NA ,23-May-2025 06:00 PM,02-Jun-2025 12:00 PM ,180.0,No ,No,Online,13-Jun-2025 02:30 PM,Public Works Roads Department,Bajali,781325.0,2.0,"35,32,59,000",ANUPAM NIRMAN PVT. LTD.,"353,257,848",Rejected-Finance,22-Jan-2026,Public Works Roads Department
2025_PWRDW_46041_3,CE/EAP/ARRBP01Tenders2024/71B,Construction of Bridge in Cachar district,Construction of Bridge in Cachar district i) Br. No. 1/6 on Nagadum Aughustha Nagar Road Package No CE/EAP/ARRBP/OCB/Bridge-1/Cachar/09,Works,Open Tender,Item Rate,Civil Works - Bridges,No,No,NA ,30-Jul-2025 04:00 PM,05-Aug-2025 04:00 PM ,180.0,No ,No,Online,19-Aug-2025 02:30 PM,Public Works Roads Department-Externally Aided Project||Public Works Road Department- World Bank Funded Tenders||Assam State Bridge Infrastructure Program,Cachar,788001.0,2.0,"1,74,18,000",MOHSIN AHMED,"18,269,418",Accepted-AOC,12-Jan-2026,Public Works Roads Department-Externally Aided Project||Public Works Road Department- World Bank Funded Tenders||Assam State Bridge Infrastructure Program
2025_PHED_49706_1,NIT-06 of 2025-26,Shifting of Water Supply utilities of Niz Tengakhat PWSS under Dibrugarh (PHE) Division (SOPD),Shifting of Water Supply utilities of Niz Tengakhat PWSS under Dibrugarh (PHE) Division (SOPD).,Works,Open Tender,Percentage,Civil Works,No,No,NA ,30-Dec-2025 10:00 AM,NA ,90.0,No ,No,Online,06-Jan-2026 11:00 AM,Public Health Engineering Department||Chief Engineer PHE(P)-Assam-PHED||Upper Assam Zone-Nagaon-PHED||Dibrugarh Circle-Dibrugarh-PHED,Dibrugarh,786103.0,2.0,"27,14,748",arunav bhuyan,"2,714,748",Accepted-AOC,09-Jan-2026,Public Health Engineering Department||Chief Engineer PHE(P)-Assam-PHED||Upper Assam Zone-Nagaon-PHED||Dibrugarh Circle-Dibrugarh-PHED
2025_WPTBC_44564_1,PTDC/Engg/2024-25/336,"Infrastructure Development at Nelipar Marami LP School, Raha LAC, under SCSP Rs. 25,00,000.00 Scheme for the financial year 2024-25","Proposal for Administrative Approval for the works of infrastructure at 40 (Forty) different LP/UP Schools of dominated area of amount of Rs. 1000.00 Lakh under DEE, Assam during the Financial Year 2024 ( Infrastructure Development at Nelipar Marami",Works,Open Tender,Item Rate,Civil Works,No,No,NA ,27-May-2025 06:00 PM,02-Jun-2025 02:00 PM ,180.0,No ,No,Online,16-Jun-2025 02:00 PM,Welfare of Plain Tribes and Backward Classes||Director - WPT and BC,Nagaon,782425.0,2.0,"25,00,000",SHIV CONSTRUCTION CO,"2,250,000",Rejected-AOC,21-Jan-2026,Welfare of Plain Tribes and Backward Classes||Director - WPT and BC
2025_APDCL_46264_1,APDCL_CGMPPD_11kV_LT_JESD-II,Shiefting of 11kV and LT lines at Kakoty Gaon,Shiefting of 11kV and LT lines at Kakoty Gaon,Works,Open Tender,Turn-key,Electrical Works,No,No,NA ,11-Aug-2025 10:00 AM,14-Aug-2025 12:00 PM ,180.0,No ,No,Online,27-Aug-2025 04:00 PM,Assam Power Distribution Company Ltd||CGM(PP and D) - APDCL,Jorhat,785001.0,2.0,"64,30,165",SURAJ KUMAR SHARMA,"6,359,861.34",Rejected-Finance,22-Jan-2026,Assam Power Distribution Company Ltd||CGM(PP and D) - APDCL
2025_PWRDW_43680_4,CE/EAP/ARRBP/BR/01/2024/10,CE/EAP/ARRBP/OCB/ Bridge1/Cachar/16 Marua grant to Silchar Kathal Road,CE/EAP/ARRBP/OCB/Bridge-1/Cachar/16 Construction of Bridge in Cachar District (i) Br No. 2/1 on Marua grant to Silchar Kathal Road via Rangthi Basi,Works,Open Tender,Item Wise,Civil Works - Bridges,No,No,NA ,21-Mar-2025 05:55 PM,29-Mar-2025 11:00 AM ,90.0,No ,No,Online,22-Apr-2025 02:30 PM,Public Works Roads Department-Externally Aided Project||Public Works Road Department- World Bank Funded Tenders||Assam State Bridge Infrastructure Program,Cachar District,788001.0,2.0,"6,11,39,000",M/S R.A.Mazumder,"55,023,395",Rejected-Finance,06-Jan-2026,Public Works Roads Department-Externally Aided Project||Public Works Road Department- World Bank Funded Tenders||Assam State Bridge Infrastructure Program
2025_KAAC_48382_1,ACEH/CS/SSA/03/2025-26/RE66,Construction of 50 bedded hostel separately for boys and girls at Hawaipur High School under the scheme Dharti Aaba Janjatiya Gram Utkarsh Abhiyan,Construction of 50 bedded hostel separately for boys and girls at Hawaipur High School under the scheme Dharti Aaba Janjatiya Gram Utkarsh Abhiyan,Works,Open Tender,Item Rate,Civil Works - Building,No,No,NA ,03-Nov-2025 11:05 AM,05-Nov-2025 12:00 PM ,180.0,No ,No,Online,11-Nov-2025 11:00 AM,Karbi Anglong Autonomous Council||PWD||Addl. Chief Engineer Diphu,Socheng,782446.0,2.0,"3,78,75,000",SHRI PRADIP KAR,"37,875,000",Rejected-AOC,17-Jan-2026,Karbi Anglong Autonomous Council||PWD||Addl. Chief Engineer Diphu
2025_PWD_47172_20,CE/STBR/SOPD G/NIT/07/2025-26/16 Dated 18-08-2025,"STBR/SOPD-G/ Ramkrishna Nagar-03/20 Construction of(i) Missing link from Asom Mala 1.0 project to Sonaicherra bazar, (ii) Road from Saizanagar PMGSY road to Anipur-Monacherra road at Dhoronala(Ph-I), (iii) Protection work along side Dullavcherra to","STBR/SOPD-G/ Ramkrishna Nagar-03/20 Construction of(i) Missing link from Asom Mala 1.0 project to Sonaicherra bazar, (ii) Road from Saizanagar PMGSY road to Anipur-Monacherra road at Dhoronala(Ph-I), (iii) Protection work along side Dullavcherra to",Works,Open Tender,Item Rate,Civil Works – Roads,No,No,NA ,03-Sep-2025 11:00 AM,08-Sep-2025 11:00 AM ,180.0,No ,No,Online,19-Sep-2025 11:00 AM,Public Works Roads Department,Ramkrishna Nagar,788166.0,2.0,"2,97,20,000",M/s S T Enterprise,"29,719,000",Accepted-AOC,31-Jan-2026,Public Works Roads Department
2025_PWD_47172_21,CE/STBR/SOPD G/NIT/07/2025-26/16 Dated 18-08-2025,"STBR/SOPD-G/ Ramkrishna Nagar-04/21 Construction of (i) Cachari Kalibari road at Bidyanagar, (ii) Missing link of Gobindaganj to Bazarghat road), (iii) C.R. road to Chandmari at Patiala G.P. with renovation of PWD inspection bungalow at R.K.Nagar, (","STBR/SOPD-G/ Ramkrishna Nagar-04/21 Construction of (i) Cachari Kalibari road at Bidyanagar, (ii) Missing link of Gobindaganj to Bazarghat road), (iii) C.R. road to Chandmari at Patiala G.P. with renovation of PWD inspection bungalow at R.K.Nagar, (",Works,Open Tender,Item Rate,Civil Works – Roads,No,No,NA ,03-Sep-2025 11:00 AM,08-Sep-2025 11:00 AM ,180.0,No ,No,Online,19-Sep-2025 11:00 AM,Public Works Roads Department,Ramkrishna Nagar,788166.0,2.0,"2,21,42,000",Sony Construction,"22,142,000",Rejected-AOC,31-Jan-2026,Public Works Roads Department
2025_BTC_48596_1,No.ACE-31/EDN/IFB/2025-26/15,"Construction of 50 bedded hostel separately for boys and girls at Urbashi Brahma Memorial High School, Sidli Chirang. TN_61_11","Construction of 50 bedded hostel separately for boys and girls at Urbashi Brahma Memorial High School, Sidli Chirang. TN_61_11",Works,Open Tender,Item Rate,Civil Works - Building,No,No,NA ,13-Nov-2025 01:00 PM,NA ,180.0,No ,No,Online,05-Dec-2025 02:00 PM,Bodoland Territorial Council-PWD||Director Cum CHD - PWD BTC,Chirang,783390.0,2.0,"3,82,67,142",BISTI MUSHAHARY,"38,266,956.51",Rejected-AOC,02-Jan-2026,Bodoland Territorial Council-PWD||Director Cum CHD - PWD BTC
2025_BTC_49102_1,No.24/PWD/Infra-Dev/25-26/15,Const. of Martyr Sujit Narzary Memorial Centre at Bhatipara in Kokrajhar District. TN_45_02R,Const. of Martyr Sujit Narzary Memorial Centre at Bhatipara in Kokrajhar District. TN_45_02R,Works,Open Tender,Item Rate,Civil Works - Building,No,No,NA ,09-Dec-2025 10:30 AM,NA ,180.0,No ,No,Online,31-Dec-2025 02:00 PM,Bodoland Territorial Council-PWD||Director Cum CHD - PWD BTC,Kokrajhar,783370.0,2.0,"2,27,61,340",Gautam Brahma,"22,761,000",Accepted-AOC,17-Jan-2026,Bodoland Territorial Council-PWD||Director Cum CHD - PWD BTC
2025_PWRDW_43680_5,CE/EAP/ARRBP/BR/01/2024/10,CE/EAP/ARRBP/OCB/ Bridge1/Cachar/17 Saraspur to Leverputa,CE/EAP/ARRBP/OCB/Bridge-1/Cachar/17 Construction of Bridge in Cachar District (i) Br No. 3/1 on Road from Saraspur to Leverputa Pt-II via Khelma Pt-I,Works,Open Tender,Item Wise,Civil Works - Bridges,No,No,NA ,21-Mar-2025 06:55 PM,29-Mar-2025 11:00 AM ,90.0,No ,No,Online,22-Apr-2025 02:30 PM,Public Works Roads Department-Externally Aided Project||Public Works Road Department- World Bank Funded Tenders||Assam State Bridge Infrastructure Program,Cachar District,788001.0,2.0,"3,89,59,000",M/S R.A.Mazumder,"35,063,100",Rejected-Finance,08-Jan-2026,Public Works Roads Department-Externally Aided Project||Public Works Road Department- World Bank Funded Tenders||Assam State Bridge Infrastructure Program
2025_PWD_48262_2,CE/DEV/TB/116/2025-26/43 Dtd- 13.10.2025,ASOM_MALA_3.0_25_26_49 Improvement and Upgradation of Road from Akhara to Sialmari from Ch.0.00 km (Akhara Namghar Tiniali) to Ch.7.608 km (Sialmari) under ASOM Mala 3.0 for the year 2025-26,ASOM_MALA_3.0_25_26_49 Improvement and Upgradation of Road from Akhara to Sialmari from Ch.0.00 km (Akhara Namghar Tiniali) to Ch.7.608 km (Sialmari) under ASOM Mala 3.0 for the year 2025-26,Works,Open Tender,Item Rate,Civil Works – Roads,No,No,NA ,27-Oct-2025 04:00 PM,29-Oct-2025 12:00 PM ,180.0,No ,No,Online,11-Nov-2025 02:30 PM,Public Works Roads Department,Nalbari,781335.0,2.0,"33,04,13,000",SRI BIKASH SARMA,"285,485,896",Rejected-Finance,02-Jan-2026,Public Works Roads Department
2025_DMEAP_46553_1,IN-ASDMA-507622-CW-RFB,Procurement of Civil Works for new multi-purpose flood shelters at 1 location in Dibrugarh District of Assam under Assam Integrated River Basin Management Project AIRBMP,Procurement of Civil Works for new multi-purpose flood shelters at 1 location in Dibrugarh District of Assam under Assam Integrated River Basin Management Project AIRBMP,Works,Open Tender,Item Rate,Civil Works - Building,No,No,NA ,18-Aug-2025 12:30 PM,30-Aug-2025 02:30 PM ,120.0,No ,No,Online,04-Oct-2025 01:30 PM,Assam State Disaster Management Authority- Externally Aided Project||Assam State Disaster Management Authority- World Bank Funded Tenders||Assam Integrated River Basin Management Programme,Works,781006.0,2.0,"8,38,17,460",Jyoti Constro Commercials,"91,027,000",Rejected-AOC,08-Jan-2026,Assam State Disaster Management Authority- Externally Aided Project||Assam State Disaster Management Authority- World Bank Funded Tenders||Assam Integrated River Basin Management Programme
2025_ASPIR_45659_1,E/70793/07/Catering/Lunch,ENGAGEMENT OF AN AGENCY TO PROVIDE CATERING SERVICES (LUNCH) UNDER AS-CFMS,ENGAGEMENT OF AN AGENCY TO PROVIDE CATERING SERVICES (LUNCH) UNDER AS-CFMS,Services,Open Tender,Lump-sum,Hotel/ Catering,No,No,NA ,16-Jul-2025 06:30 PM,23-Jul-2025 03:00 PM ,180.0,No ,No,Online,11-Aug-2025 04:00 PM,Finance Department - World Bank Tenders||Assam State Public Finance Institutional Reforms,"Janata Bhawan, Dispur",781005.0,2.0,,Deltoid Construction & Developers Pvt. Ltd.,0,Accepted-AOC,06-Jan-2026,Finance Department - World Bank Tenders||Assam State Public Finance Institutional Reforms
2025_SSA_46714_1,E-686287/ 353,Chaysimana ME Madrassa under Mondia block in Barpeta,"Construction of school building for upgradation from upper primary to secondary under Samagra Shiksha, Assam",Works,Open Tender,Works,Civil Works - Building,No,No,NA ,20-Aug-2025 11:45 AM,21-Aug-2025 12:00 PM ,180.0,No ,No,Online,05-Sep-2025 03:00 PM,Axom Sarba Siksha Abhijan Mission,"SSA, Kahilipara, Guwahati",781019.0,2.0,"1,61,60,000",DREAMZ IMPEX,"16,094,000",Accepted-AOC,07-Jan-2026,Axom Sarba Siksha Abhijan Mission
2025_PWD_47084_12,CE/DEV/TB/60/2025-26/19 Dtd- 20.08.2025,"MMPPNA_RIDF_XXXI_25_26_495 Improvement of (1) Pub Bamunbari to Nirmala Connecting Road from Ch. 0.00m to 1000.00m (L- 1.00 Km), (2) Jokapara to Bilotia Road, (3) Road NH-15 Bilotia Gaon (Ch. 400.00M to Ch.1400M) under Mukhya Mantrir Paki Path Nirman","MMPPNA_RIDF_XXXI_25_26_495 Improvement of (1) Pub Bamunbari to Nirmala Connecting Road from Ch. 0.00m to 1000.00m (L- 1.00 Km), (2) Jokapara to Bilotia Road, (3) Road NH-15 Bilotia Gaon (Ch. 400.00M to Ch.1400M) under Mukhya Mantrir Paki Path Nirman",Works,Open Tender,Item Rate,Civil Works – Roads,No,No,NA ,30-Aug-2025 09:00 AM,04-Sep-2025 12:00 PM ,180.0,No ,No,Online,19-Sep-2025 02:30 PM,Public Works Roads Department,Gohpur,784168.0,2.0,"2,89,48,000",SANJIB HAZARIKA,"28,941,990",Rejected-Finance,28-Jan-2026,Public Works Roads Department
2025_PWD_48668_1,CE/STBR/SOPD G/NIT/07/2025-26/43 Dated 12-11-2025,STBR/ Bailey Bridge/Koliabor/SOPD-G/01 Construction of two Nos of Bailey Bridge A. Civil Work Civil works of 2 (two) Nos. of Bailey Bridge as mentioned above including Launching and Transportation,STBR/ Bailey Bridge/Koliabor/SOPD-G/01 Construction of two Nos of Bailey Bridge A. Civil Work Civil works of 2 (two) Nos. of Bailey Bridge as mentioned above including Launching and Transportation,Works,Open Tender,Item Rate,Civil Works – Roads,No,No,NA ,17-Nov-2025 01:00 PM,19-Nov-2025 11:00 AM ,180.0,No ,No,Online,09-Dec-2025 11:00 AM,Public Works Roads Department,Koliabor,782137.0,2.0,"1,53,34,131",Ramawtar Agarwala,"15,332,923",Accepted-AOC,31-Jan-2026,Public Works Roads Department
2025_PWBNH_48448_1,CS_JGCNGTBD_E-22_ARYA,"Construction of Womens Hostel under RUSA 2 component Construction of RCC Girls Hostel Building of Arya Vidyapeeth College at Gopinath Nagar, Guwahati","Construction of Womens Hostel under RUSA 2 component Construction of RCC Girls Hostel Building of Arya Vidyapeeth College at Gopinath Nagar, Guwahati",Works,Open Tender,Item Wise,Civil Works - Building,No,No,NA ,06-Nov-2025 02:40 PM,07-Nov-2025 11:00 AM ,180.0,No ,No,Online,17-Nov-2025 02:30 PM,Public Works Building and NH Department||Chief Engineer-Building - PWBNH,"Gopinath Nagar, Guwahati, Assam 781016",781016.0,2.0,"59,64,641",HIRANYA KR KALITA,"5,923,007",Accepted-AOC,22-Jan-2026,Public Works Building and NH Department||Chief Engineer-Building - PWBNH
2025_NHM_46164_6,NHM/I/1187217/2025,"Infrastructure Development of Ayush Health and Wellness Centers (AHWC) under Ayushman Bharat for the FY 2023-2024, group.6 (9 nos. of scheme in Tinsukia and Golaghat District.)","Infrastructure Development of Ayush Health and Wellness Centers (AHWC) under Ayushman Bharat for the FY 2023-2024, group.6 (9 nos. of scheme in Tinsukia and Golaghat District.)",Works,Open Tender,Item Rate,Civil Works - Building,No,No,NA ,05-Aug-2025 04:00 PM,NA ,225.0,No ,No,Online,27-Aug-2025 03:30 PM,National Health Mission||State Programme Management Unit - NHM,Tinsukia and Golaghat,786125.0,2.0,"31,48,408",JUGAL PHUKAN,"3,148,400",Rejected-Finance,19-Jan-2026,National Health Mission||State Programme Management Unit - NHM
2025_PWD_45926_146,CE/DEV/TB/60/2025-26/06 Dtd- 14.07.2025,MMPPNA_RIDF_XXXI_25_26_331 Construction of Byaspara Anandipara Ghorasal and Dhokapara Ghorasal Road (L 2.700 Km) under Mukhya Mantrir Paki Path Nirman Achani (MMPPNA) under RIDF-XXXI of NABARD for the year 2025-26.,MMPPNA_RIDF_XXXI_25_26_331 Construction of Byaspara Anandipara Ghorasal and Dhokapara Ghorasal Road (L 2.700 Km) under Mukhya Mantrir Paki Path Nirman Achani (MMPPNA) under RIDF-XXXI of NABARD for the year 2025-26.,Works,Open Tender,Item Rate,Civil Works – Roads,No,No,NA ,01-Aug-2025 06:00 PM,04-Aug-2025 12:00 PM ,180.0,No ,No,Online,14-Aug-2025 02:30 PM,Public Works Roads Department,Sipajhar,784145.0,2.0,"2,33,78,000",FIROJ ALI,"23,373,201",Accepted-AOC,21-Jan-2026,Public Works Roads Department
2025_PWD_45408_61,CE/DEV/TB/60/2025-26/01 Dtd- 21.06.2025,"MMPPNA_RIDF_XXXI_25_26_102 Construction of Road from (1) Charipukhuri to Garbil Connecting Road (L-1750.00 M) (2) Hatinga to Padumoni Village Connected Road (L-2250.00 M), (3) Dakhin Balijuri to Madhya Balijuri Connected Road (L-2380.00 M) under Mukh","MMPPNA_RIDF_XXXI_25_26_102 Construction of Road from (1) Charipukhuri to Garbil Connecting Road (L-1750.00 M) (2) Hatinga to Padumoni Village Connected Road (L-2250.00 M), (3) Dakhin Balijuri to Madhya Balijuri Connected Road (L-2380.00 M) under Mukh",Works,Open Tender,Item Rate,Civil Works – Roads,No,No,NA ,10-Jul-2025 02:00 PM,17-Jul-2025 12:00 PM ,180.0,No ,No,Online,28-Jul-2025 02:30 PM,Public Works Roads Department,Naduar,784175.0,2.0,"5,35,95,000",NEERAJ ENTERPRISE,"53,592,000",Rejected-Finance,09-Jan-2026,Public Works Roads Department
2024_PWD_38920_3,"CE/DEV/TB/202/2024-25/05 Dtd. Guwahati, 06th September, 2024","SOPD_G_24_25_14 Construction of RCC Drain from (Ch. 260.00m to Ch.460.00m, Ch.470.00m to Ch.770.00m RHS) and (Ch. 458.00m to Ch. 1658.00m LHS) and Construction of one no of Box culvert size (2x 5.00m X 5.00m) at Ch.250.00m and its Approach at Silchar","SOPD_G_24_25_14 Construction of RCC Drain from (Ch. 260.00m to Ch.460.00m, Ch.470.00m to Ch.770.00m RHS) and (Ch. 458.00m to Ch. 1658.00m LHS) and Construction of one no of Box culvert size (2x 5.00m X 5.00m) at Ch.250.00m and its Approach at Silchar",Works,Open Tender,Item Rate,Civil Works – Roads,No,No,NA ,10-Sep-2024 12:15 PM,NA ,180.0,No ,No,Online,19-Sep-2024 02:30 PM,Public Works Roads Department,Cachar,788001.0,2.0,"5,54,78,000",DEBOPRIYO DEB,"55,478,000",Rejected-Finance,29-Jan-2026,Public Works Roads Department
2025_HFWD_49139_1,AMSC-IT0PROC/2/2025-IT LOG-AMSC-AMSCL,"Empanelment of service provider for Printing of Poster, Leaflets, Books, Handbooks, Flex Printing, Standee, Hoardings, Graphics Designing etc.","Empanelment of service provider for Printing of Poster, Leaflets, Books, Handbooks, Flex Printing, Standee, Hoardings, Graphics Designing etc.",Services,Open Tender,Empanelment,Miscellaneous Services,No,No,NA ,09-Dec-2025 06:00 PM,15-Dec-2025 03:00 PM ,180.0,No ,No,Online,29-Dec-2025 04:30 PM,Health and Family Welfare Department||Assam Medical Services Corporation Limited,Guwahati,781026.0,1.0,"20,00,000",MEDIA UNLIMITED,1.0,Accepted-AOC,22-Jan-2026,Health and Family Welfare Department||Assam Medical Services Corporation Limited
2025_PWD_42382_1,EE/MDSTRD/957/24-25/SOPDG/2410,"MLD_SOPD_G_2024-25_1 Improvement of Mangaldoi Bhutiachang Road from Ch. 0.00 km to Ch. 1.22 km including road side RCC Drain cum footpath in Mangaldoi, Dalgaon N Sipajhar Territorial Road Division under SOPD-G for the year 2024-25.","MLD_SOPD_G_2024-25_1 Improvement of Mangaldoi Bhutiachang Road from Ch. 0.00 km to Ch. 1.22 km including road side RCC Drain cum footpath in Mangaldoi, Dalgaon N Sipajhar Territorial Road Division under SOPD-G for the year 2024-25.",Works,Open Tender,Item Rate,Civil Works,No,No,NA ,29-Jan-2025 04:00 PM,03-Feb-2025 12:00 PM ,180.0,No ,No,Online,11-Feb-2025 01:00 PM,Public Works Roads Department,Mangaldai,784125.0,2.0,"5,82,23,000",KULEN HAZARIKA,"58,216,288",Accepted-AOC,07-Jan-2026,Public Works Roads Department
2025_WPTBC_45460_1,PTDC/Engg/2024-25/362,Proposal for administrative approval of Rs.200.00 only in Grants-in-aid for Construction of Office building for Assam State Commission for Protection of Child Rights for the year 2024-25 under SOPD-G,Proposal for administrative approval of Rs.200.00 only in Grants-in-aid for Construction of Office building for Assam State Commission for Protection of Child Rights for the year 2024-25 under SOPD-G,Works,Open Tender,Item Rate,Civil Works,No,No,NA ,09-Jul-2025 06:50 PM,20-Jul-2025 02:00 PM ,120.0,No ,No,Online,28-Jul-2025 02:00 PM,Welfare of Plain Tribes and Backward Classes||Director - WPT and BC,"Beltola, Guwahati",781028.0,2.0,"2,00,00,000",NORTH EAST ENTERPRISE,"18,454,151.18",Rejected-AOC,06-Jan-2026,Welfare of Plain Tribes and Backward Classes||Director - WPT and BC
2025_NHM_42765_1,NHM-32049/2/2024-Cons-NHM,"Construction of BPHU at Bokalia CHC in KARBI ANGLONG District under PM ABHIM for the FY 2025-26 under NHM, Assam on Turnkey Basis Group no-11 (1 nos. of Scheme in KARBI ANGLONG District)","Construction of BPHU at Bokalia CHC in KARBI ANGLONG District under PM ABHIM for the FY 2025-26 under NHM, Assam on Turnkey Basis Group no-11 (1 nos. of Scheme in KARBI ANGLONG District)",Works,Open Tender,Turn-key,Civil Works - Building,No,No,NA ,15-Feb-2025 06:00 PM,NA ,180.0,No ,No,Online,26-Feb-2025 03:30 PM,National Health Mission||State Programme Management Unit - NHM,Karbi Anglong,782460.0,2.0,"50,00,000",M.S. Enterprise,"4,325,000",Rejected-Finance,16-Jan-2026,National Health Mission||State Programme Management Unit - NHM
2025_PWD_48511_1,PWD/SPR/SOPD/01/2025/01,EE/STRD/SOPD-G/2025/01,"Improvement of Earthen Road i) At Basapathar, ii) At 1 No Rajapukhuri approach, iii) New Rajapukhuri to Bilgaon, iv) No 3 Santipur to Yampha, v) At Uriamghat Wabari, vi) At Jonakipathar, with Gravel Wearing Course (GWC) for the year 25-26",Works,Open Tender,Item Rate,Civil Works – Roads,No,No,NA ,11-Nov-2025 12:00 PM,17-Nov-2025 12:00 PM ,180.0,No ,No,Online,01-Dec-2025 02:00 PM,Public Works Roads Department||Eastern Zone - PWRD||Golaghat Road Circle||Sarupathar Territorial Road Division,Sarupathar,785601.0,2.0,"46,92,000",Rohit Agarwalla,"4,691,200.05",Rejected-Finance,03-Jan-2026,Public Works Roads Department||Eastern Zone - PWRD||Golaghat Road Circle||Sarupathar Territorial Road Division
2025_SSA_46791_1,E-686287/353,Burha Madhab High School under Biswanath block in Biswanath,"Construction of school building for upgradation from secondary to higher secondary (Arts, Science Commerce) under Samagra Shiksha, Assam",Works,Open Tender,Item Rate,Civil Works - Building,No,No,NA ,21-Aug-2025 01:15 PM,22-Aug-2025 02:00 PM ,180.0,No ,No,Online,05-Sep-2025 03:00 PM,Axom Sarba Siksha Abhijan Mission,"SSA, Kahilipara, Guwahati",781019.0,2.0,"3,76,00,000",M/S S.A. TRADERS,"36,472,000",Rejected-Finance,11-Jan-2026,Axom Sarba Siksha Abhijan Mission
2025_PWD_47090_1,CE/DEV/TB/549/2022-23/21 Dt-20-08-2025,"MMPPNA_22_23_304 Construction of road from (i) Tipong Gate to NH-153 via Nepali Gaon, (ii) Jagun Bishnupur to Lakla tinkupani Via Tinku Pather including routine maintenance for 4 (four) years under Mukhya Mantrir Paki Path Nirman Achani for the year","MMPPNA_22_23_304 Construction of road from (i) Tipong Gate to NH-153 via Nepali Gaon, (ii) Jagun Bishnupur to Lakla tinkupani Via Tinku Pather including routine maintenance for 4 (four) years under Mukhya Mantrir Paki Path Nirman Achani for the year",Works,Open Tender,Item Rate,Civil Works – Roads,No,No,NA ,29-Aug-2025 01:00 PM,02-Sep-2025 12:00 PM ,180.0,No ,No,Online,16-Sep-2025 02:30 PM,Public Works Roads Department,Margherita,786181.0,2.0,"2,13,00,000",M/S Subhash Mitra,"24,457,779",Rejected-Finance,30-Jan-2026,Public Works Roads Department
2025_WPTBC_49297_1,SCDCBWSADIYA1,"Extension of Boundary Wall at Sadhani Samannay Khetra, Sadiya","Extension of Boundary Wall at Sadhani Samannay Khetra, Sadiya",Works,Open Tender,Item Rate,Civil Works,No,No,NA ,12-Dec-2025 03:45 PM,NA ,180.0,No ,No,Online,19-Dec-2025 03:00 PM,Welfare of Plain Tribes and Backward Classes||Directorate of Welfare of Scheduled Caste||Assam State Development Corporation for SC,"DISPUR, GHY-06",781006.0,2.0,"25,00,000",Sri Abon Borah,"2,500,000",Rejected-Technical,22-Jan-2026,Welfare of Plain Tribes and Backward Classes||Directorate of Welfare of Scheduled Caste||Assam State Development Corporation for SC
2025_PWRDW_44749_1,CE/EAP/ARRBP/01TENDERS2024/59,Construction of Bridge in Barpeta district i) Br. No. 1/1 on Dr. Zakir Hussain HS to Shantipur Road,Pkg. No. CE/EAP/ARRBP/OCB/Bridge-1/Barpeta/11A Construction of Bridge in Barpeta district i) Br. No. 1/1 on Dr. Zakir Hussain HS to Shantipur Road,Works,Open Tender,Item Rate,Civil Works - Bridges,No,No,NA ,05-Jun-2025 03:30 PM,13-Jun-2025 11:00 AM ,180.0,No ,No,Online,25-Jun-2025 02:30 PM,Public Works Roads Department-Externally Aided Project||Public Works Road Department- World Bank Funded Tenders||Assam State Bridge Infrastructure Program,Barpeta,781301.0,2.0,"3,20,79,000",FAYZAL HOQUE,"33,681,876.49",Accepted-AOC,28-Jan-2026,Public Works Roads Department-Externally Aided Project||Public Works Road Department- World Bank Funded Tenders||Assam State Bridge Infrastructure Program
2025_APGCL_44042_1,GM/NTPS/2025-7,Hydraulic filter elements,"Hydraulic Filter Elements for SRV (stope ratio valve) and GCVs (Gas Control Valves) of Gas Turbine unit at Namrup Replacement Power Project (NRPP), NTPS, APGCL, Namrup.",Goods,Open Tender,Tender cum Auction,Supply of Materials,No,No,NA ,10-Apr-2025 10:00 AM,NA ,180.0,No ,No,Online,30-May-2025 12:00 PM,Assam Power Generation Company Limited,Namrup Thermal Power Station,786622.0,2.0,,Bharat Hydrotech Services,"54,298",Accepted-AOC,18-Sep-2025,Assam Power Generation Company Limited
2025_PWD_45408_93,CE/DEV/TB/60/2025-26/01 Dtd- 21.06.2025,"MMPPNA_RIDF_XXXI_25_26_145 Construction of Road from (1) Niz -Namati Ahilapara namghar link road to Niznaati -Rangamati Shiva Mandir, (2) NH-31 at 657 no. Barjar LP School to Professor colony connecting road, (3) Tihu Akhra Road to Morapagaldia Embkt","MMPPNA_RIDF_XXXI_25_26_145 Construction of Road from (1) Niz -Namati Ahilapara namghar link road to Niznaati -Rangamati Shiva Mandir, (2) NH-31 at 657 no. Barjar LP School to Professor colony connecting road, (3) Tihu Akhra Road to Morapagaldia Embkt",Works,Open Tender,Item Rate,Civil Works – Roads,No,No,NA ,11-Jul-2025 06:00 PM,17-Jul-2025 12:00 PM ,180.0,No ,No,Online,28-Jul-2025 02:30 PM,Public Works Roads Department,Tihu,781371.0,2.0,"4,70,80,000",Jiyaur Pasa,"46,970,000",Accepted-AOC,30-Jan-2026,Public Works Roads Department
2025_PWD_45408_87,CE/DEV/TB/60/2025-26/01 Dtd- 21.06.2025,MMPPNA_RIDF_XXXI_25_26_99 Construction of road from (1) B.J Road to Bharalichuba (Monpur Pothar) (2) M.P.K Road to Howly Mohanpur via Bamunpara Durga Mandir (3) Mautpara to Milanchuburi (Tamulipara) (4) Dharmeswari pukhuri to Randhanisatra road (5) G,MMPPNA_RIDF_XXXI_25_26_99 Construction of road from (1) B.J Road to Bharalichuba (Monpur Pothar) (2) M.P.K Road to Howly Mohanpur via Bamunpara Durga Mandir (3) Mautpara to Milanchuburi (Tamulipara) (4) Dharmeswari pukhuri to Randhanisatra road (5) G,Works,Open Tender,Item Rate,Civil Works – Roads,No,No,NA ,11-Jul-2025 04:00 PM,17-Jul-2025 12:00 PM ,180.0,No ,No,Online,28-Jul-2025 02:30 PM,Public Works Roads Department,Mangaldai,784125.0,2.0,"4,54,64,000",RAJLOSON SARMA,"45,454,000",Rejected-Finance,22-Jan-2026,Public Works Roads Department
2025_DoWR_47449_1,TAMULPUR/2025-26/RIDF/V,"Construction of embankment on L/B of river Pagladia from Charanjungle to Palokata, Package 1.","Construction of embankment on L/B of river Pagladia from Charanjungle to Palokata, Package 1.",Works,Open Tender,Works,Civil Works,No,No,NA ,10-Sep-2025 06:55 PM,NA ,180.0,No ,No,Online,04-Oct-2025 03:00 PM,Department of Water Resources||Chief Engineer - DoWR,TAMULPUR,781367.0,2.0,"3,36,71,410",GLOBAL INFRASTRUCTURE,"33,661,187.78",Accepted-AOC,22-Jan-2026,Department of Water Resources||Chief Engineer - DoWR
2025_WPTBC_49167_1,SCDCStadiumSapekhati,"Construction of Mini Outdoor Stadium at Sapekhati Sports Association, Sapekhati, Charaideo, Sonari LAC","Construction of Mini Outdoor Stadium at Sapekhati Sports Association, Sapekhati, Charaideo, Sonari LAC",Works,Open Tender,Item Rate,Civil Works,No,No,NA ,10-Dec-2025 06:00 PM,12-Dec-2025 12:00 PM ,180.0,No ,No,Online,29-Dec-2025 03:00 PM,Welfare of Plain Tribes and Backward Classes||Directorate of Welfare of Scheduled Caste||Assam State Development Corporation for SC,"DISPUR, GHY-06",781006.0,2.0,"1,99,60,000",Jugal Kishor Bania,"19,960,000",Rejected-Technical,12-Jan-2026,Welfare of Plain Tribes and Backward Classes||Directorate of Welfare of Scheduled Caste||Assam State Development Corporation for SC
2025_UDD_48608_1,LMB-544/2025/1013,"Request for Proposal to Select an Agency/Bidder for Construction of Retail Vegetable Market Building at Lanka Bazar, Lanka, Assam","Request for Proposal to Select an Agency/Bidder for Construction of Retail Vegetable Market Building at Lanka Bazar, Lanka, Assam",Works,Open Tender,Percentage,Civil Works,No,No,NA ,13-Nov-2025 04:15 PM,19-Nov-2025 11:30 AM ,180.0,No ,No,Online,08-Dec-2025 02:00 PM,Urban Development Department||Directorate of Municipality Administration - UDD||Lanka Municipal Board,"Lanka, Assam",782446.0,2.0,"2,48,16,445",M/S BHOWMIK ENTERPRISE,"22,334,800.5",Rejected-Finance,28-Jan-2026,Urban Development Department||Directorate of Municipality Administration - UDD||Lanka Municipal Board
2025_ID_48490_4,20 (SOPD-G) 2025-26 Date_07.11.2025,"Renovation and Remodelling of LIS from River Dikhow in Nazira Mouza (Sundarpukhuri) under SOPD-G for the year 2025-26 Nazira Division, Irrigation, Nazira (Package no. 04","Renovation and Remodelling of LIS from River Dikhow in Nazira Mouza (Sundarpukhuri) under SOPD-G for the year 2025-26 Nazira Division, Irrigation, Nazira (Package no. 04",Works,Open Tender,Item Rate,Civil Works,No,No,NA ,08-Nov-2025 10:00 AM,13-Nov-2025 02:00 PM ,180.0,No ,No,Online,01-Dec-2025 03:00 PM,Irrigation Department||Chief Engineer(Major)-Irrigation Dept,Nazira,785685.0,2.0,"2,46,56,150",SUMIT CHACHAN,"24,649,573",Rejected-Finance,29-Jan-2026,Irrigation Department||Chief Engineer(Major)-Irrigation Dept
2025_WPTBC_45451_1,PTDC/Engg/2024-25/364,"Submission of proposal for Administrative approval of Rs 75.00 Lakhs of Model Estimate for construction of G plus 1 RCC DSWO building at Hojai district, Assam During the year 2024-25","Submission of proposal for Administrative approval of Rs 75.00 Lakhs of Model Estimate for construction of G plus 1 RCC DSWO building at Hojai district, Assam During the year 2024-25",Works,Open Tender,Item Rate,Civil Works,No,No,NA ,08-Jul-2025 05:30 PM,20-Jul-2025 02:00 PM ,120.0,No ,No,Online,28-Jul-2025 02:00 PM,Welfare of Plain Tribes and Backward Classes||Director - WPT and BC,Hojai,782435.0,2.0,"75,00,000",AMIT KUMAR JAIN,"6,971,435.21",Accepted-AOC,06-Jan-2026,Welfare of Plain Tribes and Backward Classes||Director - WPT and BC
2025_DHTS_49093_1,"SDW.1333/2025-26/73/27, Dated21/11/2025",Construction of Jali House cum Working shed,"Construction of Jali House cum Working shed at Ambuk CMG, Goalpara under SOPD-G",Works,Open Tender,Works,Civil Works,No,No,NA ,06-Dec-2025 06:00 PM,10-Dec-2025 03:00 PM ,180.0,No ,No,Online,23-Dec-2025 12:30 PM,Department of Handloom Textile and Sericulture||Directorate of Sericulture,"Ambuk CMG, Goalpara",781022.0,2.0,"25,00,000",DEVAJIT BORSAIKIA,"1,999,995",Rejected-AOC,29-Jan-2026,Department of Handloom Textile and Sericulture||Directorate of Sericulture
2025_PWD_45827_105,CE/MAINT/SOPDG/01/2025-26/02,MAINT/SOPD-G/2025-26/134,"MAINT/SOPD-G/2025-26/134 1_Improvement of GWC road from Dhumerghat Tarangapur Road to EandD Bundh via Giasuddin House (From Ch 0.00 m to Ch 310.00 m, Length_ 310.00m), 2_ Improvement of GWC Road from Kamarpara Bazar to Takimari Madhupur (From Ch 0.0",Works,Open Tender,Item Rate,Civil Works – Roads,No,No,NA ,24-Jul-2025 06:00 PM,25-Jul-2025 02:00 PM ,180.0,No ,No,Online,14-Aug-2025 11:00 AM,Public Works Roads Department,Goalpara,783101.0,2.0,"1,64,67,000",Jeherul Islam,"16,466,100",Accepted-AOC,07-Jan-2026,Public Works Roads Department
2025_PWD_45827_111,CE/MAINT/SOPDG/01/2025-26/02,MAINT/SOPD-G/2025-26/84,MAINT/SOPD-G/2025-26/84_Construction of Barkhara-Barmura road to Digirper village from Ch.0.00 km to 0.68KM _Length _ 0.68 KM under SOPD-G for the year 2025-26 of Rangia LAC.,Works,Open Tender,Item Rate,Civil Works – Roads,No,No,NA ,25-Jul-2025 12:00 PM,26-Jul-2025 02:00 PM ,180.0,No ,No,Online,14-Aug-2025 11:00 AM,Public Works Roads Department,Kamrup Rural,781354.0,2.0,"55,95,000",BRAJEN DEKA,"5,595,000",Rejected-Finance,20-Jan-2026,Public Works Roads Department
2025_PWD_46604_37,CE/STBR/SOPD-G/NIT/07/2025 26/8 Dated 29-07-2025,STBR/SOPD-G/Jagiroad-19/63 Improvemt of road from NH-37 to Morikolong via Aahatguri Bazar under SOPD-G in Morigaon District for the year 2025-26.for the year 2025-26,STBR/SOPD-G/Jagiroad-19/63 Improvemt of road from NH-37 to Morikolong via Aahatguri Bazar under SOPD-G in Morigaon District for the year 2025-26.for the year 2025-26,Works,Open Tender,Item Rate,Civil Works – Roads,No,No,NA ,21-Aug-2025 12:00 PM,22-Aug-2025 11:00 AM ,180.0,No ,No,Online,02-Sep-2025 11:00 AM,Public Works Roads Department,JAGIROAD,782410.0,2.0,"43,04,000",RCN Constructions Pvt Ltd,"4,303,989",Accepted-AOC,09-Jan-2026,Public Works Roads Department
2025_UDD_49429_1,CPKMB/SBM(U)/2025-26/88 dated 17.12.2025,"Request for proposal to construct a Material Recovery Facility and Waste to Compost Plant (Phase-I) at Chapakhowa Municipal Board, Assam.","Request for proposal to construct a Material Recovery Facility and Waste to Compost Plant (Phase-I) at Chapakhowa Municipal Board, Assam.",Works,Open Tender,Works,Composite Works,No,No,NA ,17-Dec-2025 06:30 PM,30-Dec-2025 12:00 PM ,120.0,No ,No,Online,08-Jan-2026 11:00 AM,Urban Development Department||Directorate of Municipality Administration - UDD||Chapakhowa Municipal Board,CHAPAKHOWA SADIYA TINSUKIA,786157.0,2.0,"1,50,00,000",Call And Fix,"15,000,000",Accepted-AOC,12-Jan-2026,Urban Development Department||Directorate of Municipality Administration - UDD||Chapakhowa Municipal Board
2025_PWD_48393_6,SKTRD/Tech/106/2025-26,SKTRD/SOPD-G/25-26/10,Improvement of Road (GWC) from Natun Kathami Bazar to Mouth Abbu Quabasis Acadamy Road under SOPD (G) for the year 2025-26,Works,Open Tender,Item Rate,Civil Works – Roads,No,No,NA ,04-Nov-2025 02:00 PM,10-Nov-2025 12:00 PM ,180.0,No ,No,Online,17-Nov-2025 02:30 PM,Public Works Roads Department,Kamrup Rural,781125.0,2.0,"16,50,000",Ashique Enterprise,"1,649,991",Accepted-AOC,22-Jan-2026,Public Works Roads Department
2025_DoWR_48169_1,JORHAT/2025-26/NDMF/IV,"Flood mitigation by capacity augmentation of Dorikamari Wetland for Flood Regulation of River Bhogdoi, Package 2.","Flood mitigation by capacity augmentation of Dorikamari Wetland for Flood Regulation of River Bhogdoi, Package 2.",Works,Open Tender,Works,Civil Works,No,No,NA ,18-Oct-2025 06:55 PM,NA ,180.0,No ,No,Online,07-Nov-2025 03:00 PM,Department of Water Resources||Chief Engineer - DoWR,JORHAT,785001.0,2.0,"20,78,49,421",Prasanta Bayan,"207,799,999.99",Rejected-Technical,29-Jan-2026,Department of Water Resources||Chief Engineer - DoWR
2025_HFWD_48353_2,DMCH/NHM/IDSP/2025/156/1179,Supply of Consumable and Reagent for IDSP on Rate Contract Basis,Supply of Consumable and Reagent for IDSP on Rate Contract Basis,Goods,Open Tender,Supply,Lab Chemistry Reagents,No,No,NA ,18-Nov-2025 05:00 PM,NA ,60.0,No ,No,Online,01-Dec-2025 12:00 PM,Health and Family Welfare Department||Directorate of Medical Education-HFWD||Dhubri Medical College and Hospital-HFWD,Dhubri Medical College and Hospital,783325.0,2.0,"1,50,000",Jyoti Pharmaceuticals,"150,000",Accepted-AOC,03-Jan-2026,Health and Family Welfare Department||Directorate of Medical Education-HFWD||Dhubri Medical College and Hospital-HFWD
2025_PWD_45820_36,CE/STBR/SOPD-G/NIT/07/2025 26/1 Dated 26-06-2025,STBR/SOPD-G/Jalukbari-48/87 Reapir and Renovation of PWD IB Amingaon under SOPD-G for the year 2025-26,STBR/SOPD-G/Jalukbari-48/87 Reapir and Renovation of PWD IB Amingaon under SOPD-G for the year 2025-26,Works,Open Tender,Item Rate,Civil Works – Roads,No,No,NA ,23-Jul-2025 12:00 PM,30-Jul-2025 11:00 AM ,180.0,No ,No,Online,19-Aug-2025 11:00 AM,Public Works Roads Department,Jalukbari,781013.0,2.0,"25,00,000",M/S Loyal Trading,"2,499,988",Accepted-AOC,06-Jan-2026,Public Works Roads Department
2025_IPRPS_48825_1,E-1505143,"Printing and Supply of Greetings card, 2026","Printing and Supply of Greetings card, 2026",Goods,Open Tender,Supply,Supply of Materials,No,No,NA ,21-Nov-2025 06:00 PM,NA ,180.0,No ,No,Online,28-Nov-2025 01:00 PM,Information - Public Relations - Printing and Stationery Department||Directorate of Printing and Stationery-Assam,Directorate of printing and Stationery,781021.0,2.0,"4,72,00,000",AM PUBLICATION,"47,200,000",Not Admitted-Finance,12-Jan-2026,Information - Public Relations - Printing and Stationery Department||Directorate of Printing and Stationery-Assam
2025_DoIT_44837_1,AEDC/AS/2025-26/001,Annual Maintenance of Overhead fibre network,Annual Maintenance of Overhead fibre network,Services,Open Tender,Item Wise,Miscellaneous Services,No,No,NA ,11-Jun-2025 04:00 PM,NA ,730.0,No ,No,Online,11-Jul-2025 11:30 AM,Principal Secretary-Department of Information Technology||Assam Electronics Development Corporation Ltd-DoIT,Guwahati,781021.0,2.0,,TRIDENT SOLUTION,"8,485,380",Rejected-Technical,13-Jan-2026,Principal Secretary-Department of Information Technology||Assam Electronics Development Corporation Ltd-DoIT
2025_PWBNH_43486_1,T/TB-1/45/2024/11 Dated 03/03/2025,"Redevelopment of R.G. Baruah Sports Complex, Guwahati, Kamrup, Assam","Redevelopment of R.G. Baruah Sports Complex, Guwahati, Kamrup, Assam",Works,Open Tender,Item Rate,Civil Works - Building,No,No,NA ,13-Mar-2025 05:00 PM,18-Mar-2025 11:30 AM ,180.0,No ,No,Online,11-Apr-2025 04:30 PM,Public Works Building and NH Department||Chief Engineer-Building - PWBNH,Kamrup,781007.0,2.0,"5,45,84,52,439",Larsen and Toubro Limited,"7,250,000,000",Accepted-AOC,17-Jan-2026,Public Works Building and NH Department||Chief Engineer-Building - PWBNH
2025_PWD_45827_104,CE/MAINT/SOPDG/01/2025-26/02,MAINT/SOPD-G/2025-26/06,"MAINT/SOPD-G/2025-26/06_1_Improvement of office building and B of Abhayapuri Territoral Road Sub-Division , 2_Re-Construction of Barghola Kirtanpara Road, 3_Construction of road from Gerukabari Part-III to Jamdoha via Jamdoha LP School, 4_Constructi",Works,Open Tender,Item Rate,Civil Works – Roads,No,No,NA ,24-Jul-2025 06:00 PM,24-Jul-2025 06:00 PM ,180.0,No ,No,Online,14-Aug-2025 11:00 AM,Public Works Roads Department,Abhayapuri,783384.0,2.0,"73,17,000",NITISH KUMAR DAS,"7,313,325",Rejected-Finance,05-Jan-2026,Public Works Roads Department
2025_PHED_48821_1,SEPH/GC/TB-152/Vol-35/25-26,Renovation of Pub Krishna Nagar PWSS,Renovation of Pub Krishna Nagar PWSS under Guwahati Division No. I under SOPD-G for the year 2024-25,Works,Open Tender,Item Rate,Civil Works,No,No,NA ,21-Nov-2025 06:00 PM,28-Nov-2025 02:00 PM ,90.0,No ,No,Online,23-Dec-2025 03:00 PM,Public Health Engineering Department||Chief Engineer PHE(P)-Assam-PHED||Lower Assam Zone-Guwahati-PHED||Guwahati Circle-Guwahati-PHED,Japorigog,781005.0,2.0,"56,20,000",AVANEESH ASSOCIATES,"5,618,954",Accepted-AOC,19-Jan-2026,Public Health Engineering Department||Chief Engineer PHE(P)-Assam-PHED||Lower Assam Zone-Guwahati-PHED||Guwahati Circle-Guwahati-PHED
2025_AEGCL_46843_1,AEGCL/DGM/LAC/TLS-69/2025/801,Procurement of furniture at Transit camp officers hostel security and staff quarters at 132kV AIIMS GSS,Procurement of furniture at Transit camp officers hostel security and staff quarters at 132kV AIIMS GSS,Goods,Open Tender,Supply,Furniture/ Fixture,No,No,NA ,22-Aug-2025 02:00 PM,NA ,180.0,No ,No,Online,26-Sep-2025 03:00 PM,Assam Electricity Grid Corporation Ltd||CGM (T and T),"132KV AIIMS GSS, Changsari",781101.0,2.0,"24,45,287",ENAJORI ENTERPRISE,"2,058,982",Rejected-Technical,22-Jan-2026,Assam Electricity Grid Corporation Ltd||CGM (T and T)
2025_NHM_43903_1,NHM/ECF/311637,Construction of Buildingless Sub Health Centre in Patacharkuchi SC in Barpeta District under PM ABHIM for the FY 2022 23 under NHM Assam on Turn Key Basis,Construction of Buildingless Sub Health Centre in Patacharkuchi SC in Barpeta District under PM ABHIM for the FY 2022 23 under NHM Assam on Turn Key Basis,Works,Open Tender,Turn-key,Civil Works - Building,No,No,NA ,02-Apr-2025 12:00 PM,NA ,180.0,No ,No,Online,23-Apr-2025 03:30 PM,National Health Mission||State Programme Management Unit - NHM,Barpeta,781301.0,2.0,"52,03,000",Sri Utpal Patgiri,"4,682,700",Not Admitted-Fee/PreQual/Technical,16-Jan-2026,National Health Mission||State Programme Management Unit - NHM
2025_ICD_48943_1,APL/CnP/HR/2025-26/547,"Consultancy Service for creation, design and development of Assam Pavilion Stall at the India Energy Week (IEW 2026) International Oil and Gas Conference and Exhibition as per scope of work provided in tender documents.","Consultancy Service for creation, design and development of Assam Pavilion Stall at the India Energy Week (IEW 2026) International Oil and Gas Conference and Exhibition as per scope of work provided in tender documents.",Services,Open Tender,Item Rate,Consultancy,No,No,NA ,29-Nov-2025 01:00 PM,NA ,180.0,No ,No,Online,19-Dec-2025 03:00 PM,Industries and Commerce Department||Assam Petro-Chemicals Ltd.||Head office Namrup||Materials Management Department,APL Namrup,786623.0,2.0,"80,00,000",GRASSROOT EVENTS AND ADVERTISING PRIVATE LIMITED,"7,600,000",Rejected-Finance,10-Jan-2026,Industries and Commerce Department||Assam Petro-Chemicals Ltd.||Head office Namrup||Materials Management Department
2024_HFWD_38506_1,"TMCH/NHM/03/2018-19/74, dtd. 13.08.2024",Supply of Medicines Surgicals Consumables for O and G and Paediatrics Deptt TMCH,Supply of Medicines Surgicals Consumables for O and G and Paediatrics Deptt TMCH,Goods,Open Tender,Supply,Miscellaneous Goods,No,No,NA ,16-Aug-2024 05:30 PM,NA ,90.0,No ,No,Online,31-Aug-2024 02:00 PM,Health and Family Welfare Department||Directorate of Medical Education-HFWD||Tezpur Medical College and Hospital-HFWD,"Tezpur Medical College, Bihaguri, Tezpur, Sonitpur",784010.0,2.0,,SRL Associates,0,Accepted-AOC,24-Oct-2024,Health and Family Welfare Department||Directorate of Medical Education-HFWD||Tezpur Medical College and Hospital-HFWD
2025_PWBNH_48832_1,EE/NBD/DCBunglow/25-26/4049-A,"Repairing of D.C. Bunglow, Nagaon, Assam for the year 2023-24","Repairing of D.C. Bunglow, Nagaon, Assam for the year 2023-24",Works,Open Tender,Item Wise,Civil Works - Building,No,No,NA ,26-Nov-2025 11:00 AM,27-Nov-2025 11:00 AM ,180.0,No ,No,Online,17-Dec-2025 02:30 PM,Public Works Building and NH Department||Chief Engineer-Building - PWBNH,"DC Bunglow, Nagaon",782001.0,2.0,"23,60,486",M/S Nirupama Enterprise,"2,360,486",Accepted-AOC,03-Jan-2026,Public Works Building and NH Department||Chief Engineer-Building - PWBNH
2025_MMD_45585_1,Ref. No. AMDC/P/443/Pt-I/2025-26/724,"Engagement of MDO and sale of the Coal on revenue sharing basis with AMDCL from the block, Binja Coal Mine, Distt- Ramgarh, Jharkhand","Engagement of MDO and sale of the Coal on revenue sharing basis with AMDCL from the block, Binja Coal Mine, Distt- Ramgarh, Jharkhand",Services,Open Tender,Item Rate,Miscellaneous Services,No,No,NA ,15-Jul-2025 06:00 PM,24-Jul-2025 11:00 AM ,180.0,No ,No,Online,13-Aug-2025 11:00 AM,Mines and Minerals Department||Assam Mineral Development Corporation Limited,Jharkhand,829122.0,2.0,0.0,Asasa International Mining Private Limited,5.5,Accepted-AOC,06-Jan-2026,Mines and Minerals Department||Assam Mineral Development Corporation Limited
2025_BTC_48583_1,No.ACE-31/EDN/IFB/2025-26/16,"Construction of 50 bedded hostel separately for boys and girls at PM Kalipukhuri High School, Kokrajhar. TN_61_1","Construction of 50 bedded hostel separately for boys and girls at PM Kalipukhuri High School, Kokrajhar. TN_61_1",Works,Open Tender,Item Rate,Civil Works - Building,No,No,NA ,13-Nov-2025 11:00 AM,NA ,180.0,No ,No,Online,05-Dec-2025 02:00 PM,Bodoland Territorial Council-PWD||Director Cum CHD - PWD BTC,kokrajhar,783370.0,2.0,"3,82,67,142",DIKUM BASUMATARY,"38,266,956.51",Rejected-AOC,02-Jan-2026,Bodoland Territorial Council-PWD||Director Cum CHD - PWD BTC
2025_SSA_46744_1,E-686287/353,867 Fulnoi Char LP School under Mondia block in Barpeta,"Construction of school building for upgradation from upper primary to secondary under Samagra Shiksha, Assam",Works,Open Tender,Item Rate,Civil Works - Building,No,No,NA ,20-Aug-2025 03:15 PM,21-Aug-2025 12:00 PM ,180.0,No ,No,Online,05-Sep-2025 03:00 PM,Axom Sarba Siksha Abhijan Mission,"SSA, Kahilipara, Guwahati",781019.0,2.0,"1,61,60,000",AMINUR RAHMAN,"16,092,000",Accepted-AOC,07-Jan-2026,Axom Sarba Siksha Abhijan Mission
2025_GMDA_43820_1,GMDA/DEV/02/2025/29,De-siltation of Pamohi Channel and NH-27 Southern side drain from Royal Global University entrance point to Katabari by engaging fleet of machineries.,De-siltation of Pamohi Channel and NH-27 Southern side drain from Royal Global University entrance point to Katabari by engaging fleet of machineries.,Works,Open Tender,Item Rate,Civil Works,No,No,NA ,27-Mar-2025 02:20 PM,NA ,180.0,No ,No,Online,17-Apr-2025 03:00 PM,Guwahati Metropolitan Development Authority||Guwahati Development Department - GMDA,Garchuk,781035.0,2.0,"1,43,20,503",Bhaba Kanta Nath,"14,300,672",Accepted-AOC,06-Jan-2026,Guwahati Metropolitan Development Authority||Guwahati Development Department - GMDA
2025_DoIT_44915_1,AEDC/IT/ICTI/CB/24-25/551,"Supply, Installation, Commissioning and Maintenance of All in One Desktop Computer, Laser Printer and Line Interactive UPS","Supply, Installation, Commissioning and Maintenance of All in One Desktop Computer, Laser Printer and Line Interactive UPS",Services,Open Tender,Item Rate,Information Technology,No,No,NA ,17-Jun-2025 11:00 AM,NA ,180.0,No ,No,Online,07-Jul-2025 01:30 PM,Principal Secretary-Department of Information Technology||Assam Electronics Development Corporation Ltd-DoIT,Assam,781021.0,2.0,,Computer World Services,"9,887,220",Accepted-AOC,07-Aug-2025,Principal Secretary-Department of Information Technology||Assam Electronics Development Corporation Ltd-DoIT
2025_PWD_47651_2,CE/DEV/TB/116/2025-26/10 Dtd- 28.08.2025,ASOM_MALA_3.0_25_26_10 Improvement and Upgradation of Road from Chowkihola-Panjan Deitor-Malasi-Dirring-Kohora Road (CPDMDK) (From Ch. 16.00km to 52.00 km) under Asom Mala 3.0 for the year of 2025-26.,ASOM_MALA_3.0_25_26_10 Improvement and Upgradation of Road from Chowkihola-Panjan Deitor-Malasi-Dirring-Kohora Road (CPDMDK) (From Ch. 16.00km to 52.00 km) under Asom Mala 3.0 for the year of 2025-26.,Works,Open Tender,Item Rate,Civil Works – Roads,No,No,NA ,24-Sep-2025 09:00 AM,24-Sep-2025 12:00 PM ,180.0,No ,No,Online,07-Oct-2025 02:30 PM,Public Works Roads Department,Karbi Anglong,782413.0,2.0,"95,05,33,000",M/S NN CONSTRUCTION-M/S BRIGHT ENGINEERS-JV,"950,533,000",Rejected-Finance,19-Jan-2026,Public Works Roads Department
2025_WREAP_44330_1,639737/52,Conducting Baseline Socio-Economic and Census Survey Related to Social Impact Assessment under Additional Financing (Phase 2) of CRBIFRERMP,Conducting Baseline Socio-Economic and Census Survey Related to Social Impact Assessment under Additional Financing (Phase 2) of CRBIFRERMP,Services,Open Tender,Lump-sum,Miscellaneous Services,No,No,NA ,16-May-2025 06:30 PM,20-May-2025 12:00 PM ,90.0,No ,No,Not Applicable,03-Jun-2025 04:00 PM,Department of Water Resources-Externally Aided Project||Flood and River Erosion Management Agency of Assam||WRD- ADB Funded Tenders,Assam,781029.0,1.0,,INFER DEVELOPMENT CONSULTING PRIVATE LIMITED,"5,723,000",Rejected-Technical,13-Jan-2026,Department of Water Resources-Externally Aided Project||Flood and River Erosion Management Agency of Assam||WRD- ADB Funded Tenders
2025_ID_48496_1,KNKSD(I)/NIT/2025-26/362 DATED 06/11/2025,Installation of Solar Powered STW Scheme (5 Points) under Karimganj-South LAC under SOPD-G for the year 2025-26,Installation of Solar Powered STW Scheme (5 Points) under Karimganj-South LAC under SOPD-G for the year 2025-26,Works,Open Tender,Item Rate,Composite Works,No,No,NA ,10-Nov-2025 09:00 AM,NA ,180.0,No ,No,Online,09-Dec-2025 01:00 PM,Irrigation Department||Chief Engineer(Minor Irrigation)-Irrigation Dept||Cachar-karimganj Circle||Karimganj North Karimganj South Badarpur Division,Karimganj South,788712.0,2.0,"36,06,205",M/S Tauhid Infra Developers Private Limited,"3,245,584.5",Rejected-Technical,23-Jan-2026,Irrigation Department||Chief Engineer(Minor Irrigation)-Irrigation Dept||Cachar-karimganj Circle||Karimganj North Karimganj South Badarpur Division
2025_DoWR_44356_2,MORIGAON/2024-25/M AND R/V,M and R to protect left bank at Amlighat area from erosion of river Killing for the year 2024-2025.,M and R to protect left bank at Amlighat area from erosion of river Killing for the year 2024-2025.,Works,Open Tender,Works,Civil Works,No,No,NA ,13-Jun-2025 06:55 PM,NA ,180.0,No ,No,Online,02-Jul-2025 03:00 PM,Department of Water Resources||Chief Engineer - DoWR,Morigaon,782105.0,2.0,"1,19,99,673",D KUMAR AND COMPANY,"10,799,706",Accepted-AOC,19-Jan-2026,Department of Water Resources||Chief Engineer - DoWR
2025_PWD_48216_1,CE/DEV/TB/116/2025-26/45 Dtd- 14.10.2025,"ASOM_MALA_3.0_25_26_43 Construction of road from SH-3 at Jhargaon to Maloibari via Diprang Borpak under Asom Mala 3.0 for the year 2025-26 of Morigaon District, Jagiroad LAC (SC)","ASOM_MALA_3.0_25_26_43 Construction of road from SH-3 at Jhargaon to Maloibari via Diprang Borpak under Asom Mala 3.0 for the year 2025-26 of Morigaon District, Jagiroad LAC (SC)",Works,Open Tender,Item Rate,Civil Works – Roads,No,No,NA ,23-Oct-2025 09:00 AM,23-Oct-2025 12:00 PM ,180.0,No ,No,Online,07-Nov-2025 02:30 PM,Public Works Roads Department,Morigaon,782410.0,2.0,"60,29,00,000",Rishabh Jain,"602,900,000",Rejected-Finance,06-Jan-2026,Public Works Roads Department
2025_PWD_45926_148,CE/DEV/TB/60/2025-26/06 Dtd- 14.07.2025,"MMPPNA_RIDF_XXXI_25_26_333 Construction of Road Staring at Dighirpar Batabari to Byaspara (Muktijodha) Path via Pandit Badan Saikia Samadhi, Biratchuba Temple approach Roads (L 2.40 Km) under Mukhya Mantrir Paki Path Nirman Achani (MMPPNA) under RIDF","MMPPNA_RIDF_XXXI_25_26_333 Construction of Road Staring at Dighirpar Batabari to Byaspara (Muktijodha) Path via Pandit Badan Saikia Samadhi, Biratchuba Temple approach Roads (L 2.40 Km) under Mukhya Mantrir Paki Path Nirman Achani (MMPPNA) under RIDF",Works,Open Tender,Item Rate,Civil Works – Roads,No,No,NA ,01-Aug-2025 06:00 PM,04-Aug-2025 12:00 PM ,180.0,No ,No,Online,14-Aug-2025 02:30 PM,Public Works Roads Department,Sipajhar,784145.0,2.0,"2,00,76,000",JAGADISH KALITA,"20,072,252",Accepted-AOC,05-Jan-2026,Public Works Roads Department
2025_BoTC_45175_1,DOE/BTC/SS/ReTender_28/2023-24,"Construction of Teachers Residential Quarter at Kasturba Gandhi Balika Vidyalaya, Tamulpur under Samagra Shiksha, Assam","Construction of Teachers Residential Quarter at Kasturba Gandhi Balika Vidyalaya, Tamulpur under Samagra Shiksha, Assam",Works,Open Tender,Works,Civil Works,No,No,NA ,26-Jun-2025 10:00 AM,NA ,180.0,No ,No,Online,17-Jul-2025 12:00 PM,Bodoland Territorial Council||Education-BTC,Tamulpur,781367.0,2.0,"1,19,40,000",LONDON SWARGIARY,"11,915,856.08",Rejected-AOC,13-Jan-2026,Bodoland Territorial Council||Education-BTC
2025_PWD_45827_106,CE/MAINT/SOPDG/01/2025-26/02,MAINT/SOPD-G/2025-26/79,MAINT/SOPD-G/2025-26/79_1_Construction of 3 Cell 5.00m x 5.00m box cell culvert on Mandia Palhaji Road under SOPD_G for the year 2025_26,Works,Open Tender,Item Rate,Civil Works – Roads,No,No,NA ,24-Jul-2025 06:00 PM,25-Jul-2025 02:00 PM ,180.0,No ,No,Online,14-Aug-2025 11:00 AM,Public Works Roads Department,Barpeta,781301.0,2.0,"67,12,000",Ganesh Ch Karmakar,"6,678,440",Rejected-Finance,05-Jan-2026,Public Works Roads Department
2025_HFWD_43234_1,"TMCH/Printing Items/41/2014/Pt.IV/404, dtd. 04/03/2025",Supply of Printing Items in TMCH Tezpur,Supply of Printing Items in TMCH Tezpur,Goods,Open Tender,Supply,Publishing/Printing,No,No,NA ,05-Mar-2025 04:00 PM,NA ,180.0,No ,No,Online,19-Mar-2025 02:00 PM,Health and Family Welfare Department||Directorate of Medical Education-HFWD||Tezpur Medical College and Hospital-HFWD,"Tezpur Medical College, Bihaguri, Tezpur, Sonitpur",784010.0,2.0,,M/S LOTUS COMPUTER,0,Accepted-AOC,01-Apr-2025,Health and Family Welfare Department||Directorate of Medical Education-HFWD||Tezpur Medical College and Hospital-HFWD
2024_ED_35414_1,SNEX.164/WardNo9Dhkiajuli/2023,GRANT OF IMFL OFF RETAIL SHOP NO SNP 14 WARD NO. 9 DHEKIAJULI MUNICIPAL BOARD SONITPUR,GRANT OF IMFL OFF RETAIL SHOP NO SNP 14 WARD NO. 9 DHEKIAJULI MUNICIPAL BOARD SONITPUR,Services,Open Tender,Item Wise,Miscellaneous Services,No,No,NA ,12-Jan-2024 09:00 AM,18-Jan-2024 05:00 PM ,180.0,No ,No,Online,13-Feb-2024 12:00 PM,Excise Department||Commissioner of Excise - ED||O/o SE-Sonitpur-Tezpur - ED,SONITPUR,784001.0,2.0,,MUNINDRA KALITA,"2,024,000",Not Admitted-Finance,10-Dec-2025,Excise Department||Commissioner of Excise - ED||O/o SE-Sonitpur-Tezpur - ED
2025_PWD_45827_15,CE/MAINT/SOPDG/01/2025-26/02,MAINT/SOPD-G/2025-26/25,MAINT/SOPD-G/2025-26/25_mprovement of road from 1_Sonamayee Pt_I _Kalimandir) Village Road_Ch. 0.00 m to Ch. 800.00 m_ under Gravel wearing Course_GWC_ 2_Improvement of Road from Dhanpur to Beltari (Ch. 0.00 m to Ch. 500.00 m) under Gravel wearing Co,Works,Open Tender,Item Rate,Civil Works – Roads,No,No,NA ,22-Jul-2025 12:00 PM,24-Jul-2025 12:00 PM ,180.0,No ,No,Online,14-Aug-2025 11:00 AM,Public Works Roads Department,Dhubri,783301.0,2.0,"1,03,50,000",Aditya Kumar Ghosh,"10,350,000",Accepted-AOC,02-Jan-2026,Public Works Roads Department
2025_PWD_48393_4,SKTRD/Tech/106/2025-26,SKTRD/SOPD-G/25-26/07,Improvement of road (GWC) from E and D to Futuri village road under SOPD (G) for the year 2025_26,Works,Open Tender,Item Rate,Civil Works – Roads,No,No,NA ,04-Nov-2025 02:00 PM,09-Nov-2025 12:00 PM ,180.0,No ,No,Online,17-Nov-2025 02:30 PM,Public Works Roads Department,Kamrup Rural,781125.0,2.0,"12,35,000",Manik Kalita,"1,235,000",Accepted-AOC,09-Jan-2026,Public Works Roads Department
2025_PWD_45827_14,CE/MAINT/SOPDG/01/2025-26/02,MAINT/SOPD-G/2025-26/24,"MAINT/SOPD-G/2025-26/24_1_Construction of SPT Bridge No.3/1 on Tokrabanda to Kazaikata Pt_I road at CH.2850.00m, 2_Improvement of road from Baniapara Immersion Ghat to Hakama Pt_I (Naderalga) Road (Ch. 0.00 m to Ch. 2000.00 m) under Gravel wearing C",Works,Open Tender,Item Rate,Civil Works – Roads,No,No,NA ,22-Jul-2025 12:00 PM,24-Jul-2025 12:00 PM ,180.0,No ,No,Online,14-Aug-2025 11:00 AM,Public Works Roads Department,Dhubri,783301.0,2.0,"1,49,98,000",SAMIN PATHAK,"14,995,900",Rejected-Finance,07-Jan-2026,Public Works Roads Department
2025_DoWR_46777_1,CHARAIDEO/2025-26/SOPD G/IV,Protection of Desang R/B at Shantipur area from the erosion of river Desang under Mahmora LAC.,Protection of Desang R/B at Shantipur area from the erosion of river Desang under Mahmora LAC.,Works,Open Tender,Works,Civil Works,No,No,NA ,20-Aug-2025 06:55 PM,NA ,180.0,No ,No,Online,10-Sep-2025 03:00 PM,Department of Water Resources||Chief Engineer - DoWR,CHARAIDEO,785673.0,2.0,"3,13,73,085",SRI MONTU KONWAR,"31,373,085.66",Rejected-AOC,07-Jan-2026,Department of Water Resources||Chief Engineer - DoWR
2025_PWD_47085_2,CE/DEV/TB/60/2025-26/15 Dtd- 06.08.2025,MMPPNA_RIDF_XXXI_25_26_483 Improvement of Road from (1) Juli Chariali to Borajan including RCC Box Culvert (2) Machkhowa Chariali to No. 1 Khalihamari via Jorkata Kath Gaon (3) Dolguri Chariali To Bilotia Road including RCC Box Culvert under Mukhya,MMPPNA_RIDF_XXXI_25_26_483 Improvement of Road from (1) Juli Chariali to Borajan including RCC Box Culvert (2) Machkhowa Chariali to No. 1 Khalihamari via Jorkata Kath Gaon (3) Dolguri Chariali To Bilotia Road including RCC Box Culvert under Mukhya,Works,Open Tender,Item Rate,Civil Works – Roads,No,No,NA ,29-Aug-2025 09:00 AM,04-Sep-2025 12:00 PM ,180.0,No ,No,Online,19-Sep-2025 02:30 PM,Public Works Roads Department,Sissiborgaon,787110.0,2.0,"4,55,03,000",Pradip Phukan,"45,502,981",Accepted-AOC,28-Jan-2026,Public Works Roads Department
2023_PWRDW_32120_1,CE/EAP/ARRBP/111TENDERS/2023/5,Construction of Bridges in Nalbari district i)Br 1/1 on Paschim Balizar to Mohan Bazaar ii)Br 1/1 on Akhra to Bihampur,CE/EAP/ARRBP/OCB/Bridges-2/Nalbari/01 Construction of Bridges in Nalbari district i)Br 1/1 on Paschim Balizar to Mohan Bazaar ii)Br 1/1 on Akhra to Bihampur,Works,Open Tender,Item Rate,Civil Works - Bridges,No,No,NA ,18-Aug-2023 02:10 PM,23-Aug-2023 11:00 AM ,90.0,No ,No,Online,20-Sep-2023 02:25 PM,Public Works Roads Department-Externally Aided Project||Public Works Road Department- World Bank Funded Tenders||Assam State Bridge Infrastructure Program,Nalbari,781335.0,2.0,"4,06,45,000",Tech.Point Engineers,"38,757,784",Rejected-Technical,02-Jan-2026,Public Works Roads Department-Externally Aided Project||Public Works Road Department- World Bank Funded Tenders||Assam State Bridge Infrastructure Program
2025_PWBNH_44092_3,"CE/TB-VI/RIDF-XXX/1/2024/17 Dated Guwahati the 17th March, 2025","Construction of 126 Secondary Schools in 35 Districts of Assam under RIDF-XXX (2024-25) for (i) I.N. Academy Higher Secondary School, Bilashipara under Dhubri DTBD (Gr-6)","Construction of 126 Secondary Schools in 35 Districts of Assam under RIDF-XXX (2024-25) for (i) I.N. Academy Higher Secondary School, Bilashipara under Dhubri DTBD (Gr-6)",Works,Open Tender,Item Rate,Civil Works - Building,No,No,NA ,17-Apr-2025 05:00 PM,21-Apr-2025 11:30 AM ,180.0,No ,No,Online,15-May-2025 03:00 PM,Public Works Building and NH Department||Chief Engineer-Building - PWBNH,Dhubri,783301.0,2.0,"7,21,85,000",SHREE GAUTAM CONSTRUCTION CO. LTD.,"72,119,500",Rejected-AOC,03-Jan-2026,Public Works Building and NH Department||Chief Engineer-Building - PWBNH
2025_DoWR_48049_2,JORHAT/2025-26/NDMF/I,"Augmentation of Storage Capacity of Jelengitup Chinamornigarh Wetland for flood regulation, Package 1.","Augmentation of Storage Capacity of Jelengitup Chinamornigarh Wetland for flood regulation, Package 1.",Works,Open Tender,Works,Civil Works,No,No,NA ,10-Nov-2025 06:55 PM,NA ,180.0,No ,No,Online,21-Nov-2025 03:00 PM,Department of Water Resources||Chief Engineer - DoWR,Jorhat,785001.0,2.0,"18,46,89,041",SANJIB BORUAH,"184,678,941.3",Accepted-AOC,30-Jan-2026,Department of Water Resources||Chief Engineer - DoWR
2025_HFWD_48273_1,DMCH/Almira and Rack/2025/161/1172,Supply Rack and Almira,Supply Rack and Almira,Goods,Open Tender,Item Wise,Furniture/ Fixture,No,No,NA ,28-Oct-2025 03:00 PM,NA ,60.0,No ,No,Online,15-Nov-2025 12:00 PM,Health and Family Welfare Department||Directorate of Medical Education-HFWD||Dhubri Medical College and Hospital-HFWD,Dhubri Medical College and Hospital,783325.0,2.0,"5,00,000",Trade Supply India,"250,000",Rejected-Technical,03-Jan-2026,Health and Family Welfare Department||Directorate of Medical Education-HFWD||Dhubri Medical College and Hospital-HFWD
2025_PWBNH_48814_1,LBCNL/2025-26/Lakhimpur/GAD,"Construction of Boundary Wall and Main Gate at Deori Cultural Complex at Bordeori Gaon, Narayanpur, Lakhimpur, Assam.","Construction of Boundary Wall and Main Gate at Deori Cultural Complex at Bordeori Gaon, Narayanpur, Lakhimpur, Assam.",Works,Open Tender,Item Rate,Civil Works - Others,No,No,NA ,21-Nov-2025 05:00 PM,02-Dec-2025 03:00 PM ,180.0,No ,No,Online,12-Dec-2025 05:00 PM,Public Works Building and NH Department||Chief Engineer-Building - PWBNH,"LAKHIMPUR BUILDING CIRCLE, NORTH LAKHIMPUR",787001.0,2.0,"1,05,19,300",Jatin Chutia,"8,415,363",Accepted-AOC,03-Jan-2026,Public Works Building and NH Department||Chief Engineer-Building - PWBNH
2025_PWD_46985_1,CE/Commn/16/202526/18(ReBid),Majuli/SOPD/1,"Construction of Boruabari Missing Road under SOPD-G for the year 2025-26 , Majuli LAC, under Majuli District Territorial Road division.",Works,Open Tender,Item Rate,Civil Works – Roads,No,No,NA ,26-Aug-2025 06:00 PM,28-Aug-2025 04:00 PM ,180.0,No ,No,Online,04-Sep-2025 02:30 PM,Public Works Roads Department||CE PWD(R) - PWD||Traffic Engineering Cell - PWD,Majuli,785106.0,2.0,"1,21,66,000",Siddartha Sankar Saikia,"12,166,000",Accepted-AOC,09-Jan-2026,Public Works Roads Department||CE PWD(R) - PWD||Traffic Engineering Cell - PWD
2024_APGCL_38794_1,APGCL/CGM (Gen)/2024-25/33kV HT Panels-KLHEP/17,33 kV HT Indoor Switchgear Panels,"Design, Manufacture, Supply, Installation, Testing and Commissioning of 33 kV HT Indoor Switchgear Panels at Karbi Langpi Hydro Electric Project (KLHEP), APGCL.",Works,Open Tender,Tender cum Auction,Electrical Works,No,No,NA ,05-Sep-2024 09:00 AM,NA ,180.0,No ,No,Online,30-Oct-2024 12:00 PM,Assam Power Generation Company Limited,Karbi Langpi Hydro Electric Project,782450.0,2.0,,HI-TECH CORPORATION,"20,388,493",Accepted-AOC,22-Jan-2026,Assam Power Generation Company Limited
2025_PWD_45408_85,CE/DEV/TB/60/2025-26/01 Dtd- 21.06.2025,MMPPNA_RIDF_XXXI_25_26_97 Construction of road from (1) NH-15 to Saikiapara (2) NH 15 to Bhakatpara link road via Dakchowki Village (3) Kendutal to Lujura Mora Kulsi under Mukhya Mantrir Paki Path Nirman Achani (MMPPNA) under RIDF-XXXI of NABARD for,MMPPNA_RIDF_XXXI_25_26_97 Construction of road from (1) NH-15 to Saikiapara (2) NH 15 to Bhakatpara link road via Dakchowki Village (3) Kendutal to Lujura Mora Kulsi under Mukhya Mantrir Paki Path Nirman Achani (MMPPNA) under RIDF-XXXI of NABARD for,Works,Open Tender,Item Rate,Civil Works – Roads,No,No,NA ,11-Jul-2025 04:00 PM,17-Jul-2025 12:00 PM ,180.0,No ,No,Online,28-Jul-2025 02:30 PM,Public Works Roads Department,Mangaldai,784125.0,2.0,"3,33,18,000",BHUBANESWAR BARUAH,"33,316,000",Accepted-AOC,22-Jan-2026,Public Works Roads Department
2025_UDD_44301_1,DMB/Tender/2025/745-A Dated 13/05/2025,"Establishment, Construction, Supply, Procurement, Fabrication, Installation of Machinery, Trial Run, and Commissioning of a 20 TPD Automatic Solid Waste Segregation Plant as per the Solid Waste Management (SWM) Rules, 2016","Establishment, Construction, Supply, Procurement, Fabrication, Installation of Machinery, Trial Run, and Commissioning of a 20 TPD Automatic Solid Waste Segregation Plant as per the Solid Waste Management (SWM) Rules, 2016",Works,Open Tender,Works,Civil Works,No,No,NA ,16-May-2025 01:00 PM,23-May-2025 11:00 AM ,180.0,No ,No,Online,07-Jun-2025 11:00 AM,Urban Development Department||Directorate of Municipality Administration - UDD||Dhemaji Municipal Board,Dhemaji,787057.0,2.0,"3,41,42,830",Resolin,"32,435,689",Rejected-Technical,07-Jan-2026,Urban Development Department||Directorate of Municipality Administration - UDD||Dhemaji Municipal Board
2024_DEE_41554_1,ATC/SM/24/2024/3683,Carriage of Free textbooks for 2025-26 Academic Session (for Class Ka-Shreni to Class XII),Carriage of Free textbooks for 2025-26 Academic Session (for Class Ka-Shreni to Class XII),Services,Open Tender,Works,Shipping/ Transportation/ Vehicle,No,No,NA ,21-Dec-2024 04:00 PM,NA ,90.0,No ,No,Online,02-Jan-2025 03:30 PM,Elementary Education Department||Assam State Textbook Production and Publication Corporation Ltd.,Different Educational Blocks in Assam,781001.0,2.0,"7,00,00,000",Star Logistics,"40,703,487.97",Not Admitted-Fee/PreQual/Technical,07-Jan-2026,Elementary Education Department||Assam State Textbook Production and Publication Corporation Ltd.
2025_DoWR_47592_1,BARPETA/2025-26/RIDF/I,"Restoration of DRDA Bund of river Buradiya including A/E measures to protect village Kalatoli, Batia on its L/B.","Restoration of DRDA Bund of river Buradiya including A/E measures to protect village Kalatoli, Batia on its L/B.",Works,Open Tender,Works,Civil Works,No,No,NA ,18-Sep-2025 06:55 PM,NA ,180.0,No ,No,Online,08-Oct-2025 03:00 PM,Department of Water Resources||Chief Engineer - DoWR,Barpeta,781301.0,2.0,"9,44,08,333",Prasanta Bayan,"94,383,130",Accepted-AOC,07-Jan-2026,Department of Water Resources||Chief Engineer - DoWR
2025_PWRDW_44749_7,CE/EAP/ARRBP/01TENDERS2024/59,Construction of Bridge in Tinsukia district i) Br. No. 4/1 on Ledo Chipegaon to Bisa Gaon Longtong Road,Pkg. No. CE/EAP/ARRBP/OCB/Bridge-1/Tinsukia/03B Construction of Bridge in Tinsukia district i) Br. No. 4/1 on Ledo Chipegaon to Bisa Gaon Longtong Road,Works,Open Tender,Item Rate,Civil Works - Bridges,No,No,NA ,06-Jun-2025 05:25 PM,13-Jun-2025 11:00 AM ,180.0,No ,No,Online,25-Jun-2025 02:30 PM,Public Works Roads Department-Externally Aided Project||Public Works Road Department- World Bank Funded Tenders||Assam State Bridge Infrastructure Program,Tinsukia,786125.0,2.0,"7,84,12,000",M/S Subhash Mitra,"78,412,000",Accepted-AOC,22-Jan-2026,Public Works Roads Department-Externally Aided Project||Public Works Road Department- World Bank Funded Tenders||Assam State Bridge Infrastructure Program
2025_PWD_44910_2,CE/DEV/TB/42/2025-26/1 Dtd- 05.06.2025,SOPD_G_25_26_14 Improvement of Road from Srikona Daily Bazar to Bairagari Bazar (Arterial Road) (Ch0.00 M to Ch2600.00 M-2.60Km under SOPD-G for the year 2025-26 in Borkhola LAC,SOPD_G_25_26_14 Improvement of Road from Srikona Daily Bazar to Bairagari Bazar (Arterial Road) (Ch0.00 M to Ch2600.00 M-2.60Km under SOPD-G for the year 2025-26 in Borkhola LAC,Works,Open Tender,Item Rate,Civil Works – Roads,No,No,NA ,16-Jun-2025 06:00 PM,18-Jun-2025 12:00 PM ,180.0,No ,No,Online,23-Jun-2025 02:00 PM,Public Works Roads Department,Cachar,788001.0,2.0,"1,68,57,000",Pragati Enterprise,"16,857,000",Rejected-Finance,09-Jan-2026,Public Works Roads Department
2025_BoTC_48874_1,B/CRD/CAMPA-Bldg/2025-26/02,"Construction of Forest Range Office Building at Amteka Range under Chirang Forest Division, Kajalgaon, Package No.CAMPA-Building/ 2025-26/02","Construction of Forest Range Office Building at Amteka Range under Chirang Forest Division, Kajalgaon, Package No.CAMPA-Building/ 2025-26/02",Works,Open Tender,Item Rate,Civil Works - Building,No,No,NA ,27-Nov-2025 10:00 AM,NA ,180.0,No ,No,Online,17-Dec-2025 02:30 PM,Bodoland Territorial Council||Forests-BTC,Amteka,783393.0,2.0,"49,82,107",M/S MUCHAHARY ENTERPRISE,"4,981,000",Accepted-AOC,16-Jan-2026,Bodoland Territorial Council||Forests-BTC
2025_ID_47662_1,14 (SOPD-G) 2025-26 Date_22.09.2025,"CONSTRUCTION OF C.C. CANAL AND EXTENSION OF EARTHEN CANAL OF PANBARI FLOW I_SCHEME UNDER SOPD_G FOR THE YEAR 2025_26 UNDER DHEKIAJULIBARCHALLA DIVISION (I), DHEKIAJULI (PACKAGE NO. 1)","CONSTRUCTION OF C.C. CANAL AND EXTENSION OF EARTHEN CANAL OF PANBARI FLOW I_SCHEME UNDER SOPD_G FOR THE YEAR 2025_26 UNDER DHEKIAJULIBARCHALLA DIVISION (I), DHEKIAJULI (PACKAGE NO. 1)",Works,Open Tender,Works,Civil Works,No,No,NA ,23-Sep-2025 09:00 AM,26-Sep-2025 02:00 PM ,180.0,No ,No,Online,15-Oct-2025 03:00 PM,Irrigation Department||Chief Engineer(Major)-Irrigation Dept,Dhekiajuli,784110.0,2.0,"4,42,91,303",ASHOK KUMAR BAJAJ,"44,291,303",Accepted-AOC,06-Jan-2026,Irrigation Department||Chief Engineer(Major)-Irrigation Dept
2025_PWD_45926_171,CE/DEV/TB/60/2025-26/06 Dtd- 14.07.2025,"MMPPNA_RIDF_XXXI_25_26_195 Construction of road from (1) Borkola Lachit Nagar Path, L-1.226 km, (2) Na Ali to Kuwamora Handique connecting road, L-1.225 km, (3) Tamulipukhuri connecting road, length-1.60 km under Mukhya Mantrir Paki Path Nirman Achan","MMPPNA_RIDF_XXXI_25_26_195 Construction of road from (1) Borkola Lachit Nagar Path, L-1.226 km, (2) Na Ali to Kuwamora Handique connecting road, L-1.225 km, (3) Tamulipukhuri connecting road, length-1.60 km under Mukhya Mantrir Paki Path Nirman Achan",Works,Open Tender,Item Rate,Civil Works – Roads,No,No,NA ,02-Aug-2025 06:55 PM,04-Aug-2025 12:00 PM ,180.0,No ,No,Online,14-Aug-2025 02:30 PM,Public Works Roads Department,Demow,785662.0,2.0,"4,14,50,000",M/S East India Construction,"41,450,000",Accepted-AOC,30-Jan-2026,Public Works Roads Department
2025_PWD_45408_56,CE/DEV/TB/60/2025-26/01 Dtd- 21.06.2025,MMPPNA_RIDF_XXXI_25_26_114 Construction of Road from (1) Hajo PWD Road to Dandeswar Sarma house via Dipak Haloi at Mugkuchi (Bishnu Rabha Path) and Chowk Bazar Pub Kalakuchi PWD Road to Chandkuchi Majar Suburi Shiv Mandir via Bhabesh Malla Buzar Baru,MMPPNA_RIDF_XXXI_25_26_114 Construction of Road from (1) Hajo PWD Road to Dandeswar Sarma house via Dipak Haloi at Mugkuchi (Bishnu Rabha Path) and Chowk Bazar Pub Kalakuchi PWD Road to Chandkuchi Majar Suburi Shiv Mandir via Bhabesh Malla Buzar Baru,Works,Open Tender,Item Rate,Civil Works – Roads,No,No,NA ,10-Jul-2025 10:00 AM,17-Jul-2025 12:00 PM ,180.0,No ,No,Online,28-Jul-2025 02:30 PM,Public Works Roads Department,Nalbari,781335.0,2.0,"2,70,89,000",M/S CHOUDHURY ENTERPRISE,"27,086,764",Rejected-Finance,06-Jan-2026,Public Works Roads Department
2025_PWD_45818_21,CE/Commn/16/2025-26/04,Majuli/SOPD/07,"Construction of GWC road from Luit Ghat Bridge to Baligaon Chariali from 0.00m to 650.00m including CD works under SOPD(G) for the year 2025-26, Majuli LAC, under Majuli District Territorial Road Division",Works,Open Tender,Item Rate,Civil Works – Roads,No,No,NA ,22-Jul-2025 05:00 PM,28-Jul-2025 04:00 PM ,180.0,No ,No,Online,11-Aug-2025 02:30 PM,Public Works Roads Department,Majuli,785106.0,2.0,"47,61,000",Sri Surjya Kumar Bhuyan,"4,759,000",Rejected-AOC,09-Jan-2026,Public Works Roads Department
2025_PWD_45827_117,CE/MAINT/SOPDG/01/2025-26/02,MAINT/SOPD-G/2025-26/93,"MAINT/SOPD-G/2025-26/93_Construction of RCC Road bearing drain from Amingaon LPGNB Road to Bipin Jaan via Madhyam basti water supply scheme under SOPD (G) for the year 2025-26, Hajo Sualkuchi LAC",Works,Open Tender,Item Rate,Civil Works – Roads,No,No,NA ,25-Jul-2025 04:00 PM,26-Jul-2025 02:00 PM ,180.0,No ,No,Online,15-Aug-2025 11:00 AM,Public Works Roads Department,Kamrup Rural,781354.0,2.0,"2,22,38,000",M/S MORAMI ENTERPRISE,"22,238,000",Accepted-AOC,28-Jan-2026,Public Works Roads Department
2025_PWD_44148_1,CS/JTRD/SOPD-G/72/2025-26,Restoration of damaged road surface from caused due to underground water supply pipe laying under Guwahati Water Supply Project along roads executed by L and T Construction under Jalukbari TRD under SOPD G for the year 2025 26 GR IV,Restoration of damaged road surface from caused due to underground water supply pipe laying under Guwahati Water Supply Project along roads executed by L and T Construction under Jalukbari TRD under SOPD G for the year 2025 26 GR-IV,Works,Open Tender,Item Rate,Civil Works – Roads,No,No,NA ,29-Apr-2025 02:00 PM,02-May-2025 02:00 PM ,180.0,No ,No,Online,14-May-2025 04:00 PM,Public Works Roads Department,Various Location,781012.0,2.0,"2,13,92,392",M/S S.B ENTERPRISE,"21,392,183.99",Accepted-AOC,28-Jan-2026,Public Works Roads Department
2025_BoTC_48964_11,ACE/CHDI/10/2025/18 dated 01/12/2025,Construction of RCC Main Canal (from Ch.470.0 m to 770.0 m) at Muthra FIS under PMKSY (HKKP) for the year 2021-2022,Construction of RCC Main Canal (from Ch.470.0 m to 770.0 m) at Muthra FIS under PMKSY (HKKP) for the year 2021-2022,Works,Open Tender,Works,Civil Works,No,No,NA ,02-Dec-2025 04:00 PM,08-Dec-2025 02:00 PM ,180.0,No ,No,Online,24-Dec-2025 11:00 AM,Bodoland Territorial Council||Irrigation-BTC,Suklai,781366.0,2.0,"53,10,209",Ananda Ram Boro,"5,310,022.08",Accepted-AOC,12-Jan-2026,Bodoland Territorial Council||Irrigation-BTC
2025_PWD_45827_10,CE/MAINT/SOPDG/01/2025-26/02,MAINT/SOPD-G/2025-26/20,MAINT/SOPD-G/2025-26/20_Construction of Road from 1_Ananda Nagar Beparipara PWD Road to Bongshipara Road at Ward No. 2_ 2_Construction of Road from Bilasipara College to Patakat L.S. School Road and 3_Construction of Road from Bilasipara Beltoli Road,Works,Open Tender,Item Rate,Civil Works – Roads,No,No,NA ,22-Jul-2025 12:00 PM,24-Jul-2025 12:00 PM ,180.0,No ,No,Online,14-Aug-2025 11:00 AM,Public Works Roads Department,Dhubri,783301.0,2.0,"1,12,83,000",EUSUF ALI PRAMANIK,"11,283,000",Rejected-Finance,29-Jan-2026,Public Works Roads Department
2025_PWBNH_42171_1,Arch II/I/877773/2024 Dated 30-12-2024,"PMC services for Construction of state of the art sports stadium at Kokrajhar, Assam","PMC services for Construction of state of the art sports stadium at Kokrajhar, Assam",Works,Open Tender,Item Rate,Civil Works - Building,No,No,NA ,16-Jan-2025 06:00 PM,22-Jan-2025 12:30 PM ,180.0,No ,No,Online,07-Feb-2025 04:00 PM,Public Works Building and NH Department||Chief Engineer-Building - PWBNH,Kokrajhar,783370.0,2.0,"2,17,00,000",A.K.A Consultants I Pvt. Ltd.,"17,445,555",Accepted-AOC,17-Jan-2026,Public Works Building and NH Department||Chief Engineer-Building - PWBNH
2025_BTC_48585_1,No.ACE-31/EDN/IFB/2025-26/15,"Construction of 50 bedded hostel separately for boys and girls at Bamungaon High School, Sidli Chirang. TN_61_3","Construction of 50 bedded hostel separately for boys and girls at Bamungaon High School, Sidli Chirang. TN_61_3",Works,Open Tender,Item Rate,Civil Works - Building,No,No,NA ,13-Nov-2025 11:00 AM,NA ,180.0,No ,No,Online,05-Dec-2025 02:00 PM,Bodoland Territorial Council-PWD||Director Cum CHD - PWD BTC,Chirang,783390.0,2.0,"3,82,67,142",M.H. CONSTRUCTION,"38,258,142",Not Admitted-Fee/PreQual/Technical,04-Jan-2026,Bodoland Territorial Council-PWD||Director Cum CHD - PWD BTC
2025_DoWR_48152_1,KAMRUP RURAL/2025-26/NDMF/I,"Flood Mitigation of Puthimari River by capacity augmentation of Wetland area at Garjan, Assam, Package 1.","Flood Mitigation of Puthimari River by capacity augmentation of Wetland area at Garjan, Assam, Package 1.",Works,Open Tender,Works,Civil Works,No,No,NA ,17-Oct-2025 06:55 PM,NA ,180.0,No ,No,Online,06-Nov-2025 03:00 PM,Department of Water Resources||Chief Engineer - DoWR,KAMRUP RURAL,781008.0,2.0,"18,57,74,068",M/S DHANSIRI ASSOCIATES,"185,682,557.14",Rejected-AOC,30-Jan-2026,Department of Water Resources||Chief Engineer - DoWR
2025_BoTC_48964_10,ACE/CHDI/10/2025/18 dated 01/12/2025,Construction of RCC Main Canal (from Ch.150.0 m to 470.0 m) at Muthra FIS under PMKSY (HKKP) for the year 2021-2022,Construction of RCC Main Canal (from Ch.150.0 m to 470.0 m) at Muthra FIS under PMKSY (HKKP) for the year 2021-2022,Works,Open Tender,Works,Civil Works,No,No,NA ,02-Dec-2025 04:00 PM,08-Dec-2025 02:00 PM ,180.0,No ,No,Online,24-Dec-2025 11:00 AM,Bodoland Territorial Council||Irrigation-BTC,Suklai,781366.0,2.0,"57,92,439",JIBAN BASUMATARY,"5,791,964.31",Rejected-Finance,12-Jan-2026,Bodoland Territorial Council||Irrigation-BTC
2025_DOT_48121_1,ATDC/CS/676/2025/3480 dt. 10.10.2025,"Creation of tourist facilities at Sri Sri Koli Aai Than, Chengamari, Habigaon, Dibrugarh","Creation of tourist facilities at Sri Sri Koli Aai Than, Chengamari, Habigaon, Dibrugarh",Works,Open Tender,Item Rate,Civil Works - Others,No,No,NA ,17-Oct-2025 12:15 PM,22-Oct-2025 12:00 PM ,180.0,No ,No,Online,31-Oct-2025 01:00 PM,Department of Tourism||Assam Tourism Development Corporation Ltd. - DOT||HO-Guwahati-ATDCL - DOT,Dibrugarh,786001.0,2.0,"24,77,277",R S Enterprise,"2,229,549.3",Rejected-AOC,20-Jan-2026,Department of Tourism||Assam Tourism Development Corporation Ltd. - DOT||HO-Guwahati-ATDCL - DOT
2025_PWD_45827_116,CE/MAINT/SOPDG/01/2025-26/02,MAINT/SOPD-G/2025-26/92,"MAINT/SOPD-G/2025-26/92_Re-construction of Road from Chowkigate to Singimari via Banglagarh and Pacharia under SOPD (G) for the year 2025-26, Hajo Sualkuchi LAC",Works,Open Tender,Item Rate,Civil Works – Roads,No,No,NA ,25-Jul-2025 02:00 PM,26-Jul-2025 02:00 PM ,180.0,No ,No,Online,15-Aug-2025 11:00 AM,Public Works Roads Department,Kamrup Rural,781354.0,2.0,"1,16,38,000",M/S Loyal Trading,"11,638,000",Accepted-AOC,09-Jan-2026,Public Works Roads Department
2025_PWBNH_45251_1,PWB/BNG/STN/09/2025-26/624 Dated 25/06/2025,"Construction of (4 Plus 4 Equal 8) unit flat at existing ground floor parking area and Vertical Extention with paver approach, 4 units Car parking at ADC and AC quarter, Bongaigaon","Construction of (4 Plus 4 Equal 8) unit flat at existing ground floor parking area and Vertical Extention with paver approach, 4 units Car parking at ADC and AC quarter, Bongaigaon",Works,Open Tender,Item Rate,Civil Works - Building,No,No,NA ,30-Jun-2025 04:00 PM,04-Jul-2025 11:00 AM ,180.0,No ,No,Online,11-Jul-2025 11:00 AM,Public Works Building and NH Department||Chief Engineer-Building - PWBNH,Bongaigaon,783380.0,2.0,"2,97,48,252",Rudra Kumar Pathak,"32,300,000",Rejected-Finance,22-Jan-2026,Public Works Building and NH Department||Chief Engineer-Building - PWBNH
2025_PWD_46537_1,MUSHALPUR_DIVISION_SOPD_FDR,Reconstruction of RCC Bridge on Ghoramara to Jhartaluk Road under SOPD (FDR) for the year 2019-20. (Balance work),Reconstruction of RCC Bridge on Ghoramara to Jhartaluk Road under SOPD (FDR) for the year 2019-20. (Balance work),Works,Open Tender,Item Rate,Civil Works – Roads,No,No,NA ,15-Aug-2025 09:00 AM,NA ,180.0,No ,No,Online,26-Aug-2025 03:00 PM,Public Works Roads Department,Mushalpur,781372.0,2.0,"1,34,02,391",M/S R.B. Associates,"13,402,000",Rejected-AOC,08-Jan-2026,Public Works Roads Department
2025_PWD_44151_1,CS/JTRD/SOPD-G/8/2025-26,Restoration of damaged road surface from caused due to underground water supply pipe laying under Guwahati Water Supply Project along roads executed by L and T Construction under Jalukbari TRD under SOPD G for the year 2025 26 GR V,Restoration of damaged road surface from caused due to underground water supply pipe laying under Guwahati Water Supply Project along roads executed by L and T Construction under Jalukbari TRD under SOPD G for the year 2025 26 GR V,Works,Open Tender,Item Rate,Civil Works – Roads,No,No,NA ,29-Apr-2025 02:45 PM,02-May-2025 02:00 PM ,180.0,No ,No,Online,14-May-2025 04:00 PM,Public Works Roads Department,Various Location,781012.0,2.0,"2,15,47,994",M/S MAA KAMAKHYA ENTERPRISE,"21,540,099.9",Rejected-AOC,29-Jan-2026,Public Works Roads Department
2025_KAAC_46380_1,NoACEH/CS/SSA/03/2025-26/SL11,Construction of 50 bedded hostel separately for boys and girls under Dharti Aaba Janjatiya Gram Utkarsh Abhiyan at Karkok High School,Construction of 50 bedded hostel separately for boys and girls under Dharti Aaba Janjatiya Gram Utkarsh Abhiyan at Karkok High School,Works,Open Tender,Item Rate,Civil Works - Building,No,No,NA ,18-Aug-2025 11:00 AM,20-Aug-2025 12:00 PM ,180.0,No ,No,Online,30-Aug-2025 11:00 AM,Karbi Anglong Autonomous Council||PWD||Addl. Chief Engineer Diphu,Howraghat,782481.0,2.0,"3,78,75,000",Garg Infra,"38,979,900",Accepted-AOC,06-Jan-2026,Karbi Anglong Autonomous Council||PWD||Addl. Chief Engineer Diphu
2025_HFWD_43445_1,"TMCH/Statio./Pt.../04/13/465, dt. 12/03/2025",Supply of Stationary items for the departments of TMCH,Supply of Stationary items for the departments of TMCH,Goods,Open Tender,Supply,Stationery,No,No,NA ,13-Mar-2025 04:00 PM,NA ,180.0,No ,No,Online,28-Mar-2025 02:00 PM,Health and Family Welfare Department||Directorate of Medical Education-HFWD||Tezpur Medical College and Hospital-HFWD,"Tezpur Medical College, Bihaguri, Tezpur, Sonitpur",784010.0,2.0,,R K ENTERPRISE,0.0,Not Admitted-Fee/PreQual/Technical,09-Apr-2025,Health and Family Welfare Department||Directorate of Medical Education-HFWD||Tezpur Medical College and Hospital-HFWD
2025_PWD_43618_1,EE/HSTRD/TB-09/2023-24/203 dated 17/03/2024,"Shifting Re-Costruction of 11kV and LT Line at Pacharia Napara Road in favour of The Executive Engineer PWD Jalukbari and Hajo Territorial Road Division Amingaon, Guwahati-31 under deposit work scheme of Amingaon Electrical Sub- Division","Shifting Re-Costruction of 11kV and LT Line at Pacharia Napara Road in favour of The Executive Engineer PWD Jalukbari and Hajo Territorial Road Division, Amingaon Guwahati-31 under deposit work scheme of Amingaon Electrical Sub- Division",Works,Open Tender,Item Rate,Civil Works,No,No,NA ,21-Mar-2025 01:00 PM,24-Mar-2025 02:00 PM ,180.0,No ,No,Online,27-Mar-2025 03:00 PM,Public Works Roads Department,Amingaon,781031.0,2.0,"24,33,786",M/S Loyal Trading,"2,433,521.23",Accepted-AOC,29-May-2025,Public Works Roads Department
2025_PWD_48196_1,CE/STBR/SOPD-G/NIT/07/36,STBR/SOPD-G/ Patharkandi-03/15,Con of 1 Balance length of Indurail punjee rd 2 Adamtilla Nachghar to Telegu Kalibari at ward no4 Bubrighat GP LK road to PWD road 4 Kotamoni Cheragi road to 7 5 Rd from PWD rd 6 Missing link of Putni village near Namita Goala under MMPNA SOPD,Works,Open Tender,Item Rate,Civil Works,No,No,NA ,22-Oct-2025 04:00 PM,NA ,180.0,No ,No,Online,04-Nov-2025 11:00 AM,Public Works Roads Department,PATHARKANDI,788724.0,2.0,,SHAYEED AHMED,"36,615,800",Accepted-AOC,31-Jan-2026,Public Works Roads Department
2025_PWRDW_42372_12,CE/EAP/ARRBP02TENDERS2024/36,Construction of Bridge in Chirang district Br. No. 2/1 on Pub Ankorbari to Khalpara Village Road,CE/EAP/ARRBP/OCB/Bridge-1/Chirang/11 Construction of Bridge in Chirang district Br. No. 2/1 on Pub Ankorbari to Khalpara Village Road,Works,Open Tender,Item Rate,Civil Works,No,No,NA ,29-Jan-2025 06:55 PM,06-Feb-2025 11:00 AM ,90.0,No ,No,Online,18-Feb-2025 02:30 PM,Public Works Roads Department-Externally Aided Project||Public Works Road Department- World Bank Funded Tenders||Assam State Bridge Infrastructure Program,Chirang,783390.0,2.0,"1,64,46,000",Jamidar Narzary,"19,453,859.95",Accepted-AOC,09-Jan-2026,Public Works Roads Department-Externally Aided Project||Public Works Road Department- World Bank Funded Tenders||Assam State Bridge Infrastructure Program
2025_SSA_46791_9,E-686287/353,Navajyoti High School under Majuli block in Majuli district,"Construction of school building for upgradation from secondary to higher secondary (Arts and Science) under Samagra Shiksha, Assam at Navajyoti High School under Majuli block in Majuli district",Works,Open Tender,Item Rate,Civil Works - Building,No,No,NA ,23-Aug-2025 06:55 PM,26-Aug-2025 03:00 PM ,180.0,No ,No,Online,05-Sep-2025 03:00 PM,Axom Sarba Siksha Abhijan Mission,"SSA, Kahilipara, Guwahati",781019.0,2.0,"2,00,00,000",GLOBAL POWER AND ENGINEERS,"19,949,999",Accepted-AOC,06-Jan-2026,Axom Sarba Siksha Abhijan Mission
2025_DoWR_48070_1,JORHAT/2025-26/NDMF/II,"Augmentation of Storage Capacity of Nanai Beel for flood regulation of Baghjan river, Assam, Package 1.","Augmentation of Storage Capacity of Nanai Beel for flood regulation of Baghjan river, Assam, Package 1.",Works,Open Tender,Works,Civil Works,No,No,NA ,15-Oct-2025 06:55 PM,NA ,180.0,No ,No,Online,04-Nov-2025 03:00 PM,Department of Water Resources||Chief Engineer - DoWR,JORHAT,785001.0,2.0,"16,98,00,664",MODI ENTERPRISE,"169,754,958.66",Rejected-AOC,29-Jan-2026,Department of Water Resources||Chief Engineer - DoWR
2025_ICD_48590_1,APL/CnP/072/PPE/Pro/25-26/2350,Double Mechanical Seal for NG Booster Compressor,Supply of Double Mechanical Seal for NG Booster Compressor,Goods,Single,Item Rate,Supply of Materials,No,No,NA ,13-Nov-2025 12:00 PM,NA ,120.0,No ,No,Not Applicable,28-Nov-2025 03:00 PM,Industries and Commerce Department||Assam Petro-Chemicals Ltd.||Head office Namrup||Materials Management Department,"APL, Namrup",786623.0,1.0,"26,94,833",GEA Process Engineering India Pvt Ltd,"2,973,892",Accepted-AOC,16-Jan-2026,Industries and Commerce Department||Assam Petro-Chemicals Ltd.||Head office Namrup||Materials Management Department
2024_NHM_39696_1,NHM/ECF/298652,Renovation of Chabua Model Hospital for up gradation to FRU in Dibrugarh district,Renovation of Chabua Model Hospital for up gradation to FRU in Dibrugarh district,Works,Open Tender,Item Rate,Civil Works - Building,No,No,NA ,05-Oct-2024 06:30 PM,NA ,180.0,No ,No,Online,16-Oct-2024 03:00 PM,National Health Mission||State Programme Management Unit - NHM,Chabua Dibrugarh,786184.0,2.0,"23,01,261",MS T M ENTERPRISE,"1,841,008",Rejected-Finance,23-Jan-2026,National Health Mission||State Programme Management Unit - NHM
2025_PWD_44910_1,CE/DEV/TB/42/2025-26/1 Dtd- 05.06.2025,"SOPD_G_25_26_13 (i)Strenthening of FCI Godown Road from NH-37 to Food Storage Depot (1.00KM) at Ramnagar ,Silchar for buffer stocks of essential Food Commodities during the closure of Gamon Bridge on NH-6 and (ii)Strenthening of TRK Road From CH 0.0","SOPD_G_25_26_13 (i)Strenthening of FCI Godown Road from NH-37 to Food Storage Depot (1.00KM) at Ramnagar ,Silchar for buffer stocks of essential Food Commodities during the closure of Gamon Bridge on NH-6 and (ii)Strenthening of TRK Road From CH 0.0",Works,Open Tender,Item Rate,Civil Works – Roads,No,No,NA ,16-Jun-2025 06:00 PM,18-Jun-2025 12:00 PM ,180.0,No ,No,Online,23-Jun-2025 02:00 PM,Public Works Roads Department,Cachar,788001.0,2.0,"2,57,86,000",Pragati Enterprise,"25,786,000",Rejected-Finance,09-Jan-2026,Public Works Roads Department
2025_PWD_47508_1,BMCTRD/SOPD/2024-25/CHE_06,BMCTRD/SOPD/2024-25/CHE_06,Improvement of road from Janapriya Bazar to Dongra Parghat (Ch.100.00m to 2500.00m) under SOPD-G for the year 2024-25,Works,Open Tender,Item Rate,Civil Works – Roads,No,No,NA ,15-Sep-2025 11:00 AM,NA ,180.0,No ,No,Online,24-Sep-2025 02:00 PM,Public Works Roads Department,Barpeta,781301.0,2.0,"30,61,000",Harun Ali,"2,403,717",Rejected-Technical,10-Jan-2026,Public Works Roads Department
2025_PCCF_48384_1,CAC/Fencing/001/2025-26,Supply fitting and fixing around 25 Hect AR Plantation area of full chain linked fencing to be fitted on pre-cast RCC Pillars of specific specification and size,Supply fitting and fixing around 25 Hect AR Plantation area of full chain linked fencing to be fitted on pre-cast RCC Pillars of specific specification and siz,Works,Open Tender,Works,Civil Works,No,No,NA ,03-Nov-2025 05:00 PM,10-Nov-2025 12:00 PM ,90.0,No ,No,Online,25-Nov-2025 04:00 PM,Pr. Chief Conservator of Forest and Head of Forest Force||Chief Conservator of Forestes (T) (Lower Assam Zone)||Southern Assam Circle||Cachar Forest Division,Alimnagar under Jirighat Range Lakhipur,788104.0,2.0,"46,02,631",M/S SUNRISE ENTERPRISE,"4,142,367.9",Not Admitted-Fee/PreQual/Technical,03-Jan-2026,Pr. Chief Conservator of Forest and Head of Forest Force||Chief Conservator of Forestes (T) (Lower Assam Zone)||Southern Assam Circle||Cachar Forest Division
2025_DoWR_48229_1,SONITPUR/2025-26/NDMF/I,"Flood Management by capacity Augmentation of Morabharali, Sonitpur District, Assam, Package 3.","Flood Management by capacity Augmentation of Morabharali, Sonitpur District, Assam, Package 3.",Works,Open Tender,Works,Civil Works,No,No,NA ,25-Oct-2025 06:55 PM,NA ,180.0,No ,No,Online,12-Nov-2025 03:00 PM,Department of Water Resources||Chief Engineer - DoWR,Sonitpur,784001.0,2.0,"17,51,52,532",D KUMAR AND COMPANY,"175,125,706.47",Accepted-AOC,29-Jan-2026,Department of Water Resources||Chief Engineer - DoWR
2025_UDD_48551_1,NMB/15thFC/12(pt)2023-24/388,NMB/15th F.C./2025-26/01,"Construction of solid waste transfer station cum Secondary collection centre at Bolakuchi, Nalbari under 15th Finance Commission for the year 2024-25 during the year 2025-26",Works,Open Tender,Item Rate,Civil Works - Building,No,No,NA ,12-Nov-2025 10:00 AM,NA ,180.0,No ,No,Online,21-Nov-2025 03:00 PM,Urban Development Department||Directorate of Municipality Administration - UDD||Nalbari Municipal Board - UDD,Nalbari,781335.0,2.0,"1,42,93,000",SAURABH TALUKDAR,"14,292,963",Rejected-AOC,05-Jan-2026,Urban Development Department||Directorate of Municipality Administration - UDD||Nalbari Municipal Board - UDD
2025_PWD_49295_1,CE_STBR_RIDF_XXXI_25_26_10,Construction of RCC Bridge No_ 2_1 on Fakirpara Jugipara Road under Mukhya Mantrir Unnata Paki Path Nirman Achani under RIDF-XXXI of NABARD for the year 2025-26 in Mangaldal_Dalgaon_Sipajhar Territorial Road Division PWRD Mangaldai,Construction of RCC Bridge No_ 2_1 on Fakirpara Jugipara Road under Mukhya Mantrir Unnata Paki Path Nirman Achani under RIDF-XXXI of NABARD for the year 2025-26 in Mangaldal_Dalgaon_Sipajhar Territorial Road Division PWRD Mangaldai,Works,Open Tender,Works,Civil Works – Roads,No,No,NA ,15-Dec-2025 10:30 AM,NA ,180.0,No ,No,Online,24-Dec-2025 11:00 AM,Public Works Roads Department,O/o THE CHIEF ENGINEER_PWRD,781003.0,2.0,"1,70,55,000",FIROJ ALI,"17,050,001",Accepted-AOC,20-Jan-2026,Public Works Roads Department
2025_PWD_45926_47,CE/DEV/TB/60/2025-26/06 Dtd- 14.07.2025,"MMPPNA_RIDF_XXXI_25_26_201 Construction of road from (1) Bhebeli Sonowal Gaon Tiniali to Bhuma Padmapur, (2) Bolaipam Tiniali to Bolaipam Gaon under Mukhya Mantrir Paki Path Nirman Achani (MMPPNA) under RIDF-XXXI of NABARD for the year 2025-26.","MMPPNA_RIDF_XXXI_25_26_201 Construction of road from (1) Bhebeli Sonowal Gaon Tiniali to Bhuma Padmapur, (2) Bolaipam Tiniali to Bolaipam Gaon under Mukhya Mantrir Paki Path Nirman Achani (MMPPNA) under RIDF-XXXI of NABARD for the year 2025-26.",Works,Open Tender,Item Rate,Civil Works – Roads,No,No,NA ,28-Jul-2025 06:00 PM,04-Aug-2025 12:00 PM ,180.0,No ,No,Online,14-Aug-2025 02:30 PM,Public Works Roads Department,Dhemaji,787057.0,2.0,"1,85,22,000",Debasish Gogoi,"18,521,000",Accepted-AOC,12-Jan-2026,Public Works Roads Department
2025_PWRDW_43680_10,CE/EAP/ARRBP/BR/01/2024/10,CE/EAP/ARRBP/OCB/ Bridge1/Cachar/20 T02 to Alney Grant via Sonbari,CE/EAP/ARRBP/OCB/Bridge1/Cachar/20 Construction of Bridge in Cachar District (i) Br No. 1/1 on Road from T02 to Alney Grant via Sonbari,Works,Open Tender,Item Wise,Civil Works - Bridges,No,No,NA ,22-Mar-2025 10:00 AM,29-Mar-2025 11:00 AM ,90.0,No ,No,Online,22-Apr-2025 02:30 PM,Public Works Roads Department-Externally Aided Project||Public Works Road Department- World Bank Funded Tenders||Assam State Bridge Infrastructure Program,Cachar District,788001.0,2.0,"3,54,81,000",DEBOPRIYO DEB,"37,247,954",Rejected-Finance,08-Jan-2026,Public Works Roads Department-Externally Aided Project||Public Works Road Department- World Bank Funded Tenders||Assam State Bridge Infrastructure Program
2025_PWD_47791_1,1105.0,Renewal of Old NT Road (From Ch. 1534.00 m to ch. 1740.00 m) under SOPD-G for the year 2025-26,NKTRD(R)/ SOPD(G)/ 2025-26/20,Works,Open Tender,Item Rate,Civil Works – Roads,No,No,NA ,03-Oct-2025 11:00 AM,04-Oct-2025 12:00 PM ,180.0,No ,No,Online,15-Oct-2025 01:00 PM,Public Works Roads Department,Rangia LAC,781382.0,2.0,"32,59,000",JAYANTA KUMAR DAS,"3,259,000",Accepted-AOC,16-Jan-2026,Public Works Roads Department
2025_DoWR_44834_1,E file 554730/899,Hiring of Agency for providing Security Personnel and Outsourced Driver Services at Assam Water Centre,Security Personnel and Outsourced Driver Services at Assam Water Centre,Services,Open Tender,Lump-sum,Manpower Supply,No,No,NA ,11-Jun-2025 01:00 PM,17-Jun-2025 03:30 PM ,90.0,No ,No,Online,09-Jul-2025 04:00 PM,Department of Water Resources||Flood and River Erosion Management Agency of Assam,Guwahati,781029.0,2.0,"50,00,000",SARAIGHAT SECURITY SERVICES,"5,574,999.6",Rejected-Finance,19-Sep-2025,Department of Water Resources||Flood and River Erosion Management Agency of Assam
2025_BTC_48587_1,No.ACE-31/EDN/IFB/2025-26/15,"Construction of 50 bedded hostel separately for boys and girls at Ballamguri H.S School, Borobazar, Chirang. TN_61_4","Construction of 50 bedded hostel separately for boys and girls at Ballamguri H.S School, Borobazar, Chirang. TN_61_4",Works,Open Tender,Item Rate,Civil Works - Building,No,No,NA ,13-Nov-2025 12:00 PM,NA ,180.0,No ,No,Online,05-Dec-2025 02:00 PM,Bodoland Territorial Council-PWD||Director Cum CHD - PWD BTC,Chirang,783390.0,2.0,"3,82,67,142",M.H. CONSTRUCTION,"38,258,142",Not Admitted-Fee/PreQual/Technical,04-Jan-2026,Bodoland Territorial Council-PWD||Director Cum CHD - PWD BTC
2025_UDD_48735_1,TMB.I-8(a)/TQ/2025-26/226,CONSTRUCTION OF RCC DRAIN AT DIGBOI ROAD NEAR FOREST GUARD TRAINING SCHOOL,CONSTRUCTION OF RCC DRAIN AT DIGBOI ROAD NEAR FOREST GUARD TRAINING SCHOOL,Works,Open Tender,Works,Civil Works,No,No,NA ,21-Nov-2025 11:00 AM,NA ,180.0,No ,No,Online,15-Dec-2025 11:00 AM,Urban Development Department||Directorate of Municipality Administration - UDD||Makum Municipal Board,Makum,786170.0,2.0,"68,68,000",MS SB ENTERPRISES,"5,700,001.39",Rejected-Technical,16-Jan-2026,Urban Development Department||Directorate of Municipality Administration - UDD||Makum Municipal Board
2025_BoTC_48964_12,ACE/CHDI/10/2025/18 dated 01/12/2025,Construction of RCC Branch Canal (from Ch. 0.0 m to 270.0 m) at Muthra FIS under PMKSY (HKKP) for the year 2021-2022,Construction of RCC Branch Canal (from Ch. 0.0 m to 270.0 m) at Muthra FIS under PMKSY (HKKP) for the year 2021-2022,Works,Open Tender,Works,Civil Works,No,No,NA ,02-Dec-2025 04:00 PM,08-Dec-2025 02:00 PM ,180.0,No ,No,Online,24-Dec-2025 11:00 AM,Bodoland Territorial Council||Irrigation-BTC,Suklai,781366.0,2.0,"37,35,279",MIRALI HUSSAIN,"3,734,882.14",Rejected-Finance,12-Jan-2026,Bodoland Territorial Council||Irrigation-BTC
2025_PWBNH_48389_1,SE(B)/JHT/C/S/S-04/2025-26/468,"Construction of Electrical Laboratory (e-Lab) at ITI Dhansiri, Barpathar, Golaghat, Assam.","Construction of Electrical Laboratory (e-Lab) at ITI Dhansiri, Barpathar, Golaghat, Assam.",Works,Open Tender,Item Rate,Civil Works - Building,No,No,NA ,03-Nov-2025 03:00 PM,10-Nov-2025 11:00 AM ,180.0,No ,No,Online,26-Nov-2025 03:00 PM,Public Works Building and NH Department||Chief Engineer-Building - PWBNH,"Barpathar, Golaghat",785602.0,2.0,"32,32,870",PRABHAT DEORI,"3,454,187",Rejected-Technical,06-Jan-2026,Public Works Building and NH Department||Chief Engineer-Building - PWBNH
2025_PWD_44643_1,CE/DEV/TB/28/2024-25/04 Dtd- 19.05.2025,UDD_Sivasagar_25-26_01 Redevelopment of Roads around Sivadole Temple and Sivasagar Tank under Sponsored by Urban Development Department for the year 2024-25,UDD_Sivasagar_25-26_01 Redevelopment of Roads around Sivadole Temple and Sivasagar Tank under Sponsored by Urban Development Department for the year 2024-25,Works,Open Tender,Item Rate,Civil Works – Roads,No,No,NA ,29-May-2025 06:30 PM,29-May-2025 06:30 PM ,180.0,No ,No,Online,06-Jun-2025 02:00 PM,Public Works Roads Department,Sivasagar,785640.0,2.0,"13,56,82,000",DHRUBAJIT CHETIA,"135,680,639",Accepted-AOC,12-Jan-2026,Public Works Roads Department
2025_SEEDE_47371_1,GS02/ASU/DGC/022,Equipments for Smart Factory and Digital Manufacturing Lab,Equipments for Smart Factory and Digital Manufacturing Lab,Goods,Open Tender,Item Rate,Laboratory and scientific equipment,No,No,NA ,09-Sep-2025 02:00 PM,17-Sep-2025 02:30 PM ,150.0,No ,No,Online,22-Oct-2025 03:30 PM,Skill Employment and Entrepreneurship Department- Externally Aided Project||Assam Skill University Project- ADB Funded Tenders,ASU Campus,784125.0,1.0,,Royal Electronics Sales & Services,"18,310,355",Accepted-AOC,29-Dec-2025,Skill Employment and Entrepreneurship Department- Externally Aided Project||Assam Skill University Project- ADB Funded Tenders
2024_APGCL_37930_1,Battery Charger Spares/11,Spares for Chloride Power Systems and Solutions Ltd. make Battery Charger,Supply of various Spares for Chloride Power Systems and Solutions Ltd. make Battery Charger of Namrup Replacement Power Plant of APGCL,Goods,Open Tender,Tender cum Auction,Electrical Work/ Equipment,No,No,NA ,09-Jul-2024 04:00 PM,NA ,180.0,No ,No,Online,13-Sep-2024 04:00 PM,Assam Power Generation Company Limited,Namrup Replacement Power Plant,786622.0,2.0,,GREAT EASTERN MARKETING,"649,000",Accepted-AOC,13-Jan-2026,Assam Power Generation Company Limited
2025_PWD_45827_13,CE/MAINT/SOPDG/01/2025-26/02,MAINT/SOPD-G/2025-26/23,MAINT/SOPD-G/2025-26/23_Improvement of 1_NH_17 at Mohisbathan to Samairapara Road (Ch. 500.0m to Ch. 2500.00 m) and 2_Improvement of Bangalipara to Fakiragram Road (from Ch.0.00 m to Ch.3300.00 m) under Mukhya Mantrir Path Nabikaran Aachani (MMPNA) u,Works,Open Tender,Item Rate,Civil Works – Roads,No,No,NA ,22-Jul-2025 12:00 PM,24-Jul-2025 12:00 PM ,180.0,No ,No,Online,14-Aug-2025 11:00 AM,Public Works Roads Department,Dhubri,783301.0,2.0,"1,19,95,000",ARUN KUMAR MAHESWARI,"11,984,689",Accepted-AOC,29-Jan-2026,Public Works Roads Department
2025_PWD_48393_3,SKTRD/Tech/106/2025-26,SKTRD/SOPD-G/25-26/06,Improvement of road (GWC) from Champupara Pather Village Road under SOPD (G) for the Year 2025-26,Works,Open Tender,Item Rate,Civil Works – Roads,No,No,NA ,04-Nov-2025 02:00 PM,09-Nov-2025 12:00 PM ,180.0,No ,No,Online,17-Nov-2025 02:30 PM,Public Works Roads Department,Kamrup Rural,781125.0,2.0,"17,40,000",Manik Kalita,"1,740,000",Accepted-AOC,09-Jan-2026,Public Works Roads Department
2024_PWRDW_37458_14,CE/EAP/ARRBP/01Tenders/2024/29,Construction of Bridge in Karbi-Anglong district i) Br. No. 1/2 on Manduli to Rongpharkong LP School,CE/EAP/ARRBP/OCB/Bridge-1/Karbi-Anglong/14 Construction of Bridge in Karbi-Anglong district i) Br. No. 1/2 on Manduli to Rongpharkong LP School,Works,Open Tender,Item Rate,Civil Works - Bridges,No,No,NA ,30-Mar-2024 09:00 AM,30-Mar-2024 11:00 AM ,90.0,No ,No,Online,22-Apr-2024 02:30 PM,Public Works Roads Department-Externally Aided Project||Public Works Road Department- World Bank Funded Tenders||Assam State Bridge Infrastructure Program,Karbi Anglong,782462.0,2.0,"3,16,42,000",BHRIGU NATH SHAH,"33,055,392",Accepted-AOC,28-Jan-2026,Public Works Roads Department-Externally Aided Project||Public Works Road Department- World Bank Funded Tenders||Assam State Bridge Infrastructure Program
2025_ID_48065_1,"BASDI/NIT No-2 (SOPD-G)/2025-26/1078, Dtd.15/10/2025",Installation of 4 Points STW Schemes under Abhayapuri LAC under SOPD-G for the year 2025-26,Installation of 4 Points STW Schemes under Abhayapuri LAC under SOPD-G for the year 2025-26,Works,Open Tender,Item Rate,Civil Works - Others,No,No,NA ,16-Oct-2025 06:00 PM,24-Oct-2025 02:00 PM ,180.0,No ,No,Online,07-Nov-2025 03:00 PM,Irrigation Department||Chief Engineer(Major)-Irrigation Dept||Dhrubri Circle||Bangaigaon Abhayapuri North Division,Abhayapuri LAC,783384.0,2.0,"26,72,137",HERAMBO KUMAR RAY,"668,030.78",Accepted-AOC,26-Dec-2025,Irrigation Department||Chief Engineer(Major)-Irrigation Dept||Dhrubri Circle||Bangaigaon Abhayapuri North Division
2025_BoTC_49461_1,SE(R/B)/20-21/Pt-III/09/199_5,Package No.199_5,"Improvement of road from Borangajuli TE to No.3 Borangajuli (Khasnibasti), Udalguri District.",Works,Open Tender,Item Rate,Civil Works – Roads,No,No,NA ,18-Dec-2025 03:00 PM,NA ,180.0,No ,No,Online,02-Jan-2026 01:30 PM,Bodoland Territorial Council||PWD-BTC,"Borangajuli, Udalguri district",784527.0,2.0,"20,00,000",NASHIR ALI,"2,000,000",Accepted-AOC,20-Jan-2026,Bodoland Territorial Council||PWD-BTC
2025_PWD_45816_3,CE/MAINT/SOPDG/01/2025-26/02,MAINT/SOPD-G/2025-26/09,"MAINT/SOPD-G/2025-26/09_1_Construction of Bakhalgaon Dakuapara Road to Kahipara under Mukhya Mantrir Pakipath Nirman Aachani, 2_Construction of Ulubari Bhatipara PMGSY Road to Bhatipara Pt-II Road under Mukhya Mantrir Pakipath Nirman Aachani, 3_Const",Works,Open Tender,Item Rate,Civil Works – Roads,No,No,NA ,21-Jul-2025 06:00 PM,24-Jul-2025 12:00 PM ,180.0,No ,No,Online,14-Aug-2025 11:00 AM,Public Works Roads Department,Bongaigaon,783380.0,2.0,"4,20,17,000",RABIN CHANDRA SARKAR,"42,015,000",Accepted-AOC,30-Jan-2026,Public Works Roads Department
2025_WPTBC_47587_1,scdctechdwsc1,Construction of Barak Valley Hill Tribes Development Council Guest House at Fulertal Lakhimpur Cachar,Construction of Barak Valley Hill Tribes Development Council Guest House at Fulertal Lakhimpur Cachar,Works,Open Tender,Item Rate,Civil Works,No,No,NA ,18-Sep-2025 06:00 PM,NA ,180.0,No ,No,Online,26-Sep-2025 04:00 PM,Welfare of Plain Tribes and Backward Classes||Directorate of Welfare of Scheduled Caste||Assam State Development Corporation for SC,CACHAR,781006.0,2.0,"25,00,000",M/S GEE AA ENTERPRISE,"2,500,000",Rejected-AOC,06-Jan-2026,Welfare of Plain Tribes and Backward Classes||Directorate of Welfare of Scheduled Caste||Assam State Development Corporation for SC
2025_SSA_45676_1,RMSA/CW/Str(18-19)/Pkg-12/1459,Sripani HS School in Dhemaji district,"Construction of various balance civil works activities of existing secondary school under Samagra Shiksha, Assam at Sripani HS School in Dhemaji district (Balance works)",Works,Open Tender,Works,Civil Works - Building,No,No,NA ,17-Jul-2025 09:00 AM,18-Jul-2025 03:00 PM ,180.0,No ,No,Online,22-Jul-2025 03:00 PM,Axom Sarba Siksha Abhijan Mission,Dhemaji,781019.0,2.0,"69,42,813",Mr. Chiran Hazarika,"6,248,532",Rejected-Technical,07-Jan-2026,Axom Sarba Siksha Abhijan Mission
2025_PWD_48856_1,DMJ/TRD/SOPD-G/1/2025-26/01-09 Dt 20/11/2025,Improvement of Road from 1 Dhemaji College Tiniali to Tanganapara 2 Nalanipam to Bharalichuk road 3 RCC Drain at Tanganapara Namghar road 4 Dhemaji Children Park to Nagakhelia under Mukhya Mantrir Nagariya Pakipath Nirman Achani,Improvement of Road from 1 Dhemaji College Tiniali to Tanganapara 2 Nalanipam to Bharalichuk road 3 RCC Drain at Tanganapara Namghar road 4 Dhemaji Children Park to Nagakhelia under Mukhya Mantrir Nagariya Pakipath Nirman Achani,Works,Open Tender,Works,Civil Works,No,No,NA ,26-Nov-2025 12:10 PM,NA ,180.0,No ,No,Online,11-Dec-2025 10:00 AM,Public Works Roads Department,Dhemaji,787057.0,2.0,"39,52,300",AKHYA DUTTA,"3,951,660",Accepted-AOC,30-Jan-2026,Public Works Roads Department
2025_PWD_45408_97,CE/DEV/TB/60/2025-26/01 Dtd- 21.06.2025,"MMPPNA_RIDF_XXXI_25_26_38 Construction of road from (1) Panchnoi nepali to Madhupur Bongaon via Mazbat (From Ch 0.00 m to Ch 1400.00 m), (2) Balijan to Balijan Kachari under Mukhya Mantrir Paki Path Nirman Achani (MMPPNA) under RIDF-XXXI of NABARD fo","MMPPNA_RIDF_XXXI_25_26_38 Construction of road from (1) Panchnoi nepali to Madhupur Bongaon via Mazbat (From Ch 0.00 m to Ch 1400.00 m), (2) Balijan to Balijan Kachari under Mukhya Mantrir Paki Path Nirman Achani (MMPPNA) under RIDF-XXXI of NABARD fo",Works,Open Tender,Item Rate,Civil Works – Roads,No,No,NA ,11-Jul-2025 06:00 PM,17-Jul-2025 12:00 PM ,180.0,No ,No,Online,28-Jul-2025 02:30 PM,Public Works Roads Department,Dhekiajuli,784110.0,2.0,"2,96,24,000",SANJAY KUMAR AGARWALLA,"29,622,419",Rejected-Finance,09-Jan-2026,Public Works Roads Department
2025_DoWR_48011_1,GOLAGHAT/2025-26/NDMF/II,Wetland Storage Reservoir at Borpak Wetland of Golaghat District under Golaghat W.R. Division.,Wetland Storage Reservoir at Borpak Wetland of Golaghat District under Golaghat W.R. Division.,Works,Open Tender,Works,Civil Works,No,No,NA ,13-Oct-2025 06:55 PM,NA ,180.0,No ,No,Online,03-Nov-2025 03:00 PM,Department of Water Resources||Chief Engineer - DoWR,Golaghat,785621.0,2.0,"24,66,45,437",Trade Supply India,"246,636,713.83",Rejected-AOC,29-Jan-2026,Department of Water Resources||Chief Engineer - DoWR
2025_PWD_48660_1,CE/MAINT/SOPDG/01/2025-26/50,MAINT/SOPD-G/2025-26/116,"MAINT/SOPD-G/2025-26/116_1)Improvement of Bezera Balikuchi Road to Molla Supa,Munsi Supa,Deka Supa and Koch Suburi road , 2_ Construction RCC Drain Cum Footpath at NG Mandakata to Bezera Medical including 600 mm Dia. SHPC, 3_ Improvement of Pub Alta",Works,Open Tender,Item Rate,Civil Works – Roads,No,No,NA ,17-Nov-2025 02:00 PM,18-Nov-2025 12:00 PM ,180.0,No ,No,Online,03-Dec-2025 04:00 PM,Public Works Roads Department,Kamrup Rural,781001.0,2.0,"3,55,02,000",Latifuddin Ahmed,"35,484,000",Accepted-AOC,29-Jan-2026,Public Works Roads Department
2025_SSA_46759_1,E-686287/353,Senchua MV School under Tengakhat block in Dibrugarh,"Construction of school building for upgradation from upper primary to secondary under Samagra Shiksha, Assam",Works,Open Tender,Item Rate,Civil Works - Building,No,No,NA ,20-Aug-2025 04:30 PM,21-Aug-2025 12:00 PM ,180.0,No ,No,Online,05-Sep-2025 03:00 PM,Axom Sarba Siksha Abhijan Mission,"SSA, Kahilipara, Guwahati",781019.0,2.0,"1,61,60,000",UTPAL GOGOI,"14,544,000",Rejected-Technical,10-Jan-2026,Axom Sarba Siksha Abhijan Mission
2025_DOT_48326_1,ATDC/CS/685/2025/3610 dtd. 30.10.2025,"Creation of tourist facilities at Bogoritolia Kunda Ata Than, Dibrugarh","Creation of tourist facilities at Bogoritolia Kunda Ata Than, Dibrugarh",Works,Open Tender,Item Rate,Civil Works - Others,No,No,NA ,31-Oct-2025 03:00 PM,03-Nov-2025 12:00 PM ,180.0,No ,No,Online,07-Nov-2025 01:00 PM,Department of Tourism||Assam Tourism Development Corporation Ltd. - DOT||HO-Guwahati-ATDCL - DOT,Dibrugarh,786001.0,2.0,"24,75,422",A.B. Enterprise,"2,227,879.8",Accepted-AOC,20-Jan-2026,Department of Tourism||Assam Tourism Development Corporation Ltd. - DOT||HO-Guwahati-ATDCL - DOT
2025_CD_48046_1,WAMUL/NPDD/RFB/25-26/MCA/01,Supply of Milk Collection Accessories along with Glassware and Chemicals under NPDD Project GOI,Milk Collection Accessories along with Glassware and Chemicals,Goods,Open Tender,Supply,Supply of Materials,No,No,Not Applicable ,15-Oct-2025 05:55 PM,NA ,120.0,No ,No,Online,06-Nov-2025 12:30 PM,Cooperation Department||The west Assam Milk Producers Cooperative Union Limited,Guwahati and Jorhat,781037.0,2.0,,Narang Scientific Industries,"476,310",Rejected-Technical,19-Jan-2026,Cooperation Department||The west Assam Milk Producers Cooperative Union Limited
2025_SSA_46791_8,E-686287/353,Borboha High School under Lanka block in Hojai district,"Construction of school building for upgradation from secondary to higher secondary (Arts and Science) under Samagra Shiksha, Assam at Borboha High School under Lanka block in Hojai district",Works,Open Tender,Item Rate,Civil Works - Building,No,No,NA ,23-Aug-2025 06:55 PM,26-Aug-2025 03:00 PM ,180.0,No ,No,Online,05-Sep-2025 03:00 PM,Axom Sarba Siksha Abhijan Mission,"SSA, Kahilipara, Guwahati",781019.0,2.0,"2,00,00,000",MS Unique Construction,"18,000,000",Rejected-Technical,10-Jan-2026,Axom Sarba Siksha Abhijan Mission
2025_PWD_47585_9,CE/DEV/TB/116/2025-26/07 Dtd- 22.08.2025,ASOM_MALA_3.0_25_26_14 Improvement and Upgradation of Old AT Road (Old NH-37) starting at Ch. 636.80 Km (Laipuli) and ending at Ch. 653.50 Km (Makum ROB) under Asom Mala 3.0 for the year of 2025-27,ASOM_MALA_3.0_25_26_14 Improvement and Upgradation of Old AT Road (Old NH-37) starting at Ch. 636.80 Km (Laipuli) and ending at Ch. 653.50 Km (Makum ROB) under Asom Mala 3.0 for the year of 2025-27,Works,Open Tender,Item Rate,Civil Works – Roads,No,No,NA ,19-Sep-2025 06:30 PM,19-Sep-2025 06:55 PM ,180.0,No ,No,Online,07-Oct-2025 02:30 PM,Public Works Roads Department,Tinsukia,786125.0,2.0,"37,21,49,000",SANTOSH GARODIA,"372,149,000",Rejected-Finance,09-Jan-2026,Public Works Roads Department
2025_PWD_45498_1,CE/Commn/16/2025-26/03,Sissiborgaon/ SOPD/ 1,"(1) Construction of Road from AkajanLikabali road at Gandhi nagar to Majgaon , (2) Re-construction of road from Amritpur to Phulbari via Mithun pathar under SOPD-G for the year 2025-26 , Under Jonai TRD, 79 no. Sissiborgaon LAC.",Works,Open Tender,Item Rate,Civil Works – Roads,No,No,NA ,11-Jul-2025 11:00 AM,18-Jul-2025 04:00 PM ,180.0,No ,No,Online,30-Jul-2025 02:30 PM,Public Works Roads Department,Sissiborgaon,787110.0,2.0,"2,28,13,400",BIRAT BASUMATARY,"22,810,400",Accepted-AOC,02-Jan-2026,Public Works Roads Department
2025_SEED_45999_1,ASDM-3672/2025/135/Agar Wood,Agar Wood Processor and Oil Extractor,Agar Wood Processor and Oil Extractor,Services,Open Tender,EOI,Miscellaneous Services,No,No,NA ,28-Jul-2025 05:00 PM,NA ,180.0,No ,No,Online,27-Aug-2025 01:30 PM,Skill Employment and Entrepreneurship Department||Assam Skill Development Mission,Assam Skill Development Mission,781035.0,1.0,"58,78,000",Route To Connect,"896,700",Not Admitted-Fee/PreQual/Technical/Finance,01-Jan-2026,Skill Employment and Entrepreneurship Department||Assam Skill Development Mission
2025_ASPIR_45672_1,ECF/Rate/Stat/581695,ENGAGEMENT OF AN AGENCY TO SUPPLY STATIONERY ITEMS UNDER AS-CFMS,"RATE CONTRACT FOR ENGAGEMENT OF AN AGENCY TO SUPPLY STATIONERY ITEMS UNDER AS-CFMS, FINANCE DEPARTMENT, GOVERNMENT OF ASSAM FOR A PERIOD OF 12 MONTHS",Goods,Open Tender,Lump-sum,Stationery,No,No,NA ,16-Jul-2025 06:30 PM,23-Jul-2025 12:00 PM ,180.0,No ,No,Online,07-Aug-2025 04:00 PM,Finance Department - World Bank Tenders||Assam State Public Finance Institutional Reforms,"Janata Bhawan, Dispur",781005.0,2.0,,UNITED COMMERCIAL,0.0,Rejected-AOC,06-Jan-2026,Finance Department - World Bank Tenders||Assam State Public Finance Institutional Reforms
2025_UDD_48981_1,RMB/UTO/E-Tender/232/2025-26/7,Construction of Lokopriya Gopinath Bordoloi Park near Raha Bazaar at Ward no-8,Construction of Lokopriya Gopinath Bordoloi Park near Raha Bazaar at Ward no-8,Works,Open Tender,Item Rate,Civil Works,No,No,NA ,02-Dec-2025 11:00 AM,10-Dec-2025 01:00 PM ,180.0,No ,No,Online,22-Dec-2025 03:00 PM,Urban Development Department||Directorate of Municipality Administration - UDD||Raha Municipal Board,Raha,782103.0,2.0,"45,00,000",Sri Utpal Hazarika,"4,498,040",Rejected-Technical,20-Jan-2026,Urban Development Department||Directorate of Municipality Administration - UDD||Raha Municipal Board
2025_PWRDW_46409_20,CE/EAP/ARRBP/BR/01/2024/19,ARRBP/OCB/ Bridge-1/Nagaon/18 Br No 1/1 on Dakhin Jagial to Darrangibeel Kacharigaon Road,CE/EAP/ARRBP/OCB/ Bridge1/Nagaon/18 Construction of Bridge in Nagaon District i) Br No 1/1 on Dakhin Jagial to Darrangibeel Kacharigaon Road,Works,Open Tender,Item Rate,Civil Works - Bridges,No,No,NA ,15-Aug-2025 09:00 AM,20-Aug-2025 11:00 AM ,90.0,No ,No,Online,10-Sep-2025 02:30 PM,Public Works Roads Department-Externally Aided Project||Public Works Road Department- World Bank Funded Tenders||Assam State Bridge Infrastructure Program,Nagaon District,782001.0,2.0,"5,66,07,000",ABBASUZ ZAMAN,"54,733,091",Accepted-AOC,19-Jan-2026,Public Works Roads Department-Externally Aided Project||Public Works Road Department- World Bank Funded Tenders||Assam State Bridge Infrastructure Program
2025_PWBNH_48192_1,EE(N)/ITI/11/2024-25/1252,Construction of E Lab attached with main Building of ITI Nalbari Assam,Construction of E Lab attached with main Building of ITI Nalbari Assam,Works,Open Tender,Item Wise,Civil Works - Building,No,No,NA ,22-Oct-2025 02:00 PM,10-Nov-2025 10:00 AM ,180.0,No ,No,Online,12-Nov-2025 03:00 PM,Public Works Building and NH Department||Chief Engineer-Building - PWBNH||SE-Nalbari Building Circle PWBNH||Nalbari District Teritorial Building Division,"Sariahtali, Nalbari",781337.0,2.0,"32,68,135",Sri Tiken Ch. Barman,"2,581,826",Rejected-Finance,03-Jan-2026,Public Works Building and NH Department||Chief Engineer-Building - PWBNH||SE-Nalbari Building Circle PWBNH||Nalbari District Teritorial Building Division
2025_BoTC_48964_9,ACE/CHDI/10/2025/18 dated 01/12/2025,"Construction of RCC Main Canal (from Ch.0.0 m to 150.0 m), Canal Structures and Culverts at Muthra FIS under PMKSY (HKKP) for the year 2021-2022","Construction of RCC Main Canal (from Ch.0.0 m to 150.0 m), Canal Structures and Culverts at Muthra FIS under PMKSY (HKKP) for the year 2021-2022",Works,Open Tender,Works,Civil Works,No,No,NA ,02-Dec-2025 04:00 PM,08-Dec-2025 02:00 PM ,180.0,No ,No,Online,24-Dec-2025 11:00 AM,Bodoland Territorial Council||Irrigation-BTC,Suklai,781366.0,2.0,"50,22,841",BIBARI BARO,"5,021,784.06",Rejected-Finance,12-Jan-2026,Bodoland Territorial Council||Irrigation-BTC
2024_AEGCL_39913_1,AEGCL/DGM/UATTC/OM/CW/1158,"Additional civil works at 132/33kV GSS, Diphu, AEGCL due to the extension of 132kV Transfer Bus for future provision of another 132kV Bay at 132kV GSS, AEGCL, Diphu","Additional civil works at 132/33kV GSS, Diphu, AEGCL due to the extension of 132kV Transfer Bus for future provision of another 132kV Bay at 132kV GSS, AEGCL, Diphu",Works,Open Tender,Item Rate,Civil Works,No,No,NA ,18-Oct-2024 09:30 AM,NA ,180.0,No ,No,Online,26-Nov-2024 12:30 PM,Assam Electricity Grid Corporation Ltd||CGM (T and T),"132kV GSS, AEGCL, Diphu, Karbi Anglong",782460.0,2.0,"26,57,543",hydar khan,"2,122,849.67",Rejected-AOC,21-Jan-2026,Assam Electricity Grid Corporation Ltd||CGM (T and T)
2025_SSA_46747_1,E-686287/353,Fulara Char MV School under Mondia block in Barpeta,"Construction of school building for upgradation from upper primary to secondary under Samagra Shiksha, Assam",Works,Open Tender,Item Rate,Civil Works - Building,No,No,NA ,20-Aug-2025 03:30 PM,21-Aug-2025 12:00 PM ,180.0,No ,No,Online,05-Sep-2025 03:00 PM,Axom Sarba Siksha Abhijan Mission,"SSA, Kahilipara, Guwahati",781019.0,2.0,"1,61,60,000",Hussain Mohmmad Iphtikar,"14,544,000",Rejected-AOC,17-Jan-2026,Axom Sarba Siksha Abhijan Mission
2025_PWBNH_47881_1,CE/TB-III(B)/96/2025/05,Infrastructure Development near Bhootnath Kali Mandir,Infrastructure Development near Bhootnath Kali Mandir,Works,Open Tender,Item Rate,Civil Works - Building,No,No,NA ,08-Oct-2025 09:00 AM,14-Oct-2025 11:30 AM ,180.0,No ,No,Online,28-Oct-2025 03:00 PM,Public Works Building and NH Department||Chief Engineer-Building - PWBNH,Guwahati,781009.0,2.0,"1,79,69,774",ANUPAM NIRMAN PVT. LTD.,"19,999,627",Rejected-AOC,21-Jan-2026,Public Works Building and NH Department||Chief Engineer-Building - PWBNH
2025_SCD_45910_1,Tender/NIT/Pt-I/2025-26/2636,Gahigaon Water Harvesting cum Water Distribution Project by vegetative and engineering method under SDMF,Gahigaon Water Harvesting cum Water Distribution Project by vegetative and engineering method under SDMF,Works,Open Tender,Item Rate,Civil Works,No,No,NA ,24-Jul-2025 05:00 PM,28-Jul-2025 12:00 PM ,180.0,No ,No,Online,07-Aug-2025 10:00 AM,Soil Conservation Department||Director - SCD,Sonitpur,784001.0,2.0,"1,87,62,000",HITENDRA KUMAR BARAH,"18,574,166",Accepted-AOC,11-Nov-2025,Soil Conservation Department||Director - SCD
2025_PWD_48188_2,NIT/JTTRD/2024-25/001/1422,"Improvement of Srimantapur-Sankarpur connecting Path, Rangdhali Path, Kushalpur to Sarawati Puthibhoral, Nabarun Path, JEC Road to Mathauri connecting path, Hantipur Path and Duliagaon to Bhogdoi Path by GWC under SOPD_G for the year 2025_26 in Jorha","Improvement of Srimantapur-Sankarpur connecting Path, Rangdhali Path, Kushalpur to Sarawati Puthibhoral, Nabarun Path, JEC Road to Mathauri connecting path, Hantipur Path and Duliagaon to Bhogdoi Path by GWC under SOPD_G for the year 2025_26 in Jorha",Works,Open Tender,Item Rate,Civil Works – Roads,No,No,NA ,28-Oct-2025 11:00 AM,NA ,180.0,No ,No,Online,07-Nov-2025 02:30 PM,Public Works Roads Department,Jorhat,785001.0,2.0,"20,75,000",NEEL KAMAL PHUKAN,"1,794,874.58",Rejected-AOC,05-Dec-2025,Public Works Roads Department
2025_PWD_45820_97,CE/STBR/SOPD-G/NIT/07/2025 26/1 Dated 26-06-2025,"STBR/SOPD-G/Dimoria -13/101 Construction of Sangam path byelane of Namghar path, at Panjabari under SOPD (G) for the year 2025-26","STBR/SOPD-G/Dimoria -13/101 Construction of Sangam path byelane of Namghar path, at Panjabari under SOPD (G) for the year 2025-26",Works,Open Tender,Item Rate,Civil Works – Roads,No,No,NA ,31-Jul-2025 03:00 PM,01-Aug-2025 11:00 AM ,180.0,No ,No,Online,11-Aug-2025 11:00 AM,Public Works Roads Department,Dimoria,782403.0,2.0,"32,83,000",M/S LAKSHMISHREE TRADERS,"2,856,210",Rejected-AOC,21-Jan-2026,Public Works Roads Department
2024_NHM_41008_1,NHM-32031/80/2024-Cons,"CONSTRUCTION OF INTEGRATED PUBLIC HEALTH LABORATORY AT SIVASAGAR CIVIL HOSPITAL IN SIVASAGAR DISTRICT UNDER PM ABHIM FOR FY 2025-26 UNDER NHM, ASSAM","CONSTRUCTION OF INTEGRATED PUBLIC HEALTH LABORATORY AT SIVASAGAR CIVIL HOSPITAL IN SIVASAGAR DISTRICT UNDER PM ABHIM FOR FY 2025-26 UNDER NHM, ASSAM",Works,Open Tender,Turn-key,Civil Works - Building,No,No,NA ,09-Dec-2024 06:55 PM,NA ,180.0,No ,No,Online,27-Dec-2024 03:30 PM,National Health Mission||State Programme Management Unit - NHM,Sivasagar,785640.0,2.0,"95,04,952",Lechaman Borgohain,"7,794,060",Accepted-AOC,17-Jan-2026,National Health Mission||State Programme Management Unit - NHM
2025_DOT_48124_1,ATDC/CS/676/2025/3480 dt. 10.10.2025,"Creation of tourist facilities at Namphake Buddhist Temple, Naharkatia, Dibrugarh","Creation of tourist facilities at Namphake Buddhist Temple, Naharkatia, Dibrugarh",Works,Open Tender,Item Rate,Civil Works - Others,No,No,NA ,17-Oct-2025 01:00 PM,22-Oct-2025 12:00 PM ,180.0,No ,No,Online,31-Oct-2025 01:00 PM,Department of Tourism||Assam Tourism Development Corporation Ltd. - DOT||HO-Guwahati-ATDCL - DOT,"Naharkatia, Dibrugarh",786610.0,2.0,"24,75,271",M/s. B.N. Enterprise,"2,227,743.9",Rejected-AOC,20-Jan-2026,Department of Tourism||Assam Tourism Development Corporation Ltd. - DOT||HO-Guwahati-ATDCL - DOT
2025_PWD_45827_61,CE/MAINT/SOPDG/01/2025-26/02,MAINT/SOPD-G/2025-26/70,"MAINT/SOPD-G/2025-26/70_1Improvement of GWC road from Barpeta Patbaushi Keoutkuchi Road to Mailkuchi,2Improvement of GWC road from Tetelirtal Chariall to Dakhin Tetelirtal Road with 1000 mm Dia Hume Pipe Culvert ,3Improvement of GWC road from Barpe",Works,Open Tender,Item Rate,Civil Works – Roads,No,No,NA ,24-Jul-2025 09:00 AM,24-Jul-2025 12:00 PM ,180.0,No ,No,Online,14-Aug-2025 11:00 AM,Public Works Roads Department,Barpeta,781301.0,2.0,"64,66,000",RAJU GOSWAMI,"6,465,500",Rejected-Finance,30-Jan-2026,Public Works Roads Department
2025_UDD_44300_1,DMB/Tender/2025/745 Dated 13/05/2025,"Establishment and Commissioning of Waste to Compost Plant and Material Recovery Facilities under SBM Urban 2.0, at DHEMAJI MUNICIPAL BOARD, Assam.","Establishment and Commissioning of Waste to Compost Plant and Material Recovery Facilities under SBM Urban 2.0, at DHEMAJI MUNICIPAL BOARD, Assam.",Works,Open Tender,Works,Civil Works,No,No,NA ,16-May-2025 01:00 PM,23-May-2025 11:00 AM ,180.0,No ,No,Online,07-Jun-2025 11:00 AM,Urban Development Department||Directorate of Municipality Administration - UDD||Dhemaji Municipal Board,Dhemaji,787057.0,2.0,"35,22,000",Resolin,"3,345,900",Accepted-AOC,07-Jan-2026,Urban Development Department||Directorate of Municipality Administration - UDD||Dhemaji Municipal Board
2025_PNRD_46745_1,SIPRD-31/2025(jrt),Provide Catering Service and engage trained manpower for cooking and serving of food management of pantry and other related for Training Programmes Organized by the Extension Training Centre Jorhat and DPRC Dergaon under SIPRD Assam,Provide Catering Service and engage trained manpower for cooking and serving of food management of pantry and other related for Training Programmes Organized by the Extension Training Centre Jorhat and DPRC Dergaon under SIPRD Assam,Services,Open Tender,Item Rate,Hotel/ Catering,No,No,NA ,20-Aug-2025 05:00 PM,29-Aug-2025 11:00 AM ,45.0,No ,No,Online,11-Sep-2025 03:30 PM,Principal Secretary- P and RD- Assam Secretariat||Commissioner- P and RD- PNRD||State Institute of Rural Development - SIRD - PNRD,Jorhat,785008.0,2.0,"28,82,000",P U ENTERPRISE,"2,593,800",Rejected-AOC,03-Jan-2026,Principal Secretary- P and RD- Assam Secretariat||Commissioner- P and RD- PNRD||State Institute of Rural Development - SIRD - PNRD
2025_PWD_45491_29,CE/Commn/16/2025-26/2,Sadia/ SOPD/3,"Imp of rd frm i) 7th mail Dukani Gaon to Rilif Basti, ii) Hollow gaon Mukali Mancha to Hollow Gaon road, iii)Con of Stel Crbn Tubing Pipe Brdge ovr NH-115 iv)Cons of Stel Crbo Udoipur Deori Gaonv)Hollowgaon Panchayat Tiniali to Nolu Chuburi SOPD25-26",Works,Open Tender,Item Rate,Civil Works – Roads,No,No,NA ,11-Jul-2025 01:00 PM,18-Jul-2025 04:00 PM ,180.0,No ,No,Online,30-Jul-2025 02:30 PM,Public Works Roads Department,Sadia,786155.0,2.0,"1,69,45,000",Manuj Kr Telia,"16,944,000",Accepted-AOC,20-Jan-2026,Public Works Roads Department
2025_PWD_43191_1,CE/Commn/133/ SDMF/2024-25/01,Bongaigaon/1,Improvement of Road from Bidyapur (Fulkumari) to Rabhapara Kakragaon link road in Bongaigaon District under SDMF for the year 2024-25..,Works,Open Tender,Item Rate,Civil Works – Roads,No,No,NA ,01-Mar-2025 04:00 PM,07-Mar-2025 04:00 PM ,180.0,No ,No,Online,21-Mar-2025 02:30 PM,Public Works Roads Department,Bongaigaon,783380.0,2.0,"3,24,92,000",RABIN CHANDRA SARKAR,"32,490,000",Accepted-AOC,21-Jan-2026,Public Works Roads Department
2025_PWD_48233_1,KSTRD/SOPD(G)/63/2024-25/1894,Reconstruction of Road from Lailuri Ambagan Road under SOPD-G for the year 2025-26,Reconstruction of Road from Lailuri Ambagan Road under SOPD-G for the year 2025-26,Works,Open Tender,Item Rate,Civil Works – Roads,No,No,NA ,27-Oct-2025 10:00 AM,NA ,180.0,No ,No,Online,17-Nov-2025 03:00 PM,Public Works Roads Department,Kaliabor,782137.0,2.0,"43,27,000",NABAJYOTI BORAH,"4,326,000",Rejected-Finance,30-Jan-2026,Public Works Roads Department
2025_SSA_46763_1,E-686287/353,Chenibill ME School under Tengakhat block in Dibrugarh,"Construction of school building for upgradation from upper primary to secondary under Samagra Shiksha, Assam",Works,Open Tender,Item Rate,Civil Works - Building,No,No,NA ,20-Aug-2025 05:15 PM,21-Aug-2025 12:00 PM ,180.0,No ,No,Online,05-Sep-2025 03:00 PM,Axom Sarba Siksha Abhijan Mission,"SSA, Kahilipara, Guwahati",781019.0,2.0,"1,61,60,000",PRAKASH BASUMATARY,"14,544,000",Rejected-Technical,07-Jan-2026,Axom Sarba Siksha Abhijan Mission
2025_PWD_48188_3,NIT/JTTRD/2024-25/001/1422,"Improvement of Gohain Tekela Jagat Dutta Path, Gohain Tekela Water Supply connecting Path and Suwoni Gaon Path by GWC under SOPD_G under PWRD, Jorhat and Titabor Territorial Road Division for the year 2025_26 in Jorhat LAC","Improvement of Gohain Tekela Jagat Dutta Path, Gohain Tekela Water Supply connecting Path and Suwoni Gaon Path by GWC under SOPD_G under PWRD, Jorhat and Titabor Territorial Road Division for the year 2025_26 in Jorhat LAC",Works,Open Tender,Item Rate,Civil Works – Roads,No,No,NA ,28-Oct-2025 11:00 AM,NA ,180.0,No ,No,Online,07-Nov-2025 02:30 PM,Public Works Roads Department,Jorhat,785001.0,2.0,"20,59,000",M/s D.B.Enterprise,"2,058,795.02",Rejected-AOC,08-Dec-2025,Public Works Roads Department
2025_WPTBC_44572_1,PTDC/Engg/2024-25/337,"Infrastructure Development at Paschim Baligaon LPS, Raha LAC, under SCSP Scheme for the financial year 2024-25","Proposal for Administrative Approval for the works of infrastructure at 40 (Forty) different LP/UP Schools of dominated area of amount of Rs. 1000.00 Lakh under DEE, Assam during the Financial Year 2024. (Infrastructure Development at Paschim Baligao",Works,Open Tender,Item Rate,Civil Works,No,No,NA ,27-May-2025 06:00 PM,02-Jun-2025 02:00 PM ,180.0,No ,No,Online,16-Jun-2025 02:00 PM,Welfare of Plain Tribes and Backward Classes||Director - WPT and BC,Nagaon,782144.0,2.0,"25,00,000",SHIV CONSTRUCTION CO,"2,250,000",Rejected-AOC,21-Jan-2026,Welfare of Plain Tribes and Backward Classes||Director - WPT and BC
2025_DoWR_47557_1,NAGAON/2025-26/RIDF/IV,Construction of New Embankment at Maruwaripatty-Raha on the right bank of river Kopilli including one Sluice gate.,Construction of New Embankment at Maruwaripatty-Raha on the right bank of river Kopilli including one Sluice gate.,Works,Open Tender,Works,Civil Works,No,No,NA ,16-Sep-2025 06:55 PM,NA ,180.0,No ,No,Online,07-Oct-2025 03:00 PM,Department of Water Resources||Chief Engineer - DoWR,NAGAON,782001.0,2.0,"2,78,79,976",SANKAR JYOTI SARMAH,"27,878,936.28",Rejected-AOC,09-Jan-2026,Department of Water Resources||Chief Engineer - DoWR
2025_PWD_44170_1,CS/JTRD/SOPD-G/12/2025-26,Restoration of damaged road surface from caused due to underground water supply pipe laying under Guwahati Water Supply Project along roads executed by L and T Construction under Jalukbari TRD under SOPD G for the year 2025 26 Gr IX,Restoration of damaged road surface from caused due to underground water supply pipe laying under Guwahati Water Supply Project along roads executed by L and T Construction under Jalukbari TRD under SOPD G for the year 2025 26 Gr IX,Works,Open Tender,Item Rate,Civil Works – Roads,No,No,NA ,30-Apr-2025 10:00 AM,02-May-2025 02:00 PM ,180.0,No ,No,Online,14-May-2025 04:00 PM,Public Works Roads Department,various location,781012.0,2.0,"2,36,14,024",M/S MORAMI ENTERPRISE,"23,613,503.29",Rejected-AOC,28-Jan-2026,Public Works Roads Department
2025_PWD_45926_20,CE/DEV/TB/60/2025-26/06 Dtd- 14.07.2025,"MMPPNA_RIDF_XXXI_25_26_179 Construction of (1) road from Karbiblock Sub-Centre to Ronghang Chuburi, (2) Gorpal Village Road under Mukhya Mantrir Paki Path Nirman Achani (MMPPNA) under RIDF-XXXI of NABARD for the year 2025-26.","MMPPNA_RIDF_XXXI_25_26_179 Construction of (1) road from Karbiblock Sub-Centre to Ronghang Chuburi, (2) Gorpal Village Road under Mukhya Mantrir Paki Path Nirman Achani (MMPPNA) under RIDF-XXXI of NABARD for the year 2025-26.",Works,Open Tender,Item Rate,Civil Works – Roads,No,No,NA ,26-Jul-2025 06:00 PM,04-Aug-2025 12:00 PM ,180.0,No ,No,Online,14-Aug-2025 02:30 PM,Public Works Roads Department,Biswanath,784176.0,2.0,"5,72,02,000",M/S Shivam Pavers & Concretes,"57,195,000",Accepted-AOC,30-Jan-2026,Public Works Roads Department
2025_ICD_46032_1,NIT No. ECF No.678882/42,"Construction of Internal Road, RCC Box culvert, RCC Drain and Land levelling at Industrial Estate, Tamulpur, Kumarikata, Assam",Please refer NIT,Works,Open Tender,Item Rate,Civil Works,No,No,NA ,30-Jul-2025 10:00 AM,NA ,180.0,No ,No,Online,10-Sep-2025 02:00 PM,Industries and Commerce Department||Assam Industrial Development Corporation Ltd - ICD,"Kumarikata, Tamulpur, Assam",781360.0,2.0,"12,94,56,723",M/S TRISHUL ASSOCIATES - M/S GANAPATI ENTERPRISE JV,"125,573,021.3",Rejected-Technical,16-Jan-2026,Industries and Commerce Department||Assam Industrial Development Corporation Ltd - ICD
2025_PWD_49057_1,DMJ/TRD/SOPD-G/1/2025-26/ 01-09 Date .29/11/2025,Construction of Two Box Culverts at Laipulia Missing Gaon to Adikalia under the Border Protection and Development Department for the year 2024-25,Construction of Two Box Culverts at Laipulia Missing Gaon to Adikalia under the Border Protection and Development Department for the year 2024-25,Works,Open Tender,Works,Civil Works,No,No,NA ,05-Dec-2025 05:00 PM,NA ,180.0,No ,No,Online,24-Dec-2025 10:00 AM,Public Works Roads Department,Dhemaji,787057.0,2.0,"39,99,508",Mr. Dimpale Gogoi,"3,999,199.06",Not Admitted-Fee/PreQual/Technical,02-Jan-2026,Public Works Roads Department
2025_BoTC_43897_1,DOE/BTC/SOPD/Tender/29/2024-25,Replacement of roofing sheet (Storm Damage) at 7 (Seven) nos of Schools under Kokrajhar District.,Replacement of roofing sheet (Storm Damage) at 7 (Seven) nos of Schools under Kokrajhar District.,Works,Open Tender,Works,Civil Works,No,No,NA ,01-Apr-2025 04:00 PM,NA ,180.0,No ,No,Online,23-Apr-2025 04:00 PM,Bodoland Territorial Council||Education-BTC,Kokrajhar,783370.0,2.0,"57,75,982",LIPIKA BRAHMA,"5,770,592.41",Rejected-AOC,13-Jan-2026,Bodoland Territorial Council||Education-BTC
2025_PWRDW_42315_11,CEEAPARRBP111TENDERS2024Pt-I38,Construction of Bridge in Lakhimpur District i) Br. No. 1/1 on Balikuchi Bishnupur Road,CE/EAP/ARRBP/OCB/Bridge-1/Lakhimpur/20 Construction of Bridge in Lakhimpur district i) Br. No. 1/1 on Balikuchi Bishnupur Road,Works,Open Tender,Item Rate,Civil Works - Bridges,No,No,NA ,24-Jan-2025 02:00 PM,29-Jan-2025 11:00 AM ,180.0,No ,No,Online,24-Feb-2025 02:30 PM,Public Works Roads Department-Externally Aided Project||Public Works Road Department- World Bank Funded Tenders||Assam State Bridge Infrastructure Program,Lakhimpur,787001.0,2.0,"2,68,53,000",NITUMONI BARUAH,"27,792,855",Accepted-AOC,09-Jan-2026,Public Works Roads Department-Externally Aided Project||Public Works Road Department- World Bank Funded Tenders||Assam State Bridge Infrastructure Program
2025_CEO_47655_1,ELE.51/2025/49,"OUTREACH AND SOCIAL MEDIA MANAGEMENT UNDER CHIEF ELECTORAL OFFICER, ASSAM","OUTREACH AND SOCIAL MEDIA MANAGEMENT UNDER CHIEF ELECTORAL OFFICER, ASSAM",Services,Open Tender,Item Rate,Miscellaneous Services,No,No,NA ,22-Sep-2025 03:30 PM,NA ,180.0,No ,No,Online,13-Oct-2025 03:30 PM,Office of the Chief Electoral Officer Assam,"OFFICE OF THE CHIEF ELECTORAL OFFICER, ASSAM GUWAH",781006.0,2.0,,Priya Communication,"1,014,776.75",Rejected-Finance,01-Dec-2025,Office of the Chief Electoral Officer Assam
2025_DOT_45142_1,ATDC/CS/673/2025/537 dt. 11.06.2025,"Sankardev Kalakriti Vikas Kendra, Baghmara, Nalbari","Sankardev Kalakriti Vikas Kendra, Baghmara, Nalbari",Works,Open Tender,Item Rate,Civil Works - Others,No,No,NA ,24-Jun-2025 04:20 PM,25-Jun-2025 12:00 PM ,180.0,No ,No,Online,19-Jul-2025 01:00 PM,Department of Tourism||Assam Tourism Development Corporation Ltd. - DOT||HO-Guwahati-ATDCL - DOT,Nalbari,781335.0,2.0,"29,70,460",M/s. Izyan Associates,"2,673,414",Rejected-AOC,17-Jan-2026,Department of Tourism||Assam Tourism Development Corporation Ltd. - DOT||HO-Guwahati-ATDCL - DOT
2025_BoTC_46127_1,DOE/SSA/Koj_Udl/New_Const /2025-26/02,"Construction of 4 Nos. of Additional Class Room G plus1 and 1 Nos of Science Laboratory at Jaraguri HS School, Kokrajhar.","Construction of 4 Nos. of Additional Class Room G plus1 and 1 Nos of Science Laboratory at Jaraguri HS School, Kokrajhar.",Works,Open Tender,Item Rate,Civil Works,No,No,NA ,04-Aug-2025 09:00 AM,NA ,180.0,No ,No,Online,18-Aug-2025 03:00 PM,Bodoland Territorial Council||Education-BTC,Jaraguri,783347.0,2.0,"94,85,000",LIPIKA BRAHMA,"9,473,145.78",Rejected-AOC,13-Jan-2026,Bodoland Territorial Council||Education-BTC
2025_KAAC_46471_1,NoACEH/CS/SSA/03/2025-26/SL24,Construction of 50 bedded hostel separately for boys and girls under Dharti Aaba Janjatiya Gram Utkarsh Abhiyan at Dhansiri High School.,Construction of 50 bedded hostel separately for boys and girls under Dharti Aaba Janjatiya Gram Utkarsh Abhiyan at Dhansiri High School.,Works,Open Tender,Item Rate,Civil Works - Building,No,No,NA ,18-Aug-2025 11:00 AM,20-Aug-2025 12:00 PM ,180.0,No ,No,Online,30-Aug-2025 11:00 AM,Karbi Anglong Autonomous Council||PWD||Addl. Chief Engineer Diphu,Lumbajong,782461.0,2.0,"3,78,75,000",SMT. RINUMA BORDOLOI,"37,874,999.99",Rejected-AOC,16-Jan-2026,Karbi Anglong Autonomous Council||PWD||Addl. Chief Engineer Diphu
2025_WREAP_44895_1,568378/1306C,"Conducting River Surveys (Bathymetry, Flow, Sediment measurement) Lot 3 Goalpara","Conducting River Surveys (Bathymetry, Flow, Sediment measurement) Lot 3 Goalpara",Services,Limited,Lump-sum,Miscellaneous Services,No,No,NA ,20-Jun-2025 09:00 AM,23-Jun-2025 01:00 PM ,90.0,No ,No,Not Applicable,05-Jul-2025 04:00 PM,Department of Water Resources-Externally Aided Project||Flood and River Erosion Management Agency of Assam||WRD- ADB Funded Tenders,Assam,781029.0,1.0,,AM DATA LAB PRIVATE LIMITED,"13,134,300",Accepted-AOC,08-Oct-2025,Department of Water Resources-Externally Aided Project||Flood and River Erosion Management Agency of Assam||WRD- ADB Funded Tenders
2025_GU_48301_1,T/25-26/182 Dated 29.10.2025,lmprovement of GU Main Playground near Market complex,improvement of GU Main Playground near Market complex,Works,Open Tender,Item Rate,Civil Works,No,No,NA ,30-Oct-2025 04:00 PM,03-Nov-2025 11:00 AM ,180.0,No ,No,Online,06-Nov-2025 03:00 PM,Gauhati University,Gauhati University,781014.0,2.0,"66,47,658",M/S SUNRISE ENTERPRISE,"5,637,473",Rejected-Finance,30-Jan-2026,Gauhati University
2025_PWRDW_43912_8,CE/EAP/ARRBP/BR/01/2024/13,ARRBP/OCB/Bridge1/Cachar/15 Binodnagar,CE/EAP/ARRBP/OCB/Bridge-1/Cachar/15 Construction of Bridge in Cachar district i) Br.No.2/1 On Binodnagar Baluchari To Taranathpur Road,Works,Open Tender,Item Rate,Civil Works - Bridges,No,No,NA ,02-Apr-2025 11:35 AM,10-Apr-2025 11:00 AM ,90.0,No ,No,Online,24-Apr-2025 02:30 PM,Public Works Roads Department-Externally Aided Project||Public Works Road Department- World Bank Funded Tenders||Assam State Bridge Infrastructure Program,Cachar district,788001.0,2.0,"1,37,71,000",Sri Khalil Ahmed Barbhuiya,"14,457,977",Accepted-AOC,13-Jan-2026,Public Works Roads Department-Externally Aided Project||Public Works Road Department- World Bank Funded Tenders||Assam State Bridge Infrastructure Program
2025_UDD_48428_1,DM/PWD/15th F.C.(Tied)/2025-26/715,Construction of RCC drain with slab cover L 115 M for used water at TR Phukun Road from Sub Registry Office towards NS Road up to Junction of Rabindra Sarani Road Phase 1 at Ward No 2,Construction of RCC drain with slab cover L 115 M for used water at TR Phukun Road from Sub Registry Office towards NS Road up to Junction of Rabindra Sarani Road Phase 1 at Ward No 2,Works,Open Tender,Item Rate,Civil Works,No,No,NA ,04-Nov-2025 06:00 PM,21-Nov-2025 12:00 PM ,90.0,No ,No,Online,27-Nov-2025 02:00 PM,Urban Development Department||Directorate of Municipality Administration - UDD||Dhubri Municipal Board,TR Phukun Road Ward No 2 Dhubri Town,783301.0,2.0,"21,06,000",SANJAY SAHA,"1,895,400",Rejected-AOC,16-Jan-2026,Urban Development Department||Directorate of Municipality Administration - UDD||Dhubri Municipal Board
2025_WPTBC_49302_1,SCDCMEGZINCHUTIA,"Infrastructure Development of Chutia Student Hostel Building at Megzin, Guwahati","Infrastructure Development of Chutia Student Hostel Building at Megzin, Guwahati",Works,Open Tender,Item Rate,Civil Works,No,No,NA ,12-Dec-2025 04:10 PM,NA ,180.0,No ,No,Online,19-Dec-2025 03:00 PM,Welfare of Plain Tribes and Backward Classes||Directorate of Welfare of Scheduled Caste||Assam State Development Corporation for SC,"DISPUR, GHY-06",781006.0,2.0,"60,00,000",Sri Abon Borah,"6,000,000",Rejected-Technical,22-Jan-2026,Welfare of Plain Tribes and Backward Classes||Directorate of Welfare of Scheduled Caste||Assam State Development Corporation for SC
2025_APGCL_43107_1,GM/NTPS/2025-2,Spares for Motor Operated Valves,"Spares for Auma make Motor Operated Valves at Namrup Replacement Power Project (NRPP), NTPS, APGCL, Namrup.",Goods,Open Tender,Tender cum Auction,Supply of Materials,No,No,NA ,26-Feb-2025 10:00 AM,NA ,180.0,No ,No,Online,24-Apr-2025 12:00 PM,Assam Power Generation Company Limited,Namrup Thermal Power Station,786622.0,2.0,,PRERANA ENGINEERS & CONSULTANTS PVT.LTD,"661,829",Accepted-AOC,05-Jan-2026,Assam Power Generation Company Limited
2025_PWD_45399_16,CE/DEV/TB/54/2025-26/01 Dtd- 13.06.2025,MMUPPNA_RIDF_XXXI_25_26_21 Improvement and Widening of Nagaon Dakhinpat Kampur Road (From Haria RCC Bridge Approach at Borkula towards Dakhinpat) under Mukhya Mantrir Unnoto Paki Path Nirman Achani (MMUPPNA) under RIDF-XXXI of NABARD for the year 202,MMUPPNA_RIDF_XXXI_25_26_21 Improvement and Widening of Nagaon Dakhinpat Kampur Road (From Haria RCC Bridge Approach at Borkula towards Dakhinpat) under Mukhya Mantrir Unnoto Paki Path Nirman Achani (MMUPPNA) under RIDF-XXXI of NABARD for the year 202,Works,Open Tender,Item Rate,Civil Works – Roads,No,No,NA ,07-Jul-2025 09:00 AM,14-Jul-2025 12:00 PM ,180.0,No ,No,Online,25-Jul-2025 02:30 PM,Public Works Roads Department,Nagaon,782103.0,2.0,"5,30,50,000",M/S ANKUR ENTERPRISE,"53,042,100",Accepted-AOC,21-Jan-2026,Public Works Roads Department
2025_PWBNH_44527_1,CE/TB-VII/55/2025/07 Dated Guwahati the 15th May 2025,Construction of Block Office Building at Chakchaka Development Block under SOPD for the year 2021-22,Construction of Block Office Building at Chakchaka Development Block under SOPD for the year 2021-22,Works,Open Tender,Item Rate,Civil Works - Building,No,No,NA ,26-May-2025 05:00 PM,27-May-2025 11:00 AM ,180.0,No ,No,Online,04-Jun-2025 03:00 PM,Public Works Building and NH Department||Chief Engineer-Building - PWBNH,CHAKCHAKA,781317.0,2.0,"2,33,94,317",KUSHAN CHOUDHURY,"20,703,779",Rejected-Technical,21-Jan-2026,Public Works Building and NH Department||Chief Engineer-Building - PWBNH
2025_PWD_46306_6,CE/DEV/TB/119/2025-26/1 Dtd- 28.07.2025,MMPPNA_RIDF_XXXI_25_26_359 Construction of Impoi to Gamvom Road under Mukhya Mantrir Paki Path Nirman Achani under RIDF-XXXI of NABARD for the year 2025-26.,MMPPNA_RIDF_XXXI_25_26_359 Construction of Impoi to Gamvom Road under Mukhya Mantrir Paki Path Nirman Achani under RIDF-XXXI of NABARD for the year 2025-26.,Works,Open Tender,Item Rate,Civil Works – Roads,No,No,NA ,12-Aug-2025 09:00 AM,15-Aug-2025 12:00 PM ,180.0,No ,No,Online,26-Aug-2025 02:30 PM,Public Works Roads Department,Haflong,788819.0,2.0,"2,15,00,000",Sanjana Jha,"19,350,000",Accepted-AOC,09-Jan-2026,Public Works Roads Department
2025_PWD_48249_1,KSTRD/SOPD(G)/63/2024-25/1894,Reconstruction of SH-3 between 19th Km to 24th Km (In between Salpara RCC Bridge to Balika Centre) under SOPD-G for the year 2025-26,Reconstruction of SH-3 between 19th Km to 24th Km (In between Salpara RCC Bridge to Balika Centre) under SOPD-G for the year 2025-26,Works,Open Tender,Item Rate,Civil Works – Roads,No,No,NA ,27-Oct-2025 10:00 AM,NA ,180.0,No ,No,Online,17-Nov-2025 03:00 PM,Public Works Roads Department,Samaguri,782140.0,2.0,"50,00,000",Rohan dutta,"4,999,062",Rejected-Finance,20-Jan-2026,Public Works Roads Department
2024_GMC_38674_1,GER/CE/2372/2023/38 Dated 23/08/2024,Construction of Guard wall at Tiger Hills Ward no 32,Construction of Guard wall at Tiger Hills Ward no 32,Works,Open Tender,Lump-sum,Civil Works - Others,No,No,NA ,28-Aug-2024 06:40 PM,NA ,180.0,No ,No,Online,19-Sep-2024 03:00 PM,Guwahati Municipal Corporation,GUWAHATI,781006.0,2.0,"25,21,000",DIPAK SARMA,"2,092,430",Accepted-AOC,19-Dec-2025,Guwahati Municipal Corporation
2025_WPTBC_45450_1,PTDC/Engg/2024-25/366,"Submission of proposal for Administrative approval of Rs 75.00 Lakhs of Model Estimate for construction of G plus 1 RCC DSWO building at Dibrugarh district, Assam During the year 2024-25","Submission of proposal for Administrative approval of Rs 75.00 Lakhs of Model Estimate for construction of G plus 1 RCC DSWO building at Dibrugarh district, Assam During the year 2024-25",Works,Open Tender,Item Rate,Civil Works,No,No,NA ,08-Jul-2025 05:00 PM,20-Jul-2025 02:00 PM ,120.0,No ,No,Online,28-Jul-2025 02:00 PM,Welfare of Plain Tribes and Backward Classes||Director - WPT and BC,Dibrugarh,786001.0,2.0,"75,00,000",AMIT KUMAR JAIN,"6,994,376.21",Accepted-AOC,06-Jan-2026,Welfare of Plain Tribes and Backward Classes||Director - WPT and BC
2025_DHTS_47286_1,DHTCM(C) 31/2025/57,Renovation of HTC building along with boundary wall at Bangkowal in Golaghat District for 2024-25,Renovation of HTC building along with boundary wall at Bangkowal in Golaghat District for 2024-25,Works,Open Tender,Item Rate,Civil Works,No,No,NA ,05-Sep-2025 12:00 PM,11-Sep-2025 12:00 PM ,180.0,No ,No,Online,03-Oct-2025 12:00 PM,Department of Handloom Textile and Sericulture||Directorate of Handloom and Textiles-DHTS,Golaghat,785619.0,2.0,"40,00,000",Jiban Gogoi,"3,400,000",Rejected-Finance,09-Jan-2026,Department of Handloom Textile and Sericulture||Directorate of Handloom and Textiles-DHTS
2025_CEO_47147_1,ELE.52/2025/2,Maintenance of CEO Assam Website,Maintenance of CEO Assam Website,Services,Open Tender,Item Rate,Information Technology,No,No,NA ,30-Aug-2025 04:30 PM,NA ,180.0,No ,No,Online,18-Sep-2025 03:30 PM,Office of the Chief Electoral Officer Assam,"OFFICE OF CHIEF ELECTORAL OFFICER, ASSAM Ghy 06",781006.0,2.0,,Webx Technologies Private Limited,"260,000",Rejected-Finance,10-Nov-2025,Office of the Chief Electoral Officer Assam
2025_PWD_48188_1,NIT/JTTRD/2024-25/001/1422,"Improvement of Pakhi Saikia Path, Naram Saikia Path, Parijat Nagar Bye Lane 2, Ghanakanta Bora Road, Chirotia Aagline Path, Jonaki Bye Lane, Dilip Bora House to Nobin Khound House, Hemai Saikia Santipur Bye Lane, under SOPD_G for the year 2025_26","Improvement of Pakhi Saikia Path, Naram Saikia Path, Parijat Nagar Bye Lane 2, Ghanakanta Bora Road, Chirotia Aagline Path, Jonaki Bye Lane, Dilip Bora House to Nobin Khound House, Hemai Saikia Santipur Bye Lane, under SOPD_G for the year 2025_26",Works,Open Tender,Item Rate,Civil Works – Roads,No,No,NA ,28-Oct-2025 11:00 AM,NA ,180.0,No ,No,Online,07-Nov-2025 02:30 PM,Public Works Roads Department,Jorhat,785001.0,2.0,"20,23,000",SUBHMULTIWEB SYSTEM AND SERVICES,"1,913,895",Rejected-AOC,08-Dec-2025,Public Works Roads Department
2025_PHED_48881_1,SEPH/TEZ/TC-196/2025-26/ 1418-24 Dated 27/11/2025,Utility Shifting of Namati Nagaon PWSS under Mangaldai (PHE) Division under SOPD-G for the year 2025-26,Utility Shifting of Namati Nagaon PWSS under Mangaldai (PHE) Division under SOPD-G for the year 2025-26,Works,Open Tender,Item Rate,Civil Works - Water Works,No,No,NA ,28-Nov-2025 10:00 AM,03-Dec-2025 11:00 AM ,90.0,No ,No,Online,05-Dec-2025 03:00 PM,Public Health Engineering Department||Chief Engineer PHE(P)-Assam-PHED||North Assam Zone-Tezpur-PHED||Tezpur Circle-Tezpur-PHED,"Namati Nagaon, Darrang, Assam",784514.0,2.0,"27,98,991",M/S DALAKI INTERNATIONAL,"2,798,084",Rejected-Finance,20-Jan-2026,Public Health Engineering Department||Chief Engineer PHE(P)-Assam-PHED||North Assam Zone-Tezpur-PHED||Tezpur Circle-Tezpur-PHED
2025_PWD_45820_43,CE/STBR/SOPD-G/NIT/07/2025 26/1 Dated 26-06-2025,STBR/SOPD-G/Jalukbari-26/65 Constrution of Sadilapur Ghoramara Bye Lane including RCC drain under SOPD-G for the year 2025-26,STBR/SOPD-G/Jalukbari-26/65 Constrution of Sadilapur Ghoramara Bye Lane including RCC drain under SOPD-G for the year 2025-26,Works,Open Tender,Item Rate,Civil Works – Roads,No,No,NA ,23-Jul-2025 02:00 PM,30-Jul-2025 11:00 AM ,180.0,No ,No,Online,19-Aug-2025 11:00 AM,Public Works Roads Department,Jalukbari,781013.0,2.0,"1,18,72,000",M/S Loyal Trading,"11,872,000",Accepted-AOC,06-Jan-2026,Public Works Roads Department
2025_PWD_45827_76,CE/MAINT/SOPDG/01/2025-26/02,MAINT/SOPD-G/2025-26/137,MAINT/SOPD-G/2025-26/137_1_Construction of ICBP Road from Pathsala Golibandha PWD Road to Late Ramesh Bodo house at village Bhethua 2_Construction of Road from Niz Sariah Village to Dharamtola via 1318 No. Niz Sariah Dharamtola Milan LP School unde,Works,Open Tender,Item Rate,Civil Works – Roads,No,No,NA ,24-Jul-2025 09:00 AM,24-Jul-2025 12:00 PM ,180.0,No ,No,Online,14-Aug-2025 11:00 AM,Public Works Roads Department,Bajali,781325.0,2.0,"1,54,38,000",TARUN LAHKAR,"15,430,000",Rejected-Finance,08-Jan-2026,Public Works Roads Department
2025_DoWR_44831_1,E file 554730/900,"Hiring of agency for Outsourced Service Personnel for Housekeeping Landscape and Building Management, Electrical Plumbing maintenance and other Allied Services at Assam Water Centre","Outsourced Service Personnel for Housekeeping Landscape and Building Management, Electrical Plumbing maintenance and other Allied Services at Assam Water Centre",Services,Open Tender,Lump-sum,Manpower Supply,No,No,NA ,11-Jun-2025 01:00 PM,17-Jun-2025 02:00 PM ,90.0,No ,No,Online,19-Jul-2025 04:00 PM,Department of Water Resources||Flood and River Erosion Management Agency of Assam,Guwahati,781029.0,2.0,"45,00,000",AUM Facility Services,"5,857,011.44",Accepted-AOC,08-Oct-2025,Department of Water Resources||Flood and River Erosion Management Agency of Assam
2025_SSA_49180_1,E-686287/862,Narayan Nath HS School,"Construction of integrated science lab, physics lab, chemistry lab and biology lab at Narayan Nath HS School under RK Nagar block in Sribhumi district",Works,Open Tender,Works,Civil Works - Building,No,No,NA ,11-Dec-2025 09:00 AM,12-Dec-2025 03:00 PM ,180.0,No ,No,Online,19-Dec-2025 03:00 PM,Axom Sarba Siksha Abhijan Mission,Sribhumi,781019.0,2.0,"75,88,000",Sri Hari Prasad Dihingia,"6,829,200",Accepted-AOC,22-Jan-2026,Axom Sarba Siksha Abhijan Mission
2025_PWD_45820_42,CE/STBR/SOPD-G/NIT/07/2025 26/1 Dated 26-06-2025,STBR/SOPD-G/Jalukbari-01/40 Constrution of RCC Load bearing drain at Dhopartal under SOPD-G for the year 2025-26,STBR/SOPD-G/Jalukbari-01/40 Constrution of RCC Load bearing drain at Dhopartal under SOPD-G for the year 2025-26,Works,Open Tender,Item Rate,Civil Works – Roads,No,No,NA ,23-Jul-2025 02:00 PM,30-Jul-2025 11:00 AM ,180.0,No ,No,Online,19-Aug-2025 11:00 AM,Public Works Roads Department,Jalukbari,781013.0,2.0,"1,10,25,000",NITUL DAS,"11,023,622",Rejected-AOC,21-Jan-2026,Public Works Roads Department
2025_ID_48495_1,KNKSD(I)/NIT/2025-26/362 DATED 06/11/2025,Installation of Solar Powered STW Scheme (5 Points) under Karimganj-North LAC under SOPD-G for the year 2025-26,Installation of Solar Powered STW Scheme (5 Points) under Karimganj-North LAC under SOPD-G for the year 2025-26,Works,Open Tender,Works,Composite Works,No,No,NA ,10-Nov-2025 09:00 AM,NA ,180.0,No ,No,Online,09-Dec-2025 01:00 PM,Irrigation Department||Chief Engineer(Minor Irrigation)-Irrigation Dept||Cachar-karimganj Circle||Karimganj North Karimganj South Badarpur Division,Karimganj North,788712.0,2.0,"36,06,205",K. K. ENTERPRISE,"3,245,584.5",Rejected-Technical,23-Jan-2026,Irrigation Department||Chief Engineer(Minor Irrigation)-Irrigation Dept||Cachar-karimganj Circle||Karimganj North Karimganj South Badarpur Division
2025_DoIT_46757_1,AEDC/SDC/2025-26/05,Supply and Installation of Switching Infrastructure,Supply and Installation of Switching Infrastructure,Services,Open Tender,Item Rate,Information Technology,No,No,NA ,20-Aug-2025 05:00 PM,NA ,180.0,No ,No,Online,10-Sep-2025 05:00 PM,Principal Secretary-Department of Information Technology||Assam Electronics Development Corporation Ltd-DoIT,Guwahati,781021.0,2.0,,INFOSAIL TECHNOLOGY SERVICES PRIVATE LIMITED,"15,006,532",Rejected-Finance,26-Sep-2025,Principal Secretary-Department of Information Technology||Assam Electronics Development Corporation Ltd-DoIT
2025_PCCF_48219_1,FNST/CAMPA/Online/2025-26/01,Construction of Assam type Barrack.,"Construction of Assam type Barrack at Debasthan in Jamuna Moudanga R.F. under J.V. Range, Doboka.",Works,Open Tender,Lump-sum,Civil Works - Building,No,No,NA ,24-Oct-2025 03:00 PM,27-Oct-2025 01:30 PM ,180.0,No ,No,Online,26-Nov-2025 02:30 PM,"Pr. Chief Conservator of Forest and Head of Forest Force||Chief Conservator of Forests (Upper Assam Zone)||Northern Assam Circle, Tezpur||Nagaon South Division",Debasthan in Jamuna Moudanga R.F.,782440.0,2.0,"45,06,238",M/S BHOWMIK ENTERPRISE,"4,055,614.2",Not Admitted-Fee/PreQual/Technical,19-Jan-2026,"Pr. Chief Conservator of Forest and Head of Forest Force||Chief Conservator of Forests (Upper Assam Zone)||Northern Assam Circle, Tezpur||Nagaon South Division"
2025_AEGCL_45587_1,AEGCL/DGM(Civil)/2025-26/01,"Construction of Officers Hostel, Staff Hostel alongwith Earth filling, drainage, internal road and external water supply at 132/33kV GSS, AEGCL, Hailakandi","Construction of Officers Hostel, Staff Hostel alongwith Earth filling, drainage, internal road and external water supply at 132/33kV GSS, AEGCL, Hailakandi",Works,Open Tender,Works,Civil Works,No,No,NA ,13-Aug-2025 12:00 PM,NA ,180.0,No ,No,Online,05-Sep-2025 12:00 PM,Assam Electricity Grid Corporation Ltd||CGM (T and T),"132/33kV GSS, AEGCL, Hailakandi",788151.0,2.0,"61,37,890",NURUL ISLAM LASKAR,"6,156,303.67",Rejected-Technical,03-Jan-2026,Assam Electricity Grid Corporation Ltd||CGM (T and T)
2025_GMDA_48711_1,GMDA/DEV/06/2025/Pt/14,Construction of Storm Water Drain on the southern side along NH-27 from Guruduwara near Basistha Chariali to Jawahar Nagar (Ch. 0.000 Km to Ch. 1.140 Km),Construction of Storm Water Drain on the southern side along NH-27 from Guruduwara near Basistha Chariali to Jawahar Nagar (Ch. 0.000 Km to Ch. 1.140 Km),Works,Open Tender,Item Rate,Civil Works,No,No,NA ,19-Nov-2025 02:00 PM,NA ,180.0,No ,No,Online,10-Dec-2025 03:00 PM,Guwahati Metropolitan Development Authority||Guwahati Development Department - GMDA,Basistha near NH-27,781029.0,2.0,"27,00,00,000",M/S DHANSIRI ASSOCIATES,"269,997,500",Accepted-AOC,20-Jan-2026,Guwahati Metropolitan Development Authority||Guwahati Development Department - GMDA
2025_WREAP_44376_1,568378/298A,"Conducting River Surveys (Bathymetry, Flow, Sediment measurement) Lot 1 Dibrugarh and Tinsukia","Conducting River Surveys (Bathymetry, Flow, Sediment measurement) Lot 1 Dibrugarh and Tinsukia",Services,Limited,Lump-sum,Miscellaneous Services,No,No,NA ,20-May-2025 09:00 AM,23-May-2025 01:00 PM ,90.0,No ,No,Not Applicable,10-Jun-2025 04:00 PM,Department of Water Resources-Externally Aided Project||Flood and River Erosion Management Agency of Assam||WRD- ADB Funded Tenders,Dibrugarh and Tinsukia,781029.0,1.0,,Kishur Konwar,"71,622,000",Rejected-Technical,07-Sep-2025,Department of Water Resources-Externally Aided Project||Flood and River Erosion Management Agency of Assam||WRD- ADB Funded Tenders
2025_WPTBC_49473_1,PTDC/Engg/2024-25/455,"Construction of Brick Boundary Wall at Gogamukh College Field at Gogamukh, Dhamaji LAC.","Construction of Brick Boundary Wall at Gogamukh College Field at Gogamukh, Dhamaji LAC.",Works,Open Tender,Item Rate,Civil Works,No,No,NA ,19-Dec-2025 09:00 AM,24-Dec-2025 11:00 AM ,180.0,No ,No,Online,05-Jan-2026 03:30 PM,Welfare of Plain Tribes and Backward Classes||Director - WPT and BC||Assam Plains Tribes Development Corporation Ltd.,"Gogamukh, Dhamaji",787034.0,2.0,"70,31,721",MANTU TAID,"7,031,016.36",Rejected-AOC,23-Jan-2026,Welfare of Plain Tribes and Backward Classes||Director - WPT and BC||Assam Plains Tribes Development Corporation Ltd.
2025_UDD_45652_1,SMB-263/15thFC(Untied)/565 dt 16-07-2025,15th FC (Untied)/2025-26/565,Construction Assam Type Daily Market,Works,Open Tender,Works,Civil Works,No,No,NA ,16-Jul-2025 06:00 PM,21-Jul-2025 01:00 PM ,90.0,No ,No,Online,08-Aug-2025 01:00 PM,Urban Development Department||Directorate of Municipality Administration - UDD||Simaluguri Municipal Board,"Simaluguri Town,ward no-01",785686.0,2.0,"2,98,17,000",Sri Diganta gogoi,"29,816,447",Rejected-Finance,31-Dec-2025,Urban Development Department||Directorate of Municipality Administration - UDD||Simaluguri Municipal Board
2025_ACCF_43172_1,ACCF/OT/2025/94,ACCF/OT/2025/94,"Supply, Installation, Testing and Commissioning of Operation Theatre Works at Barpeta, Silchar and Dibrugarh",Services,Open Tender,Lump-sum,Supply/Erection/Commissioning Services,No,No,NA ,28-Feb-2025 12:00 PM,07-Mar-2025 12:00 PM ,180.0,No ,No,Online,24-Mar-2025 04:00 PM,ASSAM CANCER CARE FOUNDATION,ACCF HO,781022.0,2.0,,PES Installations Private Limited,"6,515,960",Rejected-Technical,09-Jan-2026,ASSAM CANCER CARE FOUNDATION
2025_PWD_48556_12,ARRBP/BR/01/2024/E696387/41,Dima Hasao/03 i) Br.No. 7/1(Widening) on Nabdi Lngting Path ii) Br.No. 18/1(Replacement) on Purana Maibang,CE/EAP/ARRBP/ OCB/Bridges-2/Dima Hasao/03 Widening/Replacement of Bridges in Dima Hasao district i) Br.No. 7/1(Widening) on Nabdi Lngting Path ii) Br.No. 18/1(Replacement) on Purana Maibang Bonglaidisa Road,Works,Open Tender,Item Rate,Civil Works - Bridges,No,No,NA ,14-Nov-2025 09:00 AM,21-Nov-2025 11:00 AM ,90.0,No ,No,Online,28-Nov-2025 02:30 PM,Public Works Roads Department,Dima Hasao District,788819.0,2.0,"2,31,53,000",Mona Kemprai,"24,299,073",Accepted-AOC,24-Jan-2026,Public Works Roads Department
2025_PWBNH_46630_1,"CE/TB-III(H_E)/66/2025/2 Dated Guwahati the 5th August, 2025","Campus Development of newly constructed 500 bedded Emergency Hospital at SMCH ny demolishing existing PHE Division Office and Plant including campus lighting, shifting of 33kv HT line etc","Campus Development of newly constructed 500 bedded Emergency Hospital at SMCH ny demolishing existing PHE Division Office and Plant including campus lighting, shifting of 33kv HT line etc",Works,Open Tender,Item Rate,Civil Works - Building,No,No,NA ,18-Aug-2025 06:15 PM,22-Aug-2025 11:30 AM ,180.0,No ,No,Online,08-Sep-2025 04:00 PM,Public Works Building and NH Department||Chief Engineer-Building - PWBNH,Silchar,788001.0,2.0,"6,67,38,223",MRINAL KANTI ACHARJEE,"60,731,783",Accepted-AOC,07-Jan-2026,Public Works Building and NH Department||Chief Engineer-Building - PWBNH
2025_PWD_47611_4,CE/MAINT/SOPDG/01/2025-26/29,MAINT/SOPD-G/2025-26/128,MAINT/SOPD-G/2025-26/128_1_Reconstruction of Road from SH 7043 to St Thomas school Bhalukdubi 2_Reconstruction of road from SH7043 Goalpara Law College to Dhoptola Bazar of MMPNA under SOPD_G for the year 2025_26,Works,Open Tender,Item Rate,Civil Works – Roads,No,No,NA ,19-Sep-2025 06:00 PM,22-Sep-2025 12:00 PM ,180.0,No ,No,Online,04-Oct-2025 03:00 PM,Public Works Roads Department,Goalpara,783101.0,2.0,"80,00,000",NUR ALOM TALUKDAR,"6,800,800",Not Admitted-Fee/PreQual/Technical,20-Jan-2026,Public Works Roads Department
2025_PWD_45498_3,CE/Commn/16/2025-26/03,Sissiborgaon/ SOPD/ 3,"(1) Re-construction of Chowkhamting - Nalinipam via Mechu (pkgno AS 04 62) and RCC Box culvert at Bamgaon to Gohain gaon road , (2) Re-construction of LalungTiniali to Kerekoniroad(Pkg No AS-04-46) under SOPD-G for the year 2025-26 under Jonai TRD, 7",Works,Open Tender,Item Rate,Civil Works – Roads,No,No,NA ,11-Jul-2025 11:00 AM,18-Jul-2025 04:00 PM ,180.0,No ,No,Online,30-Jul-2025 02:30 PM,Public Works Roads Department,Sissiborgaon,787110.0,2.0,"1,96,98,000",ANJAL CHUTIA,"19,691,000",Accepted-AOC,02-Jan-2026,Public Works Roads Department
2025_PWD_49034_1,SKTRD/Tech/106/2025-26,SKTRD/SOPD-G/25-26/03,SKTRD/SOPD-G/25-26/03_Road from Bakkar Ali House to Lalcharan Ali House,Works,Open Tender,Item Rate,Civil Works – Roads,No,No,NA ,04-Dec-2025 02:00 PM,06-Dec-2025 12:00 PM ,180.0,No ,No,Online,10-Dec-2025 02:30 PM,Public Works Roads Department,Kamrup Rural,781125.0,2.0,"16,10,000",HARES ALI,"1,610,000",Accepted-AOC,28-Jan-2026,Public Works Roads Department
2025_ASPIR_45670_1,ECF/Rate/Print/581695,ENGAGEMENT OF AN AGENCY TO PROVIDE PRINTING RELATED SERVICES UNDER AS-CFMS,"RATE CONTRACT FOR ENGAGEMENT OF AN AGENCY TO PROVIDE PRINTING RELATED SERVICES UNDER AS-CFMS, FINANCE DEPARTMENT, GOVERNMENT OF ASSAM FOR A PERIOD OF 12 MONTHS",Services,Open Tender,Lump-sum,Miscellaneous Services,No,No,NA ,16-Jul-2025 06:30 PM,23-Jul-2025 12:00 PM ,180.0,No ,No,Online,11-Aug-2025 04:00 PM,Finance Department - World Bank Tenders||Assam State Public Finance Institutional Reforms,"Janata Bhawan, Dispur",781005.0,2.0,,RK PRINTERS,0.0,Rejected-Finance,09-Jan-2026,Finance Department - World Bank Tenders||Assam State Public Finance Institutional Reforms
2025_DoWR_48168_1,JORHAT/2025-26/NDMF/IV,"Flood mitigation by capacity augmentation of Dorikamari Wetland for Flood Regulation of River Bhogdoi, Package 1.","Flood mitigation by capacity augmentation of Dorikamari Wetland for Flood Regulation of River Bhogdoi, Package 1.",Works,Open Tender,Works,Civil Works,No,No,NA ,18-Oct-2025 06:55 PM,NA ,180.0,No ,No,Online,07-Nov-2025 03:00 PM,Department of Water Resources||Chief Engineer - DoWR,JORHAT,785001.0,2.0,"24,34,07,453",K C INFRA PROJECTS PRIVATE LTD,"243,399,453.1",Accepted-AOC,30-Jan-2026,Department of Water Resources||Chief Engineer - DoWR
2025_DoWR_45426_1,DHAKUAKHANA/2025-26/SOPD-G/I,A/E measures to protect Dapolial Village and its adjoining areas from the erosion of river Korah on R/B embankment.,A/E measures to protect Dapolial Village and its adjoining areas from the erosion of river Korah on R/B embankment.,Works,Open Tender,Works,Civil Works,No,No,NA ,07-Jul-2025 06:55 PM,NA ,180.0,No ,No,Online,04-Aug-2025 03:00 PM,Department of Water Resources||Chief Engineer - DoWR,DHAKUAKHANA,787055.0,2.0,"2,87,64,979",BABUL GOHAIN,"25,888,477",Accepted-AOC,13-Jan-2026,Department of Water Resources||Chief Engineer - DoWR
2025_PWBNH_49115_1,BLDG/197/005/2931 Dated-05/12/2025,"Construction of Electrical Laboratory (e-Lab) at ITI Biswanath Chariali, Biswanath, Assam","Construction of Electrical Laboratory (e-Lab) at ITI Biswanath Chariali, Biswanath, Assam",Works,Open Tender,Item Rate,Civil Works - Building,No,No,NA ,08-Dec-2025 03:00 PM,26-Dec-2025 01:00 PM ,180.0,No ,No,Online,29-Dec-2025 03:00 PM,Public Works Building and NH Department||Chief Engineer-Building - PWBNH||SE-Tezpur Circle - PWBNH||EE-Tezpur Building Division - PWBNH,Biswanath Chariali,784176.0,2.0,"33,26,479",PRABHAT DEORI,"3,390,000",Accepted-AOC,21-Jan-2026,Public Works Building and NH Department||Chief Engineer-Building - PWBNH||SE-Tezpur Circle - PWBNH||EE-Tezpur Building Division - PWBNH
2025_DoWR_47530_1,BAKSA/2025-26/RIDF/II,"Construction of embankment on the L/B of river MoraPagladia from Pakhamara to Alekjar Dole para including A/E measures at different reaches, Package 2.","Construction of embankment on the L/B of river MoraPagladia from Pakhamara to Alekjar Dole para including A/E measures at different reaches, Package 2.",Works,Open Tender,Works,Civil Works,No,No,NA ,16-Sep-2025 09:00 AM,NA ,180.0,No ,No,Online,07-Oct-2025 03:00 PM,Department of Water Resources||Chief Engineer - DoWR,BAKSA,781344.0,2.0,"8,88,74,844",SRINATH BUILDERS & HOUSING CO. PVT LTD.,"88,874,844.28",Rejected-AOC,17-Jan-2026,Department of Water Resources||Chief Engineer - DoWR
2025_PWD_46628_4,CE/MAINT/SOPDG/01/2025-26/12 Date_13_8_2025,MAINT/SOPD-G/2025-26/42,"MAINT/SOPD-G/2025-26/42_Re-construction of Road from 1_ Gohain Kamal Ali to Naherbari Bazar under Mukhya Mantir Path Nobikaran Aachani (MMPNA), 2_ Re-construction of Road from Nalbari Ganesh Mandir Dhamdhama Road under Mukhya Mantir Path Nobikaran Aa",Works,Open Tender,Item Rate,Civil Works – Roads,No,No,NA ,19-Aug-2025 09:00 AM,19-Aug-2025 09:05 AM ,180.0,No ,No,Online,06-Sep-2025 03:00 PM,Public Works Roads Department,Nalbari,781335.0,2.0,"2,28,22,000",Nipul Kalita,"22,821,000",Rejected-Finance,08-Jan-2026,Public Works Roads Department
2025_DoWR_48009_1,DIBRUGARH/2025-26/NDMF/I,"Flood Management by Capacity Augmentation of Maijan Wetland Upstream of Dibrugarh Town, Package 2.","Flood Management by Capacity Augmentation of Maijan Wetland Upstream of Dibrugarh Town, Package 2.",Works,Open Tender,Works,Civil Works,No,No,NA ,13-Oct-2025 06:55 PM,NA ,180.0,No ,No,Online,03-Nov-2025 03:00 PM,Department of Water Resources||Chief Engineer - DoWR,Dibrugarh,786001.0,2.0,"25,27,82,129",RANJAN DUTTA,"252,782,129.44",Rejected-AOC,30-Jan-2026,Department of Water Resources||Chief Engineer - DoWR
2023_DAASC_34776_2,ASC/ENGG/742/2023/73,"Development of Golakganj Seed Farm, Dist Dhubri under ASCL","Development of Golakganj Seed Farm, Dist Dhubri under ASCL",Works,Open Tender,Item Rate,Civil Works,No,No,"Development of Golakganj Seed Farm, Dist Dhubri under ASCL ",18-Dec-2023 03:30 PM,21-Dec-2023 02:00 PM ,90.0,No ,No,Online,06-Jan-2024 11:00 AM,Directorate of Agriculture and Assam Seed Corporation,"Golakganj Seeds Farm, Dhubri",781022.0,2.0,"76,36,392",Abul Kalam Azad,"6,712,000",Accepted-AOC,20-Jan-2026,Directorate of Agriculture and Assam Seed Corporation
2025_ID_48728_1,NIT 8 OF 2025-26,Installation of 5 Pts. STW Scheme under Boko-Chaygaon (ST) LAC under SOPD-G for the year 2025-26,Installation of 5 Pts. STW Scheme under Boko-Chaygaon (ST) LAC under SOPD-G for the year 2025-26,Works,Open Tender,Item Rate,Civil Works,No,No,NA ,20-Nov-2025 06:00 PM,NA ,180.0,No ,No,Online,11-Dec-2025 03:00 PM,Irrigation Department||Chief Engineer(Minor Irrigation)-Irrigation Dept||Kamrup Circle||Boko Chayagaon Division,Boko,781123.0,2.0,"33,40,154",BALAJI CONSTRUCTIONS,"3,339,153",Rejected-AOC,20-Jan-2026,Irrigation Department||Chief Engineer(Minor Irrigation)-Irrigation Dept||Kamrup Circle||Boko Chayagaon Division
2025_PWBNH_48601_1,SE/BII/REGIONAL_DENTAL_COLLEGE,"Central Line connection for the major O.T complex, Dept. of Oral and Maxillofacial surgery, Regional Dental College, Guwahati","Central Line connection for the major O.T complex, Dept. of Oral and Maxillofacial surgery, Regional Dental College, Guwahati",Works,Open Tender,Item Wise,Civil Works - Building,No,No,NA ,15-Nov-2025 12:00 PM,20-Nov-2025 12:00 PM ,180.0,No ,No,Online,09-Dec-2025 11:30 AM,Public Works Building and NH Department||Chief Engineer-Building - PWBNH||SE-Guwahati Circle-2 - PWBNH,"Regional Dental College, Guwahati",781032.0,2.0,"65,52,266",M/S GLASS N GLAZING,"5,176,290",Accepted-AOC,16-Jan-2026,Public Works Building and NH Department||Chief Engineer-Building - PWBNH||SE-Guwahati Circle-2 - PWBNH
2025_PWBNH_48952_1,TECH/U_BDTD/BLDG/IFB/2025-26,Construction of District Emergency Operation Centre (DEOC) Building in Udalguri District,Construction of District Emergency Operation Centre (DEOC) Building in Udalguri District,Works,Open Tender,Item Rate,Civil Works - Building,No,No,NA ,01-Dec-2025 10:00 AM,17-Dec-2025 11:00 AM ,180.0,No ,No,Online,22-Dec-2025 04:00 PM,Public Works Building and NH Department||Chief Engineer-Building - PWBNH,Udalguri,784509.0,2.0,"34,99,593",DHIRAJ DAIMARI,"3,114,638",Rejected-Technical,03-Jan-2026,Public Works Building and NH Department||Chief Engineer-Building - PWBNH
2025_DoWR_48228_1,SONITPUR/2025-26/NDMF/I,"Flood Management by capacity Augmentation of Morabharali, Sonitpur District, Assam, Package 2.","Flood Management by capacity Augmentation of Morabharali, Sonitpur District, Assam, Package 2.",Works,Open Tender,Works,Civil Works,No,No,NA ,25-Oct-2025 06:55 PM,NA ,180.0,No ,No,Online,12-Nov-2025 03:00 PM,Department of Water Resources||Chief Engineer - DoWR,Sonitpur,784001.0,2.0,"20,42,28,093",D KUMAR AND COMPANY,"204,218,554.62",Accepted-AOC,22-Jan-2026,Department of Water Resources||Chief Engineer - DoWR
2025_PWD_47414_1,CE/DEV/TB/116/2025-26/04 Dtd- 14.08.2025,"ASOM_MALA_ 3.0_25_26_04 Construction and Upgradation of DC Office and ACA Cricket Stadium approach Road to 6 Lane Road with Drain cum footpath, load bearing drain, solid footpath and RCC Strom water outlet drain including 3 nos of parking places and","ASOM_MALA_ 3.0_25_26_04 Construction and Upgradation of DC Office and ACA Cricket Stadium approach Road to 6 Lane Road with Drain cum footpath, load bearing drain, solid footpath and RCC Strom water outlet drain including 3 nos of parking places and",Works,Open Tender,Item Rate,Civil Works – Roads,No,No,NA ,09-Sep-2025 06:30 PM,16-Sep-2025 12:00 PM ,180.0,No ,No,Online,24-Sep-2025 02:30 PM,Public Works Roads Department,Kamrup,781031.0,2.0,"68,54,34,000",M/s ORIENTAL- RANG PRIVATE LIMITED- JV,"685,433,975",Accepted-AOC,30-Jan-2026,Public Works Roads Department
2025_ID_48381_1,GWJDI/Tech/T-1/2025-26/2130,Installation of 5 Pts. STW Scheme under Goalpara West LAC under SOPD-G for the year 2025-26,Installation of 5 Pts. STW Scheme under Goalpara West LAC under SOPD-G for the year 2025-26,Works,Open Tender,Item Rate,Civil Works - Others,No,No,NA ,03-Nov-2025 02:00 PM,10-Nov-2025 02:00 PM ,180.0,No ,No,Online,26-Nov-2025 11:00 AM,Irrigation Department||Chief Engineer(Major)-Irrigation Dept||Goalpara Circle||Goalpara West Jaleswar Division,Lakhipur,783129.0,2.0,"33,40,154",Tarjan Rabha,"1,202,455",Accepted-AOC,02-Jan-2026,Irrigation Department||Chief Engineer(Major)-Irrigation Dept||Goalpara Circle||Goalpara West Jaleswar Division
2025_DoWR_48071_1,JORHAT/2025-26/NDMF/II,"Augmentation of Storage Capacity of Nanai Beel for flood regulation of Baghjan river, Assam, Package 2.","Augmentation of Storage Capacity of Nanai Beel for flood regulation of Baghjan river, Assam, Package 2.",Works,Open Tender,Works,Civil Works,No,No,NA ,15-Oct-2025 06:55 PM,NA ,180.0,No ,No,Online,04-Nov-2025 03:00 PM,Department of Water Resources||Chief Engineer - DoWR,JORHAT,785001.0,2.0,"16,58,63,742",RAJIB SAHU,"165,852,496.81",Accepted-AOC,29-Jan-2026,Department of Water Resources||Chief Engineer - DoWR
2025_DoWR_47265_1,KAMRUP METRO/2025-26/FFM/I,Procurement of flood fighting materials (Geo textile bag of Type-A) for Water Resources Department for the year 2025-26 (Zone A).,Procurement of flood fighting materials (Geo textile bag of Type-A) for Water Resources Department for the year 2025-26 (Zone A).,Goods,Open Tender,Supply,Supply of Materials,No,No,NA ,04-Sep-2025 06:55 PM,NA ,180.0,No ,No,Online,24-Sep-2025 03:00 PM,Department of Water Resources||Chief Engineer - DoWR,KAMRUP METRO,781008.0,2.0,"1,04,70,000",Sonali Geotextiles Pvt. Ltd.,"9,423,000",Accepted-AOC,07-Jan-2026,Department of Water Resources||Chief Engineer - DoWR
2025_SEEDE_45203_1,ASU/ASUP/291/2025/407,"CONSTRUCTION OF NORTH EAST SKILL CENTRE BUILDING AT ITI GUWAHATI CAMPUS, GOPINATH NAGAR, BIRUBARI, GUWAHATI 781016","CONSTRUCTION OF NORTH EAST SKILL CENTRE BUILDING AT ITI GUWAHATI CAMPUS, GOPINATH NAGAR, BIRUBARI, GUWAHATI 781016",Works,Open Tender,Item Rate,Civil Works,No,No,NA ,27-Jun-2025 02:00 PM,02-Jul-2025 12:00 PM ,180.0,No ,No,Online,25-Jul-2025 04:00 PM,Skill Employment and Entrepreneurship Department- Externally Aided Project||Assam Skill University Project- ADB Funded Tenders,"Birubari, Guwahati",781016.0,2.0,"23,18,72,168",VERSHA TECHNOTRADE PVT LTD,"243,467,029",Rejected-Technical,28-Jan-2026,Skill Employment and Entrepreneurship Department- Externally Aided Project||Assam Skill University Project- ADB Funded Tenders
2025_PWD_47133_14,SKTRD/Tech/106/2025-26,SKTRD/SOPD-G/25-26/14,SKTRD/SOPD-G/25-26/14_Improvement of Road _GWC_ from Suktatari Chariali to Bankikoth L.P. School Road under SOPD _G_ for the year 2025-26.,Works,Open Tender,Item Rate,Civil Works – Roads,No,No,NA ,30-Aug-2025 06:00 PM,06-Sep-2025 12:00 PM ,180.0,No ,No,Online,24-Sep-2025 02:30 PM,Public Works Roads Department,Kamrup Rural,781125.0,2.0,"18,00,000",B.K. ENTERPRISE,"1,782,000",Rejected-Finance,08-Jan-2026,Public Works Roads Department
2025_GMDA_48555_1,GMDA/DEV/46/2025/Pt-I /74,"Rejuvenation and Bioremediation of Silsako Beel, Guwahati, Assam under PMKSY_HKKP RRR_ Excavation of Silsako Beel Part 5 B, 6 B, 7 B, 8 B, 12","Rejuvenation and Bioremediation of Silsako Beel, Guwahati, Assam under PMKSY_HKKP RRR_ Excavation of Silsako Beel Part 5 B, 6 B, 7 B, 8 B, 12",Works,Open Tender,Item Rate,Civil Works,No,No,NA ,12-Nov-2025 01:00 PM,18-Nov-2025 11:00 AM ,180.0,No ,No,Online,03-Dec-2025 02:30 PM,Guwahati Metropolitan Development Authority||Guwahati Development Department - GMDA,Guwahati,781005.0,2.0,"30,20,25,000",M/S DHANSIRI ASSOCIATES,"302,005,674.98",Accepted-AOC,05-Jan-2026,Guwahati Metropolitan Development Authority||Guwahati Development Department - GMDA
2025_ID_48568_1,4 (SOPD-G) 2025-26 Date_11_11_2025,"Renovation of canals, canals structures and De- siltation works of Dhansiri Irrigation Project (M) under SOPD - G for the year 2025 -26 Package-1","Renovation of canals, canals structures and De- siltation works of Dhansiri Irrigation Project (M) under SOPD - G for the year 2025 -26 Package-1",Works,Open Tender,Item Rate,Civil Works,No,No,NA ,13-Nov-2025 10:00 AM,18-Nov-2025 02:00 PM ,180.0,No ,No,Online,06-Dec-2025 10:00 AM,Irrigation Department||Chief Engineer(Major)-Irrigation Dept,Udalguri,784509.0,2.0,"4,42,99,481",ASHOK KUMAR BAJAJ,"44,258,940",Accepted-AOC,12-Jan-2026,Irrigation Department||Chief Engineer(Major)-Irrigation Dept
2025_DMEAP_46703_1,IN-ASDMA-508410-CW-RFB,Procurement of Civil Works for Retrofitting Augmentation of 2 existing schools in Golaghat District of Assam under Assam Integrated River Basin Management Project AIRBMP,Procurement of Civil Works for Retrofitting Augmentation of 2 existing schools in Golaghat District of Assam under Assam Integrated River Basin Management Project AIRBMP,Works,Open Tender,Item Rate,Civil Works - Building,No,No,NA ,20-Aug-2025 01:00 PM,04-Sep-2025 03:00 PM ,120.0,No ,No,Online,04-Oct-2025 12:30 PM,Assam State Disaster Management Authority- Externally Aided Project||Assam State Disaster Management Authority- World Bank Funded Tenders||Assam Integrated River Basin Management Programme,Works,781006.0,2.0,"6,41,48,006",Bhaskar Baruah,"61,199,491",Accepted-AOC,08-Jan-2026,Assam State Disaster Management Authority- Externally Aided Project||Assam State Disaster Management Authority- World Bank Funded Tenders||Assam Integrated River Basin Management Programme
2025_DoWR_48010_1,DIBRUGARH/2025-26/NDMF/I,"Flood Management by Capacity Augmentation of Maijan Wetland Upstream of Dibrugarh Town, Package 3.","Flood Management by Capacity Augmentation of Maijan Wetland Upstream of Dibrugarh Town, Package 3.",Works,Open Tender,Works,Civil Works,No,No,NA ,13-Oct-2025 06:55 PM,NA ,180.0,No ,No,Online,03-Nov-2025 03:00 PM,Department of Water Resources||Chief Engineer - DoWR,Dibrugarh,786001.0,2.0,"26,65,46,703",M/S. M.P. AGARWALLA,"266,496,938.85",Accepted-AOC,30-Jan-2026,Department of Water Resources||Chief Engineer - DoWR
2025_SEEDE_47068_1,GS02/ASU/MTC/041/2025-26,Equipment for Robot/Cobot,Equipment for Robot/Cobot,Goods,Open Tender,Item Rate,Laboratory and scientific equipment,No,No,NA ,29-Aug-2025 11:00 AM,NA ,150.0,No ,No,Online,08-Oct-2025 03:00 PM,Skill Employment and Entrepreneurship Department- Externally Aided Project||Assam Skill University Project- ADB Funded Tenders,"ASU Campus, Mangaldoi",784125.0,1.0,,VISHAL VYAPAR VIKASH,"17,101,067.4",Rejected-Technical,26-Dec-2025,Skill Employment and Entrepreneurship Department- Externally Aided Project||Assam Skill University Project- ADB Funded Tenders
2025_ID_48942_1,NIT No.14/LCI/NL/SOPD-G/2025-26 dt.27/11/2025,Installation of Solar STW Scheme 5 points at Dol Agro Organic Producer Pvt. Ltd under Dhemaji LAC,Installation of Solar STW Scheme 5 points at Dol Agro Organic Producer Pvt. Ltd under Dhemaji LAC,Works,Open Tender,Item Rate,Miscellaneous Works,No,No,NA ,01-Dec-2025 11:00 AM,NA ,180.0,No ,No,Online,22-Dec-2025 03:00 PM,Irrigation Department||Chief Engineer(Major)-Irrigation Dept||Lakhimpur Circle,Dhemaji,787057.0,2.0,"28,93,176",JAYANTA CHUTIA,"1,562,315",Accepted-AOC,16-Jan-2026,Irrigation Department||Chief Engineer(Major)-Irrigation Dept||Lakhimpur Circle
2025_PWD_47611_1,CE/MAINT/SOPDG/01/2025-26/29,MAINT/SOPD-G/2025-26/27,MAINT/SOPD-G/2025-26/27_1_Reconstruction of Road from NH17 at Bhai Bazar to Silghagri Bazar Road and 2_Reconstruction of Road from Halakura-Bauserkuti road to Silghagri Bazar Road of Mukhya Mantrir Path Nabikaran Achani (MMPNA) under SOPD_G for the y,Works,Open Tender,Item Rate,Civil Works – Roads,No,No,NA ,19-Sep-2025 06:00 PM,22-Sep-2025 12:00 PM ,180.0,No ,No,Online,04-Oct-2025 03:00 PM,Public Works Roads Department,Dhubri,783301.0,2.0,"1,60,70,000",NILAM PRODHANI,"16,069,900",Accepted-AOC,22-Jan-2026,Public Works Roads Department
2025_PWBNH_48015_1,"CE/TB-II(Bldg.)/20/2025/37 Dated Guwahati the, 8th October, 2025","Establishment of Vulnerable Witness Deposition Centre at Judicial Campus at Sankardev Nagar, Hojai (Assam)","Establishment of Vulnerable Witness Deposition Centre at Judicial Campus at Sankardev Nagar, Hojai (Assam)",Works,Open Tender,Item Rate,Civil Works - Building,No,No,NA ,14-Oct-2025 09:00 AM,22-Oct-2025 11:00 AM ,180.0,No ,No,Online,04-Nov-2025 04:00 PM,Public Works Building and NH Department||Chief Engineer-Building - PWBNH,Hojai,782435.0,2.0,"1,17,43,506",MUKUL SAIKIA,"9,986,525",Rejected-AOC,09-Jan-2026,Public Works Building and NH Department||Chief Engineer-Building - PWBNH
2025_WPTBC_45795_1,PTDC/Engg/2024-25/376,"Administrative Approval for an amount of Rs. 1, 11,36,000.00 only for Upgradation and Renovation of the building of Hostel No-03 of Nowgong Polytechnic, Nagaon under SOPD-ODS during the year 2023-24.","Administrative Approval for an amount of Rs. 1, 11,36,000.00 only for Upgradation and Renovation of the building of Hostel No-03 of Nowgong Polytechnic, Nagaon under SOPD-ODS during the year 2023-24.",Works,Open Tender,Item Rate,Civil Works,No,No,NA ,21-Jul-2025 09:00 AM,NA ,120.0,No ,No,Online,05-Aug-2025 03:00 PM,Welfare of Plain Tribes and Backward Classes||Director - WPT and BC,Nagaon Polytechnic,782003.0,2.0,"1,11,36,000",Dilip Kumar Bora,"11,135,000",Accepted-AOC,28-Jan-2026,Welfare of Plain Tribes and Backward Classes||Director - WPT and BC
2025_PWD_45820_8,CE/STBR/SOPD-G/NIT/07/2025 26/1 Dated 26-06-2025,STBR/SOPD-G/Sribhumi -01/121 Reconstruction of CK Road starting from Ratanpur trijunction to Kauli bridge under SOPD-G for the year 2025-26 of Sribhumi District (Karimganj South LAC),STBR/SOPD-G/Sribhumi -01/121 Reconstruction of CK Road starting from Ratanpur trijunction to Kauli bridge under SOPD-G for the year 2025-26 of Sribhumi District (Karimganj South LAC),Works,Open Tender,Item Rate,Civil Works – Roads,No,No,NA ,22-Jul-2025 12:00 PM,30-Jul-2025 11:00 AM ,180.0,No ,No,Online,11-Aug-2025 11:00 AM,Public Works Roads Department,Sribhumi,788701.0,2.0,"1,05,61,000",MOHAMMED SHAMIM AHMED,"10,560,000",Rejected-AOC,05-Jan-2026,Public Works Roads Department
2025_PWD_47320_1,CE/STBR/II/13/2025-26/2 Date 28-08-2025,"3rd Party Monitoring and Quality Control for the Work Construction of Link Road Connecting Ship Repair Facility to Pandu Terminal with allied works, Construction of Guest House Building at Pandu and Development of Park Area along River Brahmaputra","3rd Party Monitoring and Quality Control for the Work Construction of Link Road Connecting Ship Repair Facility to Pandu Terminal with allied works, Construction of Guest House Building at Pandu and Development of Park Area along River Brahmaputra",Works,Open Tender,Item Rate,Civil Works,No,No,NA ,05-Sep-2025 06:00 PM,16-Sep-2025 11:30 AM ,180.0,No ,No,Online,06-Oct-2025 04:00 PM,Public Works Roads Department,Pandu,781012.0,2.0,"59,40,000",THE DESIGN ROOM,"5,920,000",Accepted-AOC,07-Jan-2026,Public Works Roads Department
2025_BoTC_49460_1,SE(R/B)/20-21/Pt-III/09/199_4,Package No.199_4,"Construction of CC Block road from BK Road to Borangajuli Daily Market, Udalguri District.",Works,Open Tender,Item Rate,Civil Works – Roads,No,No,NA ,18-Dec-2025 03:00 PM,NA ,180.0,No ,No,Online,02-Jan-2026 01:30 PM,Bodoland Territorial Council||PWD-BTC,"Borangajuli, Udalguri district",784527.0,2.0,"35,70,000",NASHIR ALI,"3,568,000",Accepted-AOC,20-Jan-2026,Bodoland Territorial Council||PWD-BTC
2025_PWBNH_46596_1,CE/TB-VII/103/2024/08 Dated Guwahati the 14th Aug 2025,"Remodeling of Nabagraha Cremation Ground, Phase-III ,Silpukhuri,Guwahati-3","Remodeling of Nabagraha Cremation Ground, Phase-III ,Silpukhuri,Guwahati-3",Works,Open Tender,Item Rate,Civil Works - Building,No,No,NA ,16-Aug-2025 06:30 PM,21-Aug-2025 11:00 AM ,180.0,No ,No,Online,04-Sep-2025 03:00 PM,Public Works Building and NH Department||Chief Engineer-Building - PWBNH,Guwahati,781003.0,2.0,"5,74,26,528",HIGH-TECH ECOGREEN CONTRACTORS LLP,"57,426,146",Accepted-AOC,03-Jan-2026,Public Works Building and NH Department||Chief Engineer-Building - PWBNH
2025_PWD_48743_1,TB/282/DNTRD/2025-26,Construction of road from Singara Azarguri to Singara Chariali under SOPD (G) for the year 2025-26.,Construction of road from Singara Azarguri to Singara Chariali under SOPD (G) for the year 2025-26.,Works,Open Tender,Works,Civil Works – Roads,No,No,NA ,21-Nov-2025 10:00 AM,22-Nov-2025 02:00 PM ,90.0,No ,No,Online,06-Dec-2025 04:00 PM,Public Works Roads Department,Dhakuakhana,787053.0,2.0,"19,50,000",Rebat Borah,"1,949,820",Rejected-AOC,13-Jan-2026,Public Works Roads Department
2025_ID_48066_1,"BASDI/NIT No-1 (SOPD-G)/2025-26/1079, Dtd-15/10/2025",Installation of 4 Points STW Schemes under 18 No Bongaigaon LAC in Bongaigaon District under SOPD-G for the year 2025-26,Installation of 4 Points STW Schemes under 18 No Bongaigaon LAC in Bongaigaon District under SOPD-G for the year 2025-26,Works,Open Tender,Item Rate,Civil Works - Others,No,No,NA ,16-Oct-2025 06:00 PM,24-Oct-2025 02:00 PM ,180.0,No ,No,Online,07-Nov-2025 03:00 PM,Irrigation Department||Chief Engineer(Major)-Irrigation Dept||Dhrubri Circle||Bangaigaon Abhayapuri North Division,Bongaigaon LAC,783380.0,2.0,"26,72,137",Munindra Singha,"1,336,061.56",Accepted-AOC,26-Dec-2025,Irrigation Department||Chief Engineer(Major)-Irrigation Dept||Dhrubri Circle||Bangaigaon Abhayapuri North Division
2025_KAAC_46398_1,NoACEH/CS/SSA/03/2025-26/SL13,Construction of 50 bedded hostel separately for boys and girls under Dharti Aaba Janjatiya Gram Utkarsh Abhiyan at OK Kereng High School.,Construction of 50 bedded hostel separately for boys and girls under Dharti Aaba Janjatiya Gram Utkarsh Abhiyan at OK Kereng High School.,Works,Open Tender,Item Rate,Civil Works - Bridges,No,No,NA ,18-Aug-2025 11:00 AM,20-Aug-2025 12:00 PM ,180.0,No ,No,Online,30-Aug-2025 11:00 AM,Karbi Anglong Autonomous Council||PWD||Addl. Chief Engineer Diphu,Howraght,782481.0,2.0,"3,78,75,000",Garg Infra,"38,979,900",Accepted-AOC,06-Jan-2026,Karbi Anglong Autonomous Council||PWD||Addl. Chief Engineer Diphu
2025_PWD_46304_2,CE/DEV/TB/106/2025-26/1 Dtd- 28.07.2025,SOPD_G_25_26_23 Re-Construction of Lodi Village Approach Road Under SOPD-G for the year 2025-26.,SOPD_G_25_26_23 Re-Construction of Lodi Village Approach Road Under SOPD-G for the year 2025-26.,Works,Open Tender,Item Rate,Civil Works – Roads,No,No,NA ,12-Aug-2025 09:00 AM,16-Aug-2025 12:00 PM ,180.0,No ,No,Online,26-Aug-2025 02:30 PM,Public Works Roads Department,Haflong,788819.0,2.0,"1,80,00,000",Sri Promendra Hojai,"17,514,000",Rejected-Finance,22-Jan-2026,Public Works Roads Department
2025_PWD_46367_1,CE/DEV/TB/112/2025-26/03 Dated 04-08-2025,SOPD_G_25_26_19 Improvement and Upgradation of Road from Khanamukh to Mansiri (12.5 Km) under SOPD-G for the year 2025-26.,SOPD_G_25_26_19 Improvement and Upgradation of Road from Khanamukh to Mansiri (12.5 Km) under SOPD-G for the year 2025-26.,Works,Open Tender,Item Rate,Civil Works – Roads,No,No,NA ,13-Aug-2025 03:00 PM,NA ,180.0,No ,No,Online,26-Aug-2025 02:30 PM,Public Works Roads Department,Rangapara,784505.0,2.0,"15,00,12,000",SAILAJA COMMERCIAL CONSTRUCTION PVT LTD,"150,012,000",Rejected-Finance,12-Jan-2026,Public Works Roads Department
2025_PNRD_46739_1,SIPRD-31/2025(hkd),Provide Catering Service and engage trained manpower for cooking and serving of food management of pantry and other related for Training Programmes Organized by the Extension Training Centre Hailakandi and DPRC Udarbond under SIPRD Assam,Provide Catering Service and engage trained manpower for cooking and serving of food management of pantry and other related for Training Programmes Organized by the Extension Training Centre Hailakandi and DPRC Udarbond under SIPRD Assam,Services,Open Tender,Item Wise,Hotel/ Catering,No,No,NA ,20-Aug-2025 05:00 PM,29-Aug-2025 11:00 AM ,45.0,No ,No,Online,11-Sep-2025 03:30 PM,Principal Secretary- P and RD- Assam Secretariat||Commissioner- P and RD- PNRD||State Institute of Rural Development - SIRD - PNRD,Hailakandi,788155.0,2.0,"46,73,250",RAMKRISHNA HOTEL AND RESTAURANT,"4,018,995",Rejected-Technical,28-Jan-2026,Principal Secretary- P and RD- Assam Secretariat||Commissioner- P and RD- PNRD||State Institute of Rural Development - SIRD - PNRD
2023_BTC_33747_1,ACE-150/PWD/NIT/Goodwill/23-24,Construction of road ICBP road from Tangla-Tamulpur road to Banlabari village via Dakhin Rabhasuburi under CMs Goodwill Project for the year 2023-24. TN_26_84,Construction of road ICBP road from Tangla-Tamulpur road to Banlabari village via Dakhin Rabhasuburi under CMs Goodwill Project for the year 2023-24. TN_26_84,Works,Open Tender,Works,Civil Works – Roads,No,No,NA ,09-Nov-2023 10:00 AM,30-Nov-2023 01:00 PM ,180.0,No ,No,Online,01-Dec-2023 02:00 PM,Bodoland Territorial Council-PWD||Director Cum CHD - PWD BTC,Baksa,783127.0,2.0,"2,56,08,763",JYOTISH GAYAN,"25,608,763",Rejected-Technical,03-Jan-2026,Bodoland Territorial Council-PWD||Director Cum CHD - PWD BTC
2025_KAAC_48525_1,ACEH/CS/SSA/03/2025-26/31RE,Construction of 50 bedded hostel separately for boys and girls at Deithor Higher Secondary School under the scheme Dharti Aaba Janjatiya Gram Utkarsh Abhiyan,Construction of 50 bedded hostel separately for boys and girls at Deithor Higher Secondary School under the scheme Dharti Aaba Janjatiya Gram Utkarsh Abhiyan,Works,Open Tender,Item Rate,Civil Works - Building,No,No,NA ,12-Nov-2025 11:00 AM,14-Nov-2025 12:00 PM ,180.0,No ,No,Online,20-Nov-2025 11:00 AM,Karbi Anglong Autonomous Council||PWD||Addl. Chief Engineer Diphu,Nilip,782475.0,2.0,"3,78,75,000",Highland Engineering,"37,866,525.2",Accepted-AOC,06-Jan-2026,Karbi Anglong Autonomous Council||PWD||Addl. Chief Engineer Diphu
2025_DHTS_47280_1,DHTCM(C).31/2025/57,"External, Internal works of Auditorium cum Multipurpose Hall (Top floor) at Handloom Trade Centre, Dibrugarh, Assam for the year 2025-26.","External, Internal works of Auditorium cum Multipurpose Hall (Top floor) at Handloom Trade Centre, Dibrugarh, Assam for the year 2025-26.",Works,Open Tender,Item Rate,Civil Works,No,No,NA ,05-Sep-2025 12:00 PM,11-Sep-2025 12:00 PM ,180.0,No ,No,Online,03-Oct-2025 12:00 PM,Department of Handloom Textile and Sericulture||Directorate of Handloom and Textiles-DHTS,Dibrugarh,786001.0,2.0,"58,00,000",Jiban Gogoi,"5,800,000",Rejected-Finance,09-Jan-2026,Department of Handloom Textile and Sericulture||Directorate of Handloom and Textiles-DHTS
2024_PWBNH_41339_1,CE/TB-IV/25/2024/4 Dated Guwahati the 26/11/2024,"Construction Of 50 Bedded Critical Care Hospital Block (CCB) Under PM-ABHIM at Morigaon Medical College Campus at Morigaon District, Assam","Construction Of 50 Bedded Critical Care Hospital Block (CCB) Under PM-ABHIM at Morigaon Medical College Campus at Morigaon District, Assam",Works,Open Tender,Item Rate,Civil Works - Building,No,No,NA ,17-Dec-2024 04:00 PM,NA ,180.0,No ,No,Online,27-Jan-2025 12:30 PM,Public Works Building and NH Department||Chief Engineer-Building - PWBNH,Morigaon,782105.0,2.0,"20,15,83,436",GANPATI CONSTRUCTION COMPANY,"190,993,031",Accepted-AOC,12-Jan-2026,Public Works Building and NH Department||Chief Engineer-Building - PWBNH
2025_PWD_45820_92,CE/STBR/SOPD-G/NIT/07/2025 26/1 Dated 26-06-2025,"STBR/SOPD-G/Dimoria-08/96 Construction of Prasanti Path at Chandanpur, Bhawanipur Noonmati under SOPD G for the year 2025-26","STBR/SOPD-G/Dimoria-08/96 Construction of Prasanti Path at Chandanpur, Bhawanipur Noonmati under SOPD G for the year 2025-26",Works,Open Tender,Item Rate,Civil Works – Roads,No,No,NA ,31-Jul-2025 03:00 PM,01-Aug-2025 11:00 AM ,180.0,No ,No,Online,11-Aug-2025 11:00 AM,Public Works Roads Department,Dimoria,782403.0,2.0,"90,17,000",NAYANMANI SARMA,"9,014,488",Accepted-AOC,31-Jan-2026,Public Works Roads Department
2025_DMEAP_46701_1,IN-ASDMA-508408-CW-RFB,Procurement of Civil Works for Retrofitting Augmentation of 2 existing schools in Barpeta District of Assam under Assam Integrated River Basin Management Project AIRBMP,Procurement of Civil Works for Retrofitting Augmentation of 2 existing schools in Barpeta District of Assam under Assam Integrated River Basin Management Project AIRBMP,Works,Open Tender,Item Rate,Civil Works - Building,No,No,NA ,20-Aug-2025 12:00 PM,04-Sep-2025 03:00 PM ,120.0,No ,No,Online,04-Oct-2025 12:00 PM,Assam State Disaster Management Authority- Externally Aided Project||Assam State Disaster Management Authority- World Bank Funded Tenders||Assam Integrated River Basin Management Programme,Works,781006.0,2.0,"5,86,53,339",Power Tools and Engineering,"60,376,675",Rejected-Technical,08-Jan-2026,Assam State Disaster Management Authority- Externally Aided Project||Assam State Disaster Management Authority- World Bank Funded Tenders||Assam Integrated River Basin Management Programme
2025_GMDA_48557_1,GMDA/DEV/46/2025/Pt-I/75,"Rejuvenation and Bioremediation of Silsako Beel, Guwahati, Assam under PMKSY_HKKP (RRR)_Excavation of Silsako Beel Part 6 A, 7 A, 8 A","Rejuvenation and Bioremediation of Silsako Beel, Guwahati, Assam under PMKSY_HKKP (RRR)_Excavation of Silsako Beel Part 6 A, 7 A, 8 A",Works,Open Tender,Item Rate,Civil Works,No,No,NA ,12-Nov-2025 01:00 PM,18-Nov-2025 11:00 AM ,180.0,No ,No,Online,03-Dec-2025 02:30 PM,Guwahati Metropolitan Development Authority||Guwahati Development Department - GMDA,Guwahati,781005.0,2.0,"12,53,58,000",RAKESH KUMAR SINGH,"125,156,862.88",Rejected-AOC,05-Jan-2026,Guwahati Metropolitan Development Authority||Guwahati Development Department - GMDA
2025_PWD_45820_45,CE/STBR/SOPD-G/NIT/07/2025 26/1 Dated 26-06-2025,STBR/SOPD-G/Jalukbari-29/68 Construction of Karbi Nizara Path under SOPD-G for the year 2025-26,STBR/SOPD-G/Jalukbari-29/68 Construction of Karbi Nizara Path under SOPD-G for the year 2025-26,Works,Open Tender,Item Rate,Civil Works – Roads,No,No,NA ,23-Jul-2025 02:00 PM,30-Jul-2025 11:00 AM ,180.0,No ,No,Online,19-Aug-2025 11:00 AM,Public Works Roads Department,Jalukbari,781013.0,2.0,"22,29,000",Jyotimoy Sandilya,"2,228,226",Rejected-AOC,31-Jan-2026,Public Works Roads Department
2024_APGCL_35821_1,APGCL CGM NRE PROJ NAMRUP SOLAR EPC 2023 T4 2570,25 MWac Ground Mounted Solar PV Power Projects at Namrup,"Selection of EPC Contractor for Design, Engineering, Supply, Construction, Erection, Testing and Commissioning on turnkey basis of 25 MWac Ground Mounted Solar PV Power Projects at Namrup with Comprehensive O and M for 5 years.",Works,Open Tender,Tender cum Auction,Power/Energy Projects/Products,No,No,NA ,01-Feb-2024 03:00 PM,16-Feb-2024 11:00 AM ,180.0,No ,No,Online,22-Mar-2024 12:00 PM,Assam Power Generation Company Limited,Namrup Thermal Power Station,786622.0,2.0,,Enerture Technologies Pvt Ltd,"1,062,959,990.48",Accepted-AOC,28-Jan-2026,Assam Power Generation Company Limited
2025_DoWR_47267_1,KAMRUP METRO/2025-26/FFM/III,Procurement of flood fighting materials (Geo textile bag of Type-B) for Water Resources Department for the year 2025- 26 (Zone A).,Procurement of flood fighting materials (Geo textile bag of Type-B) for Water Resources Department for the year 2025- 26 (Zone A).,Goods,Open Tender,Supply,Supply of Materials,No,No,NA ,04-Sep-2025 06:55 PM,NA ,180.0,No ,No,Online,24-Sep-2025 03:00 PM,Department of Water Resources||Chief Engineer - DoWR,KAMRUP METRO,781008.0,2.0,"2,63,39,200",Sonali Geotextiles Pvt. Ltd.,"23,705,400",Accepted-AOC,07-Jan-2026,Department of Water Resources||Chief Engineer - DoWR
2025_AEGCL_46007_1,AEGCL/MD/Tech-1168/ERS/R,"Design, Manufacturing, Testing and Supply of 220kV Emergency Restoration System Tower at Central Assam Region","Design, Manufacturing, Testing and Supply of 220kV Emergency Restoration System Tower at Central Assam Region",Goods,Open Tender,Supply,Electrical Work/ Equipment,No,No,NA ,29-Jul-2025 09:00 AM,NA ,180.0,No ,No,Online,02-Sep-2025 02:00 PM,Assam Electricity Grid Corporation Ltd||CGM (T and T),Central Assam,784150.0,2.0,,MADHAV ENGINEERS PVT. LTD.,"64,664,000",Rejected-Technical,08-Jan-2026,Assam Electricity Grid Corporation Ltd||CGM (T and T)
2025_PWD_48556_14,ARRBP/BR/01/2024/E696387/41,Dima Hasao/06 i) Br No. 12/1 on Asalu Wadrengdisa Road,CE/EAP/ARRBP/OCB/Bridge-1/Dima Hasao/06 Construction of Bridge in Dima Hasao District i) Br No. 12/1 on Asalu Wadrengdisa Road,Works,Open Tender,Item Rate,Civil Works - Bridges,No,No,NA ,14-Nov-2025 09:00 AM,21-Nov-2025 11:00 AM ,90.0,No ,No,Online,28-Nov-2025 02:30 PM,Public Works Roads Department,Dima Hasao District,788819.0,2.0,"2,47,03,000",Mona Kemprai,"25,925,798",Accepted-AOC,24-Jan-2026,Public Works Roads Department
2025_PWD_45818_40,CE/Commn/16/2025-26/04,SONARI/ SOPD/02,1) Construction of Junaki Path (Near Sapekhati HS School) Construction of Sapekhati Trolly Ali under SOPDG for the year 2025-26,Works,Open Tender,Item Rate,Civil Works – Roads,No,No,NA ,23-Jul-2025 06:00 PM,28-Jul-2025 04:00 PM ,180.0,No ,No,Online,11-Aug-2025 02:30 PM,Public Works Roads Department,SONARI,785690.0,2.0,"78,31,000",JIBAN GOGOI,"7,831,000",Accepted-AOC,30-Jan-2026,Public Works Roads Department
2025_ID_48942_2,NIT No.14/LCI/NL/SOPD-G/2025-26 dt.27/11/2025,Installation of Solar STW Scheme 5 points at Poba Agro Organic Producer Pvt. Ltd under Jonai LAC.,Installation of Solar STW Scheme 5 points at Poba Agro Organic Producer Pvt. Ltd under Jonai LAC.,Works,Open Tender,Item Rate,Miscellaneous Works,No,No,NA ,01-Dec-2025 11:00 AM,NA ,180.0,No ,No,Online,22-Dec-2025 03:00 PM,Irrigation Department||Chief Engineer(Major)-Irrigation Dept||Lakhimpur Circle,Jonai,787060.0,2.0,"28,93,176",MANUJ KUMAR NARAH,"2,892,256",Rejected-Finance,09-Jan-2026,Irrigation Department||Chief Engineer(Major)-Irrigation Dept||Lakhimpur Circle
2025_PWD_42390_1,CE/STBR/II/36/2024-25/03 Date 08-01-2025,ROB/ST 133/ASSAM/NAHARKATIYA/01 Construction of ROB in replacement of Railway Level Crossing Gate No. ST-133 (Rly Km-498/7-8) on Namrup Naharkatiya Road in Dibrugarh District under Construction of ROBs on 50_50 Cost Sharing Basis,ROB/ST 133/ASSAM/NAHARKATIYA/01 Construction of ROB in replacement of Railway Level Crossing Gate No. ST-133 (Rly Km-498/7-8) on Namrup Naharkatiya Road in Dibrugarh District under Construction of ROBs on 50_50 Cost Sharing Basis,Works,Open Tender,Item Rate,Civil Works – Roads,No,No,NA ,29-Jan-2025 06:00 PM,NA ,180.0,No ,No,Online,24-Feb-2025 10:00 AM,Public Works Roads Department,Naharkatia,786610.0,2.0,"44,93,15,000",M/S. M.P. AGARWALLA,"498,212,244",Accepted-AOC,21-Jan-2026,Public Works Roads Department
2025_SEEDE_47372_1,GS02/ASU/TEC/068,Equipment for Embedded System Lab,Equipment for Embedded System Lab,Goods,Open Tender,Item Rate,Laboratory and scientific equipment,No,No,NA ,09-Sep-2025 02:00 PM,16-Sep-2025 02:30 PM ,150.0,No ,No,Online,09-Oct-2025 03:30 PM,Skill Employment and Entrepreneurship Department- Externally Aided Project||Assam Skill University Project- ADB Funded Tenders,ASU Campus,784125.0,1.0,,Royal Electronics Sales & Services,"11,611,200",Rejected-Finance,29-Dec-2025,Skill Employment and Entrepreneurship Department- Externally Aided Project||Assam Skill University Project- ADB Funded Tenders
2025_APGCL_46855_1,CGM(HnC)/25-26/Precast/07(18),"Construction of Pre-Cast Boundary wall for incompleted work for wall length of 112.00 m, NTPS, APGCL, Namrup.","Construction of Pre-Cast Boundary wall for incompleted work for wall length of 112.00 m, NTPS, APGCL, Namrup.",Works,Open Tender,Works,Civil Works - Others,No,No,NA ,23-Aug-2025 11:00 AM,NA ,180.0,No ,No,Online,11-Sep-2025 03:00 PM,Assam Power Generation Company Limited,"Namrup Thermal Power Station, Namrup, Dibrugarh",786622.0,2.0,"17,22,236",TRI ARROW INFRA LLP,"1,877,237.24",Rejected-Technical,12-Jan-2026,Assam Power Generation Company Limited
2025_PWBNH_49603_1,SE/BII/ConstAnthropometry/SAI,"Construction of Anthropometry, Sports Physiology and Conference room under Sports Science Department under SAI NCoE Guwahati","Construction of Anthropometry, Sports Physiology and Conference room under Sports Science Department under SAI NCoE Guwahati",Works,Open Tender,Item Wise,Civil Works - Building,No,No,NA ,24-Dec-2025 12:00 PM,30-Dec-2025 12:00 PM ,180.0,No ,No,Online,17-Jan-2026 04:30 PM,Public Works Building and NH Department||Chief Engineer-Building - PWBNH||SE-Guwahati Circle-2 - PWBNH,"Paltanbazar,Guwahati",781008.0,2.0,"58,44,715",BIJAY KALITA,"6,178,224",Accepted-AOC,29-Jan-2026,Public Works Building and NH Department||Chief Engineer-Building - PWBNH||SE-Guwahati Circle-2 - PWBNH
2024_WREAP_39600_1,E-555034/G13,"Supply, installation and testing of IT Hardware and Peripherals for AADB Office at FREMAA","Supply, installation and testing of IT Hardware and Peripherals for AADB Office at FREMAA",Services,Open Tender,Item Rate,Information Technology,No,No,NA ,05-Oct-2024 01:00 PM,09-Oct-2024 01:00 PM ,30.0,No ,No,Not Applicable,02-Nov-2024 04:00 PM,Department of Water Resources-Externally Aided Project||Flood and River Erosion Management Agency of Assam||WRD- ADB Funded Tenders,"FREMAA, Assam Water Centre, Basistha, Guwahati",781029.0,1.0,,Converge Systems and Services Private Limited,"857,388",Accepted-AOC,11-Dec-2024,Department of Water Resources-Externally Aided Project||Flood and River Erosion Management Agency of Assam||WRD- ADB Funded Tenders
2025_PWD_47007_1,Tech/2083 dated 18/08/2025,Construction of road from Chepti Bihdia Br. no 3/1 to Dipteswari Rakh Hari Mandir under SOPD-G for the year 2025-26,Construction of road from Chepti Bihdia Br. no 3/1 to Dipteswari Rakh Hari Mandir under SOPD-G for the year 2025-26 Pkg no. NKTRD(R)/ SOPD(G)/ 2025-26/15,Works,Open Tender,Item Rate,Civil Works – Roads,No,No,NA ,27-Aug-2025 11:00 AM,27-Aug-2025 12:00 PM ,180.0,No ,No,Online,08-Sep-2025 01:00 PM,Public Works Roads Department,Rangia LAC,781354.0,2.0,"29,24,000",BRAJEN DEKA,"2,923,907",Rejected-AOC,07-Jan-2026,Public Works Roads Department
2025_PWBNH_46083_1,I/1182281/2025 dtd. 30.07.2025,"Construction of Indoor Stadium cum Multipurpose Building at Doomdooma Town Field, Doomdooma, Assam","Construction of Indoor Stadium cum Multipurpose Building at Doomdooma Town Field, Doomdooma, Assam",Works,Open Tender,Item Rate,Civil Works - Building,No,No,NA ,01-Aug-2025 01:30 PM,05-Aug-2025 01:00 PM ,180.0,No ,No,Online,26-Aug-2025 02:30 PM,Public Works Building and NH Department||Chief Engineer-Building - PWBNH,Doomdooma,786151.0,2.0,"14,00,92,210",M/s KBM Enterprises,"126,082,989",Rejected-AOC,06-Jan-2026,Public Works Building and NH Department||Chief Engineer-Building - PWBNH
