meeting_no,meeting_date,disaster_types,districts,line
44,,fire,,"The Fire and Emergency services, Assam to complete the bidding process for procurement of"
44,,fire,,1517 Fire proximity suits within March 2022.
44,,,Kamrup,"Kamrup Territorial P.W,D, Road Division"
44,,,Kamrup,pertaining to North Kamrup Territorial P.W.D. Road Division as placed at Annexure-lx
44,,flood,,Agenda ltem 11: Approval for release of fund against proposal viz 'Temporary restoration of flood
44,,,Barpeta,"Agenda ltem 12 : Approval for release of fund against 43 proposal pertaining to PWD, Barpeta,"
44,,,Barpeta,"Baghbar, Chen8a Territorial Road Division under Barpeta District"
44,,,Barpeta,"projects (Annexure-X) pertaining to Barpeta, Baghbar, Chenga Territorial Road Division with observation"
44,,,"Biswanath, Sonitpur",Resolution: SEC approved change in the name of districts from Sonitpur to Biswanath district in respect of
44,,flood,,"areas from flood devastation of river Jiabharali on its L/Bank under SDRF for 2020- 27"""
44,,flood,,"""lmmediate measures for restoration of Namtemera area from the flood damages of river Gelabeel under"
44,,,"Barpeta, Baksa",Resolution: SEC approved change of name of districts from Barpeta to Baksa district in respect of the
44,,erosion,,"Baniapara Modhupur area from the erosion of river Brahmaputra for the year 2027-2022 "" amounting"
44,,,Goalpara,"to Rs. 29,67,000/- executed by the DC Goalpara invoking section 50 of DM Act 2005."
44,,flood,,"Agenda item 25: Ex-post facto approval for Rs.95.945 lakh for implementation of ""Flood Scenario"
44,,flood,,"Resolution: SEC approved Rs. 96.945 lakh for implementation of the project ""Flood Scenario Generation"
44,,flood,Cachar,Cachar for pre DPR stage study on urban flood mitigation of Silchar Town
44,,flood,Cachar,Cachar for pre DPR stage study on urban flood mitigation of Silchar Town'
44,,flood,,Agenda ltem 32: Continuation of the Flood Early Warning System
44,,flood,,"Resolution: SEC approved the proposal of NESAC on ""Flood Early Warning System (FtEWs"") for three"
44,,landslide,,Agenda ltem 35: Approval for execution of the landslide risk mitigation work at Raj Bhavan under the
44,,landslide,,Resolution: SEC approved issuance of AA for execution of the landslide risk mitigation project at Raj
44,,,Hailakandi,"Agenda ltem 37: Repair/ Restoration of DEOC building, Hailakandi"
44,,,Hailakandi,Hailakandi.
44,,,"Darrang, Biswanath, Majuli, Hojai, Kokrajhar, Bongaigaon, South Salmara, Tinsukia","FY-2022-231:. Kokrajhar, South Salmara, Darrang, Hojai, Bongaigaon, Biswanath, Majuli, Tinsukia,"
44,,,Dibrugarh,"Dibrugarh,"
44,,,"Dima Hasao, Jorhat, Charaideo, Karbi Anglong, Sivasagar","IFY-2O23-241: Charaideo, Sivasagar, Jorhat, Karbi Anglong, Dima Hasao, Bajali, West Karbi"
44,,,"Kamrup, Udalguri","Anglong, Kamrup(M), and Udalguri."
44,,flood,,body of 50 existing damaged / outlived boats for flood rescue
44,,flood,,replacement of IRB body of 50 existing damaged / outlived boats for flood rescue activities following
44,,earthquake,,"Shri Rajesh Dutta, Engineering Consultant (Earthquake Risk Mitigation)"
44,,"flood, covid",,Department for GR (Flood) and GR (COVID-19) during2O2L-22.
44,,"flood, covid",,Department for GR (Flood) and GR (COVID-19\ duting 202L-22 as stated below:
44,,flood,,"(flood) RGR(RRR).227l2018 / ptl t88 dated.28/ 09 12021 Rs.11,07,72,139.00"
44,,,Barpeta,"Ex-post facto approval for Rs. 41,15,200/- sanctioned by the Deputy Commissioner Barpeta as"
44,,,Barpeta,financial assistance to 28 damaged AWCS of Barpeta district duting 2021.
44,,,Darrang,"Ex-post facto approval for Rs. 1,25,05,501/- sanctioned by the Deputy Commissioner, Darrang to"
44,,flood,,4097 beneficiaries as financial assistance related to Crop damage due to flood during 2021
44,,fire,,"7 Dr.Sadique Ali Ahmed Fire &ES,Assam,SP,Fire&ES"
44,,flood,,Relief Camps as installed at flood affected
44,,,"Majuli, Goalpara, Morigaon","Majuli, Goalpara & Goalpara & Morigaon. Atoatl"
44,,,Morigaon,Morigaon(Gender amount of Rs. 888656/- has
44,,flood,,"8 Flood Early Warning 15,00,000 0 15,00,000 Payment to M/s NESAC to be"
44,,flood,,measures on Flood
44,,,Hailakandi,"10 Repair & renovation 12,00,000 0 12,00,000 DEOC, Hailakandi has"
44,,,Hailakandi,Hailakandi amounting to Rs.
44,,lightning,,1 Lightning Early Warning 5900000 ASDMA has implemented the LEWS which is
44,,flood,,Flood Scenario Generation 2000000 Assam State Disaster Management Authority
44,,flood,,providing adequate response during flood.
44,,flood,,4 Flood Reporting and 2200000 UNICEF has supported in developing FRIMS
44,,flood,,10 Door to Door Awareness Campaign on reducing Flood death in most Vulnerable 5000000
44,,flood,,flood prone areas of Assam
44,,"landslide, flood",,Preparedness in Circle Level in most Vulnerable flood & Landslide prone areas of
44,,flood,,"13 Flood Early Warning System (Rs. 16,00,000/- for 2021-22 & Rs. 31,00,000/- for 4700000"
44,,flood,,"exisiting 3 nos. of Flood Shelters"" under 3,96,96,039 Flood Shelters"" under Accrued lnterest Fund of"
44,,flood,,lmmediate restoration to flood damaged to approach of
44,,,Bongaigaon,Bongaigaon RCc Br. No.4/1 of Bongaigaon chitkagaon Road by
44,,flood,,lmmediate restoration to flood dama8ed of New
44,,,Bongaigaon,Bongaigaon Bongaigaon Dhaligaon Road by providing GSB
44,,,Bongaigaon,"2 Bongaigaon 2.1,47"
44,,,Bongaigaon,Bongaigaon providing Bamboo palasiding and Sand Bag pitching on
44,,,Bongaigaon,3 Bongaigaon 7.250
44,,,Bongaigaon,Bongaigaon lmmediate restoration of Salbari Bongaigaon PWD Road
44,,,Bongaigaon,4 Bongaigaon Dist. TRD at 6th & 7th Km (Bashbari Bazar) by providing GSB under ? .440
44,,,Bongaigaon,Bongaigaon providing Bamboo palasiding and Sand Bag pitching on
44,,,Bongaigaon,5 Bongaigaon 3.150
44,,,Bongaigaon,Bongaigaon providing Bamboo palasiding and Sand Bag pitching on
44,,,Bongaigaon,6 Bongaigaon 4.510
44,,flood,,lmmediate restoration to flood damaged to SH-2 to
44,,,Bongaigaon,Bongaigaon Kukurmari Sutarpara Road by providing GSB dumping
44,,,Bongaigaon,7 Bongaigaon 2.344
44,,flood,,lmmediate restoration to flood damaged to Bagheswari
44,,,Bongaigaon,Bongaigaon Temple to chitkagaon Road (Bakharapara Pt-ll) by
44,,,Bongaigaon,8 Bongaigaon 1.887
44,,flood,,lmmediate restoration of flood damaged Dewangaon
44,,,Bongaigaon,Bongaigaon PMGSY Road to Barkhata Road at eroded portions by
44,,flood,,lmmediate restoration to flood damaged of Salbari
44,,,Bongaigaon,Bongaigaon Bongaigaon Road at Ch gth and 10th Km by providing
44,,,Bongaigaon,10 Bongaigaon 7.250
44,,flood,,lmmediate restoration to flood damaged of SH-2 via I
44,,,Bongaigaon,"Bongaigaon o.uo,"
44,,,Bongaigaon,11 Bongaigaon Mayapurito Gandhi Moidan Road by providing and laying
44,,flood,,lmmediate restoration to flood damaged of Dhaligaon to
44,,,Bongaigaon,Bongaigaon Barpathar via ChunBapota Road by providing earth
44,,,Bongaigaon,"1,2 Bongaigaon 2.473"
44,,flood,Bongaigaon,Bongaigaon lmmediate restoration to flood damaged to RCC Br.
44,,,Bongaigaon,(SH-2) Bongaigaon under SDRF for the yeat 2O2'J.-22
44,,flood,Bongaigaon,Bongaigaon lmmediate restoration to flood damaged Panchapur
44,,flood,,Restoration to flood damaged HP Culvert No. 1/1 on
44,,,Bongaigaon,BonBaigaon Salbari Bongaigaon PWD Road to Dholapukhuri Road at
44,,,Bongaigaon,15 Bongaigaon 22.892
44,,,Bongaigaon,"Dist. TRD Ch 920.00m in Bongaigaon diostrict, Assam under SRF for"
44,,,Bongaigaon,Bongaigaon Restoration by providing 3.00x 3.00m Box culvert (Double
44,,flood,,lmmediate restoration to flood damaged ofT-06 to
44,,,Bongaigaon,"Bongaigaon Chungapota Road by providing earth work, GSB dumping"
44,,,Bongaigaon,!7 Bongaigaon 2.259
44,,,Bongaigaon,Bongaigaon lmmediate restoration to Dhontola Nankargaon Road
44,,,Bongaigaon,"18 Bongaigaon 1,.770"
44,,flood,Bongaigaon,Bongaigaon lmmediate restoration to flood damaged Bridge
44,,,Bongaigaon,19 Bongaigaon Kakragaon Road under sdrf (Temporary Restoration) for 7.520
44,,flood,,lmmediate restoration to flood damaged link road from
44,,,Bongaigaon,Bongaigaon
44,,flood,Bongaigaon,Bongaigaon lmmediate restoration to flood damaged aproach road
44,,,Bongaigaon,21 Bongaigaon 4.240
44,,flood,,Bongaigao n lmmediate restoration to flood damaged Dhontola
44,,,Bongaigaon,22 Bongaigaon 1.590
44,,flood,,lmmediate restoration to flood damaged to approach of
44,,,Bongaigaon,Bongaigaon Rcc Br. No. U1 of Dangtal Bazar to Bidyapur Road by
44,,,Bongaigaon,23 Bongaigaon 3.O23
44,,flood,Bongaigaon,Bongaigaon lmmediate restoration to flood damaged Talguri
44,,,Bongaigaon,24 Bongaigaon 3.422
44,,flood,Bongaigaon,Bongaigaon Restoration to flood damaged Bridge approach of Bridge
44,,,Bongaigaon,25 Bongaigaon 3.470
44,,flood,Bongaigaon,Bongaigaon lmmediate restoration for flood damaged of Salbari
44,,,Bongaigaon,26 Bongaigaon 2.260
44,,,Bongaigaon,Dist. TRD Bongaigaon Road under SDRF fot the year 2027-22
44,,flood,Bongaigaon,Bongaigaon lmmediate restoration for flood damaged ofTalguri
44,,,Bongaigaon,27 Bongaigaon 4.690
44,,flood,Bongaigaon,Bongaigaon lmmediate restoration for flood damaged of Jogighopa
44,,,Bongaigaon,Bongaigaon 1.020
44,,,Bongaigaon,Bongaigaon
44,,,Bongaigaon,"29 Bongaigaon Gandhi Balika Bidyalaya,Tapattary under SDRF for the 2.180"
44,,flood,,BonBaigaon Immediate restoration for flood damaged of Kabaitary
44,,,Bongaigaon,30 Bongaigaon 1.780
44,,flood,,lmmediate restoration to flood damaged of SH-2
44,,,Bongaigaon,"Bongaigaon (Lengtisinga to Santoshpur) at 31st. 32nd,33rd & 34th 6.780"
44,,flood,Bongaigaon,Bongaigaon Restoration for flood damaged of Dharmapur Borghola
44,,,Bongaigaon,32 Bongaigaon 38.640
44,,flood,Bongaigaon,"Bongaigaon Restoration to flood damaged of SH-2 at 31st, 32nd,"
44,,,Bongaigaon,33 Bongaigaon 5.200
44,,,Bongaigaon,Bongaigaon
44,,,Bongaigaon,34 Bongaigaon Br No 1/4 on Approach road to Kakaijana Echo Tourism 3.000
44,,,Bongaigaon,Bongaigaon 2/1 at 1550m and damage of side slope and shou ld er at
44,,,Bongaigaon,35 Bongaigaon 2.795
44,,,Bongaigaon,Bongaigaon and shoulder and side slope in different stretches at 1st
44,,,Bongaigaon,36 Bongaigaon Dist. TRD Km of Tilapara to Ambari (acharipety Road under SDRF 8.585
44,,,Bongaigaon,Bongaigaon
44,,,Bongaigaon,"37 Bongaigaon ,shoulder, culvert approach on Telipara to Ujanpara road 4.03 3"
44,,erosion,,lmmediate restoration to damaged caused by erosion at
44,,,Bongaigaon,Bongaigaon approaches of both sides of RCC br noL/l on Borghola
44,,,Bongaigaon,38 Bongaigaon 2.437
44,,,Bongaigaon,Bongaigaon
44,,,Bongaigaon,"39 Bongaigaon 1./9 (damaged boulder pitching) on Tulungia Borghola 1,.492"
44,,,Bongaigaon,Bongaigaon lmmediate restoration to culvert approaches at L500m of
44,,,Bongaigaon,Bongaigaon lmmediate restoration to damage of culvert on Tulungia
44,,,Bongaigaon,41 Bongaigaon 1.630
44,,,Bongaigaon,Bongaigaon
44,,,Bongaigaon,42 Bongaigaon adjacent) at pakhriguri on Tulungia Borghola Road . under 2.7 48
44,,,Bongaigaon,Bongaigaon
44,,,Bongaigaon,Bongaigaon water logging on Borghola Kirtanpara road at Kirtanpara
44,,,Bongaigaon,44 Bongaigaon 4.510
44,,flood,,lmmediate restoration to flood damaged Chakla Amtola
44,,,Bongaigaon,Bongaigaon
44,,,Bongaigaon,"45 Bongaigaon to Kokila road at 1st, 2nd & 3rd km under SDRF for the 7.750"
44,,flood,,lmmediate restoration to Flood damaged Nowagaon
44,,,Bongaigaon,Bongaigaon
44,,,Bongaigaon,"46 Bongaigaon Rangapani road at 6th km, under SDRF for the year 3.640"
44,,flood,,lmmediate restoration to flood damaged Chakla Kokila
44,,,Bongaigaon,"41 Bongaigaon PMGSY road, At 1st, 2nd,3rd & 4th km, underSDRF for 5.500"
44,,flood,,lmmediate restoration to Flood damaged Patiladoha
44,,,Bongaigaon,Bongaigaon
44,,flood,,lmmediate Restoration to flood damaged Old NT Road
44,,,Bongaigaon,Bongaigaon
44,,,Bongaigaon,"49 Bongaigaon (Manikpur Diversion) At Lst & 2nd km, under SDRF for the 9.950"
44,,flood,,lmmediate restoration of flood damaged Samukamari to
44,,,Bongaigaon,Bongaigaon Bashbari via Salabila Road for the year 2027-22. I
44,,,Bongaigaon,50 Bongaigaon 7.000
44,,flood,,lmmediate restoration of flood damaged Manikpur
44,,,Bongaigaon,Bongaigaon
44,,,Bongaigaon,51 Bongaigaon Bashbari road (At 7th & 8th km) underSDRF fortheyear 3.s00
44,,flood,,lmmediate restoration of flood damaged NH-31to
44,,,Bongaigaon,"Bongaigaon Garugaon road, for the year 2021-22., ( Providing"
44,,,Bongaigaon,52 Bongaigaon 7.r10
44,,flood,,lmmediate restoration of flood damaged NH-31to
44,,,Bongaigaon,Bongaigaon Darkinamari road under SDRF for the Year 2021-22
44,,,Bongaigaon,53 Bongaigaon 4.680
44,,flood,,lmmediate restoration of flood damaged NH-31 to
44,,,Bongaigaon,Bongaigaon Dakujhar road under SDRF fo( lhe year 202!-22
44,,,Bongaigaon,54 Bongaigaon 5.460
44,,flood,,lmmediate restoration of flood damaged Monakocha-ll
44,,,Bongaigaon,Bongaigaon
44,,,Bongaigaon,55 Bongaigaon to Ujandubi PMGSY road under SDRF for the year 2021- 3.050
44,,flood,,lmmediate restoration of flood damaged Chakla
44,,,Bongaigaon,Bongaigaon I
44,,,Bongaigaon,"56 Bongaigaon Provlding Eamboo foot bridge,Bamboo Palasiding. Sand 6.980"
44,,flood,,lmmediate restoration of flood damaged Manikpur
44,,,Bongaigaon,Bongaigaon
44,,,Bongaigaon,"57 Bongaigaon Bashbari road, (At damages -4-Line HPC -No-2/2 at 2nd 1.750"
44,,flood,,lmmediate restoration to flood damaged Approaches of
44,,,Bongaigaon,Bongaigaon
44,,,Bongaigaon,58 Bongaigaon RCC Br No-9/1 of Manikpur Kokila PMGSY road at 9th 1.980
44,,flood,,lmmediate restoration of flood damaged Manikpur
44,,,Bongaigaon,Bongaigaon
44,,,Bongaigaon,s9 Bongaigaon Bashbari road under SDRF lot theyeat 202L-22. 2.680
44,,flood,Bongaigaon,Bongaigaon lmmediate restoration to flood damaged of R.C.C. Eridge
44,,,Bongaigaon,"60 Bongaigaon Kirtanpar Road by spreading of sand gravel, dumping of 3.750"
44,,flood,,lmmediate restoration to flood damaged at NH-31
44,,,Bongaigaon,Bongaigaon Dangaigaon to Kirtanpara at 2nd Km of the Road by
44,,,Bongaigaon,61 Bongaigaon 2.800
44,,flood,,lmmediate restoration to flood damaged of Culvert
44,,,Bongaigaon,Bongaigaon
44,,,Bongaigaon,"62 Bongaigaon Silghagri Road by spreading of sand gravel, dumping of 4.150"
44,,flood,,lmmediate restoration to Flood damaged at 2nd & 3rd
44,,,Bongaigaon,Bongaigaon KM of Hapachora Borbila to Nachanguri Road by
44,,flood,,lmmediate restoration to flood damaged at 2nd KM of
44,,,Bongaigaon,Bongaigaon Dangaigaon ( Kachdoha )to Kirtanpara Road by spreading
44,,,Bongaigaon,64 Bongaigaon 6.000
44,,flood,,lmmediate restoration to flood damage at 6th KM of
44,,,Bongaigaon,Bongaigaon Gerukabari to Kirtanpara Road by spreading of sand
44,,,Bongaigaon,65 Bongaigaon 7.353
44,,flood,,lmmediate restoration to flood damaged at 8th & 9th KM
44,,,Bongaigaon,Bongaigaon of Gerukabari to Kirtanpara Road by spreading of sand
44,,,Bongaigaon,66 Bongaigaon 9.355
44,,flood,,lmmediate restoration of flood damages at 1st KM of NH-
44,,,Bongaigaon,Bongaigaon 31 at Goraimari to Kawatika Road by spreading of sand
44,,,Bongaigaon,67 Bongaigaon 4.750
44,,flood,,lmmediate restoration of flood damage at culvert
44,,,Bongaigaon,Bongaigaon
44,,,Bongaigaon,"68 Bongaigaon Kirtanpara Road by spreading of sand gravel, dumping of 3.500"
44,,,Bongaigaon,Bongaigaon
44,,,Bongaigaon,69 Bongaigaon Bekarchawk to Jaraguri) Ch. 0.00 m to Ch. 1000.00 m 2.500
44,,flood,,Restoration of flood damaged NH-31 to Garugaon road
44,,,Bongaigaon,"Bongaigaon under SDRF for the year 2027-22., I Construction of Slab"
44,,flood,,Restoration of flood damaged Manikpur Bashbari road
44,,,Bongaigaon,Bongaigaon under SDRF for the year 2021-22. ( Construction of Slab
44,,,Cachar,72 Cachar (approaches of RCC Bridge No.U2 & 5/1)under sDRF for 80.000
44,,,Darrang,"Kalaigaon TRD Kalaigaon Territorial Road Division of Darrang Dist,"
44,,,Darrang,"Kalaigaon TRD Kalaigaon Territorial Road Division of Darrang Dist,"
44,,,Darrang,2021-22 of District Darrang ( Mangaldai LAC )
44,,flood,,Restoration of flood damaged road from NH-15 to Bandia
44,,,Darrang,Darrang (67 Mangaldai LAC )
44,,,Darrang,year 2021-22 of District Darrang (67 Mangaldai LAC )
44,,flood,,Temporary restoration of flood damage road under SDRF
44,,,Dima Hasao,18 Dima Hasao Mahur Roads for the year 2021-22 (Dauban to Patharkot via Kangnam 49.450
44,,,Dima Hasao,19 Dima Hasao Mahur Roads 23'd Km to 26th Km (from Vongzwalto P. Paisa) under 48.930
44,,,Dima Hasao,80 Dima Hasao Mahur Roads AS-18-050) under SDRF for the yeat 2027-22 48.940
44,,,Goalpara,81 Goalpara Goalpara East 22.570
44,,flood,,Temporary restoration of flood damaged road from
44,,,Goalpara,Goalpara Goalpara East 77 .400
44,,,Goalpara,district Goalpara( Goalpara East LAC)
44,,flood,,Temporary Restoration of flood damaged Culvert on
44,,,Goalpara,Gualtoli road of Goalpara Town at CH-698.00M under
44,,,Goalpara,83 Goalpara Goalpara East SDRF for the year 2021-22 of District Goalpara.(37- 9.600
44,,,Goalpara,Goalpara East LAC)
44,,flood,,Temporary restoration of flood damage road from
44,,,Goalpara,84 Goalpara Goalpara East (Length-0.050 KM) and from Ch- 1510.00Km to Ch. 7.760
44,,,Goalpara,2027-22 of Goalpara District (Goalpara East LAC)
44,,flood,,Dudhnoi & Temporary restoration of flood damaged road from GD
44,,,Goalpara,85 Goalpara Goalpara East Road to Dekdhowa Mazar Road under SDRF for the year 5.230
44,,,Goalpara,2021-22. (Goalpara East IAC)
44,,,Goalpara,86 Goalpara Goalpara East SDRF for the yeat 2027-22 of district Goalpara. (37- 5.770
44,,,Goalpara,TRD Goalpara East LAC)
44,,flood,,Temporary restoration of Flood damaged road from
44,,,Goalpara,87 Goalpara Goalpara East (Len8th-0.040 KM) and from Ch.0.70Km to Ch.0.76 KM 5.240
44,,flood,,Temporary restoration of flood damage road from
44,,,Goalpara,88 Goalpara Goalpara East 2.080
44,,,Goalpara,2021-22 of district Goalpara(37-Goalpara East LAC)
44,,flood,,Dudhnoi & Temporary restoration of flood damaged road from
44,,,Goalpara,89 Goalpara Goalpara East Dudhnoi to 8OC (5H-46) (RCC Eridge Approach) under 7.914
44,,,Goalpara,TRD SDRF for the year 202L-22 of district Goalpara.
44,,flood,,Temporary restoration of flood damage Garomari to
44,,,Goalpara,90 Goalpara Goalpara East 1.190
44,,,Goalpara,District Goalpara. (37-Goalpara East LAC)
44,,,Goalpara,91 Goalpara Goalpara East 15.060
44,,,Goalpara,92 Goalpara Goalpara East dudhnoi under sdrf lor l6e yeat 2027-22. 75.273
44,,,Goalpara,Goalpara West
44,,,Goalpara,93 Goalpara Jaleswar Road at Breached portion 5900.00 m under 31.970
44,,flood,,Temporary restoration of flood damaged on Rajmita
44,,,Goalpara,Goalpara West
44,,,Goalpara,94 Goalpara kathuri Road at Ch. 1400.00 m (Breached portion )under 3.560
44,,flood,,Temporary restoration of Flood damaged on Br. No. 1/2
44,,,Goalpara,Goalpara West
44,,,Goalpara,95 Goalpara Khalisavita to Satsiakhamar Road under SDRF (FDR) for 3.800
44,,flood,,Temporary restoration of Flood damaged on 10th Km of
44,,,Goalpara,Goalpara West
44,,,Goalpara,96 Goalpara LK Road to Chowkatola under SDRF (FDR) for the year 16.850
44,,flood,,Temporary restoration of Flood damaged on haldibari
44,,,Goalpara,Goalpara West
44,,,Goalpara,97 Goalpara to Simlabari Road under SDRF (FDR) for the year 2021- 6.730
44,,flood,Goalpara,Goalpara West Temporary restoration of Flood damaged on Fulgassa to
44,,,Goalpara,98 Goalpara 4.960
44,,flood,,Temporary restoration of Flood damage on Dhumerghat
44,,,Goalpara,Goalpara West
44,,,Goalpara,99 Goalpara to Tarangapur Road RCC Br. No 6/1Appr under SDRF 16.380
44,,flood,Goalpara,Goalpara West Temporary restoration of flood damaged on Gumaijhar to
44,,,Goalpara,100 Goalpara 9.720
44,,flood,,Temporary restoration of Flood damaged on Morichbari
44,,,Goalpara,Goalpara West
44,,,Goalpara,101 Goalpara to Gumaijhar Road Br. No. 1/1App under SDRF (FDR)for 19.280
44,,,Goalpara,Goalpara West Construction of SPT Br. No. 1/1 on Chataimari to
44,,flood,,Temporary restoration of flood damage road from
44,,,Goalpara,Goalpara West
44,,,Goalpara,103 Goalpara Sarkarer Goan (Gossaidubi) to Dharai Road under SDRF 7.330
44,,flood,Goalpara,Goalpara west Temporary restoration of flood damage on Dhumerghat
44,,flood,,Temporary Restoration of flood damage on Rakhalkilla
44,,,Goalpara,Goalpara West
44,,,Goalpara,10s Goalpara Bazar to Tikrikillla Shivbari Road PMGSYpkg no.A5-07- 74.780
44,,flood,,Temporary restoration of flood damage on Dhupakura
44,,,Goalpara,Goalpara West village PMGSY road Pkg No. AS-07-251 at ch. 1030.00 m
44,,,Goalpara,106 Goalpara 6.090
44,,flood,Goalpara,Goalpara West Temporary restoration of flood damage on Morichbari to
44,,,Goalpara,107 Goalpara 12.590
44,,,Karimganj,"108 Karimganj north, south & 1980.00 m) (L=530.00 m) RHS on Badarpur Adarkona 1.s00"
44,,,Karimganj,Karimganj
44,,,Karimganj,"109 Karimganj north, south & 3.910"
44,,,Karimganj,Karimganj
44,,,Karimganj,"110 Karimganj north, south & 3.540"
44,,,Karimganj,Karimganj
44,,,Karimganj,"111 Karimganj Km, (ch.20.00 m to 350.00 m, L=330.00 m) under SDRF 2.970"
44,,flood,,Temporary restoration of flood damages by providing
44,,,Lakhimpur,772 Lakhimpur 19.140
44,,flood,,Temporary restoration of flood damages by providing
44,,,Lakhimpur,113 Lakhimpur bamboo bridge at ch.30.00m on mornoichapori to 3.790
44,,flood,,Temporary restoration of flood damages by providing
44,,,Lakhimpur,114 Lakhimpur bamboo bridge at ch.50.00m on pushkarmukh to nagpur 3.650
44,,flood,,"Restoration of flood damages by providing gsb, re-"
44,,,Lakhimpur,115 Lakhimpur 49.990
44,,flood,,Restoration of flood damages by providing boulder apron
44,,,Lakhimpur,116 Lakhimpur 13.180
44,,flood,,Temporary restoration of flood damages by providing
44,,flood,,Temporary restoration of flood damages by providing
44,,,Lakhimpur,118 Lakhimpur 8.730
44,,flood,,Temporary restoration of flood damages by providing
44,,,Lakhimpur,119 Lakhimpur bamboo brldge at ch.400.00m on chakulito amgurighat 2.O20
44,,flood,,Temporary restoration of flood damages by providinB gsb
44,,flood,,REsTORATION OF FLOOD DAMAGES 8Y PROVIDING
44,,,Lakhimpur,12r Lakhimpur 16.030
44,,flood,,Temporary restoration of flood damages by providing
44,,,Lakhimpur,722 Lakhimpur bamboo bridge at ch.6100.00m on bordoibam tinialito 5.070
44,,flood,,Temporary restoration of flood damages by providing gsb
44,,,Lakhimpur,723 Lakhimpur from ch.200.00m to ch.800.00m on nh-15 to srimantapur 8.060
44,,flood,,Temporary restoration of flood damages by providing gsb
44,,,Lakhimpur,724 Lakhimpur from 50.00m to ch.1500.00m on era dorge to koligaon 18.830
44,,,Lakhimpur,"1,25 Lakhimpur bamboo bridge at ch.400.00m on akhoiphutia to 2.920"
44,,flood,,Temporary restoration of flood damages by providing
44,,,Lakhimpur,726 Lakhimpur bamboo bridge at ch.0.00m on borkhamukh college to 3.580
44,,flood,,Temporary restoration of flood damages by providing
44,,,Lakhimpur,127 Lakhimpur bamboo bridge at ch.1200.00m on bebejia charialito 3.720
44,,flood,,Temporary restoration of flood damages by providing
44,,,Lakhimpur,128 Lakhimpur bamboo bridge at ch.0.00m on bolahi pwd to astamighat 1.810
44,,flood,,Temporary restoration of flood damages by providing
44,,,Lakhimpur,729 Lakhimpur bamboo foot bridge no 1/1 at ch.900.00m on bokulguri to 2.495
44,,,Lakhimpur,130 Lakhimpur bamboo bridge no.3/1 at ch.2300.00m on on kathorbari 4.400
44,,,Lakhimpur,"Lakhimpur,"
44,,,Lakhimpur,"Lakhimpur, lmmediate/Temporary Restoration of Bahbari Tunijan to"
44,,,Lakhimpur,132 Lakhimpur Naoboicha & Gabharu Tunijan Road (Culvert No. 2/1) under SDRF for 0.991 I
44,,,Lakhimpur,"Lakhimpur,"
44,,,Lakhimpur,"Lakhimpur,"
44,,,Lakhimpur,"Lakhimpur, Temporary Restoration of NH-15 to Gorchiga Road under"
44,,,Lakhimpur,"135 Lakh im pu r Naoboicha & SDRF for 2021-22 under Lakhimpur, Naoboicha & 1.088"
44,,,Lakhimpur,"Lakhimpur,"
44,,,Lakhimpur,136 Lakhimpur Naoboicha & 2.41L
44,,,Lakhimpur,"2021-22 under Lakhimpur, Naoboicha & Bihpuria"
44,,,Lakhimpur,Territorial Road Division North Lakhimpur
44,,,Lakhimpur,"Lakhimpur, Naoboicha & Bihpuria Territorial Road"
44,,,Morigaon,138 Morigaon 40.000
44,,,Morigaon,139 Morigaon 30.000
44,,,Morigaon,140 Morigaon 20.000
44,,,Morigaon,22 of district Morigaon (Jagiroad LAC)
44,,,Morigaon,741 Morigaon Road to RCC 8r. No. L/1 &217 under SDRF for the year 76.290
44,,,Morigaon,Morigaon Dist.
44,,,Morigaon,"1.42 Morigaon Road removing of Hycinth, GSB, Sand bag filling etc. 8.000"
44,,flood,,Temporary Restoration of flood damages to Japori Gerua
44,,,Morigaon,"743 Morigaon providing bamboo foot bridge, sand filled bags and 4.723"
44,,flood,,Temporary Restoration of flood damages to 03M-1
44,,,Morigaon,"744 Morigaon providing bamboo Palasiding, sand filled bags and E/W in 7.026"
44,,flood,,Temporary Restoration of flood damages to Datialbori
44,,,Morigaon,145 Morigaon Dhing & Raha 7.060
44,,,Nagaon,Temporary Restoration to Nagaon Bhuragaon Road RCC
44,,,Morigaon,746 Morigaon Dhing & Raha 3.130
44,,,Majuli,747 Maju li Majuli TR5-D under SDRF for the year 2020-21 in 99 Majuli LAC under 224.350
44,,,Majuli,Majuli Territorial Road Division
44,,,Nalbari,Nalbari District Permanent restoration of F.D.R. on Nalbari Dhamdhama
44,,,Nalbari,148 Nalbari 58.080
44,,,Nalbari,Nalbari District Temporary restoration of FDR on Nalbari Dhamdhama
44,,,Nalbari,149 Nalbari 19.550
44,,flood,,Restoration of flood damages of Hatsingimari to AMPT
44,,,South Salmara,South Salmara
44,,flood,,Restoration of flood damage road from Chatla to
44,,,South Salmara,South Salmara
44,,flood,,Re-construction to Flood Damaged of RCC slab culvert No.
44,,,Udalguri,Udalguri (R&B) 3/1 on Dhansirighat Chubura Chuburi Road underSDRF
44,,,Udalguri,"),52 Udalguri 49.500"
44,,,Udalguri,Division for the year 2021-22 in PWD Udalguri (R&B) Division for
44,,,Udalguri,153 Udalguri to No. 2 Kadobil Link Road under SDRF for the year 2021- 26.960
44,,,Udalguri,Udalguri (R&B) Restoration works of Kadabilto Hatipota Road under
44,,,Udalguri,"1,54 Udalguri 33.370"
44,,,Charaideo,Charaideo Dist Road (From Ch.400.00m to Ch.550.00m) Len8th=0.15
44,,,Charaideo,155 Charaideo 14.950
44,,,Charaideo,T.R. Division Km under SDRF for the year 2021-22 of Charaideo Dist.
44,,,Charaideo,Charaideo Dist
44,,,Charaideo,156 Charaideo Road under SORF for the year 2021-22 (From Ch. 9.990
44,,flood,,Temporary Restoration of flood damaged of washout
44,,,Kokrajhar,Kokrajhar R.R
44,,,Kokrajhar,757 Kokrajhar bamboo foot bridge on Hekaipara to Maspara 13.600
44,,flood,,Restoration of flood damaged of Simbargaon to
44,,,Kokrajhar,Kokrajhar R.R.
44,,,Kokrajhar,158 Kokrajhar Duramari at Ch. 350.00m at submerged under SDRF for 31.260
44,,flood,,Restoration of flood damaged Road Simbargaon to
44,,,Kokrajhar,159 Kokrajhar Kokrajhar R.R. Dakhin Duramarifrom Ch.0.64 Km to 1.74 Km (L=1.10Km) 38.6s0
44,,flood,,Restoration of flood damaged road from Hekaipara to
44,,,Kokrajhar,Kokrajhar R.R Baghmara from Ch.0.00m to Ch.1.30 Km (Length=1.30
44,,,Kokrajhar,160 Kokrajhar 43.400
44,,flood,,Temporary Restoration of flood damaged road from
44,,,Kokrajhar,Kokrajhar R.R.
44,,,Kokrajhar,"1,61, Kokrajhar Kochugaon to Nabin Nagar Road (Eroded at approache of 4.740"
44,,flood,,Restoration of flood damaged approaches of RCC Br.
44,,,Kokrajhar,Kokrajhar R.R
44,,,Kokrajhar,762 Kokrajhar No.3/1on Kachugaon to Raimona Road under SDRF for 20.000
44,,flood,,Restoration of flood damaged road from Kachugaon
44,,,Kokrajhar,Kokrajhar R.R
44,,,Kokrajhar,"163 Kokrajhar Ch. 450.00m to Ch. 650.00m,resurfacing from Ch. 0.00m 38.000"
44,,,Udalguri,"Udalguri 1,.2"
44,,,Udalguri,"Udalguri 1,.2"
44,,,Udalguri,Udalguri
44,,,Udalguri,"7 Udalguri Dhansiri Project Divn, Restoration from Ch.1442.86m to 1450.03m of 83M r.2"
44,,,Udalguri,"8 Udalguri Dhansiri Project Divn, Restoration from Ch.14800m to 14807.12m of 83M"
44,,,Udalguri,"9 Udalguri Dhansiri Project Divn, Restoration from ch.14807.12m to 14814.24m of L.2"
44,,,Udalguri,"10 Udalguri Dhansiri Project Divn, Restoration from ch.14814.24m to 14821.36m of 7.2"
44,,,Udalguri,"11 Udalguri Dhansiri Project Divn, Restoration from Ch.14821.36m to 14828.48m of 7.2"
44,,,Udalguri,"72 Udalguri Dhansiri Project Divn, Restoration from Ch.14828.48m to 14835.50m of 7.2"
44,,,Udalguri,"13 Udalguri Dhansiri Project Divn, Restoration from Ch.14835.60m lo L4842.72m ol !.2"
44,,,Udalguri,"74 Udalguri Dhansiri Project Divn, Restoration trom ch.14842.72m to 14849.84m of 7.2"
44,,,Udalguri,"15 Udalguri Dhansiri Project Divn, Restoration from Ch.14849.84m to 14856.96m of 7.2"
44,,,Udalguri,"16 Udalguri Dhansiri Project Divn, Restoration from Ch.14856.96m to 14864.08m of r.2"
44,,,Udalguri,"l7 Udalguri Dhansiri Project Divn, Restoration from Ch.148@.08m to 14871.20m of 7.2"
44,,,Udalguri,"18 Udalguri Dhansiri Project Divn, Restoration from Ch.14871.20m to 14878.32m of 1.2"
44,,,Udalguri,"19 Udalguri Dhansiri Project Divn, Restoration from Ch.14878.32m to 14885.44m of 7.2"
44,,,Udalguri,"20 Udalguri Dhansiri Project Divn, Restoration from Ch.14885.44m to 14892.56m of 7.2"
44,,,Udalguri,"21 Udalguri Dhansiri Project Divn, Restoration from Ch.14892.56m to 14899.68m of 1.2"
44,,,Udalguri,"22 Udalguri Dhansiri Project Divn, Restoration from Ch.1500m to 1507.17m of B3M"
44,,,Udalguri,"23 Udalguri Dhansiri Project Divn, Restoration from Ch.1507.17m to 1514.33m of B3M 1.2"
44,,flood,Morigaon,24 Morigaon Morigaon-Laharighat- Flood Damage Restoration Work of Main Canal at 1.5
44,,flood,Morigaon,25 Morigaon Morigaon-Laharighat- Flood Damage Restoration Work of D2 at Besamari 0.9
44,,,Barpeta,1 Barpeta Pahu mara Estimate for construction of afflux bund -cum public road under 1.4891
44,,,Barpeta,2 Barpeta Pahumara Estimate for construction of afflux bund -cum public road under 1.4891
44,,,Barpeta,3 Barpeta Pa h umara Estimate for construction of afflux bund -<um public road under 1.4891
44,,,Barpeta,4 Barpeta Pahumara Estimate for construction of afflux bund -cum public road under 1.4891
44,,,Barpeta,5 Barpeta Pahumara Estimate for construction of afflux bund -cum public road under 1.489t
44,,,Barpeta,6 Barpeta Pahumara Estimate for construction of afflux bund -.cum public road under 1.4891
44,,,Barpeta,7 Barpeta Pahumara Estimate for construction of afflux bund {um public road under 1.4891
44,,,Barpeta,8 Barpeta Pahumara Estimate for construction of afflux bund {um public road under 1.4891
44,,,Barpeta,9 Barpeta Pahumara Estimate for construction of afflux bund {um public road under 1.4891
44,,,Barpeta,10 Barpeta Pahumara Estimate for construction of afflux bund -<um public road under 1.4891
44,,,Barpeta,11 Barpeta Pahumara Estimate for construction of afflux bund -cum public road under 1.4891
44,,,Barpeta,72 Barpeta Pahumara Estimate for construction of afflux bund {um public road under 1.4891
44,,,Barpeta,Barpeta Pa h umara Estimate for construction of afflux bund --cum public road under 1.4891
44,,,Barpeta,"1,4 Barpeta Pa h umara Estimate for construction of afflux bund .-cum public road under 1.4891"
44,,,Barpeta,15 Barpeta Pa h u mara Estimate for construction of afflux bund -cum public road under 1.4891
44,,,Barpeta,16 Barpeta Pahumara Estimate for construction of afflux bund -cum public road under 1.489
44,,,Barpeta,71 Barpeta Pa h umara Estimate for construction of afflux bund -cum publlc road under 1.489
44,,,Barpeta,18 Barpeta Pahumara Estimate for construaion of afflux bund .-cum public road under 1.489
44,,,Barpeta,19 Barpeta Pahumara Estimate for construction of afflux bund -cum public road under 1.489
44,,flood,Barpeta,20 Barpeta Pahumara Flood damage repair of Brick lined canal at Ch. 300M(R/S) of 1.4838
44,,flood,Barpeta,2l Barpeta Pa h umara Flood damage repair of Brick lined canal at Ch.300M(R/S) of 1.4838
44,,flood,Barpeta,22 Barpeta Pa h u mara Flood damage repair of Brick lined canal at Ch.300M(R/S) of 1.4838
44,,flood,Barpeta,23 Barpeta Pahumara Flood damage repair of Brick lined canal at Ch.300M(R/S) of 1.4838
44,,flood,Barpeta,24 Barpeta Pa h umara Flood damage repair of Brick lined canal at Ch.300M(R/S) of 1.4838
44,,flood,Barpeta,25 Barpeta Pahumara Flood damage repair of Brick lined canal at Ch. 300M(R/S) of 1.4838
44,,flood,Barpeta,26 Barpeta Pa h u mara Flood damage repair of Brick lined canal at Ch.300M(R/S) of 1.4838
44,,flood,Barpeta,27 Barpeta Pahumara Flood damage repair of Brick lined canal at Ch.300M(R/s) of 1.4838
44,,flood,Barpeta,28 Barpeta Pahumara Flood damage repair of Brick lined canal at Ch. 300M(R/S) of 1.4838
44,,flood,Barpeta,29 Barpeta Pahumara Flood damage repair of Erick lined canal at Ch.300M(R/5) of 1.4838
44,,flood,Barpeta,30 Barpeta Pahumara Flood damage repair of Brick lined canal at Ch. 300M(R/S) of 1.4838
44,,flood,Barpeta,31 Barpeta Pahumara Flood damage repair of Brick lined canal at Ch.300M(R/5) of 1.4838
44,,flood,Barpeta,32 Barpeta Pa hu ma ra Flood damage repair of Brick lined canal at Ch. 300M(R/S) of 1.4838
44,,flood,Barpeta,33 Barpeta Pahumara Flood damage repair of Brick lined canal at Ch. 300M(R/5) of 1.4838
44,,flood,Barpeta,34 Barpeta Pahu ma ra Flood damage repair of Brick lined canal at ch. 300M(R/s) of 1.4838
44,,flood,Barpeta,35 Barpeta Pahumara Flood damage repair of Brick lined canal at Ch. 300M(R/S) of 1.4838
44,,flood,Barpeta,36 Barpeta Pahumara Flood damage repair of Brick lined canal at ch.300M(R/S) of 1.4838
44,,flood,Barpeta,37 Barpeta Pa h umara Flood damage repair of Brick lined canal at Ch. 300M(R/S) of 1.4838
44,,flood,,38 Bareeta Pahumara Flood damage repair of Brick lined canal at ch.300M(R/S) of 1.4838
44,,flood,Barpeta,39 Barpeta Pahumara Flood damage repair of Brick lined canal at Ch. 300M(R/S) of 1.4838
44,,flood,Barpeta,40 Barpeta Pahumara Flood damage repair of Brick lined canal at Ch. 300M(R/S) of 1.4838
44,,flood,Barpeta,47 Barpeta Pahumara Flood damage repair of Brick lined canal at Ch.300M(R/S) of 1.4838
44,,flood,Barpeta,42 Barpeta Pahu mara Flood damage repair of Brick lined canal at Ch.300M(R/S) of 1.4838
44,,flood,Barpeta,43 Barpeta Pahumara Flood damage repair of Brick lined canal at Ch.300M(R/S) of 1.4838
44,,flood,Barpeta,44 Barpeta Pahumara Flood damage repair of Brick lined canal at ch.300M(R/s) of 1.4838
44,,flood,Barpeta,45 Barpeta Pahumara Flood damage repair of Brick lined canal at Ch.4200M(R/S) of 1.4838
44,,flood,Barpeta,46 Barpeta Pahumara Flood damage repair of Brick lined canal at ch.4200M(R/5) of 1.4838
44,,flood,Barpeta,47 Barpeta Pahumara Flood damage repair of Brick lined canal at Ch.4200M{R/S) of 1.4838
44,,flood,Barpeta,48 Barpeta Pahumara Flood damage repair of Brick lined canal at Ch.4200M(R/S) of 1.4838
44,,flood,Barpeta,49 Barpeta Pahumara Flood damage repair of Brick lined canal at Ch.4200M(R/S) of 1.4838
44,,flood,Barpeta,50 Barpeta Pahumara Flood damage repair of Brick lined canal at Ch.4200M(R/5) of 1.4838
44,,flood,Barpeta,51 Barpeta Pahumara Flood damage repair of Brick lined canal at Ch.4200M{R/S} of 1.4838
44,,flood,,52 Earpeta Pahumara Flood damage repair of Brick lined canal at ch.4200M(R/s) of 1.4838
44,,flood,Barpeta,53 Barpeta Pa hu mara Flood damage repair of Brick lined canal at Ch. 4200M(R/S) of L.4838
44,,flood,Barpeta,54 Barpeta Pahumara Flood damage repair of Brick lined canal at Ch.4200M(R/S) of 1.4838
44,,flood,Barpeta,Barpeta Pahumara Flood damage repair of Brick lined canal at Ch.4200M(R/S) of 1.4838
44,,flood,Barpeta,56 Barpeta Pahumara Flood damage repair of Brick lined canal at Ch.420OM(R/S) of 1.4838
44,,flood,Barpeta,51 Barpeta Pa humara Flood damage repair of Brick lined canal at ch.4200M(R/s) of 1.4838
44,,flood,Barpeta,58 Barpeta Pahumara Flood damage repair of Brick lined canal at Ch.4200M(R/S) of 1.4838
44,,flood,Barpeta,59 Barpeta Pahumara Flood damage repair of Brick lined canal at Ch.4200M(R/S) of 1.4838
44,,flood,Barpeta,60 Barpeta Pahumara Flood damage repair of Brick lined canal at Ch.4200M(R/S) of 1.4838
44,,flood,Barpeta,67 Barpeta Pahumara Flood damage repair of Brick lined canal at Ch.4200M(R/S) of 1.4838
44,,flood,Barpeta,62 Barpeta Pahumara Flood damage repair of Brick lined canal at Ch.4200M(R/S) of 1.4838
44,,flood,Barpeta,63 Barpeta Pahumara Flood damage repair of Brick lined canal at Ch.4200M(R/S) of 1.4838
44,,flood,Barpeta,64 Barpeta Pahumara Flood damage repair of Brick lined canal at Ch. a200M(R/S) of 1.4838
44,,flood,Barpeta,65 Barpeta Pahumara Flood damage repair of Brick lined canal at ch.4200M(R/s) of 1.4838
44,,flood,Barpeta,66 Barpeta Pahumara Flood damage repair of Brick lined canal at ch.4200M(R/5) of 1.4838
44,,flood,Barpeta,67 Barpeta Pahumara Flood damage repair of Brick lined canal at ch.4200M(R/s) of 1.4838
44,,flood,Barpeta,68 Barpeta Pahu mara Flood damage repair of Brick lined canal at Ch.4200M(R/5) of 1.4838
44,,flood,Barpeta,69 Barpeta Pahumara Flood damage repair of Brick lined canal at Ch.4200M(R/5) of 1.4838
44,,flood,Barpeta,70 Barpeta Pahu mara Flood damage repair of Brick lined canal at ch.4200M(R/S) of 1.4838
44,,flood,Barpeta,"71, Barpeta Pahumara Flood damage repair of Brick lined canal at ch.4200M(R/5) of 1.4838"
44,,flood,,72 Pahumara Flood damage repair of Brick lined canal at Ch.4200M(R/5) of 1.4838
44,,flood,Barpeta,Barpeta Pahumara Flood damage repair of Brick lined canal at Ch.4200M(R/S) of 1.4838
44,,flood,Barpeta,74 Barpeta Pahumara Flood damage repair of Brick lined canal at Ch.4200M(R/5) of 1.4838
44,,flood,Barpeta,15 Barpeta Pahumara Flood damage repair of Brick lined canal at Ch.4200M(R/S) of 1.4838
44,,flood,Barpeta,76 Barpeta Pahumara Flood damage repair of Brick lined canal at Ch. 4200M(R/S) of 1.4838
44,,flood,Barpeta,77 Barpeta Pahumara Flood damage repair of Brick lined canal at ch.4200M(R/s) of 1.4838
44,,flood,Barpeta,78 Barpeta Pahumara Flood damage repair of Brick lined canal at Ch. 4200M(R/S) of 1.4838
44,,flood,Barpeta,79 Barpeta Pahumara Flood damage repair of Brick lined canal at Ch.4200M(R/S) of 1.4838
44,,flood,Barpeta,80 Barpeta Pahumara Flood damage repair of Brick lined canal at ch. 4200M(R/s) of 1.4838
44,,flood,Barpeta,81 Barpeta Pahumara Flood damage repair of Brick lined canal at Ch. 4200M(R/S) of 1.4838
44,,flood,Barpeta,82 Barpeta Pahumara Flood damage repair of Brick lined canal at ch.4200M(R/s) of 1.4838
44,,flood,Barpeta,83 Barpeta Pahumara Flood damage repair of Erick lined canal at Ch.4200M(R/5) of 1.4838
44,,flood,Barpeta,84 Barpeta Pahumara Flood damage repair of Brick lined canal at Ch. 6510 M (L/5) of 1.4838
44,,flood,,85 Earpeta Pahumara Flood damage repair of Brick lined canal at Ch. 6510 M (L/5) of 1.4838
44,,flood,,86 Earpeta Pahumara Flood damage repair of Brick lined canal at Ch.6510 M (L/S) of 1.4838
44,,flood,Barpeta,a1 Barpeta Pahumara Flood damage repair of Brick lined canal at Ch.6510 M (L/S) of 1.4838
44,,flood,Barpeta,88 Barpeta Pahumara Flood damage repair of Brick lined canal at Ch. 6510 M (L/S) of 1.4838
44,,flood,Barpeta,89 Barpeta Pa h uma ra Flood damage repair of Brick lined canal at Ch. 6510 M (L/S) of 1.4838
44,,flood,Barpeta,90 Barpeta Pahumara Flood damage repair of Brick lined canal at Ch. 6510 M (L/S) of 1.4838
44,,flood,Barpeta,91 Barpeta Pahumara Flood damage repair of Brick lined canal at Ch. 5510 M (L/S) of 1.4838
44,,flood,Barpeta,92 Barpeta Pahumara Flood damage repair of Brick lined canal at Ch. 6510 M (L/S) of 1.4838
44,,flood,Barpeta,93 Barpeta Pahumara Flood damage repair of Brick lined canal at Ch. 6510 M (L/S) of 1.4838
44,,flood,Barpeta,94 Barpeta Pa hu mara Flood damage repair of Brick lined canal at Ch.65L0 M (L/S) of 1.4838
44,,flood,Barpeta,95 Barpeta Pahumara Flood damage repair of Erick lined canal at Ch.6510 M (L/5) of 1.4838
44,,flood,Barpeta,96 Barpeta Pahumara Flood damage repair of Brick lined canal at Ch.6510 M (L/S) of 1.4838
44,,flood,Barpeta,97 Barpeta Pa h u mara Flood damage repair of Brick lined canal at ch. 6510 M (L/5) of 1.4838
44,,flood,Barpeta,98 Barpeta Pahumara Flood damage repair of Brick lined canal at Ch.6510 M (t/S) of 1.4838
44,,flood,Barpeta,99 Barpeta Pahumara Flood damage repair of Brick lined canal at Ch.651.0 M (L/S) of 1.4838
44,,flood,Barpeta,100 Barpeta Pahumara Flood damage repair of Brick lined canal at Ch. 6510 M (L/S) of 1.4838
44,,flood,Barpeta,101 Barpeta Pahumara Flood damage repair of Brick lined canal at Ch. 6510 M (L/S) of 1.4838
44,,flood,Barpeta,702 Barpeta Pahumara Flood damage repair of Brick lined canal at Ch. 6510 M (L/S) of 1.4838
44,,flood,Barpeta,103 Barpeta Pahumara Flood damage repair of Brick lined canal at Ch.6510 M (L/S) of 1.4838
44,,flood,Barpeta,104 Barpeta Pahumara Flood damage repair of Brick lined canal at Ch. 6510 M (L/S) of 1.4838
44,,flood,Barpeta,105 Barpeta Pahumara Flood damage repair of Brick lined canal at ch.6510 M (L/s) of 1.4838
44,,flood,,106 Earpeta Pahumara Flood damage repair of Brick lined canal at Ch.6510 M (L/S) of 1.4838
44,,flood,Barpeta,to7 Barpeta Pahumara Flood damage repair of Brick lined canal at Ch.6510 M (L/S) of 1.4838
44,,flood,Barpeta,108 Barpeta Pahumara Flood damage repair of Brick lined canal at Ch.6510 M (L/S) of 1.4838
44,,flood,Barpeta,109 Barpeta Pa hu mara Flood damage repair of Brick lined canal at Ch.6510 M (L/5) of 1.4838
44,,flood,Barpeta,110 Barpeta Pa hu mara Flood damage repair of Brick lined canal at Ch.6510 M (t-/S) of 1.4838
44,,flood,Barpeta,111 Barpeta Pa hu mara Flood damage repair of Brick lined canal at Ch.6510 M (L/S) of 1.4838
44,,flood,Barpeta,772 Barpeta Pahumara Flood damage repair of Brick lined canal at ch. 6510 M (L/5) of 1.4838
44,,flood,Barpeta,113 Barpeta Pahumara Flood damage repair of Brick lined canal at ch. 6510 M (L/s) of 1.4838
44,,flood,Barpeta,"1,1,4 Barpeta Pahumara Flood Damage Repair of 82 Canal from Ch. 5330.00M to 1.48"
44,,flood,Barpeta,115 Barpeta Pahumara Flood Damage Repair of 82 Canal from Ch. 5381.00M to 1.48
44,,flood,Barpeta,116 Barpeta Pahumara Flood Oamage Repair of 82 Canal from Ch. 5431.00M to 1.478
44,,flood,Barpeta,177 Barpeta Pa humara Flood Damage Repair of 82 Canalfrom ch. 5479.00M to 1.48
44,,flood,Barpeta,118 Barpeta Pahumara Flood Damage Repair of 82 Canal from Ch.5525.00M to 1.48
44,,flood,,119 Earpeta Pahumara Flood Damage Repair of 82 Canalfrom Ch.5570.00M to 1.481
44,,flood,Barpeta,"120 Barpeta Pahumara Flood Damage Repair of 82 Canal from Ch. 5614.00M to 1,.478"
44,,flood,Barpeta,"72r Barpeta Pahumara Flood Damage Repair of 82 Canal from Ch. 5660.00M to 1,.478"
44,,flood,Barpeta,122 Barpeta Pahumara Flood Damage Repair of 82 Canal from Ch.5705.00M to 1.48
44,,flood,Barpeta,723 Barpeta Pahumara Flood Damage Repair of 82 Canalfrom Ch.5744.00M to 1.478
44,,flood,Barpeta,724 Barpeta Pahumara Flood Damage Repair of 82 Canalfrom Ch.5784.00M to 1.48
44,,flood,Barpeta,125 Barpeta Pahumara Flood Damage Repair of 82 Canal from Ch. 5827.00M to 1.48
44,,flood,Barpeta,126 Barpeta Pahumara Flood Damage Repair of 82 canal from Ch- 5872.00M to 1.478
44,,flood,Barpeta,121 Barpeta Pahumara Flood oamage Repair of 82 D3 Canal from Ch.0.00M to 7.478
44,,flood,Barpeta,128 Barpeta Pahumara Flood Damage Repair of 82 D3 Canal from Ch. 55.00M to 1.48
44,,flood,Barpeta,129 Barpeta Pahumara Flood Damage Repair of 82 D3 canalfrom Ch. 108.00M to 1.48
44,,flood,Barpeta,"130 Barpeta Pahumara Flood Damage Repair of 82 D3 Canalfrom Ch. 1.58.00M to 1,.48"
44,,flood,Barpeta,131 Barpeta Pahumara Flood Damage Repair of 82 D3 Canal from Ch. 209.00M to 7.477
44,,flood,Barpeta,732 Barpeta Pahumara Flood Damage Repair of 82 D3 Canalfrom Ch. 262.00M to 1.477
44,,flood,Barpeta,133 Barpeta Pahumara Flood Damage Repair of 82 D3 Canal from Ch.314.00M to 7.417
44,,flood,Barpeta,134 Barpeta Pahumara Flood Damage Repair of 82 D3 Canal from Ch.364.00M to 7.47 5
44,,flood,Barpeta,135 Barpeta Pa hu mara Flood Damage Repair of 82 D3 Canal from Ch.415.00M to 1.469
44,,flood,Barpeta,136 Barpeta Pahumara Flood Damage Repair of 82 D3 Canal from Ch. 467.00M to 7.48
44,,flood,Barpeta,"1,37 Barpeta Pahumara Flood Damage Repair of 82 D3 Canal from Ch. 520.00M to 7.415"
44,,flood,Barpeta,138 Barpeta Pahumara Flood Damage Repair of 82 D3 Canalfrom Ch. 575.00M to 1.48
44,,flood,Barpeta,"139 Barpeta Pahumara Flood Damage Repair of 82 D3 Canalfrom Ch.630-00M to 1,.478"
44,,flood,Barpeta,r40 Barpeta Pahumara Flood Damage Repair of 82 D3 Canalfrom Ch.679.00M to 1.48
44,,flood,Barpeta,"MT Barpeta Pahumara Flood Damage Repair of 82 D3 Canalfrom Ch.729.00M to 1,.478"
44,,flood,Barpeta,"142 Barpeta Pahumara Flood Damage Repair of 82 D3 Canalfrom Ch.780.00M to 1,.418"
44,,flood,Barpeta,143 Barpeta Pahumara Flood Damage Repair of 82 D3 Canalfrom Ch.828.00M to !.48
44,,flood,Barpeta,r44 Barpeta Pahumara Flood Damage Repair of 82 D3 Canal from Ch.874.00M to 1..478
44,,flood,,"1,45 Ba rpeta Pahumara Flood Damage Repair of 82 D3 Canal from Ch.919.00M to !.479"
44,,flood,Barpeta,146 Barpeta Pahumara Flood Damage Repair of 82 D3 Canal from Ch. 1000.00M to L.473
44,,flood,Barpeta,141 Barpeta Pahumara Flood Damage Repair of 82 D3 Canal from Ch. 1080.00M to !.419
44,,flood,Barpeta,148 Barpeta Pahumara Flood Damage Repair of 82 D3 Canalfrom Ch. 1165.00M to 1.48
44,,flood,Barpeta,"1,49 Barpeta Pahumara Flood Damage Repair of 82 D3 Canal from Ch. 1251.00M to 1.418"
44,,flood,Barpeta,"150 Barpeta Pahumara Flood Damage Repair of 82 D3 Canal from Ch. 1335.00M to 1,.418"
44,,flood,Barpeta,151 Barpeta Pahumara Flood Damage Repair of 82 D3 Canal from Ch. 1414.00M to 1.476
44,,flood,Barpeta,"1,52 Barpeta Pahumara Flood Damage Repair of 82 D3 Canal from Ch. 1500.00M to 1.48"
44,,,Barpeta,153 Barpeta Pahumara Estimate for construction of bank protection work at R/S afflux 1.49589
44,,,Barpeta,154 Barpeta Pahumara Estimate for construction of bank protection work at R/S afflux 1.49589
44,,,Barpeta,Barpeta Pahumara Estimate for construction of bank protection work at R/S afflux 1.49s89
44,,,Barpeta,156 Barpeta Pahumara Estimate for construction of bank protection work at R/S afflux 1.49s89
44,,,Barpeta,751 Barpeta Pahumara Estimate for construction of bank protection work at R/S afflux 1.49589
44,,,Barpeta,158 Barpeta Pa h umara Estimate for construction of bank protection work at R/S afflux 1.49589
44,,,Barpeta,159 Barpeta Pahumara Estimate for construction of bank protection work at R/5 afflux 1..49589
44,,,Barpeta,160 Barpeta Pahumara Estimate for construction of bank protection work at R/S afflux 1.49589
44,,,Barpeta,161 Barpeta Pahumara Estimate for construction of bank protection work at R/S afflux 1.49589
44,,,Barpeta,"1,62 Barpeta Pahumara Estimate for construction of bank protection work at R/S afflux 1.49589"
44,,,Barpeta,163 Barpeta Pahumara Estimate for construction of bank protection work at R/S afflux 1.49589
44,,,Barpeta,164 Barpeta Pahumara Estimate for construction of bank protection work at R/S afflux 1.49589
44,,,Barpeta,165 Barpeta Pa h umara Estimate for construction of bank protestion work at R/S afflux 1.49s89
44,,,Barpeta,166 Barpeta Pahumara Estimate for construction of bank protection work at R/S afflux 1.49589
44,,,Barpeta,167 Barpeta Pahumara Estimate for construction of bank protection work at R/S afflux 1.49s89
44,,,Barpeta,168 Barpeta Pahumara Estimate for construction of bank protection work at R/S afflux 1.49589
44,,,Barpeta,169 Barpeta Pahumara Estimate for construction of bank protection work at R/S afflux 1.49589
44,,,Barpeta,t70 Barpeta Pahumara Estimate for construction of bank protection work at R/S afflux 1.49589
44,,,Barpeta,777 Barpeta Pahumara Estimate for construction of bank protection work at R/S afflux 1.49589
44,,,Barpeta,172 Barpeta Pahumara Estimate for construction of bank protection work at R/S afflux 1.49589
44,,,Barpeta,773 Barpeta Pahumara Estimate for construction of bank protection work at R/S afflux 7.47072
44,,,Barpeta,774 Barpeta Pahumara Estimate for construction of bank protection work at R/S afflux 7.47072
44,,,Barpeta,77s Barpeta Pahu mara Estimate for construction of bank protection work at R/s afflux 7.47072
44,,,Barpeta,176 Barpeta Pahu mara Estimate for construction of bank protection work at R/S afflux 1.41072
44,,,Barpeta,"777 Barpeta Pahumara Estimate for construction of bank protection work at R/S afflux 1,.4707 2"
44,,,Barpeta,"),74 Barpeta Pahumara Estimate for construction of bank protection work at R/S afflux 7.4707 2"
44,,,Barpeta,179 Barpeta Pahumara Estimate for construction of bank protection work at R/S afflux 1.4707 2
44,,,Barpeta,180 Barpeta Pahumara Estimate for construction of bank protection work at R/5 afflux 7.4707 2
44,,,Barpeta,181 Barpeta Pahumara Estimate for construction of bank protection work at R/S afflux 1.4707 2
44,,,Barpeta,182 Barpeta Pahumara Estimate for construction of bank protection work at R/5 afflux 1..4107 2
44,,,Barpeta,183 Barpeta Pahu mara Estimate for construction of bank protection work at R/S afflux 7.47072
44,,,Barpeta,184 Barpeta Pahumara Estimate for construction of bank protection work at R/5 afflux r.47012
44,,,Baksa,185 Sukla Baksa Reconstruction of Plum Concrete Protection Wall at upstream of 1.5
44,,,Baksa,186 Sukla Baksa Reconstruction of Plum Concrete Protection Wall at upstream of 1.5
44,,,Baksa,187 Sukla Baksa Reconstruction of Plum Concrete Protection Wall at upstream of 1.5
44,,,Baksa,188 sukla Baksa Reconstruction of Plum Concrete Protection Wall at upstream of 1.5
44,,,Baksa,189 Su kla Baksa Reconstruction of Plum Concrete Protection Wall at upstream of 1.5
44,,,Baksa,190 Su kla Baksa Reconstruction of Plum Concrete Protection Wall at upstream of 1.5
44,,,Baksa,191 Sukla Baksa Reconstruction of Plum Concrete Protection Wall at upstream of 1.5
44,,,Baksa,192 Sukla Baksa Reconstruction of Plum Concrete Protection Wall at upstream of 1.5
44,,,Baksa,193 Sukla Baksa Reconstruction of Plum Concrete Protection Wall at upstream of 1.5
44,,,Baksa,194 Sukla Baksa Reconstruction of Plum Concrete Protection Wall at upstream of 1.5
44,,,Baksa,195 Sukla Baksa Reconstruction of Plum Concrete Protection Wall at upstream of 1.5
44,,,Baksa,196 5u kla Baksa Reconstruction of Plum Concrete Protection Wall at upstream of 1.5
44,,,Baksa,1.97 Su kla Baksa Reconstruction of Plum Concrete Protection Wall at upstream of 1.5
44,,,Baksa,198 Sukla Baksa Reconstruction of Plum Concrete Protection Wall at upstream of 1.5
44,,,Baksa,199 Sukla Baksa Reconstruction of Plum Concrete Protection Wall at upstream of 1.5
44,,,Baksa,200 Sukla Baksa Reconstruction of Plum Concrete Protection Wall at upstream of
44,,,Baksa,202 Sukla Baksa Reconstruction of Plum Concrete Protection Wall at upstream of 1.5
44,,,Baksa,206 Su kla Baksa Reconstruction of Plum Concrete Protection Wall at upstream of 1.5
44,,,Baksa,208 Sukla Baksa Reconstruction of Plum Concrete Protection Wall at upstream of 1.5
44,,,Baksa,270 Sukla Baksa Reconstruction of Plum Concrete Protection Wall at upstream of 1.5
44,,,Baksa,27! Sukla Baksa Reconstruction of Plum Concrete Protection Wall at upstream of 1.5
44,,,Baksa,272 Sukla Baksa Reconstruction of Plum Concrete Protection Wall at upstream of 1.5
44,,,Baksa,"21,3 Sukla Baksa Reconstruction of Plum Concrete Protection Wall at upstream of 1.5"
44,,,Baksa,274 Sukla Baksa Reconstruction of Plum Concrete Protection Wall at upstream of 1.5
44,,,Kamrup,List of 20 projects of PWRD pertaining to North Kamrup
44,,flood,,"1 T/R of flood RGR Rs. 1,35,000/- Rs. r34,7tGl- 23/08/2079 2310612020"
44,,flood,,"2 flood RGR Rs. 1,15,000/' Rs. f ,74,442/- 23/08/2079 23/06/2020"
44,,flood,,"3 flood RGR Rs. 1,49,000/- Rs. 1,47,797/- 23/08/2019 22/06/2O2O"
44,,flood,,"4 T/R of flood RGR Rs. 1,43,000/- Rs.7,42,1781- 23108120t9 22/06/2020"
44,,flood,,"5 T/R of flood RGR Rs.2,27,O001- Rs. 2,19,897 /- 23108120t9 2?l06/2O2O"
44,,flood,,"6 flood RGR Rs. 1,20,000/- Rs. 1,19,33U- 23108/2019 22/06/2020"
44,,flood,,"7 flood RGR Rs. 2,21,897 /- Rs.2,19,897/- 23108120L9 23/0612020"
44,,flood,,"8 flood RGR Rs.4,50,000/- Rs.4,49,9321- 23/0812079 23/06/2O2O"
44,,flood,,"9 T/R of flood RGR Rs.2,27,0001 Rs.2,26,2o31- 23108/2019 23106/2O2O"
44,,flood,,"10. T/R of flood RGR Rs.5,71,000/- Rs.5,70,935/- 23/08/2079 23/06l2O2O"
44,,flood,,"11. T/R of flood RGR Rs.86,000/- Rs.85,966/- 76/0812079 23/06/2O2O"
44,,flood,,"),2. flood RGR Rs.2,01,000/- Rs.2,00,438/- 23/08l2OL9 23/06/2020"
44,,flood,,"13 flood RGR Rs. 1,30,000/- Rs.7,29,2741- 23l08l2OL9 23/06l2O2O"
44,,flood,,"74 T/R of flood RGR Rs. 1,31,000/- Rs.1,3O,7771- 16l08l2019 23106/2079"
44,,flood,,"15 flood RGR Rs.2,03,000/- Rs.2,02,365/- 23108/2079 23/06/2O2O"
44,,flood,,"16 flood RGR Rs. 1,10,000/- Rs. 1,08,994/- 23/0812079 23/06l2O2O"
44,,flood,,"77 flood RGR Rs.4,50,000/- Rs.4,49,78U 23/08/2079 23/06l2O2O"
44,,flood,,"18. flood RGR Rs.250,000/ Rs.2,49,327/- 23108/2Or9 23106/2020"
44,,flood,,"19 flood RGR Rs.5,14,000/- Rs.5,11,356/- 23/08/2Ot9 23l06l2O2O"
44,,flood,,"20 flood RGR Rs. 1,17,000/- Rs. 1,16,895/- 23/0812019 23/06/2O2O"
44,,,Barpeta,"List of 43 projects of PWRD pertaining to Barpeta, Baghbar, Chenga"
44,,flood,,Restoration of flood
44,,flood,,of flood damaged to AAl05 2019 RGR(
44,,flood,,of flood damaged to AAv/o5_2019 RGR{
44,,flood,,of flood damaged to -20ltl_773 R RR)2 77 -O7 - 22-07-
44,,flood,,of flood damaged to AA/0s_2019 RGR(
44,,flood,,of flood damaged to AA/0s_2019 RG R{
44,,flood,,of flood damaged to
44,,flood,,of flood damaged to AAl0s_20L9 RGR(
44,,flood,,of flood damaged to AAl0s_2019 RGR(
44,,flood,,of flood damaged to HP
44,,flood,,of flood damaged to
44,,flood,,of flood damaged to AA/0s_2019 RGR(
44,,flood,,Restoration of flood
44,,flood,,Restoration of flood
44,,flood,,Restoration of flood
44,,flood,,of flood damaged to
44,,flood,,Restoration of flood
44,,flood,,Restoration of flood
44,,,Barpeta,damages to Barpeta
44,,flood,,Restoration of flood
44,,flood,,Restoration of flood
44,,flood,,Restoration of flood AA/0s_2019 RGR(
44,,flood,,"""lmmediate measures for restoration of flood damage repairing of existing bund of River Singra R/B"
44,,flood,,"c) ""lmmediate measures for protection of Bonpuria Ferryghat and it's adjoin area from flood"
44,,,Baksa,6 fath5ala Baksa d o a f l1 M 1 a s i g n e L d e a f a t n { a M l e t) f f c h a a n n ii k o m f €[ O l ek a a t d o C n h g .1 9 F 5 tS O U .0 n 0 d m $ t S o D l R 9 F 6 f t o .0 r 0 th m e 1.5
44,,,Baksa,Path5ala Baksa 5900.0Om(VB) of.Main Canal of Moradia FtS Under SDRF for 7.O74
44,,,Baksa,16 Pathsala Baksa 64{0.mm(L/B) of Main Clnat of Moradia. FtS Under SDR or 1.074
44,,,Baksa,1'l Pathsala Baksa 6700.0On(VB) oI Main Canal of Moradia FtS Under SDRF for 7.4992
44,,,Baksa,"18 Palhsal, Baksa Ch.2890.0Om of branch c-dr.l+Moradia FtS Under SDRF for 1.38r"
44,,,Baksa,"19 Pathsala Baksa Ch.UOl.oom o, main canalMoradia FtS Under SDRF for the 1.185"
44,,,Baksa,"20 Pathsala Baksa 29o0.oom(R/8) ofmain can, of Bhumki Frs Unde SDRF lor 1..4992"
,,erosion,,"Further, SEC also directed ASDMA in coordination with WRD to place 41 proposals on erosion damages"
,,erosion,,Mitigation Fund (SDMF) as erosion related damages are not covered under 5DRF. Annexure-ll (B).
,,flood,,"""Temporary Restoration of flood damaged of ""Restoration of washed out bamboo foot"
,,,Kokrajhar,"2OZL-22"" under Kokrajhar Rural Road division Kokrajhar district Assam"" amounting to Rs."
,,flood,,"""Restoration of flood damaged of Simbargaon ""Restoration of flood damaged road from"
,,,Kokrajhar,"Kokrajhar district Assam"" amounting to Rs."
,,,Majuli,1 Majuli Huttar gaon under Ahata8uri Mouza 1.500 as
,,storm,,"Storm damage repairing estimate,"
,,storm,,Damage due to storm
,,storm,,"Storm damage repairing estimate,"
,,storm,,< Damage due to storm
,,storm,,Storm damage
,,storm,,Damage due to storm
,,,Bongaigaon,"Repa iring estimate, Bongaigaon ME"
,,earthquake,,{ DamaBe due to earthquake
,,erosion,,Temporary shed at 391 No. Damage due to erosion
,,flood,,{ during flood
,,,South Salmara,"South Scheme, South Salmara Block 1.500"
,,erosion,,3 Salma ra Temporary Shed at 289 No. Damage due to erosion
,,flood,,during flood
,,,Majuli,1 Majuli Electrical Restoration power
,,,Majuli,Majuli Majuli RC 30s0300.00
,,storm,,Sub Div. against storm damage
,,,Majuli,2 Majuli Electrical Restoration of power
,,,Majuli,Majuli Ujani Majuli RC 1390040.00
,,storm,,Sub Div. against storm damage
,,,Nalbari,Nalbari Pachim Nalbari
,,,Dhemaji,Dhemaji.
,,flood,Dibrugarh,1 Dibrugarh Dibruga rh flood damage section at Kolagora areal lor 202L-22. 8.76
,,flood,Dibrugarh,2 Dibrugarh Dibrugarh flood damage section at Uriamguri areal tor 2O2l- 7 .32
,,,Dibrugarh,3 Dibrugarh Dibruga rh Ph-ll on the L/B of river Buridehing (at Amguri area) 8.18
,,flood,,lmmediate measure to restore flood damages by
,,,Dibrugarh,4 Dibrugarh Tinsu k ia Tea factory area under SDRF for 2027-22. 25.00
,,flood,,lmmediate measures to Phelai area from the flood
,,flood,,6 Dibruga rh Tins u kia Phelai from the flood devastation of river 35.00
,,flood,,lmmediate measures to restore the flood damage
,,,"Tinsukia, Dibrugarh",7 Dibrugarh Tinsukia by river Kundil along the R/B at Gurung Basti for 20.00
,,flood,,Doom- Dooma Town from the flood damales on
,,,"Tinsukia, Dibrugarh",8 Dibrugarh Tinsukia right bank of river Dibru under SDRF for 2027-22 20.00
,,flood,,9 Dibruga rh Tinsu k ia flood damages of right bank river Doom-Dooma 10.00
,,flood,,lmmediate measures restore the flood damages
,,flood,,lmmediate measure to restore flood damages by
,,,"Tinsukia, Dibrugarh",11 Dibrugarh Tinsukia river Buridehing at Dibongphakial area under SDRF 30.00
,,flood,,Eco-campus area from the flood damages of river
,,flood,,lmmediate measures to restore flood damages at
,,,Dibrugarh,13 Dibrugarh Dibruga rh DTP dyke at U/S of Stone Spur No. 4 from river 300.00
,,flood,,near Kanyaka and its adjoining area from flood
,,,Sonitpur,15 Tezpu r Sonitpur 86.00
,,flood,,16 Tezpur Biswa nath Kumolia & Joolabasti area from flood devastation of 74.t2
,,flood,,Emergent works to restore the flood damages at
,,,Baksa,19 ChiranB Baksa Gobardhana Satra on L/B of river Beki under 87 .41
,,flood,,Emergent works to restore the flood damages at
,,,"Chirang, Baksa",20 Chirang Baksa Elengmari area on L/B of river Beki under 5.D.R.F. 20.10
,,flood,,lmmediate measures for restoration of flood
,,,Cachar,21 Cachar 43.00
,,flood,,lmmediate measures to restore flood damages by river
,,,Dibrugarh,1 Dibrugarh Dibrugarh Brahmaputra at Nagakhelia Matikota area of Aithan Ring 2 80.00
,,flood,,lmmediate Measures to restore Flood damages by river
,,,Dibrugarh,2 Dibruga rh Dibrugarh Brahmaputra at Amoraguri Area of Dibrugarh Town for 280.00
,,flood,Dibrugarh,3 Dibruga rh Dibrugarh the L/B of river Buridehing (Recoupment of flood 260.00
,,flood,,lmmediate measures to restore flood damages by river
,,,Dibrugarh,5 Dibrugarh Dibrugarh Aghunibari on the L/bank of river Buridehing at Sessa 200.00
,,,Sivasagar,6 Sivasagar Sivasaga r Pathaligarh to BahBarh at Baksu Kotoky Koch under 150.00
,,,Sivasagar,7 Siva sa ga r Sivasagar area on the dyke Desang bund right bank from 250.00
,,,Jorhat,8 Jorhat .lorhat Tamulichiga to Mudoiian PWD Road under SDRF for 170.00
,,,"Jorhat, Golaghat",10 Jorhat Golaghat dama8es of river Dhansiri at No. 2 Koirigaon area under 120.00
,,,Jorhat,11 Jorhat G o lagha t Dhansiri at Butolikhowa area under SDRF for the year 130.00
,,flood,,72 UAID Jo rhat Kokilamukh Protection Works from flood devastation of 400.00
,,flood,,lmmediate measures for flood damage restoration work
,,,Lakhimpur,Lakhimpur t R/B of river Dikrong under SDRF for the year 2021-22'
,,,Sonitpur,14 Tezpu r Sonitpur Nepaligaon area on the right bank embankment of river 400.00
,,,Sonitpur,lrr Tezp u r Sonitpur on the right bank embankment of river Jiabharali under 150.00
,,flood,,Biswanat Singimari and lts adjoining area from flood devastation 200.00
,,flood,,Biswanat Bhojmari and its adjoining area from flood devastation 250.00
,,,Sonitpur,19 Tezpur Sonitpur Balichapori and its adjoining area of the river Bardikarai 150.00
,,,Sonitpur,20 Tezpur Sonitpur the right bank of river Sopai under SDRF for 2021-22'
,,,"Biswanath, Sonitpur",21 Tezpu r Sonitpur B/Dyke from Biswanath to Panpur at Chitalmari and its 150.00
,,,Nagaon,22 Nagaon Nagaon left bank of river Kopilli from charaihagi to Tukulaitup at 200.00
,,flood,,lmmediate measures to recoup the damaged flood wall
,,,Kamrup,24 Ghy East Kamrup Brahmaputra at M. G. road near D.C.Bunglow for the 48.51
,,,Kamrup,25 Ghy East Kamrup 34.37 5
,,,Kamrup,26 Ghy East Kamrup
,,,Kamrup,28 Ghy West Kamrup damages on B/dyke (Ch.55.50 Km to ch. 58.00 km) at 180.00
,,flood,,lmmediate measures to restore the flood damaBes at
,,,Kamrup,29 PGP Kamrup Panikhaity area on the left bank of river Brahmaputra 280.00
,,flood,Kamrup,30 PGP Kamrup Spur from the flood damages on the left bank of river 400.00
,,,Nalbari,31 Nalbari Nalbari Makrapara on R/B of Mora Pagladia river for the year 8.02
,,flood,,lmmediate measures for restoration of flood damages
,,,Barpeta,32 Barpeta Barpeta on R/B Embankment of river Kaldia at Upornoi area 2 2 0.00
,,flood,,lmmediate measures for flood dama8e repairing of
,,,Barpeta,33 Barpeta Ba rpeta of M/E along L/8 embankment of river 210.00
,,flood,,lmmediate measures for restoration of flood damages of
,,,Barpeta,34 Barpeta Barpeta river Pahumara L/B embankment at Ch. 24th KM 150.00
,,,Barpeta,35 Barpeta Barpeta 230.00
,,flood,,Kharmuza to Nichinpur at Poitary area from flood
,,,Goalpara,37 Goalpara Goa lpa ra 250.00
,,,Goalpara,38 Goalpara Goa lpara 150.00
,,,Dhubri,39 Dhubri on strengthening and bank restoration at different reaches
,,flood,,Bongaiga of flood damaged structure at Huramara Pt-2 of L32.96
,,,Dhubri,40 Dhubri on Sidalsati-Merrercha r WRD Embankment on R/B of river
,,flood,,Bo nga iga of flood damaged structure at Huramara Pt-2 Of 100.00
,,,Dhubri,"41, Dhubri on Sidalsati-Merrerchar WRD Embankment on R/B of river"
,,,Dhubri,42 Dhubri Dhubri cum bund at Fakirganj area including bank restoration 500.00
,,flood,,l/M for recoupment of Pachonia area from flood
,,,Dhubri,43 Dhubri devastation of river Brahmaputra on its right bank under 2s0.00
,,,Baksa,44 Baksa Ba ksa Baralia river at village Barbalisiha (Budu supa) under 48.00
,,,Baksa,45 Baksa Baksa Dakhin Dubagaon from river Kaldia under SDRF for the 135.00
,,,Baksa,46 Baksa Ba ksa Bhebla on L/B of river Kaldia under SDRF for the year 95.00
,,flood,,lmmediate measures for stabilization of flood damages
,,,Baksa,48 Chira ng Baksa at Gobardhana Satra and its adioining areas on L/B of 550.00
,,flood,,lmmediate measures for stabilization of flood damages
,,,"Chirang, Baksa",49 Chirang Baksa at Elengmari area on L/B of river Beki under S.D.R.F. for 380.00
,,flood,,lmmediate measures for restoration of flood damages
,,,Baksa,50 Ch ira ng Baksa on L/B of river Beki at Khagrabari (Nepali Basti) area 200.00
,,flood,Chirang,51 Chirang Chira ng from flood damages on L/B of river Kujia under s.D.R.F. 120.00
,,flood,,"(') Chira ng Chira ng Dahalapara from flood damages of river Dulani under 120,00"
,,,Chirang,"5J Chira ng Chirang river Aie at village Choto-Amguri, No.2 Odalguri near 140.00"
,,flood,,56 Ch ira ng Chira ng Dewanpara from flood damages of river Jankra under 95.00
,,,Chirang,57 Chira ng Chirang Udaypur Samsanghat area of river Taklai on R/B under 3 7.88
,,flood,,lmmediate measures to restore the flood damages on
,,,Chirang,59 Chirang Ch ira ng Kagrabari of river Nangalbhanga on R/B under SDRF for 40.00
,,flood,,lmmediate measures for restoration of flood damages
,,flood,Kokrajhar,62 Kokral ha r Kokrajhar Upendrapur from flood damages of river Sonkosh on 170.00
,,flood,Kokrajhar,o5 Kokrajhar Kokrajhar flood damages of river Sonkosh on its L/B under 90.00
,,flood,Kokrajhar,64 Kokrajhar Kokrajha r village and its adjoining areasfrom flood damages by 100.00
,,flood,,Patgaon from flood damages of river Saralbhanga on L/B
,,,Kokrajhar,65 Kokrajha r KokraJhar 180.00
,,flood,,lmmediate measures for restoration of flood
,,,Kokrajhar,66 kokrajha r Kokrajhar devastation of river Garuphella at village South 60.00
,,flood,,lmmediate measures for restoration of flood damages at
,,,Kokrajhar,67 Kokral ha r Kokrajhar village Paroura of the river Gaurang under SDRF for the 110.00
,,flood,,lmmediate measures for restoration of flood
,,,Kokrajhar,68 Kokrajhar Kokrajhar devastation of river Garuphella at village Pani.iani on 100.00
,,flood,,lmmediate measures for restoration of flood damages
,,,Kokrajhar,69 Ko krajha r Kokrajhar at village Bangtijhora on R/B of river Janali under 100.00
,,,Kokrajhar,70 Kokrajhar Kokrajha r Khalpani village of river Samukha for the year 2027-22' 70.00
,,flood,,from flood damages of river Saralbhanga on L/B from
,,,Kokrajhar,71 Kokrajhar Kokrajha r Patgaon to upwards from Ch- 6200m to 6600m under
,,flood,,lmmediate measures for restoration of flood damages at
,,,Kokrajhar,Kokrajhar Kokrajha r on R/b of river Saralbhanga at village Lalbhita (Ch' 110.00
,,flood,,lmmediate measures for restoration of flood damages
,,,Kokrajhar,74 Kokrajhar Kokrajha r on L/B of river Gaurang at Joypur area under SDRF for 100.00
,,flood,Kokrajhar,75 Kokrajhar Kokrajha r from flood damages of river Gangia under S.D.R.F for 90.00
,,flood,Kokrajhar,76 Kokrajhar Kokra.jhar from flood damages of river Sonkosh on its L/B under 100.00
,,flood,,Simbargaon Bazar near Mainaoswrang school from flood
,,,Kokrajhar,77 Kokrajhar Kokrajha r damages of river Samukha under S.D.R.F for the year
,,flood,,78 Kokrajha r Kokrajha r Anthaigwlao lT park from flood damages of river 100.00
,,flood,Kokrajhar,79 Kokrajhar Kokrajha r flood damages of river Gangia under S.D.R. F for 2021-22 120.00
,,flood,,lmmediate measures for restoration of flood damages
,,,Kokrajhar,80 Kokrajhar Kokrajhar on L/B of river Samukha at village Aithugaon under SDRF 100.00
,,flood,,lmmediate measures for restoration of flood damages
,,,Kokrajhar,81 Kokrajhar Kokrajha r of river Tarang at village Boro-Adabari under SDRF for 80.00
,,flood,Kokrajhar,82 Kokrajhar Kokrajha r Muncharghop from flood damages of river Longa under 105.00
,,flood,,lmmediate measures for restoration of flood
,,,Kokrajhar,83 Kokrajhar Ko krajha r devastation of river Garuphella at village Boro Singimari 155.78
,,flood,,lmmediate measures for restoration of flood
,,flood,Kokrajhar,86 Kokrajhar Kokrajha r from flood damages of river Hel on L/B under SDRF for 110.00
,,,Cachar,88 Silchar Cachar L/B of river Borak under SDRF for 2021-22 (Restoration 200.00
,,flood,,lmmediate Measures for restoration of flood damage of
,,,Karimganj,89 Karimganj 210.00
,,flood,,lmmediate measures for restoration of flood damaged
,,,Cachar,90 Cachar 200.00
,,flood,,lmmediate measures for restoration of flood damage of
,,flood,,lmmediate measures for restoration of flood damage of
,,,Cachar,92 Cachar s00.00
,,flood,,1 Dibruga rh Dibruga rh flood damages of river Desang for 2021-22 280.00
,,erosion,Charaideo,7 Sivasaga r Charaideo Road at Karoiguri Dubi from the erosion of Deroi river 82.62
,,,Jorhat,8 Jorhat c o lagh at damages of river Brahmaputra at Riri Telia gaon area 150.00
,,flood,Jorhat,9 Jorhat G o laghat flood damages of river Brahmaputra under SDRF for the 100.00
,,flood,,College and its adjoining areas from the flood
,,flood,,Kumolia & Joolabasti area from flood devastation of
,,flood,Nagaon,13 Nagaon N agao n from the flood damages of river Kopilli under SDRF for 200.00
,,,Kamrup,18 Ghy West Kamrup embankment near Baramboi in between Ch.50400 m to
,,,Kamrup,19 Ghy West Kamrup on L/B of river Brahmaputra for the year 202!-22 undet
,,,Darrang,20 Mangaldai Darrang 200.00
,,flood,,lmmediate measures to restore the flood damages at
,,,Darrang,"2L Mangaldai Darrang Bechimari, Rahmanpur and its adjoining areas from the 100.00"
,,flood,,lmmediate measures to restore the flood damages at
,,flood,,lmmediate measures to restore the flood damages at
,,flood,,flood damage on R/B of river Brahmaputra including
,,,Nalbari,24 Nalbari Nalbari
,,flood,,lmmediate measures for repairing of flood damaBes to
,,,Barpeta,25 Barpeta Barpeta Brahmaputra right bank at Jadavpur - Paharpur and its
,,erosion,Goalpara,26 Goalpara Goalpa ra Takimari and Kathuri area from the erosion of river
,,erosion,Goalpara,27 Goalpara Goalpa ra Sonalurtol and its adjoining area from the erosion of
,,flood,Goalpara,28 Goalpara Goalpa ra Chilarvita area from flood devastation of river
,,erosion,Goalpara,29 Goalpara Goa lpa ra its adjoining areas from the erosion of river
,,flood,,Binnacharra Pt-ll and its adjoining areas from the flood
,,,Dhubri,30 Dhubri Dhubri damage of river Gangadhar on its Right bank under 850.00
,,flood,,l/M for restoration of flood damages on R/B
,,,"Dhubri, Bongaigaon",31 Dhubri Bongaigaon Dumerguri and its adjoining area under SDRF for 2021- 150.00
,,,Dhubri,3? Dhubri Salmara Border outpost and IBB Link road from the flooding of 300.00
,,,Dhubri,5J Dhubri Dhubri and its adjoining areas from the flooding river 350.00
,,erosion,Baksa,34 Baksa Baksa erosion of river Dewsunga at Oubari Bangalipara under 45.00
,,,Cachar,Silchar Cachar of river Digli at Bahadurpur under SDRF for the year 120.00
,,flood,,lmmediate measures to the dyke flood embankment
,,flood,,Restoration to flood damaged of Borigaon
,,,Bongaigaon,1 Bongaigaon Mererchar Road at Ch 0.00km under SDRF for the 4.0200
,,,Bongaigaon,Bongaigaon
,,,Bongaigaon,Bongaigaon
,,,Bongaigaon,Bongaigaon
,,,Bongaigaon,Bongaigaon
,,,Bongaigaon,5 Bongaigaon Borghola Road at Amtala under SDRF for the year 7.5000
,,,Bongaigaon,Bongaigaon Tulungia Borghola road (Pakhriguri) by providing 2
,,flood,,Restoration to flood damaged old NT Road
,,flood,,Restoration for flood damage of Gerukabari
,,,Bongaigaon,Bongaigaon Kirtanpara Road under SDRF for the year 2027-22.(
,,,Bongaigaon,8 Bonga igao n Dist. TRD From 6th km to 14th km ) under Bongaigaon Dstrict 13 2. s 100
,,,Bongaigaon,"Territoria I Road Division, Bongaigaon"
,,flood,,lmmediate restoration flood damaged Rabindra
,,,Bongaigaon,Bongaigaon
,,,Bongaigaon,9 Bongaigaon Bhawn approach Road under SDRF for the year 0.7020
,,flood,,lmmediate restoration to flood damaged of culvert
,,,Bongaigaon,Bongaigaon
,,,Bongaigaon,10 Bongaigaon Quarter Road by dumping of cement bags with 3.5000
,,flood,,lmmediate restoration to flood damaged at 1st km
,,,Bongaigaon,L7 Bongaigaon Dist. TRD dumping of Cement bags with bamboo palisading 1.2000
,,flood,,lmmediate restoration to flood damaged of culvert
,,,Bongaigaon,"1,2 Bongaigaon approach road of Nakkati Hill by dumping of cement 1.8000"
,,,Bongaigaon,13 Bo nga iga o n Bongaigaon Sand Bag pitching on eroded portion of road 3.7800
,,flood,,lmmediate restoration to flood damaged to PWRD
,,,Bongaigaon,"1,4 Bonga igaon Bongaigaon Bongaigaon Territorial Sub Division office approach 1-.4L71,"
,,flood,,lmmediate restoration to flood damaged from
,,,Bongaigaon,Bongaigaon Darshan Jyoti Club to Barpathar via Kholabandha 5.497 4
,,,Bongaigaon,15 Bongaigaon Dist. TRD Road at lst and 2nd Km under SDRF for the year
,,flood,,lmmediate restoration to flood damaged Fulkumari
,,,Bongaigaon,16 Bongaigaon Bongaigaon Restoration) for the year 2027-22 (Providing 3.4500
,,flood,,lmmediate restoration to flood damaged approach
,,,Bongaigaon,Bongaigaon of Bridge No.7/1 on Talguri Basugaon Road under 2.2700
,,,Bongaigaon,"77 Bongaigaon Dist, TRD SDRF (Temporary restoration) fot the yeat 2O2L-22"
,,flood,,lmmediate restoration to flood damaged Hume Pipe
,,,Bongaigaon,Bongaigaon Nachankuti) under SDRF (Temporary Restoration) for 4.5600
,,,Bongaigaon,18 Bongaigaon Dist. TRD the year 2021-22 (Replacing damaged HP culvert
,,flood,,Restoration to flood damaged Jelkajhar to
,,,Bongaigaon,Bongaigaon Doshimapara Road under SDRF ( Restoration) for the
,,flood,,lmmediate restoration of flood damages to Ulubari
,,,Bongaigaon,Bongaigaon
,,,Bongaigaon,Bongaigaon Lichutola Road by Collection & spreading of Granular
,,flood,Bongaigaon,Bongaigaon lmmediate restoration to flood damaged of Latibari
,,,Bongaigaon,22 Bongaigaon Dist. TRD Da spapara Road under SDRF fot the yeat 2027-22 .
,,flood,,lmmediate restoration to flood damaged of
,,,Bongaigaon,23 Bongaigaon Bongaigaon Kabaitary to Mohanpur Road under SDRF for the 3.8600
,,flood,Bongaigaon,Bongaigaon Restoration for flood damage of Khagarpur Pt-V to
,,flood,,lmmediate restoration to flood damaged Manikpur
,,,Bongaigaon,Bongaigaon
,,flood,,lmmediate restoration to flood damaged
,,,Bongaigaon,26 Bongaigaon Bongaigaon Nowagaon Rangapani road at 1st km & 2nd km 4.9100
,,flood,,lmmediate restoration to flood damaged SPT Br. No.
,,,Bongaigaon,27 Bonga igaon Bongaigaon 4/1 & approaches of Manikpur Bashbari road 3.2400
,,flood,,lmmediate restoration to flood damaged Nowagaon
,,,Bongaigaon,28 Bongaigaon Dist. TRD & at approaches of SPT Br. No. 10/1 under (2nd 7.9800
,,flood,,lmmediate restoration to flood damaged Manikpur
,,,Bongaigaon,"Bongaigaon to Dompara road at approaches of RCC Br. No. 1/1,"
,,flood,,lmmediate restoration to flood damaged Chakla
,,,Bongaigaon,30 Bongaigaon Bongaigaon Golapara to Kirtanpara road at 1st & 2nd Km under 4.8300
,,flood,,lmmediate restoration to flood damaged Chakla
,,,Bongaigaon,Bongaigaon
,,,Bongaigaon,31 Bongaigaon Golapara to Kirtanpara road at 4th Km under (2nd 4.9800
,,flood,,lmmediate restoration to flood damaged
,,,Bongaigaon,31 Bongaigaon Bonga igao n embankment damaged at 3rd km & 4th km of 3.4800
,,flood,,to flood
,,,Bongaigaon,Bongaigaon approaches of RCC Br No. U1 & at road at 1st km of
,,flood,,lmmediate restoration to flood damaged Chakla
,,flood,,to flood
,,,Bongaigaon,Bongaigaon Nowagaon Rangapani road to Numberpara Bazar
,,flood,,lmmediate restoration to flood damaged Palengbari-
,,,Bongaigaon,36 Bongaigaon BongalBaon including hard crust and Culvert approach at Ch s.9800
,,flood,,lmmediate restoration to flood damaged
,,,Bongaigaon,37 Bonga igaon Bongaigaon Manasghat Sakisali road at 1st & 2nd Km under (2nd 3.4300
,,flood,,to flood
,,,Bongaigaon,"38 Bongaigaon Bongaigaon approaches of No- 1/1, 1/2 & along with the road 1.9900"
,,,Bongaigaon,Bongaigaon lmmediate restoration to Gerukabari -Kirtanpara
,,,Bongaigaon,39 Bongaigaon Dist. TRD road at loth Km under SDRF for the Yeat 2OZL-22
,,flood,,lmmediate restoration of flood damages of Dhupuri
,,,Bongaigaon,40 Bongaigaon Bongaigaon to Garoleti PMGSY road at 1st Km under SDRF for 6.2350
,,flood,,lmmediate restoration of flood damages of
,,,Bongaigaon,41 Bongaigaon Bongaigaon Hapachara Barbila to Silghagri road at 2nd & 3rd 4.3 300
,,flood,,lmmediate restoration of flood damages to
,,,Bongaigaon,42 BonBa igaon Bongaigaon Gerukabari -Kirtanpara road at 11th & 12th Km 7.6900
,,flood,,lmmediate restoration of flood damages to
,,,Bongaigaon,Bongaigaon Patiladoha -Monakosa to Baobari road at Ch 1200
,,,Bongaigaon,43 Bongaigaon of 5.9150
,,flood,,lmmediate restoration of flood damages to
,,,Bongaigaon,44 Bongaigaon Bongaigaon Gerukabari -Kirtanpara road at 2nd & 3rd Km 5.3700
,,flood,,lmmediate restoration to flood damaged at NH.31
,,,Bongaigaon,Bongaigaon of Chowraguri to Kawatika road at 3rd Km by
,,flood,,lmmediate restoration to flood damaged at NH-3l.of
,,,Bongaigaon,Bongaigaon
,,,Bongaigaon,47 Bongaigaon 2nd & 3rd Km of Ambari Ujanpara Road under SDRF 1.1735
,,,Bongaigaon,"Bongaigaon surface,Side slope,culvert cushioning on Tulungia"
,,,Bongaigaon,48 Bongaigaon 2.033 5
,,,Bongaigaon,Bongaigaon approach (boulder retaining wall) at 4000.00M of
,,,Bongaigaon,49 Bongaigaon 2.7980
,,,Bongaigaon,Bongaigaon &
,,erosion,,Bo nga iga o n embankment due to erosion and road surface on
,,,Bongaigaon,Bongaigaon approaches including side slope & road surface of
,,flood,,lmmediate restoration to flood damages to
,,,Bongaigaon,53 Bongaigaon 9.7700
,,,Bongaigaon,55 Bongaigaon 35.0000
,,,Bongaigaon,Bongaigaon
,,,Bongaigaon,56 Bongaigaon Bhatipara Road by providing double 2.00mx2.00m 16.7100
,,flood,,Restoration to flood damaged Chakla Kirtanpara
,,,Bongaigaon,51 Bonga igaon Bongaigaon road under SDRF for the year 2o7L-Tz(Providing 14.5100
,,flood,,lmmidiate Restoration to flood damaged of
,,,Bongaigaon,Bongaigaon
,,flood,,Restoration to flood damaged of Borigaon
,,,Bongaigaon,59 Bongaigaon Mererchar Road at Ch. 6.50 km to ch. 9.00 km under 24.5300
,,flood,,lmmediate Restoration for Flood Damaged of
,,,Bongaigaon,Bongaigaon
,,flood,,lmmediate Restoration to Flood Damaged of Haripur
,,,Bongaigaon,61 Bongaigaon to New Piradhara Road under SDRF for the year 5.0200
,,flood,,lmmediate Restoration to Flood Damaged of NH-
,,,Bongaigaon,Bongaigaon
,,flood,,lmmediate Restoration Flood Damaged of
,,,Bongaigaon,Bongaigaon
,,,Bongaigaon,63 Bongaigaon Tinkonia -l - Tinkonia-ll Road under SDRF for the year 3.1600
,,flood,,lmmediate Restoration Flood Damaged of
,,,Bongaigaon,Bongaigaon
,,,Bongaigaon,64 Bongaigaon Jogighopa Salbari Road at 16th Km under SDRF for 4.1900
,,flood,,lmmediate Restoration for Flood Damaged of
,,,Bongaigaon,Bongaigaon
,,,Bongaigaon,65 Bongaigaon logighopa Salbari Road at Br. No.7/1 approach road 3.0100
,,flood,Bongaigaon,Bongaigaon Restoration for Flood Damaged of Abhayapuri
,,,Bongaigaon,66 Bongaigaon 15.4400
,,flood,,lmmediate Restoration to Flood Damaged of
,,,Bongaigaon,Bongaigaon
,,,Bongaigaon,67 Bongaigaon Kushbari Dubachari Road under SDRF for the year 3.5500
,,flood,,lmmediate Restoration to Flood Damaged of
,,flood,,lmmediate Restoration for Flood Damaged of
,,,Bongaigaon,Bongaigaon
,,flood,,lmmediate Restoration for Flood Damaged on
,,flood,Bongaigaon,Bongaigaon lmmediate Restoration to Flood Damaged of Haripur
,,,Bongaigaon,77 Bongaigaon 23.3800
,,flood,,lmmediate Restoration for Flood Damage dof
,,,Bongaigaon,12 Bongaigaon Bonga igaon Kumrakata lV to Sankarghola Road at 2nd Km under 4.9100
,,flood,,lmmediate Restoration for Flood Damaged of
,,,Bongaigaon,Bongaigaon Bhandara-l to Bhandara-V Road (2nd Wave) under 7.9100
,,,Bongaigaon,Bongaigaon 3305.00 m to 3555.00 m) of sidalsuti Barghola Road 17.7755
,,,Bongaigaon,"74 Bongaigaon by providing E/W, Bamboo foot bridge and sand"
,,,Bongaigaon,"Bongaigaon (Ch. 15O.OO m to 4O0O.O0 m) by providing E/w, Sand 10.9870"
,,,Bongaigaon,75 Bongaigaon Dist. TRD Bag Pitching and sand gravelling under SDRF for the
,,flood,,BongaiBaon shoulder at different stretches by 2nd Wave of flood
,,,Bongaigaon,76 Bongaigaon Dist. TRD on Saripunia ll to Saripunia I Road under SDRF for
,,flood,Bongaigaon,77 BonBa igaon Bongaigaon caused by 2nd Wave of flood on Telipara to 4.4543
,,flood,,Restoration of flood damaged road from Mowamari
,,,Darrang,District Darrang (67 Mangaldai LAC )
,,flood,,Temporary Restoration of Flood Damage Road on
,,,Dhemaji,79 Dhemaji Dhemaji TRD Amulguri Kachari Baon to Naruathan road under 3.6900
,,,Dhemaji,80 Dhemaji Dhemaji TRD road (Providing bamboo palisading and earth filled 4.2200
,,flood,,Temporary Restoration of Flood Damage Road on
,,,Dhemaji,81 Dhemaji Dhemaji TRD No.l Meleki to Hatipara Bhakal Gaon ( Kachari 4.3 200
,,flood,,Temporary Restoration of Flood Damage Road on
,,flood,,Temporary Restoration of Flood damage Road on
,,,Dhemaji,Dhema.ii Dhemaji TRD Hechulipam to Jiadhal Dighagarah road under SDRF 4.7200
,,flood,,Temporary Restoration of Flood Damage Road on
,,,Dhemaji,84 DhemaJi Dhema.ii TRD Jiadhal Tinigharia Kekuri to Gheyari under SDRF for 5.4500
,,flood,,Temporary Restoration of Flood damage Road on
,,,Dhemaji,85 Dhemaji Dhemaji TRD Telijan to Khalihamari PWD road via Butikur under 6.0700
,,flood,,Temporary Restoration of Flood Damage Road on
,,,Dhemaji,86 Dhemaji Dhema.ii TRD Jiadhal to Dighalgarah under SDRF for the Yeat 2027' 6.6900
,,,Dhemaji,87 Dhemaji DhemajiTRD 9.9600
,,,Dhemaji,88 Dhe m ali Dhemaji TRD Jamuguri to Kalpanapur road under SDRF for the 23.807 4
,,,Dhemaji,89 Dhem aji Dhemaji TRD Kuaphola to Deogharia via Betoni Road under SDRF 27 .0590
,,,Dhemaji,90 Dhemaji Dhemaji TRD 32.507 L
,,,Dhemaji,Repair and Restoration of road from Dhemaji
,,,Dhemaji,91 Dhemal Dhemaji TRD Railway Station Adikolia via Jamuguri Panchali under 45.8742
,,,Dhemaji,92 Dhemaji Dhemaji TRD s9.2000
,,,Dhemaji,93 Dhemaji Dhemaji TRD approaches on Jiadhal Chariali to Jiadhal College 63.4200
,,,Dhemaji,94 Dhemaji Dhemaji TRD Tin;gharia Kekuri to Gheyari road under SDRF for the 81.5765
,,,Dhemaji,95 Dhemaji Dhemaji TRD Adikalia Majagaon road under SDRF for the year 87.8389
,,,Dhemaji,96 Dhemaji Dhemaji TRD Narabil including protection works under SDRF for 96.7 400
,,,Dhemaji,97 Dhemaji Dhemaji TRD Hachora pathar at ch. 20.00m & 890.00m under 103.5500
,,,Dhemaji,98 Dhemaji Dhema.ii TRD Padumoni via (Bordoloni Central college) under SDRF 8.3400
,,,Dhemaji,99 Dhemaji Dhemaji TRD 14.6900
,,,Dhemaji,100 Dhemaji Dhema.ii TRD Holowdunga E&D Dyke under SDRF for the year 19.6200
,,,Dhemaji,101 Dhemaji Dhemaji TRD 47.8000
,,flood,,Repair and restoration Flood damages of Culvert
,,,Dhemaji,702 Dhemaji Dhemaji TRD No. 2/1 at Bordoloni to Mangalati Road (Ch. 50.6900
,,,Dhemaji,103 Dhemaji Dhemaji TRD Tiniali to Dharmapur under SDRF for the year 2021- 49.8500
,,flood,,Repair and restoration of flood damages of culvert
,,,Dhemaji,to4 Dhemaji Dhemaji TRD No. U1 NLGR road Teggur (ch.380.00m) 12.6500
,,flood,,Repair and restoration of flood damages of culvert
,,,Dhemaji,105 Dhemaji Dhemaji TRD No.4/1 at Sankarpur LP School to Cheniachuk (Ch 39.6800
,,,"Dhemaji, Nalbari",106 Dhemaji Dhemaji TRD Nalbari road under SDRF for th e Yea( 2027-22.
,,,Dhemaji,tol Dhemaji Dhemaji TRD Br.No.1/1 on Batua to Rankop road under SDRF for a9.7667
,,,Dhemaji,108 Dhemaji Dhemaji TRD to Kawaimari via Kalakata under SDRF for the year r.7366
,,flood,,Temporary restoration of Flood damage Road on
,,,Dhemaji,109 Dhemaji Dhemaji TRD Jidhal Chariali to Singimari road under SDRF for the 2.9900
,,,Dhemaji,110 Dhemaji Dhemaji TRD Panchali to Moderguri kalita gaon via Raichapori 51.0205
,,flood,,Temporary Restoration of flood damaged road from
,,,Dhemaji,111 Dhemaji Jonai TRD Borbam (Package No- AS-04-303) under SDRF (FDR) 4.7922
,,,Dhemaji,"Division in Dhemaji District, Assam"
,,flood,,Temporary restoration of flood damaged road from
,,,Dhemaji,712 Dhemaji lonai TRD Nilakh Taranipathar to No. 1 Luviachuk under SDRF 1.6100
,,flood,,Restoration of Flood damaged road from Sundarpur
,,,Dhemaji,Division in Dhemaji District (Temporary Restoration)
,,flood,,Temporary restoration of flood damaged road from
,,,Nalbari,Bormuria Arney Road to No. 1 Nalbari Road (Package
,,,Dhemaji,114 Dhemaji JonaiTRD No- 45-04-251) under SDRF (FDR) for the year 2021- 3.2213
,,,Dhemaji,22 under Jonai Territorial Road Division in Dhemaji
,,flood,,Temporary Restoration of Flood damaged road from
,,,Dhemaji,"115 Dhemaji JonaiTRD AS-04-33) under SDRF (FDR) for the Yeat 202L-22 4.371.1,"
,,,Dhemaji,under Jonai Territorial Road Division in Dhemaji
,,flood,,Temporary restoration of flood damaged road from
,,,Dhemaji,1-L6 Dhemaji .JonaiTRD under SDRF (FDR) for the year 2021-22 under lL4 7.3500
,,,Dhemaji,in Dhemaji District (temporary)
,,flood,,Restoration of flood damaged road from NH-15 at
,,,Nagaon,Kamchi Nagaon Road (PMGSY Package No- AS-04-
,,,Dhemaji,"1,17 Dhemaji Jonai TRD 259) under SDRF (FDR) for the year 202L-22 undet 5.0900"
,,,Dhemaji,Division in Dhemaji district (temporary Restoration)
,,flood,,Repair and restoration of flood damage road on
,,,Dhemaji,118 Dhemaji Jonai TRD Appron from ch.4.820 km to ch.4.920 km(Length = 14.4400
,,,Dhemaji,Dhemaji District (114 Jonai (ST) LAC) (temporary
,,flood,,lmmediate repair and restoration of Flood damage
,,,Dhemaji,2O2f-22 of District Dhemaji (114 ionai LAc)
,,flood,,Repair and restoration of flood damage road on
,,,Dhemaji,720 Dhemaji Jonai TRD from ch.0.405 km to ch. 0.455 km (Length= 0.050 1.0900
,,,Dhemaji,"Dhemaji District (114, Jonai (ST) LAC) (Temporary"
,,flood,,Repair and restoration of flood damage road on
,,,Dhemaji,727 Dhemaji Jonai TRD from Ch.6.900 KM to Ch.6.950 KM) (length = 13.0700
,,,Dhemaji,"Dhemaji district (114, Jonai (ST) LAC) (Temporary"
,,flood,,Repair and restoration of flood damaged road on
,,,Dhemaji,122 Dhemaji Jonai TRD bags from ch. 1.780 km to ch. 1.830 km (Length= 9.1800
,,,Dhemaji,"Dhemaji District (114, Jonai (ST) LAc) (temporary"
,,flood,,lmmediate Repair and restoration of flood damage
,,,Dhemaji,1-23 DhemaJi JonaiTRD 6120.00 m under SDRF (FDR) for the year 2O2l-22 of 6.6400
,,,Dhemaji,District Dhemaji (114 lonai LAC) (Temporary
,,flood,,Repair and restoration of flood damage road on
,,,Dhemaji,124 Dhemaji Jonai TRD km (Length = 0.100 KM) under SDRF (FDR) for the 5.5100
,,flood,,lmmediate Repair and restoration of flood damage
,,,Dhemaji,L25 Dhemaji lonai TRD (Length = 0.341 km) under SDRF (FDR) for the year 14.8400
,,,Dhemaji,2OZL-22 of District Dhemaji (1.14 Jonai LAC)
,,flood,,Repairs and restoration of flood damage roa d on
,,,Dhemaji,1-26 Dhemaji Jo nai TRD cement bag & bamboo palasiding under SDRF (FDR)
,,flood,,Repair and restoration of flood damage road from
,,,Dhemaji,L27 Dhemaji lonai TRD bamboo palasiding & boulder appron from ch. 1.420 16.0700
,,,Dhemaji,"for the year 2O2l-22 of Dhemaji district (114, Jonai"
,,flood,,lmmediate Repairs and restoration of flood damage
,,,Dhemaji,1-28 Dhemaji Jonai TRD m to Ch. 3325.00 m & Ch.6300.00 m to Ch.6330.00 10.4800
,,,Dhemaji,2o2f-22 ot District Dhemaji (114 Jonai LAc)
,,flood,,Repair and restoration of flood damage road on
,,,Dhemaji,129 Dhemaji JonaiTRD apron from ch. 4.436 km to ch. 4.486 km 8.1500
,,,Dhemaji,"2O2L-22 of Dhemaji District (114, Jonai (ST) LAC)"
,,flood,,Repairs and restoration of flood damaged road from
,,flood,,Restoration of flood damaged road from Sundarpur
,,,Dhemaji,131 Dhemaji JonaiTRD 228) under SDRF (FDR) for the year 2O2t-22 under 49.9800
,,,Dhemaji,114 Jonai (ST)Territorial Road Division in Dhemaji
,,flood,,Repairs and restoration of flood damaged road from
,,,Dhemaji,1-32 Dhemaji JonaiTRD AS-04-33) under SDRF (FDR) for the year 2021-22 49.853 3
,,,Dhemaji,under Jonai Territorial Road Division in Dhemaji
,,flood,,Restoration of flood damaged road from NH-52 to
,,,Dhemaji,133 Dhemaji lonaiTRD road from ch. 3500.00 m to ch. 3599.00 m (Length= 49.3s00
,,,Dhemaji,Dhemaji (114 Jona i LAC)
,,flood,,Restoration of flood damage road from NH-52 to
,,,Dhemaji,134 Dhemaji Jonai TRD road from ch.5.74 km to ch. 5.84 km (Length=o.100 48.9950
,,,Dhemaji,"district Dhemaji (114, Jonai LAC)"
,,flood,,Restoration of flood damage road from NH-52 to
,,,Dhemaji,135 Dhemaji .lonai TRD 49.8600
,,flood,,Restoration of flood damage road from NH-52 to
,,,Dhemaji,136 Dhemaji JonaiTRD road from ch. 5.43 km to ch.5.68 km (Length=0.250 47 .9700
,,,Dhemaji,District Dhemaji (114 Jonai LAC)
,,flood,,Repair and restoration of flood damage road on
,,,Dhemaji,r37 Dhemaji Jonai TRD 28.3600
,,,Dhemaji,"for the year 2027-22 of Dhemaji district (114, Jonai"
,,flood,,Restoration of flood damage road from Tako village
,,,Dhemaji,138 Dhemaji JonaiTRD 2130.00 km & ch. 3.35 km to ch.3.379 km (Length= 40.1400
,,,Dhemaji,Dhemaji District (114 Jonai LAC)
,,flood,,Restoration of flood damage road from Tako village
,,,Dhemaji,yeat 202!-22 of Dhemaji (114 Jonai LAC)
,,flood,,Temporary Restoration of flood damaged road from
,,,Dhemaji,140 Dhemaji Jonai TRD the year 202\-22 under Jonai Territorial Road 1.9600
,,,Dhemaji,"Division in Dhemaji District, Assam"
,,flood,,Temporary Restoration of flood damaged road from
,,,Dhemaji,"1,41 Dhemaji .,onaiTRD 1.9831"
,,,Dhemaji,Dhemaji District
,,flood,,Temporary Repair and restoration of flood damaged
,,,Dhemaji,1-42 Dhemaji JonaiTRD 6.0000
,,flood,,Temporary Restoration of flood damaged road from
,,,Dhemaji,"1,43 Dhemaji JonaiTRD 2.L794"
,,,Dhemaji,22 under Jonai Territorial Road Division in Dhemaji
,,flood,,Temporary Restoration of flood damaged road from
,,,Dhemaji,744 Dhemaji Jonai TRD 2027-22 (Bridge No 1/1) under 114 Jonai (ST) LAC 6.6500
,,,Dhemaji,under.Jonai Territorial Road Division in Dhemaji
,,flood,,Restoration of flood damaged road from
,,,Dhemaji,145 Dhemaji Jonai TRD SDRF for the year 2021-22 (Sridge No. 4/1. & 4/2) 1.4400
,,,Dhemaji,Division in Dhemaji District (Temporary)
,,flood,,Restoration of flood damaged road from
,,,Dhemaji,146 Dhemaji Jonai TRD Ch.3500.00M) under 114 Jonai (ST) LAC under Jonai
,,,Dhemaji,Territorial Road Division Dhemaji District
,,flood,,Restoration of flood damaged road from Amguri
,,,Dhemaji,747 Dhemaji Jo nai TRD 2OZL-22 under 114 Jonai (ST) LAC under Jonai 1.3000
,,flood,,Restoration of flood damaged road from NH-515 to
,,,Dhemaji,148 Dhemaji JonaiTRD yeat 202i-22 under 114 Jonai (ST) LAC under Jonai
,,,Dhemaji,Territorial Road Division in Dhemaji District
,,flood,,Repair and Restoration of flood damage road on
,,,Dhemaji,"149 Dhemaji .lo nai TRD , Earth fill cement bags & boulder appron from cH. 1s.8200"
,,,Dhemaji,SDRF (FDR) for the year 202L-22 ol Dhemaji District
,,flood,,lmmediate repair & Restoration of flood damage
,,,Dhemaji,150 Dhemaji lonaiTRD (tength=0.300 km) under SDRF (FDR) for the year L2.4700
,,,Dhemaji,"?021,-22 of District Dhemaji (114 Jonai LAC)"
,,flood,,Repairs and Restoration of flood damaged road from
,,,Dhemaji,151 Dhemaji JonaiTRD the year 2071.-22 undet Jonai Territorial Road
,,,Dhemaji,"Division in Dhemaji District, Assam"
,,flood,,Restoration of flood damaged road from Lalung
,,,Dhemaji,152 Dhemaji Jonai TRD 22 under Jonai (ST) LAC under Jonai Territorial Road
,,,Dhemaji,Division in Dhemaji District
,,flood,,Repair and Restoration of flood damage road from
,,,Dhemaji,153 Dhemaji Jonai TRD box culvert (2 nos) under SDRF (FDR) for the year 83.2200
,,,Dhemaji,207]-22 of District Dhemaji (114-Jonai (ST) LAC)
,,flood,Dhubri,Dhubri Civil Temporary Restoration of flood damaged of
,,,Dhubri,"1,54 Dhubri Sub-Division Pratapgan.l Pestirghat to GK Road under SDRF for the 6.9700"
,,flood,Dhubri,Dhubri Civil Temporary Restoration of flood damaged of
,,flood,Dhubri,Dhubri Civil Temporary Restoration of flood damaged of
,,,Dhubri,156 Dhubri 5ub-Division Bidyardabri to Kadamtola near Charak Mandir Road 9.0600
,,flood,Dhubri,Dhubri Civil Temporary Restoration of flood damaged of NH-31
,,,Dhubri,157 Dhubri Sub-Division at Choto Dighaltary to Bidyardabri (RCC Br. No. 1/1 9.7500
,,flood,Dhubri,Dhubri Temporary Restoration of flood damaged of RCC
,,,Dhubri,158 Dhubri Sub-Division 7 .7 LOo
,,flood,Dhubri,Dhubri Civil Temporary Restoration of flood damaged road ASS
,,,Dhubri,159 Dhubri Sub-Division road to Paborchara village Road under SDRF for the 6.9700
,,flood,Dhubri,Dhubri Civil Temporary Restoration of flood damaged road of
,,,Dhubri,160 Dhubri Su b-Division Gharialdanga to KGT Road under SDRF for the year 5.8 200
,,flood,Dhubri,Dhubri Civil Temporary Restoration of flood damaged of KGT
,,,Dhubri,161 Dhubri Sub-Division road to Kherbari under SDRF for the year 2021-22 1-2.6200
,,flood,Dhubri,Dhubri Civil Temporary Restoration of flood damaged of
,,,Dhubri,162 Dhubri Sub-Division Kherbari to West Bengal Border road under SDRF 6.9800
,,flood,Dhubri,Dhubri Civil Temporary Restoration of flood damaged of
,,,Dhubri,163 Dhubri Sub-Division Ratiadaha Satrasal Road under SDRF for the year s.9s00
,,flood,Dhubri,Dhubri Civil Temporary Restoration of flood damaged of
,,,Dhubri,L64 Dhubri sub-Division Gorerhat Singimari Road under SDRF for the year 7.8100
,,flood,Dhubri,Dhubri Civil Temporary Restoration of flood damaged of Kaldoba
,,,Dhubri,165 Dhubri Sub-Division Sindurai Road under SDRF for the yeat 2OZL-72 11.9300
,,flood,,Temporary Restoration of flood damaged of
,,,Dhubri,166 Dhubri sub-Division Bengal Border under SDRF for the year 2021-22 74.9200
,,flood,Dhubri,Dhubri Temporary Restoration of flood damaged of Kaldoba
,,,Dhubri,t67 Dhubri Sub-Division 6.7500
,,flood,,Temporary Restoration of flood damaged of
,,,Dhubri,Dhubri
,,,Dhubri,168 Dhubri Sub-Division year 202!-?2 (Approach damaged of RCC Br. No. 6.8900
,,flood,Dhubri,Dhubri Civil Temporary Restoration of flood damaged of Belguri
,,,Dhubri,169 Dhubri Sub-Division Satrasal road under SDRF fo( lhe Yeat 2OZL-22 4.9600
,,flood,,Temporary Restoration of flood damaged Bridge
,,,Dhubri,Dhubri
,,flood,,Temporary Restoration of flood damaged of Belguri
,,,Dhubri,Dhubri
,,,Dhubri,"171, Dhubri Sub-Division (Approach damaged of RCC Br. No. 1/1' at 8.4600"
,,flood,Dhubri,Dhubri Civil Temporary Restoration of flood damaged Br.
,,,Dhubri,172 Dhubri Sub-Dlvision Approach of RCC Br. No.3/1 & 3/2 on Khuniarvita 8.5700
,,flood,,Temporary Restoration of flood damaged Bridge
,,,Dhubri,Dhubri
,,,Dhubri,t13 Dhubri Sub-Division Kadomtola Harirdham road under SDRF for the year 6.9600
,,flood,,Temporary Restoration of flood damaged of Satrasal
,,,Dhubri,Dhubri
,,,Dhubri,174 Dhubri Sub-Division ?027-22 (Agprcach damaged of RCC Box Cell Cult 5.9700
,,flood,Dhubri,Dhubri Civil Temporary Restoration of flood damaged road
,,,Dhubri,"1,75 Dhubri Sub-Division Ranpagli Bazar to Satrasal Road under SDRF for the 7 .4700"
,,flood,Dhubri,Dhubri Civil lmmediate Restoration of flood damaged road from
,,,Dhubri,176 Dhubri Sub-Division Pratapganj Pesterghat to G.K. Road (Ch. 1350.00 m 29.6000
,,flood,,lmmediate Restoration of flood damaged road from
,,,Dhubri,Dhubri
,,,Dhubri,L77 Dhubri Sub-Division under SDRF for the year 2021-22 (Repairs to Bridge 48.9800
,,flood,,lmmediate Restoration of flood damaged road from
,,,Dhubri,Dhubri
,,,Dhubri,178 Dhubri 5ub-Division SDRF for the year 2021-22 (Repairs to Bridge 47 .3700
,,flood,Dhubri,Dhubri lmmediate Restoration of flood damaged road from
,,,Dhubri,L79 Dhubri Sub-Division 49.0400
,,flood,,lmmediate Restoration of flood damaged road of
,,,Dhubri,Dhubri
,,,Dhubri,180 Dhubri Sub-Division 49.8000
,,flood,,lmmediate Restoration of flood damaged road from
,,,Dhubri,181 Dhubri Sub-Division year 2O2l-22 (Repairs to RCC Box Culvert 49.9100
,,flood,,lmmediate Restoration of flood damaged road from
,,,Dhubri,Dhubri
,,,Dhubri,182 Dhubri Sub-Division Beengal Border under SDRF for the year 2021-22 49.8500
,,,Dhubri,Dhubri
,,flood,,Civil lmmediate Restoration of flood damaged road from
,,,Dhubri,183 Dhubri sub-Division KGT Road to Kherbari road under SDRF for the year 48.7800
,,flood,,lmmediate Restoration of flood damaged road of
,,,Dhubri,Dhubri
,,,Dhubri,t84 Dhubri 5ub-Divislon 39.4800
,,,Dhubri,Dhubri Civil Temporary Restoration of Kanuri Dimaguri Road
,,,Dhubri,185 Dhubri sub-Division under SDRF lor lhe year ZO2L-22 (From Ch. 9.5000
,,,Dhubri,Dhubri Civil Temporary Restoration of PWD Road to IBB road at
,,,Dhubri,186 Dhubri Su b-Division Binnachara Pt-l under SDRF for the yeat 2021--22 4.5000
,,,Dhubri,Dhubri Civil Temporary Restoration of Kacharihat PWD Road to
,,,Dhubri,187 Dhubri Sub-Division Singimari under SDRF for the year 2OZl-22 ltrcm 6.3000
,,,Dhubri,Dhubri Civil Temporary Restoration of Chagalchara Pt-ll to
,,,Dhubri,188 Dhubri Sub-Division Tistarpar Road under SDRF for lhe year 2027-22 5.s000
,,,Dhubri,Dhubri Civil Temporary Restoration of Kanuri Dimaguri Road
,,,Dhubri,189 Dhubri Sub-Division under SDRF for the year 2021-22 (From Ch. 9.7000
,,,Dhubri,Dhubri Civil Temporary Restoration of Kismat Hasdaha Pt-ll to
,,,Dhubri,190 Dhubri Sub-Division Dhubri Binnachara Road under SDRF for the year 7.0000
,,,Dhubri,Dhubri Civil Temporary Restoration of Soulmari to Gola kganj
,,,Dhubri,191 Dhubri Sub-Division Road under SDRF for lhe year 2027-22 (From Ch. 7.0000
,,,Dhubri,Dhubri Civil Temporary Restoration of B. Ed College Lungi Bazar
,,,Dhubri,Dhubri Civil Temporary Restoration of DG Road Dhubri near
,,,Dhubri,193 Dhubri sub-Division Samshan8hat to NH-31 Road under SDRF for the 9.0000
,,,Dhubri,Dhubri Civil Temporary Restoration of Dhubri Gauripur Road
,,,Dhubri,794 Dhubri Sub-Division under SDRF for the year 2021-22 (from Ch.2000.00m 13.5700
,,,Dhubri,Dhubri Civil Temporary Restoration of Dhubri Gauripur Road
,,,Dhubri,Dhubri Civil Temporary Restoration of Dhubri Gauripur Road
,,,Dhubri,"196 Dhubri Sub-Division under SDRF for the year 2021.-22 (from Ch.6000.00m 1,1 .7 400"
,,flood,,Temporary Restoration of flood damaged Road from
,,,Dhubri,Dhubri
,,,Dhubri,197 Dhubri Sub-Division yeat 2027-22 (Construction of RCC Box Cell culvert 15.0000
,,,Dhubri,Dhubri Civil Temporary Restoration of Asharikandi to GhegeralSa
,,,Dhubri,198 Dhubri Su b-Division Road (Ch. 1000.00 m to ch. 2000.00 m) in stretches s.1800
,,,Dhubri,Dhubri Civil Temporary Restoration of NH-31 Alomganj to
,,,Dhubri,199 Dhubri sub-Division Dampur Road (Ch. 2000.00 m to 2750.00 m in 4.9565
,,,Dhubri,Dhubri Civil Temporary Restoration NH-31 Alomgani to
,,,Dhubri,200 Dhubri Sub-Division Dampur Road (Ch. 2750 m to 3450 m in stretches) 4.9548
,,,Dhubri,Dhubri Temporary Restoration of NH-31. Targhat to
,,,Dhubri,201 Dhubri Sub-Division Asharikandi Road (Ch.600.00 m to ch. 1000 m) in 3.9641
,,,Dhubri,Dhubri Civil Temporary Restoration of NH-31. Targhat to
,,,Dhubri,202 Dhubri Sub-Division Asharikandi Road (ch. 0.00 m to ch. 600.00 m) under 4.9900
,,flood,Dhubri,Dhubri Clvil Temporary Restoration of flood damaged of road
,,,Dhubri,203 Dhubri 5ub-Division from lnternational Trade Centre to Gumti Road 4.8700
,,flood,Dhubri,Dhubri Civil Temporary Restoration of flood damaged of road
,,,Dhubri,204 Dhubri Sub-Division from NH-31 at Bottola to Ratiadaha Bazar under 6.3 300
,,flood,Dhubri,Dhubri Civil Temporary Restoration of flood damaged of road
,,,Dhubri,205 Dhubri Sub-Division from Sonahat BSF Camp to Bishkhowa Pt-lV Road 4.8700
,,flood,Dhubri,Dhubri Civil Temporary Restoration of flood damaged of road
,,,Dhubri,206 Dhubri Sub-Division from Kamarpara near IBB Road under SDRF for the 5.3600
,,flood,Dhubri,Dhubri Civil Temporary Restoration of flood damaged of road
,,,Dhubri,207 Dhubri Sub-Division from Borocharaikhola Bridge Road under SDRF for 6.8 200
,,flood,Dhubri,Dhubri Civil Temporary Restoration of flood damaged of road
,,,Dhubri,208 Dhubri Sub-Division from Old NH at Rakhalpath Road under SDRF for the 4.8700
,,flood,Dhubri,Dhubri Civil Temporary Restoration of flood damaged of road
,,,Dhubri,209 Dhubri Sub-Division from Old NH Way (Ratiadaha) under SDRF for the 6.8 200
,,flood,Dhubri,Dhubri Civil Temporary Restoration of flood damaged of road
,,,Dhubri,270 Dhubri 5ub-Division from Old NH Way (Ratiadaha) under SDRF for the 7.8000
,,flood,Dhubri,Dhubri Civil Temporary Restoration of flood damaged of road
,,,Dhubri,"21,1, Dhubri Sub-Division from NH-31 to Ratiadaha Pt-lll under SDRF for the 6.8200"
,,flood,Dhubri,Dhubri Civil Temporary Restoration of flood damaged of road
,,,Dhubri,272 Dhubri Sub-Division from Soulmari Road to Dakhin Tokrachara under 9.2000
,,flood,Dhubri,Dhubri Civil Temporary Restoration of flood damaged of road
,,,Dhubri,213 Dhubri Sub-Division from Bisondoi Pt-l to Bisondoi Pt-lll (PMGSY) road 5.3500
,,flood,Dhubri,Dhubri Civil Temporary Restoration of flood damaged of road
,,flood,Dhubri,Dhubri Civil Temporary Restoration of flood damaged of road
,,,Dhubri,215 Dhubri Sub-Division from Golakganj Soulmari Road under SDRF for the 5.0000
,,flood,Dhubri,Dhubri Civil Temporary Restoration of flood damaged of road
,,,Dhubri,"2l,t) Dhubri 5ub-Division from NH-31 at Bottola to Ratiadaha Bazar under 6.0000"
,,flood,Dhubri,Dhubri Civil Temporary Restoration of flood damaged of road
,,,Dhubri,277 Dhubri Sub-Division from Purni Road under SDRF for lhe yeat 2027-22 7.3000
,,flood,Dhubri,Dhubri Civil Temporary Restoration of flood damaged of road
,,,Dhubri,218 Dhubri Sub-Division from Golakganj Bazar to Silver Company under SDRF 7.0000
,,,Dhubri,Dhubri Civil Temporary Restoration of Nalia Bazar to Berbhangi
,,,Dhubri,2L9 Dhubri 5ub-Division via Nalia Pt-l in stretches under SDRF for the year 4.9259
,,flood,Dhubri,Dhubri Civil Temporary Restoration of flood damaged of road
,,,Dhubri,220 Dhubri Sub-Division from NH-31 to E&D Bund via Mazumdarpara under 6.5000
,,flood,Dhubri,Dhubri Civil Temporary Restoration of flood damaged of road
,,,Dhubri,227 Dhubri Sub-Division from 718 No. Uttar Tokrachara LP School to Old NH- s.2s00
,,flood,Dhubri,Dhubri Civil Temporary Restoration of flood damaged of road
,,,Dhubri,222 Dhubri Sub-Division from Pratapganj Pestirghat to G.K. Road under SDRF 7.0000
,,flood,Dhubri,Dhubri Civil Temporary Restoration of flood damaged of road
,,,Dhubri,223 Dhubri Sub-Division from Pratapganj Pestirghat Road under SDRF for the 7.OOOO
,,flood,Dhubri,Dhubri Civil Temporary Restoration of flood damaged of road
,,,Dhubri,224 Dhubri Sub-Division from Tokrachara PWD Road to NH-31 Hazipara 5.9000
,,,Dhubri,Dhubri Civil Temporary Restoration of Bridge No.1/1 on Paglahat
,,,Dhubri,225 Dhubri Sub-Division to Golakganj Road under SDRF for the year 2O2t-22. 4.0000
,,,Dhubri,Dhubri Civil Temporary restoration of SPT Bridge No. 4/L and 4/2
,,,Dhubri,226 Dhubri Sub-Division on Bonsijhora to Monglahat Rd under SDRF for the 5.8737
,,,Dhubri,Dhubri Civil Temporary Restoration of SPT Bridge No.2/L & 2/2
,,,Dhubri,227 Dhubri Sub-Division on Bashbari to Kazigaon Road under SDRF for the 5.1L00
,,,Dhubri,Dhubri Civil Temporary Restoration of Dhelkowa Mandir to
,,,Dhubri,Dhubri Sub-Division Dumerdoha Botortol Road (From Ch. 1500.00 m to 8.1635
,,,Dhubri,Dhubri Civil Temporary Restoration of Bashbari to Monglaihora
,,,Dhubri,229 Dhubri Sub-Division Road at Ch. 12700.00 m to Ch. 14900.00 m under 5.0000
,,,Dhubri,Dhubri Civil Temporary Restoration Balajan Batuatoli to Kuripar
,,,Dhubri,230 Dhubri Su b-Division Tiniali Road under SDRF for the year 2021-22. 5.0000
,,,Dhubri,Dhubri Civil Temporary Restoration of Chapgarh High School to
,,,Dhubri,Dhubri Civil Temporary Restoration of Kanuri (Dimakuri) to
,,,Dhubri,232 Dhubri 5u b-Division Binnachara Road (Ch. 2500.00 m to 1.0O00.0O m) 7.0000
,,,Dhubri,Dhubri Civil Temporary Restoration of Gaspara Sluice gate to
,,,Dhubri,233 Dhubri Sub-Division Puranpara village road under SDRF for the year 14.7500
,,,Dhubri,Dhubri Civil Temporary Restoration of Bridge approaches of RCC
,,,Dhubri,Dhubri Civil Temporary Restoration of sub-way SPT Bridge No.
,,,Dhubri,235 Dhubri Sub-Division 1/1 on Sahebgan.i Bazar to Gauripur Bashbari via 5.9479
,,flood,Dhubri,Dhubri Civil Temporary Restoration of flood damaged of NH-31
,,,Dhubri,236 Dhubri sub-Division to Kaldoba Road under SDRF for the year 2021-22 6.s000
,,flood,Dhubri,Dhubri Civil Temporary Restoration of flood damaged of NH-31
,,,Dhubri,237 Dhubri Sub-Division to Agomoni Rly Station Road under SDRF for the 7.0000
,,flood,Dhubri,Dhubri Civil lmmediate Restoration of flood damaged road of
,,,Dhubri,238 Dhubri 5ub-Division NH-31 to Kaldoba Pt-lll Road under SDRF for the 24.9600
,,flood,Dhubri,Dhubri Civil lmmediate Restoration of flood damaged of
,,,Dhubri,239 Dhubri Sub-Division Halakura Pokalagi near Rly level crossing under SDRF 7.s000
,,flood,Dhubri,Dhubri Civil Temporary Restoration of flood damaged of PK Road
,,,Dhubri,240 Dhubri Sub-Division to Agomoni Progoti College Road under SDRF for the 7.0000
,,flood,Dhubri,Dhubri Civil Temporary Restoration of flood damaged of road
,,,Dhubri,"241, Dhubri Sub-Division from Pratapganj Kherbari Road under SDRF for the 7.5000"
,,flood,,Temporary Restoration of flood damaged Road
,,,Dhubri,242 Dhubri Sub-Division the year 4.0000
,,flood,,Bilasipara Civil Temporary Restoration of flood damaged Road
,,,Dhubri,243 Dhubri Sub-Division from Satyapur Bhatipara to Lakhimandir to Sagalkuti 3.8 300
,,flood,,Temporary Restoration of flood damaged Road
,,,Dhubri,244 Dhubri Sub-Division Taranagapur Part-l Road under SDRF for the year
,,flood,,Bilasipara Civil Temporary Restoration of flood damaged Road
,,,Dhubri,245 Dhubri sub-Division from NH-31 at Areajhar to Puhtimari Road under 4.2500
,,flood,,Bilasipara Civil Temporary Restoration of flood damaged Road
,,,Dhubri,246 Dhubri Sub-Division from NH-31 at Shivamandir to Dhirbeel via 4.3200
,,flood,,Bilasipara Civil Temporary Restoration of flood damaged Road
,,,Dhubri,241 Dhubri Sub-Division from NH-31 Taranagapur Part-ll via 3.8500
,,flood,,Bilasipara Civil Temporary Restoration of flood damaged Roa d
,,,Dhubri,248 Dhubri Sub-Division from NH-31 at Rowmari Part-ll to Village Roa d 4.8700
,,flood,,Bilasipara Civil lmmediate Restoration of flood damaged NH-31 at
,,,Dhubri,249 Dhubri Sub-Division Bagribari to Baniamari Pt-lll Road under SDRF for s.0000
,,flood,,Bilasipara Civil lmmediate Restoration of flood damaged of
,,,Dhubri,250 Dhubri Sub-Division ExtentionNH-31 at Bagribari to Baniamari Pt-lll Road 4.5000
,,flood,,Bilasipara Civil lmmediate Restoration of flood damaged road from
,,,Dhubri,251 Dhubri Sub-Division 9th km of BS Road to saltari Road under SDRF for 4.s000
,,flood,,Bilasipara Civil lmmediate Restoration of flood damaged Barkanda
,,,Dhubri,252 Dhubri Sub-Division Sapatgram Road under SDRF for the year 2021-22. 7.5000
,,flood,,Bilasipara Civil lmmediate Restoration of flood damaged road from
,,,Dhubri,253 Dhubri 5u b-Division 15th km of BS Road to Dautpara via Santipur Ashram 4.s000
,,,Dhubri,254 Dhubri Sub-Division School to Hatipara Pt-li village Road under SDRF for 4.2000
,,flood,,Temporary Restoration of flood damaged Road
,,,Dhubri,"Dhubri Sub-Division (PMGSY, Pkg. No. AS-05-119) under SDRF for the 4.0000"
,,flood,,Bilasipara Civil Temporary Restoration of flood damaged Road
,,,Dhubri,256 Dhubri Su b-Division from Bilasipara Surjyakhata to Ramkrishna Mission 4.0000
,,,Dhubri,257 Dhubri Sub-Division Br. No. 1/1 on Bilasipara Amdanighat to Kathaldi 3.3200
,,,Dhubri,258 Dhubri Sub-Division Pt-l Road under SDRF for the year 2OZt-22 3.4000
,,flood,,Bilasipara civil lmmediate Restoration of flood damaged of NH-
,,,Dhubri,259 Dhubri Sub-Division 31to Natun Lawpara (Notun Lawpara to Khejurbari) 4.0000
,,flood,,Bilasipara Civil lmmediate Restoration of flood damaged of
,,,Dhubri,260 Dhubri Sub-Division Sataguri Piazbari Road under SDRF for the year 4.5000
,,flood,,Bilasipara Civil lmmediate Restoration of flood damaged of 4th Km
,,,Dhubri,26t Dhubri sub-Division of BS Road to Khaiurbari under SDRF for the year 4.0000
,,flood,,Bilasipara Civil lmmediate Restoration of flood damaged of
,,,Dhubri,262 Dhubri Sub-Division Araiani to Noiserdhap Road under SDRF for the year 4.0000
,,flood,,lmmediate Restoration of flood damaged of
,,,Dhubri,263 Dhubri su b-Division Toppara Jhawpara to Dalaneralga Road under SDRF 4.0000
,,flood,,Bilasipara Civil lmmediate Restoration of flood damaged road
,,,Dhubri,264 Dhubri Sub-Division from Raniganj to Dhanpur Road under SDRF for the 4.0000
,,flood,,lmmediate Restoration of flood damaged of
,,,Dhubri,265 Dhubri Sub-Division No. 1/1 & !/2 damaged under SDRF for the year
,,flood,,Bilasipara Civil lmmediate Restoration of flood damaged o NH-
,,,Dhubri,266 Dhubri Sub-Division 31to Pasuarkhal Road Bridge Approach 1/1 damaged 5.0000
,,flood,,Bilasipara Civil lmmediate Restoration of flood damaged of 6th BS
,,,Dhubri,267 Dhubri Sub-Division Road to Chouravita Road under SDRF for the year 4.0000
,,flood,,Temporary Restoration of Flood Damaged Road of
,,,Dhubri,268 Dhubri Sub-Division 0.00m to Ch.4500.00m) under SDRF for the year 4. s800
,,flood,,Bilasipara Civil Temporary Restoration of Flood Damaged Road
,,,Dhubri,269 Dhubri Sub-Division from Chapar lB to Ghunimari Road under SDRF for 3.5000
,,flood,,Bilasipara Civil Temporary Restoration of Flood Damaged Road
,,,Dhubri,271 Dhubri Sub-Division Jomduar village Road under SDRF for the yeat 2OZL' 4.9700
,,,Goalpara,272 G oa lpa ra Goalpara East Topolakhowa Road under SDRF fot the Yeat 2021-22 13.5000
,,,Goalpara,274 Goalpara Goa lpa ra East under SDRF for the yeat 2027-22. 10.0000
,,flood,,Temporary restoration Flood damage on
,,,Goalpara,Goalpara West
,,flood,,Temporary restoration of flood damage on
,,,Goalpara,276 Goalpara Goa lpara West Khalisabhita Hindupara to Khalisabhita Muslimpara 37 .7 700
,,flood,,Temporary restoration of flood damaged at Sristika
,,,Jorhat,"Jorhat,"
,,,Jorhat,278 G o laghat Dergaon & Jorhat Dergaon & Titabor Territorial Road Division in 18.9100
,,flood,,Temporary estoration of flood damaged at T06 to
,,,Jorhat,"Jorhat,"
,,,Jorhat,"279 Go lag h at Dergaon & under Jorhat, Dergaon and Titabor Territorial Road 24.7700"
,,,Golaghat,Golaghat &
,,,Golaghat,Go laghat Kumtai TR for the year 2021.-22 in Golaghat & Khumtai 200.0000
,,,Golaghat,Territorial Rioad Dlvision lL=247.00 m) (Golaghat
,,flood,,Restoration with Protection work of flood damaged
,,,Golaghat,Division. for the year 202L-22 in PWD Golaghat & Khumtai
,,,Golaghat,Territorial Road Division (L=30.00 RM)Golaghat LAC
,,flood,,Restorations with Protection work of flood damaged
,,,Golaghat,Golaghat & Khumtai Territorial Road Division (From
,,,Golaghat,"Ch. 0.00 m to Ch.50.00m) (L=50.00Rm), Golaghat"
,,flood,,Repairing of flood damaged of Kalyanpur to
,,,Golaghat,283 Golaghat Kumtai TR & 2.0000
,,,Golaghat,Golaghat Khumtai Territorial Road Division
,,,Golaghat,(L=0.800 km). (Golaghat LAC)
,,,Jorhat,"Jorhat, Dergaon km of Dhodor Ali to No ll Grant road under Titabor"
,,,Jorhat,284 Jorhat & Titabar T.R. LAC under SDRF for 2021-22 (Providing Palisading 2.1000
,,,Jorhat,"Division and sand filled bags) under Jorhat, Dergaon &"
,,flood,,Temporary Restoration of flood damaged in
,,,Jorhat,"Jorhat, Dergaon"
,,,Jorhat,28s Jorhat Titaba T.R. 4.9000
,,,Jorhat,"Jorhat, Titabor LAC"
,,flood,,Restoration of flood damaged Malow Bandh road
,,,Jorhat,"Jorhat, Dergaon"
,,,Jorhat,Jorhat Dergaon & Titabor Territorial Road Division
,,flood,,Restoration of flood damaged Nimati road
,,,Jorhat,"Jorhat, Dergaon"
,,,Jorhat,"Jorhat, Dergaon & Titabor Territorial Road Division"
,,,Jorhat,"Jorhat, Dergaon"
,,,Jorhat,"ICBP for the year 2021-22 (SDRF) under Jorhat,"
,,,Jorhat,288 I o rhat & Titabar T.R. Dergaon & Titabor Territorial Road Division in Jorhat 11.9400
,,,Jorhat,"Jorhat, Dergaon"
,,,Jorhat,Jorhat LAC
,,,Jorhat,"Jorhat, Dergaon Pipe Culvert along and cross A.T. road at Chengeli"
,,,Jorhat,290 Jorhat & Titabar T.R. Gaon for mitigation of artificial water loggin8 under 8.ss00
,,,Jorhat,Jorhat LAC
,,,Jorhat,"Jorhat, Dergaon"
,,,Jorhat,"297 lorhat & Tita bar T.R. under SDRF under Jorhat, Dergaon & Titabor 10.0000"
,,,Karimganj,Karimganj m to 990.00 m (L=80.00 m) under SDRF for the year
,,,Karimganj,292 Karimganj Karimganj
,,flood,,Temporary Restoration of flood damaged roa
,,,Kokrajhar,Kokrajhar R.R Nayekgaon Anuiuli Road Culvert approach damaged 4.5000
,,flood,,Temporary Restoration of flood damag ed of
,,,Kokrajhar,Kokrajhar R.R Nayekgaon Chakrasila Road Culvert approach 6.0000
,,,Kokrajhar,?94 Kokrajhar D ivision damaged near Chakrasila village under SDRF for the
,,flood,,Temporary Restoration of flood damaged road of
,,flood,,Temporary Restoration of flood damaged road of
,,,Kokrajhar,Kokrajhar R.R. Kokrajhar Bahalpur Road under SDRF for the year 3.2 500
,,,Kokrajhar,296 Kokrajhar Division 202:-22 .(Culvert approach damaged near Silian
,,flood,,Temporary Restoration of flood damaged of
,,,Kokrajhar,Kokrajhar R.R Hatimatha PWD Road to Habrubari village link Road 5.0000
,,flood,,Temporary Restoration of flood damaged of
,,,Kokrajhar,Kokrajhar R.R. Choraikhola Basugaon (Kukurmari) Bridge No. 2/1)
,,flood,,Temporary Restoration of flood damaged of Dhirbil
,,,Kokrajhar,299 Kokrajhar Kokrajhar R.R Nayekgaon Chakrasila Road under SDRF for the year 3.0000
,,flood,,Temporary Restoration of flood damaged of
,,,Kokrajhar,300 Ko krajha r Kokrajhar R.R Nayekgaon Chakrasila Road under SDRF for the year 3.5000
,,flood,,Restoration of flood damaged road from Simbargaon
,,,Kokrajhar,"301 Kokrajha r Division yeat 2O?L-22 of Kokrajhar District, Assam (LAC-3oth"
,,flood,,Temporary Restoration of flood damaged of
,,,Kokrajhar,302 Kokrajha r Kokrajhar R.R Nayekgaon Chakrasila Road under SDRF for the year 3.5000
,,flood,,Temporary Restoration of flood damaged of
,,,Kokrajhar,303 Kokrajhar Kokrajhar R.R Jhornagara Salbari to Salkocha Road under SDRF for 3.0000
,,flood,,Restoration of flood damaged road from Mothambil
,,,Kokrajhar,304 Kokrajhar Kokrajhar R.R. 90.00m to Ch. 250.00m including resurfacing from 4s.0000
,,flood,,Restoration of flood damaged road from Kusumbil to
,,,Kokrajhar,Kokrajhar R.R.
,,flood,,lmmediate Restoration of flood damaged road from
,,,Kokrajhar,Kokrajhar R.R.
,,flood,,Restoration of flood damaged road from Kachugaon
,,,Kokrajhar,307 Kokrajhar Kokrajhar R.R. the year 2021-?2 lProviding Earth work and GSB 40.5000
,,flood,,Restoration of flood damaged road from Gurufella
,,,Kokrajhar,308 Kokrajha r Kokrajhar R.R 2027-22 lProviding Earth work and GSB Works from 49.9500
,,flood,,Restoration of flood damaged road from Jambuguri
,,flood,,Restoration of flood damaged road from Mothambil
,,,Kokrajhar,310 Kokra.iha r Kokrajhar R.R. yeat 202!-22 (Providing Earth work and GSB works 48.5940
,,flood,,Restoration of flood damaged road from Balagaon
,,,Kokrajhar,311 Kokrajhar Kokrajhar R.R. the year 2021-22 (Providing Earth work and GSB 49.2060
,,flood,,Restoration of flood damaged road from Kachugaon
,,flood,,Restoration of flood damaged road from Kasumbil to
,,,Kokrajhar,Kokrajhar Kokrajhar R.R. 22 (Providing Earth work and GSB Works from ch. 4a.2130
,,flood,,Restoration of flood damaged road from lndo-
,,,Kokrajhar,314 Kokrajhar K Di o v k is r i a on jhar R.R f W or o t r h k e s y f e r a o r m 20 C 2! h -2 . 2 0 l . P 0 r 0 o m vid i t n o g E 3 a 0 rt 0 h . 0 w 0 o m rk i a n n cl d u d G i S n B g 50.0000
,,flood,,Restoration of flood damaged road from lndo-
,,,Kokrajhar,315 Kokrajha r Kokrajhar R.R f y r e o ar m 20 ? C !- h 22 .- 0 (P 0 r . o 0 v 0 id m in g t o ea rth 1 w 1 o 5 r 0 k . 0 an 0 d m G S in B c l w u o d r in k g s 49.5000
,,flood,,lmmediate Restoration of flood damaged road from
,,,Kokrajhar,316 Kokrajha r Kokrajhar R.R. under SDRF (FDR) for the year 2021-22 (Providing 48.5020
,,flood,,lmmediate Restoration of flood damaged road from
,,flood,,lmmediate Restoration of flood damaged road on
,,,Kokrajhar,Kokrajhar R.R
,,,Kokrajhar,318 Kokrajhar (Providing Earth work and GSB works from Ch.0.00m 49.9630
,,flood,,Restoration of flood damaged road on Mukuldanga
,,erosion,Kokrajhar,319 Kokrajha r Kokrajhar R. R. the year 2021-22 (Providing earth work in erosion 46.0140
,,flood,,Restoration of flood damaged road on Mukuldanga
,,,Kokrajhar,320 Kokrajha r Kokrajhar R.R the year 2021.-22 (Providing metalling & black 13.6000
,,erosion,,topping in erosion and washout road formation from
,,flood,,Restoration of flood damaged road on Shoulmari
,,flood,,Restoration of flood damaged road on Shoulmari
,,,Kokrajhar,Kokrajhar R.R for the year 2021-22 (Construction of RCC Box cell
,,,Kokrajhar,322 Kokrajhar 48.7000
,,flood,,Restoration of flood damaged road on Gossaigaon
,,flood,,Restoration of flood damaged road on Gossaigaon
,,,Kokrajhar,Kokrajhar R.R
,,,Kokrajhar,324 Kokrajhar for the year 2O2L-22 (Providing earth work and GSB 39.7600
,,flood,,Restoration of flood damaged road on Mukuldanga
,,,Kokrajhar,Kokrajhar R.R.
,,flood,,Temporary Restoration of flood damaged
,,flood,,Restoration of flood damaged road on Angthihara to
,,,Kokrajhar,Kokrajhar R.R. Teteliguri road under SDRF (FDR) for the year 2021-
,,flood,,Restoration of flood damaged road on Dingaon to
,,,Kokrajhar,Kokrajhar R.R.
,,,Kokrajhar,328 Kokrajhar year 2O2l-22 (Providing earth work and GSB works 42.1750
,,flood,,Restoration of flood damaged road on Hatachara to
,,,Kokrajhar,Kokrajhar R.R.
,,flood,,Restoration of flood damaged road on Mohish Batan
,,,Kokrajhar,"Kokrajhar R. R. the year 2021,-22 (Ptoviding earth work and GSB"
,,flood,,Restoration of flood damaged road on Banugaon
,,,Kokrajhar,Kokrajhar R.R village road under SDRF (FDR) for the yeat 2O2L-22
,,flood,,Restoration of flood damaged road on Banugaon
,,,Kokrajhar,Kokrajhar R.R. village road under SDRF (FDR) for the year 2021-
,,flood,,Restoration of flood damaged road from Ramfalbil
,,,Kokrajhar,Kokrajhar R.R
,,,Kokrajhar,"22 of Kokrajhar district, Assam (LAC- 30th Kokrajhar"
,,flood,,Restoration of flood damaged road on Dotma to
,,,Kokrajhar,334 Kokrajha r Kokrajhar R. R. approach eroded) at Br. No. 5/3 under SDRF (FDR) 15.4400
,,flood,,Restoration of flood damaged road on Bhuban Nagar
,,,Kokrajhar,335 Kokrajhar Kokrajhar R.R. yeat 2OZ\-22 (Providing earth work and GSB works 67 .6680
,,flood,,lmmediate restoration of flood damaged road from
,,,Kokrajhar,336 Kokrajha r Kokrajhar R.R. Shyamchara nerkuti to Debottarkhopati road under 11.9s00
,,flood,,Temporary Restoration of flood damaged of Tipkai
,,,Kokrajhar,337 Kokrajhar Kokrajhar R.R Gossaigaon Road under SDRF for the year 2021-22 8.2800
,,flood,,Temporary restoration of flood damage by provi d ing
,,,Lakhimpur,"338 Lakhimpur Dhakuakhana bamboo foot bridge at ch.200.00m, e/w, boulder 48.2700"
,,flood,,RESTORATION OF FLOOD DAMAGES BY PROVIDING
,,,Lakhimpur,339 Lakhimpur TRD KONWARBARI ROAD UNDER SDRF FOR THE YEAR
,,flood,,Restoration of flood damages by providing bamboo
,,flood,,"Restoration of flood damages by providing e/w, gsb,"
,,,Lakhimpur,"341, Lakhimpur Dha kua kha na apron of bridge aPProaches at ch.6300.00m on 47.5600"
,,flood,,Temporary restoration of flood damages by
,,,Lakhimpur,342 Lakhimpur TRD Bagum to Kaligaon road under SDRF for the year
,,flood,,Temporary restoration of flood damages by
,,,Lakhimpur,343 Lakhimpur TRD ch.1700.00m on Singimari bridge to Jengraimukh
,,flood,,Temporary restoration of flood damages by
,,,Lakhimpur,344 Lakhimpur TRD Kekuri Madhupur to Selajan Kachari road under 77 .7000
,,,Nagaon,"346 Nagaon Samaguri TRD 22 under PWRD, Kaliabor & Samaguri Territorial"
,,,Nagaon,347 Nagaon Dhing & Raha erroded portion by river Kapili under SDRF for the 499.9700
,,,Nagaon,348 Nagaon Dhing & Raha 20.0000
,,,Nagaon,350 Nagaon Dhing & Raha providing boulder protection along erroded portion 199.9400
,,,Nagaon,Nagaon Dhing & Raha 2nd Km by providing boulder protection along 101.0000
,,,Nagaon,3s2 Nagaon Dhing & Raha under SDRF for the year 202L-22 8.0000
,,,Nagaon,353 Nagaon Dhing & Raha Culvert) under SDRF for the year 2021-22 15.0000
,,flood,South Salmara,South Salmara Temporary Restoration of flood damged road from
,,flood,South Salmara,South Salmara Temporary Restoration of flood damaged road from
,,flood,South Salmara,South Salmara Temporary Restoration of flood damaged road from
,,flood,South Salmara,South Salmara Temporary Restoration of flood damaged road from
,,,Sivasagar,3s8 Sivasagar 47.0500
,,flood,,Restn. of flood protect work for culvert cum sluice
,,,Sivasagar,359 Sivasagar & LAC of Sivasagar District under Nazira & Amguri 5.7 679
,,flood,,Restoration of flood damaged stretches of Ajanpeer
,,,Sivasagar,360 Sivasagar 8.1630
,,,Sivasagar,Amguri T.R. D Territorial Road Division in Amguri LAC of Sivasagar
,,,Sonitpur,361 Sonitpur Rangapara 10.2540
,,,Sonitpur,362 Sonitpur & Ra ngapara Road under SDRF for the year 2027-22 under 31.5440
,,,Sonitpur,363 Sonitpur Ranga pa ra
,,,Sonitpur,365 Sonitpur Tezpur Sootea (Ch. 1350.00m to Ch. 1470.00m) under SDRF for the 2.9700
,,,Sonitpur,366 Sonitpur & Rangapara & 15th -15th KM (40.00KM) under SDRF for the year
,,,Sonitpur,367 Sonitpur & Ranga pa ra under SDRF for the year 202L-22 undet Sootea LAC
,,,Sonitpur,369 Sonitpur & Rangapara for the year 2027-22 ufid.J Sootea LAc under SDRF
,,flood,,Protection work of Flood damaged on both
,,,Udalguri,370 U da lgu ri Division Road under SDRF in PWD Udalguri (R&B) for the year
,,,Udalguri,Udalguri (R &
,,,Udalguri,377 Udalguri No 2711 under SDRF for the year 2021-22 3.3 200
,,,Udalguri,Udalguri (R & Udalguri (R&B) Division under SDRF for 2021-22 (
,,,Udalguri,Udalguri (R &
,,,Udalguri,373 Udalguri 9th km under SDRF for the year 2021-22 14.0800
,,,Udalguri,PWD Udalguri (R&B) Division under SDRF lor 2021-
,,,Udalguri,374 Udalguri Uda lguri (R & 22 ( Providing Bamboo Palasiding and Providing 7 .2320
,,,Udalguri,Udalguri (R & Restoration of Mongaldai to Bhutiachang Road
,,,Udalguri,375 Udalguri 19.5200
,,,Udalguri,Udalguri (R &
,,,Udalguri,Udalguri (R & Restoration work at No.1 Khamtobari Road under
,,,Udalguri,377 Udalguri 17.5800
,,,Udalguri,378 Udalguri 26.9200
,,,Udalguri,Udalguri (R &
,,,Udalguri,379 Uda lgu ri Udalguri (R & B) Division under SDRF for 2027-22 ( 3.1610
,,flood,,Nalba ri TR Restoration of flood damaged to khatabatahghila
,,flood,Nalbari,Nalba ri TR Restoration of flood damaged to Nalbari Alt. road
,,,Nalbari,382 Nalbari 10.1000
,,flood,Nalbari,Nalbari TR Restoration of flood damaged to Sarathi Hospital
,,,Nalbari,383 Nalbari 8.0600
,,flood,,Na lbari TR Restoration of flood damaged to Ratanpur Kajipara
,,,Nalbari,384 Nalbari 19.4500
,,flood,,Na lba ri TR Restoration of flood damaged to Banekuchi
,,,Nalbari,385 Nalbari 3.1300
,,,Barpeta,386 Barpeta tacharkuchi & 15.0000
,,,Barpeta,387 Barpeta tacharkuchi & 7.0000
,,,Barpeta,"388 Barpeta tacharkuchi & single bamboo palasiding, Dumping of sand filled 7.5000"
,,,Barpeta,389 Barpeta tacharkuchi & 25.0000
,,,Barpeta,390 Barpeta tacharkuchi & s.0000
,,,Barpeta,391 Barpeta tacharkuchi & single bamboo palasiding & Dumping of sand filled 4.0000
,,,Barpeta,392 Barpeta tacharkuchi & along the Bank of River Pahumara) under SDRF for
,,,Barpeta,"394 Barpeta tacharkuchi & bamboo palasiding , A-type bamboo Spur and 12.0000"
,,flood,Nagaon,Re-Construction of flood damaged to Nagaon
,,,Barpeta,395 Barpeta Baghbor (RR) from Ch. O.O0 m to 2750.00 m under SDRF for 35.0000
,,,Barpeta,Chen8a TRD the yeat 2021-22 in barpeta district ( 47 No. Chenga
,,flood,,Restoration of flood damaged to Ganakkuchi
,,,Barpeta,"Ba rpeta, Handloom to Barpeta Polytechnic Road (Part-l)"
,,,Barpeta,"396 Barpeta Baghbor under SDRF for the year 2O2L-22 of Barpeta district, 2.519 s"
,,,Barpeta,barpeta LAC
,,flood,,Restoration of flood damaged to Ganakkuchi
,,,Barpeta,"Barpeta, Handloom to Barpeta Polytechnic Road (Part-ll)"
,,,Barpeta,"397 Barpeta Baghbor under SDRF for the yeat zO21-22 of Barpeta district,"
,,,Barpeta,barpeta LAc
,,flood,Barpeta,"Barpeta, Restoration of flood damaged to Approach RCC Br."
,,,Barpeta,398 Barpeta Bagh bo r No. 3/1 of Kahibari Dongra Palhaji Road under SDRF 0.4100
,,,Barpeta,"Chenga TRD for the year 2021-22 of Barpeta district, barpeta LAC"
,,flood,,Restoration of flood damaged to Patbaushi
,,,Barpeta,"Barpeta,"
,,,Barpeta,399 Barpeta Baghbor Nangalkur Road under SDRF for the Year 2027-72 of 3.8900
,,,Barpeta,"Chenga TRD Barpeta district, barpeta LAC"
,,flood,Barpeta,"Barpeta, Restoration of flood damaged to Khandakarpara"
,,,Barpeta,400 Barpeta Baghbor Dattakuchi Road (RR) under SDRF for the year 2021- 1.6800
,,,Barpeta,"Barpeta, Restoration of NH-31 to Kadamguri via ltarvata"
,,,Barpeta,407 Barpeta Baghbor under SDRF for th e year 2OZL-22 6.s100
,,,Barpeta,"Barpeta, Restoration of approaches of RCC Br. No. 4/1 on"
,,,Barpeta,402 Barpeta Baghbor Howly Joypur Road under SDRF for the year 2O21- 1.0800
,,,Barpeta,"Barpeta, Restoration of Howly Joypur Road under SDRF for"
,,,Barpeta,403 Barpeta Baghbor lhe year 2021-22 0.4200
,,,Barpeta,"Barpeta, Restoration of Barpeta Howly road toMedical college"
,,,Barpeta,404 Barpeta Baghbor road under SDRF for the year 2021-22 4.7000
,,,Barpeta,"Barpeta, Restoration of Puthimari bazar road to Palahartol"
,,,Barpeta,405 Barpeta Baghbor road under SDRF for the year 2021-22 1.8600
,,,Barpeta,"Barpeta, Restoration of Jagadish Majumder road r under"
,,,Barpeta,406 Barpeta Baghbor SDRF for the year 2021-22 5.7400
,,flood,Nagaon,Restoration of flood damaged to Nagaon Sikarvitha
,,,Barpeta,"Barpeta, road to Kharuapara via Radhakuchi Road from Ch."
,,,Barpeta,401 Barpeta Baghbor 0.00 m to 2750.00 (length=2.75 km) under SDRF for 4.7000
,,,Barpeta,Chenga TRD lhe year 2O2L-22 ofdlstrict Barpeta (47 No. ChenBa
,,,Barpeta,"Barpeta,"
,,,Barpeta,"408 Barpeta bagh ba r & year 202!-22 under Barpeta, baghbar & Chenga 15.0000"
,,flood,Barpeta,"Barpeta, Re-Construction of flood damaged to Khongra"
,,,Barpeta,409 Barpeta baghbar & Rowmari Pathar Road to Chenimari Road under 10.0000
,,flood,,Restoration of flood damages to Milijuli Bazar to
,,,Barpeta,"Barpeta,"
,,,Barpeta,"410 Barpeta Bagh bo r (Providing sand filled cement pitching, bamboo 2.2500"
,,flood,,Restooration of flood damages to 1254 no Paharpur
,,,Barpeta,"Barpeta,"
,,,Barpeta,"477 Barpeta Bagh bo r (Providing sand filled cement pitching, bamboo 4.5000"
,,flood,,Re-Construction of flood damages to Pachim
,,,Barpeta,"Barpeta, chaysimana Madrassa to Showkharjhar Road under"
,,,Barpeta,472 Barpeta Baghbo r SDRF for the year 2027-22 Pkg no As-01-358 150.0000
,,flood,,Reconstruction of flood damages to Majorchar ldgah
,,,Barpeta,"Barpeta, (Construction of SPT Br. No. 2/1 including"
,,,Barpeta,413 Barpeta Baghbor 85.0000
,,flood,,Re-Construction of flood damages to Kalairdia to
,,,Barpeta,"Barpeta, Sukhowarjhar Anchalik Bazar road (Construction of"
,,,Barpeta,"474 Barpeta Baghbor E/W, GSB, WBM-lll, PC&SC & Tr foot bridge 2 nos) in 12 5.0000"
,,flood,,Reconstruction of flood damages of Showkharjhar to
,,,Barpeta,"Barpeta, Bhatnapaity Moishkhuti MEM road under SDRF for"
,,flood,,of flood damages to 2 no
,,,Barpeta,4L6 Barpeta Bagh bor road under SDRF for the year 2021--22l?kg no As-01-
,,flood,,Restoration of flood damaged to Bhella Tatikuchi
,,,Barpeta,"Barpeta, Road, (Pkg. No. AS-01-84) including approaches of"
,,,Barpeta,District barpeta (47 No. Chenga LAC)
,,,Barpeta,"Barpeta, 2021,-22 under Barpeta, Baghbar & Chenga"
,,,Barpeta,418 Barpeta baghbar & Territorial Road Division (Providing Bamboo 5.0000
,,flood,,Restoration of flood damaged to Sonahara to
,,,Barpeta,"Barpeta,"
,,,Barpeta,"419 Ba rpeta bagh ba r & Barpeta Doulasal Road (Bamboo Palasiding, sand 5.0000"
,,,Barpeta,"Barpeta, SDRF for the yeat 2O2L-22 undere Barpeta, baghbar 4.0000"
,,flood,,Restoration of flood damaged to approaches of RCC
,,,Barpeta,"Barpeta, Br. No. 2/1 of Bhella Radhakuchi Road PMGSY"
,,,Barpeta,Chenga TRD 22 of District Barpeta (47 No Chenga LAC
,,,Barpeta,"Barpeta, Restoration to Debradi Naligaon Road under SDRF"
,,,Barpeta,"baghbar & for the year 2021-22 under Barpeta, baBhbar &"
,,,Barpeta,422 Barpeta Chenga Chenga Territorial Road Division (providing Bamboo 4.0000
,,,Barpeta,"Barpeta, Restoration of Sonkuchi Jogirpam via Donakuchi"
,,,Barpeta,423 Barpeta baghbar & Road under SDRF fot the yeat 202L-72 1.6000
,,flood,Barpeta,"Barpeta, Restoration of flood damaged to Pub keotkuchi shiv"
,,,Barpeta,"424 Barpeta Chenga the yeat 2021-22 of Barpeta District, Barpeta LAC 2.9864"
,,flood,,Restoration of flood damaged to Kalayahati
,,,Barpeta,"Barpeta,"
,,,Barpeta,425 Barpeta Baghbor approach road under SDRF for the year 2021-22 3.6000
,,,Barpeta,"Barpeta, Restoration of Dangarkuchi Kaljhar road under SDRF"
,,,Barpeta,426 Barpeta Bagh bor for the year 2027-22 1.5600
,,flood,Barpeta,"Barpeta, Restoration of flood damaged to Howly Jania Road"
,,,Barpeta,427 Barpeta bagh ba r & (RR) under SDRF fot the Yea( 2021- 22 7.0000
,,,Barpeta,428 Barpeta Sorbhog & under SDRF for the year 2021'-22 tn 40 No Sorbhog 15.0000
,,,Barpeta,Sorbhog & Bridge approach to Barpeta Medical College) at
,,,Barpeta,429 Barpeta 18.6130
,,,Barpeta,of Barpeta District (44 No. Jania LAC)
,,,Barpeta,Sorbhog & Bridge approach to Barpeta Medical College) at
,,,Barpeta,of Barpeta District (44 No. Jania LAC).
,,,Barpeta,Sorbhog & Bridge approach to Barpeta Medical College) at
,,,Barpeta,431 Barpeta 69.3280
,,,Barpeta,of Barpeta District (44 No. Jania LAC).
,,,Barpeta,Sorbhog & SH2 (Manas Bridge approach to Barpeta Medical
,,,Barpeta,432 Barpeta s.2620
,,,Barpeta,yea.202L-22 of District Barpeta (44 No. Jania LAC).
,,,Barpeta,Sorbhog & SH2 (Manas Bridge approach to Barpeta Medical
,,,Barpeta,433 Barpeta 4.1250
,,,Barpeta,year 2021.-22 of District Barpeta (44 No. .lania LAC).
,,,Barpeta,Sorbhog & SH2 (Manas Bridge approach to Barpeta Medical
,,,Barpeta,434 Barpeta 2.?LLO
,,,Barpeta,year ZO27-22 of District Barpeta (44 No. Jania LAC).
,,,Barpeta,Sorbhog & SH2 (Manas Bridge approach to Barpeta Medical
,,,Barpeta,435 Barpeta 9.8860
,,,Barpeta,yeat 2027-22 of District Barpeta (44 No. Jania LAC).
,,,Barpeta,"436 Barpeta 51/1 approach at SH2 under SDRF for the yeat 2027- 1,7.2740"
,,,Barpeta,22 of Barpeta District (44 No. Jania LAC).
,,,Barpeta,Sorbhog & Bridge approach to Barpeta Medical College) at
,,,Barpeta,437 Barpeta 47 .2L30
,,,Barpeta,of District Barpeta (44 No. Jania LAC).
,,,Barpeta,438 Barpeta 41.0160
,,,Barpeta,Jania TRD SDRF for the yea( 2027-22 of District Barpeta (44 No.
,,,Barpeta,439 Barpeta 38.5300
,,,Barpeta,Jania TRD SDRF for the year 2021-22 of District Barpeta (44 No.
,,,Barpeta,440 Barpeta Kharbally Road under sDRF for the year 2021-22 of 11.8300
,,,Barpeta,District Barpeta (44 No. Jania LAC).
,,,Barpeta,447 Barpeta Kalgachia Kararkur Road-under SDRF for the year 12.1030
,,,Barpeta,2021-22 of District Barpeta (44 No. Jania LAC).
,,,Barpeta,442 Barpeta Sorbhog & Madrassa via pub balarpathar under SDRF for the 3 2.5330
,,,Barpeta,".,ania TRD ear 2OZL-22 of District Barpeta (44 No. Jania LAC)"
,,,Barpeta,443 Barpeta Jania TRD PWD lB approach Road Timber Foot br no. 1/1' at
,,,Barpeta,444 Barpeta Sorbhog & Kharbally Road under SDRF for the year 2021-22 of 35.3780
,,,Barpeta,District Barpeta (44 No. Jania LAC).
,,,Barpeta,Sorbhog & 5H2 (Manas Bridge approach to Barpeta Medical 9.9490
,,,Barpeta,ear 2OZ1-22 of District Barpeta (44 No. Jania LAC)
,,,Barpeta,446 Barpeta Sorbhog & under SDRF for the year 2021-22 ln 40 No Sorbhog 12.00000
,,,Barpeta,"448 Barpeta Sorbhog & under SDRF for the year 2021,-22 in 40 No Sorbhog 8.00000"
,,,Barpeta,449 Barpeta Sorbhog & under SDRF for the year 2O2L-22 in 40 No Sorbhog 1s.00000
,,,Barpeta,452 Barpeta Jania TRD gaon Road under SDRF for the year 2021-22 in 40 No
,,,Barpeta,453 Barpeta Sarukhetri TR dumping Geo Textile Bags at 13th Km)
,,,Barpeta,"454 Barpeta (providng single bamboo palasiding, Dumping of 6.0000"
,,,Barpeta,"455 Barpeta (providng single bamboo palasiding, Dumping of 3.0000"
,,,Barpeta,456 Barpeta 3.0000
,,,Barpeta,457 Barpeta 12.0000
,,,Barpeta,458 Barpeta 15.0000
,,,Barpeta,459 Barpeta 4.0000
,,,Barpeta,"450 Barpeta 2027-22 (Providng single bamboo palasiding, 7.0000"
,,,Barpeta,46L Barpeta 5.0000
,,,Barpeta,lmmediate Restoration of Kalitakuchi to Barpeta
,,,Barpeta,462 Barpeta Sarukhetri TR under SDRF for the year 2021-22 (Repairing of RCC 1.5000
,,,Barpeta,"463 Barpeta 22 (Providng single bamboo palasiding, Dumping of 7.0000"
,,,Barpeta,"464 Barpeta Sarukhetri TR single bamboo palasiding, Dumping of sand filled 3.0000"
,,,Barpeta,465 Barpeta 5.0000
,,,Nagaon,"Bhawa nipur,Pa lmmediate Restoration of Nagaon Sarthebari Road"
,,,Barpeta,466 Barpeta 2.0000
,,,Barpeta,"467 Barpeta 2OZL-22 (Providng single bamboo palasiding, 9.0000"
,,,Barpeta,"468 Barpeta Sarukhetri TR palasiding, bamboo single spur, Dumping of sand"
,,,Barpeta,"469 Barpeta sarukhetri TR bamboo palasiding, Dumping of sand filled cement"
,,,Barpeta,470 Barpeta Sarukhetri TR year 7O21-ZZ (Removal of water Hyacinth)
,,,Barpeta,471 Barpeta
,,,Barpeta,472 Barpeta sarukhetri TR 2021-22 (Providng & Dumping of Geo bags at 13th
,,,Barpeta,473 Barpeta Jania T.R. Kalitapara Road under SDRF for the year 2021-22 in 20.0000
,,flood,,Restoration/lmprovement of flood damaged roadat
,,,Chirang,"474 Chirang Chirang (R&B) Ch. 4942.00m, 5080.00m and 5240.00m in Chirang 13.0000"
,,flood,,Temporary restoration of Flood damage Bhutkura
,,,Chirang,Chirang (R&B)
,,flood,,Restoration of flood damaged approach road of
,,,Chirang,"Chirang (R&B) Betni road in Chirang District, BTR, Assam under 15.3100"
,,flood,,Restoration/lmprovement of flood damaged road on
,,,Chirang,"Chirang (R&B) 7935.00m in Chirang District, BTR, Assam under 1.6600"
,,,Chirang,"Chirang (R&B) Khungring PMGSY road to Selekhaguri road, Bridge"
,,,Chirang,478 Chirang Division approach erroded at Ch.825.00m under Khungring
,,,Chirang,VCDC in chirang District for the year 202L-2
,,,Chirang,Chirang (R&B) to Nayapara road Bridge approach washed out at
,,,Chirang,479 Chirang 2.7400
,,,Chirang,Divis io n Ch.1044.00 m under Hatisar VCDC in Chirang District
,,flood,,Repairing/Restoration of flood damaged Culvert and
,,,Chirang,Chirang (R&B) Culvert approach at No. 1 Kahibari (Talirbari) in
,,,Chirang,480 Chirang 4.8600
,,,Chirang,"Division Chirang District, Assam under SDRF for the year"
,,flood,,Restoration/Repairing of flood damaged road
,,,Chirang,"Chirang (R&B) 500.00m, 1600.00m, 2400.00, 3800.00, 5450.00m"
,,,Chirang,Division and 10850.00m in Chirang District under 5.D.R.F. for
,,flood,,"Repairing/Restoration of flood damaged ""Guwabari"
,,,Chirang,"Chirang (R&B) approach in Choto Amguri village"" in Chirang District"
,,flood,,Repairing/Restoration of flood damaged Doholapara
,,,Chirang,to Ranchaidham road in Chirang District under SDRF
,,,Chirang,Chirang (R&B)
,,,Chirang,"483 Chirang for the year 2021,-22. (Constn. of Bamboo Palisading 3.9600"
,,flood,,"Repairing/Restoration of flood damaged ""Bridge"
,,,Chirang,Chirang (R&B) Subhaijhar Model Hospital near Subhaijhar High
,,,Chirang,"Division School"" in Chirang District under SDRF for the year"
,,flood,,Restoration/lm provement of flood damaged road at
,,,Chirang,Alengbari of Chapaguri Amteka road in Chirang
,,,Chirang,Chirang (R&B)
,,flood,,Repairing/Restoration of flood eroded Embankment
,,,Chirang,Chirang (R&B)
,,,Chirang,486 Chirang Amteka road in Chirang District under SDRF for the 6.5 200
,,flood,,Repairing/Restoration of flood eroded Embankment
,,,Chirang,Chirang (R&B)
,,,Chirang,487 Chirang Pub Baldi in Chirang District under SDRF for the year 2.3400
,,,Chirang,Chirang (R&B) eroded at Ch. 9.53m on Kantamori Bhur Kojobari
,,,Chirang,488 Chirang 0.8 300
,,,Chirang,Division road under Khungring VCDC in Chirang District for
,,,Chirang,489 Chira ng Chirang (R&B) approach erroded at Ch.2000m on Bhur Basti 1.3 700
,,,Chirang,D ivis io n Laimati in Chirang District under SDRF for the year
,,flood,,Restoration of flood damaged approach road eroded
,,,Chirang,"Chirang (R&B) Padmapur in Chirang District, BTR, Assam under 4.9400"
,,,Chirang,490 Chirang
,,,Chirang,Chirang (R&B) way on Khaola Bazar to Gwjwnpuri No. 1& 2 road
,,,Chirang,491 Chirang Division under Khungring VCDC in Chirang District for the
,,,Chirang,Chirang (R&B) Kashdoha road at Mahadipara under SDRF for the
,,flood,,Restoration/lmprovement of flood damage d road
,,,Chirang,Chirang (R&B) from Bijni Panbari Road near Bagargaon Bazar in
,,,Chirang,"493 Chira ng Chirang District,Assam under SDRF for the year"
,,flood,,Restoration/lmprovement of flood damaged road
,,,Chirang,from Alukhunda Batabari road in chirang
,,,Chirang,"Chirang (R&B) District,Assam under 5DRF for the year 2021-"
,,,Chirang,Chirang (R&B) village road under SDRF for the year 2021-22
,,flood,,Restoration/lmprovement of flood damaged road
,,,Chirang,Chirang (R&B) from Bijni Panbari road at Pubkhamarpara in Chirang
,,,Chirang,"496 Chirang Division District,Assam under SDRF fot the Year 2O2t-22"
,,flood,,Restoration/lmprovement of flood damaged road
,,,Chirang,"497 Ch ira ng Divisio n Chirang District, Assam under SDRF for the year"
,,flood,,Restoration/lmprovement of flood damaged road
,,,Chirang,Chirang (R&B) from Bijni Panbari road near Saragaon in Chirang
,,flood,,Restoration/lmprovement of flood damaged road
,,,Chirang,Chirans (R&B) from No.1 Bishnupur to Jharbishpani road in Chirang
,,flood,,Restoration/lmprovement of flood damaged road
,,,Chirang,Chirang (R&B) from Kho.jrabguri L P School to No 2 Khoirabguri
,,,Chirang,"500 Chirang Division road in Chirang District,Assam under SDRF for the"
46,,flood,,4. ASDMA to arrange for a separate presentation on the proposed Resilient lvlodel Flood
46,,flood,,village in anticipation of flood. This intervention is necessary to improve the
46,,flood,,"2 Flood Early Warning System 31,00,00"
46,,,"Dhubri, Kamrup","05 DDMA5- Dhubri,KamruP Metro,"
46,,earthquake,,"13 Workshop on Earthquake Risk Mitigation 21,00,000"
46,,flood,,"16 Contingency Fund for the Flood Shelters 15,00,000"
46,,flood,,"5,00,000/- for each Flood Shelters"
46,,flood,,Campaign on Flood Safety
46,,flood,,"20 Resilient Model Flood Relief Camp(2 300,00,000"
46,,lightning,,"25 Lightning Early Warning SYStem s0,00,000"
46,,flood,,"Flood Scenario Generation & Discharge 19,43,500"
46,,fire,,"6 Procurement of 1617 8,08,50,000 Fire & Emergency"
46,,fire,,"Nos. of Fire Proximity Services, Assam"
46,,flood,,1 Flood Reporting and 2700000 UNICEF has
46,,,Kokrajhar,"districts (Kokrajhar, South districts @ Rs."
46,,,Hojai,"Salmara, Da rra n g, Hojai, 35,00,000/- each"
46,,,"Bongaigaon, Biswanath","Bongaigaon, Biswanath, DEOC"
46,,,"Dibrugarh, Tinsukia",Tinsukia & Dibrugarh)
46,,fire,,"4 Shri Mukesh Agarwal, IPS Special DGP-cu m-Director, Fire &"
46,,,Lakhimpur,"19. Shri Ranad har Ranjan Paul Executive Engineer, PWD Lakhimpur Bldg."
46,,flood,,repairing of flood damages
46,,,Barpeta,Barpeta Barpeta 239.13s
46,,,Chirang,2 Chirang Chirang village Manikpur U/S areas 775.45
46,,flood,,Garumarachar from flood
46,,,Kokrajhar,3 Kokrajhar Kokrajhar 176.99
46,,flood,,restoration flood
46,,,Kokrajhar,4 Kokrajhar Kokrajhar Soraigaon on its R/B of river 62.50
46,,,Kokrajhar,5 Kokrajhar Kokrajhar No.2 Mozabari village of
46,,flood,Kokrajhar,6 Kokrajhar Kokrajhar Chekadani from flood 180.00
46,,flood,,Banglajhora from flood
46,,,Kokrajhar,7 Kokrajhar Kokrajhar
46,,,Nagaon,Nagaon Nagaon 433.39 submission of
46,,,Nagaon,Nagaon.
46,,erosion,Kokrajhar,9 Kokrajhar Kokrajhar erosion of river Sonkosh on submission of
46,,,Kokrajhar,Kokrajhar.
46,,erosion,Kokrajhar,10 Kokrajhar Gossaigaon erosion of river Sonkosh on submission of
46,,,Kokrajhar,Kokrajhar.
,,flood,,provided through Indian Airforce during flood season 2022-23
,,"landslide, flood",Jorhat,airlifted from Guwahati and Jorhat to the Flood and Landslide affected districts-
,,,"Dima Hasao, Cachar",Cachar and Dima Hasao since May 2022.
,,,Darrang,roads executed during 2020-21 in respect of Darrang district
,,,Bongaigaon,Resource Department in respect of Bongaigaon district under SDRF executed
,,flood,,"""Immediate measures for re-coupment and strengthening of flood damage"
,,drought,,"9,20,66,536/- as assistance under SDRF for 25,770 drought affected families"
,,,Golaghat,of Golaghat district for the year 2021
,,drought,Golaghat,"Deputy Commissioner, Golaghat as assistance under SDRF for 25,770 drought"
,,,Golaghat,affected families of Golaghat district for the year 2021.
,,flood,Lakhimpur,multipurpose flood shelter at Bihpuria of Lakhimpur district
,,flood,,"3,10,86,000/- for construction of the multipurpose flood shelter at Bihpuria of"
,,,Lakhimpur,Lakhimpur district.
,,fire,,"sets with communication system by Fire & Emergency Services, Assam"
,,fire,,Resolution: SEC accorded in principle approval to the proposal of Fire &
,,flood,,perennially flood prone revenue circles
,,fire,,"SP cum Fire Service Adviser, Fire & Emergency"
47,,earthquake,,local seismic strong motion network for Real time Earthquake damage
47,,flood,,1L7.43 crore which were executed during the flood season 2022 invoking the section
47,,,Dhemaji,"Dhemaji water resource division amounting the Rs. 49,97,O0Ol-."
47,,,Morigaon,"Irrigation, Morigaon"
,,flood,,Immediate restoration of flood damaged
,,,Baksa,Baksa Dongpar road under SDRF for the year 0.5000
,,,Baksa,5 Baksa to Sorbhog Road under SDRF for the year 0.5000
,,,Baksa,6 Baksa llt 0.9150
,,,Baksa,financial year 2022-23 in Baksa District.
,,,Baksa,7 Baksa Ashram to Dalbari road under SDRF for 1.0000
,,,Baksa,"B Baksa foot bridge, Pallasiding, and sand filled 0.9900"
,,,Baksa,financial year 2022-23 of Baksa District.
,,flood,,Temporary Restoration of Flood
,,,Barpeta,9 Barpeta 2.5000
,,,Barpeta,of District Barpeta (44 No. Jania LAC)
,,flood,,Temporary Restoration of Flood
,,,Barpeta,10 Barpeta 3.0000
,,,Barpeta,2022-23 of District Barpeta (44 No. Jania
,,flood,,Temporary Restoration of Flood
,,,Barpeta,11 Barpeta 3.0000
,,,Barpeta,of District Barpeta (44 No. Jania LAC)
,,flood,,Immediate restoration of flood damaged
,,,Bongaigaon,"1,2 Bongaigaon road at 1st and 2nd km under SDRF for 3.0000"
,,flood,,Immediate restoration of flood damaged
,,,Bongaigaon,13 Bongaigaon 5.0000
,,flood,,Immediate restoration of flood damaged
,,,Bongaigaon,14 Bongaigaon 6.0000
,,,Dhubri,15 Dhubri Gauripur Bashbari Road under SDRF for 1.8900
,,,Dhubri,16 Dhubri Kachuarkhash PI-II Road under SDRF for 3.0000
,,,Dhubri,"1,7 Dhubri SDRF for the year 2022-2023 (From Ch. 5.0000"
,,,Dhubri,1B Dhubri for the year 2022-2023 (From Ch. 0.00 m 4.5000
,,,Dhubri,19 Dhubri 3.5000
,,,Dhubri,20 Dhubri via Tistarpar Road under SDRF for the 8.0000
,,,Dhubri,21 Dhubri 6.5000
,,,Dhubri,22 Dhubri to Kachuarkhash Pt-II village under SDRF 4.0000
,,,Dhubri,23 Dhubri 3.0000
,,,Dhubri,24 Dhubri 3.0000
,,,Dhubri,Temporary Restoration of Dhubri
,,,Dhubri,25 Dhubri 2.0000
,,,Dhubri,26 Dhubri 3.5000
,,,Dhubri,27 Dhubri 4.0000
,,,Dhubri,Temporary Restoration of Dhubri
,,,Dhubri,2B Dhubri 5.7000
,,,Dhubri,29 Dhubri 5.0000
,,,Dhubri,30 Dhubri 3.0000
,,,Dhubri,31 Dhubri School Road under SDRF for the year 3.5000
,,,Dhubri,32 Dhubri 2.5000
,,flood,,Temporary Restoration of flood damaged
,,,Dhubri,33 Dhubri D.K. Road Madhyapetla Road under 4.8000
,,flood,,Temporary Restoration of Flood
,,,Dhubri,34 Dhubri 5.5000
,,,Kamrup,2tr Kamrup Road at Simalua under SDRF for the year 1.0000
,,,Kamrup,36 Kamrup under SDRF for the year 2022-23. 0.3800
,,,Lakhimpur,)1 Lakhimpur Suti Road at 11th and 13th K.M. under 3.9982
,,,Lakhimpur,JO Lakhimpur 11.2100
,,,Lakhimpur,39 Lakhimpur 5.0000
,,flood,,Temporary restoration of flood damages
,,,Lakhimpur,40 Lakhimpur earth filled cement bags on NH-15 to 8.0000
,,,Lakhimpur,4l Lakhimpur (Naya Bazar) Road under SDRF for the 7.9576
,,,Lakhimpur,42 Lakhimpur Tulshljan Road under SDRF for the ear 15.0000
,,flood,,Restoration of flood damages by
,,,Lakhimpur,43 Lakhimpur 5.0000
,,,Lakhimpur,44 Lakhimpur 2.999s
,,flood,,Tenporary rerstoration of flood damage
,,,Nalbari,45 Nalbari of Belsor Nalicha road under SDRF for 0.7050
,,flood,,Temporary restoration of flood damage of
,,,Nalbari,46 Nalbari Chamata Barnibari road under SDRF for 0.5890
,,,Nalbari,47 Nalbari Sorabari road under SDRF for the year 2.4000
,,flood,,Temporary Restoration of flood damaged
49,,,Darrang,districts except from Darrang district.
49,,flood,,49. 9: Afproval for SDRF proposal of Education Department for flood
49,,flood,,Resolution: SEC approved the list of 48 lower primary schools for flood
49,,,Kamrup,"the year 2022 -23, Boko LAC, Kamrup"
49,,flood,,Mitigatior of Flash Flood to Reducing
49,,flood,,Mitigation of Flash Flood by reducing
49,,fire,,"S N Singh, IPS Director, Fire & Emergency Services,"
,,fire,,"1. ASDMA to consult with Assam Police Head Quarter, Fire & Emergency"
,,flood,,6. SEC resolved that all works related to flood preparedness and mitigation as
,,,"Hojai, Biswanath","for Biswanath, Hojai, Tamulpur, Bajali and 01 standby handset"
,,,Jorhat,4. CSIR-NEIST Jorhat 1 4000.00
,,,Sivasagar,Canal around Sivsagar Borpukhuri under SDMF” in Sivasagar district.
,,,Nalbari,Assam” to be implemented by RIKA and DDMA Nalbari in Nalbari district
,,,Majuli,cultural continuity in Assam (Component 1: Mask and pottery making in Majuli
,,,Majuli,Island)” to be implemented by RIKA in Majuli district.
,,"flood, erosion",,Resolution: The SEC observed that since Flood control and anti-erosion
,,,"Dhemaji, Kokrajhar",repairing of 20 AWCs of Dhemaji and Kokrajhar districts as placed at
,,,Karimganj,50.10: SDRF proposals of PHE Department for Karimganj district for
,,,Majuli,50.11: Apprisal of SEC regarding CSR project of Majuli district
,,,Majuli,Resolution: The SEC took note of the status of the CSR project of Majuli
,,,Darrang,"financial assistance to 3,731 nos. of weavers of Darrang district under SDRF"
,,flood,,2023-24 till 28-02-2024 for GR-Flood
,,flood,,Department to DCs/ SDOs (C) in 2023-24 till 28-02-2024 for GR-Flood
,,covid,,2023-24 till 28-02-2024 for GR-COVID
,,covid,,Department to DCs/ SDOs (C) in 2023-24 till 28-02-2024 for GR-COVID
,,cyclone,,2023-24 till 28-02-2024 for GR-Cyclone
,,cyclone,,Cyclone amounting to Rs. 1569.359 lakhs as placed at Annexure-VII
,,flood,,2023-24 till 28-02-2024 for RG Flood
,,flood,,Flood amounting to Rs. 848.431lakhs as placed at Annexure-VIII
,,cyclone,,till 28-02-2024 for RG Cyclone
,,cyclone,,Cyclone amounting to Rs. 246.741 lakhs as placed at Annexure IX.
,,"fire, storm",,till 28-02-2024 for RG Fire / Storm
,,"fire, storm",,Fire / Storm amounting to Rs. 3716.008 lakhs as placed at Annexure X
,,fire,,"The Special DGP, (Head Quarter) and Director Fire & Emergency Services,"
,,fire,,"Assam proposed that Fire and Emergency Services, Assam will submit a"
51,,,Sivasagar,"around Sivsagar Borpukhuri under SDMF"" in Sivasagar district. SEC also"
51,,,Majuli,cultural continuity in Assam (Component 1: Mask and pottery making in Majuli
51,,,Majuli,"lsland)"" to be implemented by RIKA in Majuli district under SDMF.SEC also"
51,,,Karimganj,the 162 pipecl water supply schemes (PWSS) of Karimganj district are fully
51,,,Dima Hasao,1. Dima Hasao-5
51,,,West Karbi Anglong,2. West Karbi Anglong -4
51,,,Karbi Anglong,3. Karbi Anglong -4
51,,storm,,"HT and LT lines, pole and Transformer damaged in storm amounting"
51,,,Nalbari,"to Rs. L,L8,93,220.1- under Nalbari Electrical Division in Nalbari"
51,,storm,,"restoration of HT and LT lines, pole and Transformer damaged in storm under"
51,,,Nalbari,Nalbari Electrical Division in Nalbari District for the year 2O23-24.
51,,flood,Golaghat,Anganwadi Centres damaged due to flood in Golaghat district for an
51,,flood,,Development Department for temporary repairing of 26 flood damaged AWCs
51,,,Golaghat,"of Golaghat district,"
51,,,"South Salmara, Kamrup",of Kamrup (Metro) and South Salmara against F.Y.2023-24 plan.
51,,,Dhemaji,area under Bahir Silley GP of Dhemaji district
51,,fire,,boats in the work plan of 2024-25 of ASDMA for Fire & Emergency
51,,flood,,"Services, Ass;am to be placed at 10 most flood prone districts amounting"
51,,fire,,"SEC, further, directed ASDMA and Fire & Emergency Services, Assam to take"
51,,fire,,up the matter related to procurement of 1617 Fire Proximity Suits (approved
51,,flood,,51. L6: Approval for continuation of the Flood Early Warning System
51,,flood,,"continuation of Flood Early Warning System (FLEWS) for three years 2024-25,"
51,,flood,,5L. L7: Approval of the proposal for Urban Flood Risk Management
51,,flood,,"Resolution: SEC accorded approval to the proposal ""Urban Flood Risk"
51,,flood,,by flood and other natural calamities through Direct Benefit Transfer
51,,flood,,to families whose livelihood have been seriously affected by flood and other
51,,fire,,"36. Dr. Sadique Ali Ahmed SP, Fire ES, Assam"
51,,,Golaghat,"41. Abhoy Kr. Deka AEE, Golaghat Sarupathar"
51,,flood,, Ensure submission of Daily Flood Report to DEOC before 1200 hours every day
51,,flood,,during flood season.
51,,flood,, Ensure submission of Daily Flood Report to DEOC before 12:00 hours every day
51,,flood,,during flood season.
51,,,Sivasagar,"Resources canal around Sivasagar,"
51,,flood,Golaghat,2 Water Golaghat Golaghat WR Flood mitigation at 1200.000 1188.90 11.10
51,,,Golaghat,3 Soil Golaghat Golaghat Dhansiri river bank Anti 220.000 212.41 7.59
51,,erosion,,Conservation Erosion Project at
51,,,Golaghat,No.1 village in Golaghat
51,,,Golaghat,4 Soil Golaghat Golaghat Gelabill River Bank Anti 220.000 211.33 8.667
51,,erosion,,Conservation Erosion Project at
51,,,Golaghat,5 Soil Golaghat Golaghat Kohiora river bank anti 86.780 82.28 4.5
51,,erosion,,Conservation erosion project near
51,,,Golaghat,6 Soil Golaghat Golaghat Doigurung river Bank 200.000 193.46 6.54
51,,erosion,,Conservation Anti Erosion project at
51,,,Sonitpur,7 Soil Sonitpur Tezpur Gahigaon Water 190.000 173.10 16.90
51,,,Baksa,8 Soil Tamulpur Baksa Mitigation of pluvial 203.720 199.769 3.951
51,,"flood, erosion",,Conservation flood and erosion at
51,,,Dhemaji,9 Soil Dhemaji Dhemaji Re-direction of stream 78.732 38.466 40.266
51,,,Dhemaji,10 Soil Dhemaji Dhemaji Re-direction of stream 227.00 179.30 47.70
51,,,Dhemaji,11 Soil Dhemaji Dhemaji Re-direction of stream 121.00 119.3 1.7
51,,,Majuli,12 RIKA Majuli Heritage Risk 20.7031 0 20.7031
51,,,Majuli,Majuli Island)
51,,erosion,Udalguri,13 Irrigation Udalguri Udalguri- Erosion Protection at 15.00 14.041 0.959
51,,erosion,Udalguri,14 Irrigation Udalguri Udalguri- Erosion Protection at 45.00 41.896 3.104
51,,erosion,Udalguri,15 Irrigation Udalguri Udalguri- Erosion at D/S Guide 74.00 68.82 5.18
51,,erosion,Udalguri,16 Irrigation Udalguri Udalguri- Erosion of left Guide 50.380 46.858 3.522
51,,erosion,Udalguri,17 Irrigation Udalguri Udalguri- Erosion Protection at 64.950 60.496 4.454
51,,,Udalguri,18 Irrigation Udalguri Udalguri- Protection work at 133.920 125.47 8.45
51,,,Udalguri,19 Irrigation Udalguri Udalguri- Improvement of Canal 97.490 91.877 5.613
51,,,Kamrup,20 Irrigation Kamrup Boko Supply and Installation 454.50 453.591 0.909
51,,storm,,1 Immediate restoration of damaged Storm
51,,storm,Nalbari,Nalbari Nalbari Transformer due to Storm on date
51,,,Nalbari,"Nalbari Rev Electrical 21/04/2023, 27/04/2023, 01/ 10,35,450.00"
51,,storm,Nalbari,2 Nalbari Immediate restoration of damaged Storm
51,,storm,Nalbari,Nalbari Div. Transformer due to Storm on date
51,,,Nalbari,"Nalbari Rev 21/04/2023,07/05/2023,04/06/2023 9,26,300.00"
51,,storm,Nalbari,3 Nalbari Immediate restoration of damaged Storm
51,,storm,,Div. Transformer due to Storm on date
51,,,Nalbari,"Nalbari Rev 22/04/2023,29/04/2023, 17,78,850.00"
51,,storm,Nalbari,4 Nalbari Immediate restoration of damaged Storm
51,,storm,Nalbari,Nalbari Div. Transformer due to Storm on date
51,,,Nalbari,Nalbari
51,,storm,Nalbari,5 Nalbari Storm
51,,storm,Nalbari,Nalbari Transformer due to Storm on date
51,,,Nalbari,Nalbari
51,,storm,Nalbari,"6 Paschim Nalbari Immediate restoration of damaged Storm 9, 26,300.00"
51,,,Nalbari,"Nalbari Nalbari Electrical of HT and LT line, pole and"
51,,storm,,Rev. Sub Div-I. Transformer due to Storm on date
51,,storm,Nalbari,"7 Nalbari Immediate restoration of damaged Storm 15,28,100.00"
51,,storm,Nalbari,Nalbari Sub Div-I. Transformer due to Storm on date
51,,,Nalbari,Nalbari
51,,storm,Nalbari,"8 Nalbari Immediate restoration of damaged Storm 17,22,800.00"
51,,storm,,Sub Div-I. Transformer due to Storm on date
51,,,Nalbari,"Nalbari 21/05/2023 , 14/06/2023 under"
51,,storm,Nalbari,"9 Nalbari Immediate restoration of damaged Storm 1,30,980.00"
51,,storm,,Ghograp Sub Div-I. Transformer due to Storm on date
51,,,Nalbari,Nalbari
51,,storm,Nalbari,"10 Nalbari Immediate restoration of damaged Storm 4,90,290.00"
51,,storm,,Sub Div-I. Transformer due to Storm on date
51,,,Nalbari,"Nalbari 22/04/2023, 04/06/2023 under"
51,,,Golaghat,List of proposals from Golaghat district under SDRF for 2022-23 of WCD Department
51,,,Golaghat,1 Golaghat Gomariguri Uday Pur AWC 2023 2.5
51,,,Golaghat,Golaghat 2.5
51,,,Golaghat,Golaghat 2023 2.5
51,,,Golaghat,Golaghat 2023 2.5
51,,,Golaghat,Golaghat Merapani Forest village 2023 2.5
51,,,Golaghat,Golaghat 2023 2.5
51,,,Golaghat,Golaghat 2023 2.5
51,,,Golaghat,Golaghat 2023 2.5
51,,,Golaghat,Golaghat 2023 2.5
51,,,Golaghat,Golaghat 2023 2.5
51,,,Golaghat,Golaghat 2023 2.5
51,,,Golaghat,Golaghat 2023 2.5
51,,,Golaghat,Golaghat 2023 2.5
51,,,Golaghat,Golaghat 2 No. Negheribill 2023 2.5
51,,,Golaghat,Golaghat 2023 2.5
51,,,Golaghat,Golaghat 2023 2.5
51,,,Golaghat,Golaghat 2023 2.5
51,,,Golaghat,Golaghat 2023 2.5
51,,,Golaghat,Golaghat 2023 2.5
51,,,Golaghat,Golaghat 2023 2.5
51,,,Golaghat,Golaghat 2023 2.5
51,,,Golaghat,Golaghat 4 No. Sonapur Ghiladhari 2023 2.5
51,,,Golaghat,Golaghat Saniboria Bazar Chuk 2023 2.5
51,,,Golaghat,Golaghat 2023 2.5
51,,,Golaghat,Golaghat 2023 2.5
51,,,Golaghat,Golaghat Negheribilln Miagaon 2 2023 2.5
51,,flood,,2 Flood Early Warning System ₹ Fully Utilized
51,,,Jorhat,"Association,Assam Jorhat)"
51,,,Kamrup,8 Guwahati Ward Level Emergency Management Exercise in 60 wards @ Rs. ₹ 1 s t P h a s e in DDMA Kamrup M has
51,,earthquake,,11 Workshop on Earthquake Risk Mitigation at State & District Level ₹ F u n d released to 10 nos. of
51,,flood,,14 Contingency Fund for the Flood Shelters for operation and maintenance @ Rs. ₹ Fully Utilized
51,,flood,,"5,00,000/- for each Flood Shelters 1,500,000"
51,,flood,,"Campaign on Flood Safety & Block wise Street play on awareness generation of 25,000,000 floated among the empanelled"
51,,lightning,,21 Lightning Early Warning System ₹ Fully Utilized
51,,flood,,23 Flood Scenario Generation & Discharge based Downstream Impact Study for ₹ Fully Utilized
51,,flood,,26 Resilient Model Flood Relief Camp ₹ S p e cification finalized by the
51,,,Kamrup,"Kamrup Metro) 1,200,000"
51,,,"Dhubri, Goalpara, Dibrugarh, Kamrup, Sonitpur, Tinsukia","viz. Kamrup M, Goalpara, Dhubri, Sonitpur, Tinsukia & Dibrugarh- Proposal"
51,,fire,,"h Training of 1450 Fire Safety Volunteers @ Rs. 2,00,000/- per batch for 29 batches ₹ Fully Utilized"
51,,flood,,o The Man and Wild NGO on community based Disaster (Flood) Risk Reduction in ₹ Fully Utilized
51,,,Kamrup,"Rampur Development Block in Kamrup District 1,092,000"
51,,,Cachar,b Community Facilitation and Resource Centre (CFRC) in Cachar District for 15 CFRCs ₹ Fully Utilized
51,,,Golaghat,"c Additional estimate for construction of DEOC, Golaghat amounting to Rs. ₹ F u l l y U t ilized. Fund released to"
51,,,Golaghat,"8,39,710/- has been prepared as per PWD -SOR covering additional plinth area 839,710 DDMA Golaghat"
51,,fire,,"7 Procurement of 1617 Nos. of Fire Proximity Suit by F & ES, Assam: F & ES, Assam ₹ L e t t e r issued to BSDMA regarding"
51,,fire,,"rate of Rs. 7,82,62,800/- @ Rs. 48,400/- per suit related to procurement of Fire"
51,,fire,,fire proximity suits the matter is
51,,flood,,2 Flood Early Warning System 3100000 Fully Utilized
51,,,Jorhat,"Development Association, Assam Jorhat)"
51,,,"Dhubri, Nalbari, Kamrup","trunk in 05 DDMAs- Dhubri,Kamrup Metro, Nalbari, Sivsagar &"
51,,,Bongaigaon,Bongaigaon)]
51,,,Kamrup,10 Guwahati Ward Level Emergency Management Exercise in 60 9000000 1st Pahse in DDMA Kamrup M has been
51,,earthquake,,13 Workshop on Earthquake Risk Mitigation at State & District Level 2100000 Fund released to 10 nos. of DDMAs
51,,flood,,16 Contingency Fund for the Flood Shelters for operation and 1500000 Fully Utilized
51,,flood,,"maintenance @ Rs. 5,00,000/- for each Flood Shelters"
51,,flood,,"Door to Door Campaign on Flood Safety & Block wise Street play empanelled agencies of ASDMA however, due to"
51,,lightning,,24 Lightning Early Warning System 5000000 Fully Utilized
51,,flood,,26 Flood Scenario Generation & Discharge based Downstream 1943500 Fully Utilized
51,,,Kamrup,Assam (Pilot basis in Kamrup Metro)
51,,,Kamrup,"colleges in 6 different strategic locations viz. Kamrup M,"
51,,,"Dhubri, Goalpara, Dibrugarh, Sonitpur, Tinsukia","Goalpara, Dhubri, Sonitpur, Tinsukia & Dibrugarh- Proposal"
51,,fire,,"h Training of 1450 Fire Safety Volunteers @ Rs. 2,00,000/- per 5800000 Fully Utilized"
51,,flood,,o The Man and Wild NGO on community based Disaster (Flood) 1092000 Fully Utilized
51,,,Kamrup,Risk Reduction in Rampur Development Block in Kamrup District
51,,,Cachar,b Community Facilitation and Resource Centre (CFRC) in Cachar 1207000 Fully Utilized
51,,,Golaghat,"c Additional estimate for construction of DEOC, Golaghat 879670 Fully Utilized. Fund released to DDMA Golaghat"
51,,flood,,"1 Constitution of DDRF in 15 Flood vulnerable districts and training viz, 10300500 Kishore Dutta, Project Officer"
51,,,"Hailakandi, Dima Hasao, Cachar, Karimganj, Karbi Anglong","Cachar, Karimganj, Hailakandi, Dima Hasao, Karbi Anglong, West (Training & Capacity Building)"
51,,,"Darrang, Golaghat, Dibrugarh, Karbi Anglong, Sivasagar, Tinsukia","Karbi Anglong, Darrang, Dibrugarh, Sivasagar, Tinsukia, Golaghat,"
51,,,"Barpeta, Dhubri, Goalpara, Sonitpur","Dhubri, Goalpara, Sonitpur & Barpeta"
51,,earthquake,,"8 Training and Workshop for ''Earthquake Damage & Loss Estimation 3000000 Rajesh Dutta, Engineering"
51,,landslide,,"2 Two Days Regional Workshop on Landslide Risk Mitigation (in 500000 Rajesh Dutta, Engineering"
51,,earthquake,,"4 Workshop on Earthquake Risk Mitigation at District Level in 2000000 Rajesh Dutta, Engineering"
51,,,"Barpeta, Karimganj, Kamrup, Tinsukia","collaboration in 10 Districts (Kamrup, Tinsukia, Barpeta, Karimganj, Consultant, ERM"
51,,,"Darrang, Biswanath, Dima Hasao, Karbi Anglong, Lakhimpur","Dima Hasao, Karbi Anglong (East), Darrang, Lakhimpur, Biswanath,"
51,,,Kokrajhar,Kokrajhar) @ Rs 2.00 Lakhs per district
51,,fire,,5 Fire Suppression Gel (Fire resistance product for forest fire & other 4500000
51,,fire,,9 Electric Vehicle Fire Extinguishing System-02 Nos. 5800000
51,,flood,,"Irrigation Deptt. for flood hazard reduction Manager, DRR"
51,,fire,,H. Procurement of 10 hard body boats for Fire & 40000000
51,,flood,,flood prone districts
51,,flood,,"3 Resilient Model Flood Relief Camp-Already 30000000 Kishore Dutta, Project Officer Approved in 49th SEC"
51,,fire,,"6 Procurement of 1617 Nos. of Fire Proximity 78262800 Dr. Mirza Md. Irshad, Project Approved in 49th SEC"
51,,,"Majuli, Golaghat",the pilot districts of Golaghat and Majuli. Officer (DRR)
51,,,Kamrup,"Construction of DEOC at Kamrup. Total Consultant, ERM"
51,,fire,,for installation-Proposal received from Fire &
51,,fire,,cost)-Proposal received from Fire &
51,,fire,,"locations @ Rs. 10,000/- per location on Fire (Training & Capacity Building) out due to shortage of"
51,,flood,,"1 Flood Scenario Generation & Discharge based 1943500 Nava Deka, Engineering"
51,,flood,,"Downstream Impact Study for Raganadi, Consultant, Flood Mitigation"
51,,flood,,"2 Flood Early Warning System 3750000 Nava Deka, Engineering"
51,,flood,,"Consultant, Flood Mitigation"
51,,,Dibrugarh,related to Dibrugarh Location.
51,,flood,,"1 Flood Reporting and 3600000 Training , Capacity Building &"
51,,,"Jorhat, Sivasagar, Charaideo","(Charaideo, Sivasagar, Jorhat, 35,00,000/- each DEOC as"
51,,,"Dima Hasao, Karbi Anglong","Karbi Anglong, Dima Hasao, approved by SEC in its 44th"
51,,,West Karbi Anglong,"Bajali, West Karbi Anglong, meeting held on 11-01-2022"
51,,,Udalguri,Tamulpur and Udalguri) @ Rs.
51,,flood,,1. Fund amounting to Rs. 13859.5650 Lakh under RG- Flood - released to ASDMA for DBT.
51,,storm,,2. Fund amounting to Rs. 5512.705 Lakh under RG- Storm - released to ASDMA for DBT.
51,,flood,,"8. Fund amounting to Rs. 18186.19870 Lakh under GR- Flood released to all Districts, Sub-"
51,,cyclone,,9. Fund amounting to Rs. 452.75282 Lakh under GR-Cyclone - released to Districts as placed
51,,flood,,Status of GR-Flood Fund released to DCs/ SDOCs in 2024-25
51,,,Charaideo,3 Charaideo 127.00
51,,,Udalguri,6 Udalguri 36.00
51,,,Chirang,7 Chirang 17.00
51,,,Jorhat,8 Jorhat 123.00
51,,,Baksa,9 Baksa 72.00
51,,,Tinsukia,10 Tinsukia 424.00
51,,,Dibrugarh,11 Dibrugarh 250.00
51,,,Sivasagar,12 Sivasagar 159.00
51,,,Hailakandi,13 Hailakandi 230.00
51,,,Hojai,15 Hojai 142.00
51,,,Majuli,16 Majuli 151.64
51,,,Biswanath,17 Biswanath 31.00
51,,,Karimganj,18 Karimganj 878.00
51,,,Sonitpur,19 Sonitpur 121.00
51,,,Golaghat,20 Golaghat 706.00
51,,,Kokrajhar,21 Kokrajhar 48.00
51,,,Dhemaji,22 Dhemaji 182.00
51,,,Lakhimpur,24 Lakhimpur 329.00
51,,,Nagaon,26 Nagaon 471.00
51,,,Bongaigaon,27 Bongaigaon 170.00
51,,,Goalpara,28 Goalpara 265.00
51,,,Nalbari,29 Nalbari 689.00
51,,,Darrang,30 Darrang 681.00
51,,,Kamrup,31 Kamrup 621.00
51,,,Cachar,32 Cachar 1062.00
51,,,Morigaon,33 Morigaon 270.00
51,,,Dhubri,34 Dhubri 747.00
51,,,Barpeta,35 Barpeta 1260.00
51,,cyclone,,Status of GR-Cyclone Fund released to DCs/ SDOCs in 2024-25
51,,,Dhemaji,2 Dhemaji 50.00
51,,,Hailakandi,4 Hailakandi 40.00
51,,,South Salmara,5 South Salmara-Mankachar 50.00
51,,,Sivasagar,8 Sivasagar 30.00
51,,,Charaideo,9 Charaideo 60.305030
51,,,Sonitpur,10 Sonitpur 0.32400
51,,,Baksa,1 BAKSA 0.67
51,,,Barpeta,2 BARPETA 6.00
51,,,Cachar,3 CACHAR 68.67
51,,,Dhubri,4 DHUBRI 0.67
51,,,Dibrugarh,5 DIBRUGARH 9.33
51,,,Dima Hasao,6 DIMA HASAO 7.33
51,,,Goalpara,7 GOALPARA 9.33
51,,,Hailakandi,8 HAILAKANDI 12.00
51,,,Kamrup,9 KAMRUP 24.00
51,,,Karimganj,10 KARIMGANJ 14.00
51,,,Majuli,11 MAJULI 0.67
51,,,Morigaon,12 MORIGAON 13.33
51,,,Nagaon,13 NAGAON 23.33
51,,,Nalbari,14 NALBARI 2.67
51,,,Sivasagar,15 SIVASAGAR 5.33
51,,,Sonitpur,16 SONITPUR 1.33
51,,,Baksa,1 BAKSA 57.5
51,,,Barpeta,2 BARPETA 1013.33
51,,,Biswanath,4 BISWANATH 121.67
51,,,Bongaigaon,5 BONGAIGAON 320.83
51,,,Cachar,6 CACHAR 205.83
51,,,Charaideo,7 CHARAIDEO 0.83
51,,,Darrang,8 DARRANG 256.67
51,,,Dhemaji,9 DHEMAJI 3.33
51,,,Dibrugarh,10 DIBRUGARH 208.33
51,,,Golaghat,11 GOLAGHAT 5.83
51,,,Hailakandi,12 HAILAKANDI 45.83
51,,,Hojai,13 HOJAI 112.50
51,,,Kamrup,14 KAMRUP 205.83
51,,,Kamrup,15 KAMRUP (M) 31.67
51,,,Karbi Anglong,16 KARBI ANGLONG 0.83
51,,,Karimganj,17 KARIMGANJ 293.33
51,,,Kokrajhar,18 KOKRAJHAR 15.00
51,,,Lakhimpur,19 LAKHIMPUR 111.67
51,,,Majuli,20 MAJULI 162.5
51,,,Morigaon,21 MORIGAON 293.17591
51,,,Nagaon,22 NAGAON 856.67
51,,,Nalbari,23 NALBARI 277.5
51,,,Sivasagar,24 SIVASAGAR 73.33
51,,,Sonitpur,25 SONITPUR 45.83
51,,,South Salmara,26 SOUTH SALMARA 23.33
51,,,Tinsukia,27 TINSUKIA 25.83
51,,,Udalguri,28 UDALGURI 9.17
51,,,West Karbi Anglong,29 WEST KARBI ANGLONG 11.67
51,,,Baksa,1 BAKSA 0.67
51,,,Barpeta,2 BARPETA 0.67
51,,,Biswanath,4 BISWANATH 0.67
51,,,Cachar,5 CACHAR 2.67
51,,,Dima Hasao,6 DIMA HASAO 3.33
51,,,Hojai,7 HOJAI 10.00
51,,,Kamrup,8 KAMRUP 33.33
51,,,Karimganj,9 KARIMGANJ 0.67
51,,,Morigaon,10 MORIGAON 2.67
51,,,Nagaon,11 NAGAON 6.67
51,,,Nalbari,12 NALBARI 1.33
51,,,Baksa,1 BAKSA 10.00
51,,,Barpeta,2 BARPETA 807.96
51,,,Biswanath,4 BISWANATH 10.00
51,,,Bongaigaon,5 BONGAIGAON 12.00
51,,,Cachar,6 CACHAR 721.29
51,,,Charaideo,7 CHARAIDEO 2.67
51,,,Chirang,8 CHIRANG 1.33
51,,,Darrang,9 DARRANG 170.00
51,,,Dhemaji,10 DHEMAJI 2.00
51,,,Dhubri,11 DHUBRI 2.00
51,,,Dibrugarh,12 DIBRUGARH 76.00
51,,,Dima Hasao,13 DIMA HASAO 54.67
51,,,Golaghat,14 GOLAGHAT 49.33
51,,,Hailakandi,15 HAILAKANDI 145.33
51,,,Hojai,16 HOJAI 91.33
51,,,Kamrup,17 KAMRUP 34.00
51,,,Karimganj,18 KARIMGANJ 203.96
51,,,Kokrajhar,19 KOKRAJHAR 3.33
51,,,Lakhimpur,20 LAKHIMPUR 32.00
51,,,Majuli,21 MAJULI 18.00
51,,,Morigaon,22 MORIGAON 267.96
51,,,Nagaon,23 NAGAON 386.63
51,,,Nalbari,24 NALBARI 63.33
51,,,Sivasagar,25 SIVASAGAR 86.00
51,,,Sonitpur,26 SONITPUR 14.67
51,,,South Salmara,27 SOUTH SALMARA 2.67
51,,,West Karbi Anglong,28 WEST KARBI ANGLONG 0.67
51,,,Baksa,1 BAKSA 43350 84000 67000 194350
51,,,Barpeta,2 BARPETA 251650 61000 1333000 1645650
51,,,Biswanath,4 BISWANATH 63350 106500 0 169850
51,,,Bongaigaon,5 BONGAIGAON 318350 355500 1333000 2006850
51,,,Cachar,6 CACHAR 276650 16500 65957000 66250150
51,,,Chirang,7 CHIRANG 80000 185000 233000 498000
51,,,Darrang,8 DARRANG 393350 1697000 33000 2123350
51,,,Dhemaji,9 DHEMAJI 135000 1225500 33000 1393500
51,,,Dhubri,10 DHUBRI 70000 513500 933000 1516500
51,,,Dima Hasao,11 DIMA HASAO 640000 14650000 100000 15390000
51,,,Goalpara,12 GOALPARA 21650 130000 100000 251650
51,,,Hailakandi,13 HAILAKANDI 43350 250000 433000 726350
51,,,Hojai,14 HOJAI 708350 293000 500000 1501350
51,,,Kamrup,15 KAMRUP 525000 1443000 367000 2335000
51,,,Kamrup,16 KAMRUP (M) 61650 23000 200000 284650
51,,,Karbi Anglong,17 KARBI ANGLONG 6650 0 0 6650
51,,,Karimganj,18 KARIMGANJ 606650 66500 1433000 2106150
51,,,Kokrajhar,19 KOKRAJHAR 368350 128000 1767000 2263350
51,,,Lakhimpur,20 LAKHIMPUR 593350 4877000 333000 5803350
51,,,Majuli,21 MAJULI 35000 0 0 35000
51,,,Morigaon,22 MORIGAON 6650 0 0 6650
51,,,Nagaon,23 NAGAON 600000 926500 2700000 4226500
51,,,Nalbari,24 NALBARI 586650 2936500 233000 3756150
51,,,Sivasagar,25 SIVASAGAR 15000 50000 0 65000
51,,,Sonitpur,26 SONITPUR 46650 78500 33000 158150
51,,,South Salmara,27 SOUTH SALMARA
51,,,Udalguri,29 UDALGURI 316650 898500 100000 1315150
,,,Majuli,proposals amounting to Rs. 553.35 lakhs executed by WRD in Majuli to be
,,erosion,,mitigate risk of flooding and erosion”
,,erosion,,and erosion for submission to the Government of India by the Water
,,flood,,"mitigation interventions such as construction of coastal walls, flood"
,,flood,,the project viz. ‘’Flood mitigation by capacity augmentation of Mansiri
,,flood,,wetland area for flood regulation amounting to Rs. 5.69 crores” in the
,,erosion,,52. 4: DPR for Resettlement of People Affected by Erosion under
,,erosion,,by erosion under National Disaster Response Fund amounting to Rs.
,,erosion,,the 48 proposals for erosion protection works amounting to Rs.511.83
,,,Goalpara,of DM Act in Goalpara district.
,,storm,Charaideo,Transformers damaged due to storm under Charaideo Electrical Sub-
,,,Charaideo,Division in Charaideo District.
,,,Dhemaji,2022-23 of Dhemaji District
,,,Dhemaji,381.99 lakh submitted by Public Works Roads Department for Dhemaji
,,fire,,"Boats), Inflatable Rubber Boats to the Fire & Emergency Services,"
,,fire,,resolving challenges faced related to procurement of Fire Proximity Suits
,,fire,,"by Fire & Emergency Services, Assam through advice from the Legal"
,,fire,,"Superintendent of Police, Fire & ES,"
,,flood,,Flood Management by Capacity Augmentation
,,,Sonitpur,1 Sonitpur 5.69
,,flood,,of Mansiri Wetland Area for Flood Regulation
,,flood,,Flood Management by capacity Agumentation
,,,Sonitpur,2 Sonitpur 61.14
,,,Sonitpur,"of Morabharali, Sonitpur District, Assam."
,,flood,Jorhat,"3 Beel for flood regulation of Baghjan river, Jorhat 33.93"
,,,Jorhat,4 Jorhat 71.71
,,flood,,Chinamornigarh Wetland for flood regulation
,,flood,,Flood mitigation by capacity augmentation of
,,flood,Jorhat,5 Dorikamari Wetland for Flood Regulation of Jorhat 66.27
,,flood,Jorhat,6 Kawoimari Beel for flood regulation Jorhat 21.50
,,,Golaghat,7 Wetland of Golaghat District under Golaghat Golaghat 25.15
,,,Golaghat,8 Golaghat 38.71
,,,Golaghat,of Golaghat District
,,,Golaghat,9 Golaghat 31.35
,,,Golaghat,Wetlands of Golaghat District
,,,Golaghat,10 of Golaghat District under Golaghat W.R. Golaghat 25.87
,,flood,,Flood Management by capacity augmentation
,,,Sivasagar,11 Sivasagar 32.54
,,flood,,of Fekalai Wetland area for flood regulation
,,flood,,Flood Management by Capacity Augmentation
,,,Dibrugarh,12 Dibrugarh 76.78
,,,Dibrugarh,of Maijan Wetland Upstream of Dibrugarh Town
,,flood,Majuli,Flood Mitigation of Tuni river in Majuli by
,,,Majuli,13 capacity augmentation of Wetland Storage Majuli 17.57
,,,Tinsukia,14 Gurungbasti at Sadiya on the right bank of Tinsukia 45.02
,,flood,,Flood mitigation by capacity augmentation of
,,,Morigaon,15 Morigaon 36.00
,,,Morigaon,"Morisutitup Beel, Morigaon, Assam"
,,flood,,Flood Mitigation of Puthimari River by capacity
,,,Kamrup,"Kamrup,"
,,erosion,,1 Badarpur Anti-erosion measures to protect Srigouri
,,erosion,,High school area from the erosion of river ₹ 9.91
,,,Barpeta,2 Barpeta A/E measures to protect B/Dyke at Bahari
,,erosion,,erosion of river Brahmaputra on It’s Right
,,,Barpeta,3 Barpeta R/S Of B/dyke ch 61240m to ch.69087m
,,erosion,,the erosion of river Brahmaputra on its
,,,Barpeta,4 Barpeta Protection of Different reaches at
,,erosion,,from the erosion of river Pahumara
,,erosion,Biswanath,5 Biswanath Anti Erosion measures to protect Kalakati
,,,Bongaigaon,6 Bongaigaon Protection of Gobindapur-Tinkonia area
,,erosion,,from the erosion of river Brahmaputra on ₹ 29.00
,,erosion,Cachar,7 Cachar Anti Erosion measures to Protect Ramsing
,,erosion,,erosion of River Borak on its L/B
,,erosion,Cachar,8 Cachar Anti erosion measures to Protect Deb
,,flood,,Para area from flood Devastation of river ₹ 6.19
,,erosion,Cachar,9 Cachar Anti erosion measures to Protect
,,erosion,,Singirbond area from the erosion of river ₹ 5.00
,,erosion,Cachar,10 Cachar Anti erosion measures with Pro-Siltation
,,erosion,,Durganagar Pt-IV from the erosion of river
,,,Cachar,"11 Cachar Restoration of damages along with R/S,"
,,erosion,Cachar,12 Cachar Anti erosion measures to Protect
,,erosion,,Basti area from the erosion of river Chiri
,,erosion,Cachar,13 Cachar Anti-erosion measures to Protect
,,erosion,Cachar,14 Cachar Anti Erosion measures to protect various
,,erosion,Cachar,15 Cachar Anti-erosion measures to protect the
,,erosion,Cachar,16 Cachar Anti Erosion measures to protect
,,erosion,,Anti erosion measures at Bandana area to
,,erosion,Dhemaji,18 Dhemaji Anti-erosion measures to Protect Gerjai
,,erosion,,and its adjoining areas from the erosion ₹ 15.70
,,erosion,Dhemaji,19 Dhemaji Anti-erosion measures to Protect Satghari
,,,Dibrugarh,20 Dibrugarh A/E measures to protect Lason Missing
,,erosion,,Gaon area from the erosion of river ₹
,,,Dibrugarh,21 Dibrugarh A/E measures to protect Bhorali bari
,,erosion,,Kalita Gaon area from the erosion of river ₹
,,,Dibrugarh,22 Dibrugarh A/E measures to protect Nagakhelia to
,,erosion,,erosion of river Brahmaputra.
,,,Dibrugarh,Dibrugarh ₹ 12.00
,,,Dibrugarh,Spur V of DTP Dyke at Dibrugarh for river
,,erosion,Karbi Anglong,erosion of river Dhansiri in Karbi Anglong
,,erosion,Dhubri,25 Dhubri Anti-erosion measures to protect
,,erosion,Golaghat,26 Golaghat Anti Erosion Measures at Dighalganja and
,,erosion,Hailakandi,27 Hailakandi Anti erosion measures to Protect D/S of
,,erosion,,Panchgram petrol Pump from the erosion
,,,Majuli,28 Majuli Bank protection work to protect Kongkur
,,erosion,,and its adjoining area from the erosion of ₹ 13.55
,,flood,Morigaon,29 Morigaon Recoupment of flood embankment on
,,erosion,Morigaon,30 Morigaon Anti erosion measures to Protect Jagi-
,,erosion,,Bhakatgaon area from the erosion of river ₹ 5.50
,,erosion,Morigaon,31 Morigaon Anti erosion measures to Protect both
,,erosion,,bank of river Killing from erosion at ₹ 5.74
,,,Morigaon,32 Morigaon Protection of B/Dyke at Bhojakhaiti area
,,erosion,,from the erosion of river Brahmaputra .
,,,Morigaon,33 Morigaon A/E measures to protect Gunamora area
,,erosion,,from the erosion of river Kollong
,,erosion,Morigaon,34 Morigaon Anti erosion measures to protect Chanaka
,,erosion,,area on the left bank from erosion of river
,,erosion,Nagaon,35 Nagaon Anti-erosion measures at different
,,,Nalbari,36 Nalbari R/S & protection works of B/dyke on R/B
,,erosion,Nalbari,37 Nalbari Anti-erosion measures to protect B/B of
,,erosion,Lakhimpur,38 N. Lakhimpur Anti-erosion measures at Gunasuti and its
,,erosion,,adjoining areas from the erosion of river
,,,Sivasagar,39 Sivasagar Protection of B/Dyke from Desangmukh to
,,erosion,,erosion of river Brahmaputra.
,,erosion,Sivasagar,40 Sivasagar Anti-erosion measures to protect
,,,Sonitpur,41 Sonitpur Protection of Dop-Dopi Rangpur and its
,,erosion,,adjoining areas from the erosion of river ₹ 3.84
,,,Sonitpur,42 Sonitpur Protection of Konoka and its adjoining
,,erosion,,43 South Anti-erosion measures to protect IBB
,,erosion,,from the erosion of river Brahmaputra..
,,,Baksa,44 Baksa Protection of Choraimari Shiva Mandir ₹ 2.93
,,,Udalguri,45 Udalguri Protection works on L/B of Nonoi river at
,,,Udalguri,46 Udalguri Restoration of Critically damage core dam
,,erosion,Udalguri,47 Udalguri Anti-erosion measures to protect Pachnoi
,,,Udalguri,48 Udalguri A/E works at different reaches of Kulshi
,,,Charaideo,Charaideo
,,,Charaideo,"Charaideo Electrical 4,06,510"
,,storm,,storm 2022
,,,Charaideo,Charaideo Electrical restoration of
,,storm,,storm 2022
,,,Charaideo,Charaideo Charaideorestoration of
,,storm,,storm 2022
,,,Charaideo,"Charaideo Charaideorestoration of 3,04,440"
,,storm,,storm 2022
,,,Charaideo,"Charaideo Charaideorestoration of 4,06,510"
,,storm,,storm 2022
,,,Majuli,amounting to Rs. 553.35 lakhs executed by WRD in Majuli and apprise the
,,erosion,,2. ASDMA to pursue and obtain details from the districts regarding erosion
,,,Goalpara,"at breached location under SDRF for the year 2022-23"" in Goalpara districts"
,,fire,,faced regarding procurement oJ Fire Proximity Suits by Fire & Emergency
,,fire,,and Political Department lor expansion & modernization of Fire Services in
,,fire,,expansion & modernization ol Fire Services in the State under 1sth Finance
,,fire,,"Fire & Emergency Services, Assam will ensure that specifications for items to"
,,fire,,"'18 Dr. Sadique Ali Ahmed SP, Fire & ES, Assam"
,,flood,,Temporary restoration to flood damage
,,,Dhubri,1 Dhubri Dhubri Civil Sub-Division TRD Golakganj Bazar to Birat Nagar Chariali Road 5.750
,,flood,,Temporary restoration to flood damage
,,,Dhubri,2 Dhubri Dhubri Civil Sub-Division TRD Khejurtola to Daulatram Itt Bhata Road under 6.200
,,flood,,Temporary restoration to flood damage Old NH
,,,Dhubri,3 Dhubri Dhubri Civil Sub-Division TRD at Chinmoyee School to Golakganj Bazar Road 5.700
,,flood,,Temporary restoration to flood damage NH-31
,,,Dhubri,4 Dhubri Dhubri Civil Sub-Division TRD 6.350
,,flood,,Temporary restoration to flood damage
,,,Dhubri,5 Dhubri Dhubri Civil Sub-Division TRD Golakganj Soulmari Road to Golakganj Stadium 4.980
,,flood,,Temporary restoration to flood damage Old NH
,,,Dhubri,6 Dhubri Dhubri Civil Sub-Division TRD to Satsangbihar Road under SDRF for the year 4.980
,,flood,,Temporary restoration to flood damage
,,,Dhubri,7 Dhubri Dhubri Civil Sub-Division TRD Golakganj Chowk Bazar Road under SDRF for 6.300
,,flood,,Temporary restoration to flood damage NH-31
,,,Dhubri,8 Dhubri Dhubri Civil Sub-Division TRD to Golakganj PHC Road under SDRF for the year 6.200
,,flood,,Temporary restoration to flood damage Silver
,,,Dhubri,9 Dhubri Dhubri Civil Sub-Division TRD Company to Registery office Road under SDRF 5.740
,,flood,,Temporary restoration to flood damage Old NH
,,,Dhubri,10 Dhubri Dhubri Civil Sub-Division TRD to Golakganj Police Station Road under SDRF for 5.600
,,flood,,Temporary restoration to flood damage Old NH
,,,Dhubri,11 Dhubri Dhubri Civil Sub-Division TRD at Golakganj to Circle Office Road under SDRF 5.870
,,flood,,Temporary restoration to flood damage Old NH
,,,Dhubri,12 Dhubri Dhubri Civil Sub-Division TRD 6.250
,,,Dhubri,13 Dhubri Dhubri Civil Sub-Division TRD 4.320
,,,Dhubri,14 Dhubri Dhubri Civil Sub-Division TRD 4.800
,,,Dhubri,15 Dhubri Dhubri Civil Sub-Division TRD 3.890
,,,Dhubri,16 Dhubri Dhubri Civil Sub-Division TRD 4.790
,,,Dhubri,17 Dhubri Dhubri Civil Sub-Division TRD of Damaged road from NH 31 to Kaldoba Pt III 3.900
,,flood,,Restoration of flood damaged from Fakiragram
,,,Dhubri,18 Dhubri Bilasipara civil Sub-Division TRD to Sapatgram Road under SDRF for the year 6.000
,,flood,,Restoration of flood damaged NH-31 at Nayahat
,,,Dhubri,19 Dhubri Dhubri Civil Sub-Division TRD to Soulmari Road under SDRF for the year 2023- 3.710
,,flood,,Restoration of flood damaged from Bilasipara to
,,,Dhubri,20 Dhubri Dhubri Civil Sub-Division TRD Sonkosh NH Point via Sagunmari Dubachubri 6.000
,,flood,,Temporary Restoration of flood damaged road
,,,Dhubri,21 Dhubri Bilasipara civil Sub-Division TRD from Bangalipara Fakiragrm Road(Ch 0.00 Km to 5.000
,,flood,,Temporary Restoration of flood damaged
,,,Dhubri,22 Dhubri Bilasipara civil Sub-Division TRD SuapataPt-III to Mayerchar Road under SDRF for 3.000
,,,Dhubri,23 Dhubri Dhubri Civil Sub-Division TRD under SDRF for the year 2023-24. (Providing 4.000
,,,Dhubri,24 Dhubri Dhubri Civil Sub-Division TRD 3.800
,,,Dhubri,Temporary Restoration of Dhubri Binnachara
,,,Dhubri,25 Dhubri Dhubri Civil Sub-Division TRD 3.000
,,,Dhubri,26 Dhubri Dhubri Civil Sub-Division TRD 4.800
,,,Dhubri,27 Dhubri Dhubri Civil Sub-Division TRD 3.000
,,flood,,Temporary Restoration of flood damage NH-31
,,,Dhubri,28 Dhubri Dhubri Civil Sub-Division TRD 4.200
,,flood,,Temporary Restoration of flood damage 718
,,,Dhubri,29 Dhubri Dhubri Civil Sub-Division TRD No. L.P. School to Uttar Tokrachara CC Block 4.900
,,,Dhubri,30 Dhubri Dhubri Civil Sub-Division TRD 5.400
,,flood,,Temporary Restoration of flood damage NH-31
,,,Dhubri,31 Dhubri Dhubri Civil Sub-Division TRD 6.730
,,flood,,Temporary Restoration of flood damage
,,,Dhubri,32 Dhubri Dhubri Civil Sub-Division TRD Charak Mandir to Chagolia under SDRF for the 4.560
,,flood,,Restoration to flood damaged to Gauripur
,,,Dhubri,33 Dhubri Dhubri Civil Sub-Division TRD 3.000
,,flood,,Immediate restoration of flood damage
,,,Dhubri,34 Dhubri Dhubri Civil Sub-Division TRD 4.500
,,,Dhubri,35 Dhubri Dhubri Civil Sub-Division TRD 1.057
,,,Dhubri,36 Dhubri Dhubri Civil Sub-Division TRD Road under SDRF for the year 2023-24. 5.860
,,,Dhubri,37 Dhubri Dhubri Civil Sub-Division TRD SDRF for the year 2023-24. 6.300
,,flood,,Restoration of flood damage Golakganj Solmari
,,,Dhubri,38 Dhubri Dhubri Civil Sub-Division TRD 5.780
,,flood,Dhubri,39 Dhubri Dhubri Civil Sub-Division TRD Restoration of flood damage NH-31 Tie Bund 4.900
,,,Dhubri,40 Dhubri Dhubri Civil Sub-Division TRD 3.000
,,,Dhubri,Temporary restoration of Dhubri Patamari PWD
,,,Dhubri,41 Dhubri Dhubri Civil Sub-Division TRD Road to Dharmasala Road(Ch 1st Km to 5th Km) 3.000
,,,Dhubri,42 Dhubri Dhubri Civil Sub-Division TRD 5.000
,,,Dhubri,43 Dhubri Dhubri Civil Sub-Division TRD Durahati Bund cum Road(Ch 1st Km to 5th Km) 3.000
,,,Dhubri,44 Dhubri Dhubri Civil Sub-Division TRD 3.000
,,,Dhubri,45 Dhubri Dhubri Civil Sub-Division TRD Rupshi Bazaar Road(Length-4.05Km) under 2.401
,,flood,,Restoration of flood damaged road Ratiadhar
,,,Dhubri,46 Dhubri Dhubri Civil Sub-Division TRD Bazar to Sonahat Biskhowa Road under SDRF 6.500
,,flood,,Restoration of flood damaged road Halakura
,,,Dhubri,47 Dhubri Dhubri Civil Sub-Division TRD Pokalagi Pt-II to Silghagri Bazar Road under 4.500
,,flood,,Restoration of flood damaged road GK Road to
,,,Dhubri,48 Dhubri Dhubri Civil Sub-Division TRD Boro Charaikhola Road under SDRF for the year 3.900
,,flood,,Restoration of flood damaged road from Side
,,,Dhubri,49 Dhubri Dhubri Civil Sub-Division TRD 3.500
,,flood,,Restoration of flood damaged road from KGT
,,,Dhubri,50 Dhubri Dhubri Civil Sub-Division TRD Road to Simlabari Purani Satra under SDRF for 4.800
,,flood,,Restoration of flood damaged road KGT Road
,,,Dhubri,51 Dhubri Dhubri Civil Sub-Division TRD to Simlabari Satra @ 1st & 2nd Km road under 4.000
,,flood,,Restoration of flood damaged Side Berm road
,,,Dhubri,52 Dhubri Dhubri Civil Sub-Division TRD from NH-31 to Bidyardabri road under SDRF for 4.500
,,flood,,Restoration of flood damaged Road Submerged
,,,Dhubri,53 Dhubri Dhubri Civil Sub-Division TRD Approach damage of RCC Bridge 1/1 on 4.500
,,flood,,Restoration of flood damaged Side Berm
,,,Dhubri,54 Dhubri Dhubri Civil Sub-Division TRD Damaged NH-31 to Bhaibazar Road under SDRF 3.500
,,flood,,Restoration of flood damaged road from Side
,,,Dhubri,55 Dhubri Dhubri Civil Sub-Division TRD Berm damaged on Satrasal Satra to Jhaukuti 3.500
,,flood,,Restoration of flood damaged Khuniarvita to
,,,Dhubri,56 Dhubri Dhubri Civil Sub-Division TRD Kherbari Bazar Road under SDRF for the year of 3.500
,,flood,,Restoration of flood damaged Approach
,,,Dhubri,57 Dhubri Dhubri Civil Sub-Division TRD 4.500
,,flood,,Restoration of flood damaged Side Berm
,,,Dhubri,58 Dhubri Dhubri Civil Sub-Division TRD damage from Kuti Gharialdanga Pt-II to Jinkata 3.500
,,flood,,Restoration of flood damaged road from Side
,,,Dhubri,59 Dhubri Dhubri Civil Sub-Division TRD 6.000
,,flood,,Restoration of flood damaged road Ranpagli
,,,Dhubri,60 Dhubri Dhubri Civil Sub-Division TRD Bazar to Satrasal Road under SDRF for the year 6.000
,,flood,,Restoration of flood damaged road Side Berm
,,,Dhubri,61 Dhubri Dhubri Civil Sub-Division TRD damaged Lohajani Bazar to Koimari Pt-III Road 4.400
,,flood,,Restoration of flood damaged RCC Br. Approach
,,,Dhubri,62 Dhubri Dhubri Civil Sub-Division TRD 6.000
,,flood,,Immidiate Restoration of flood damage NH-31
,,,Dhubri,63 Dhubri Dhubri Civil Sub-Division TRD E&D Bund via Mazumdarpara Road under SDRF 6.250
,,,Dhubri,Temporary Restoration of Dharmasala to Dhubri
,,,Dhubri,64 Dhubri Dhubri Civil Sub-Division TRD Patamari Road E&D Bund(Ch 1st Km to 8th Km) 4.410
,,,Dhubri,65 Dhubri Dhubri Civil Sub-Division TRD School to Singimari Road(Ch 1st Km to 6th Km) 3.500
,,,Dhubri,66 Dhubri Dhubri Civil Sub-Division TRD Singimari Road to Singimari Road(Ch 1st Km to 3.000
,,,Dhubri,Temporary Restoration of Dharmasala to Dhubri
,,,Dhubri,67 Dhubri Dhubri Civil Sub-Division TRD Binnachara PWD Road to Adabari Edgah(Ch 1st 3.000
,,,Dhubri,68 Dhubri Dhubri Civil Sub-Division TRD Dharmasala Out Post to Velakoba Road(Ch 1st 3.500
,,,Dhubri,69 Dhubri Dhubri Civil Sub-Division TRD Motirchar to Dharmasala Girls L.P. School(Ch 3.000
,,,Dhubri,Temporary Restoration of Dhubri Binnaachara
,,,Dhubri,70 Dhubri Dhubri Civil Sub-Division TRD 3.000
,,,Dhubri,Temporary Restoration of Dhubri Patamari
,,,Dhubri,71 Dhubri Dhubri Civil Sub-Division TRD 6.500
,,flood,,Temporary Restoration of flood damaged to
,,,Dhubri,72 Dhubri Dhubri Civil Sub-Division TRD Falimari PMGSY Road to Falimari Pt. II under 3.000
,,,Dhubri,73 Dhubri Dhubri Civil Sub-Division TRD Ghewmari BSF Camp road(Ch 1st Km to 8th Km) 4.850
,,,Dhubri,74 Dhubri Dhubri Civil Sub-Division TRD Road(Ch 11000.00 m to 16000.00 m) under 3.500
,,,Dhubri,75 Dhubri Dhubri Civil Sub-Division TRD to Baladoba Parghat Road(Ch 1st Km to 6th Km) 3.600
,,,Dhubri,76 Dhubri Dhubri Civil Sub-Division TRD 2.390
,,,Dhubri,77 Dhubri Dhubri Civil Sub-Division TRD 4.500
,,,Dhubri,Temporary Restoration of Dhubri Binnachara
,,,Dhubri,78 Dhubri Dhubri Civil Sub-Division TRD Road to Alirgaon L.P. School Road(Ch 1st Km to 3.000
,,,Dhubri,79 Dhubri Dhubri Civil Sub-Division TRD Dharmasala Road to Dharmasala College Road 3.000
,,,Dhubri,80 Dhubri Dhubri Civil Sub-Division TRD 3.000
,,flood,,Temporary Restoration of flood damage to
,,,Dhubri,81 Dhubri Dhubri Civil Sub-Division TRD Khudimari Dumardaha Kalahat Binnachara 3.000
,,flood,,Restoration of flood damageof Approaches of
,,,Dhubri,82 Dhubri Dhubri Civil Sub-Division TRD RCC Br No. 1/1 on Dhubri Smasan Mondir to 3.500
,,flood,,Temporary Restoration of flood damage North
,,,Dhubri,83 Dhubri Dhubri Civil Sub-Division TRD 5.800
,,,Dhubri,84 Dhubri Dhubri Civil Sub-Division TRD PWD Road to Char Durahati L.P. School Road(Ch 3.000
,,,Dhubri,Temporary Restoration of Dhubri Patamari
,,,Dhubri,85 Dhubri Dhubri Civil Sub-Division TRD Road to Gaspara Panchayat Road(Ch 1st to 4th 2.000
,,,Dhubri,86 Dhubri Dhubri Civil Sub-Division TRD Baladoba Bazar Road(Ch 1st Km to 7th Km) 4.000
,,,Dhubri,87 Dhubri Dhubri Civil Sub-Division TRD PWD Road to Singimari Pt-II Road(Ch 1st Km to 2.000
,,,Dhubri,Temporary Restoration of Dhubri Patamari road
,,,Dhubri,88 Dhubri Dhubri Civil Sub-Division TRD to Janlia Village Road(Ch 1st Km to 7th Km) 4.000
,,,Dhubri,89 Dhubri Dhubri Civil Sub-Division TRD 3.000
,,flood,,Immediate Restoration of flood damaged
,,,Dhubri,90 Dhubri Dhubri Civil Sub-Division TRD 6.540
,,,Dhubri,91 Dhubri Dhubri Civil Sub-Division TRD 2.533
,,,Dhubri,92 Dhubri Dhubri Civil Sub-Division TRD PMGSY Road(Length-2.60 KM) under SDRF for 1.552
,,,Dhubri,93 Dhubri Dhubri Civil Sub-Division TRD Molandubi Road at 9th Km to 11th Km(Length- 2.329
,,flood,,Restoration of flood damaged Onthaibari to
,,,Chirang,94 Chirang Chirang (R & B) TRD Laokriguri road (Ch 2.28 Km) in Chirang District 0.950
,,flood,,Restoration of flood damaged road Sundari to
,,,Chirang,95 Chirang Chirang (R & B) TRD 1.656
,,,Chirang,"Khakragaon) in Chirang District, BTR, Assam"
,,flood,,Restoration of flood damage NH31C Kashikotra
,,,Chirang,96 Chirang Chirang (R & B) TRD 4.060
,,,Chirang,to Bengtol via Bamungaon road road in Chirang
,,,Darrang,the year 2023-24 of Darrang District
,,,Darrang,Road Division for the year 2023-24 of Darrang
,,,Darrang,Road Division for the year 2023-24 of Darrang
,,,Darrang,Darrang District
,,erosion,,"Mangaldai, Dalgaon & Sipajhar 9000 m to 10000 m) Road due to erosion under"
,,flood,,Temporary Restoration of flood damaged on
,,,Goalpara,108 Goalpara Goalpara West & Jaleswar TRD 1.080
,,,Goalpara,year 2023-24 under 37 Goalpara East LAC of
,,,Goalpara,Goalpara District.
,,flood,,Temporary restoration of flood damaged
,,,Kokrajhar,109 Kokrajhar Kokrajhar R.R. Division Bongshijhora to Monglajhora road under SDRF 4.800
,,flood,,Temporary restoration of flood damaged
,,,Kokrajhar,110 Kokrajhar Kokrajhar R.R. Division Kurshakati Bazar to Doldoli Pangkhardal road 6.600
,,flood,,Temporary restoration of flood damaged
,,,Kokrajhar,111 Kokrajhar Kokrajhar R.R. Division 3.600
,,flood,,Temporary restoration of flood damaged
,,,Kokrajhar,112 Kokrajhar Kokrajhar R.R. Division 3.600
,,flood,,Temporary restoration of flood damage
,,,Kokrajhar,113 Kokrajhar Kokrajhar R.R. Division 3.000
,,flood,,Temporary restoration of flood damaged
,,,Kokrajhar,114 Kokrajhar Kokrajhar R.R. Division 7.200
,,flood,,Immediate restoration of flood damage
,,,Kokrajhar,115 Kokrajhar Kokrajhar R.R. Division 3.260
,,,Kokrajhar,Kokrajhar Ramfalbil road at 2900.00 m under
,,flood,,Immediate restoration of flood damage on RCC
,,,Kokrajhar,116 Kokrajhar Kokrajhar R.R. Division 3.030
,,flood,,Immediate restoration of flood damage on RCC
,,,Kokrajhar,117 Kokrajhar Kokrajhar R.R. Division Box Culvert no 3/1 erroded on Serfanguri to 2.440
,,flood,,Immidiate restoration of flood damage on RCC
,,,Kokrajhar,Box Culvert no 4/2 erroded on Kokrajhar
,,,Kokrajhar,118 Kokrajhar Kokrajhar R.R. Division 3.140
,,flood,,Immediate restoration of flood damage on HPC
,,,Kokrajhar,119 Kokrajhar Kokrajhar R.R. Division Culvert no 1/1 damaged on NH-31C to 0.950
,,flood,,Immediate restoration of flood damage on RCC
,,,Kokrajhar,120 Kokrajhar Kokrajhar R.R. Division 1.700
,,flood,,Immediate restoration of flood damage
,,,Kokrajhar,121 Kokrajhar Kokrajhar R.R. Division approaches of RCC Box Culvert no 3/2 on 3.000
,,flood,,Immediate restoration of flood damage on RCC
,,,Kokrajhar,122 Kokrajhar Kokrajhar R.R. Division Box Culvert no 2/1 on Gopinathpur to 1.800
,,flood,,Immediate restoration of flood damage on
,,,Kokrajhar,123 Kokrajhar Kokrajhar R.R. Division 1.700
,,,Kokrajhar,Phutkibari to Kokrajhar Road under SDRF for
,,flood,,Temporary restoration of flood damage from
,,,Kokrajhar,124 Kokrajhar Kokrajhar R.R. Division Kachugaon to Bharat Nagar village near Boys 2.4
,,flood,,Temporary restoration of flood damaged from
,,,Kokrajhar,125 Kokrajhar Kokrajhar R.R. Division Panbari to Sialmari road under SDRF(FDR) for 2.7
,,flood,,Immediate restoration of flood damage on
,,,Kokrajhar,126 Kokrajhar Kokrajhar R.R. Division 4.320
,,,Kokrajhar,127 Kokrajhar Kokrajhar R.R. Division Culvert No 1/2 on Dum Bazar to Mothambil 1.000
,,flood,,Immediate restoration for flood damaged of
,,,Dhemaji,128 Dhemaji Jonai TRD Gali Borgali Road from Ch 0.00 Km to Ch 3.00 1.80
,,,Dhemaji,District Dhemaji.
,,flood,,Immediate restoration for flood damaged from
,,,Dhemaji,129 Dhemaji Jonai TRD 1.19
,,,Dhemaji,Dhemaji.
,,flood,,Immediate restoration for flood damaged 3 no.
,,,Dhemaji,130 Dhemaji Jonai TRD Sirampuria to Mechaki Koila Ali road under 1.20
,,flood,,Immediate restoration for flood damaged of
,,,Dhemaji,131 Dhemaji Jonai TRD Bahir Jonai to Berachapori via Bolaipam(PMGSY 3.06
,,flood,,Immediate restoration for flood damaged of
,,,Dhemaji,132 Dhemaji Jonai TRD Jonai Bazar to Tinmile Ghar at 4th Km under 2.15
,,flood,,Temporary restoration of Flood damaged road
,,,Dhemaji,133 Dhemaji Jonai TRD 0.67
,,,Dhemaji,Division in Dhemaji District
,,flood,,Temporary restoration of Flood damaged road
,,,Dhemaji,134 Dhemaji Jonai TRD Salakhani Borbam (PMGSY Package No AS 04- 1.31
,,,Dhemaji,Division in Dhemaji District.
,,flood,,Temporary restoration of Flood damaged road
,,,Nalbari,from Bormuria Arnney to No 2 Nalbari (PMGSY
,,,Dhemaji,135 Dhemaji Jonai TRD Package No AS-04-251) under SDRF(FDR) for the 1.99
,,,Dhemaji,Jonai Territorial Road Division in Dhemaji
,,flood,,Temporary repair and restoration of Flood
,,,Dhemaji,136 Dhemaji Jonai TRD Charaibari Road from Ch 1.18 Km to Ch. 6.11 2.99
,,flood,,Temporary restoratipn of Flood damaged road
,,,Dhemaji,137 Dhemaji Jonai TRD 1.20
,,flood,,Temporary restoratipn of Flood damaged road
,,,Dhemaji,138 Dhemaji Jonai TRD 1.47
,,flood,,Temporary restoration of Flood damaged road
,,,Dhemaji,139 Dhemaji Jonai TRD 1.10
,,,Dhemaji,under Jonai Territorial Road Division in Dhemaji
,,flood,,Temporary Restoration of flood damage road
,,,Dhemaji,140 Dhemaji Dhemaji TRD on Bherekichuk Tiniali to Sarudhekera Balijan 2.40
,,flood,,Temporary Restoration of Flood Damage Road
,,,Dhemaji,141 Dhemaji Dhemaji TRD on Naharbari to Engineering college road under 2.10
,,flood,,Temporary Restoration of Flood Damage Road
,,,Dhemaji,142 Dhemaji Dhemaji TRD 4.20
,,flood,,Temporary Restoration of flood damage road
,,,Dhemaji,on Dhemaji Railway station to Adikalia via
,,,Dhemaji,143 Dhemaji Dhemaji TRD 4.50
,,,Dhemaji,Panchali(Dhemaji Railwat station to Hatipara)
,,flood,,Temporary Restoration of Flood Damage Road
,,,Dhemaji,"144 Dhemaji Dhemaji TRD on Kuaphala to Deogharia via Betoni,Holikushi 3.60"
,,flood,,Temporary Restoration of Flood Damage Road
,,,Dhemaji,145 Dhemaji Dhemaji TRD 1.20
,,flood,,Temporary Restoration of Flood Damage Road
,,,Dhemaji,146 Dhemaji Dhemaji TRD on Butikur Naruathan to Khalihamari PWD Road 5.40
,,flood,,Temporary Restoration of flood damage road
,,,Dhemaji,147 Dhemaji Dhemaji TRD 2.88
,,flood,,Temporary Restoration of flood damage road
,,,Dhemaji,148 Dhemaji Dhemaji TRD on Pilkhana Puwasaikia to Pachim Dhemaji 2.88
,,flood,,Temporary Restoration of Flood Damage Road
,,,Dhemaji,149 Dhemaji Dhemaji TRD on Amulguri Kachari Gaon to Naruathan via 2.28
,,flood,,Temporary Restoration of Flood Damage Road
,,,Dhemaji,150 Dhemaji Dhemaji TRD on Tanganapara to Tulsibari Police Reserve 3.00
,,flood,,Temporary Restoration of flood damage road
,,,Dhemaji,151 Dhemaji Dhemaji TRD on Silpata road from Tanganapara to Maderguri 1.80
,,flood,,Temporary Restoration of flood damage road
,,,Dhemaji,152 Dhemaji Dhemaji TRD 2.70
,,flood,,Temporary Restoration of Flood Damage Road
,,,Dhemaji,153 Dhemaji Dhemaji TRD 2.40
,,flood,,Temporary Restoration of Flood Damage Road
,,,Dhemaji,154 Dhemaji Dhemaji TRD on Jiadhal Dighalgarah to Panchali via Naharbari 2.69
,,flood,,Temporary Restoration of Flood Damage Road
,,,Dhemaji,155 Dhemaji Dhemaji TRD on Singimari to Jiadhal Chariali under SDRF for 1.50
,,flood,,Temporary Restoration of Flood Damage Road
,,,Dhemaji,156 Dhemaji Dhemaji TRD on Jiadhal Chariali to Jiadhal College Road under 3.00
,,flood,,Temporary Restoration of Flood Damage Road
,,,Dhemaji,157 Dhemaji Dhemaji TRD on MLR05-No.2 Deogharia to Shantipur 2.40
,,,Dhemaji,158 Dhemaji Dhemaji TRD Yedyut Gaon Road AS-04-209A Causeway 1.80
,,,Dhemaji,159 Dhemaji Dhemaji TRD 1.44
,,,Dhemaji,160 Dhemaji Dhemaji TRD 1.50
,,,Dhemaji,161 Dhemaji Dhemaji TRD 1.14
,,,Dhemaji,162 Dhemaji Dhemaji TRD 1.50
,,,Dhemaji,163 Dhemaji Dhemaji TRD 2023-24. 5.10
,,flood,,Temporary Restoration of Flood Damage Road
,,,Dhemaji,164 Dhemaji Dhemaji TRD for the year 2023-24. 5.10
,,,Dhemaji,165 Dhemaji Dhemaji TRD 1.36
,,,Nagaon,Nagaon Road under SDRF for the year 2023-24.
,,,Dhemaji,166 Dhemaji Dhemaji TRD 1.79
,,fire,,"Fire Proximity Suits by Fire & Emergency Services, Assam as per direction of"
,,fire,,procurement of Fire Proximity Suits as the matter is related to providing
,,fire,,"2. Home & Political Department, Fire & Emergency Services, Assam and"
,,fire,,procurement of equipments for expansion & modernization of Fire Services in
,,fire,,"3. SEC also directed the Fire & Emergency Services, Assam to expedite the"
,,"flood, storm",,54.4 Approval for 3O nos. of SDRF Proposals of Flood / Storm
,,"flood, storm",,for repair / restoration of 30 schools damaged due to flood / storm for the
,,storm,,"LT lines, poles and Transformers damaged due to storm amounting to Rs."
,,,"Charaideo, Udalguri","2,55,93,470 l- under Charaideo and Udalguri Electrical Sub-Divisions in"
,,,"Charaideo, Udalguri",Charaideo and Udalguri districts for the year 2024-25 and 2023-24 as placed
,,,Barpeta,"appraisal of Barpeta town, Howli town, Barpeta Road and its"
,,flood,,adjoining area to assess the causes and remedies of urban flood.
,,,Barpeta,"environmental appraisal of Barpeta town, Howli town, Barpeta Road and its"
,,flood,,adjoining area to assess the causes and remedies of urban flood to be self-
,,flood,,campaign on flood safety and block wise street play on awareness of women
,,,"Majuli, Kokrajhar","Operation Centre (DEOC) building in DC Office of Kokrajhar, Majuli"
,,,Golaghat,and Golaghat district
,,,"Majuli, Kokrajhar, Golaghat","in DC Office of Kokrajhar, Majuli and Golaghat district."
,,,Cachar,"released to the District Commissioner , Cachar from the H/A 2245-02-"
,,flood,,LOL-47O3-OOO-32-O1-SOPD-GSP (GR-Flood) for repair of steel boat
,,,Cachar,"to the District Commissioner, Cachar from the H/A 2245-02-LO].-4703-000-32-"
,,flood,,0L-SOPD-GSP (GR-Flood) for repair of steel boat under lnland Water Transport
,,,Cachar,boats for Sribhumi and Cachar Districts.
,,,Barpeta,"by District Commissioner, Barpeta against renovation of Officers'"
,,flood,Barpeta,"Club, Barpeta for accommodating NDRF Team during Flood Relief"
,,,Barpeta,"payment from the SDRF for renovation of Officers' CIub, Barpeta for"
,,flood,,"accommodating NDRF Team during Flood Relief Operation,2023."
,,flood,Barpeta,duration of stay of the NDRF team during flood rescue operation in Barpeta
,,,Majuli,executed by the Water Resources Department in Majuli in the year
,,,Majuli,projects executed under SDRF by the Water Resources Department in Majuli
,,flood,,1. lmmediate measures for restoration of flood damaged river bank at
,,flood,,2. lmmediate measures for restoration of flood damaged river bank at
,,flood,,3. lmmediate measures for restoration of flood damaged of river bank u/s
,,,Majuli,of Chengelisuti and d/s of Fengsuighuli of river Subansiri in Majuli under
,,,Majuli,is done by the Department with representatives from DDMA Majuli and
,,flood,,Flood DBT Resolution: SEC accorded ex post facto approval for an amount
,,flood,,in 2025-26 for RG Flood (DBT).
,,"fire, storm",,2025-26 for RG Fire/Storm/Ex-Gratia etc. (DBT)
,,"fire, storm",,ASDMA for RG Fire/Storm/Ex-Gratia etc. (DBT) during the period of 2025-26 as
,,flood,,SDO (C) and ASDMA for GR Flood
,,flood,,"CDCs, SDO (C) and ASDMA for GR Flood as placed at Annexure-lX"
,,cyclone,,GR Cyclone
,,cyclone,,for GR Cyclone as placed at Annexure-X
,,fire,,"OBM (engine) by the Fire & Emergency Services, Assam for"
,,fire,,of 20 lnflatable Rubber Boats with OBM (engine) by the Fire & Emergency
,,fire,,SEC also directed Fire & Emergency Services / State Disaster Response Force
,,fire,,SEC further directed the Fire & Emergency Services to assess if some existing
,,flood,,54. 22: Urban Flood Risk Management Programme for Guwahati City
,,flood,,lndia for Urban Flood Risk Management Programme for Guwahati City under
,,flood,,Fund (NDRF) based on the flood memorandum submitted by the
,,flood,,against flood damage of 2024.
,,erosion,,"Rs. 511.83 for erosion protection works under XV FC and therefore, the"
,,erosion,,department has now submitted 9 fresh proposals for River Erosion Mitigation
,,fire,,"4 Surendra Kumar, Director Fire & Emergency 9435049634"
,,fire,,"7 Dr. Sadique Ali SSP, Fire & Emergency 7002170899"
,,,Nagaon,"(R) Nagaon-Batadraba, raha om"
,,,Nagaon,"N.BRBTRD, Nagaon ail.com"
,,,Dima Hasao,"Dept. Maibang, Dima Hasao m"
,,,Jorhat,"42 Khuman Kalita E.E, Jorhat Water Resource 9707111016 Khumankalita2@gmail.c"
,,,Darrang,43 Jayanta Kr. Das A.E. Darrang Water 8638246265 kumarjayanta434@gmail
,,,Lakhimpur,Lakhimpur Naoboicha 2500 M) by Cell 3 2023 d the
,,,Lakhimpur,24 in Lakhimpur SEC
,,,Lakhimpur,Lakhimpur Naoboicha Filled Concrete 7 2023 d the
,,,Lakhimpur,in Lakhimpur
,,,Lakhimpur,Lakhimpur Naoboicha causeway at Ch. 0 2023 d the
,,,Lakhimpur,Lakhimpur before the
,,,Lakhimpur,Lakhimpur Naoboicha 5 2024 d the
,,,Lakhimpur,25 in Lakhimpur
,,,Lakhimpur,Lakhimpur Naoboicha 0 2024 d the
,,,Lakhimpur,25 in Lakhimpur
,,,Lakhimpur,Lakhimpur Naoboicha Nayabazar 6 2024 d the
,,,Lakhimpur,25 in Lakhimpur SEC
,,,Lakhimpur,Lakhimpur Naoboicha the year 2024- 0 2024 d the
,,,Lakhimpur,TRD 24 in Lakhimpur proposal and
,,,Bongaigaon,"Bongaigao Bongaigaon ara to 328.1700 12th Meeting, 30 Aug recommende"
,,,Bongaigaon,"Bongaigao Bongaigaon para Road to 176.6700 12th Meeting, 30 Aug recommende"
,,,Darrang,10 PWRD Darrang ajhar TRD
,,flood,,"flood damages 0 2023 April, 2024"
,,flood,,road from flood
,,,Darrang,11 PWRD Darrang ajhar TRD 0 2024 d the
,,,Darrang,Darrang District
,,flood,,road from flood
,,,Darrang,12 PWRD Darrang ajhar TRD 0 2024 d the
,,,Darrang,Darrang District
,,flood,Darrang,13 PWRD Darrang ajhar TRD from flood 0 2024 d the
,,,Darrang,Darrang District SEC
,,,Nagaon,14 PWRD Nagaon Dhing and Disaster
,,,Nagaon,15 PWRD Nagaon Dhing and Disaster
,,,Nagaon,16 PWRD Nagaon Dhing and
,,,Nagaon,17 PWRD Nagaon Dhing and providing SEC
,,,Udalguri,Udalguri recommende
,,,Udalguri,18 Irrigation Udalguri Mazbat 46.19000 d the
,,,Dima Hasao,"Dima Hasao Division 414.0000 7th Meeting, 2nd August"
,,flood,,(Flood &
,,landslide,,Landslide)
,,,Dima Hasao,"Dima Hasao Division 474.5000 7th Meeting, 2nd August"
,,flood,,(Flood &
,,landslide,,Landslide)
,,flood,,Flash flood by
,,,Kamrup,"Kamrup 10th Meeting,11 June"
,,,Dima Hasao,Dima Dima Hasao
,,,Dima Hasao,Dima Dima Hasao
,,,Darrang,"Darrang 10th Meeting,11 June"
,,,Darrang,24 s Darrang Skill University 800.49 d the
,,flood,,Flood resilience
,,,Darrang,"Darrang with RCC sheet 12th Meeting,30th August"
,,,Darrang,25 s Darrang 1005.04 d the
,,,Jorhat,"Jorhat 10th Meeting,11 June"
,,,Jorhat,26 s Jorhat channel from 1054.94 d the
,,,Jorhat,"Jorhat 12th Meeting,30th August"
,,,Jorhat,27 s Jorhat n of Belijan 1406.3 d the
,,,Nalbari,28 Educatio Nalbari Safety d the
,,"flood, storm",Kokrajhar,List of SDRF Proposals of Flood/Storm damaged Schools pertaining to Kokrajhar
,,storm,,1 Replacement of roofing sheet (Storm damage) at 1192 Polashguri LP School 0.99
,,storm,,2 Replacement of roofing sheet (Storm damage) at No. 300 Kurshakati LP School 2.00
,,storm,,3 Replacement of roofing sheet (Storm damage) at No. 107 Soulmari LP School 2.00
,,storm,,4 Replacement of roofing sheet (Storm damage) at 506 No. Thuribari LP School 2.00
,,storm,,5 Replacement of roofing sheet (Storm damage) at 587 No. Saraibil LP School 2.00
,,storm,,6 Storm damage repair of PachimTitaguri LP School (Replacement of GCI Sheet) 1.52
,,storm,,7 Storm damage repair of 256 No. Besargaon LP School 0.73
,,storm,,9 Replacement of roofing sheet (Storm damage) at Batabari ME School 1.368
,,"flood, storm",Karbi Anglong,List of SDRF Proposals of Flood/Storm damaged Schools pertaining to Karbi Anglong
,,flood,,1 Ok Kreng Govt. L.P. School (Flood damaged) 1.12
,,flood,,2 Mahamaya Bel Gaon L.P. School (Flood damaged) 0.9
,,flood,,3 No.2 Sarjeng L.P. School (Flood damaged) 0.9
,,flood,,4 No.1 Sarjeng Govt. L.P. School (Flood damaged) 0.9
,,flood,,5 Sarjeng M.E. School (Flood damaged) 2.00
,,flood,,6 Langhin Girls High School (Flood damaged) 2.00
,,flood,,7 Dokmoka Basic L.P. School (Flood damaged) 1.5
,,flood,,8 Langhin bazaar LP School (Flood damaged) 1.8
,,flood,,9 Sambasaghat L.P. School (Flood damaged) 1.3
,,flood,,10 Swapan Gaon L.P. School (Flood damaged) 1.1
,,storm,,"11 BKB, Parkup Pahar High School (Storm damaged) 1.46"
,,storm,,12 Jaipong Adarsha High School (Storm damaged) 1.45
,,"flood, storm",Udalguri,List of SDRF Proposals of Flood/Storm damaged Schools pertaining to Udalguri
,,,Nalbari,1 Nalbari Govt. JB School 1.98
,,,Udalguri,5 Uttar Udalguri Nagar LPS 1.185
,,,Darrang,"1 Darrang Canal Ch no-1500mtr, Damage portion at Village anme- 2"
,,flood,,Repairing and restoration of Flood damage at noa nadi
,,,Darrang,2 Darrang kachia bund approach road at ch 710m-ch 697.00m 2
,,,Morigaon,Morigaon
,,flood,,Laharighat Flood Damage restoration work of D1 and D2 canal at As per
,,,Morigaon,3 Morigaon 2
,,,Morigaon,Morigaon
,,flood,,Laharighat Flood Damage restoration work of main canal at As per
,,,Morigaon,4 Morigaon 2
,,,Morigaon,Morigaon
,,flood,,Flood Damage restoration work of D1 and D2 canal at
,,,Morigaon,5 Morigaon Boharpahar PC1 & PC2 under SDRF for the year 2024- 2
,,,Morigaon,Morigaon
,,flood,,Laharighat Flood Damage restoration work of D1 and D2 canal at As per
,,,Morigaon,6 Morigaon 2
,,,Morigaon,Morigaon
,,flood,,Laharighat Flood Damage restoration work of D1 and D2 canal at As per
,,,Morigaon,7 Morigaon 1.5
,,,Kamrup,Kamrup North Kamrup Territorial Road Immidiate restoration of the work Simalibari to Hem Baruah High 0.250
,,,Kamrup,Kamrup North Kamrup Territorial Road Temporary restoration of Marrowa Kamalpur Road at village 1.800
,,,Kamrup,Kamrup North Kamrup Territorial Road Immidiate restoration of the work Salmara Haldha Road under SDRF 1.800
,,,Kamrup,Kamrup North Kamrup Territorial Road Immidiate restoration of the work Bihdia Saledol PHC Road under 1.330
,,flood,Kamrup,Kamrup North Kamrup Territorial Road Temporary restoration of flood damaged Road of NH-31 to 5.000
,,,Kamrup,Kamrup North Kamrup Territorial Road Temporary restoration of side approaches of RCC Br. No. 3/2 on 2.800
,,,Kamrup,Kamrup North Kamrup Territorial Road Immidiate restoration of the work CHRN Road to Barkhat Suburi via 0.510
,,,Kamrup,Kamrup North Kamrup Territorial Road Immidiate restoration of the work RCC Slab Culvert No. 2/1 on BLJC 1.400
,,,Kamrup,Kamrup North Kamrup Territorial Road Immidiate restoration of the work Karara Pingleswar Road under 2.400
,,,Kamrup,Kamrup North Kamrup Territorial Road Immidiate restoration of the work Karara Bathan Road under SDRF 4.130
,,,Kamrup,Kamrup North Kamrup Territorial Road Immidiate restoration of the work Sutargaon Dhuliara Road under 0.300
,,,Kamrup,Kamrup North Kamrup Territorial Road Immidiate restoration of the work Balikuchi to Simlibari Road under 0.920
,,flood,Kamrup,Kamrup North Kamrup Territorial Road Temporary restoration of Flood damaged approaches of SPT Br. No 3.370
,,,Kamrup,Kamrup North Kamrup Territorial Road Immidiate restoration of the work Bihdia Saledol PHC Road under 1.330
,,,Kamrup,Kamrup North Kamrup Territorial Road Immidiate restoration of the work Karara Pingleswar Road under 2.400
,,flood,Kamrup,Kamrup North Kamrup Territorial Road Temporary restoration of Flood damaged road of Athgaon Bahbori 4.500
,,flood,Kamrup,Kamrup North Kamrup Territorial Road Temporary restoration of Flood damaged road of Rangia- 6.740
,,,Kamrup,Kamrup North Kamrup Territorial Road Immidiate restoration of the work Athara Madukuchi Road under 1.800
,,flood,Dhemaji,Dhemaji Jonai TRD Temporary restoration to flood damaged Road from Dimow 3.250
,,,Dhemaji,Road Division in Dhemaji District
,,flood,Dhemaji,Dhemaji Jonai TRD Temporary restoration to flood damaged Road from Bhairabpur to 4.510
,,,Dhemaji,Territorial Road Division in Dhemaji District
,,flood,Dhemaji,Dhemaji Jonai TRD Temporary restoration to flood damaged Road from Bhairabpur to 1.680
,,,Dhemaji,under Jonai Territorial Road Division in Dhemaji District
,,flood,Dhemaji,Dhemaji Jonai TRD Temporary restoration to flood damaged Road from Kadamtola to 2.100
,,,Dhemaji,Dhemaji District
,,,Lakhimpur,"Lakhimpur Lakhimpur, Ronganadi & Bihpuria Temporary restoration of road from Fatehpur to Karunabari Block via 1.800"
,,,Lakhimpur,"Lakhimpur Lakhimpur, Ronganadi & Bihpuria Temporary restoration of road from Dongibil to 80 Grant Solmari 2.4"
,,,Lakhimpur,"Lakhimpur Lakhimpur, Ronganadi & Bihpuria Temporary restoration of road from NH-15 at Dolahat to Pandhowa 1.98"
,,,Lakhimpur,"Lakhimpur Lakhimpur, Ronganadi & Bihpuria Temporary restoration of road from Bangalmora to Solmora under 1.02"
,,,Lakhimpur,"Lakhimpur Lakhimpur, Ronganadi & Bihpuria Temporary restoration of road from Grant to Meneha Road under 1.2"
,,,Lakhimpur,"Lakhimpur Lakhimpur, Ronganadi & Bihpuria Immediate/Temporary restoration of road from Laluk Bishrampur 2.7"
,,,Lakhimpur,"Lakhimpur Lakhimpur, Ronganadi & Bihpuria Temporary Restoration of road of No. 2 Karunabari to Ahom gaon 0.6"
,,,Lakhimpur,"Lakhimpur Lakhimpur, Ronganadi & Bihpuria Temporary Restoration of road of No. 2 Karunabari to Ahom gaon 1.2"
,,,Lakhimpur,"Lakhimpur Lakhimpur, Ronganadi & Bihpuria Temporary Restoration of road of 65/68 to Grant to Meneha Road 0.18"
,,,Charaideo,List of 25 SDRF Proposals of Power Department (Charaideo District)
,,,Charaideo,Charaideo
,,storm,,"Rev Circle Electrical Sub-Div. storm (Himpora, 1 No. 2,83,200.00"
,,,Charaideo,Charaideo Mahamora Electrical Sub-Div. electric poles and
,,storm,,damaged due to storm
,,,Charaideo,Charaideo Mahamora
,,storm,,"Rev Circle to storm (Sepon JB road, 12,90,000.00"
,,,Charaideo,Charaideo Electrical Sub-Div.
,,storm,,"Rev Circle to storm (Khumtai, 1,00,000.00"
,,,Charaideo,Charaideo Mahamora
,,storm,,"Rev Circle storm (Helaiguri, 69,030.00"
,,storm,,6 Restoration against Storm
,,,Charaideo,Charaideo
,,storm,,7 Sonari Electrical Restoration against Storm
,,,Charaideo,"Charaideo Sub-Div. (Bhojo, TiokRajabari,"
,,storm,,8 Restoration against Storm
,,,Charaideo,"Charaideo Sonari Electrical (Ward no 12, Borahi"
,,storm,,9 Restoration against Storm
,,,Charaideo,Charaideo Sonari Electrical
,,storm,,10 Restoration against Storm
,,,Charaideo,Charaideo
,,storm,,11 Restoration against Storm
,,,Charaideo,Charaideo
,,,Charaideo,Charaideo
,,storm,,"Rev Circle Sub-Div. damaged due to storm 1,04,430.00"
,,storm,Charaideo,"Charaideo storm (Goriachiga,"
,,storm,,"storm (Sapekhati,"
,,,Charaideo,"Charaideo GoriachigaGaon,"
,,storm,,"Sapekhati SapekhatiElectrical storm (Rohan Pathar,"
,,,Charaideo,Charaideo
,,storm,,"storm (Sapekhati,"
,,,Charaideo,"Charaideo GoriachigaGaon,"
,,,Charaideo,Charaideo
,,storm,,"storm (No.1Sumdar Grant,"
,,,Charaideo,Charaideo
,,storm,,"Rev Circle Sub-Div. damaged due to storm 1,47,500.00"
,,,Charaideo,Charaideo
,,storm,,"Rev Circle Sub-Div. damaged due to storm 1,41,600.00"
,,,Charaideo,Charaideo
,,storm,,"Rev Circle Sub-Div. storm (Chutiakari, Dillighat, 5,84,100.00"
,,,Charaideo,"21 Charaideo Sapekhati SapekhatiElectrical ""Immediate Restoration of 2,41,900.00"
,,storm,,"storm (OuguriShyamGaon,"
,,,Charaideo,"22 Charaideo MahamoraRev MahamoraElectrical ""Immediate Restoration of"
,,storm,,"storm (Naphuk, Khona,"
,,,Charaideo,23 Charaideo MahamoraRev MahamoraElectrical Immediate Restoration of
,,storm,,damaged due to storm
,,,Charaideo,24 Charaideo MahamoraRev MahamoraElectrical Immediate Restoration of
,,storm,,"damaged due to storm 1,70,000.00"
,,,Charaideo,25 Charaideo MahamoraRev MahamoraElectrical Immediate Restoration of
,,storm,,damaged due to storm
,,,Udalguri,List of 21 SDRF Proposals of Power Department (Udalguri District)
,,,Udalguri,Udalguri El.
,,storm,Udalguri,1 Udalguri Udalguri line the damage cost due to storm
,,,Udalguri,Udalguri El.
,,storm,Udalguri,2 Udalguri Udalguri line the damage cost due to storm
,,,Udalguri,Udalguri El.
,,storm,Udalguri,3 Udalguri Udalguri line the damage cost due to storm
,,,Udalguri,Udalguri El.
,,storm,Udalguri,4 Udalguri Udalguri line the damage cost due to storm
,,,Udalguri,Udalguri El.
,,storm,Udalguri,5 Udalguri Kalaigaon line the damage cost due to storm
,,,Udalguri,Udalguri El.
,,storm,Udalguri,6 Udalguri Kalaigaon line the damage cost due to storm
,,,Udalguri,Udalguri El.
,,storm,Udalguri,7 Udalguri Kalaigaon line the damage cost due to storm
,,,Udalguri,Udalguri El.
,,storm,Udalguri,8 Udalguri Kalaigaon line the damage cost due to storm
,,,Udalguri,Udalguri El.
,,storm,Udalguri,9 Udalguri Udalguri line the damage cost due to storm
,,,Udalguri,Udalguri El.
,,storm,Udalguri,10 Udalguri Udalguri line the damage cost due to storm
,,,Udalguri,Udalguri El.
,,storm,Udalguri,11 Udalguri Udalguri line the damage cost due to storm
,,,Udalguri,Udalguri El.
,,,Udalguri,"12 Udalguri Mazbat line the damages due to 5,36,900.00"
,,"flood, storm",,storm/flood for the year 2023-24
,,,Udalguri,Udalguri El.
,,,Udalguri,"13 Udalguri Mazbat line the damages due to 2,89,100.00"
,,"flood, storm",,storm/flood for the year 2023-24
,,,Udalguri,Udalguri El.
,,,Udalguri,"14 Udalguri Udalguri line the damages due to 7,03,280.00"
,,"flood, storm",,storm/flood for the year 2023-24
,,,Udalguri,Udalguri El.
,,,Udalguri,"15 Udalguri Mazbat line the damages due to 5,95,900.00"
,,"flood, storm",,storm/flood for the year 2023-24
,,,Udalguri,Udalguri El.
,,,Udalguri,"16 Udalguri Mazbat line the damages due to 10,10,670.00"
,,"flood, storm",,storm/flood for the year 2023-24
,,,Udalguri,Udalguri El.
,,,Udalguri,"17 Udalguri Mazbat line the damages due to 4,60,200.00"
,,"flood, storm",,storm/flood for the year 2023-24
,,,Udalguri,Udalguri El.
,,,Udalguri,"18 Udalguri Mazbat line the damages due to 2,83,000.00"
,,"flood, storm",,storm/flood for the year 2023-24
,,,Udalguri,Udalguri El.
,,,Udalguri,"19 Udalguri Mazbat line the damages due to 15,28,100.00"
,,"flood, storm",,storm/flood for the year 2023-24
,,,Udalguri,Udalguri El.
,,,Udalguri,"20 Udalguri Mazbat line the damages due to 14,66,150.00"
,,"flood, storm",,storm/flood for the year 2023-24
,,,Udalguri,Udalguri El.
,,,Udalguri,"21 Udalguri Mazbat line the damages due to 16,87,400.00"
,,"flood, storm",,storm/flood for the year 2023-24
,,"fire, storm",,1. RG Fire/Storm etc.
,,,Biswanath,1 Biswanath Chariali (BIS) 4.00000
,,,Bongaigaon,2 Bongaigaon (BNG) 12.00000
,,,Cachar,3 Cachar (CAC) 4.00000
,,,Darrang,4 Darrang (DAR) 4.00000
,,,Golaghat,5 Golaghat (GT) 16.00000
,,,West Karbi Anglong,West Karbi Anglong
,,,Jorhat,7 Jorhat (JOR) 4.00000
,,,Kamrup,"8 Kamrup,Amingaon (AKM) 4.00000"
,,,Kokrajhar,9 Kokrajhar (KKJ) 29.50000
,,,Morigaon,10 Morigaon (MRG) 20.00000
,,,Sivasagar,11 Sivasagar (SVS) 4.00000
,,,Udalguri,12 Udalguri (UDG) 4.00000
,,,Barpeta,13 Barpeta (BRT) 11.00000
,,,Chirang,15 Chirang (KJL) 4.00000
,,"fire, storm",,Total for RG Fire/Storm/Ex-Gratia (1+2) ₹ 964.91800 lakhs
,,,Baksa,2 BAKSA 196.00 24.00 52.00 27.00 0.60 14.00 18.00
,,,Barpeta,3 BARPETA 198.00 159.00 449.00 41.00 1.20 59.00 28.00
,,,Biswanath,4 BISWANATH 171.00 54.00 95.00 37.00 1.00 18.00 48.00
,,,Bongaigaon,5 BONGAIGAON 147.00 68.00 61.00 32.00 0.70 37.00 18.00
,,,Cachar,6 CACHAR 369.00 56.00 453.00 137.00 7.10 43.00 138.00
,,,Charaideo,7 CHARAIDEO 190.00 30.00 87.00 44.00 0.90 17.00 18.00
,,,Chirang,8 CHIRANG 189.00 23.00 55.00 29.00 0.60 14.00 15.00
,,,Darrang,9 DARRANG 206.00 75.00 141.00 87.00 0.70 33.00 81.00
,,,Dhemaji,10 DHEMAJI 210.00 31.00 71.00 37.00 0.70 23.00 18.00
,,,Dhubri,11 DHUBRI 307.00 29.00 93.00 35.00 0.80 48.00 17.00
,,,Dibrugarh,12 DIBRUGARH 236.00 85.00 136.00 40.00 1.80 28.00 27.00
,,,Goalpara,14 GOALPARA 294.00 42.00 57.00 92.00 1.40 24.00 21.00
,,,Golaghat,15 GOLAGHAT 153.00 28.00 106.00 29.00 0.80 15.00 15.00
,,,Hailakandi,16 HAILAKANDI 151.00 34.00 166.00 103.00 1.70 19.00 24.00
,,,Hojai,17 HOJAI 237.00 42.00 100.00 136.00 1.30 16.00 20.00
,,,Jorhat,18 JORHAT 154.00 30.00 63.00 30.00 0.60 13.00 30.00
,,,Kamrup,19 KAMRUP 277.00 60.00 64.00 157.00 2.50 30.00 14.00
,,,Kamrup,20 KAMRUP 70.00 18.00 34.00 18.00 0.40 7.00 9.00
,,,Karimganj,23 KARIMGANJ 327.00 90.00 268.00 222.00 1.90 35.00 29.00
,,,Kokrajhar,24 KOKRAJHAR 259.00 24.00 54.00 28.00 0.60 23.00 14.00
,,,Lakhimpur,25 LAKHIMPUR 764.00 52.00 96.00 42.00 0.90 23.00 46.00
,,,Majuli,26 MAJULI 506.00 49.00 66.00 30.00 0.70 15.00 16.00
,,,Morigaon,27 MORIGAON 112.00 74.00 172.00 38.00 2.10 19.00 15.00
,,,Nagaon,28 NAGAON 343.00 163.00 272.00 79.00 4.40 32.00 24.00
,,,Nalbari,29 NALBARI 242.00 58.00 80.00 29.00 0.90 37.00 37.00
,,,Sivasagar,30 SIVASAGAR 183.00 42.00 139.00 68.00 1.50 17.00 18.00
,,,Sonitpur,31 SONITPUR 142.00 36.00 82.00 36.00 0.90 17.00 28.00
,,,Tinsukia,34 TINSUKIA 149.00 38.00 78.00 92.00 0.80 15.00 19.00
,,,Udalguri,35 UDALGURI 416.00 26.00 60.00 30.00 0.70 22.00 76.00
,,flood,,"GR-Flood Fund released to the Districts, Co-Districts and Sub-Divisions"
,,,Karbi Anglong,1 Karbi Anglong 8.00 40 Raha 98.00
,,,Dima Hasao,2 Dima Hasao 59.00 41 Gohpur 50.00
,,,Charaideo,3 Charaideo 75.00 42 Behali 50.00
,,,West Karbi Anglong,5 West Karbi Anglong 75.00 44 Jonai 99.00
,,,Udalguri,6 Udalguri 43.00 45 Margherita 50.00
,,,Chirang,7 Chirang 42.00 46 Sadiya 50.00
,,,Jorhat,Jorhat
,,,Tinsukia,9 Tinsukia 75.00 48 Nazira 50.00
,,,Dibrugarh,10 Dibrugarh 75.00 49 Demow 50.00
,,,Hailakandi,12 Hailakandi 186.00 51 Bokakhat 179.16145
,,,Kamrup,13 Kamrup Metro 111.38886 52 Sarupathar 50.00
,,,Hojai,14 Hojai 149.00 53 Dergaon 50.00
,,,Goalpara,Goalpara
,,,Majuli,Majuli
,,,Biswanath,16 Biswanath 75.00 56 Dispur 50.00
,,,Karimganj,17 Karimganj 234.00 57 Dimoria 50.00
,,,Sonitpur,Sonitpur
,,,Golaghat,19 Golaghat 75.00 59 Jalukbari 50.00
,,,Kokrajhar,20 Kokrajhar 70.00 60 Sipajhar 154.00
,,,Dhemaji,21 Dhemaji 113.00 61 Dalgaon 280.00
,,,Lakhimpur,23 Lakhimpur 266.00 63 Laharighat 124.00
,,,South Salmara,24 South Salmara 168.00 64 Lumding 112.00
,,,Nagaon,25 Nagaon 481.00 65 Dhekiajuli 50.00
,,,Bongaigaon,26 Bongaigaon 132.00 66 Naduar 50.00
,,,Goalpara,27 Goalpara 253.00 67 Khowang 50.00
,,,Nalbari,28 Nalbari 468.00 68 Duliajan 50.00
,,,Darrang,29 Darrang 123.00 69 Tingkhang 50.00
,,,Kamrup,30 Kamrup 438.00 70 Naharkatia 50.00
,,,Cachar,31 Cachar 857.00 71 Mahmora 50.00
,,,Morigaon,32 Morigaon 216.2243 72 Patharkandi 104.00
,,,Dhubri,Dhubri
,,,Barpeta,34 Barpeta 790.00 74 Bokajan 67.00
,,flood,,the flood
,,cyclone,,"GR-Cyclone Fund released to the Districts, Co-Districts and Sub-Divisions (Civil)"
,,,Nagaon,1 Nagaon 1.5555
,,,Golaghat,2 Golaghat 17.90603
,,,Sivasagar,3 Sivasagar 58.43256
,,fire,," Incident-specific communication with concerned agencies—NDRF, SDRF, Fire &"
,,fire,,District Project Officers/ Police Control Room/ Police Station/ Fire Services of
,,fire,,"Circle Field Officer (DM). Additionally, the details are shared with Fire & ES Station/"
,,flood,,"10. During the notified flood period (1st May- 31st October), verify the Flood & Urban Flood"
,,"landslide, lightning, erosion, storm",,11. Storm/Lightning/Erosion/Landslide reports from districts sent on the DRIMS portal are
,,flood,,12. FLEWS (Flood Early Warning System) or CWC Flood Warning any other early warning
,,flood,,"after approval of the Engineering Consultant (Flood Mitigation), ASDMA by the"
,,flood,,Information Assistant on duty during flood season.
,,flood,,level to be maintained in SEOC under the guidance of Engineering Consultant (Flood
,,fire,,14. Coordinate with the APRO/ Fire and Emergency Service/ SDRF and NDRF personnel
,,flood,,river gauge stations of CWC (Central Water Commission) every day during the flood
,,flood,,17. Assist Officials of ASDMA in preparing the flood memorandum at the end of the flood
,,earthquake,,19. Collate reports on any other sudden disaster incidents like Earthquake andindustrial
,,earthquake,,"(Earthquake) along with In-charge, SEOC."
,,fire,,Control Room/ Police Station/ Fire & Emergency Service station/ Field Officers/ Gaon
,,fire,,immediately verified with concerned Police Station/ Fire & ES station/ Circle Officer/
,,fire,,"department, Fire & Emergency service/ SDRF, Health, Police, PWD roads etc. for"
,,flood,,Deptt./CWC/ IMD/ Agriculture Department etc. during notified flood season (1st May-
,,flood,,"11. Communicate the above information to Engineering Consultant (Flood Mitigation),"
,,flood,,flood season.
,,flood,,with Circle Officer of all Revenue Circles/Field Officers in the district for morning flood
,,flood,,"situation report, and submit the same to SEOC before 9 AM, during flood season."
,,flood,,preparation and submission of Daily Flood Report (DFR) and Urban Flood Report in
,,flood,,"DRIMS portal, during the notified flood period (1st May- 31st October), so as the"
,,"landslide, lightning, erosion, storm",,15. To verify the Storm/ Lightning/ Erosion/ Landslide reports submitted in the DRIMS
,,flood,,16. FLEWS (Flood Early Warning System) information & any other early warning received
,,earthquake,,17. In case of any other incident like earthquake or industrial disaster etc. reports to be
,,fire,,"18. Prepare a compilation of circle-wise fire reports, submit them for endorsement by the"
,,earthquake,,19. Circulate earthquake alerts issued by the National Center for Seismology (NCS)/
,,fire,,"1. Fire & Emergency Services, Assam to complete the procurement of"
,,fire,,2. Fire & Emergency Services to complete the price negotiation with
,,,Barpeta,"National Institute of Hydrology (NIH), DDMA Barpeta, CWC, NESAC"
,,,Barpeta,"environmental appraisal of Barpeta town, Howli town, Barpeta Road"
,,flood,,flood.
,,,Cachar,6. DDMA Cachar to submit status report on repair of steel boat under
,,,Cachar,DM Department. SEC also directed DDMA Cachar to ensure that the
,,flood,,8. GMDA/DoHUA to complete the projects approved for Urban Flood
,,flood,,to be implemented under the Urban Flood Risk Management
,,storm,Bongaigaon,poles and Transformers damaged due to storm under Bongaigaon and
,,,Hailakandi,Hailakandi Electrical Sub-Division for the year 2024.
,,,Cachar,"Water Transport Division, Cachar amounting to Rs. 5.86637"
,,,Cachar,"executed works of Inland Water Transport Division, Cachar for the year"
,,,Cachar,"Cachar, Silchar"
,,,Cachar,"Cachar, Silchar"
,,,Cachar,"Transport Division, Cachar,"
,,fire,,"Fire & Emergency Services, Assam under the component Capacity"
,,,Udalguri,pertaining to irrigation department in Udalguri District
,,,Udalguri,"road at Namatiko Mazbat, Udalguri under SDRF for the year 2022-23"""
,,,Udalguri,executed by Irrigation Department in Udalguri District.
,,flood,,7. 7 AAs issued to DoHUA for Urban Flood Risk Mitigation Project from
,,cyclone,,dues of GR-Cyclone from the H/A 2245-02-101-4704-000-32-01-(GR-
,,cyclone,,Cyclone)-SOPD-GSP under SDRF
,,,Dhemaji,9. Rs. 24.24 Lakh released to Dhemaji District for clearing outstanding
,,cyclone,,dues of GR-Cyclone from the H/A 2245-02-101-4704-000-32-01-(GR-
,,cyclone,,Cyclone)-SOPD-GSP under SDRF
,,,Kamrup,10. Rs. 16.42 lakh released to Kamrup (Metro) district for clearing
,,flood,,outstanding dues of GR-Flood from the H/A 2245-02-101-4703-000-
,,flood,,32-01-(GR-Flood)-SOPD-GSP under SDRF
,,,Golaghat,11. Rs. 50.00 lakh released to Golaghat district for clearing outstanding
,,flood,,dues of GR-Flood from the H/A 2245-02-101-4703-000-32-01-(GR-
,,flood,,Flood)-SOPD-GSP under SDRF
,,flood,,outstanding dues of GR-Flood from the H/A 2245-02-101-4703-000-
,,flood,,32-01-(GR-Flood)-SOPD-GSP under SDRF
,,,Dima Hasao,13. Rs. 50.00 lakh released to Dima Hasao district for clearing
,,flood,,outstanding dues of GR-Flood from the H/A 2245-02-101-4703-000-
,,flood,,32-01-(GR-Flood)-SOPD-GSP under SDRF
,,,Cachar,14. Rs. 99.13 lakh released to Cachar district for clearing outstanding
,,flood,,dues of GR-Flood from the H/A 2245-02-101-4703-000-32-01-(GR-
,,flood,,Flood)-SOPD-GSP under SDRF
,,,South Salmara,15. Rs. 433.05 lakh released to South Salmara Mancachar district for
,,flood,,clearing outstanding dues of GR-Flood from the H/A 2245-02-101-
,,flood,,4703-000-32-01-(GR-Flood)-SOPD-GSP under SDRF
,,,Dibrugarh,Dibrugarh Municipal Corporation as per Notification of MHA GoI following
,,,Udalguri,"34 Dhaneshwar Boro EE, Udalguri Mazbat Division, Irrigation 8399034713"
,,,Udalguri,"35 Santanu Sarmah AEE, Udalguri Mazbat Division, Irrigation 7002032401"
,,,Udalguri,"48 R.N. Das D.S.C.O. Soil Conservation, Udalguri 9435264176"
,,,Golaghat,S.J. Rahman Golaghat 9085757345
,,,Baksa,"Divisional Officer, Baksa Soil Conservation"
,,,Darrang,"53 Jayanta Kr. Das AE, Darrang WRD 8638246265"
,,,Nagaon,"54 Rupak Kumar Das JE, Nagaon WRD 7002554170"
,,,Darrang,"56 Jeeten Das EE, Darrang WR Division 6000482486"
,,,Jorhat,1 Jorhat Lakhimpu Seismic Requalification of 48.38 16th Appraisal
,,,Dhemaji,"College - PWD Dhemaji, under State Disaster December, 2025"
,,,Majuli,"Roads Majuli, Mitigation Fund for the recommended the"
,,,Jorhat,Jorhat place it before the SEC
,,,Darrang,2 PWD Roads Darrang Protection and prevention 749.857 16th Appraisal
,,flood,,"connecting road from flood December, 2025"
,,,Darrang,"Darrang District, Mangaldoi place it before the SEC"
,,,Darrang,3 PWD Roads Darrang Protection and prevention 1450.00 16th Appraisal
,,,Darrang,"Darrang District, Sipajhar place it before the SEC"
,,,Darrang,4 PWD Roads Darrang Protection and prevention 695.00 16th Appraisal
,,,Darrang,"in Darrang District, Sipajhar"
,,,Kamrup,5 PWD Roads Kamrup Protection and prevention 485.00 16th Appraisal
,,landslide,,landslide hazard near proposal and directed to
,,,Kamrup,"in Kamrup District,"
,,,Kamrup,6 PWD Roads Kamrup Protection and prevention 1775.00 16th Appraisal
,,landslide,,circle from landslide hazard recommended the
,,,Kamrup,"2025-26 in Kamrup District,"
,,,Darrang,7 PWD Roads Darrang Protection and prevention 1256.00 16th Appraisal
,,flood,,"Ghiladhar Road from flood December, 2025"
,,,Darrang,Darrang District of Assam. place it before the SEC
,,,Lakhimpur,in Lakhimpur District
,,,Lakhimpur,in Lakhimpur District
,,,Lakhimpur,2025-26 in Lakhimpur
,,,Lakhimpur,Lakhimpur District under
,,,Lakhimpur,Lakhimpur District under
,,flood,,Piping-Induced Flood Risk
,,,Lakhimpur,2025-26 in Lakhimpur
,,erosion,Dhubri,15 Irrigation Dhubri Erosion mitigation 35.00 16th Appraisal
,,,Baksa,16 Irrigation Baksa Protection work at Khoirani 185.00 16th Appraisal
,,,Baksa,17 Irrigation Baksa Protection work of Diring 190.00 16th Appraisal
,,,Barpeta,18 Irrigation Bajali Bank Protection at Barpeta 35.24 16th Appraisal
,,drought,Kamrup,25 Irrigation Kamrup Proposal on Drought 549.9078 16th Appraisal
,,,Kamrup,"Well system in Kamrup December, 2025"
,,flood,,26 Irrigation Flood mitigation project by 122.91 17th Appraisal
,,,Udalguri,Udalguri proposal and directed to
,,flood,,27 Irrigation Flood Mitigation Project in 1656.34 17th Appraisal
,,,Udalguri,"Udalguri January, 2026"
,,,Udalguri,"Udalguri January, 2026"
,,,Udalguri,"Udalguri January, 2026"
,,,Udalguri,"Udalguri January, 2026"
,,,Udalguri,Udalguri proposal and directed to
,,,Udalguri,"Udalguri January, 2026"
,,,Udalguri,"Udalguri January, 2026"
,,,Udalguri,"Udalguri January, 2026"
,,,Udalguri,"Udalguri January, 2026"
,,,Udalguri,"Udalguri January, 2026"
,,erosion,,along with Erosion recommended the
,,,Udalguri,Udalguri Protection proposal and directed to
,,erosion,,39 Irrigation Erosion protection at U/S 250.00 17th Appraisal
,,,Udalguri,Udalguri for the year 2024-25. proposal and directed to
,,,Udalguri,Udalguri proposal and directed to
,,flood,,41 Water Dima Construction of flood wall 1146.5 16th Appraisal
,,flood,,42 Water Dima Construction of flood wall 284.37 16th Appraisal
,,flood,,43 Water Dima Construction of flood wall 972.89 16th Appraisal
,,flood,,constructing flood wall proposal and directed to
,,flood,,45 Water South Flood Mitigation And 1291 16th Appraisal
,,flood,Cachar,45 Water Cachar Flood mitigation at 900.00 16th Appraisal
,,,Cachar,47 Water Cachar Mitigation of URBAN 315.00 16th Appraisal
,,flood,,Resources FLOOD of Silchar Town by committee held on 23rd
,,,Nagaon,48 Water Nagaon Resectioning and 490.76 16th Appraisal
,,,Nagaon,49 Water Nagaon Resectioning and 494.85 16th Appraisal
,,,Nagaon,50 Water Nagaon Immediate measures for 297.64 16th Appraisal
,,,Darrang,51 Darrang Dhansiri Eco Defence 1967.00 17th Appraisal
,,flood,,Water Project for Flood committee held on 23rd
,,erosion,,circle from erosion of river
,,,Cachar,Department Cachar proposal and directed to
,,,Cachar,year 2025-26 in Cachar
,,erosion,,circle from erosion of river
,,,Cachar,Cachar proposal and directed to
,,,Cachar,year 2025-26 in Cachar
,,,Cachar,"Resources Cachar Sonai Revenue Circle from January, 2026"
,,erosion,,erosion of river Borak
,,,Cachar,2025-26 in Cachar district
,,erosion,,erosion of river Borak
,,,Cachar,Department Cachar proposal and directed to
,,,Cachar,2025-26 in Cachar district
,,,Cachar,56 Cachar Protection and prevention 1100.00 17th Appraisal
,,erosion,,Circle from erosion of river
,,,Cachar,year 2025-26 in Cachar
,,,Cachar,57 Cachar Protection and prevention 3200.00 17th Appraisal
,,erosion,,erosion of river Borak
,,,Cachar,2025-26 in Cachar district
,,erosion,Golaghat,58 Soil Golaghat Anti-Erosion Management 190.00 16th Appraisal
,,,Golaghat,59 Soil Golaghat Construction of Water 278.00 16th Appraisal
,,drought,,"Department Combat Drought like December, 2025"
,,,Golaghat,Golaghat place it before the SEC
,,,Majuli,Department Majuli recommended the
,,,Majuli,Majuli proposal and directed to
,,erosion,,62 Soil Riverbank Erosion 513.66 17th Appraisal
,,,Golaghat,"Department Golaghat River at Bilotia Kaibartta January, 2026"
,,erosion,,63 Soil Anti-Erosion Measures and 515.00 17th Appraisal
,,,Golaghat,Golaghat proposal and directed to
,,erosion,,64 Anti-Erosion Management 515.00 17th Appraisal
,,,Golaghat,"Golaghat Pamua village January, 2026"
,,flood,,65 Mitigation of Flash Flood 107.60 17th Appraisal
,,,Baksa,Baksa place it before the SEC
,,"landslide, flood",,Conservation Flood and Landslide committee held on 23rd
,,,Baksa,Baksa Motigaon village proposal and directed to
,,flood,,67 Soil Mitigation of Flash Flood 238.45
,,,Baksa,Baksa Practices (EMPs) in Laupara
,,flood,,68 Mitigation of Flash Flood 239.00 17th Appraisal
,,,Baksa,Conservation Baksa place it before the SEC
,,flood,,69 Integrated flood Mitigation 152.36250 17th Appraisal
,,,Udalguri,Udalguri proposal and directed to
,,flood,,Conservation caused by flood of Dimou committee held on 23rd
,,,Dibrugarh,Dibrugarh Management recommended the
,,,Dibrugarh,Dibrugarh
,,flood,Cachar,Cachar Purpose Flood Shelter committee held on 23rd
,,,Cachar,Silchar under Cachar
,,flood,,Purpose Flood Shelter committee held on 23rd
,,,Karimganj,Bhumi (Karimganj)
,,flood,,Purpose Flood Shelter committee held on 23rd
,,,Hailakandi,Hailakandi
,,flood,,Purpose Flood Shelter committee held on 23rd
,,,Dhubri,PWD Building Dhubri recommended the
,,,Dhubri,Dhubri
,,flood,,Purpose Flood Shelter committee held on 23rd
,,,Kamrup,PWD Building Kamrup recommended the
,,,Kamrup,Nagarbera under Kamrup
,,,Kamrup,1 Kamrup 7 18.4700
,,,Dhemaji,2 Dhemaji 75 173.2630
,,,Bongaigaon,3 Bongaigaon 5 36.1500
,,,Lakhimpur,4 Lakhimpur 59 60.3130
,,,Darrang,6 Darrang 27 119.3847
,,,Hojai,7 Hojai 6 11.9080
,,,Morigaon,8 Morigaon 7 24.3200
,,,Nagaon,9 Nagaon 13 19.9500
,,,Sonitpur,10 Sonitpur 8 17.4900
,,,Golaghat,11 Golaghat 23 32.9255
,,,Kokrajhar,12 Kokrajhar 3 5.7600
,,,Dima Hasao,13 Dima Hasao 101 661.5250
,,,Udalguri,14 Udalguri 3 15.0000
,,,Dhubri,15 Dhubri 7 34.1442
,,,Kamrup,1 Kamrup Kamrup 2.7000 Yes 2.71 Yes Yes Yes Yes Yes RR 4.523 Formation
,,,Kamrup,South Kamrup Territorial
,,,Kamrup,2 Kamrup Kamrup 2.0000 Yes 2.05 Yes Yes Yes Yes Yes RR 3.410 Formation
,,,Kamrup,South Kamrup Territorial
,,,Kamrup,3 Kamrup Kamrup 1.7000 Yes 1.68 Yes Yes Yes Yes Yes RR 2.805 Formation
,,,Kamrup,South Kamrup Territorial
,,,Kamrup,4 Kamrup Kamrup Palasiding and Sand fill bag 1.9500 Yes 1.93 Yes Yes Yes Yes Yes RR 3.221 Formation
,,,Kamrup,South Kamrup Territorial
,,,Kamrup,5 Kamrup Kamrup 1.7200 Yes 1.69 Yes Yes Yes Yes Yes RR 2.811 Formation
,,,Kamrup,South Kamrup Territorial
,,,Kamrup,6 Kamrup Kamrup 3.0000 Yes 3.00 Yes Yes Yes Yes Yes RR 5.000 Formation
,,,Kamrup,South Kamrup Territorial
,,,Kamrup,7 Kamrup Kamrup 5.4000 Yes 5.40 Yes Yes Yes Yes Yes RR 9.000 Formation
,,,Kamrup,South Kamrup Territorial
,,,Dhemaji,Dhemaji Spur and
,,flood,,Flood Damage Taring Bonia Road
,,,Dhemaji,"8 Dhemaji District 2.0100 Yes 2.04 Yes Yes Yes Yes Yes RR 3.400 Palisading, GSB-I,"
,,flood,Dhemaji,Dhemaji flood damage road on No. 2 embankme
,,,Dhemaji,9 Dhemaji District Borajan Kachari gaon to 1.5000 Yes 1.50 Yes Yes Yes Yes Yes RR 2.500 nt and road
,,flood,Dhemaji,Dhemaji flood damage road on embankme
,,,Dhemaji,10 Dhemaji District Adikaliaya No.1 to Adikaliya 4.2000 Yes 4.20 Yes Yes Yes Yes Yes RR 7.000 nt and road
,,flood,Dhemaji,Dhemaji Flood Damage road on embankme
,,,Dhemaji,11 Dhemaji District Subahi Chariali to Raiting via 5.0000 Yes 5.04 Yes Yes Yes Yes Yes RR 8.400 nt and road
,,flood,Dhemaji,Dhemaji flood damage road on embankme
,,,Dhemaji,12 Dhemaji District Bishnupur to Shantipur Daily 2.5000 Yes 2.52 Yes Yes Yes Yes Yes RR 4.200 nt and road
,,flood,Dhemaji,Dhemaji flood damage road on Road
,,,Dhemaji,13 Dhemaji District Kaitong Tiniali to Koyang 1.5000 Yes 1.50 Yes Yes Yes Yes Yes RR 2.500 embankme
,,flood,,Flood Damage road from No.
,,,Dhemaji,Dhemaji 1 Gohainpam Tiniali to Road
,,,Dhemaji,14 Dhemaji District Bangalmari Dhunaguri under 1.3900 Yes 1.40 Yes Yes Yes Yes Yes RR 2.326 surface
,,,Dhemaji,under Dhemaji TRD in
,,,Dhemaji,Dhemaji District.
,,flood,,Flood Damaged road from
,,,Dhemaji,Dhemaji Hatipara Road. (PMGSY Road
,,,Dhemaji,15 Dhemaji District Package No. AS-04-143) 2.5000 Yes 2.83 Yes Yes Yes Yes Yes RR 4.714 surface
,,,Dhemaji,2024-25 under Dhemaji
,,,Dhemaji,Dhemaji District.
,,flood,Dhemaji,Dhemaji Flood Damaged road on embankme
,,,Dhemaji,"16 Dhemaji District Amulguri Kachari Gaon to 2.5000 Yes 2.55 Yes Yes Yes Yes Yes RR 4.250 nt and road E/W in core, GSB"
,,flood,Dhemaji,Dhemaji Flood Damaged road on Road
,,,Dhemaji,17 Dhemaji District Hatipara Simoluguri Tiniali to 1.5000 Yes 1.50 Yes Yes Yes Yes Yes RR 2.500 embankme GSB
,,flood,Dhemaji,Dhemaji Flood Damaged road on No. Road
,,,Dhemaji,18 Dhemaji District 1 Meleki to Borajan 2.0000 Yes 2.04 Yes Yes Yes Yes Yes RR 3.400 embankme
,,flood,Dhemaji,Dhemaji Flood Damaged road on Road
,,,Dhemaji,19 Dhemaji District Naharbari PWD Road to 1.5000 Yes 1.50 Yes Yes Yes Yes Yes RR 2.500 embankme
,,flood,,Flood Damage road on
,,,Dhemaji,Dhemaji Road
,,,Dhemaji,20 Dhemaji District 2.5000 Yes 2.52 Yes Yes Yes Yes Yes RR 4.200 embankme GSB
,,flood,Dhemaji,Dhemaji Flood Damage road on Road
,,,Dhemaji,21 Dhemaji District Majchuk Ramen Tiniali to 1.5000 Yes 1.50 Yes Yes Yes Yes Yes RR 2.500 embankme GSB
,,flood,Dhemaji,Dhemaji Flood Damaged road on No. Road
,,,Dhemaji,22 Dhemaji District 2 Kosoiting to Jiadhal 2.5000 Yes 2.52 Yes Yes Yes Yes Yes RR 4.200 embankme GSB
,,flood,,Flood Damaged road from Single Bamboo
,,,Dhemaji,"Dhemaji Deogharia to Shantipur Palisading, GSB,"
,,,Dhemaji,23 Dhemaji District Majgaon Road under SDRF 4.0000 Yes 4.50 Yes Yes Yes Yes Yes RR 7.500 Sand Filled cement
,,,Dhemaji,Dhemaji TRD in Dhemaji embankment
,,,Dhemaji,District. Dhemaji LAC.
,,flood,Dhemaji,Dhemaji Flood Damaged road on NH- Road
,,,Dhemaji,24 Dhemaji District 15 at Samarajan Tiniali to 2.5000 Yes 2.52 Yes Yes Yes Yes Yes RR 4.200 embankme GSB
,,flood,,Flood Damaged road on Single Bamboo
,,,Dhemaji,Dhemaji Road
,,,Dhemaji,25 Dhemaji District 2.5000 Yes 2.70 Yes Yes Yes Yes Yes RR 4.500 embankme
,,flood,Dhemaji,Dhemaji Flood Damage road on Road
,,,Dhemaji,26 Dhemaji District Butikur Siga Tiniali to Newar 2.0000 Yes 2.04 Yes Yes Yes Yes Yes RR 3.400 embankme GSB
,,flood,,Flood Damaged road from
,,,Dhemaji,Dhemaji surface and Spur and
,,,Dhemaji,"27 Dhemaji District 1.4900 Yes 1.97 Yes Yes Yes Yes Yes RR 3.290 culvert Palisading, E/w"
,,,Dhemaji,Dhemaji TRD in Dhemaji
,,flood,Dhemaji,Dhemaji Flood Damage road on Road
,,,Dhemaji,28 Dhemaji District Singimari Tiniali to Moridhal 2.5000 Yes 2.58 Yes Yes Yes Yes Yes RR 4.300 embankme GSB
,,flood,Dhemaji,Dhemaji Flood Damaged road on Road Spur and
,,,Dhemaji,"29 Dhemaji District Perabhari Ghat Tiniali to 1.5000 Yes 1.50 Yes Yes Yes Yes Yes RR 2.500 embankme Palisading, GSB,"
,,flood,,Flood Damaged road from
,,,Dhemaji,Dhemaji Road Spur and
,,,Dhemaji,"30 Dhemaji District 5.0000 Yes 5.34 Yes Yes Yes Yes Yes RR 8.900 embankme Palisading, GSB,"
,,,Dhemaji,year 2024-25 under Dhemaji
,,,Dhemaji,TRD in Dhemaji District.
,,flood,,Flood Damaged road from
,,,Dhemaji,Dhemaji Baruah chariali to Borajan
,,,Dhemaji,31 Dhemaji District Bazar via Narayanpuria 1.9100 Yes 1.92 Yes Yes Yes Yes Yes RR 3.193
,,,Dhemaji,2024-25 under Dhemaji TRD
,,,Dhemaji,in Dhemaji District.
,,,Dhemaji,Dhemaji Road
,,flood,,Flood Damaged road on NH-
,,,Dhemaji,32 Dhemaji District 2.5000 Yes 2.56 Yes Yes Yes Yes Yes RR 4.260 embankme GSB
,,flood,,Flood Damaged NH-15 to
,,,Dhemaji,Dhemaji Municipal Solid Single Bamboo
,,,Dhemaji,Dhemaji Road
,,,Dhemaji,33 Dhemaji District 0.3730 Yes 0.39 Yes Yes Yes Yes Yes RR 0.650 surface
,,flood,,Flood Damaged road on
,,,Dhemaji,Dhemaji Jiadhal Amulguri Tiniali to Road
,,,Dhemaji,34 Dhemaji District Singimari LP School via 2.5000 Yes 2.52 Yes Yes Yes Yes Yes RR 4.200 embankme GSB
,,flood,Dhemaji,Dhemaji Flood Damaged road on Road
,,,Dhemaji,"35 Dhemaji District Hechulipam to salmari 2.0000 Yes 2.04 Yes Yes Yes Yes Yes RR 3.400 embankme GSB, E/w in core"
,,flood,,Flood Damaged road on NH-
,,,Dhemaji,Dhemaji Road
,,,Dhemaji,36 Dhemaji District 3.0000 Yes 3.00 Yes Yes Yes Yes Yes RR 5.000 embankme GSB
,,flood,Dhemaji,Dhemaji flood Damage Baligaon to Spur and
,,,Dhemaji,"37 Dhemaji District Kechakathani road (PMGSY 2.1000 Yes 3.97 Yes Yes Yes Yes Yes RR 6.617 Palisading, GSB-I,"
,,flood,,Flood Damaged road from
,,,Dhemaji,Dhemaji
,,,Dhemaji,38 Dhemaji District 3.9000 Yes 3.90 Yes Yes Yes Yes Yes RR 6.500
,,,Dhemaji,Dhemaji TRD in Dhemaji
,,,Dhemaji,District. Dhemaji LAC
,,flood,Dhemaji,Dhemaji Flood Damaged Borola Spur and
,,,"Dhemaji, Nalbari","39 Dhemaji District Chariali to Nalbari Road 4.0000 Yes 4.14 Yes Yes Yes Yes Yes RR 6.900 Palisading, GSB-I,"
,,,Dhemaji,Dhemaji Spur and
,,flood,,Flood Damage Moinapara to bridge
,,,Dhemaji,"40 Dhemaji District 2.5000 Yes 3.36 Yes Yes Yes Yes Yes RR 5.600 Palisading, GSB-I,"
,,flood,,Flood Damage Joyrampur
,,,Dhemaji,"Dhemaji Palisading,"
,,,Dhemaji,41 Dhemaji District 2.7300 Yes 2.74 Yes Yes Yes Yes Yes RR 4.570 construction of
,,flood,Dhemaji,Dhemaji Flood Damage NLGR Road Spur and
,,,Dhemaji,"42 Dhemaji District to Kongkurpur Village Road 2.0400 Yes 2.04 Yes Yes Yes Yes Yes RR 3.400 Palisading, GSB-I,"
,,,Dhemaji,Dhemaji Spur and
,,flood,,Flood Damage Kowpatani road
,,,Dhemaji,"43 Dhemaji District 2.5000 Yes 2.52 Yes Yes Yes Yes Yes RR 4.200 Palisading, GSB-I,"
,,,Nalbari,Tiniali to Nalbari Road under surface
,,flood,,Flood Damaged road from Road and Single Bamboo
,,,Dhemaji,Dhemaji Chenia to Jorai Gaon via bridge Spur and
,,,Dhemaji,"44 Dhemaji District Majorbari Deori Gaon under 2.4800 Yes 2.70 Yes Yes Yes Yes Yes RR 4.500 approach Palisading, GSB-I,"
,,,Dhemaji,under Dhemaji TRD in damage bag
,,,Dhemaji,Dhemaji District.
,,flood,,Flood damaged road from
,,,Dhemaji,"45 Dhemaji 0.6000 Yes 0.60 Yes Yes Yes Yes Yes RR Palisading, GSB,"
,,,Dhemaji,Division in Dhemaji District
,,flood,,Flood damaged road from
,,,Dhemaji,46 Dhemaji under SDRF(FDR) for the 0.3300 Yes 0.60 Yes Yes Yes Yes Yes RR Sand Gravel
,,,Dhemaji,Division in Dhemaji District
,,flood,,Flood damaged road from
,,,Dhemaji,47 Dhemaji Package No.AS04-229 ) 1.0400 Yes 1.20 Yes Yes Yes Yes Yes RR 2 bamboo bridge
,,,Dhemaji,Division in Dhemaji District
,,flood,,Temporary Resoration flood
,,,Dhemaji,48 Dhemaji 1.6900 Yes 1.80 Yes Yes Yes Yes Yes RR 3.000 surface Bamboo bridge
,,,Dhemaji,Division in Dhemaji District.
,,flood,,Temporary Resoration flood
,,,Dhemaji,"49 Dhemaji year 2024-25 under 79 3.0000 Yes 3.00 Yes Yes Yes Yes Yes RR 5.000 palasiding, sand"
,,,Dhemaji,Division in Dhemaji Dist.(L=
,,flood,,Temporary Resoration flood
,,,Dhemaji,50 Dhemaji 0.4900 Yes 0.60 Yes Yes Yes Yes Yes RR 1.000 surface Sand Gravel
,,,Dhemaji,Division in Dhemaji District
,,flood,,Temporary Resoration flood
,,,Dhemaji,51 Dhemaji 1.5600 Yes 1.80 Yes Yes Yes Yes Yes RR 3.000 surface Sand Gravel
,,,Dhemaji,Division in Dhemaji District
,,flood,,Restoration of flood
,,,Dhemaji,52 Dhemaji 1.9900 Yes 2.17 Yes Yes Yes Yes Yes RR 3.620 approach
,,,Dhemaji,Division in Dhemaji District.
,,flood,,Restoration of flood
,,,Dhemaji,53 Dhemaji Zepoobasti road for the year 1.5400 Yes 2.17 Yes Yes Yes Yes Yes RR 3.620 approach
,,,Dhemaji,Division in Dhemaji District
,,flood,,Restoration of flood
,,,Dhemaji,"54 Dhemaji Dharmapur Road for the year 1.9700 Yes 2.02 Yes Yes Yes Yes Yes RR 3.360 surface GSB, Bamboo"
,,,Dhemaji,Dhemaji District.
,,flood,,Restoration of flood
,,,Dhemaji,"55 Dhemaji 1.8000 Yes 2.37 Yes Yes Yes Yes Yes RR 3.950 surface GSB, Bamboo"
,,,Dhemaji,Dhemaji District
,,flood,,Temporary Resoration flood
,,,Dhemaji,56 Dhemaji under SDRF(FDR) for the 0.7000 Yes 2.10 Yes Yes Yes Yes Yes RR 3.500 surface
,,,Dhemaji,Division in Dhemaji District
,,flood,,Temporary Resoration flood
,,,Dhemaji,57 Dhemaji SDRF(FDR) for the year 3.2500 Yes 4.50 Yes Yes Yes Yes Yes RR 7.500 surface
,,,Dhemaji,Division in Dhemaji District
,,flood,,Temporary Resoration flood
,,,Dhemaji,"58 Dhemaji 1.6900 Yes 1.80 Yes Yes Yes Yes Yes RR 3.000 surface Palasiding, Sand"
,,,Dhemaji,Division in Dhemaji District
,,flood,,Temporary Resoration flood
,,,Dhemaji,59 Dhemaji 1.8800 Yes 2.10 Yes Yes Yes Yes RR 3.500 surface
,,,Dhemaji,Division in Dhemaji District
,,flood,,Temporary Resoration flood
,,,Dhemaji,60 Dhemaji SDRF(FDR) for the year 2.2200 Yes 2.22 Yes Yes Yes Yes Yes RR 3.700 surface
,,,Dhemaji,Division in Dhemaji District
,,flood,,Temporary Resoration flood
,,,Dhemaji,"61 Dhemaji 1.6600 Yes 4.80 Yes Yes Yes Yes Yes RR 8.000 bridge GSB, Bamboo"
,,,Dhemaji,Division in Dhemaji District
,,flood,,Resoration flood damged
,,,Dhemaji,"62 Dhemaji 2024-25 under 79- 1.4300 Yes 1.44 Yes Yes Yes Yes Yes RR 2.400 bridge GSB, Bamboo"
,,,Dhemaji,Division in Dhemaji Dist.
,,flood,,Repair & restoration of flood
,,,Dhemaji,63 Dhemaji 2.6000 Yes 4.45 Yes Yes Yes Yes Yes RR 7.411 embankme
,,,Dhemaji,2024-25 of Dhemaji District
,,flood,,Repair & restoration of flood
,,,Dhemaji,64 Dhemaji cement bag & Sand 2.1000 Yes 2.10 Yes Yes Yes Yes Yes RR 3.500 embankme cement bag &
,,,Dhemaji,of Dhemaji District
,,flood,,Repair & restoration of flood
,,,Dhemaji,65 Dhemaji 1.1400 Yes 4.23 Yes Yes Yes Yes Yes RR 7.057 surface Sand Gravel
,,,Dhemaji,2024-25 of Dhemaji District
,,flood,,Repair & restoration of flood
,,,Dhemaji,"66 Dhemaji bamboo palasiding & sandfill 0.9900 Yes 0.99 Yes Yes Yes Yes Yes RR 1.650 embankme Palasiding, Sand"
,,,Dhemaji,of Dhemaji District
,,flood,,Repair & restoration of flood
,,,Dhemaji,67 Dhemaji 3.0600 Yes 3.06 Yes Yes Yes Yes Yes RR 5.100 embankme
,,,Dhemaji,2024-25 of Dhemaji District.
,,flood,,restoration of flood damage
,,,Dhemaji,68 Dhemaji 4.9900 Yes 4.98 Yes Yes Yes Yes Yes RR 8.300
,,,Dhemaji,the year 2024-25 of Dhemaji bags
,,flood,,restoration of flood damage
,,,Dhemaji,69 Dhemaji 3.3000 Yes 5.40 Yes Yes Yes Yes Yes RR 9.000
,,,Dhemaji,of Dhemaji Dist.(80 Jonai
,,flood,,restoration of flood damage
,,,Dhemaji,70 Dhemaji 1.3600 Yes 9.00 Yes Yes Yes Yes Yes RR 15.000
,,,Dhemaji,Dhemaji Dist.(80 Jonai LAC)
,,flood,,restoration of flood damage
,,,Dhemaji,71 Dhemaji 1.2000 Yes 1.20 Yes Yes Yes Yes Yes RR 2.000
,,,Dhemaji,of Dhemaji Dist.(114 Jonai bags
,,flood,,restoration of flood damage
,,,Dhemaji,"72 Dhemaji ,(L=9.70KM) under SDRF 4.9000 Yes 5.82 Yes Yes Yes Yes Yes RR 9.700 bag, E/w in"
,,,Dhemaji,of Dhemaji Dist.(80 Jonai bridge approach
,,flood,,restoration of flood damage
,,,Dhemaji,73 Dhemaji (L=3.10KM) SDRF (FDR) for 1.7000 Yes 1.86 Yes Yes Yes Yes Yes RR 3.100
,,,Dhemaji,the year 2024-25 of Dhemaji
,,flood,,Restoration of flood
,,,Dhemaji,"74 Dhemaji Camp Road for the year 1.6800 Yes 1.68 Yes Yes Yes Yes Yes RR 2.800 surface GSB, Bamboo"
,,,Dhemaji,Dhemaji Dist.(80 Jonai LAC)
,,flood,,Restoration of Flood E/w in
,,,Dhemaji,75 Dhemaji year 2024-25 under 80 Jonai 3.9300 Yes 3.94 Yes Yes Yes Yes Yes RR 6.560 bridge Palasiding and
,,,Dhemaji,Road Division in Dhemaji damage Bamboo foot
,,flood,,Restoration of flood
,,,Dhemaji,"76 Dhemaji Deorighat Road under 80- 2.9100 Yes 3.15 Yes Yes Yes Yes Yes RR 5.250 bridge GSB, Bamboo"
,,,Dhemaji,Dhemaji District.
,,flood,,Restoration of flood
,,,Dhemaji,"77 Dhemaji N.C. for the year 2024-25 1.9800 Yes 4.43 Yes Yes Yes Yes Yes RR 7.380 bridge GSB, Bamboo"
,,,Dhemaji,Division in Dhemaji District
,,flood,,Restoration of flood
,,,Dhemaji,"78 Dhemaji Deorighat for the year 2024- 3.4300 Yes 4.38 Yes Yes Yes Yes Yes RR 7.300 bridge GSB, Bamboo"
,,,Dhemaji,Division in Dhemaji District
,,flood,,restoration of flood damaged
,,,Dhemaji,"79 Dhemaji 2024-25 under 80- Jonai 1.9600 Yes 1.99 Yes Yes Yes Yes Yes RR 3.315 bridge GSB, Bamboo"
,,,Dhemaji,Road Division in Dhemaji damage sand filled bags
,,flood,,restoration of flood damage
,,,Dhemaji,80 Dhemaji No AS-04-27 (L=8.33KM) 4.8000 Yes 5.00 Yes Yes Yes Yes Yes RR 8.330
,,,Dhemaji,year 2024-25 of Dhemaji
,,flood,,restoration of Flood
,,,"Dhemaji, Nalbari","81 Dhemaji Nalbari for the year 2024-25 2.0000 Yes 2.09 Yes Yes Yes Yes Yes RR 3.480 surface GSB, Bamboo"
,,,Dhemaji,in Dhemaji Dist.
,,flood,,Repair & restoration of flood
,,,Dhemaji,82 Dhemaji providing Bamboo 3.7700 Yes 5.70 Yes Yes Yes Yes Yes RR 9.500
,,,Dhemaji,2024-25 of Dhemaji District
,,flood,,Restoration of flood
,,flood,,Restoration of flood
,,flood,,Restoration of flood
,,flood,,Restoration of Flood
,,,Lakhimpur,"Lakhimpur,"
,,,Lakhimpur,88 Lakhimpur Seajuli to Bagangaon Road 0.5262 Yes 0.60 Yes Yes Yes Yes Yes RR 1.000 surface
,,,Lakhimpur,"Lakhimpur, hard crust Bamboo"
,,,Lakhimpur,89 Lakhimpur Dirgha Dafalabasti Road 0.1617 Yes 1.20 Yes Yes Yes Yes Yes RR 2.000
,,,Lakhimpur,"Lakhimpur, hard crust Bamboo"
,,,Lakhimpur,90 Lakhimpur Kadam Seajuli Road Under 0.3604 Yes 4.80 Yes Yes Yes Yes Yes RR 8.000
,,,Lakhimpur,"Lakhimpur,"
,,,Lakhimpur,91 Lakhimpur Dirgha Majgaon Road Under 0.1194 Yes 1.20 Yes Yes Yes Yes Yes RR 2.000 GSB
,,,Lakhimpur,"Lakhimpur, Shoulder,"
,,,Lakhimpur,"92 Lakhimpur Pandhowa Mohghuli Road 0.5764 Yes 0.60 Yes Yes Yes Yes Yes RR 1.000 filled bags, Sand"
,,,Lakhimpur,"Lakhimpur, Temporary Restoration of Shoulder, Bamboo"
,,,Lakhimpur,93 Lakhimpur 0.6000 Yes 4.20 Yes Yes Yes Yes Yes RR 7.000
,,,Lakhimpur,"Lakhimpur, Shoulder,"
,,,Lakhimpur,"94 Lakhimpur 6568 grant (Meneha to 0.6000 Yes 1.35 Yes Yes Yes Yes Yes RR 2.250 filled bags, Sand"
,,,Lakhimpur,"Lakhimpur, Shoulder,"
,,,Lakhimpur,95 Lakhimpur Ranabari via Sonapur No.2 1.8000 Yes 2.06 Yes Yes Yes Yes Yes RR 3.430 Granular materials
,,,Lakhimpur,"Lakhimpur, Shoulder, Bamboo"
,,,Lakhimpur,96 Lakhimpur 2/1 approaches) road from 0.2900 Yes 3.00 Yes Yes Yes Yes Yes RR 5.000
,,flood,,flood damages by providing
,,,Lakhimpur,"97 Lakhimpur na & bamboo bridge No.1/1 0.5919 Yes 2.32 Yes Yes Yes Yes Yes RR 3.870 bridge filled bags, Sand"
,,flood,,"PWRD, flood damages by providing"
,,,Lakhimpur,"98 Lakhimpur na & cement bag on Balahi to 0.6048 Yes 0.60 Yes Yes Yes Yes Yes RR 1.000 surface Palasading, Sand"
,,flood,,"PWRD, flood damages by providing"
,,,Lakhimpur,"99 Lakhimpur na & cement bag on Jalbhari to 0.6048 Yes 0.60 Yes Yes Yes Yes Yes RR 1.000 surface Palasading, Sand"
,,flood,,flood damages of Bamboo Bamboo
,,,Lakhimpur,100 Lakhimpur na & 2.3760 Yes 2.82 Yes Yes Yes Yes Yes RR 4.700 surface
,,flood,,"PWRD, flood damages by providing"
,,,Lakhimpur,101 Lakhimpur na & 1650 m) on Namoni 0.5274 Yes 1.08 Yes Yes Yes Yes Yes RR 1.800 surface Bamboo bridge
,,flood,,flood damages by providing
,,,Lakhimpur,102 Lakhimpur na & 0.5974 Yes 0.60 Yes Yes Yes Yes Yes RR 1.000 surface GSB
,,flood,,"PWRD, flood damages by providing"
,,,Lakhimpur,103 Lakhimpur na & earth filled cement bags on 0.5900 Yes 2.46 Yes Yes Yes Yes Yes RR 4.100 surface Palasiding and
,,flood,,"PWRD, flood damages by providing Bamboo"
,,,Lakhimpur,"104 Lakhimpur na & palisading & GSB on 0.5900 Yes 1.20 Yes Yes Yes Yes Yes RR 2.000 surface filled bags, Sand"
,,flood,,flood damages by providing
,,,Lakhimpur,105 Lakhimpur na & 0.5937 Yes 0.60 Yes Yes Yes Yes Yes RR 1.000 surface GSB
,,flood,,"PWRD, flood damages at the"
,,,Lakhimpur,"106 Lakhimpur na & No.2/1 (Bhimpara) on 1.1850 Yes 1.86 Yes Yes Yes Yes Yes RR 3.100 surface Palasading, Sand"
,,flood,,flood damages by providing
,,,Lakhimpur,107 Lakhimpur na & 0.5943 Yes 0.60 Yes Yes Yes Yes Yes RR 1.000 surface GSB
,,flood,,Flood Damages of Aunibari
,,,Lakhimpur,"108 Lakhimpur na & 1.1970 Yes 1.86 Yes Yes Yes Yes Yes RR 3.100 surface Palasading, Sand"
,,flood,,flood damages by providing
,,,Lakhimpur,109 Lakhimpur na & 0.5700 Yes 1.11 Yes Yes Yes Yes Yes RR 1.850 surface Palasiding and
,,flood,,"Dhakuakha flood damages of road road E/w, GSB, Bamboo"
,,,Lakhimpur,110 Lakhimpur na & embankment on Pohumara 0.5900 Yes 7.20 Yes Yes Yes Yes Yes RR 12.000 surface Palasiding and
,,flood,,flood damages of road
,,,Lakhimpur,"111 Lakhimpur na & 0.6000 Yes 3.00 Yes Yes Yes Yes Yes RR 5.000 surface Palisading, Sand"
,,flood,,flood damages of road from
,,,Lakhimpur,112 Lakhimpur na & 1.8000 Yes 1.80 Yes Yes Yes Yes Yes RR 3.000 surface
,,flood,,Dhakuakha flood damages of road road
,,,Lakhimpur,113 Lakhimpur na & embankment at Dharmapur 1.2000 Yes 4.17 Yes Yes Yes Yes Yes RR 6.950 surface
,,flood,,flood damages of road Bamboo
,,,Lakhimpur,114 Lakhimpur na & 3.4000 Yes 4.17 Yes Yes Yes Yes Yes RR 6.950 surface
,,flood,,flood damages of road from Bamboo
,,,Lakhimpur,115 Lakhimpur na & 0.5500 Yes 0.66 Yes Yes Yes Yes Yes RR 1.100 surface
,,flood,,Dhakuakha flood damages of road from road
,,,Lakhimpur,116 Lakhimpur na & Fatehpur to Juva Nagar 1.0800 Yes 1.77 Yes Yes Yes Yes Yes RR 2.950 surface
,,flood,,"flood damages of 11mile to side berm, bamboo"
,,,Lakhimpur,117 Lakhimpur na & 0.6007 Yes 1.20 Yes Yes Yes Yes Yes RR 2.000 surface
,,flood,,Dhakuakha flood damages of road
,,,Lakhimpur,"118 Lakhimpur 1.2000 Yes 1.74 Yes Yes Yes Yes Yes RR 2.900 surface palasiding, sand"
,,flood,,Dhakuakha flood damages on road
,,,Lakhimpur,119 Lakhimpur na & PANIGAON TO NA-ALI 0.5900 Yes 1.20 Yes Yes Yes Yes Yes RR 2.000 surface
,,flood,,flood damages of road
,,,Lakhimpur,"120 Lakhimpur na & 1.5300 Yes 1.56 Yes Yes Yes Yes Yes RR 2.600 surface Palasading, Sand"
,,flood,,"PWRD, flood damages by providing"
,,,Lakhimpur,121 Lakhimpur na & Mahonibari to Chenimari 0.5900 Yes 0.60 Yes Yes Yes Yes Yes RR approach
,,flood,,flood damage area by Bamboo
,,,Lakhimpur,122 Lakhimpur na & 0.6000 Yes 1.20 Yes Yes Yes Yes Yes RR 2.000 surface
,,flood,,flood damages by providing
,,,Lakhimpur,123 Lakhimpur na & 0.5900 Yes 0.60 Yes Yes Yes Yes Yes RR approach
,,flood,,flood damages by providing
,,,Lakhimpur,124 Lakhimpur na & 0.5900 Yes 0.60 Yes Yes Yes Yes Yes RR approach
,,flood,,flood damages at Bamboo Bamboo
,,,Lakhimpur,125 Lakhimpur na & 0.5920 Yes 1.59 Yes Yes Yes Yes Yes RR 2.650 approach
,,,Lakhimpur,"126 Lakhimpur na & 2.3900 Yes 2.43 Yes Yes Yes Yes Yes RR 4.050 approach Palasading, Sand"
,,flood,,"Road, damaged by flood of"
,,flood,,flood damages by providing
,,,Lakhimpur,127 Lakhimpur na & 1.2905 Yes 2.40 Yes Yes Yes Yes Yes RR surface
,,flood,,flood damages by providing
,,,Lakhimpur,128 Lakhimpur na & 0.5992 Yes 0.92 Yes Yes Yes Yes Yes RR 1.530 surface
,,flood,,flood damages by providing
,,,Lakhimpur,129 Lakhimpur na & 0.5992 Yes 0.60 Yes Yes Yes Yes Yes RR 1.000 surface
,,flood,,"PWRD, flood damages by providing"
,,,Lakhimpur,130 Lakhimpur na & Khajua Nepali Gaon Road 0.5943 Yes 0.60 Yes Yes Yes Yes Yes RR 1.000 surface GSB
,,flood,,flood damages by providing
,,,Lakhimpur,131 Lakhimpur na & 1.7629 Yes 1.80 Yes Yes Yes Yes Yes RR 3.000 surface
,,flood,,flood damages by providing
,,,Lakhimpur,132 Lakhimpur na & 1.2905 Yes 1.80 Yes Yes Yes Yes Yes RR 3.000 surface
,,flood,,flood damages by providing
,,,Lakhimpur,133 Lakhimpur na & 1.2905 Yes 1.80 Yes Yes Yes Yes Yes RR 3.000 surface
,,flood,,flood damages by providing
,,,Lakhimpur,134 Lakhimpur na & 1.3915 Yes 1.80 Yes Yes Yes Yes Yes RR 3.000 surface
,,flood,,flood damages by providing
,,,Lakhimpur,135 Lakhimpur na & cement bags on Sonari 1.1960 Yes 1.20 Yes Yes Yes Yes Yes RR 2.000 surface
,,flood,,flood damages by providing
,,,Lakhimpur,136 Lakhimpur na & cement bags on Borkhamukh 1.3915 Yes 1.80 Yes Yes Yes Yes Yes RR 3.000 surface
,,flood,,flood damages by providing Bamboo
,,,Lakhimpur,137 Lakhimpur na & 1.5565 Yes 1.80 Yes Yes Yes Yes Yes RR 3.000 surface
,,flood,,flood damages by providing
,,,Lakhimpur,138 Lakhimpur na & 1.2905 Yes 1.80 Yes Yes Yes Yes Yes RR 3.000 surface
,,,Lakhimpur,139 Lakhimpur na & 2.3749 Yes 2.40 Yes Yes Yes Yes Yes RR 4.000 surface
,,flood,,flood damages by providing
,,,Lakhimpur,140 Lakhimpur na & cement bags on Gobindra 1.7629 Yes 1.80 Yes Yes Yes Yes Yes RR 3.000 surface
,,flood,,flood damages by providing
,,,Lakhimpur,141 Lakhimpur na & 1.2905 Yes 1.80 Yes Yes Yes Yes Yes RR 3.000 surface
,,flood,,flood damages by providing
,,,Lakhimpur,142 Lakhimpur na & cement bags at 1st km on 0.7431 Yes 1.20 Yes Yes Yes Yes Yes RR bamboo
,,flood,,flood damages by providing
,,,Lakhimpur,143 Lakhimpur na & 1.2905 Yes 1.80 Yes Yes Yes Yes Yes RR 3.000
,,flood,,flood damages by providing
,,,Lakhimpur,144 Lakhimpur na & 1.8684 Yes 3.00 Yes Yes Yes Yes Yes RR 5.000
,,flood,,flood damages by providing
,,,Lakhimpur,145 Lakhimpur na & 1.2905 Yes 1.80 Yes Yes Yes Yes Yes RR 3.000
,,flood,,flood damages by providing Bamboo
,,,Lakhimpur,146 Lakhimpur na & 1.2905 Yes 1.80 Yes Yes Yes Yes Yes RR 3.000
,,,Darrang,"147 Darrang Mangaldai, Dalgaon & 4.4400 Yes 4.80 Yes Yes Yes Yes Yes RR 8.000 damage, E/w in core, GSB"
,,,Darrang,of Darrang District (Sipajhar
,,,Darrang,"148 Darrang PWRD, Mangaldai, Dalgaon 9.1900 Yes 11.40 Yes Yes Yes Yes Yes RR 19.000 damage, Cold weather"
,,,Darrang,of Darrang District (Sipajhar
,,,Darrang,"149 Darrang 4.8450 Yes 5.10 Yes Yes Yes Yes Yes RR 8.500 damage,"
,,,Darrang,the year 2024-25 of Darrang
,,,Darrang,"150 Darrang SDRF in PWRD, Mangaldai, 4.8400 Yes 5.40 Yes Yes Yes Yes Yes RR 9.000 damage,"
,,,Darrang,the year 2024-25 of Darrang
,,,Darrang,"151 Darrang 3.8400 Yes 4.20 Yes Yes Yes Yes Yes RR 7.000 damage, E/w in core, GSB"
,,,Darrang,of Darrang District (Sipajhar
,,,Darrang,"152 Darrang 4.7500 Yes 4.80 Yes Yes Yes Yes Yes RR 8.000 damage, E/w in core, GSB"
,,,Darrang,of Darrang District (Sipajhar
,,,Darrang,"153 Darrang 4.9200 Yes 5.40 Yes Yes Yes Yes Yes RR 9.000 damage, E/w in core, GSB"
,,,Darrang,of Darrang District (Silpajhar
,,,Nagaon,"Mangaldai, of MPK Road to Nagaon"
,,,Darrang,"154 Darrang 4.8530 Yes 5.40 Yes Yes Yes Yes Yes RR 9.000 damage, E/w in core, GSB"
,,,Darrang,of Darrang District (Sipajhar
,,,Darrang,"155 Darrang SDRF in PWRD, Mangaldai, 6.5300 Yes 6.60 Yes Yes Yes Yes Yes RR 11.000 damage, Palisading, E/w"
,,,Darrang,the year 2024-25 of Darrang
,,,Darrang,156 Darrang 1.2500 Yes 1.80 Yes Yes Yes Yes Yes RR 3.000 surface
,,,Darrang,the year 2024-25 of Darrang
,,,Darrang,"157 Darrang PWRD, Mangaldai, Dalgaon 4.9050 Yes 5.40 Yes Yes Yes Yes Yes RR 9.000 damage, E/w in core, GSB"
,,,Darrang,of Darrang District (Sipajhar
,,,Darrang,"158 Darrang Mangaldai, Dalgaon & 2.8400 Yes 3.00 Yes Yes Yes Yes Yes RR 5.000 damage, E/w in core, GSB"
,,,Darrang,of Darrang District (Sipajhar
,,,Darrang,"159 Darrang 7.4430 Yes 7.80 Yes Yes Yes Yes Yes RR 13.000 damage, Palisading, E/w"
,,,Darrang,of Darrang District (Sipajhar
,,,Darrang,"160 Darrang 4.8180 Yes 4.80 Yes Yes Yes Yes Yes RR 8.000 surface E/w in core, GSB"
,,,Darrang,the year 2024-25 of Darrang
,,,Darrang,"161 Darrang 9.8900 Yes 10.20 Yes Yes Yes Yes Yes RR 17.000 surface E/w in core, GSB"
,,,Darrang,of Darrang District (Sipajhar
,,,Darrang,"162 Darrang 6.8550 Yes 9.00 Yes Yes Yes Yes Yes RR 15.000 surface E/w in core, GSB"
,,,Darrang,of Darrang District (Sipajhar
,,,Darrang,"163 Darrang Damaged) under SDRF in 4.7957 Yes 4.80 Yes Yes Yes Yes Yes RR 8.000 damage, Bamboo foot"
,,flood,,of flood damaged to
,,,Darrang,"164 Darrang Mangaldai, Dalgaon & 10.0000 Yes 11.40 Yes Yes Yes Yes Yes RR 19.000 surface GSB, WBM-3,"
,,,Darrang,of Darrang District (Sipajhar
,,flood,,of flood damaged to E/w in
,,,Darrang,165 Darrang under SDRF Km for 2024-25 5.4800 Yes 5.70 Yes Yes Yes Yes Yes RR 9.500 surface Bamboo bridge
,,,Darrang,of Darrang District (Sipajhar damage and Earthen
,,,Darrang,"166 Darrang 0.9000 Yes 0.90 Yes Yes Yes Yes Yes RR 1.500 Palisading, E/w"
,,,Darrang,"167 Darrang year 2024-25 under 0.6000 Yes 0.60 Yes Yes Yes Yes Yes RR 1.000 Palisading, E/w"
,,,Darrang,"168 Darrang 2.7600 Yes 2.76 Yes Yes Yes Yes Yes RR 4.600 Palisading, E/w"
,,,Darrang,"169 Darrang 1.0800 Yes 1.08 Yes Yes Yes Yes Yes RR 1.800 Palisading, E/w"
,,,Darrang,"170 Darrang 1.6200 Yes 1.62 Yes Yes Yes Yes Yes RR 2.700 Palisading, E/w"
,,,Darrang,"171 Darrang 1.6800 Yes 1.68 Yes Yes Yes Yes Yes RR 2.800 Palisading, E/w"
,,,Darrang,"172 Darrang SDRF for the year 2024-25 0.7200 Yes 0.72 Yes Yes Yes Yes Yes RR 1.200 Palisading, E/w"
,,,Darrang,"173 Darrang for the year 2024-25 under 3.5400 Yes 3.56 Yes Yes Yes Yes Yes RR 5.940 Palisading, E/w"
,,,Hojai,"Hojai Dist. Majarati Road (From Ch. GSB, construction"
,,,Hojai,174 Hojai 2.0900 Yes 2.10 Yes Yes Yes Yes Yes RR 3.500 surface
,,,Hojai,"Hojai Dist. GSB, construction"
,,,Hojai,175 Hojai (From Ch. 0.00m to Ch. 0.9380 Yes 1.20 Yes Yes Yes Yes Yes RR 2.000 surface
,,,Hojai,"Hojai Dist. Jugijaan at 1st & 2nd Km GSB, construction"
,,,Hojai,176 Hojai 0.7800 Yes 0.78 Yes Yes Yes Yes Yes RR 1.300 surface
,,,Hojai,"Hojai Dist. GSB, construction"
,,,Hojai,177 Hojai Patidayagaon (From Ch. 1.4400 Yes 1.44 Yes Yes Yes Yes Yes RR 2.400 surface
,,,Hojai,"Hojai Dist. at Sarlok via Bajarapur GSB, construction"
,,,Hojai,178 Hojai 3.5700 Yes 3.57 Yes Yes Yes Yes Yes RR 5.950 surface
,,,Hojai,"Hojai Dist. GSB, construction"
,,,Hojai,179 Hojai Tiniali) (From Ch. 0.00m to 3.0900 Yes 3.09 Yes Yes Yes Yes Yes RR 5.150 surface
,,flood,Morigaon,Morigaon flood damaged to Road
,,,Morigaon,180 Morigaon District Bhakatgaon Chariali to 3.2800 Yes 3.30 Yes Yes Yes Yes Yes RR 5.500 embankme
,,,Morigaon,"Morigaon Road Embankment,"
,,,Morigaon,181 Morigaon District 13.5900 Yes 13.59 Yes Yes Yes Yes Yes RR 22.650 formation Bamboo palasiding
,,,Morigaon,Morigaon Road
,,,Morigaon,182 Morigaon District 1.1900 Yes 1.32 Yes Yes Yes Yes Yes RR 2.200 formation
,,,Morigaon,Morigaon Road
,,,Morigaon,183 Morigaon District 1.8000 Yes 1.80 Yes Yes Yes Yes Yes RR 3.000 formation
,,flood,Morigaon,"Morigaon flood damaged to Road Embankment,"
,,,Morigaon,184 Morigaon District Narasingha Mandir to 2.0700 Yes 3.00 Yes Yes Yes Yes Yes RR 5.000 formation Bamboo palasiding
,,,Morigaon,Morigaon Road
,,,Morigaon,185 Morigaon District 1.1800 Yes 1.20 Yes Yes Yes Yes Yes RR 2.000 formation
,,,Morigaon,Morigaon Road
,,,Morigaon,186 Morigaon District 1.2100 Yes 1.44 Yes Yes Yes Yes Yes RR 2.400 formation
,,flood,,flood damaged on NKS Road
,,,Nagaon,"187 Nagaon Samaguri 3.2300 Yes 10.20 Yes Yes Yes Yes Yes RR 17.000 and road bag filling, Maint."
,,flood,,flood damaged on Missa to
,,,Nagaon,"188 Nagaon Samaguri 1.6500 Yes 7.20 Yes Yes Yes Yes Yes RR 12.000 and road bag filling, Maint."
,,flood,,flood damaged on
,,,Nagaon,189 Nagaon Samaguri under SDRF for the year 1.4400 Yes 2.70 Yes Yes Yes Yes Yes RR 4.500 and road GSB
,,flood,,flood damaged on Borbhagia
,,,Nagaon,190 Nagaon Samaguri 1.6600 Yes 1.95 Yes Yes Yes Yes Yes RR 3.250 and road
,,flood,,flood damaged on Missa
,,,Nagaon,191 Nagaon Samaguri under SDRF for the year 1.8000 Yes 1.80 Yes Yes Yes Yes Yes RR 3.000 and road Subgrade and
,,flood,,"flood damaged on Road at GSB, E/w in"
,,,Nagaon,192 Nagaon Samaguri 0.7300 Yes 0.78 Yes Yes Yes Yes Yes RR 1.300 and road
,,flood,,flood damaged on Kuwaritol
,,,Nagaon,193 Nagaon Samaguri 0.3700 Yes 0.39 Yes Yes Yes Yes Yes RR 0.650 and road
,,flood,,flood damaged on Chatial
,,,Nagaon,194 Nagaon Samaguri 0.2500 Yes 0.27 Yes Yes Yes Yes Yes RR 0.450 and road
,,flood,,flood damaged on
,,,Nagaon,195 Nagaon Samaguri Road under SDRF for the 0.2700 Yes 0.28 Yes Yes Yes Yes Yes RR 0.460 and road
,,flood,,flood damaged on
,,,Nagaon,196 Nagaon Samaguri Approach Road under SDRF 0.2600 Yes 0.27 Yes Yes Yes Yes Yes RR 0.450 and road
,,flood,,flood damaged on Dhekial to
,,,Nagaon,197 Nagaon Samaguri 1.3300 Yes 1.38 Yes Yes Yes Yes Yes RR 2.300 and road
,,flood,,flood damaged on
,,,Nagaon,198 Nagaon Samaguri 0.2500 Yes 0.25 Yes Yes Yes Yes Yes RR 0.420 and road
,,flood,Nagaon,199 Nagaon Samaguri Heavy flood for the year 6.7100 Yes N/A Yes Yes Yes Yes Yes RR N/A disposing Water
,,flood,,flood damage on Bhowraguri
,,,Kokrajhar,Kokrajhar to Chithila Road under SDRF Road Bamboo Palasiding
,,,Kokrajhar,200 Kokrajhar rural road (FDR) for the year 2024-25. 3.6000 Yes 3.84 Yes Yes Yes Yes Yes RR 6.400 surface and sand filled
,,flood,,flood damage road on
,,,Kokrajhar,Kokrajhar Kartimari to Polashkandi Road Bamboo Palasiding
,,,Kokrajhar,201 Kokrajhar rural road road under SDRF (FDR) for 1.3200 Yes 1.38 Yes Yes Yes Yes Yes RR 2.300 surface and sand filled
,,flood,,flood damage road on Joypur
,,,Kokrajhar,Kokrajhar to Madya Kumguri road Road Bamboo Palasiding
,,,Kokrajhar,202 Kokrajhar rural road under SDRF (FDR) for the 0.8400 Yes 0.90 Yes Yes Yes Yes Yes RR 1.500 surface and sand filled
,,flood,,"flood damage From E/w, Bamboo"
,,,Dhubri,203 Dhubri Fakiragram to Sapatgram 5.9500 Yes 6.00 Yes Yes Yes Yes Yes RR 10.000 Palasiding and
,,flood,,Civil Sub flood damage Suapata Pt-III
,,,Dhubri,204 Dhubri 9.3000 Yes 9.30 Yes Yes Yes Yes Yes RR 15.500 surface Palasiding and
,,flood,,Bilasipara flood damaged road from
,,,Dhubri,205 Dhubri 6.0000 Yes 6.00 Yes Yes Yes Yes Yes RR 10.000 surface Palasiding and
,,,Dhubri,Dhubri
,,,Dhubri,206 Dhubri Bridge no 5/1 on PK Road 5.7000 Yes 5.70 Yes Yes Yes Yes Yes RR 9.500 surface Palasiding and
,,,Dhubri,Dhubri Bannyaguri to Rupshi
,,,Dhubri,207 Dhubri 2.7940 Yes 2.85 Yes Yes Yes Yes Yes RR Approach surface Palasiding and
,,,Dhubri,Dhubri Kazigaon Bashbari road
,,,Dhubri,208 Dhubri 2.1972 Yes 2.20 Yes Yes Yes Yes Yes RR Approach surface Palasiding and
,,,Dhubri,Dhubri Bashbari Mowamari PMGSY
,,,Dhubri,209 Dhubri 2.2031 Yes 3.14 Yes Yes Yes Yes Yes RR Approach surface Palasiding and
,,,Sonitpur,210 Sonitpur 1.0000 Yes 1.20 Yes Yes Yes Yes Yes RR 2.000 surface and sand filled
,,,Sonitpur,211 Sonitpur 2.4000 Yes 2.40 Yes Yes Yes Yes Yes RR 4.000 surface and sand filled
,,,Sonitpur,212 Sonitpur 0.1500 Yes 0.15 Yes Yes Yes Yes Yes RR 0.250 surface and sand filled
,,,Sonitpur,213 Sonitpur Rudrapad to Ouguri Road 0.5000 Yes 0.52 Yes Yes Yes Yes Yes RR 0.870 surface and sand filled
,,,Sonitpur,214 Sonitpur No 1/1 of Bindukuri TE to 2.4000 Yes 2.40 Yes Yes Yes Yes Yes RR surface and sand filled
,,,Sonitpur,215 Sonitpur No 3/1 of Pakbil to Angsumai 3.8400 Yes 3.90 Yes Yes Yes Yes Yes RR 6.500 surface and sand filled
,,,Sonitpur,216 Sonitpur Forestgate Yogibil Road 4.8000 Yes 4.80 Yes Yes Yes Yes Yes RR 8.000 surface Palasiding and
,,,Sonitpur,217 Sonitpur 2.4000 Yes 2.40 Yes Yes Yes Yes Yes RR 4.000 surface Palasiding and
,,flood,,Flood damages on
,,,Golaghat,218 Golaghat & Dergaon SDRF for the year 2024-25 2.1345 Yes 3.68 Yes Yes Yes Yes Yes RR 6.130 surface and sand filled
,,flood,,Flood Damaged at Saralpar
,,,Golaghat,219 Golaghat & Dergaon under SDRF for the year 1.9500 Yes 2.22 Yes Yes Yes Yes Yes RR 3.700 surface and sand filled
,,flood,,Flood Damaged at Bahguri
,,,Golaghat,220 Golaghat & Dergaon the year 2024-25 under 3.6600 Yes 4.29 Yes Yes Yes Yes Yes RR 7.150 surface
,,flood,,Flood Damaged at Nolghat
,,,Golaghat,221 Golaghat & Dergaon for the year 2024-25 under 0.5000 Yes 0.54 Yes Yes Yes Yes Yes RR 0.900 surface and sand filled
,,flood,,Flood Damaged at
,,,Golaghat,222 Golaghat & Dergaon 1.8900 Yes 8.94 Yes Yes Yes Yes Yes RR 14.900 surface and sand filled
,,flood,,Flood Damaged at
,,,Golaghat,223 Golaghat & Dergaon 1.0900 Yes 1.32 Yes Yes Yes Yes Yes RR 2.200 surface and sand filled
,,flood,,Flood Damaged at
,,,Golaghat,224 Golaghat & Dergaon year 2024-25 under 1.1000 Yes 1.63 Yes Yes Yes Yes Yes RR 2.710 surface and sand filled
,,flood,,Flood Damaged at T06 to
,,,Golaghat,225 Golaghat & Dergaon SDRF for the year 2024-25 1.6500 Yes 1.68 Yes Yes Yes Yes Yes RR 2.800 surface and sand filled
,,flood,,Flood Damaged at Tinisuti
,,,Golaghat,226 Golaghat & Dergaon 0.8490 Yes 1.04 Yes Yes Yes Yes Yes RR 1.730 surface sand filled bags
,,flood,,Flood Damaged at T06 to
,,,Golaghat,227 Golaghat & Dergaon year 2024-25 under 1.3000 Yes 1.32 Yes Yes Yes Yes Yes RR 2.200 surface and sand filled
,,flood,,Flood Damaged on Mohura
,,,Golaghat,228 Golaghat & Dergaon 2.3510 Yes 2.40 Yes Yes Yes Yes Yes RR 4.000 surface sand filled bags
,,flood,,Flood Damaged on Na-Ali
,,,Golaghat,229 Golaghat & Dergaon under SDRF for the year 1.5070 Yes 1.50 Yes Yes Yes Yes Yes RR 2.500 surface and sand filled
,,flood,,Flood Damaged on 2 No.
,,,Golaghat,230 Golaghat & Dergaon for the year 2024-25 under 0.8950 Yes 0.90 Yes Yes Yes Yes Yes RR 1.500 surface
,,flood,,Flood Damaged on NH-37 to
,,,Golaghat,231 Golaghat & Dergaon 1.7370 Yes 2.16 Yes Yes Yes Yes Yes RR 3.600 surface and sand filled
,,flood,,Flood Damaged at
,,,Golaghat,232 Golaghat & Dergaon SDRF for the year 2024-25 0.3500 Yes 0.36 Yes Yes Yes Yes Yes RR 0.600 surface and sand filled
,,flood,,Flood Damaged at Pathori to
,,,Golaghat,233 Golaghat & Dergaon 0.5200 Yes 1.62 Yes Yes Yes Yes Yes RR 2.700 surface and sand filled
,,flood,,Flood Damaged on Nikori to
,,,Golaghat,234 Golaghat & Dergaon under SDRF for the year 1.1890 Yes 1.04 Yes Yes Yes Yes Yes RR 1.730 surface Sand filled bags
,,flood,,Flood Damaged at T06 to
,,,Golaghat,235 Golaghat & Dergaon SDRF for the year 2024-25 1.5000 Yes 1.50 Yes Yes Yes Yes Yes RR 2.500 surface and sand filled
,,flood,,Flood Damaged at Natun
,,,Golaghat,236 Golaghat & Dergaon 1.5000 Yes 1.50 Yes Yes Yes Yes Yes RR 2.500 surface and sand filled
,,flood,,Flood Damages on Riri
,,,Golaghat,237 Golaghat & Dergaon for the year 2024-25 under 1.7200 Yes 1.89 Yes Yes Yes Yes Yes RR 3.150 surface and sand filled
,,flood,,Flood Damaged at Nolghat
,,,Golaghat,238 Golaghat & Dergaon under SDRF for the year 1.7600 Yes 1.80 Yes Yes Yes Yes Yes RR 3.000 surface and sand filled
,,flood,,Flood Damaged at Nikori
,,,Golaghat,239 Golaghat & Dergaon for the year 2024-25 under 0.8670 Yes 0.90 Yes Yes Yes Yes Yes RR 1.500 surface and sand filled
,,flood,,Flood Damaged on Road
,,,Golaghat,240 Golaghat & Dergaon under SDRF for the year 0.9060 Yes 0.90 Yes Yes Yes Yes Yes RR 1.500 surface and sand filled
,,landslide,,"Temporary restoration of landslide clearing,"
,,landslide,,"landslide clearing,"
,,landslide,,"landslide clearing,"
,,landslide,,"Mahur Ainacherra Road landslide clearing,"
,,landslide,,"landslide clearing,"
,,landslide,,"landslide clearing,"
,,landslide,,"landslide clearing,"
,,,Hojai,Moti Hojai village approach
,,landslide,,"Temporary restoration of N. landslide clearing,"
,,landslide,,"Temporary restoration of landslide clearing,"
,,landslide,,"landslide clearing,"
,,landslide,,"landslide clearing,"
,,landslide,,"landslide clearing,"
,,landslide,,"landslide clearing,"
,,landslide,,"landslide clearing,"
,,landslide,,"Temporary restoration of landslide clearing,"
,,landslide,,"landslide clearing,"
,,landslide,,"landslide clearing,"
,,landslide,,(R&B) Daulagupu Road (Landslide
,,landslide,,Dima Landslide clearing landslide
,,erosion,,Hasao and erosion & construction of
,,erosion,,"Division shouder erosion, etc. from"
,,landslide,,"Dima Landslide Cutting of trees,"
,,landslide,,261 Haflong Sontila road) (Landslide 4.8000 Yes 6.00 Yes Yes Yes Yes Yes RR 8.000
,,"landslide, erosion",,Hasao and erosion clearing landslide
,,landslide,,"(R&B) Clearing landslide ,"
,,landslide,,Dima Gunjung Maibang Road from Landslide
,,erosion,,Hasao 1st km to 16th km under and erosion
,,landslide,,"Dima Landslide Cutting of trees,"
,,landslide,,263 Haflong Road (Landslide clearence 3.7500 Yes 3.75 Yes Yes Yes Yes Yes RR 5.000
,,"landslide, erosion",,Hasao and erosion clearing landslide
,,landslide,,"Dima Landslide Cutting of trees,"
,,landslide,,264 Haflong road (Landslide Clearence 3.0000 Yes 3.00 Yes Yes Yes Yes Yes RR 4.000
,,"landslide, erosion",,Hasao and erosion clearing landslide
,,landslide,,"(R&B) Old Kubin to Mongon Clearing landslide ,"
,,landslide,,Dima Landslide
,,erosion,,Hasao and erosion
,,landslide,,"(R&B) Temporary Restoration of Clearing landslide ,"
,,landslide,,Dima Landslide
,,erosion,,Hasao and erosion
,,landslide,,"Dima Nchaikam road (Landslide Landslide Cutting of trees,"
,,"landslide, erosion",,Hasao Clearence from1st km to 6th and erosion clearing landslide
,,landslide,,"Clearing landslide,"
,,landslide,,Dima Landslide
,,erosion,,Hasao and erosion
,,landslide,,Dima Landslide
,,landslide,,269 Haflong Kalibari Moulhoi Road under 0.7500 Yes 0.75 Yes Yes Yes Yes Yes RR 1.000 Clearing landslide
,,erosion,,Hasao and erosion
,,landslide,,Dima Natun Gunjung Bageter road Landslide
,,landslide,,270 Haflong 1.0400 Yes 1.04 Yes Yes Yes Yes Yes RR 1.380 Clearing landslide
,,erosion,,Hasao under SDRF for the year and erosion
,,landslide,,"Dima Landslide Cutting of trees,"
,,landslide,,271 Haflong (Landslide clearance from 2.2500 Yes 3.00 Yes Yes Yes Yes Yes RR 4.000
,,"landslide, erosion",,Hasao and erosion clearing landslide
,,landslide,,"Dima Landslide Cutting of trees,"
,,landslide,,"272 Haflong (Landslide clearance, at 1st 0.7500 Yes 0.75 Yes Yes Yes Yes Yes RR 1.000"
,,"landslide, erosion",,Hasao and erosion clearing landslide
,,landslide,,"Dima Landslide Cutting of trees,"
,,landslide,,"273 Haflong (Landslide clearance, at 1st 0.7500 Yes 0.75 Yes Yes Yes Yes Yes RR 1.000"
,,"landslide, erosion",,Hasao and erosion clearing landslide
,,landslide,,"Dima Landslide Cutting of trees,"
,,landslide,,"274 Haflong Road(Landslide clearance, at 0.6400 Yes 0.64 Yes Yes Yes Yes Yes RR 0.850"
,,"landslide, erosion",,Hasao and erosion clearing landslide
,,landslide,,Dima Landslide clearing landslide
,,landslide,,"275 Haflong road(Landslide clearance, at 6.0000 Yes 6.00 Yes Yes Yes Yes Yes RR 8.000"
,,erosion,,Hasao and erosion and clearing road
,,landslide,,Dima Landslide clearing landslide
,,erosion,,Hasao and erosion and clearing road
,,landslide,,"Dima Landslide Cutting of trees,"
,,landslide,,277 Haflong (Landslide clearance at 1st 0.7500 Yes 0.75 Yes Yes Yes Yes Yes RR 1.000
,,"landslide, erosion",,Hasao and erosion clearing landslide
,,landslide,,"Dima Landslide Cutting of trees,"
,,"landslide, erosion",,Hasao and erosion clearing landslide
,,landslide,,"Dima Boro Disao(Landslide Landslide Cutting of trees,"
,,"landslide, erosion",,Hasao clearance from 1st km to 6th and erosion clearing landslide
,,landslide,,Dima Landslide clearing landslide
,,erosion,,Hasao and erosion and clearing road
,,landslide,,"Dima Landslide Cutting of trees,"
,,landslide,,281 Haflong approach Road (Landslide 0.7500 Yes 0.81 Yes Yes Yes Yes Yes RR 1.085
,,"landslide, erosion",,Hasao and erosion clearing landslide
,,landslide,,"Dima Landslide Cutting of trees,"
,,landslide,,282 Haflong Road (Landslide clearance at 1.5000 Yes 1.50 Yes Yes Yes Yes Yes RR 2.000
,,"landslide, erosion",,Hasao and erosion clearing landslide
,,landslide,,"Dima (Landslide clearance, making Landslide Cutting of trees,"
,,"landslide, erosion",,"Hasao up the shouder erosion, etc. and erosion clearing landslide"
,,landslide,,"Dima Landslide Cutting of trees,"
,,"landslide, erosion",,Hasao and erosion clearing landslide
,,landslide,,Division (Landslide clearance) under
,,landslide,,"DPLH Road (Landslide Cutting of trees,"
,,landslide,,"Dima clearance, making up the Landslide clearing landslide"
,,erosion,,"Hasao shouder erosion, etc. from and erosion & construction of"
,,landslide,,"Dima Landslide Cutting of trees,"
,,landslide,,286 Haflong Road (Landslide clearance at 0.7500 Yes 0.75 Yes Yes Yes Yes Yes RR 1.000
,,"landslide, erosion",,Hasao and erosion clearing landslide
,,landslide,,"(R&B) Gunjung- Maibang Road Road Landslide clearing,"
,,landslide,,"(R&B) Road Landslide clearing,"
,,landslide,,"(R&B) Temporary Restoration of Road Landslide clearing,"
,,landslide,,Dima Landslide clearing landslide
,,landslide,,290 Haflong Landslide & Drain Clearance 31.2500 Yes 31.50 Yes Yes Yes Yes Yes RR 42.000
,,erosion,,Hasao and erosion & construction of
,,landslide,,Dima Landslide
,,erosion,,Hasao and erosion
,,landslide,,Division SDRF for the year 2024-25. landslide
,,landslide,,"(R&B) Thaijuwari Bridge No. 28/1 Road Landslide clearing,"
,,landslide,,"(R&B) Road Landslide clearing,"
,,landslide,,"(R&B) Gadain Disao village Road Landslide clearing,"
,,landslide,,"(R&B) Old Kubin to Mongon Road Landslide clearing,"
,,landslide,,(R&B) clearing landslide
,,landslide,,Dima and Junu Nalla (2nd time) Landslide
,,"landslide, erosion",,"Hasao (Landslide clearance, making and erosion"
,,erosion,,"up the shoulder erosion,"
,,landslide,,Dima Landslide
,,landslide,,298 Haflong Approach Road (Landslide 0.7500 Yes 0.75 Yes Yes Yes Yes Yes RR 1.000 Clearing landslide
,,erosion,,Hasao and erosion
,,landslide,,"(R&B) time (Landslide clearing, clearing landslide"
,,landslide,,Dima Landslide
,,erosion,,Hasao and erosion
,,erosion,,"Division erosion etc. from 4th km to embankment, E/w,"
,,landslide,,Dima Haflong Lower Haflong Road Landslide
,,erosion,,Hasao under SDRF for the year and erosion
,,landslide,,Division landslide
,,landslide,,Dima College Approach Road Landslide
,,landslide,,302 Haflong 0.7500 Yes 0.75 Yes Yes Yes Yes Yes RR 1.000 Clearing landslide
,,erosion,,Hasao under SDRF for the year and erosion
,,landslide,,"Clearing landslide,"
,,landslide,,Dima Landslide Construction of
,,landslide,,303 Haflong Retaining Wall & Landslide 9.4200 Yes 9.42 Yes Yes Yes Yes Yes RR 12.560
,,erosion,,Hasao and erosion RCC Retaining
,,landslide,,"(R&B) Road Landslide clearing,"
,,landslide,,"(R&B) Lower Dibarai to Lower Road Landslide clearing,"
,,landslide,,"(R&B) Road Landslide clearing,"
,,landslide,,"(R&B) Gunjung- Maibang Road Road Landslide clearing,"
,,landslide,,"(R&B) Road Landslide clearing,"
,,landslide,,"(R&B) breach of bridge approach of Road Landslide clearing,"
,,landslide,,Dima PGHJ Bypass Road km Landslide
,,erosion,,Hasao under SDRF for the year and erosion
,,landslide,,Division landslide
,,landslide,,"(R&B) Thaijuwari Bridge No. 28/1 Road Landslide clearing,"
,,flood,,Flood) under State Disaster Road
,,flood,,(2nd Flood) under State Road
,,,Udalguri,"Udalguri Rupakhat Charanpara Road E/W, GSB,"
,,,Udalguri,342 Udalguri 5.0000 Yes 5.00 Yes Yes Yes Yes Yes RR 8.330 Surface
,,,Udalguri,(R&B) under SDRF in Udalguri Bamboo Palasiding
,,,Udalguri,"Udalguri E/W, GSB,"
,,,Udalguri,343 Udalguri Road under SDRF in 5.0000 Yes 5.00 Yes Yes Yes Yes Yes RR 8.330 Surface
,,,Udalguri,Udalguri District for the year damage
,,,Udalguri,"Udalguri E/W, GSB,"
,,,Udalguri,344 Udalguri Majarchuba Road under 5.0000 Yes 5.40 Yes Yes Yes Yes Yes RR 9.000 Surface
,,,Udalguri,SDRF in Udalguri District for damage
,,,"Bongaigaon, Hailakandi",List of 15 SDRF Proposals of Power Department (Bongaigaon & Hailakandi District)
,,,Bongaigaon,Bongaigaon range of 11KV line) . pole and
,,,Bongaigaon,Bongaigaon
,,storm,Bongaigaon,1 Bongaigaon Revenue transformer due to storm on
,,,Bongaigaon,2 Bongaigaon Revenue range of 11KV line) . pole and
,,storm,,Circle transformer due to storm on
,,storm,Bongaigaon,3 Bongaigaon Revenue transformer due to storm on
,,,Bongaigaon,4 Bongaigaon Revenue range of 11KV line) . pole and
,,storm,,Circle transformer due to storm on
,,storm,,Srijangram transformer due to storm on
,,,Udalguri,Udalguri El.
,,,Bongaigaon,"5 Bongaigaon Revenue Durnuria, Ambari, Uttar Khoragaon,"
,,storm,,transformer due to storm on
,,,Bongaigaon,6 Bongaigaon Revenue
,,storm,,"storm on Kherpuji, Kumrakata"
,,,Bongaigaon,"7 Bongaigaon Revenue Chalantapara Pt – IV, 9,08,600.00"
,,,Bongaigaon,"8 Bongaigaon Revenue 4,92,650.00"
,,storm,,"storm on Kochudola, Jogighopa,"
,,,Bongaigaon,"9 Bongaigaon Revenue 8,02,400.00"
,,storm,,"storm on Jharpara Pt – I, Ambari"
,,,Bongaigaon,"10 Bongaigaon Revenue 47,200.00"
,,storm,,"storm on Borkhata, Kayetpara"
,,,Bongaigaon,"11 Bongaigaon Revenue 2,12,400.00"
,,storm,,"ESD storm onBalapara, Kherpuji,"
,,,Bongaigaon,Bongaigaon (bellow the range of 11KV line) .
,,,Bongaigaon,"12 Bongaigaon Revenue 43,070.00"
,,storm,,storm on Balarchar Pt – I &
,,,Bongaigaon,Bongaigaon
,,,Bongaigaon,"13 Bongaigaon Revenue (bellow the range of 11KV line) . 1,18,000.00"
,,storm,,storm on Dholagaon 2024
,,,Bongaigaon,Bongaigaon
,,storm,Bongaigaon,"Bongaigaon storm on Tengaigaon,"
,,,Bongaigaon,"14 Bongaigaon Revenue 1,036,040.00"
,,storm,,"storm on Dolaigaon Pipeline,"
,,,Bongaigaon,"Bongaigaon Chaparakata Pt – III, Nayapara,"
,,,Bongaigaon,Bongaigaon
,,,Bongaigaon,"15 Bongaigaon Revenue Bhakarivitha, Borpara, Swahid 20,56,740.00"
,,,Hailakandi,List of 02 SDRF Proposals of Power Department (Hailakandi District)
,,,Hailakandi,Hailakandi LT line (below the
,,,Hailakandi,"Hailakandi Electrical 11,62,300.00"
,,"flood, storm",,to Storm/Flood (SDRF
,,,Hailakandi,2 Hailakandi Immediate Restoration
,,,Hailakandi,Hailakandi Katlicherra Electrical of electric poles and
,,storm,,damaged due to storm
