object_id,Repair and Restoration_tenders_awarded_value
104.0,25179541.4917214536.2215045540.9717919964.14
112.0,10799235.6619541294.9419970227.25
122.0,17998645.02
128.0,38924717.45
134.0,71995846.9
139.0,14080019.09677699.34
145.0,13499233.0
164.0,17931256.48
166.0,17998859.0611698648.2617098415.5510619139.99
219.0,17894577.388999452.778107424.35
226.0,19802540.5117913504.68925284.0
246.0,3387195.07148095.08390662.59
262.0,4856993.0
