object_id,Repair and Restoration_tenders_awarded_value
104.0,23694617.0
116.0,11966706.0710699345.48
130.0,21500000.0
139.0,167158080.0
156.0,6030497.25238821.026486881.5530047793.855442787.555323050.02935880.0420100559.2149624072.544087938.5918977633.747435650.16
178.0,92270644.0
187.0,10810615.2714499137.0
