object_id,Repair and Restoration_tenders_awarded_value
150.0,420931.065846.0298240.063162.0
219.0,10474524.0
246.0,3595254.07315966.0
262.0,5539952.0
