object_id,Repair and Restoration_tenders_awarded_value
101.0,13104450.0
104.0,15928633.016199831.06247932.75
122.0,21522002.0
145.0,17549832.0
206.0,4832661.6
219.0,4521921.67
268.0,12856680.017260920.02302300.08472227.08017376.0
269.0,11966650.0
