object_id,Repair and Restoration_tenders_awarded_value
104.0,5354718.0
122.0,36646120.076189293.244914144.2827052969.0
134.0,59525479.5357809915.5840076912.928366640.5939427073.471939332.78
156.0,24999985.0
163.0,63234893.74
189.0,33038351.47
219.0,97671617.4484196756.545239803.1676514318.7571728005.6
226.0,23009413.0258005947.8675687740.8628515351.3528740762.32
262.0,37844139.7732665091.5942178922.25
269.0,22858807.0958090225.751534488.26
276.0,25081312.530429311.7746213399.3852959160.09
