object_id,Repair and Restoration_tenders_awarded_value
122.0,79398008.04
128.0,120031712.19
134.0,78890324.0244423374.17
152.0,4396153.07940361.8
163.0,44244486.82
185.0,90940279.8594835437.71
189.0,48149789.6
214.0,0
219.0,36599666.1743772468.2379492564.0
269.0,66430391.8389532221.9563368862.83
