object_id,Repair and Restoration_tenders_awarded_value
104.0,4335808.854496976.623122741.08
111.0,3750594.954653091.134658739.864500141.834735746.374730995.164741446.97
139.0,0
152.0,2835078.034994620.22
166.0,13499820.0
175.0,19970965.0
184.0,7998029.0
185.0,17999965.0
187.0,0
189.0,3149683.019221176.0
256.0,7870615.07
257.0,0
269.0,3728700.0
279.0,4518122.03
