object_id,Repair and Restoration_tenders_awarded_value
122.0,150853372.0
145.0,13499973.0
190.0,107857466.0
246.0,152417097.0
261.0,36610086.043962788.0
269.0,144173142.0132516269.0
