object_id,Repair and Restoration_tenders_awarded_value
122.0,8419996.019122208.0
146.0,2428032.010535175.08030131.09439730.0
150.0,200848.852878136.051771723.54148383.481955374.89631749.211406849.74
195.0,11196636.459469709.78
219.0,13500000.068822030.0
246.0,5764200.01146319.515931656.5
262.0,2002267.21338536.56
