object_id,Repair and Restoration_tenders_awarded_value
112.0,25851952.4114699081.011354873.0
122.0,22079700.010902600.0
134.0,19032392.5421669579.09214200.0
152.0,7038707.53
166.0,7793606.04992178.0
170.0,9423600.0
185.0,21827278.06
195.0,95220407.8412306365.18
226.0,29596500.017188200.0
246.0,10971450.011368800.014988000.014423400.0
269.0,15433750.09
