object_id,Repair and Restoration_tenders_awarded_value
101.0,8544502.0
122.0,22498324.8
134.0,71995868.43
139.0,8999139.0
150.0,17958510.016963088.85
190.0,10344693.35
226.0,36528208.718172920.61
262.0,84991160.451015950.0
281.0,14848827.0
