object_id,Repair and Restoration_tenders_awarded_value
112.0,0
122.0,20699989.0
133.0,345329100.0
134.0,17994600.0
150.0,4997773.155068310.754540662.97
152.0,3813300.04899062.064796310.04934800.3
185.0,4662549.0
189.0,22925566.0
190.0,39982500.044999663.0
198.0,11925900.0
213.0,4984985.18
219.0,22876058.0
226.0,44501118.0
256.0,7599597.425219861.73
