object_id,Repair and Restoration_tenders_awarded_value
112.0,22498239.0
128.0,15417674.4515417407.0119100400.7
139.0,19763606.090732476.0
160.0,137751201.0
195.0,112517925.0132975487.0
206.0,3499500.0
219.0,16826150.0
226.0,105879361.013579188.0
261.0,82813771.0144372104.088568226.0
269.0,113707254.0
