object_id,Repair and Restoration_tenders_awarded_value
18-300-00104,5354718.0
18-303-00122,184802526.48000002
18-305-00134,297145354.78
18-309-00156,24999985.0
18-310-00163,63234893.74
18-312-00276,154683183.74
18-317-00189,33038351.47
18-322-00219,375350501.45
18-323-00226,213959215.41
18-324-00262,112688153.61
18-325-00239,132483521.05000001
