object_id,Repair and Restoration_tenders_awarded_value
112.0,8356198.07416103.597731389.38
134.0,50324973.72
135.0,6979500.0
138.0,39702160.9
139.0,21998118.57
145.0,13048940.015439398.07136509.010874850.0
150.0,121399657.09
161.0,65522816.72
185.0,183237751.1
190.0,10493090.7
219.0,14420222.818099478.09808684.21
226.0,11916752.4
281.0,28612136.8215598952.0
