object_id,Repair and Restoration_tenders_awarded_value
134.0,9090000.0
139.0,3154000.014849755.0
162.0,2502300.0
172.0,0
190.0,17999778.0
198.0,2520000.04533000.0
202.0,9986507.0
