object_id,Repair and Restoration_tenders_awarded_value
104.0,2999864.0
112.0,44523526.0111599969.0
120.0,3253299.06335900.0
122.0,136371681.030896929.04721051.0159504140.0
134.0,129693087.7654870881.49
150.0,3769570.55148124405.0143636913.0
190.0,158635215.0
195.0,152368227.0165674577.0
219.0,271424883.0105489000.0191052613.0
226.0,45988063.044693834.0
246.0,132901949.0131026765.098558236.0
261.0,57385221.0134366388.0137583198.0
262.0,48097550.0
269.0,82558245.0
