object_id,Repair and Restoration_tenders_awarded_value
104.0,12297021.14
111.0,4873815.592958778.91
122.0,20154153.1
134.0,413324.017999869.0
139.0,13499869.0
175.0,15560182.018190887.0
276.0,482450.37
