object_id,Repair and Restoration_tenders_awarded_value
146.0,1340867.1
164.0,14993649.0
185.0,2421550.04750000.08075000.04289973.02337500.08970000.082428200.02849923.05700000.04749997.02659999.04025700.03957334.243325000.04029314.06649999.04303500.0
