object_id,Repair and Restoration_tenders_awarded_value
104.0,9789540.05295343.0
251.0,7399770.02985941.0
