object_id,Repair and Restoration_tenders_awarded_value
104.0,25982273.2
139.0,11499435.0
156.0,5367402.14752697.7520207378.14874900.011951399.8849765409.155459794.265270795.12
166.0,19797007.518999492.7617998666.42
173.0,7249302.57249235.6
185.0,15971623.0
189.0,13517094.03
190.0,19797266.43
226.0,9604566.0
272.0,7895813.0
281.0,8000495.019798609.0
