object_id,Repair and Restoration_tenders_awarded_value
18-300-00104,39676805.81
18-303-00122,34932014.699999996
18-305-00134,17999816.99
18-306-00139,53078848.849999994
18-307-00145,2999368.0
18-308-00150,166008.62
18-310-00161,3086618.0
18-317-00189,69401279.97999999
18-317-00190,15272537.44
18-318-00195,17603118.01
18-321-00214,3155248.51
18-322-00219,16990742.95
18-323-00226,1684664.0
18-760-00281,5034835.159999999
