object_id,Repair and Restoration_tenders_awarded_value
120.0,3844987.0
122.0,3948156.0
134.0,8999869.070666868.055863967.69
139.0,129740309.073816991.0112499029.0
161.0,73629000.0
185.0,107443385.0124368105.0129544610.0142557511.0
190.0,151823986.0
219.0,124860550.0
252.0,772926.0
261.0,81297382.0
269.0,114570524.0110570838.0136511839.0155770605.0
