object_id,Repair and Restoration_tenders_awarded_value
104.0,14123453.03150993.06518953.04498699.71
161.0,339627.02684658.0
162.0,2633978.0
163.0,3021386.0
