object_id,Repair and Restoration_tenders_awarded_value
18-301-00112,63580973.84
18-302-00116,34170859.54
18-303-00122,260810605.64999998
18-305-00130,10961711.0
18-305-00134,52300745.98
18-306-00139,25961023.91
18-307-00145,3405385.99
18-312-00276,246923252.96
18-317-00189,542720311.2
18-318-00195,74710241.99
18-322-00219,22218776.55
18-323-00226,90358155.96000001
18-325-00238,26784679.17
